solid OpenSCAD_Model
  facet normal 0 -0.707107 0.707107
    outer loop
      vertex -120.85 1.60001 18.9586
      vertex -110.14 14.5414 31.9
      vertex -120.85 14.5414 31.9
    endloop
  endfacet
  facet normal 0 -0.707107 0.707107
    outer loop
      vertex -110.14 14.5414 31.9
      vertex -120.85 1.60001 18.9586
      vertex -110.14 1.60001 18.9586
    endloop
  endfacet
  facet normal -1 0 0
    outer loop
      vertex -120.85 1.60001 18.9586
      vertex -120.85 33.4 18.9586
      vertex -120.85 33.4 8.8
    endloop
  endfacet
  facet normal -1 0 0
    outer loop
      vertex -120.85 33.4 18.9586
      vertex -120.85 1.60001 18.9586
      vertex -120.85 20.4586 31.9
    endloop
  endfacet
  facet normal -1 0 0
    outer loop
      vertex -120.85 1.60001 18.9586
      vertex -120.85 33.4 8.8
      vertex -120.85 1.60001 8.8
    endloop
  endfacet
  facet normal -1 -0 0
    outer loop
      vertex -120.85 20.4586 31.9
      vertex -120.85 1.60001 18.9586
      vertex -120.85 14.5414 31.9
    endloop
  endfacet
  facet normal -0 0 1
    outer loop
      vertex -120.85 20.4586 31.9
      vertex -110.14 14.5414 31.9
      vertex -110.14 20.4586 31.9
    endloop
  endfacet
  facet normal 0 0 1
    outer loop
      vertex -110.14 14.5414 31.9
      vertex -120.85 20.4586 31.9
      vertex -120.85 14.5414 31.9
    endloop
  endfacet
  facet normal 0 0 -1
    outer loop
      vertex -112.05 40.7 0
      vertex -110.15 72.5 0
      vertex -110.15 40.7 0
    endloop
  endfacet
  facet normal -0 0 -1
    outer loop
      vertex -110.15 72.5 0
      vertex -112.05 40.7 0
      vertex -112.05 72.5 0
    endloop
  endfacet
  facet normal 0 0 -1
    outer loop
      vertex -112.05 1.60001 0
      vertex -110.15 33.4 0
      vertex -110.15 1.60001 0
    endloop
  endfacet
  facet normal -0 0 -1
    outer loop
      vertex -110.15 33.4 0
      vertex -112.05 1.60001 0
      vertex -112.05 33.4 0
    endloop
  endfacet
  facet normal 0 0 -1
    outer loop
      vertex -110.15 0 0
      vertex -106.15 0.4 0
      vertex -106.15 0 0
    endloop
  endfacet
  facet normal 0 0 -1
    outer loop
      vertex -106.15 0.4 0
      vertex -110.15 33.4 0
      vertex -106.15 74.6 0
    endloop
  endfacet
  facet normal -0 0 -1
    outer loop
      vertex -106.15 0.4 0
      vertex -110.15 0 0
      vertex -110.15 1.60001 0
    endloop
  endfacet
  facet normal 0 0 -1
    outer loop
      vertex -106.15 0.4 0
      vertex -110.15 1.60001 0
      vertex -110.15 33.4 0
    endloop
  endfacet
  facet normal 0 0 -1
    outer loop
      vertex -110.15 40.7 0
      vertex -106.15 74.6 0
      vertex -110.15 33.4 0
    endloop
  endfacet
  facet normal 0 0 -1
    outer loop
      vertex -110.15 72.5 0
      vertex -106.15 74.6 0
      vertex -110.15 40.7 0
    endloop
  endfacet
  facet normal 0 0 -1
    outer loop
      vertex -110.15 75 0
      vertex -106.15 74.6 0
      vertex -110.15 72.5 0
    endloop
  endfacet
  facet normal 0 0 -1
    outer loop
      vertex -106.15 74.6 0
      vertex -110.15 75 0
      vertex -106.15 75 0
    endloop
  endfacet
  facet normal 0 0 -1
    outer loop
      vertex 20 50.9 0
      vertex 6 50.9 0
      vertex 20 62 0
    endloop
  endfacet
  facet normal -0 0 -1
    outer loop
      vertex 112.05 72.5 0
      vertex 100.15 46 0
      vertex 110.15 72.5 0
    endloop
  endfacet
  facet normal 0 -0 -1
    outer loop
      vertex 96.15 40 0
      vertex 110.15 33.4 0
      vertex 90 12 0
    endloop
  endfacet
  facet normal 0 0 -1
    outer loop
      vertex 90 62 0
      vertex 96.15 40 0
      vertex 90 12 0
    endloop
  endfacet
  facet normal 0 0 -1
    outer loop
      vertex 110.15 33.4 0
      vertex 96.15 40 0
      vertex 100.15 40 0
    endloop
  endfacet
  facet normal 0 0 -1
    outer loop
      vertex 106.15 0.4 0
      vertex 20 12 0
      vertex 90 12 0
    endloop
  endfacet
  facet normal 0 0 -1
    outer loop
      vertex 20 12 0
      vertex 6 24.9 0
      vertex 20 24.9 0
    endloop
  endfacet
  facet normal 0 0 -1
    outer loop
      vertex -19 65 0
      vertex 6 24.9 0
      vertex -19 5 0
    endloop
  endfacet
  facet normal -0 0 -1
    outer loop
      vertex 20 12 0
      vertex -19 5 0
      vertex 6 24.9 0
    endloop
  endfacet
  facet normal 0 0 -1
    outer loop
      vertex 106.15 0.4 0
      vertex -19 5 0
      vertex 20 12 0
    endloop
  endfacet
  facet normal 0 0 -1
    outer loop
      vertex -106.15 0.4 0
      vertex -19 5 0
      vertex 106.15 0.4 0
    endloop
  endfacet
  facet normal 0 0 -1
    outer loop
      vertex -31 5 0
      vertex -45 17 0
      vertex -31 65 0
    endloop
  endfacet
  facet normal 0 0 -1
    outer loop
      vertex -106.15 0.4 0
      vertex -45 17 0
      vertex -31 5 0
    endloop
  endfacet
  facet normal 0 0 -1
    outer loop
      vertex -90 17 0
      vertex -96.15 40 0
      vertex -90 53 0
    endloop
  endfacet
  facet normal 0 0 -1
    outer loop
      vertex -90 17 0
      vertex -100.15 40 0
      vertex -96.15 40 0
    endloop
  endfacet
  facet normal 0 0 -1
    outer loop
      vertex -106.15 74.6 0
      vertex -100.15 40 0
      vertex -106.15 0.4 0
    endloop
  endfacet
  facet normal -0 0 -1
    outer loop
      vertex -90 17 0
      vertex -106.15 0.4 0
      vertex -100.15 40 0
    endloop
  endfacet
  facet normal -0 0 -1
    outer loop
      vertex -45 17 0
      vertex -106.15 0.4 0
      vertex -90 17 0
    endloop
  endfacet
  facet normal -0 0 -1
    outer loop
      vertex -19 5 0
      vertex -106.15 0.4 0
      vertex -31 5 0
    endloop
  endfacet
  facet normal 0 0 -1
    outer loop
      vertex 106.15 0.4 0
      vertex 110.15 1.60001 0
      vertex 110.15 0 0
    endloop
  endfacet
  facet normal 0 0 -1
    outer loop
      vertex 90 12 0
      vertex 110.15 1.60001 0
      vertex 106.15 0.4 0
    endloop
  endfacet
  facet normal 0 0 -1
    outer loop
      vertex 110.15 1.60001 0
      vertex 90 12 0
      vertex 110.15 33.4 0
    endloop
  endfacet
  facet normal 0 0 -1
    outer loop
      vertex 110.15 33.4 0
      vertex 100.15 40 0
      vertex 110.15 40.7 0
    endloop
  endfacet
  facet normal 0 0 -1
    outer loop
      vertex 106.15 0.4 0
      vertex 110.15 0 0
      vertex 106.15 0 0
    endloop
  endfacet
  facet normal 0 0 -1
    outer loop
      vertex 100.15 46 0
      vertex 110.15 40.7 0
      vertex 100.15 40 0
    endloop
  endfacet
  facet normal 0 0 -1
    outer loop
      vertex 110.15 72.5 0
      vertex 106.15 74.6 0
      vertex 110.15 75 0
    endloop
  endfacet
  facet normal -0 0 -1
    outer loop
      vertex 110.15 75 0
      vertex 106.15 74.6 0
      vertex 106.15 75 0
    endloop
  endfacet
  facet normal 0 0 -1
    outer loop
      vertex 110.15 1.60001 0
      vertex 112.05 33.4 0
      vertex 112.05 1.60001 0
    endloop
  endfacet
  facet normal -0 0 -1
    outer loop
      vertex 112.05 33.4 0
      vertex 110.15 1.60001 0
      vertex 110.15 33.4 0
    endloop
  endfacet
  facet normal 0 0 -1
    outer loop
      vertex 100.15 46 0
      vertex 112.05 40.7 0
      vertex 110.15 40.7 0
    endloop
  endfacet
  facet normal 0 0 -1
    outer loop
      vertex 112.05 40.7 0
      vertex 100.15 46 0
      vertex 112.05 72.5 0
    endloop
  endfacet
  facet normal 0 0 -1
    outer loop
      vertex 90 62 0
      vertex 110.15 72.5 0
      vertex 100.15 46 0
    endloop
  endfacet
  facet normal 0 0 -1
    outer loop
      vertex 90 62 0
      vertex 100.15 46 0
      vertex 96.15 46 0
    endloop
  endfacet
  facet normal 0 0 -1
    outer loop
      vertex 96.15 40 0
      vertex 90 62 0
      vertex 96.15 46 0
    endloop
  endfacet
  facet normal -0 0 -1
    outer loop
      vertex 110.15 72.5 0
      vertex 90 62 0
      vertex 106.15 74.6 0
    endloop
  endfacet
  facet normal 0 0 -1
    outer loop
      vertex 20 62 0
      vertex 106.15 74.6 0
      vertex 90 62 0
    endloop
  endfacet
  facet normal 0 0 -1
    outer loop
      vertex 6 24.9 0
      vertex -19 65 0
      vertex 6 50.9 0
    endloop
  endfacet
  facet normal 0 0 -1
    outer loop
      vertex -19 65 0
      vertex 20 62 0
      vertex 6 50.9 0
    endloop
  endfacet
  facet normal 0 0 -1
    outer loop
      vertex -19 65 0
      vertex 106.15 74.6 0
      vertex 20 62 0
    endloop
  endfacet
  facet normal 0 0 -1
    outer loop
      vertex -106.15 74.6 0
      vertex -19 65 0
      vertex -31 65 0
    endloop
  endfacet
  facet normal 0 0 -1
    outer loop
      vertex -45 53 0
      vertex -31 65 0
      vertex -45 17 0
    endloop
  endfacet
  facet normal 0 0 -1
    outer loop
      vertex -106.15 74.6 0
      vertex -45 53 0
      vertex -90 53 0
    endloop
  endfacet
  facet normal 0 0 -1
    outer loop
      vertex -96.15 46 0
      vertex -90 53 0
      vertex -96.15 40 0
    endloop
  endfacet
  facet normal 0 0 -1
    outer loop
      vertex -100.15 46 0
      vertex -90 53 0
      vertex -96.15 46 0
    endloop
  endfacet
  facet normal 0 0 -1
    outer loop
      vertex -19 65 0
      vertex -106.15 74.6 0
      vertex 106.15 74.6 0
    endloop
  endfacet
  facet normal 0 0 -1
    outer loop
      vertex -45 53 0
      vertex -106.15 74.6 0
      vertex -31 65 0
    endloop
  endfacet
  facet normal 0 0 -1
    outer loop
      vertex -100.15 46 0
      vertex -106.15 74.6 0
      vertex -90 53 0
    endloop
  endfacet
  facet normal 0 0 -1
    outer loop
      vertex -100.15 40 0
      vertex -106.15 74.6 0
      vertex -100.15 46 0
    endloop
  endfacet
  facet normal 0 1 0
    outer loop
      vertex -110.14 33.4 18.9586
      vertex -117.45 33.4 18
      vertex -120.85 33.4 18.9586
    endloop
  endfacet
  facet normal 0 1 0
    outer loop
      vertex -110.15 33.4 10
      vertex -110.14 33.4 18.9586
      vertex -110.14 33.4 10
    endloop
  endfacet
  facet normal 0 1 0
    outer loop
      vertex -110.14 33.4 18.9586
      vertex -110.15 33.4 10
      vertex -117.45 33.4 18
    endloop
  endfacet
  facet normal 0 1 0
    outer loop
      vertex -110.15 33.4 10
      vertex -117.45 33.4 8
      vertex -117.45 33.4 18
    endloop
  endfacet
  facet normal 0 1 0
    outer loop
      vertex -110.15 33.4 10
      vertex -112.05 33.4 0
      vertex -117.45 33.4 8
    endloop
  endfacet
  facet normal 0 1 0
    outer loop
      vertex -112.05 33.4 0
      vertex -110.15 33.4 10
      vertex -110.15 33.4 0
    endloop
  endfacet
  facet normal 0 1 -0
    outer loop
      vertex -118.05 33.4 18
      vertex -120.85 33.4 18.9586
      vertex -117.45 33.4 18
    endloop
  endfacet
  facet normal 0 1 0
    outer loop
      vertex -118.05 33.4 18
      vertex -120.85 33.4 8.8
      vertex -120.85 33.4 18.9586
    endloop
  endfacet
  facet normal 0 1 -0
    outer loop
      vertex -118.05 33.4 8
      vertex -120.85 33.4 8.8
      vertex -118.05 33.4 18
    endloop
  endfacet
  facet normal 0 1 0
    outer loop
      vertex -117.45 33.4 8
      vertex -112.05 33.4 0
      vertex -118.05 33.4 8
    endloop
  endfacet
  facet normal 0 1 0
    outer loop
      vertex -118.05 33.4 8
      vertex -112.05 33.4 0
      vertex -120.85 33.4 8.8
    endloop
  endfacet
  facet normal 1 0 0
    outer loop
      vertex -110.14 1.60001 18.9586
      vertex -110.14 33.4 18.9586
      vertex -110.14 20.4586 31.9
    endloop
  endfacet
  facet normal 1 0 0
    outer loop
      vertex -110.14 1.60001 18.9586
      vertex -110.14 20.4586 31.9
      vertex -110.14 14.5414 31.9
    endloop
  endfacet
  facet normal 1 0 0
    outer loop
      vertex -110.14 33.4 18.9586
      vertex -110.14 1.60001 18.9586
      vertex -110.14 33.4 10
    endloop
  endfacet
  facet normal 1 0 0
    outer loop
      vertex -110.14 33.4 10
      vertex -110.14 1.60001 18.9586
      vertex -110.14 1.60001 10
    endloop
  endfacet
  facet normal 0 0.707107 0.707107
    outer loop
      vertex -110.14 33.4 18.9586
      vertex -120.85 20.4586 31.9
      vertex -110.14 20.4586 31.9
    endloop
  endfacet
  facet normal 0 0.707107 0.707107
    outer loop
      vertex -120.85 20.4586 31.9
      vertex -110.14 33.4 18.9586
      vertex -120.85 33.4 18.9586
    endloop
  endfacet
  facet normal 0 -1 0
    outer loop
      vertex -117.45 1.60001 8
      vertex -110.15 1.60001 10
      vertex -117.45 1.60001 18
    endloop
  endfacet
  facet normal 0 -1 0
    outer loop
      vertex -112.05 1.60001 0
      vertex -110.15 1.60001 10
      vertex -117.45 1.60001 8
    endloop
  endfacet
  facet normal 0 -1 -0
    outer loop
      vertex -110.15 1.60001 10
      vertex -112.05 1.60001 0
      vertex -110.15 1.60001 0
    endloop
  endfacet
  facet normal 0 -1 0
    outer loop
      vertex -117.45 1.60001 18
      vertex -120.85 1.60001 18.9586
      vertex -118.05 1.60001 18
    endloop
  endfacet
  facet normal 0 -1 0
    outer loop
      vertex -120.85 1.60001 8.8
      vertex -118.05 1.60001 18
      vertex -120.85 1.60001 18.9586
    endloop
  endfacet
  facet normal 0 -1 0
    outer loop
      vertex -120.85 1.60001 8.8
      vertex -118.05 1.60001 8
      vertex -118.05 1.60001 18
    endloop
  endfacet
  facet normal 0 -1 0
    outer loop
      vertex -118.05 1.60001 8
      vertex -112.05 1.60001 0
      vertex -117.45 1.60001 8
    endloop
  endfacet
  facet normal 0 -1 0
    outer loop
      vertex -112.05 1.60001 0
      vertex -118.05 1.60001 8
      vertex -120.85 1.60001 8.8
    endloop
  endfacet
  facet normal 0 -1 0
    outer loop
      vertex -120.85 1.60001 18.9586
      vertex -117.45 1.60001 18
      vertex -110.14 1.60001 18.9586
    endloop
  endfacet
  facet normal 0 -1 0
    outer loop
      vertex -110.15 1.60001 10
      vertex -110.14 1.60001 18.9586
      vertex -117.45 1.60001 18
    endloop
  endfacet
  facet normal 0 -1 -0
    outer loop
      vertex -110.14 1.60001 18.9586
      vertex -110.15 1.60001 10
      vertex -110.14 1.60001 10
    endloop
  endfacet
  facet normal -0.707107 0 -0.707107
    outer loop
      vertex -112.05 1.60001 0
      vertex -120.85 33.4 8.8
      vertex -112.05 33.4 0
    endloop
  endfacet
  facet normal -0.707107 -0 -0.707107
    outer loop
      vertex -120.85 33.4 8.8
      vertex -112.05 1.60001 0
      vertex -120.85 1.60001 8.8
    endloop
  endfacet
  facet normal 0.966235 -0.257663 0
    outer loop
      vertex -117.49 1.45 18
      vertex -117.45 1.6 8
      vertex -117.45 1.6 18
    endloop
  endfacet
  facet normal 0.966235 -0.257663 0
    outer loop
      vertex -117.45 1.6 8
      vertex -117.49 1.45 18
      vertex -117.49 1.45 8
    endloop
  endfacet
  facet normal -1 0 0
    outer loop
      vertex -118.05 1.60001 8
      vertex -118.05 1.6 18
      vertex -118.05 1.60001 18
    endloop
  endfacet
  facet normal -1 0 0
    outer loop
      vertex -118.05 1.6 18
      vertex -118.05 1.60001 8
      vertex -118.05 1.6 8
    endloop
  endfacet
  facet normal -0.966235 -0.257663 0
    outer loop
      vertex -118.01 1.45 8
      vertex -118.05 1.6 18
      vertex -118.05 1.6 8
    endloop
  endfacet
  facet normal -0.966235 -0.257663 0
    outer loop
      vertex -118.05 1.6 18
      vertex -118.01 1.45 8
      vertex -118.01 1.45 18
    endloop
  endfacet
  facet normal -0.258805 -0.96593 0
    outer loop
      vertex -117.9 1.34019 8
      vertex -117.75 1.3 18
      vertex -117.9 1.34019 18
    endloop
  endfacet
  facet normal -0.258805 -0.96593 -0
    outer loop
      vertex -117.75 1.3 18
      vertex -117.9 1.34019 8
      vertex -117.75 1.3 8
    endloop
  endfacet
  facet normal 1 0 0
    outer loop
      vertex -117.45 1.6 8
      vertex -117.45 1.60001 18
      vertex -117.45 1.6 18
    endloop
  endfacet
  facet normal 1 0 0
    outer loop
      vertex -117.45 1.60001 18
      vertex -117.45 1.6 8
      vertex -117.45 1.60001 8
    endloop
  endfacet
  facet normal -0.706495 -0.707718 0
    outer loop
      vertex -117.9 1.34019 8
      vertex -118.01 1.45 18
      vertex -118.01 1.45 8
    endloop
  endfacet
  facet normal -0.706495 -0.707718 0
    outer loop
      vertex -118.01 1.45 18
      vertex -117.9 1.34019 8
      vertex -117.9 1.34019 18
    endloop
  endfacet
  facet normal 0 0 1
    outer loop
      vertex -117.45 1.60001 18
      vertex -117.49 1.45 18
      vertex -117.45 1.6 18
    endloop
  endfacet
  facet normal 0 0 1
    outer loop
      vertex -117.45 1.60001 18
      vertex -117.6 1.34019 18
      vertex -117.49 1.45 18
    endloop
  endfacet
  facet normal 0 0 1
    outer loop
      vertex -117.45 1.60001 18
      vertex -117.75 1.3 18
      vertex -117.6 1.34019 18
    endloop
  endfacet
  facet normal 0 0 1
    outer loop
      vertex -117.45 1.60001 18
      vertex -117.9 1.34019 18
      vertex -117.75 1.3 18
    endloop
  endfacet
  facet normal 0 0 1
    outer loop
      vertex -117.45 1.60001 18
      vertex -118.01 1.45 18
      vertex -117.9 1.34019 18
    endloop
  endfacet
  facet normal -0 0 1
    outer loop
      vertex -118.05 1.60001 18
      vertex -118.01 1.45 18
      vertex -117.45 1.60001 18
    endloop
  endfacet
  facet normal 0 0 1
    outer loop
      vertex -118.01 1.45 18
      vertex -118.05 1.60001 18
      vertex -118.05 1.6 18
    endloop
  endfacet
  facet normal 0 0 -1
    outer loop
      vertex -117.49 1.45 8
      vertex -117.45 1.60001 8
      vertex -117.45 1.6 8
    endloop
  endfacet
  facet normal 0 0 -1
    outer loop
      vertex -117.6 1.34019 8
      vertex -117.45 1.60001 8
      vertex -117.49 1.45 8
    endloop
  endfacet
  facet normal 0 0 -1
    outer loop
      vertex -117.75 1.3 8
      vertex -117.45 1.60001 8
      vertex -117.6 1.34019 8
    endloop
  endfacet
  facet normal 0 0 -1
    outer loop
      vertex -117.9 1.34019 8
      vertex -117.45 1.60001 8
      vertex -117.75 1.3 8
    endloop
  endfacet
  facet normal 0 0 -1
    outer loop
      vertex -118.01 1.45 8
      vertex -117.45 1.60001 8
      vertex -117.9 1.34019 8
    endloop
  endfacet
  facet normal 0 0 -1
    outer loop
      vertex -118.01 1.45 8
      vertex -118.05 1.60001 8
      vertex -117.45 1.60001 8
    endloop
  endfacet
  facet normal 0 0 -1
    outer loop
      vertex -118.05 1.60001 8
      vertex -118.01 1.45 8
      vertex -118.05 1.6 8
    endloop
  endfacet
  facet normal 0.706495 -0.707718 0
    outer loop
      vertex -117.6 1.34019 8
      vertex -117.49 1.45 18
      vertex -117.6 1.34019 18
    endloop
  endfacet
  facet normal 0.706495 -0.707718 0
    outer loop
      vertex -117.49 1.45 18
      vertex -117.6 1.34019 8
      vertex -117.49 1.45 8
    endloop
  endfacet
  facet normal 0.258805 -0.96593 0
    outer loop
      vertex -117.75 1.3 8
      vertex -117.6 1.34019 18
      vertex -117.75 1.3 18
    endloop
  endfacet
  facet normal 0.258805 -0.96593 0
    outer loop
      vertex -117.6 1.34019 18
      vertex -117.75 1.3 8
      vertex -117.6 1.34019 8
    endloop
  endfacet
  facet normal -0.706463 0.70775 0
    outer loop
      vertex -118.01 33.55 8
      vertex -117.9 33.6598 18
      vertex -117.9 33.6598 8
    endloop
  endfacet
  facet normal -0.706463 0.70775 0
    outer loop
      vertex -117.9 33.6598 18
      vertex -118.01 33.55 8
      vertex -118.01 33.55 18
    endloop
  endfacet
  facet normal -0.966235 0.257663 0
    outer loop
      vertex -118.05 33.4 8
      vertex -118.01 33.55 18
      vertex -118.01 33.55 8
    endloop
  endfacet
  facet normal -0.966235 0.257663 0
    outer loop
      vertex -118.01 33.55 18
      vertex -118.05 33.4 8
      vertex -118.05 33.4 18
    endloop
  endfacet
  facet normal -0.258865 0.965914 0
    outer loop
      vertex -117.75 33.7 8
      vertex -117.9 33.6598 18
      vertex -117.75 33.7 18
    endloop
  endfacet
  facet normal -0.258865 0.965914 0
    outer loop
      vertex -117.9 33.6598 18
      vertex -117.75 33.7 8
      vertex -117.9 33.6598 8
    endloop
  endfacet
  facet normal 0.706463 0.70775 -0
    outer loop
      vertex -117.49 33.55 8
      vertex -117.6 33.6598 18
      vertex -117.49 33.55 18
    endloop
  endfacet
  facet normal 0.706463 0.70775 0
    outer loop
      vertex -117.6 33.6598 18
      vertex -117.49 33.55 8
      vertex -117.6 33.6598 8
    endloop
  endfacet
  facet normal 0.258865 0.965914 -0
    outer loop
      vertex -117.6 33.6598 8
      vertex -117.75 33.7 18
      vertex -117.6 33.6598 18
    endloop
  endfacet
  facet normal 0.258865 0.965914 0
    outer loop
      vertex -117.75 33.7 18
      vertex -117.6 33.6598 8
      vertex -117.75 33.7 8
    endloop
  endfacet
  facet normal 0.966235 0.257663 0
    outer loop
      vertex -117.45 33.4 18
      vertex -117.49 33.55 8
      vertex -117.49 33.55 18
    endloop
  endfacet
  facet normal 0.966235 0.257663 0
    outer loop
      vertex -117.49 33.55 8
      vertex -117.45 33.4 18
      vertex -117.45 33.4 8
    endloop
  endfacet
  facet normal 0 0 1
    outer loop
      vertex -117.6 33.6598 18
      vertex -117.45 33.4 18
      vertex -117.49 33.55 18
    endloop
  endfacet
  facet normal 0 0 1
    outer loop
      vertex -117.75 33.7 18
      vertex -117.45 33.4 18
      vertex -117.6 33.6598 18
    endloop
  endfacet
  facet normal -0 0 1
    outer loop
      vertex -117.9 33.6598 18
      vertex -117.45 33.4 18
      vertex -117.75 33.7 18
    endloop
  endfacet
  facet normal -0 0 1
    outer loop
      vertex -118.01 33.55 18
      vertex -117.45 33.4 18
      vertex -117.9 33.6598 18
    endloop
  endfacet
  facet normal 0 0 1
    outer loop
      vertex -118.01 33.55 18
      vertex -118.05 33.4 18
      vertex -117.45 33.4 18
    endloop
  endfacet
  facet normal 0 0 -1
    outer loop
      vertex -117.45 33.4 8
      vertex -117.6 33.6598 8
      vertex -117.49 33.55 8
    endloop
  endfacet
  facet normal 0 0 -1
    outer loop
      vertex -117.45 33.4 8
      vertex -117.75 33.7 8
      vertex -117.6 33.6598 8
    endloop
  endfacet
  facet normal 0 0 -1
    outer loop
      vertex -117.45 33.4 8
      vertex -117.9 33.6598 8
      vertex -117.75 33.7 8
    endloop
  endfacet
  facet normal 0 0 -1
    outer loop
      vertex -117.45 33.4 8
      vertex -118.01 33.55 8
      vertex -117.9 33.6598 8
    endloop
  endfacet
  facet normal 0 0 -1
    outer loop
      vertex -118.05 33.4 8
      vertex -118.01 33.55 8
      vertex -117.45 33.4 8
    endloop
  endfacet
  facet normal 0 -0.707107 0.707107
    outer loop
      vertex -120.85 40.7 18.9586
      vertex -110.14 53.6414 31.9
      vertex -120.85 53.6414 31.9
    endloop
  endfacet
  facet normal 0 -0.707107 0.707107
    outer loop
      vertex -110.14 53.6414 31.9
      vertex -120.85 40.7 18.9586
      vertex -110.14 40.7 18.9586
    endloop
  endfacet
  facet normal -1 0 0
    outer loop
      vertex -120.85 40.7 18.9586
      vertex -120.85 72.5 18.9586
      vertex -120.85 72.5 8.8
    endloop
  endfacet
  facet normal -1 0 0
    outer loop
      vertex -120.85 72.5 18.9586
      vertex -120.85 40.7 18.9586
      vertex -120.85 59.5586 31.9
    endloop
  endfacet
  facet normal -1 0 0
    outer loop
      vertex -120.85 40.7 18.9586
      vertex -120.85 72.5 8.8
      vertex -120.85 40.7 8.8
    endloop
  endfacet
  facet normal -1 -0 0
    outer loop
      vertex -120.85 59.5586 31.9
      vertex -120.85 40.7 18.9586
      vertex -120.85 53.6414 31.9
    endloop
  endfacet
  facet normal -0 0 1
    outer loop
      vertex -120.85 59.5586 31.9
      vertex -110.14 53.6414 31.9
      vertex -110.14 59.5586 31.9
    endloop
  endfacet
  facet normal 0 0 1
    outer loop
      vertex -110.14 53.6414 31.9
      vertex -120.85 59.5586 31.9
      vertex -120.85 53.6414 31.9
    endloop
  endfacet
  facet normal 0 1 0
    outer loop
      vertex -110.14 72.5 18.9586
      vertex -117.45 72.5 18
      vertex -120.85 72.5 18.9586
    endloop
  endfacet
  facet normal 0 1 0
    outer loop
      vertex -110.15 72.5 10
      vertex -110.14 72.5 18.9586
      vertex -110.14 72.5 10
    endloop
  endfacet
  facet normal 0 1 0
    outer loop
      vertex -110.14 72.5 18.9586
      vertex -110.15 72.5 10
      vertex -117.45 72.5 18
    endloop
  endfacet
  facet normal 0 1 0
    outer loop
      vertex -110.15 72.5 10
      vertex -117.45 72.5 8
      vertex -117.45 72.5 18
    endloop
  endfacet
  facet normal 0 1 0
    outer loop
      vertex -110.15 72.5 10
      vertex -112.05 72.5 0
      vertex -117.45 72.5 8
    endloop
  endfacet
  facet normal 0 1 0
    outer loop
      vertex -112.05 72.5 0
      vertex -110.15 72.5 10
      vertex -110.15 72.5 0
    endloop
  endfacet
  facet normal 0 1 -0
    outer loop
      vertex -118.05 72.5 18
      vertex -120.85 72.5 18.9586
      vertex -117.45 72.5 18
    endloop
  endfacet
  facet normal 0 1 0
    outer loop
      vertex -118.05 72.5 18
      vertex -120.85 72.5 8.8
      vertex -120.85 72.5 18.9586
    endloop
  endfacet
  facet normal 0 1 -0
    outer loop
      vertex -118.05 72.5 8
      vertex -120.85 72.5 8.8
      vertex -118.05 72.5 18
    endloop
  endfacet
  facet normal 0 1 0
    outer loop
      vertex -117.45 72.5 8
      vertex -112.05 72.5 0
      vertex -118.05 72.5 8
    endloop
  endfacet
  facet normal 0 1 0
    outer loop
      vertex -118.05 72.5 8
      vertex -112.05 72.5 0
      vertex -120.85 72.5 8.8
    endloop
  endfacet
  facet normal 1 0 0
    outer loop
      vertex -110.14 40.7 18.9586
      vertex -110.14 72.5 18.9586
      vertex -110.14 59.5586 31.9
    endloop
  endfacet
  facet normal 1 0 0
    outer loop
      vertex -110.14 40.7 18.9586
      vertex -110.14 59.5586 31.9
      vertex -110.14 53.6414 31.9
    endloop
  endfacet
  facet normal 1 0 0
    outer loop
      vertex -110.14 72.5 18.9586
      vertex -110.14 40.7 18.9586
      vertex -110.14 72.5 10
    endloop
  endfacet
  facet normal 1 0 0
    outer loop
      vertex -110.14 72.5 10
      vertex -110.14 40.7 18.9586
      vertex -110.14 40.7 10
    endloop
  endfacet
  facet normal 0 0.707107 0.707107
    outer loop
      vertex -110.14 72.5 18.9586
      vertex -120.85 59.5586 31.9
      vertex -110.14 59.5586 31.9
    endloop
  endfacet
  facet normal 0 0.707107 0.707107
    outer loop
      vertex -120.85 59.5586 31.9
      vertex -110.14 72.5 18.9586
      vertex -120.85 72.5 18.9586
    endloop
  endfacet
  facet normal 0 -1 0
    outer loop
      vertex -117.45 40.7 8
      vertex -110.15 40.7 10
      vertex -117.45 40.7 18
    endloop
  endfacet
  facet normal 0 -1 0
    outer loop
      vertex -112.05 40.7 0
      vertex -110.15 40.7 10
      vertex -117.45 40.7 8
    endloop
  endfacet
  facet normal 0 -1 -0
    outer loop
      vertex -110.15 40.7 10
      vertex -112.05 40.7 0
      vertex -110.15 40.7 0
    endloop
  endfacet
  facet normal 0 -1 0
    outer loop
      vertex -117.45 40.7 18
      vertex -120.85 40.7 18.9586
      vertex -118.05 40.7 18
    endloop
  endfacet
  facet normal 0 -1 0
    outer loop
      vertex -120.85 40.7 8.8
      vertex -118.05 40.7 18
      vertex -120.85 40.7 18.9586
    endloop
  endfacet
  facet normal 0 -1 0
    outer loop
      vertex -120.85 40.7 8.8
      vertex -118.05 40.7 8
      vertex -118.05 40.7 18
    endloop
  endfacet
  facet normal 0 -1 0
    outer loop
      vertex -118.05 40.7 8
      vertex -112.05 40.7 0
      vertex -117.45 40.7 8
    endloop
  endfacet
  facet normal 0 -1 0
    outer loop
      vertex -112.05 40.7 0
      vertex -118.05 40.7 8
      vertex -120.85 40.7 8.8
    endloop
  endfacet
  facet normal 0 -1 0
    outer loop
      vertex -120.85 40.7 18.9586
      vertex -117.45 40.7 18
      vertex -110.14 40.7 18.9586
    endloop
  endfacet
  facet normal 0 -1 0
    outer loop
      vertex -110.15 40.7 10
      vertex -110.14 40.7 18.9586
      vertex -117.45 40.7 18
    endloop
  endfacet
  facet normal 0 -1 -0
    outer loop
      vertex -110.14 40.7 18.9586
      vertex -110.15 40.7 10
      vertex -110.14 40.7 10
    endloop
  endfacet
  facet normal -0.707107 0 -0.707107
    outer loop
      vertex -112.05 40.7 0
      vertex -120.85 72.5 8.8
      vertex -112.05 72.5 0
    endloop
  endfacet
  facet normal -0.707107 -0 -0.707107
    outer loop
      vertex -120.85 72.5 8.8
      vertex -112.05 40.7 0
      vertex -120.85 40.7 8.8
    endloop
  endfacet
  facet normal 0.966235 -0.257663 0
    outer loop
      vertex -117.49 40.55 18
      vertex -117.45 40.7 8
      vertex -117.45 40.7 18
    endloop
  endfacet
  facet normal 0.966235 -0.257663 0
    outer loop
      vertex -117.45 40.7 8
      vertex -117.49 40.55 18
      vertex -117.49 40.55 8
    endloop
  endfacet
  facet normal -0.966235 -0.257663 0
    outer loop
      vertex -118.01 40.55 8
      vertex -118.05 40.7 18
      vertex -118.05 40.7 8
    endloop
  endfacet
  facet normal -0.966235 -0.257663 0
    outer loop
      vertex -118.05 40.7 18
      vertex -118.01 40.55 8
      vertex -118.01 40.55 18
    endloop
  endfacet
  facet normal -0.258865 -0.965914 0
    outer loop
      vertex -117.9 40.4402 8
      vertex -117.75 40.4 18
      vertex -117.9 40.4402 18
    endloop
  endfacet
  facet normal -0.258865 -0.965914 -0
    outer loop
      vertex -117.75 40.4 18
      vertex -117.9 40.4402 8
      vertex -117.75 40.4 8
    endloop
  endfacet
  facet normal -0.706463 -0.70775 0
    outer loop
      vertex -117.9 40.4402 8
      vertex -118.01 40.55 18
      vertex -118.01 40.55 8
    endloop
  endfacet
  facet normal -0.706463 -0.70775 0
    outer loop
      vertex -118.01 40.55 18
      vertex -117.9 40.4402 8
      vertex -117.9 40.4402 18
    endloop
  endfacet
  facet normal 0 0 1
    outer loop
      vertex -117.45 40.7 18
      vertex -117.6 40.4402 18
      vertex -117.49 40.55 18
    endloop
  endfacet
  facet normal 0 0 1
    outer loop
      vertex -117.45 40.7 18
      vertex -117.75 40.4 18
      vertex -117.6 40.4402 18
    endloop
  endfacet
  facet normal 0 0 1
    outer loop
      vertex -117.45 40.7 18
      vertex -117.9 40.4402 18
      vertex -117.75 40.4 18
    endloop
  endfacet
  facet normal 0 0 1
    outer loop
      vertex -117.45 40.7 18
      vertex -118.01 40.55 18
      vertex -117.9 40.4402 18
    endloop
  endfacet
  facet normal -0 0 1
    outer loop
      vertex -118.05 40.7 18
      vertex -118.01 40.55 18
      vertex -117.45 40.7 18
    endloop
  endfacet
  facet normal 0 0 -1
    outer loop
      vertex -117.6 40.4402 8
      vertex -117.45 40.7 8
      vertex -117.49 40.55 8
    endloop
  endfacet
  facet normal 0 0 -1
    outer loop
      vertex -117.75 40.4 8
      vertex -117.45 40.7 8
      vertex -117.6 40.4402 8
    endloop
  endfacet
  facet normal 0 0 -1
    outer loop
      vertex -117.9 40.4402 8
      vertex -117.45 40.7 8
      vertex -117.75 40.4 8
    endloop
  endfacet
  facet normal 0 0 -1
    outer loop
      vertex -118.01 40.55 8
      vertex -117.45 40.7 8
      vertex -117.9 40.4402 8
    endloop
  endfacet
  facet normal 0 0 -1
    outer loop
      vertex -118.01 40.55 8
      vertex -118.05 40.7 8
      vertex -117.45 40.7 8
    endloop
  endfacet
  facet normal 0.706463 -0.70775 0
    outer loop
      vertex -117.6 40.4402 8
      vertex -117.49 40.55 18
      vertex -117.6 40.4402 18
    endloop
  endfacet
  facet normal 0.706463 -0.70775 0
    outer loop
      vertex -117.49 40.55 18
      vertex -117.6 40.4402 8
      vertex -117.49 40.55 8
    endloop
  endfacet
  facet normal 0.258865 -0.965914 0
    outer loop
      vertex -117.75 40.4 8
      vertex -117.6 40.4402 18
      vertex -117.75 40.4 18
    endloop
  endfacet
  facet normal 0.258865 -0.965914 0
    outer loop
      vertex -117.6 40.4402 18
      vertex -117.75 40.4 8
      vertex -117.6 40.4402 8
    endloop
  endfacet
  facet normal -0.706463 0.70775 0
    outer loop
      vertex -118.01 72.65 8
      vertex -117.9 72.7598 18
      vertex -117.9 72.7598 8
    endloop
  endfacet
  facet normal -0.706463 0.70775 0
    outer loop
      vertex -117.9 72.7598 18
      vertex -118.01 72.65 8
      vertex -118.01 72.65 18
    endloop
  endfacet
  facet normal -0.966235 0.257663 0
    outer loop
      vertex -118.05 72.5 8
      vertex -118.01 72.65 18
      vertex -118.01 72.65 8
    endloop
  endfacet
  facet normal -0.966235 0.257663 0
    outer loop
      vertex -118.01 72.65 18
      vertex -118.05 72.5 8
      vertex -118.05 72.5 18
    endloop
  endfacet
  facet normal -0.258865 0.965914 0
    outer loop
      vertex -117.75 72.8 8
      vertex -117.9 72.7598 18
      vertex -117.75 72.8 18
    endloop
  endfacet
  facet normal -0.258865 0.965914 0
    outer loop
      vertex -117.9 72.7598 18
      vertex -117.75 72.8 8
      vertex -117.9 72.7598 8
    endloop
  endfacet
  facet normal 0.706463 0.70775 -0
    outer loop
      vertex -117.49 72.65 8
      vertex -117.6 72.7598 18
      vertex -117.49 72.65 18
    endloop
  endfacet
  facet normal 0.706463 0.70775 0
    outer loop
      vertex -117.6 72.7598 18
      vertex -117.49 72.65 8
      vertex -117.6 72.7598 8
    endloop
  endfacet
  facet normal 0.258865 0.965914 -0
    outer loop
      vertex -117.6 72.7598 8
      vertex -117.75 72.8 18
      vertex -117.6 72.7598 18
    endloop
  endfacet
  facet normal 0.258865 0.965914 0
    outer loop
      vertex -117.75 72.8 18
      vertex -117.6 72.7598 8
      vertex -117.75 72.8 8
    endloop
  endfacet
  facet normal 0.966235 0.257663 0
    outer loop
      vertex -117.45 72.5 18
      vertex -117.49 72.65 8
      vertex -117.49 72.65 18
    endloop
  endfacet
  facet normal 0.966235 0.257663 0
    outer loop
      vertex -117.49 72.65 8
      vertex -117.45 72.5 18
      vertex -117.45 72.5 8
    endloop
  endfacet
  facet normal 0 0 1
    outer loop
      vertex -117.6 72.7598 18
      vertex -117.45 72.5 18
      vertex -117.49 72.65 18
    endloop
  endfacet
  facet normal 0 0 1
    outer loop
      vertex -117.75 72.8 18
      vertex -117.45 72.5 18
      vertex -117.6 72.7598 18
    endloop
  endfacet
  facet normal -0 0 1
    outer loop
      vertex -117.9 72.7598 18
      vertex -117.45 72.5 18
      vertex -117.75 72.8 18
    endloop
  endfacet
  facet normal -0 0 1
    outer loop
      vertex -118.01 72.65 18
      vertex -117.45 72.5 18
      vertex -117.9 72.7598 18
    endloop
  endfacet
  facet normal 0 0 1
    outer loop
      vertex -118.01 72.65 18
      vertex -118.05 72.5 18
      vertex -117.45 72.5 18
    endloop
  endfacet
  facet normal 0 0 -1
    outer loop
      vertex -117.45 72.5 8
      vertex -117.6 72.7598 8
      vertex -117.49 72.65 8
    endloop
  endfacet
  facet normal 0 0 -1
    outer loop
      vertex -117.45 72.5 8
      vertex -117.75 72.8 8
      vertex -117.6 72.7598 8
    endloop
  endfacet
  facet normal 0 0 -1
    outer loop
      vertex -117.45 72.5 8
      vertex -117.9 72.7598 8
      vertex -117.75 72.8 8
    endloop
  endfacet
  facet normal 0 0 -1
    outer loop
      vertex -117.45 72.5 8
      vertex -118.01 72.65 8
      vertex -117.9 72.7598 8
    endloop
  endfacet
  facet normal 0 0 -1
    outer loop
      vertex -118.05 72.5 8
      vertex -118.01 72.65 8
      vertex -117.45 72.5 8
    endloop
  endfacet
  facet normal 1 -0 0
    outer loop
      vertex -106.15 0 10
      vertex -106.15 75 3
      vertex -106.15 75 10
    endloop
  endfacet
  facet normal 1 0 0
    outer loop
      vertex -106.15 75 3
      vertex -106.15 0 10
      vertex -106.15 0 3
    endloop
  endfacet
  facet normal 1 0 0
    outer loop
      vertex -106.15 75 0.4
      vertex -106.15 74.6 0
      vertex -106.15 75 0
    endloop
  endfacet
  facet normal 1 0 0
    outer loop
      vertex -106.15 0 0.4
      vertex -106.15 0 0
      vertex -106.15 0.4 0
    endloop
  endfacet
  facet normal -0 0 1
    outer loop
      vertex -110.15 40.7 10
      vertex -110.14 33.4 10
      vertex -110.14 40.7 10
    endloop
  endfacet
  facet normal 0 0 1
    outer loop
      vertex -110.14 33.4 10
      vertex -110.15 40.7 10
      vertex -110.15 33.4 10
    endloop
  endfacet
  facet normal 0 0 1
    outer loop
      vertex -110.14 40.7 10
      vertex -106.15 75 10
      vertex -110.14 72.5 10
    endloop
  endfacet
  facet normal -0 0 1
    outer loop
      vertex -110.15 75 10
      vertex -110.14 72.5 10
      vertex -106.15 75 10
    endloop
  endfacet
  facet normal 0 0 1
    outer loop
      vertex -110.14 72.5 10
      vertex -110.15 75 10
      vertex -110.15 72.5 10
    endloop
  endfacet
  facet normal 0 0 1
    outer loop
      vertex -106.15 75 10
      vertex -110.14 40.7 10
      vertex -106.15 0 10
    endloop
  endfacet
  facet normal -0 0 1
    outer loop
      vertex -110.14 33.4 10
      vertex -106.15 0 10
      vertex -110.14 40.7 10
    endloop
  endfacet
  facet normal -0 0 1
    outer loop
      vertex -110.14 1.60001 10
      vertex -106.15 0 10
      vertex -110.14 33.4 10
    endloop
  endfacet
  facet normal 0 0 1
    outer loop
      vertex -110.15 0 10
      vertex -110.14 1.60001 10
      vertex -110.15 1.60001 10
    endloop
  endfacet
  facet normal 0 0 1
    outer loop
      vertex -110.14 1.60001 10
      vertex -110.15 0 10
      vertex -106.15 0 10
    endloop
  endfacet
  facet normal -1 0 0
    outer loop
      vertex -110.15 72.5 0
      vertex -110.15 75 10
      vertex -110.15 75 0
    endloop
  endfacet
  facet normal -1 -0 0
    outer loop
      vertex -110.15 75 10
      vertex -110.15 72.5 0
      vertex -110.15 72.5 10
    endloop
  endfacet
  facet normal -1 0 0
    outer loop
      vertex -110.15 0 0
      vertex -110.15 1.60001 10
      vertex -110.15 1.60001 0
    endloop
  endfacet
  facet normal -1 -0 0
    outer loop
      vertex -110.15 1.60001 10
      vertex -110.15 0 0
      vertex -110.15 0 10
    endloop
  endfacet
  facet normal -1 0 0
    outer loop
      vertex -110.15 33.4 0
      vertex -110.15 40.7 10
      vertex -110.15 40.7 0
    endloop
  endfacet
  facet normal -1 -0 0
    outer loop
      vertex -110.15 40.7 10
      vertex -110.15 33.4 0
      vertex -110.15 33.4 10
    endloop
  endfacet
  facet normal 0 1 0
    outer loop
      vertex 110.15 75 10
      vertex 106.15 75 3
      vertex 106.15 75 10
    endloop
  endfacet
  facet normal 0 1 0
    outer loop
      vertex 106.15 75 3
      vertex 106.15 75 0.4
      vertex -106.15 75 3
    endloop
  endfacet
  facet normal 0 1 -0
    outer loop
      vertex 110.15 75 0
      vertex 106.15 75 3
      vertex 110.15 75 10
    endloop
  endfacet
  facet normal 0 1 0
    outer loop
      vertex 106.15 75 3
      vertex 110.15 75 0
      vertex 106.15 75 0.4
    endloop
  endfacet
  facet normal 0 1 0
    outer loop
      vertex 106.15 75 0.4
      vertex 110.15 75 0
      vertex 106.15 75 0
    endloop
  endfacet
  facet normal 0 1 -0
    outer loop
      vertex -106.15 75 3
      vertex -110.15 75 10
      vertex -106.15 75 10
    endloop
  endfacet
  facet normal 0 1 0
    outer loop
      vertex -106.15 75 0.4
      vertex -106.15 75 3
      vertex 106.15 75 0.4
    endloop
  endfacet
  facet normal 0 1 0
    outer loop
      vertex -110.15 75 0
      vertex -106.15 75 3
      vertex -106.15 75 0.4
    endloop
  endfacet
  facet normal 0 1 0
    outer loop
      vertex -110.15 75 0
      vertex -106.15 75 0.4
      vertex -106.15 75 0
    endloop
  endfacet
  facet normal 0 1 0
    outer loop
      vertex -106.15 75 3
      vertex -110.15 75 0
      vertex -110.15 75 10
    endloop
  endfacet
  facet normal 0 -1 0
    outer loop
      vertex -110.15 0 10
      vertex -106.15 0 3
      vertex -106.15 0 10
    endloop
  endfacet
  facet normal 0 -1 0
    outer loop
      vertex -106.15 0 3
      vertex -106.15 0 0.4
      vertex 106.15 0 3
    endloop
  endfacet
  facet normal 0 -1 0
    outer loop
      vertex -110.15 0 0
      vertex -106.15 0 3
      vertex -110.15 0 10
    endloop
  endfacet
  facet normal 0 -1 -0
    outer loop
      vertex -106.15 0 3
      vertex -110.15 0 0
      vertex -106.15 0 0.4
    endloop
  endfacet
  facet normal 0 -1 -0
    outer loop
      vertex -106.15 0 0.4
      vertex -110.15 0 0
      vertex -106.15 0 0
    endloop
  endfacet
  facet normal 0 -1 0
    outer loop
      vertex 106.15 0 3
      vertex 110.15 0 10
      vertex 106.15 0 10
    endloop
  endfacet
  facet normal 0 -1 0
    outer loop
      vertex 106.15 0 0.4
      vertex 106.15 0 3
      vertex -106.15 0 0.4
    endloop
  endfacet
  facet normal 0 -1 0
    outer loop
      vertex 110.15 0 0
      vertex 106.15 0 3
      vertex 106.15 0 0.4
    endloop
  endfacet
  facet normal 0 -1 0
    outer loop
      vertex 110.15 0 0
      vertex 106.15 0 0.4
      vertex 106.15 0 0
    endloop
  endfacet
  facet normal 0 -1 0
    outer loop
      vertex 106.15 0 3
      vertex 110.15 0 0
      vertex 110.15 0 10
    endloop
  endfacet
  facet normal 0 -0.707107 0.707107
    outer loop
      vertex 110.14 1.60001 18.9586
      vertex 120.85 14.5414 31.9
      vertex 110.14 14.5414 31.9
    endloop
  endfacet
  facet normal 0 -0.707107 0.707107
    outer loop
      vertex 120.85 14.5414 31.9
      vertex 110.14 1.60001 18.9586
      vertex 120.85 1.60001 18.9586
    endloop
  endfacet
  facet normal 1 0 0
    outer loop
      vertex 120.85 1.60001 18.9586
      vertex 120.85 33.4 18.9586
      vertex 120.85 20.4586 31.9
    endloop
  endfacet
  facet normal 1 0 0
    outer loop
      vertex 120.85 1.60001 18.9586
      vertex 120.85 20.4586 31.9
      vertex 120.85 14.5414 31.9
    endloop
  endfacet
  facet normal 1 0 0
    outer loop
      vertex 120.85 33.4 18.9586
      vertex 120.85 1.60001 18.9586
      vertex 120.85 33.4 8.8
    endloop
  endfacet
  facet normal 1 0 0
    outer loop
      vertex 120.85 33.4 8.8
      vertex 120.85 1.60001 18.9586
      vertex 120.85 1.60001 8.8
    endloop
  endfacet
  facet normal -0 0 1
    outer loop
      vertex 110.14 20.4586 31.9
      vertex 120.85 14.5414 31.9
      vertex 120.85 20.4586 31.9
    endloop
  endfacet
  facet normal 0 0 1
    outer loop
      vertex 120.85 14.5414 31.9
      vertex 110.14 20.4586 31.9
      vertex 110.14 14.5414 31.9
    endloop
  endfacet
  facet normal 0 1 -0
    outer loop
      vertex 117.45 33.4 8
      vertex 110.15 33.4 10
      vertex 117.45 33.4 18
    endloop
  endfacet
  facet normal 0 1 -0
    outer loop
      vertex 112.05 33.4 0
      vertex 110.15 33.4 10
      vertex 117.45 33.4 8
    endloop
  endfacet
  facet normal 0 1 0
    outer loop
      vertex 110.15 33.4 10
      vertex 112.05 33.4 0
      vertex 110.15 33.4 0
    endloop
  endfacet
  facet normal 0 1 0
    outer loop
      vertex 117.45 33.4 18
      vertex 120.85 33.4 18.9586
      vertex 118.05 33.4 18
    endloop
  endfacet
  facet normal 0 1 -0
    outer loop
      vertex 120.85 33.4 8.8
      vertex 118.05 33.4 18
      vertex 120.85 33.4 18.9586
    endloop
  endfacet
  facet normal 0 1 0
    outer loop
      vertex 120.85 33.4 8.8
      vertex 118.05 33.4 8
      vertex 118.05 33.4 18
    endloop
  endfacet
  facet normal 0 1 0
    outer loop
      vertex 118.05 33.4 8
      vertex 112.05 33.4 0
      vertex 117.45 33.4 8
    endloop
  endfacet
  facet normal 0 1 0
    outer loop
      vertex 112.05 33.4 0
      vertex 118.05 33.4 8
      vertex 120.85 33.4 8.8
    endloop
  endfacet
  facet normal 0 1 0
    outer loop
      vertex 120.85 33.4 18.9586
      vertex 117.45 33.4 18
      vertex 110.14 33.4 18.9586
    endloop
  endfacet
  facet normal 0 1 -0
    outer loop
      vertex 110.15 33.4 10
      vertex 110.14 33.4 18.9586
      vertex 117.45 33.4 18
    endloop
  endfacet
  facet normal 0 1 0
    outer loop
      vertex 110.14 33.4 18.9586
      vertex 110.15 33.4 10
      vertex 110.14 33.4 10
    endloop
  endfacet
  facet normal -1 0 0
    outer loop
      vertex 110.14 1.60001 18.9586
      vertex 110.14 33.4 18.9586
      vertex 110.14 33.4 10
    endloop
  endfacet
  facet normal -1 0 0
    outer loop
      vertex 110.14 33.4 18.9586
      vertex 110.14 1.60001 18.9586
      vertex 110.14 20.4586 31.9
    endloop
  endfacet
  facet normal -1 0 0
    outer loop
      vertex 110.14 1.60001 18.9586
      vertex 110.14 33.4 10
      vertex 110.14 1.60001 10
    endloop
  endfacet
  facet normal -1 -0 0
    outer loop
      vertex 110.14 20.4586 31.9
      vertex 110.14 1.60001 18.9586
      vertex 110.14 14.5414 31.9
    endloop
  endfacet
  facet normal 0 0.707107 0.707107
    outer loop
      vertex 120.85 33.4 18.9586
      vertex 110.14 20.4586 31.9
      vertex 120.85 20.4586 31.9
    endloop
  endfacet
  facet normal 0 0.707107 0.707107
    outer loop
      vertex 110.14 20.4586 31.9
      vertex 120.85 33.4 18.9586
      vertex 110.14 33.4 18.9586
    endloop
  endfacet
  facet normal 0 -1 0
    outer loop
      vertex 110.14 1.60001 18.9586
      vertex 117.45 1.60001 18
      vertex 120.85 1.60001 18.9586
    endloop
  endfacet
  facet normal 0 -1 0
    outer loop
      vertex 110.15 1.60001 10
      vertex 110.14 1.60001 18.9586
      vertex 110.14 1.60001 10
    endloop
  endfacet
  facet normal 0 -1 0
    outer loop
      vertex 110.14 1.60001 18.9586
      vertex 110.15 1.60001 10
      vertex 117.45 1.60001 18
    endloop
  endfacet
  facet normal 0 -1 0
    outer loop
      vertex 110.15 1.60001 10
      vertex 117.45 1.60001 8
      vertex 117.45 1.60001 18
    endloop
  endfacet
  facet normal 0 -1 0
    outer loop
      vertex 110.15 1.60001 10
      vertex 112.05 1.60001 0
      vertex 117.45 1.60001 8
    endloop
  endfacet
  facet normal 0 -1 0
    outer loop
      vertex 112.05 1.60001 0
      vertex 110.15 1.60001 10
      vertex 110.15 1.60001 0
    endloop
  endfacet
  facet normal 0 -1 0
    outer loop
      vertex 118.05 1.60001 18
      vertex 120.85 1.60001 18.9586
      vertex 117.45 1.60001 18
    endloop
  endfacet
  facet normal 0 -1 0
    outer loop
      vertex 118.05 1.60001 18
      vertex 120.85 1.60001 8.8
      vertex 120.85 1.60001 18.9586
    endloop
  endfacet
  facet normal 0 -1 0
    outer loop
      vertex 118.05 1.60001 8
      vertex 120.85 1.60001 8.8
      vertex 118.05 1.60001 18
    endloop
  endfacet
  facet normal 0 -1 -0
    outer loop
      vertex 117.45 1.60001 8
      vertex 112.05 1.60001 0
      vertex 118.05 1.60001 8
    endloop
  endfacet
  facet normal 0 -1 -0
    outer loop
      vertex 118.05 1.60001 8
      vertex 112.05 1.60001 0
      vertex 120.85 1.60001 8.8
    endloop
  endfacet
  facet normal 0.707107 0 -0.707107
    outer loop
      vertex 120.85 1.60001 8.8
      vertex 112.05 33.4 0
      vertex 120.85 33.4 8.8
    endloop
  endfacet
  facet normal 0.707107 0 -0.707107
    outer loop
      vertex 112.05 33.4 0
      vertex 120.85 1.60001 8.8
      vertex 112.05 1.60001 0
    endloop
  endfacet
  facet normal -0.966235 -0.257663 0
    outer loop
      vertex 117.49 1.45 8
      vertex 117.45 1.6 18
      vertex 117.45 1.6 8
    endloop
  endfacet
  facet normal -0.966235 -0.257663 0
    outer loop
      vertex 117.45 1.6 18
      vertex 117.49 1.45 8
      vertex 117.49 1.45 18
    endloop
  endfacet
  facet normal 1 0 0
    outer loop
      vertex 118.05 1.60001 18
      vertex 118.05 1.6 18
      vertex 118.05 1.60001 8
    endloop
  endfacet
  facet normal 1 0 0
    outer loop
      vertex 118.05 1.6 8
      vertex 118.05 1.60001 8
      vertex 118.05 1.6 18
    endloop
  endfacet
  facet normal 0.966235 -0.257663 0
    outer loop
      vertex 118.01 1.45 18
      vertex 118.05 1.6 8
      vertex 118.05 1.6 18
    endloop
  endfacet
  facet normal 0.966235 -0.257663 0
    outer loop
      vertex 118.05 1.6 8
      vertex 118.01 1.45 18
      vertex 118.01 1.45 8
    endloop
  endfacet
  facet normal 0.258805 -0.96593 0
    outer loop
      vertex 117.75 1.3 8
      vertex 117.9 1.34019 18
      vertex 117.75 1.3 18
    endloop
  endfacet
  facet normal 0.258805 -0.96593 0
    outer loop
      vertex 117.9 1.34019 18
      vertex 117.75 1.3 8
      vertex 117.9 1.34019 8
    endloop
  endfacet
  facet normal -1 0 0
    outer loop
      vertex 117.45 1.6 18
      vertex 117.45 1.60001 18
      vertex 117.45 1.6 8
    endloop
  endfacet
  facet normal -1 0 0
    outer loop
      vertex 117.45 1.60001 8
      vertex 117.45 1.6 8
      vertex 117.45 1.60001 18
    endloop
  endfacet
  facet normal 0.706495 -0.707718 0
    outer loop
      vertex 117.9 1.34019 18
      vertex 118.01 1.45 8
      vertex 118.01 1.45 18
    endloop
  endfacet
  facet normal 0.706495 -0.707718 0
    outer loop
      vertex 118.01 1.45 8
      vertex 117.9 1.34019 18
      vertex 117.9 1.34019 8
    endloop
  endfacet
  facet normal 0 0 1
    outer loop
      vertex 118.05 1.60001 18
      vertex 118.01 1.45 18
      vertex 118.05 1.6 18
    endloop
  endfacet
  facet normal 0 0 1
    outer loop
      vertex 118.05 1.60001 18
      vertex 117.9 1.34019 18
      vertex 118.01 1.45 18
    endloop
  endfacet
  facet normal 0 0 1
    outer loop
      vertex 118.05 1.60001 18
      vertex 117.75 1.3 18
      vertex 117.9 1.34019 18
    endloop
  endfacet
  facet normal 0 0 1
    outer loop
      vertex 118.05 1.60001 18
      vertex 117.6 1.34019 18
      vertex 117.75 1.3 18
    endloop
  endfacet
  facet normal 0 0 1
    outer loop
      vertex 118.05 1.60001 18
      vertex 117.49 1.45 18
      vertex 117.6 1.34019 18
    endloop
  endfacet
  facet normal -0 0 1
    outer loop
      vertex 117.45 1.60001 18
      vertex 117.49 1.45 18
      vertex 118.05 1.60001 18
    endloop
  endfacet
  facet normal 0 0 1
    outer loop
      vertex 117.49 1.45 18
      vertex 117.45 1.60001 18
      vertex 117.45 1.6 18
    endloop
  endfacet
  facet normal 0 0 -1
    outer loop
      vertex 118.01 1.45 8
      vertex 118.05 1.60001 8
      vertex 118.05 1.6 8
    endloop
  endfacet
  facet normal 0 0 -1
    outer loop
      vertex 117.9 1.34019 8
      vertex 118.05 1.60001 8
      vertex 118.01 1.45 8
    endloop
  endfacet
  facet normal 0 0 -1
    outer loop
      vertex 117.75 1.3 8
      vertex 118.05 1.60001 8
      vertex 117.9 1.34019 8
    endloop
  endfacet
  facet normal 0 0 -1
    outer loop
      vertex 117.6 1.34019 8
      vertex 118.05 1.60001 8
      vertex 117.75 1.3 8
    endloop
  endfacet
  facet normal 0 0 -1
    outer loop
      vertex 117.49 1.45 8
      vertex 118.05 1.60001 8
      vertex 117.6 1.34019 8
    endloop
  endfacet
  facet normal 0 0 -1
    outer loop
      vertex 117.49 1.45 8
      vertex 117.45 1.60001 8
      vertex 118.05 1.60001 8
    endloop
  endfacet
  facet normal 0 0 -1
    outer loop
      vertex 117.45 1.60001 8
      vertex 117.49 1.45 8
      vertex 117.45 1.6 8
    endloop
  endfacet
  facet normal -0.706495 -0.707718 0
    outer loop
      vertex 117.49 1.45 8
      vertex 117.6 1.34019 18
      vertex 117.49 1.45 18
    endloop
  endfacet
  facet normal -0.706495 -0.707718 -0
    outer loop
      vertex 117.6 1.34019 18
      vertex 117.49 1.45 8
      vertex 117.6 1.34019 8
    endloop
  endfacet
  facet normal -0.258805 -0.96593 0
    outer loop
      vertex 117.6 1.34019 8
      vertex 117.75 1.3 18
      vertex 117.6 1.34019 18
    endloop
  endfacet
  facet normal -0.258805 -0.96593 -0
    outer loop
      vertex 117.75 1.3 18
      vertex 117.6 1.34019 8
      vertex 117.75 1.3 8
    endloop
  endfacet
  facet normal 0.706463 0.70775 0
    outer loop
      vertex 118.01 33.55 18
      vertex 117.9 33.6598 8
      vertex 117.9 33.6598 18
    endloop
  endfacet
  facet normal 0.706463 0.70775 0
    outer loop
      vertex 117.9 33.6598 8
      vertex 118.01 33.55 18
      vertex 118.01 33.55 8
    endloop
  endfacet
  facet normal 0.966235 0.257663 0
    outer loop
      vertex 118.05 33.4 18
      vertex 118.01 33.55 8
      vertex 118.01 33.55 18
    endloop
  endfacet
  facet normal 0.966235 0.257663 0
    outer loop
      vertex 118.01 33.55 8
      vertex 118.05 33.4 18
      vertex 118.05 33.4 8
    endloop
  endfacet
  facet normal 0.258865 0.965914 -0
    outer loop
      vertex 117.9 33.6598 8
      vertex 117.75 33.7 18
      vertex 117.9 33.6598 18
    endloop
  endfacet
  facet normal 0.258865 0.965914 0
    outer loop
      vertex 117.75 33.7 18
      vertex 117.9 33.6598 8
      vertex 117.75 33.7 8
    endloop
  endfacet
  facet normal -0.706463 0.70775 0
    outer loop
      vertex 117.6 33.6598 8
      vertex 117.49 33.55 18
      vertex 117.6 33.6598 18
    endloop
  endfacet
  facet normal -0.706463 0.70775 0
    outer loop
      vertex 117.49 33.55 18
      vertex 117.6 33.6598 8
      vertex 117.49 33.55 8
    endloop
  endfacet
  facet normal -0.258865 0.965914 0
    outer loop
      vertex 117.75 33.7 8
      vertex 117.6 33.6598 18
      vertex 117.75 33.7 18
    endloop
  endfacet
  facet normal -0.258865 0.965914 0
    outer loop
      vertex 117.6 33.6598 18
      vertex 117.75 33.7 8
      vertex 117.6 33.6598 8
    endloop
  endfacet
  facet normal -0.966235 0.257663 0
    outer loop
      vertex 117.45 33.4 8
      vertex 117.49 33.55 18
      vertex 117.49 33.55 8
    endloop
  endfacet
  facet normal -0.966235 0.257663 0
    outer loop
      vertex 117.49 33.55 18
      vertex 117.45 33.4 8
      vertex 117.45 33.4 18
    endloop
  endfacet
  facet normal 0 0 1
    outer loop
      vertex 117.9 33.6598 18
      vertex 118.05 33.4 18
      vertex 118.01 33.55 18
    endloop
  endfacet
  facet normal 0 0 1
    outer loop
      vertex 117.75 33.7 18
      vertex 118.05 33.4 18
      vertex 117.9 33.6598 18
    endloop
  endfacet
  facet normal -0 0 1
    outer loop
      vertex 117.6 33.6598 18
      vertex 118.05 33.4 18
      vertex 117.75 33.7 18
    endloop
  endfacet
  facet normal -0 0 1
    outer loop
      vertex 117.49 33.55 18
      vertex 118.05 33.4 18
      vertex 117.6 33.6598 18
    endloop
  endfacet
  facet normal 0 0 1
    outer loop
      vertex 117.49 33.55 18
      vertex 117.45 33.4 18
      vertex 118.05 33.4 18
    endloop
  endfacet
  facet normal 0 0 -1
    outer loop
      vertex 118.05 33.4 8
      vertex 117.9 33.6598 8
      vertex 118.01 33.55 8
    endloop
  endfacet
  facet normal 0 0 -1
    outer loop
      vertex 118.05 33.4 8
      vertex 117.75 33.7 8
      vertex 117.9 33.6598 8
    endloop
  endfacet
  facet normal 0 0 -1
    outer loop
      vertex 118.05 33.4 8
      vertex 117.6 33.6598 8
      vertex 117.75 33.7 8
    endloop
  endfacet
  facet normal 0 0 -1
    outer loop
      vertex 118.05 33.4 8
      vertex 117.49 33.55 8
      vertex 117.6 33.6598 8
    endloop
  endfacet
  facet normal 0 0 -1
    outer loop
      vertex 117.45 33.4 8
      vertex 117.49 33.55 8
      vertex 118.05 33.4 8
    endloop
  endfacet
  facet normal 0 -0.707107 0.707107
    outer loop
      vertex 110.14 40.7 18.9586
      vertex 120.85 53.6414 31.9
      vertex 110.14 53.6414 31.9
    endloop
  endfacet
  facet normal 0 -0.707107 0.707107
    outer loop
      vertex 120.85 53.6414 31.9
      vertex 110.14 40.7 18.9586
      vertex 120.85 40.7 18.9586
    endloop
  endfacet
  facet normal 1 0 0
    outer loop
      vertex 120.85 40.7 18.9586
      vertex 120.85 72.5 18.9586
      vertex 120.85 59.5586 31.9
    endloop
  endfacet
  facet normal 1 0 0
    outer loop
      vertex 120.85 40.7 18.9586
      vertex 120.85 59.5586 31.9
      vertex 120.85 53.6414 31.9
    endloop
  endfacet
  facet normal 1 0 0
    outer loop
      vertex 120.85 72.5 18.9586
      vertex 120.85 40.7 18.9586
      vertex 120.85 72.5 8.8
    endloop
  endfacet
  facet normal 1 0 0
    outer loop
      vertex 120.85 72.5 8.8
      vertex 120.85 40.7 18.9586
      vertex 120.85 40.7 8.8
    endloop
  endfacet
  facet normal -0 0 1
    outer loop
      vertex 110.14 59.5586 31.9
      vertex 120.85 53.6414 31.9
      vertex 120.85 59.5586 31.9
    endloop
  endfacet
  facet normal 0 0 1
    outer loop
      vertex 120.85 53.6414 31.9
      vertex 110.14 59.5586 31.9
      vertex 110.14 53.6414 31.9
    endloop
  endfacet
  facet normal 0 1 -0
    outer loop
      vertex 117.45 72.5 8
      vertex 110.15 72.5 10
      vertex 117.45 72.5 18
    endloop
  endfacet
  facet normal 0 1 -0
    outer loop
      vertex 112.05 72.5 0
      vertex 110.15 72.5 10
      vertex 117.45 72.5 8
    endloop
  endfacet
  facet normal 0 1 0
    outer loop
      vertex 110.15 72.5 10
      vertex 112.05 72.5 0
      vertex 110.15 72.5 0
    endloop
  endfacet
  facet normal 0 1 0
    outer loop
      vertex 117.45 72.5 18
      vertex 120.85 72.5 18.9586
      vertex 118.05 72.5 18
    endloop
  endfacet
  facet normal 0 1 -0
    outer loop
      vertex 120.85 72.5 8.8
      vertex 118.05 72.5 18
      vertex 120.85 72.5 18.9586
    endloop
  endfacet
  facet normal 0 1 0
    outer loop
      vertex 120.85 72.5 8.8
      vertex 118.05 72.5 8
      vertex 118.05 72.5 18
    endloop
  endfacet
  facet normal 0 1 0
    outer loop
      vertex 118.05 72.5 8
      vertex 112.05 72.5 0
      vertex 117.45 72.5 8
    endloop
  endfacet
  facet normal 0 1 0
    outer loop
      vertex 112.05 72.5 0
      vertex 118.05 72.5 8
      vertex 120.85 72.5 8.8
    endloop
  endfacet
  facet normal 0 1 0
    outer loop
      vertex 120.85 72.5 18.9586
      vertex 117.45 72.5 18
      vertex 110.14 72.5 18.9586
    endloop
  endfacet
  facet normal 0 1 -0
    outer loop
      vertex 110.15 72.5 10
      vertex 110.14 72.5 18.9586
      vertex 117.45 72.5 18
    endloop
  endfacet
  facet normal 0 1 0
    outer loop
      vertex 110.14 72.5 18.9586
      vertex 110.15 72.5 10
      vertex 110.14 72.5 10
    endloop
  endfacet
  facet normal -1 0 0
    outer loop
      vertex 110.14 40.7 18.9586
      vertex 110.14 72.5 18.9586
      vertex 110.14 72.5 10
    endloop
  endfacet
  facet normal -1 0 0
    outer loop
      vertex 110.14 72.5 18.9586
      vertex 110.14 40.7 18.9586
      vertex 110.14 59.5586 31.9
    endloop
  endfacet
  facet normal -1 0 0
    outer loop
      vertex 110.14 40.7 18.9586
      vertex 110.14 72.5 10
      vertex 110.14 40.7 10
    endloop
  endfacet
  facet normal -1 -0 0
    outer loop
      vertex 110.14 59.5586 31.9
      vertex 110.14 40.7 18.9586
      vertex 110.14 53.6414 31.9
    endloop
  endfacet
  facet normal 0 0.707107 0.707107
    outer loop
      vertex 120.85 72.5 18.9586
      vertex 110.14 59.5586 31.9
      vertex 120.85 59.5586 31.9
    endloop
  endfacet
  facet normal 0 0.707107 0.707107
    outer loop
      vertex 110.14 59.5586 31.9
      vertex 120.85 72.5 18.9586
      vertex 110.14 72.5 18.9586
    endloop
  endfacet
  facet normal 0 -1 0
    outer loop
      vertex 110.14 40.7 18.9586
      vertex 117.45 40.7 18
      vertex 120.85 40.7 18.9586
    endloop
  endfacet
  facet normal 0 -1 0
    outer loop
      vertex 110.15 40.7 10
      vertex 110.14 40.7 18.9586
      vertex 110.14 40.7 10
    endloop
  endfacet
  facet normal 0 -1 0
    outer loop
      vertex 110.14 40.7 18.9586
      vertex 110.15 40.7 10
      vertex 117.45 40.7 18
    endloop
  endfacet
  facet normal 0 -1 0
    outer loop
      vertex 110.15 40.7 10
      vertex 117.45 40.7 8
      vertex 117.45 40.7 18
    endloop
  endfacet
  facet normal 0 -1 0
    outer loop
      vertex 110.15 40.7 10
      vertex 112.05 40.7 0
      vertex 117.45 40.7 8
    endloop
  endfacet
  facet normal 0 -1 0
    outer loop
      vertex 112.05 40.7 0
      vertex 110.15 40.7 10
      vertex 110.15 40.7 0
    endloop
  endfacet
  facet normal 0 -1 0
    outer loop
      vertex 118.05 40.7 18
      vertex 120.85 40.7 18.9586
      vertex 117.45 40.7 18
    endloop
  endfacet
  facet normal 0 -1 0
    outer loop
      vertex 118.05 40.7 18
      vertex 120.85 40.7 8.8
      vertex 120.85 40.7 18.9586
    endloop
  endfacet
  facet normal 0 -1 0
    outer loop
      vertex 118.05 40.7 8
      vertex 120.85 40.7 8.8
      vertex 118.05 40.7 18
    endloop
  endfacet
  facet normal 0 -1 -0
    outer loop
      vertex 117.45 40.7 8
      vertex 112.05 40.7 0
      vertex 118.05 40.7 8
    endloop
  endfacet
  facet normal 0 -1 -0
    outer loop
      vertex 118.05 40.7 8
      vertex 112.05 40.7 0
      vertex 120.85 40.7 8.8
    endloop
  endfacet
  facet normal 0.707107 0 -0.707107
    outer loop
      vertex 120.85 40.7 8.8
      vertex 112.05 72.5 0
      vertex 120.85 72.5 8.8
    endloop
  endfacet
  facet normal 0.707107 0 -0.707107
    outer loop
      vertex 112.05 72.5 0
      vertex 120.85 40.7 8.8
      vertex 112.05 40.7 0
    endloop
  endfacet
  facet normal -0.966235 -0.257663 0
    outer loop
      vertex 117.49 40.55 8
      vertex 117.45 40.7 18
      vertex 117.45 40.7 8
    endloop
  endfacet
  facet normal -0.966235 -0.257663 0
    outer loop
      vertex 117.45 40.7 18
      vertex 117.49 40.55 8
      vertex 117.49 40.55 18
    endloop
  endfacet
  facet normal 0.966235 -0.257663 0
    outer loop
      vertex 118.01 40.55 18
      vertex 118.05 40.7 8
      vertex 118.05 40.7 18
    endloop
  endfacet
  facet normal 0.966235 -0.257663 0
    outer loop
      vertex 118.05 40.7 8
      vertex 118.01 40.55 18
      vertex 118.01 40.55 8
    endloop
  endfacet
  facet normal 0.258865 -0.965914 0
    outer loop
      vertex 117.75 40.4 8
      vertex 117.9 40.4402 18
      vertex 117.75 40.4 18
    endloop
  endfacet
  facet normal 0.258865 -0.965914 0
    outer loop
      vertex 117.9 40.4402 18
      vertex 117.75 40.4 8
      vertex 117.9 40.4402 8
    endloop
  endfacet
  facet normal 0.706463 -0.70775 0
    outer loop
      vertex 117.9 40.4402 18
      vertex 118.01 40.55 8
      vertex 118.01 40.55 18
    endloop
  endfacet
  facet normal 0.706463 -0.70775 0
    outer loop
      vertex 118.01 40.55 8
      vertex 117.9 40.4402 18
      vertex 117.9 40.4402 8
    endloop
  endfacet
  facet normal 0 0 1
    outer loop
      vertex 118.05 40.7 18
      vertex 117.9 40.4402 18
      vertex 118.01 40.55 18
    endloop
  endfacet
  facet normal 0 0 1
    outer loop
      vertex 118.05 40.7 18
      vertex 117.75 40.4 18
      vertex 117.9 40.4402 18
    endloop
  endfacet
  facet normal 0 0 1
    outer loop
      vertex 118.05 40.7 18
      vertex 117.6 40.4402 18
      vertex 117.75 40.4 18
    endloop
  endfacet
  facet normal 0 0 1
    outer loop
      vertex 118.05 40.7 18
      vertex 117.49 40.55 18
      vertex 117.6 40.4402 18
    endloop
  endfacet
  facet normal -0 0 1
    outer loop
      vertex 117.45 40.7 18
      vertex 117.49 40.55 18
      vertex 118.05 40.7 18
    endloop
  endfacet
  facet normal 0 0 -1
    outer loop
      vertex 117.9 40.4402 8
      vertex 118.05 40.7 8
      vertex 118.01 40.55 8
    endloop
  endfacet
  facet normal 0 0 -1
    outer loop
      vertex 117.75 40.4 8
      vertex 118.05 40.7 8
      vertex 117.9 40.4402 8
    endloop
  endfacet
  facet normal 0 0 -1
    outer loop
      vertex 117.6 40.4402 8
      vertex 118.05 40.7 8
      vertex 117.75 40.4 8
    endloop
  endfacet
  facet normal 0 0 -1
    outer loop
      vertex 117.49 40.55 8
      vertex 118.05 40.7 8
      vertex 117.6 40.4402 8
    endloop
  endfacet
  facet normal 0 0 -1
    outer loop
      vertex 117.49 40.55 8
      vertex 117.45 40.7 8
      vertex 118.05 40.7 8
    endloop
  endfacet
  facet normal -0.706463 -0.70775 0
    outer loop
      vertex 117.49 40.55 8
      vertex 117.6 40.4402 18
      vertex 117.49 40.55 18
    endloop
  endfacet
  facet normal -0.706463 -0.70775 -0
    outer loop
      vertex 117.6 40.4402 18
      vertex 117.49 40.55 8
      vertex 117.6 40.4402 8
    endloop
  endfacet
  facet normal -0.258865 -0.965914 0
    outer loop
      vertex 117.6 40.4402 8
      vertex 117.75 40.4 18
      vertex 117.6 40.4402 18
    endloop
  endfacet
  facet normal -0.258865 -0.965914 -0
    outer loop
      vertex 117.75 40.4 18
      vertex 117.6 40.4402 8
      vertex 117.75 40.4 8
    endloop
  endfacet
  facet normal 0.706463 0.70775 0
    outer loop
      vertex 118.01 72.65 18
      vertex 117.9 72.7598 8
      vertex 117.9 72.7598 18
    endloop
  endfacet
  facet normal 0.706463 0.70775 0
    outer loop
      vertex 117.9 72.7598 8
      vertex 118.01 72.65 18
      vertex 118.01 72.65 8
    endloop
  endfacet
  facet normal 0.966235 0.257663 0
    outer loop
      vertex 118.05 72.5 18
      vertex 118.01 72.65 8
      vertex 118.01 72.65 18
    endloop
  endfacet
  facet normal 0.966235 0.257663 0
    outer loop
      vertex 118.01 72.65 8
      vertex 118.05 72.5 18
      vertex 118.05 72.5 8
    endloop
  endfacet
  facet normal 0.258865 0.965914 -0
    outer loop
      vertex 117.9 72.7598 8
      vertex 117.75 72.8 18
      vertex 117.9 72.7598 18
    endloop
  endfacet
  facet normal 0.258865 0.965914 0
    outer loop
      vertex 117.75 72.8 18
      vertex 117.9 72.7598 8
      vertex 117.75 72.8 8
    endloop
  endfacet
  facet normal -0.706463 0.70775 0
    outer loop
      vertex 117.6 72.7598 8
      vertex 117.49 72.65 18
      vertex 117.6 72.7598 18
    endloop
  endfacet
  facet normal -0.706463 0.70775 0
    outer loop
      vertex 117.49 72.65 18
      vertex 117.6 72.7598 8
      vertex 117.49 72.65 8
    endloop
  endfacet
  facet normal -0.258865 0.965914 0
    outer loop
      vertex 117.75 72.8 8
      vertex 117.6 72.7598 18
      vertex 117.75 72.8 18
    endloop
  endfacet
  facet normal -0.258865 0.965914 0
    outer loop
      vertex 117.6 72.7598 18
      vertex 117.75 72.8 8
      vertex 117.6 72.7598 8
    endloop
  endfacet
  facet normal -0.966235 0.257663 0
    outer loop
      vertex 117.45 72.5 8
      vertex 117.49 72.65 18
      vertex 117.49 72.65 8
    endloop
  endfacet
  facet normal -0.966235 0.257663 0
    outer loop
      vertex 117.49 72.65 18
      vertex 117.45 72.5 8
      vertex 117.45 72.5 18
    endloop
  endfacet
  facet normal 0 0 1
    outer loop
      vertex 117.9 72.7598 18
      vertex 118.05 72.5 18
      vertex 118.01 72.65 18
    endloop
  endfacet
  facet normal 0 0 1
    outer loop
      vertex 117.75 72.8 18
      vertex 118.05 72.5 18
      vertex 117.9 72.7598 18
    endloop
  endfacet
  facet normal -0 0 1
    outer loop
      vertex 117.6 72.7598 18
      vertex 118.05 72.5 18
      vertex 117.75 72.8 18
    endloop
  endfacet
  facet normal -0 0 1
    outer loop
      vertex 117.49 72.65 18
      vertex 118.05 72.5 18
      vertex 117.6 72.7598 18
    endloop
  endfacet
  facet normal 0 0 1
    outer loop
      vertex 117.49 72.65 18
      vertex 117.45 72.5 18
      vertex 118.05 72.5 18
    endloop
  endfacet
  facet normal 0 0 -1
    outer loop
      vertex 118.05 72.5 8
      vertex 117.9 72.7598 8
      vertex 118.01 72.65 8
    endloop
  endfacet
  facet normal 0 0 -1
    outer loop
      vertex 118.05 72.5 8
      vertex 117.75 72.8 8
      vertex 117.9 72.7598 8
    endloop
  endfacet
  facet normal 0 0 -1
    outer loop
      vertex 118.05 72.5 8
      vertex 117.6 72.7598 8
      vertex 117.75 72.8 8
    endloop
  endfacet
  facet normal 0 0 -1
    outer loop
      vertex 118.05 72.5 8
      vertex 117.49 72.65 8
      vertex 117.6 72.7598 8
    endloop
  endfacet
  facet normal 0 0 -1
    outer loop
      vertex 117.45 72.5 8
      vertex 117.49 72.65 8
      vertex 118.05 72.5 8
    endloop
  endfacet
  facet normal 1 -0 0
    outer loop
      vertex 110.15 72.5 10
      vertex 110.15 75 0
      vertex 110.15 75 10
    endloop
  endfacet
  facet normal 1 0 0
    outer loop
      vertex 110.15 75 0
      vertex 110.15 72.5 10
      vertex 110.15 72.5 0
    endloop
  endfacet
  facet normal 1 -0 0
    outer loop
      vertex 110.15 0 10
      vertex 110.15 1.60001 0
      vertex 110.15 1.60001 10
    endloop
  endfacet
  facet normal 1 0 0
    outer loop
      vertex 110.15 1.60001 0
      vertex 110.15 0 10
      vertex 110.15 0 0
    endloop
  endfacet
  facet normal 1 -0 0
    outer loop
      vertex 110.15 33.4 10
      vertex 110.15 40.7 0
      vertex 110.15 40.7 10
    endloop
  endfacet
  facet normal 1 0 0
    outer loop
      vertex 110.15 40.7 0
      vertex 110.15 33.4 10
      vertex 110.15 33.4 0
    endloop
  endfacet
  facet normal 0 0 1
    outer loop
      vertex 110.15 75 10
      vertex 110.14 72.5 10
      vertex 110.15 72.5 10
    endloop
  endfacet
  facet normal 0 0 1
    outer loop
      vertex 106.15 75 10
      vertex 110.14 40.7 10
      vertex 110.14 72.5 10
    endloop
  endfacet
  facet normal 0 0 1
    outer loop
      vertex 110.14 40.7 10
      vertex 106.15 75 10
      vertex 110.14 33.4 10
    endloop
  endfacet
  facet normal 0 0 1
    outer loop
      vertex 110.14 33.4 10
      vertex 106.15 75 10
      vertex 106.15 0 10
    endloop
  endfacet
  facet normal -0 0 1
    outer loop
      vertex 106.15 75 10
      vertex 110.14 72.5 10
      vertex 110.15 75 10
    endloop
  endfacet
  facet normal -0 0 1
    outer loop
      vertex 110.14 40.7 10
      vertex 110.15 33.4 10
      vertex 110.15 40.7 10
    endloop
  endfacet
  facet normal 0 0 1
    outer loop
      vertex 110.15 33.4 10
      vertex 110.14 40.7 10
      vertex 110.14 33.4 10
    endloop
  endfacet
  facet normal -0 0 1
    outer loop
      vertex 110.14 1.60001 10
      vertex 110.15 0 10
      vertex 110.15 1.60001 10
    endloop
  endfacet
  facet normal 0 0 1
    outer loop
      vertex 110.14 33.4 10
      vertex 106.15 0 10
      vertex 110.14 1.60001 10
    endloop
  endfacet
  facet normal 0 0 1
    outer loop
      vertex 110.14 1.60001 10
      vertex 106.15 0 10
      vertex 110.15 0 10
    endloop
  endfacet
  facet normal -1 0 0
    outer loop
      vertex 106.15 0 3
      vertex 106.15 75 10
      vertex 106.15 75 3
    endloop
  endfacet
  facet normal -1 -0 0
    outer loop
      vertex 106.15 75 10
      vertex 106.15 0 3
      vertex 106.15 0 10
    endloop
  endfacet
  facet normal -1 0 0
    outer loop
      vertex 106.15 0.4 0
      vertex 106.15 0 0
      vertex 106.15 0 0.4
    endloop
  endfacet
  facet normal -1 0 0
    outer loop
      vertex 106.15 75 0
      vertex 106.15 74.6 0
      vertex 106.15 75 0.4
    endloop
  endfacet
  facet normal -0.522479 -0.852652 0
    outer loop
      vertex -98.5573 7.66844 3
      vertex -98.089 7.38148 8
      vertex -98.5573 7.66844 8
    endloop
  endfacet
  facet normal -0.522479 -0.852652 -0
    outer loop
      vertex -98.089 7.38148 8
      vertex -98.5573 7.66844 3
      vertex -98.089 7.38148 3
    endloop
  endfacet
  facet normal -0.0784787 0.996916 0
    outer loop
      vertex -96.5 14 3
      vertex -97.0475 13.9569 8
      vertex -96.5 14 8
    endloop
  endfacet
  facet normal -0.0784787 0.996916 0
    outer loop
      vertex -97.0475 13.9569 8
      vertex -96.5 14 3
      vertex -97.0475 13.9569 3
    endloop
  endfacet
  facet normal 0.972381 0.2334 0
    outer loop
      vertex -93.0431 11.0475 8
      vertex -93.1713 11.5816 3
      vertex -93.1713 11.5816 8
    endloop
  endfacet
  facet normal 0.972381 0.2334 0
    outer loop
      vertex -93.1713 11.5816 3
      vertex -93.0431 11.0475 8
      vertex -93.0431 11.0475 3
    endloop
  endfacet
  facet normal 0.996916 0.0784787 0
    outer loop
      vertex -93 10.5 8
      vertex -93.0431 11.0475 3
      vertex -93.0431 11.0475 8
    endloop
  endfacet
  facet normal 0.996916 0.0784787 0
    outer loop
      vertex -93.0431 11.0475 3
      vertex -93 10.5 8
      vertex -93 10.5 3
    endloop
  endfacet
  facet normal 0.923861 0.382727 0
    outer loop
      vertex -93.1713 11.5816 8
      vertex -93.3815 12.089 3
      vertex -93.3815 12.089 8
    endloop
  endfacet
  facet normal 0.923861 0.382727 0
    outer loop
      vertex -93.3815 12.089 3
      vertex -93.1713 11.5816 8
      vertex -93.1713 11.5816 3
    endloop
  endfacet
  facet normal 0.382696 -0.923874 0
    outer loop
      vertex -95.4184 7.1713 3
      vertex -94.911 7.38148 8
      vertex -95.4184 7.1713 8
    endloop
  endfacet
  facet normal 0.382696 -0.923874 0
    outer loop
      vertex -94.911 7.38148 8
      vertex -95.4184 7.1713 3
      vertex -94.911 7.38148 3
    endloop
  endfacet
  facet normal -0.923864 -0.382721 0
    outer loop
      vertex -99.6185 8.91103 3
      vertex -99.8287 9.41844 8
      vertex -99.8287 9.41844 3
    endloop
  endfacet
  facet normal -0.923864 -0.382721 0
    outer loop
      vertex -99.8287 9.41844 8
      vertex -99.6185 8.91103 3
      vertex -99.6185 8.91103 8
    endloop
  endfacet
  facet normal -0.382727 0.923861 0
    outer loop
      vertex -97.5816 13.8287 3
      vertex -98.089 13.6185 8
      vertex -97.5816 13.8287 8
    endloop
  endfacet
  facet normal -0.382727 0.923861 0
    outer loop
      vertex -98.089 13.6185 8
      vertex -97.5816 13.8287 3
      vertex -98.089 13.6185 3
    endloop
  endfacet
  facet normal 0.996916 -0.0784758 0
    outer loop
      vertex -93.0431 9.95248 8
      vertex -93 10.5 3
      vertex -93 10.5 8
    endloop
  endfacet
  facet normal 0.996916 -0.0784758 0
    outer loop
      vertex -93 10.5 3
      vertex -93.0431 9.95248 8
      vertex -93.0431 9.95248 3
    endloop
  endfacet
  facet normal 0.852651 0.522481 0
    outer loop
      vertex -93.3815 12.089 8
      vertex -93.6684 12.5572 3
      vertex -93.6684 12.5572 8
    endloop
  endfacet
  facet normal 0.852651 0.522481 0
    outer loop
      vertex -93.6684 12.5572 3
      vertex -93.3815 12.089 8
      vertex -93.3815 12.089 3
    endloop
  endfacet
  facet normal -0.852651 0.522481 0
    outer loop
      vertex -99.6185 12.089 3
      vertex -99.3316 12.5572 8
      vertex -99.3316 12.5572 3
    endloop
  endfacet
  facet normal -0.852651 0.522481 0
    outer loop
      vertex -99.3316 12.5572 8
      vertex -99.6185 12.089 3
      vertex -99.6185 12.089 8
    endloop
  endfacet
  facet normal -0.649486 0.760374 0
    outer loop
      vertex -98.5573 13.3316 3
      vertex -98.9749 12.9749 8
      vertex -98.5573 13.3316 8
    endloop
  endfacet
  facet normal -0.649486 0.760374 0
    outer loop
      vertex -98.9749 12.9749 8
      vertex -98.5573 13.3316 3
      vertex -98.9749 12.9749 3
    endloop
  endfacet
  facet normal 0.233418 -0.972377 0
    outer loop
      vertex -95.9525 7.04309 3
      vertex -95.4184 7.1713 8
      vertex -95.9525 7.04309 8
    endloop
  endfacet
  facet normal 0.233418 -0.972377 0
    outer loop
      vertex -95.4184 7.1713 8
      vertex -95.9525 7.04309 3
      vertex -95.4184 7.1713 3
    endloop
  endfacet
  facet normal -0.5224 0.852701 0
    outer loop
      vertex -98.089 13.6185 3
      vertex -98.5573 13.3316 8
      vertex -98.089 13.6185 8
    endloop
  endfacet
  facet normal -0.5224 0.852701 0
    outer loop
      vertex -98.5573 13.3316 8
      vertex -98.089 13.6185 3
      vertex -98.5573 13.3316 3
    endloop
  endfacet
  facet normal 0.923864 -0.382721 0
    outer loop
      vertex -93.3815 8.91103 8
      vertex -93.1713 9.41844 3
      vertex -93.1713 9.41844 8
    endloop
  endfacet
  facet normal 0.923864 -0.382721 0
    outer loop
      vertex -93.1713 9.41844 3
      vertex -93.3815 8.91103 8
      vertex -93.3815 8.91103 3
    endloop
  endfacet
  facet normal 0.852691 -0.522416 0
    outer loop
      vertex -93.6684 8.44275 8
      vertex -93.3815 8.91103 3
      vertex -93.3815 8.91103 8
    endloop
  endfacet
  facet normal 0.852691 -0.522416 0
    outer loop
      vertex -93.3815 8.91103 3
      vertex -93.6684 8.44275 8
      vertex -93.6684 8.44275 3
    endloop
  endfacet
  facet normal 0.972375 -0.233425 0
    outer loop
      vertex -93.1713 9.41844 8
      vertex -93.0431 9.95248 3
      vertex -93.0431 9.95248 8
    endloop
  endfacet
  facet normal 0.972375 -0.233425 0
    outer loop
      vertex -93.0431 9.95248 3
      vertex -93.1713 9.41844 8
      vertex -93.1713 9.41844 3
    endloop
  endfacet
  facet normal -0.233418 -0.972377 0
    outer loop
      vertex -97.5816 7.1713 3
      vertex -97.0475 7.04309 8
      vertex -97.5816 7.1713 8
    endloop
  endfacet
  facet normal -0.233418 -0.972377 -0
    outer loop
      vertex -97.0475 7.04309 8
      vertex -97.5816 7.1713 3
      vertex -97.0475 7.04309 3
    endloop
  endfacet
  facet normal 0.2334 0.972381 -0
    outer loop
      vertex -95.4184 13.8287 3
      vertex -95.9525 13.9569 8
      vertex -95.4184 13.8287 8
    endloop
  endfacet
  facet normal 0.2334 0.972381 0
    outer loop
      vertex -95.9525 13.9569 8
      vertex -95.4184 13.8287 3
      vertex -95.9525 13.9569 3
    endloop
  endfacet
  facet normal -0.972381 0.2334 0
    outer loop
      vertex -99.9569 11.0475 3
      vertex -99.8287 11.5816 8
      vertex -99.8287 11.5816 3
    endloop
  endfacet
  facet normal -0.972381 0.2334 0
    outer loop
      vertex -99.8287 11.5816 8
      vertex -99.9569 11.0475 3
      vertex -99.9569 11.0475 8
    endloop
  endfacet
  facet normal 0.649475 -0.760383 0
    outer loop
      vertex -94.4427 7.66844 3
      vertex -94.0251 8.02513 8
      vertex -94.4427 7.66844 8
    endloop
  endfacet
  facet normal 0.649475 -0.760383 0
    outer loop
      vertex -94.0251 8.02513 8
      vertex -94.4427 7.66844 3
      vertex -94.0251 8.02513 3
    endloop
  endfacet
  facet normal -0.996916 0.0784787 0
    outer loop
      vertex -100 10.5 3
      vertex -99.9569 11.0475 8
      vertex -99.9569 11.0475 3
    endloop
  endfacet
  facet normal -0.996916 0.0784787 0
    outer loop
      vertex -99.9569 11.0475 8
      vertex -100 10.5 3
      vertex -100 10.5 8
    endloop
  endfacet
  facet normal 0.5224 0.852701 -0
    outer loop
      vertex -94.4427 13.3316 3
      vertex -94.911 13.6185 8
      vertex -94.4427 13.3316 8
    endloop
  endfacet
  facet normal 0.5224 0.852701 0
    outer loop
      vertex -94.911 13.6185 8
      vertex -94.4427 13.3316 3
      vertex -94.911 13.6185 3
    endloop
  endfacet
  facet normal 0.382727 0.923861 -0
    outer loop
      vertex -94.911 13.6185 3
      vertex -95.4184 13.8287 8
      vertex -94.911 13.6185 8
    endloop
  endfacet
  facet normal 0.382727 0.923861 0
    outer loop
      vertex -95.4184 13.8287 8
      vertex -94.911 13.6185 3
      vertex -95.4184 13.8287 3
    endloop
  endfacet
  facet normal 0.760389 -0.649468 0
    outer loop
      vertex -94.0251 8.02513 8
      vertex -93.6684 8.44275 3
      vertex -93.6684 8.44275 8
    endloop
  endfacet
  facet normal 0.760389 -0.649468 0
    outer loop
      vertex -93.6684 8.44275 3
      vertex -94.0251 8.02513 8
      vertex -94.0251 8.02513 3
    endloop
  endfacet
  facet normal 0.76045 0.649396 0
    outer loop
      vertex -93.6684 12.5572 8
      vertex -94.0251 12.9749 3
      vertex -94.0251 12.9749 8
    endloop
  endfacet
  facet normal 0.76045 0.649396 0
    outer loop
      vertex -94.0251 12.9749 3
      vertex -93.6684 12.5572 8
      vertex -93.6684 12.5572 3
    endloop
  endfacet
  facet normal 0.0784606 -0.996917 0
    outer loop
      vertex -96.5 7 3
      vertex -95.9525 7.04309 8
      vertex -96.5 7 8
    endloop
  endfacet
  facet normal 0.0784606 -0.996917 0
    outer loop
      vertex -95.9525 7.04309 8
      vertex -96.5 7 3
      vertex -95.9525 7.04309 3
    endloop
  endfacet
  facet normal 0.649486 0.760374 -0
    outer loop
      vertex -94.0251 12.9749 3
      vertex -94.4427 13.3316 8
      vertex -94.0251 12.9749 8
    endloop
  endfacet
  facet normal 0.649486 0.760374 0
    outer loop
      vertex -94.4427 13.3316 8
      vertex -94.0251 12.9749 3
      vertex -94.4427 13.3316 3
    endloop
  endfacet
  facet normal -0.923861 0.382727 0
    outer loop
      vertex -99.8287 11.5816 3
      vertex -99.6185 12.089 8
      vertex -99.6185 12.089 3
    endloop
  endfacet
  facet normal -0.923861 0.382727 0
    outer loop
      vertex -99.6185 12.089 8
      vertex -99.8287 11.5816 3
      vertex -99.8287 11.5816 8
    endloop
  endfacet
  facet normal -0.760389 -0.649468 0
    outer loop
      vertex -98.9749 8.02513 3
      vertex -99.3316 8.44275 8
      vertex -99.3316 8.44275 3
    endloop
  endfacet
  facet normal -0.760389 -0.649468 0
    outer loop
      vertex -99.3316 8.44275 8
      vertex -98.9749 8.02513 3
      vertex -98.9749 8.02513 8
    endloop
  endfacet
  facet normal -0.2334 0.972381 0
    outer loop
      vertex -97.0475 13.9569 3
      vertex -97.5816 13.8287 8
      vertex -97.0475 13.9569 8
    endloop
  endfacet
  facet normal -0.2334 0.972381 0
    outer loop
      vertex -97.5816 13.8287 8
      vertex -97.0475 13.9569 3
      vertex -97.5816 13.8287 3
    endloop
  endfacet
  facet normal -0.996916 -0.0784758 0
    outer loop
      vertex -99.9569 9.95248 3
      vertex -100 10.5 8
      vertex -100 10.5 3
    endloop
  endfacet
  facet normal -0.996916 -0.0784758 0
    outer loop
      vertex -100 10.5 8
      vertex -99.9569 9.95248 3
      vertex -99.9569 9.95248 8
    endloop
  endfacet
  facet normal 0 0 1
    outer loop
      vertex -94.7 10.5 8
      vertex -93 10.5 8
      vertex -93.0431 11.0475 8
    endloop
  endfacet
  facet normal 0 0 1
    outer loop
      vertex -94.7346 10.8512 8
      vertex -93.0431 11.0475 8
      vertex -93.1713 11.5816 8
    endloop
  endfacet
  facet normal 0 0 1
    outer loop
      vertex -93 10.5 8
      vertex -94.7 10.5 8
      vertex -93.0431 9.95248 8
    endloop
  endfacet
  facet normal 0 0 1
    outer loop
      vertex -94.837 11.1888 8
      vertex -93.1713 11.5816 8
      vertex -93.3815 12.089 8
    endloop
  endfacet
  facet normal -0 0 1
    outer loop
      vertex -94.7346 10.1488 8
      vertex -93.0431 9.95248 8
      vertex -94.7 10.5 8
    endloop
  endfacet
  facet normal 0 0 1
    outer loop
      vertex -95.0034 11.5 8
      vertex -93.3815 12.089 8
      vertex -93.6684 12.5572 8
    endloop
  endfacet
  facet normal 0 0 1
    outer loop
      vertex -93.0431 9.95248 8
      vertex -94.7346 10.1488 8
      vertex -93.1713 9.41844 8
    endloop
  endfacet
  facet normal 0 0 1
    outer loop
      vertex -95.2272 11.7728 8
      vertex -93.6684 12.5572 8
      vertex -94.0251 12.9749 8
    endloop
  endfacet
  facet normal -0 0 1
    outer loop
      vertex -94.837 9.81117 8
      vertex -93.1713 9.41844 8
      vertex -94.7346 10.1488 8
    endloop
  endfacet
  facet normal 0 0 1
    outer loop
      vertex -95.2272 11.7728 8
      vertex -94.0251 12.9749 8
      vertex -94.4427 13.3316 8
    endloop
  endfacet
  facet normal 0 0 1
    outer loop
      vertex -93.1713 9.41844 8
      vertex -94.837 9.81117 8
      vertex -93.3815 8.91103 8
    endloop
  endfacet
  facet normal -0 0 1
    outer loop
      vertex -95.0034 9.49997 8
      vertex -93.3815 8.91103 8
      vertex -94.837 9.81117 8
    endloop
  endfacet
  facet normal 0 0 1
    outer loop
      vertex -93.0431 11.0475 8
      vertex -94.7346 10.8512 8
      vertex -94.7 10.5 8
    endloop
  endfacet
  facet normal 0 0 1
    outer loop
      vertex -93.1713 11.5816 8
      vertex -94.837 11.1888 8
      vertex -94.7346 10.8512 8
    endloop
  endfacet
  facet normal 0 0 1
    outer loop
      vertex -95.5 11.9966 8
      vertex -94.4427 13.3316 8
      vertex -94.911 13.6185 8
    endloop
  endfacet
  facet normal 0 0 1
    outer loop
      vertex -93.3815 12.089 8
      vertex -95.0034 11.5 8
      vertex -94.837 11.1888 8
    endloop
  endfacet
  facet normal 0 0 1
    outer loop
      vertex -93.6684 12.5572 8
      vertex -95.2272 11.7728 8
      vertex -95.0034 11.5 8
    endloop
  endfacet
  facet normal 0 0 1
    outer loop
      vertex -95.8112 12.163 8
      vertex -94.911 13.6185 8
      vertex -95.4184 13.8287 8
    endloop
  endfacet
  facet normal 0 0 1
    outer loop
      vertex -94.4427 13.3316 8
      vertex -95.5 11.9966 8
      vertex -95.2272 11.7728 8
    endloop
  endfacet
  facet normal 0 0 1
    outer loop
      vertex -94.911 13.6185 8
      vertex -95.8112 12.163 8
      vertex -95.5 11.9966 8
    endloop
  endfacet
  facet normal 0 0 1
    outer loop
      vertex -96.1488 12.2654 8
      vertex -95.4184 13.8287 8
      vertex -95.9525 13.9569 8
    endloop
  endfacet
  facet normal 0 0 1
    outer loop
      vertex -95.4184 13.8287 8
      vertex -96.1488 12.2654 8
      vertex -95.8112 12.163 8
    endloop
  endfacet
  facet normal 0 0 1
    outer loop
      vertex -96.5 12.3 8
      vertex -95.9525 13.9569 8
      vertex -96.5 14 8
    endloop
  endfacet
  facet normal 0 0 1
    outer loop
      vertex -95.9525 13.9569 8
      vertex -96.5 12.3 8
      vertex -96.1488 12.2654 8
    endloop
  endfacet
  facet normal -0 0 1
    outer loop
      vertex -97.0475 13.9569 8
      vertex -96.5 12.3 8
      vertex -96.5 14 8
    endloop
  endfacet
  facet normal 0 0 1
    outer loop
      vertex -96.5 12.3 8
      vertex -97.0475 13.9569 8
      vertex -96.8512 12.2654 8
    endloop
  endfacet
  facet normal -0 0 1
    outer loop
      vertex -97.5816 13.8287 8
      vertex -96.8512 12.2654 8
      vertex -97.0475 13.9569 8
    endloop
  endfacet
  facet normal 0 0 1
    outer loop
      vertex -96.8512 12.2654 8
      vertex -97.5816 13.8287 8
      vertex -97.1888 12.163 8
    endloop
  endfacet
  facet normal -0 0 1
    outer loop
      vertex -98.089 13.6185 8
      vertex -97.1888 12.163 8
      vertex -97.5816 13.8287 8
    endloop
  endfacet
  facet normal 0 0 1
    outer loop
      vertex -97.1888 12.163 8
      vertex -98.089 13.6185 8
      vertex -97.5 11.9966 8
    endloop
  endfacet
  facet normal -0 0 1
    outer loop
      vertex -98.5573 13.3316 8
      vertex -97.5 11.9966 8
      vertex -98.089 13.6185 8
    endloop
  endfacet
  facet normal 0 0 1
    outer loop
      vertex -97.5 11.9966 8
      vertex -98.5573 13.3316 8
      vertex -97.7728 11.7728 8
    endloop
  endfacet
  facet normal -0 0 1
    outer loop
      vertex -98.9749 12.9749 8
      vertex -97.7728 11.7728 8
      vertex -98.5573 13.3316 8
    endloop
  endfacet
  facet normal -0 0 1
    outer loop
      vertex -99.3316 12.5572 8
      vertex -97.7728 11.7728 8
      vertex -98.9749 12.9749 8
    endloop
  endfacet
  facet normal 0 0 1
    outer loop
      vertex -97.7728 11.7728 8
      vertex -99.3316 12.5572 8
      vertex -97.9966 11.5 8
    endloop
  endfacet
  facet normal -0 0 1
    outer loop
      vertex -99.6185 12.089 8
      vertex -97.9966 11.5 8
      vertex -99.3316 12.5572 8
    endloop
  endfacet
  facet normal 0 0 1
    outer loop
      vertex -93.3815 8.91103 8
      vertex -95.0034 9.49997 8
      vertex -93.6684 8.44275 8
    endloop
  endfacet
  facet normal -0 0 1
    outer loop
      vertex -95.2272 9.22721 8
      vertex -93.6684 8.44275 8
      vertex -95.0034 9.49997 8
    endloop
  endfacet
  facet normal 0 0 1
    outer loop
      vertex -93.6684 8.44275 8
      vertex -95.2272 9.22721 8
      vertex -94.0251 8.02513 8
    endloop
  endfacet
  facet normal 0 0 1
    outer loop
      vertex -94.0251 8.02513 8
      vertex -95.2272 9.22721 8
      vertex -94.4427 7.66844 8
    endloop
  endfacet
  facet normal -0 0 1
    outer loop
      vertex -95.5 9.00335 8
      vertex -94.4427 7.66844 8
      vertex -95.2272 9.22721 8
    endloop
  endfacet
  facet normal 0 0 1
    outer loop
      vertex -94.4427 7.66844 8
      vertex -95.5 9.00335 8
      vertex -94.911 7.38148 8
    endloop
  endfacet
  facet normal -0 0 1
    outer loop
      vertex -95.8112 8.83702 8
      vertex -94.911 7.38148 8
      vertex -95.5 9.00335 8
    endloop
  endfacet
  facet normal 0 0 1
    outer loop
      vertex -94.911 7.38148 8
      vertex -95.8112 8.83702 8
      vertex -95.4184 7.1713 8
    endloop
  endfacet
  facet normal -0 0 1
    outer loop
      vertex -96.1488 8.73459 8
      vertex -95.4184 7.1713 8
      vertex -95.8112 8.83702 8
    endloop
  endfacet
  facet normal 0 0 1
    outer loop
      vertex -95.4184 7.1713 8
      vertex -96.1488 8.73459 8
      vertex -95.9525 7.04309 8
    endloop
  endfacet
  facet normal -0 0 1
    outer loop
      vertex -96.5 8.7 8
      vertex -95.9525 7.04309 8
      vertex -96.1488 8.73459 8
    endloop
  endfacet
  facet normal 0 0 1
    outer loop
      vertex -96.5 8.7 8
      vertex -96.5 7 8
      vertex -95.9525 7.04309 8
    endloop
  endfacet
  facet normal 0 0 1
    outer loop
      vertex -97.0475 7.04309 8
      vertex -96.5 8.7 8
      vertex -96.8512 8.73459 8
    endloop
  endfacet
  facet normal 0 0 1
    outer loop
      vertex -96.5 8.7 8
      vertex -97.0475 7.04309 8
      vertex -96.5 7 8
    endloop
  endfacet
  facet normal 0 0 1
    outer loop
      vertex -97.5816 7.1713 8
      vertex -96.8512 8.73459 8
      vertex -97.1888 8.83702 8
    endloop
  endfacet
  facet normal 0 0 1
    outer loop
      vertex -98.089 7.38148 8
      vertex -97.1888 8.83702 8
      vertex -97.5 9.00335 8
    endloop
  endfacet
  facet normal 0 0 1
    outer loop
      vertex -96.8512 8.73459 8
      vertex -97.5816 7.1713 8
      vertex -97.0475 7.04309 8
    endloop
  endfacet
  facet normal 0 0 1
    outer loop
      vertex -98.5573 7.66844 8
      vertex -97.5 9.00335 8
      vertex -97.7728 9.22721 8
    endloop
  endfacet
  facet normal 0 0 1
    outer loop
      vertex -99.3316 8.44275 8
      vertex -97.7728 9.22721 8
      vertex -97.9966 9.49997 8
    endloop
  endfacet
  facet normal 0 0 1
    outer loop
      vertex -97.1888 8.83702 8
      vertex -98.089 7.38148 8
      vertex -97.5816 7.1713 8
    endloop
  endfacet
  facet normal 0 0 1
    outer loop
      vertex -99.6185 8.91103 8
      vertex -97.9966 9.49997 8
      vertex -98.163 9.81117 8
    endloop
  endfacet
  facet normal 0 0 1
    outer loop
      vertex -99.8287 9.41844 8
      vertex -98.163 9.81117 8
      vertex -98.2654 10.1488 8
    endloop
  endfacet
  facet normal 0 0 1
    outer loop
      vertex -99.9569 9.95248 8
      vertex -98.2654 10.1488 8
      vertex -98.3 10.5 8
    endloop
  endfacet
  facet normal 0 0 1
    outer loop
      vertex -97.9966 11.5 8
      vertex -99.6185 12.089 8
      vertex -98.163 11.1888 8
    endloop
  endfacet
  facet normal 0 0 1
    outer loop
      vertex -97.5 9.00335 8
      vertex -98.5573 7.66844 8
      vertex -98.089 7.38148 8
    endloop
  endfacet
  facet normal -0 0 1
    outer loop
      vertex -99.8287 11.5816 8
      vertex -98.163 11.1888 8
      vertex -99.6185 12.089 8
    endloop
  endfacet
  facet normal 0 0 1
    outer loop
      vertex -97.7728 9.22721 8
      vertex -98.9749 8.02513 8
      vertex -98.5573 7.66844 8
    endloop
  endfacet
  facet normal 0 0 1
    outer loop
      vertex -98.163 11.1888 8
      vertex -99.8287 11.5816 8
      vertex -98.2654 10.8512 8
    endloop
  endfacet
  facet normal 0 0 1
    outer loop
      vertex -97.7728 9.22721 8
      vertex -99.3316 8.44275 8
      vertex -98.9749 8.02513 8
    endloop
  endfacet
  facet normal -0 0 1
    outer loop
      vertex -99.9569 11.0475 8
      vertex -98.2654 10.8512 8
      vertex -99.8287 11.5816 8
    endloop
  endfacet
  facet normal 0 0 1
    outer loop
      vertex -97.9966 9.49997 8
      vertex -99.6185 8.91103 8
      vertex -99.3316 8.44275 8
    endloop
  endfacet
  facet normal 0 0 1
    outer loop
      vertex -98.2654 10.8512 8
      vertex -99.9569 11.0475 8
      vertex -98.3 10.5 8
    endloop
  endfacet
  facet normal 0 0 1
    outer loop
      vertex -98.163 9.81117 8
      vertex -99.8287 9.41844 8
      vertex -99.6185 8.91103 8
    endloop
  endfacet
  facet normal 0 0 1
    outer loop
      vertex -100 10.5 8
      vertex -98.3 10.5 8
      vertex -99.9569 11.0475 8
    endloop
  endfacet
  facet normal 0 0 1
    outer loop
      vertex -98.2654 10.1488 8
      vertex -99.9569 9.95248 8
      vertex -99.8287 9.41844 8
    endloop
  endfacet
  facet normal 0 0 1
    outer loop
      vertex -98.3 10.5 8
      vertex -100 10.5 8
      vertex -99.9569 9.95248 8
    endloop
  endfacet
  facet normal -0.852691 -0.522416 0
    outer loop
      vertex -99.3316 8.44275 3
      vertex -99.6185 8.91103 8
      vertex -99.6185 8.91103 3
    endloop
  endfacet
  facet normal -0.852691 -0.522416 0
    outer loop
      vertex -99.6185 8.91103 8
      vertex -99.3316 8.44275 3
      vertex -99.3316 8.44275 8
    endloop
  endfacet
  facet normal 0.522479 -0.852652 0
    outer loop
      vertex -94.911 7.38148 3
      vertex -94.4427 7.66844 8
      vertex -94.911 7.38148 8
    endloop
  endfacet
  facet normal 0.522479 -0.852652 0
    outer loop
      vertex -94.4427 7.66844 8
      vertex -94.911 7.38148 3
      vertex -94.4427 7.66844 3
    endloop
  endfacet
  facet normal 0.0784787 0.996916 -0
    outer loop
      vertex -95.9525 13.9569 3
      vertex -96.5 14 8
      vertex -95.9525 13.9569 8
    endloop
  endfacet
  facet normal 0.0784787 0.996916 0
    outer loop
      vertex -96.5 14 8
      vertex -95.9525 13.9569 3
      vertex -96.5 14 3
    endloop
  endfacet
  facet normal -0.382696 -0.923874 0
    outer loop
      vertex -98.089 7.38148 3
      vertex -97.5816 7.1713 8
      vertex -98.089 7.38148 8
    endloop
  endfacet
  facet normal -0.382696 -0.923874 -0
    outer loop
      vertex -97.5816 7.1713 8
      vertex -98.089 7.38148 3
      vertex -97.5816 7.1713 3
    endloop
  endfacet
  facet normal -0.972375 -0.233425 0
    outer loop
      vertex -99.8287 9.41844 3
      vertex -99.9569 9.95248 8
      vertex -99.9569 9.95248 3
    endloop
  endfacet
  facet normal -0.972375 -0.233425 0
    outer loop
      vertex -99.9569 9.95248 8
      vertex -99.8287 9.41844 3
      vertex -99.8287 9.41844 8
    endloop
  endfacet
  facet normal -0.76045 0.649396 0
    outer loop
      vertex -99.3316 12.5572 3
      vertex -98.9749 12.9749 8
      vertex -98.9749 12.9749 3
    endloop
  endfacet
  facet normal -0.76045 0.649396 0
    outer loop
      vertex -98.9749 12.9749 8
      vertex -99.3316 12.5572 3
      vertex -99.3316 12.5572 8
    endloop
  endfacet
  facet normal -0.649475 -0.760383 0
    outer loop
      vertex -98.9749 8.02513 3
      vertex -98.5573 7.66844 8
      vertex -98.9749 8.02513 8
    endloop
  endfacet
  facet normal -0.649475 -0.760383 -0
    outer loop
      vertex -98.5573 7.66844 8
      vertex -98.9749 8.02513 3
      vertex -98.5573 7.66844 3
    endloop
  endfacet
  facet normal -0.0784606 -0.996917 0
    outer loop
      vertex -97.0475 7.04309 3
      vertex -96.5 7 8
      vertex -97.0475 7.04309 8
    endloop
  endfacet
  facet normal -0.0784606 -0.996917 -0
    outer loop
      vertex -96.5 7 8
      vertex -97.0475 7.04309 3
      vertex -96.5 7 3
    endloop
  endfacet
  facet normal -0.52256 -0.852602 0
    outer loop
      vertex -40.5572 7.66844 3
      vertex -40.089 7.38148 8
      vertex -40.5572 7.66844 8
    endloop
  endfacet
  facet normal -0.52256 -0.852602 -0
    outer loop
      vertex -40.089 7.38148 8
      vertex -40.5572 7.66844 3
      vertex -40.089 7.38148 3
    endloop
  endfacet
  facet normal -0.0784787 0.996916 0
    outer loop
      vertex -38.5 14 3
      vertex -39.0475 13.9569 8
      vertex -38.5 14 8
    endloop
  endfacet
  facet normal -0.0784787 0.996916 0
    outer loop
      vertex -39.0475 13.9569 8
      vertex -38.5 14 3
      vertex -39.0475 13.9569 3
    endloop
  endfacet
  facet normal 0.972381 0.2334 0
    outer loop
      vertex -35.0431 11.0475 8
      vertex -35.1713 11.5816 3
      vertex -35.1713 11.5816 8
    endloop
  endfacet
  facet normal 0.972381 0.2334 0
    outer loop
      vertex -35.1713 11.5816 3
      vertex -35.0431 11.0475 8
      vertex -35.0431 11.0475 3
    endloop
  endfacet
  facet normal 0.996916 0.0784787 0
    outer loop
      vertex -35 10.5 8
      vertex -35.0431 11.0475 3
      vertex -35.0431 11.0475 8
    endloop
  endfacet
  facet normal 0.996916 0.0784787 0
    outer loop
      vertex -35.0431 11.0475 3
      vertex -35 10.5 8
      vertex -35 10.5 3
    endloop
  endfacet
  facet normal 0.923861 0.382727 0
    outer loop
      vertex -35.1713 11.5816 8
      vertex -35.3815 12.089 3
      vertex -35.3815 12.089 8
    endloop
  endfacet
  facet normal 0.923861 0.382727 0
    outer loop
      vertex -35.3815 12.089 3
      vertex -35.1713 11.5816 8
      vertex -35.1713 11.5816 3
    endloop
  endfacet
  facet normal 0.382696 -0.923874 0
    outer loop
      vertex -37.4184 7.1713 3
      vertex -36.911 7.38148 8
      vertex -37.4184 7.1713 8
    endloop
  endfacet
  facet normal 0.382696 -0.923874 0
    outer loop
      vertex -36.911 7.38148 8
      vertex -37.4184 7.1713 3
      vertex -36.911 7.38148 3
    endloop
  endfacet
  facet normal -0.923864 -0.382721 0
    outer loop
      vertex -41.6185 8.91103 3
      vertex -41.8287 9.41844 8
      vertex -41.8287 9.41844 3
    endloop
  endfacet
  facet normal -0.923864 -0.382721 0
    outer loop
      vertex -41.8287 9.41844 8
      vertex -41.6185 8.91103 3
      vertex -41.6185 8.91103 8
    endloop
  endfacet
  facet normal -0.382727 0.923861 0
    outer loop
      vertex -39.5816 13.8287 3
      vertex -40.089 13.6185 8
      vertex -39.5816 13.8287 8
    endloop
  endfacet
  facet normal -0.382727 0.923861 0
    outer loop
      vertex -40.089 13.6185 8
      vertex -39.5816 13.8287 3
      vertex -40.089 13.6185 3
    endloop
  endfacet
  facet normal 0.996916 -0.0784758 0
    outer loop
      vertex -35.0431 9.95248 8
      vertex -35 10.5 3
      vertex -35 10.5 8
    endloop
  endfacet
  facet normal 0.996916 -0.0784758 0
    outer loop
      vertex -35 10.5 3
      vertex -35.0431 9.95248 8
      vertex -35.0431 9.95248 3
    endloop
  endfacet
  facet normal 0.852651 0.522481 0
    outer loop
      vertex -35.3815 12.089 8
      vertex -35.6684 12.5572 3
      vertex -35.6684 12.5572 8
    endloop
  endfacet
  facet normal 0.852651 0.522481 0
    outer loop
      vertex -35.6684 12.5572 3
      vertex -35.3815 12.089 8
      vertex -35.3815 12.089 3
    endloop
  endfacet
  facet normal -0.852651 0.522481 0
    outer loop
      vertex -41.6185 12.089 3
      vertex -41.3316 12.5572 8
      vertex -41.3316 12.5572 3
    endloop
  endfacet
  facet normal -0.852651 0.522481 0
    outer loop
      vertex -41.3316 12.5572 8
      vertex -41.6185 12.089 3
      vertex -41.6185 12.089 8
    endloop
  endfacet
  facet normal -0.649396 0.76045 0
    outer loop
      vertex -40.5572 13.3316 3
      vertex -40.9749 12.9749 8
      vertex -40.5572 13.3316 8
    endloop
  endfacet
  facet normal -0.649396 0.76045 0
    outer loop
      vertex -40.9749 12.9749 8
      vertex -40.5572 13.3316 3
      vertex -40.9749 12.9749 3
    endloop
  endfacet
  facet normal 0.233418 -0.972377 0
    outer loop
      vertex -37.9525 7.04309 3
      vertex -37.4184 7.1713 8
      vertex -37.9525 7.04309 8
    endloop
  endfacet
  facet normal 0.233418 -0.972377 0
    outer loop
      vertex -37.4184 7.1713 8
      vertex -37.9525 7.04309 3
      vertex -37.4184 7.1713 3
    endloop
  endfacet
  facet normal -0.522481 0.852651 0
    outer loop
      vertex -40.089 13.6185 3
      vertex -40.5572 13.3316 8
      vertex -40.089 13.6185 8
    endloop
  endfacet
  facet normal -0.522481 0.852651 0
    outer loop
      vertex -40.5572 13.3316 8
      vertex -40.089 13.6185 3
      vertex -40.5572 13.3316 3
    endloop
  endfacet
  facet normal 0.923864 -0.382721 0
    outer loop
      vertex -35.3815 8.91103 8
      vertex -35.1713 9.41844 3
      vertex -35.1713 9.41844 8
    endloop
  endfacet
  facet normal 0.923864 -0.382721 0
    outer loop
      vertex -35.1713 9.41844 3
      vertex -35.3815 8.91103 8
      vertex -35.3815 8.91103 3
    endloop
  endfacet
  facet normal 0.852691 -0.522416 0
    outer loop
      vertex -35.6684 8.44275 8
      vertex -35.3815 8.91103 3
      vertex -35.3815 8.91103 8
    endloop
  endfacet
  facet normal 0.852691 -0.522416 0
    outer loop
      vertex -35.3815 8.91103 3
      vertex -35.6684 8.44275 8
      vertex -35.6684 8.44275 3
    endloop
  endfacet
  facet normal 0.972375 -0.233425 0
    outer loop
      vertex -35.1713 9.41844 8
      vertex -35.0431 9.95248 3
      vertex -35.0431 9.95248 8
    endloop
  endfacet
  facet normal 0.972375 -0.233425 0
    outer loop
      vertex -35.0431 9.95248 3
      vertex -35.1713 9.41844 8
      vertex -35.1713 9.41844 3
    endloop
  endfacet
  facet normal -0.233418 -0.972377 0
    outer loop
      vertex -39.5816 7.1713 3
      vertex -39.0475 7.04309 8
      vertex -39.5816 7.1713 8
    endloop
  endfacet
  facet normal -0.233418 -0.972377 -0
    outer loop
      vertex -39.0475 7.04309 8
      vertex -39.5816 7.1713 3
      vertex -39.0475 7.04309 3
    endloop
  endfacet
  facet normal 0.2334 0.972381 -0
    outer loop
      vertex -37.4184 13.8287 3
      vertex -37.9525 13.9569 8
      vertex -37.4184 13.8287 8
    endloop
  endfacet
  facet normal 0.2334 0.972381 0
    outer loop
      vertex -37.9525 13.9569 8
      vertex -37.4184 13.8287 3
      vertex -37.9525 13.9569 3
    endloop
  endfacet
  facet normal 0.649475 -0.760383 0
    outer loop
      vertex -36.4427 7.66844 3
      vertex -36.0251 8.02513 8
      vertex -36.4427 7.66844 8
    endloop
  endfacet
  facet normal 0.649475 -0.760383 0
    outer loop
      vertex -36.0251 8.02513 8
      vertex -36.4427 7.66844 3
      vertex -36.0251 8.02513 3
    endloop
  endfacet
  facet normal -0.996916 0.0784787 0
    outer loop
      vertex -42 10.5 3
      vertex -41.9569 11.0475 8
      vertex -41.9569 11.0475 3
    endloop
  endfacet
  facet normal -0.996916 0.0784787 0
    outer loop
      vertex -41.9569 11.0475 8
      vertex -42 10.5 3
      vertex -42 10.5 8
    endloop
  endfacet
  facet normal 0.5224 0.852701 -0
    outer loop
      vertex -36.4427 13.3316 3
      vertex -36.911 13.6185 8
      vertex -36.4427 13.3316 8
    endloop
  endfacet
  facet normal 0.5224 0.852701 0
    outer loop
      vertex -36.911 13.6185 8
      vertex -36.4427 13.3316 3
      vertex -36.911 13.6185 3
    endloop
  endfacet
  facet normal 0.382727 0.923861 -0
    outer loop
      vertex -36.911 13.6185 3
      vertex -37.4184 13.8287 8
      vertex -36.911 13.6185 8
    endloop
  endfacet
  facet normal 0.382727 0.923861 0
    outer loop
      vertex -37.4184 13.8287 8
      vertex -36.911 13.6185 3
      vertex -37.4184 13.8287 3
    endloop
  endfacet
  facet normal 0.760389 -0.649468 0
    outer loop
      vertex -36.0251 8.02513 8
      vertex -35.6684 8.44275 3
      vertex -35.6684 8.44275 8
    endloop
  endfacet
  facet normal 0.760389 -0.649468 0
    outer loop
      vertex -35.6684 8.44275 3
      vertex -36.0251 8.02513 8
      vertex -36.0251 8.02513 3
    endloop
  endfacet
  facet normal 0.76045 0.649396 0
    outer loop
      vertex -35.6684 12.5572 8
      vertex -36.0251 12.9749 3
      vertex -36.0251 12.9749 8
    endloop
  endfacet
  facet normal 0.76045 0.649396 0
    outer loop
      vertex -36.0251 12.9749 3
      vertex -35.6684 12.5572 8
      vertex -35.6684 12.5572 3
    endloop
  endfacet
  facet normal 0.0784606 -0.996917 0
    outer loop
      vertex -38.5 7 3
      vertex -37.9525 7.04309 8
      vertex -38.5 7 8
    endloop
  endfacet
  facet normal 0.0784606 -0.996917 0
    outer loop
      vertex -37.9525 7.04309 8
      vertex -38.5 7 3
      vertex -37.9525 7.04309 3
    endloop
  endfacet
  facet normal 0.649486 0.760374 -0
    outer loop
      vertex -36.0251 12.9749 3
      vertex -36.4427 13.3316 8
      vertex -36.0251 12.9749 8
    endloop
  endfacet
  facet normal 0.649486 0.760374 0
    outer loop
      vertex -36.4427 13.3316 8
      vertex -36.0251 12.9749 3
      vertex -36.4427 13.3316 3
    endloop
  endfacet
  facet normal -0.923861 0.382727 0
    outer loop
      vertex -41.8287 11.5816 3
      vertex -41.6185 12.089 8
      vertex -41.6185 12.089 3
    endloop
  endfacet
  facet normal -0.923861 0.382727 0
    outer loop
      vertex -41.6185 12.089 8
      vertex -41.8287 11.5816 3
      vertex -41.8287 11.5816 8
    endloop
  endfacet
  facet normal -0.760389 -0.649468 0
    outer loop
      vertex -40.9749 8.02513 3
      vertex -41.3316 8.44275 8
      vertex -41.3316 8.44275 3
    endloop
  endfacet
  facet normal -0.760389 -0.649468 0
    outer loop
      vertex -41.3316 8.44275 8
      vertex -40.9749 8.02513 3
      vertex -40.9749 8.02513 8
    endloop
  endfacet
  facet normal -0.2334 0.972381 0
    outer loop
      vertex -39.0475 13.9569 3
      vertex -39.5816 13.8287 8
      vertex -39.0475 13.9569 8
    endloop
  endfacet
  facet normal -0.2334 0.972381 0
    outer loop
      vertex -39.5816 13.8287 8
      vertex -39.0475 13.9569 3
      vertex -39.5816 13.8287 3
    endloop
  endfacet
  facet normal -0.996916 -0.0784758 0
    outer loop
      vertex -41.9569 9.95248 3
      vertex -42 10.5 8
      vertex -42 10.5 3
    endloop
  endfacet
  facet normal -0.996916 -0.0784758 0
    outer loop
      vertex -42 10.5 8
      vertex -41.9569 9.95248 3
      vertex -41.9569 9.95248 8
    endloop
  endfacet
  facet normal -0.76045 0.649396 0
    outer loop
      vertex -41.3316 12.5572 3
      vertex -40.9749 12.9749 8
      vertex -40.9749 12.9749 3
    endloop
  endfacet
  facet normal -0.76045 0.649396 0
    outer loop
      vertex -40.9749 12.9749 8
      vertex -41.3316 12.5572 3
      vertex -41.3316 12.5572 8
    endloop
  endfacet
  facet normal 0 0 1
    outer loop
      vertex -36.7 10.5 8
      vertex -35 10.5 8
      vertex -35.0431 11.0475 8
    endloop
  endfacet
  facet normal 0 0 1
    outer loop
      vertex -36.7346 10.8512 8
      vertex -35.0431 11.0475 8
      vertex -35.1713 11.5816 8
    endloop
  endfacet
  facet normal 0 0 1
    outer loop
      vertex -35 10.5 8
      vertex -36.7 10.5 8
      vertex -35.0431 9.95248 8
    endloop
  endfacet
  facet normal 0 0 1
    outer loop
      vertex -36.837 11.1888 8
      vertex -35.1713 11.5816 8
      vertex -35.3815 12.089 8
    endloop
  endfacet
  facet normal -0 0 1
    outer loop
      vertex -36.7346 10.1488 8
      vertex -35.0431 9.95248 8
      vertex -36.7 10.5 8
    endloop
  endfacet
  facet normal 0 0 1
    outer loop
      vertex -37.0034 11.5 8
      vertex -35.3815 12.089 8
      vertex -35.6684 12.5572 8
    endloop
  endfacet
  facet normal 0 0 1
    outer loop
      vertex -35.0431 9.95248 8
      vertex -36.7346 10.1488 8
      vertex -35.1713 9.41844 8
    endloop
  endfacet
  facet normal 0 0 1
    outer loop
      vertex -37.2272 11.7728 8
      vertex -35.6684 12.5572 8
      vertex -36.0251 12.9749 8
    endloop
  endfacet
  facet normal -0 0 1
    outer loop
      vertex -36.837 9.81117 8
      vertex -35.1713 9.41844 8
      vertex -36.7346 10.1488 8
    endloop
  endfacet
  facet normal 0 0 1
    outer loop
      vertex -37.2272 11.7728 8
      vertex -36.0251 12.9749 8
      vertex -36.4427 13.3316 8
    endloop
  endfacet
  facet normal 0 0 1
    outer loop
      vertex -35.1713 9.41844 8
      vertex -36.837 9.81117 8
      vertex -35.3815 8.91103 8
    endloop
  endfacet
  facet normal -0 0 1
    outer loop
      vertex -37.0034 9.49997 8
      vertex -35.3815 8.91103 8
      vertex -36.837 9.81117 8
    endloop
  endfacet
  facet normal 0 0 1
    outer loop
      vertex -35.0431 11.0475 8
      vertex -36.7346 10.8512 8
      vertex -36.7 10.5 8
    endloop
  endfacet
  facet normal 0 0 1
    outer loop
      vertex -35.1713 11.5816 8
      vertex -36.837 11.1888 8
      vertex -36.7346 10.8512 8
    endloop
  endfacet
  facet normal 0 0 1
    outer loop
      vertex -37.5 11.9966 8
      vertex -36.4427 13.3316 8
      vertex -36.911 13.6185 8
    endloop
  endfacet
  facet normal 0 0 1
    outer loop
      vertex -35.3815 12.089 8
      vertex -37.0034 11.5 8
      vertex -36.837 11.1888 8
    endloop
  endfacet
  facet normal 0 0 1
    outer loop
      vertex -35.6684 12.5572 8
      vertex -37.2272 11.7728 8
      vertex -37.0034 11.5 8
    endloop
  endfacet
  facet normal 0 0 1
    outer loop
      vertex -37.8112 12.163 8
      vertex -36.911 13.6185 8
      vertex -37.4184 13.8287 8
    endloop
  endfacet
  facet normal 0 0 1
    outer loop
      vertex -36.4427 13.3316 8
      vertex -37.5 11.9966 8
      vertex -37.2272 11.7728 8
    endloop
  endfacet
  facet normal 0 0 1
    outer loop
      vertex -36.911 13.6185 8
      vertex -37.8112 12.163 8
      vertex -37.5 11.9966 8
    endloop
  endfacet
  facet normal 0 0 1
    outer loop
      vertex -38.1488 12.2654 8
      vertex -37.4184 13.8287 8
      vertex -37.9525 13.9569 8
    endloop
  endfacet
  facet normal 0 0 1
    outer loop
      vertex -37.4184 13.8287 8
      vertex -38.1488 12.2654 8
      vertex -37.8112 12.163 8
    endloop
  endfacet
  facet normal 0 0 1
    outer loop
      vertex -38.5 12.3 8
      vertex -37.9525 13.9569 8
      vertex -38.5 14 8
    endloop
  endfacet
  facet normal 0 0 1
    outer loop
      vertex -37.9525 13.9569 8
      vertex -38.5 12.3 8
      vertex -38.1488 12.2654 8
    endloop
  endfacet
  facet normal -0 0 1
    outer loop
      vertex -39.0475 13.9569 8
      vertex -38.5 12.3 8
      vertex -38.5 14 8
    endloop
  endfacet
  facet normal 0 0 1
    outer loop
      vertex -38.5 12.3 8
      vertex -39.0475 13.9569 8
      vertex -38.8512 12.2654 8
    endloop
  endfacet
  facet normal -0 0 1
    outer loop
      vertex -39.5816 13.8287 8
      vertex -38.8512 12.2654 8
      vertex -39.0475 13.9569 8
    endloop
  endfacet
  facet normal 0 0 1
    outer loop
      vertex -38.8512 12.2654 8
      vertex -39.5816 13.8287 8
      vertex -39.1888 12.163 8
    endloop
  endfacet
  facet normal -0 0 1
    outer loop
      vertex -40.089 13.6185 8
      vertex -39.1888 12.163 8
      vertex -39.5816 13.8287 8
    endloop
  endfacet
  facet normal 0 0 1
    outer loop
      vertex -39.1888 12.163 8
      vertex -40.089 13.6185 8
      vertex -39.5 11.9966 8
    endloop
  endfacet
  facet normal -0 0 1
    outer loop
      vertex -40.5572 13.3316 8
      vertex -39.5 11.9966 8
      vertex -40.089 13.6185 8
    endloop
  endfacet
  facet normal 0 0 1
    outer loop
      vertex -39.5 11.9966 8
      vertex -40.5572 13.3316 8
      vertex -39.7728 11.7728 8
    endloop
  endfacet
  facet normal -0 0 1
    outer loop
      vertex -40.9749 12.9749 8
      vertex -39.7728 11.7728 8
      vertex -40.5572 13.3316 8
    endloop
  endfacet
  facet normal -0 0 1
    outer loop
      vertex -41.3316 12.5572 8
      vertex -39.7728 11.7728 8
      vertex -40.9749 12.9749 8
    endloop
  endfacet
  facet normal 0 0 1
    outer loop
      vertex -39.7728 11.7728 8
      vertex -41.3316 12.5572 8
      vertex -39.9966 11.5 8
    endloop
  endfacet
  facet normal -0 0 1
    outer loop
      vertex -41.6185 12.089 8
      vertex -39.9966 11.5 8
      vertex -41.3316 12.5572 8
    endloop
  endfacet
  facet normal 0 0 1
    outer loop
      vertex -35.3815 8.91103 8
      vertex -37.0034 9.49997 8
      vertex -35.6684 8.44275 8
    endloop
  endfacet
  facet normal -0 0 1
    outer loop
      vertex -37.2272 9.22721 8
      vertex -35.6684 8.44275 8
      vertex -37.0034 9.49997 8
    endloop
  endfacet
  facet normal 0 0 1
    outer loop
      vertex -35.6684 8.44275 8
      vertex -37.2272 9.22721 8
      vertex -36.0251 8.02513 8
    endloop
  endfacet
  facet normal 0 0 1
    outer loop
      vertex -36.0251 8.02513 8
      vertex -37.2272 9.22721 8
      vertex -36.4427 7.66844 8
    endloop
  endfacet
  facet normal -0 0 1
    outer loop
      vertex -37.5 9.00335 8
      vertex -36.4427 7.66844 8
      vertex -37.2272 9.22721 8
    endloop
  endfacet
  facet normal 0 0 1
    outer loop
      vertex -36.4427 7.66844 8
      vertex -37.5 9.00335 8
      vertex -36.911 7.38148 8
    endloop
  endfacet
  facet normal -0 0 1
    outer loop
      vertex -37.8112 8.83702 8
      vertex -36.911 7.38148 8
      vertex -37.5 9.00335 8
    endloop
  endfacet
  facet normal 0 0 1
    outer loop
      vertex -36.911 7.38148 8
      vertex -37.8112 8.83702 8
      vertex -37.4184 7.1713 8
    endloop
  endfacet
  facet normal -0 0 1
    outer loop
      vertex -38.1488 8.73459 8
      vertex -37.4184 7.1713 8
      vertex -37.8112 8.83702 8
    endloop
  endfacet
  facet normal 0 0 1
    outer loop
      vertex -37.4184 7.1713 8
      vertex -38.1488 8.73459 8
      vertex -37.9525 7.04309 8
    endloop
  endfacet
  facet normal -0 0 1
    outer loop
      vertex -38.5 8.7 8
      vertex -37.9525 7.04309 8
      vertex -38.1488 8.73459 8
    endloop
  endfacet
  facet normal 0 0 1
    outer loop
      vertex -38.5 8.7 8
      vertex -38.5 7 8
      vertex -37.9525 7.04309 8
    endloop
  endfacet
  facet normal 0 0 1
    outer loop
      vertex -39.0475 7.04309 8
      vertex -38.5 8.7 8
      vertex -38.8512 8.73459 8
    endloop
  endfacet
  facet normal 0 0 1
    outer loop
      vertex -38.5 8.7 8
      vertex -39.0475 7.04309 8
      vertex -38.5 7 8
    endloop
  endfacet
  facet normal 0 0 1
    outer loop
      vertex -39.5816 7.1713 8
      vertex -38.8512 8.73459 8
      vertex -39.1888 8.83702 8
    endloop
  endfacet
  facet normal 0 0 1
    outer loop
      vertex -40.089 7.38148 8
      vertex -39.1888 8.83702 8
      vertex -39.5 9.00335 8
    endloop
  endfacet
  facet normal 0 0 1
    outer loop
      vertex -38.8512 8.73459 8
      vertex -39.5816 7.1713 8
      vertex -39.0475 7.04309 8
    endloop
  endfacet
  facet normal 0 0 1
    outer loop
      vertex -40.5572 7.66844 8
      vertex -39.5 9.00335 8
      vertex -39.7728 9.22721 8
    endloop
  endfacet
  facet normal 0 0 1
    outer loop
      vertex -41.3316 8.44275 8
      vertex -39.7728 9.22721 8
      vertex -39.9966 9.49997 8
    endloop
  endfacet
  facet normal 0 0 1
    outer loop
      vertex -39.1888 8.83702 8
      vertex -40.089 7.38148 8
      vertex -39.5816 7.1713 8
    endloop
  endfacet
  facet normal 0 0 1
    outer loop
      vertex -41.6185 8.91103 8
      vertex -39.9966 9.49997 8
      vertex -40.163 9.81117 8
    endloop
  endfacet
  facet normal 0 0 1
    outer loop
      vertex -41.8287 9.41844 8
      vertex -40.163 9.81117 8
      vertex -40.2654 10.1488 8
    endloop
  endfacet
  facet normal 0 0 1
    outer loop
      vertex -41.9569 9.95248 8
      vertex -40.2654 10.1488 8
      vertex -40.3 10.5 8
    endloop
  endfacet
  facet normal 0 0 1
    outer loop
      vertex -39.9966 11.5 8
      vertex -41.6185 12.089 8
      vertex -40.163 11.1888 8
    endloop
  endfacet
  facet normal 0 0 1
    outer loop
      vertex -39.5 9.00335 8
      vertex -40.5572 7.66844 8
      vertex -40.089 7.38148 8
    endloop
  endfacet
  facet normal -0 0 1
    outer loop
      vertex -41.8287 11.5816 8
      vertex -40.163 11.1888 8
      vertex -41.6185 12.089 8
    endloop
  endfacet
  facet normal 0 0 1
    outer loop
      vertex -39.7728 9.22721 8
      vertex -40.9749 8.02513 8
      vertex -40.5572 7.66844 8
    endloop
  endfacet
  facet normal 0 0 1
    outer loop
      vertex -40.163 11.1888 8
      vertex -41.8287 11.5816 8
      vertex -40.2654 10.8512 8
    endloop
  endfacet
  facet normal 0 0 1
    outer loop
      vertex -39.7728 9.22721 8
      vertex -41.3316 8.44275 8
      vertex -40.9749 8.02513 8
    endloop
  endfacet
  facet normal -0 0 1
    outer loop
      vertex -41.9569 11.0475 8
      vertex -40.2654 10.8512 8
      vertex -41.8287 11.5816 8
    endloop
  endfacet
  facet normal 0 0 1
    outer loop
      vertex -39.9966 9.49997 8
      vertex -41.6185 8.91103 8
      vertex -41.3316 8.44275 8
    endloop
  endfacet
  facet normal 0 0 1
    outer loop
      vertex -40.2654 10.8512 8
      vertex -41.9569 11.0475 8
      vertex -40.3 10.5 8
    endloop
  endfacet
  facet normal 0 0 1
    outer loop
      vertex -40.163 9.81117 8
      vertex -41.8287 9.41844 8
      vertex -41.6185 8.91103 8
    endloop
  endfacet
  facet normal 0 0 1
    outer loop
      vertex -42 10.5 8
      vertex -40.3 10.5 8
      vertex -41.9569 11.0475 8
    endloop
  endfacet
  facet normal 0 0 1
    outer loop
      vertex -40.2654 10.1488 8
      vertex -41.9569 9.95248 8
      vertex -41.8287 9.41844 8
    endloop
  endfacet
  facet normal 0 0 1
    outer loop
      vertex -40.3 10.5 8
      vertex -42 10.5 8
      vertex -41.9569 9.95248 8
    endloop
  endfacet
  facet normal -0.852691 -0.522416 0
    outer loop
      vertex -41.3316 8.44275 3
      vertex -41.6185 8.91103 8
      vertex -41.6185 8.91103 3
    endloop
  endfacet
  facet normal -0.852691 -0.522416 0
    outer loop
      vertex -41.6185 8.91103 8
      vertex -41.3316 8.44275 3
      vertex -41.3316 8.44275 8
    endloop
  endfacet
  facet normal 0.522479 -0.852652 0
    outer loop
      vertex -36.911 7.38148 3
      vertex -36.4427 7.66844 8
      vertex -36.911 7.38148 8
    endloop
  endfacet
  facet normal 0.522479 -0.852652 0
    outer loop
      vertex -36.4427 7.66844 8
      vertex -36.911 7.38148 3
      vertex -36.4427 7.66844 3
    endloop
  endfacet
  facet normal 0.0784787 0.996916 -0
    outer loop
      vertex -37.9525 13.9569 3
      vertex -38.5 14 8
      vertex -37.9525 13.9569 8
    endloop
  endfacet
  facet normal 0.0784787 0.996916 0
    outer loop
      vertex -38.5 14 8
      vertex -37.9525 13.9569 3
      vertex -38.5 14 3
    endloop
  endfacet
  facet normal -0.972381 0.2334 0
    outer loop
      vertex -41.9569 11.0475 3
      vertex -41.8287 11.5816 8
      vertex -41.8287 11.5816 3
    endloop
  endfacet
  facet normal -0.972381 0.2334 0
    outer loop
      vertex -41.8287 11.5816 8
      vertex -41.9569 11.0475 3
      vertex -41.9569 11.0475 8
    endloop
  endfacet
  facet normal -0.382696 -0.923874 0
    outer loop
      vertex -40.089 7.38148 3
      vertex -39.5816 7.1713 8
      vertex -40.089 7.38148 8
    endloop
  endfacet
  facet normal -0.382696 -0.923874 -0
    outer loop
      vertex -39.5816 7.1713 8
      vertex -40.089 7.38148 3
      vertex -39.5816 7.1713 3
    endloop
  endfacet
  facet normal -0.972375 -0.233425 0
    outer loop
      vertex -41.8287 9.41844 3
      vertex -41.9569 9.95248 8
      vertex -41.9569 9.95248 3
    endloop
  endfacet
  facet normal -0.972375 -0.233425 0
    outer loop
      vertex -41.9569 9.95248 8
      vertex -41.8287 9.41844 3
      vertex -41.8287 9.41844 8
    endloop
  endfacet
  facet normal -0.649385 -0.760459 0
    outer loop
      vertex -40.9749 8.02513 3
      vertex -40.5572 7.66844 8
      vertex -40.9749 8.02513 8
    endloop
  endfacet
  facet normal -0.649385 -0.760459 -0
    outer loop
      vertex -40.5572 7.66844 8
      vertex -40.9749 8.02513 3
      vertex -40.5572 7.66844 3
    endloop
  endfacet
  facet normal -0.0784606 -0.996917 0
    outer loop
      vertex -39.0475 7.04309 3
      vertex -38.5 7 8
      vertex -39.0475 7.04309 8
    endloop
  endfacet
  facet normal -0.0784606 -0.996917 -0
    outer loop
      vertex -38.5 7 8
      vertex -39.0475 7.04309 3
      vertex -38.5 7 3
    endloop
  endfacet
  facet normal -0.5224 -0.852701 0
    outer loop
      vertex -98.5573 56.6684 3
      vertex -98.089 56.3815 8
      vertex -98.5573 56.6684 8
    endloop
  endfacet
  facet normal -0.5224 -0.852701 -0
    outer loop
      vertex -98.089 56.3815 8
      vertex -98.5573 56.6684 3
      vertex -98.089 56.3815 3
    endloop
  endfacet
  facet normal -0.0784787 0.996916 0
    outer loop
      vertex -96.5 63 3
      vertex -97.0475 62.9569 8
      vertex -96.5 63 8
    endloop
  endfacet
  facet normal -0.0784787 0.996916 0
    outer loop
      vertex -97.0475 62.9569 8
      vertex -96.5 63 3
      vertex -97.0475 62.9569 3
    endloop
  endfacet
  facet normal 0.972381 0.2334 0
    outer loop
      vertex -93.0431 60.0475 8
      vertex -93.1713 60.5816 3
      vertex -93.1713 60.5816 8
    endloop
  endfacet
  facet normal 0.972381 0.2334 0
    outer loop
      vertex -93.1713 60.5816 3
      vertex -93.0431 60.0475 8
      vertex -93.0431 60.0475 3
    endloop
  endfacet
  facet normal 0.996916 0.0784787 0
    outer loop
      vertex -93 59.5 8
      vertex -93.0431 60.0475 3
      vertex -93.0431 60.0475 8
    endloop
  endfacet
  facet normal 0.996916 0.0784787 0
    outer loop
      vertex -93.0431 60.0475 3
      vertex -93 59.5 8
      vertex -93 59.5 3
    endloop
  endfacet
  facet normal 0.923861 0.382727 0
    outer loop
      vertex -93.1713 60.5816 8
      vertex -93.3815 61.089 3
      vertex -93.3815 61.089 8
    endloop
  endfacet
  facet normal 0.923861 0.382727 0
    outer loop
      vertex -93.3815 61.089 3
      vertex -93.1713 60.5816 8
      vertex -93.1713 60.5816 3
    endloop
  endfacet
  facet normal 0.382727 -0.923861 0
    outer loop
      vertex -95.4184 56.1713 3
      vertex -94.911 56.3815 8
      vertex -95.4184 56.1713 8
    endloop
  endfacet
  facet normal 0.382727 -0.923861 0
    outer loop
      vertex -94.911 56.3815 8
      vertex -95.4184 56.1713 3
      vertex -94.911 56.3815 3
    endloop
  endfacet
  facet normal -0.923861 -0.382727 0
    outer loop
      vertex -99.6185 57.911 3
      vertex -99.8287 58.4184 8
      vertex -99.8287 58.4184 3
    endloop
  endfacet
  facet normal -0.923861 -0.382727 0
    outer loop
      vertex -99.8287 58.4184 8
      vertex -99.6185 57.911 3
      vertex -99.6185 57.911 8
    endloop
  endfacet
  facet normal -0.382727 0.923861 0
    outer loop
      vertex -97.5816 62.8287 3
      vertex -98.089 62.6185 8
      vertex -97.5816 62.8287 8
    endloop
  endfacet
  facet normal -0.382727 0.923861 0
    outer loop
      vertex -98.089 62.6185 8
      vertex -97.5816 62.8287 3
      vertex -98.089 62.6185 3
    endloop
  endfacet
  facet normal 0.996916 -0.0784787 0
    outer loop
      vertex -93.0431 58.9525 8
      vertex -93 59.5 3
      vertex -93 59.5 8
    endloop
  endfacet
  facet normal 0.996916 -0.0784787 0
    outer loop
      vertex -93 59.5 3
      vertex -93.0431 58.9525 8
      vertex -93.0431 58.9525 3
    endloop
  endfacet
  facet normal 0.852651 0.522481 0
    outer loop
      vertex -93.3815 61.089 8
      vertex -93.6684 61.5572 3
      vertex -93.6684 61.5572 8
    endloop
  endfacet
  facet normal 0.852651 0.522481 0
    outer loop
      vertex -93.6684 61.5572 3
      vertex -93.3815 61.089 8
      vertex -93.3815 61.089 3
    endloop
  endfacet
  facet normal -0.852651 0.522481 0
    outer loop
      vertex -99.6185 61.089 3
      vertex -99.3316 61.5572 8
      vertex -99.3316 61.5572 3
    endloop
  endfacet
  facet normal -0.852651 0.522481 0
    outer loop
      vertex -99.3316 61.5572 8
      vertex -99.6185 61.089 3
      vertex -99.6185 61.089 8
    endloop
  endfacet
  facet normal -0.649486 0.760374 0
    outer loop
      vertex -98.5573 62.3316 3
      vertex -98.9749 61.9749 8
      vertex -98.5573 62.3316 8
    endloop
  endfacet
  facet normal -0.649486 0.760374 0
    outer loop
      vertex -98.9749 61.9749 8
      vertex -98.5573 62.3316 3
      vertex -98.9749 61.9749 3
    endloop
  endfacet
  facet normal 0.2334 -0.972381 0
    outer loop
      vertex -95.9525 56.0431 3
      vertex -95.4184 56.1713 8
      vertex -95.9525 56.0431 8
    endloop
  endfacet
  facet normal 0.2334 -0.972381 0
    outer loop
      vertex -95.4184 56.1713 8
      vertex -95.9525 56.0431 3
      vertex -95.4184 56.1713 3
    endloop
  endfacet
  facet normal -0.5224 0.852701 0
    outer loop
      vertex -98.089 62.6185 3
      vertex -98.5573 62.3316 8
      vertex -98.089 62.6185 8
    endloop
  endfacet
  facet normal -0.5224 0.852701 0
    outer loop
      vertex -98.5573 62.3316 8
      vertex -98.089 62.6185 3
      vertex -98.5573 62.3316 3
    endloop
  endfacet
  facet normal 0.923861 -0.382727 0
    outer loop
      vertex -93.3815 57.911 8
      vertex -93.1713 58.4184 3
      vertex -93.1713 58.4184 8
    endloop
  endfacet
  facet normal 0.923861 -0.382727 0
    outer loop
      vertex -93.1713 58.4184 3
      vertex -93.3815 57.911 8
      vertex -93.3815 57.911 3
    endloop
  endfacet
  facet normal 0.852701 -0.5224 0
    outer loop
      vertex -93.6684 57.4427 8
      vertex -93.3815 57.911 3
      vertex -93.3815 57.911 8
    endloop
  endfacet
  facet normal 0.852701 -0.5224 0
    outer loop
      vertex -93.3815 57.911 3
      vertex -93.6684 57.4427 8
      vertex -93.6684 57.4427 3
    endloop
  endfacet
  facet normal 0.972381 -0.2334 0
    outer loop
      vertex -93.1713 58.4184 8
      vertex -93.0431 58.9525 3
      vertex -93.0431 58.9525 8
    endloop
  endfacet
  facet normal 0.972381 -0.2334 0
    outer loop
      vertex -93.0431 58.9525 3
      vertex -93.1713 58.4184 8
      vertex -93.1713 58.4184 3
    endloop
  endfacet
  facet normal -0.2334 -0.972381 0
    outer loop
      vertex -97.5816 56.1713 3
      vertex -97.0475 56.0431 8
      vertex -97.5816 56.1713 8
    endloop
  endfacet
  facet normal -0.2334 -0.972381 -0
    outer loop
      vertex -97.0475 56.0431 8
      vertex -97.5816 56.1713 3
      vertex -97.0475 56.0431 3
    endloop
  endfacet
  facet normal 0.2334 0.972381 -0
    outer loop
      vertex -95.4184 62.8287 3
      vertex -95.9525 62.9569 8
      vertex -95.4184 62.8287 8
    endloop
  endfacet
  facet normal 0.2334 0.972381 0
    outer loop
      vertex -95.9525 62.9569 8
      vertex -95.4184 62.8287 3
      vertex -95.9525 62.9569 3
    endloop
  endfacet
  facet normal 0.649486 -0.760374 0
    outer loop
      vertex -94.4427 56.6684 3
      vertex -94.0251 57.0251 8
      vertex -94.4427 56.6684 8
    endloop
  endfacet
  facet normal 0.649486 -0.760374 0
    outer loop
      vertex -94.0251 57.0251 8
      vertex -94.4427 56.6684 3
      vertex -94.0251 57.0251 3
    endloop
  endfacet
  facet normal -0.996916 0.0784787 0
    outer loop
      vertex -100 59.5 3
      vertex -99.9569 60.0475 8
      vertex -99.9569 60.0475 3
    endloop
  endfacet
  facet normal -0.996916 0.0784787 0
    outer loop
      vertex -99.9569 60.0475 8
      vertex -100 59.5 3
      vertex -100 59.5 8
    endloop
  endfacet
  facet normal 0.5224 0.852701 -0
    outer loop
      vertex -94.4427 62.3316 3
      vertex -94.911 62.6185 8
      vertex -94.4427 62.3316 8
    endloop
  endfacet
  facet normal 0.5224 0.852701 0
    outer loop
      vertex -94.911 62.6185 8
      vertex -94.4427 62.3316 3
      vertex -94.911 62.6185 3
    endloop
  endfacet
  facet normal 0.382727 0.923861 -0
    outer loop
      vertex -94.911 62.6185 3
      vertex -95.4184 62.8287 8
      vertex -94.911 62.6185 8
    endloop
  endfacet
  facet normal 0.382727 0.923861 0
    outer loop
      vertex -95.4184 62.8287 8
      vertex -94.911 62.6185 3
      vertex -95.4184 62.8287 3
    endloop
  endfacet
  facet normal 0.760374 -0.649486 0
    outer loop
      vertex -94.0251 57.0251 8
      vertex -93.6684 57.4427 3
      vertex -93.6684 57.4427 8
    endloop
  endfacet
  facet normal 0.760374 -0.649486 0
    outer loop
      vertex -93.6684 57.4427 3
      vertex -94.0251 57.0251 8
      vertex -94.0251 57.0251 3
    endloop
  endfacet
  facet normal 0.76045 0.649396 0
    outer loop
      vertex -93.6684 61.5572 8
      vertex -94.0251 61.9749 3
      vertex -94.0251 61.9749 8
    endloop
  endfacet
  facet normal 0.76045 0.649396 0
    outer loop
      vertex -94.0251 61.9749 3
      vertex -93.6684 61.5572 8
      vertex -93.6684 61.5572 3
    endloop
  endfacet
  facet normal 0.0784787 -0.996916 0
    outer loop
      vertex -96.5 56 3
      vertex -95.9525 56.0431 8
      vertex -96.5 56 8
    endloop
  endfacet
  facet normal 0.0784787 -0.996916 0
    outer loop
      vertex -95.9525 56.0431 8
      vertex -96.5 56 3
      vertex -95.9525 56.0431 3
    endloop
  endfacet
  facet normal 0.649486 0.760374 -0
    outer loop
      vertex -94.0251 61.9749 3
      vertex -94.4427 62.3316 8
      vertex -94.0251 61.9749 8
    endloop
  endfacet
  facet normal 0.649486 0.760374 0
    outer loop
      vertex -94.4427 62.3316 8
      vertex -94.0251 61.9749 3
      vertex -94.4427 62.3316 3
    endloop
  endfacet
  facet normal -0.923861 0.382727 0
    outer loop
      vertex -99.8287 60.5816 3
      vertex -99.6185 61.089 8
      vertex -99.6185 61.089 3
    endloop
  endfacet
  facet normal -0.923861 0.382727 0
    outer loop
      vertex -99.6185 61.089 8
      vertex -99.8287 60.5816 3
      vertex -99.8287 60.5816 8
    endloop
  endfacet
  facet normal -0.760374 -0.649486 0
    outer loop
      vertex -98.9749 57.0251 3
      vertex -99.3316 57.4427 8
      vertex -99.3316 57.4427 3
    endloop
  endfacet
  facet normal -0.760374 -0.649486 0
    outer loop
      vertex -99.3316 57.4427 8
      vertex -98.9749 57.0251 3
      vertex -98.9749 57.0251 8
    endloop
  endfacet
  facet normal -0.2334 0.972381 0
    outer loop
      vertex -97.0475 62.9569 3
      vertex -97.5816 62.8287 8
      vertex -97.0475 62.9569 8
    endloop
  endfacet
  facet normal -0.2334 0.972381 0
    outer loop
      vertex -97.5816 62.8287 8
      vertex -97.0475 62.9569 3
      vertex -97.5816 62.8287 3
    endloop
  endfacet
  facet normal -0.996916 -0.0784787 0
    outer loop
      vertex -99.9569 58.9525 3
      vertex -100 59.5 8
      vertex -100 59.5 3
    endloop
  endfacet
  facet normal -0.996916 -0.0784787 0
    outer loop
      vertex -100 59.5 8
      vertex -99.9569 58.9525 3
      vertex -99.9569 58.9525 8
    endloop
  endfacet
  facet normal 0 0 1
    outer loop
      vertex -94.7 59.5 8
      vertex -93 59.5 8
      vertex -93.0431 60.0475 8
    endloop
  endfacet
  facet normal 0 0 1
    outer loop
      vertex -94.7346 59.8512 8
      vertex -93.0431 60.0475 8
      vertex -93.1713 60.5816 8
    endloop
  endfacet
  facet normal 0 0 1
    outer loop
      vertex -93 59.5 8
      vertex -94.7 59.5 8
      vertex -93.0431 58.9525 8
    endloop
  endfacet
  facet normal 0 0 1
    outer loop
      vertex -94.837 60.1888 8
      vertex -93.1713 60.5816 8
      vertex -93.3815 61.089 8
    endloop
  endfacet
  facet normal -0 0 1
    outer loop
      vertex -94.7346 59.1488 8
      vertex -93.0431 58.9525 8
      vertex -94.7 59.5 8
    endloop
  endfacet
  facet normal 0 0 1
    outer loop
      vertex -95.0034 60.5 8
      vertex -93.3815 61.089 8
      vertex -93.6684 61.5572 8
    endloop
  endfacet
  facet normal 0 0 1
    outer loop
      vertex -93.0431 58.9525 8
      vertex -94.7346 59.1488 8
      vertex -93.1713 58.4184 8
    endloop
  endfacet
  facet normal 0 0 1
    outer loop
      vertex -95.2272 60.7728 8
      vertex -93.6684 61.5572 8
      vertex -94.0251 61.9749 8
    endloop
  endfacet
  facet normal -0 0 1
    outer loop
      vertex -94.837 58.8112 8
      vertex -93.1713 58.4184 8
      vertex -94.7346 59.1488 8
    endloop
  endfacet
  facet normal 0 0 1
    outer loop
      vertex -95.2272 60.7728 8
      vertex -94.0251 61.9749 8
      vertex -94.4427 62.3316 8
    endloop
  endfacet
  facet normal 0 0 1
    outer loop
      vertex -93.1713 58.4184 8
      vertex -94.837 58.8112 8
      vertex -93.3815 57.911 8
    endloop
  endfacet
  facet normal -0 0 1
    outer loop
      vertex -95.0034 58.5 8
      vertex -93.3815 57.911 8
      vertex -94.837 58.8112 8
    endloop
  endfacet
  facet normal 0 0 1
    outer loop
      vertex -93.0431 60.0475 8
      vertex -94.7346 59.8512 8
      vertex -94.7 59.5 8
    endloop
  endfacet
  facet normal 0 0 1
    outer loop
      vertex -93.1713 60.5816 8
      vertex -94.837 60.1888 8
      vertex -94.7346 59.8512 8
    endloop
  endfacet
  facet normal 0 0 1
    outer loop
      vertex -95.5 60.9966 8
      vertex -94.4427 62.3316 8
      vertex -94.911 62.6185 8
    endloop
  endfacet
  facet normal 0 0 1
    outer loop
      vertex -93.3815 61.089 8
      vertex -95.0034 60.5 8
      vertex -94.837 60.1888 8
    endloop
  endfacet
  facet normal 0 0 1
    outer loop
      vertex -93.6684 61.5572 8
      vertex -95.2272 60.7728 8
      vertex -95.0034 60.5 8
    endloop
  endfacet
  facet normal 0 0 1
    outer loop
      vertex -95.8112 61.163 8
      vertex -94.911 62.6185 8
      vertex -95.4184 62.8287 8
    endloop
  endfacet
  facet normal 0 0 1
    outer loop
      vertex -94.4427 62.3316 8
      vertex -95.5 60.9966 8
      vertex -95.2272 60.7728 8
    endloop
  endfacet
  facet normal 0 0 1
    outer loop
      vertex -94.911 62.6185 8
      vertex -95.8112 61.163 8
      vertex -95.5 60.9966 8
    endloop
  endfacet
  facet normal 0 0 1
    outer loop
      vertex -96.1488 61.2654 8
      vertex -95.4184 62.8287 8
      vertex -95.9525 62.9569 8
    endloop
  endfacet
  facet normal 0 0 1
    outer loop
      vertex -95.4184 62.8287 8
      vertex -96.1488 61.2654 8
      vertex -95.8112 61.163 8
    endloop
  endfacet
  facet normal 0 0 1
    outer loop
      vertex -96.5 61.3 8
      vertex -95.9525 62.9569 8
      vertex -96.5 63 8
    endloop
  endfacet
  facet normal 0 0 1
    outer loop
      vertex -95.9525 62.9569 8
      vertex -96.5 61.3 8
      vertex -96.1488 61.2654 8
    endloop
  endfacet
  facet normal -0 0 1
    outer loop
      vertex -97.0475 62.9569 8
      vertex -96.5 61.3 8
      vertex -96.5 63 8
    endloop
  endfacet
  facet normal 0 0 1
    outer loop
      vertex -96.5 61.3 8
      vertex -97.0475 62.9569 8
      vertex -96.8512 61.2654 8
    endloop
  endfacet
  facet normal -0 0 1
    outer loop
      vertex -97.5816 62.8287 8
      vertex -96.8512 61.2654 8
      vertex -97.0475 62.9569 8
    endloop
  endfacet
  facet normal 0 0 1
    outer loop
      vertex -96.8512 61.2654 8
      vertex -97.5816 62.8287 8
      vertex -97.1888 61.163 8
    endloop
  endfacet
  facet normal -0 0 1
    outer loop
      vertex -98.089 62.6185 8
      vertex -97.1888 61.163 8
      vertex -97.5816 62.8287 8
    endloop
  endfacet
  facet normal 0 0 1
    outer loop
      vertex -97.1888 61.163 8
      vertex -98.089 62.6185 8
      vertex -97.5 60.9966 8
    endloop
  endfacet
  facet normal -0 0 1
    outer loop
      vertex -98.5573 62.3316 8
      vertex -97.5 60.9966 8
      vertex -98.089 62.6185 8
    endloop
  endfacet
  facet normal 0 0 1
    outer loop
      vertex -97.5 60.9966 8
      vertex -98.5573 62.3316 8
      vertex -97.7728 60.7728 8
    endloop
  endfacet
  facet normal -0 0 1
    outer loop
      vertex -98.9749 61.9749 8
      vertex -97.7728 60.7728 8
      vertex -98.5573 62.3316 8
    endloop
  endfacet
  facet normal -0 0 1
    outer loop
      vertex -99.3316 61.5572 8
      vertex -97.7728 60.7728 8
      vertex -98.9749 61.9749 8
    endloop
  endfacet
  facet normal 0 0 1
    outer loop
      vertex -97.7728 60.7728 8
      vertex -99.3316 61.5572 8
      vertex -97.9966 60.5 8
    endloop
  endfacet
  facet normal -0 0 1
    outer loop
      vertex -99.6185 61.089 8
      vertex -97.9966 60.5 8
      vertex -99.3316 61.5572 8
    endloop
  endfacet
  facet normal 0 0 1
    outer loop
      vertex -93.3815 57.911 8
      vertex -95.0034 58.5 8
      vertex -93.6684 57.4427 8
    endloop
  endfacet
  facet normal -0 0 1
    outer loop
      vertex -95.2272 58.2272 8
      vertex -93.6684 57.4427 8
      vertex -95.0034 58.5 8
    endloop
  endfacet
  facet normal 0 0 1
    outer loop
      vertex -93.6684 57.4427 8
      vertex -95.2272 58.2272 8
      vertex -94.0251 57.0251 8
    endloop
  endfacet
  facet normal 0 0 1
    outer loop
      vertex -94.0251 57.0251 8
      vertex -95.2272 58.2272 8
      vertex -94.4427 56.6684 8
    endloop
  endfacet
  facet normal -0 0 1
    outer loop
      vertex -95.5 58.0034 8
      vertex -94.4427 56.6684 8
      vertex -95.2272 58.2272 8
    endloop
  endfacet
  facet normal 0 0 1
    outer loop
      vertex -94.4427 56.6684 8
      vertex -95.5 58.0034 8
      vertex -94.911 56.3815 8
    endloop
  endfacet
  facet normal -0 0 1
    outer loop
      vertex -95.8112 57.837 8
      vertex -94.911 56.3815 8
      vertex -95.5 58.0034 8
    endloop
  endfacet
  facet normal 0 0 1
    outer loop
      vertex -94.911 56.3815 8
      vertex -95.8112 57.837 8
      vertex -95.4184 56.1713 8
    endloop
  endfacet
  facet normal -0 0 1
    outer loop
      vertex -96.1488 57.7346 8
      vertex -95.4184 56.1713 8
      vertex -95.8112 57.837 8
    endloop
  endfacet
  facet normal 0 0 1
    outer loop
      vertex -95.4184 56.1713 8
      vertex -96.1488 57.7346 8
      vertex -95.9525 56.0431 8
    endloop
  endfacet
  facet normal -0 0 1
    outer loop
      vertex -96.5 57.7 8
      vertex -95.9525 56.0431 8
      vertex -96.1488 57.7346 8
    endloop
  endfacet
  facet normal 0 0 1
    outer loop
      vertex -96.5 57.7 8
      vertex -96.5 56 8
      vertex -95.9525 56.0431 8
    endloop
  endfacet
  facet normal 0 0 1
    outer loop
      vertex -97.0475 56.0431 8
      vertex -96.5 57.7 8
      vertex -96.8512 57.7346 8
    endloop
  endfacet
  facet normal 0 0 1
    outer loop
      vertex -96.5 57.7 8
      vertex -97.0475 56.0431 8
      vertex -96.5 56 8
    endloop
  endfacet
  facet normal 0 0 1
    outer loop
      vertex -97.5816 56.1713 8
      vertex -96.8512 57.7346 8
      vertex -97.1888 57.837 8
    endloop
  endfacet
  facet normal 0 0 1
    outer loop
      vertex -98.089 56.3815 8
      vertex -97.1888 57.837 8
      vertex -97.5 58.0034 8
    endloop
  endfacet
  facet normal 0 0 1
    outer loop
      vertex -96.8512 57.7346 8
      vertex -97.5816 56.1713 8
      vertex -97.0475 56.0431 8
    endloop
  endfacet
  facet normal 0 0 1
    outer loop
      vertex -98.5573 56.6684 8
      vertex -97.5 58.0034 8
      vertex -97.7728 58.2272 8
    endloop
  endfacet
  facet normal 0 0 1
    outer loop
      vertex -99.3316 57.4427 8
      vertex -97.7728 58.2272 8
      vertex -97.9966 58.5 8
    endloop
  endfacet
  facet normal 0 0 1
    outer loop
      vertex -97.1888 57.837 8
      vertex -98.089 56.3815 8
      vertex -97.5816 56.1713 8
    endloop
  endfacet
  facet normal 0 0 1
    outer loop
      vertex -99.6185 57.911 8
      vertex -97.9966 58.5 8
      vertex -98.163 58.8112 8
    endloop
  endfacet
  facet normal 0 0 1
    outer loop
      vertex -99.8287 58.4184 8
      vertex -98.163 58.8112 8
      vertex -98.2654 59.1488 8
    endloop
  endfacet
  facet normal 0 0 1
    outer loop
      vertex -99.9569 58.9525 8
      vertex -98.2654 59.1488 8
      vertex -98.3 59.5 8
    endloop
  endfacet
  facet normal 0 0 1
    outer loop
      vertex -97.9966 60.5 8
      vertex -99.6185 61.089 8
      vertex -98.163 60.1888 8
    endloop
  endfacet
  facet normal 0 0 1
    outer loop
      vertex -97.5 58.0034 8
      vertex -98.5573 56.6684 8
      vertex -98.089 56.3815 8
    endloop
  endfacet
  facet normal -0 0 1
    outer loop
      vertex -99.8287 60.5816 8
      vertex -98.163 60.1888 8
      vertex -99.6185 61.089 8
    endloop
  endfacet
  facet normal 0 0 1
    outer loop
      vertex -97.7728 58.2272 8
      vertex -98.9749 57.0251 8
      vertex -98.5573 56.6684 8
    endloop
  endfacet
  facet normal 0 0 1
    outer loop
      vertex -98.163 60.1888 8
      vertex -99.8287 60.5816 8
      vertex -98.2654 59.8512 8
    endloop
  endfacet
  facet normal 0 0 1
    outer loop
      vertex -97.7728 58.2272 8
      vertex -99.3316 57.4427 8
      vertex -98.9749 57.0251 8
    endloop
  endfacet
  facet normal -0 0 1
    outer loop
      vertex -99.9569 60.0475 8
      vertex -98.2654 59.8512 8
      vertex -99.8287 60.5816 8
    endloop
  endfacet
  facet normal 0 0 1
    outer loop
      vertex -97.9966 58.5 8
      vertex -99.6185 57.911 8
      vertex -99.3316 57.4427 8
    endloop
  endfacet
  facet normal 0 0 1
    outer loop
      vertex -98.2654 59.8512 8
      vertex -99.9569 60.0475 8
      vertex -98.3 59.5 8
    endloop
  endfacet
  facet normal 0 0 1
    outer loop
      vertex -98.163 58.8112 8
      vertex -99.8287 58.4184 8
      vertex -99.6185 57.911 8
    endloop
  endfacet
  facet normal 0 0 1
    outer loop
      vertex -100 59.5 8
      vertex -98.3 59.5 8
      vertex -99.9569 60.0475 8
    endloop
  endfacet
  facet normal 0 0 1
    outer loop
      vertex -98.2654 59.1488 8
      vertex -99.9569 58.9525 8
      vertex -99.8287 58.4184 8
    endloop
  endfacet
  facet normal 0 0 1
    outer loop
      vertex -98.3 59.5 8
      vertex -100 59.5 8
      vertex -99.9569 58.9525 8
    endloop
  endfacet
  facet normal -0.852701 -0.5224 0
    outer loop
      vertex -99.3316 57.4427 3
      vertex -99.6185 57.911 8
      vertex -99.6185 57.911 3
    endloop
  endfacet
  facet normal -0.852701 -0.5224 0
    outer loop
      vertex -99.6185 57.911 8
      vertex -99.3316 57.4427 3
      vertex -99.3316 57.4427 8
    endloop
  endfacet
  facet normal 0.5224 -0.852701 0
    outer loop
      vertex -94.911 56.3815 3
      vertex -94.4427 56.6684 8
      vertex -94.911 56.3815 8
    endloop
  endfacet
  facet normal 0.5224 -0.852701 0
    outer loop
      vertex -94.4427 56.6684 8
      vertex -94.911 56.3815 3
      vertex -94.4427 56.6684 3
    endloop
  endfacet
  facet normal 0.0784787 0.996916 -0
    outer loop
      vertex -95.9525 62.9569 3
      vertex -96.5 63 8
      vertex -95.9525 62.9569 8
    endloop
  endfacet
  facet normal 0.0784787 0.996916 0
    outer loop
      vertex -96.5 63 8
      vertex -95.9525 62.9569 3
      vertex -96.5 63 3
    endloop
  endfacet
  facet normal -0.972381 0.2334 0
    outer loop
      vertex -99.9569 60.0475 3
      vertex -99.8287 60.5816 8
      vertex -99.8287 60.5816 3
    endloop
  endfacet
  facet normal -0.972381 0.2334 0
    outer loop
      vertex -99.8287 60.5816 8
      vertex -99.9569 60.0475 3
      vertex -99.9569 60.0475 8
    endloop
  endfacet
  facet normal -0.382727 -0.923861 0
    outer loop
      vertex -98.089 56.3815 3
      vertex -97.5816 56.1713 8
      vertex -98.089 56.3815 8
    endloop
  endfacet
  facet normal -0.382727 -0.923861 -0
    outer loop
      vertex -97.5816 56.1713 8
      vertex -98.089 56.3815 3
      vertex -97.5816 56.1713 3
    endloop
  endfacet
  facet normal -0.972381 -0.2334 0
    outer loop
      vertex -99.8287 58.4184 3
      vertex -99.9569 58.9525 8
      vertex -99.9569 58.9525 3
    endloop
  endfacet
  facet normal -0.972381 -0.2334 0
    outer loop
      vertex -99.9569 58.9525 8
      vertex -99.8287 58.4184 3
      vertex -99.8287 58.4184 8
    endloop
  endfacet
  facet normal -0.76045 0.649396 0
    outer loop
      vertex -99.3316 61.5572 3
      vertex -98.9749 61.9749 8
      vertex -98.9749 61.9749 3
    endloop
  endfacet
  facet normal -0.76045 0.649396 0
    outer loop
      vertex -98.9749 61.9749 8
      vertex -99.3316 61.5572 3
      vertex -99.3316 61.5572 8
    endloop
  endfacet
  facet normal -0.649486 -0.760374 0
    outer loop
      vertex -98.9749 57.0251 3
      vertex -98.5573 56.6684 8
      vertex -98.9749 57.0251 8
    endloop
  endfacet
  facet normal -0.649486 -0.760374 -0
    outer loop
      vertex -98.5573 56.6684 8
      vertex -98.9749 57.0251 3
      vertex -98.5573 56.6684 3
    endloop
  endfacet
  facet normal -0.0784787 -0.996916 0
    outer loop
      vertex -97.0475 56.0431 3
      vertex -96.5 56 8
      vertex -97.0475 56.0431 8
    endloop
  endfacet
  facet normal -0.0784787 -0.996916 -0
    outer loop
      vertex -96.5 56 8
      vertex -97.0475 56.0431 3
      vertex -96.5 56 3
    endloop
  endfacet
  facet normal -0.522481 -0.852651 0
    outer loop
      vertex -40.5572 56.6684 3
      vertex -40.089 56.3815 8
      vertex -40.5572 56.6684 8
    endloop
  endfacet
  facet normal -0.522481 -0.852651 -0
    outer loop
      vertex -40.089 56.3815 8
      vertex -40.5572 56.6684 3
      vertex -40.089 56.3815 3
    endloop
  endfacet
  facet normal -0.0784787 0.996916 0
    outer loop
      vertex -38.5 63 3
      vertex -39.0475 62.9569 8
      vertex -38.5 63 8
    endloop
  endfacet
  facet normal -0.0784787 0.996916 0
    outer loop
      vertex -39.0475 62.9569 8
      vertex -38.5 63 3
      vertex -39.0475 62.9569 3
    endloop
  endfacet
  facet normal 0.972381 0.2334 0
    outer loop
      vertex -35.0431 60.0475 8
      vertex -35.1713 60.5816 3
      vertex -35.1713 60.5816 8
    endloop
  endfacet
  facet normal 0.972381 0.2334 0
    outer loop
      vertex -35.1713 60.5816 3
      vertex -35.0431 60.0475 8
      vertex -35.0431 60.0475 3
    endloop
  endfacet
  facet normal 0.996916 0.0784787 0
    outer loop
      vertex -35 59.5 8
      vertex -35.0431 60.0475 3
      vertex -35.0431 60.0475 8
    endloop
  endfacet
  facet normal 0.996916 0.0784787 0
    outer loop
      vertex -35.0431 60.0475 3
      vertex -35 59.5 8
      vertex -35 59.5 3
    endloop
  endfacet
  facet normal 0.923861 0.382727 0
    outer loop
      vertex -35.1713 60.5816 8
      vertex -35.3815 61.089 3
      vertex -35.3815 61.089 8
    endloop
  endfacet
  facet normal 0.923861 0.382727 0
    outer loop
      vertex -35.3815 61.089 3
      vertex -35.1713 60.5816 8
      vertex -35.1713 60.5816 3
    endloop
  endfacet
  facet normal 0.382727 -0.923861 0
    outer loop
      vertex -37.4184 56.1713 3
      vertex -36.911 56.3815 8
      vertex -37.4184 56.1713 8
    endloop
  endfacet
  facet normal 0.382727 -0.923861 0
    outer loop
      vertex -36.911 56.3815 8
      vertex -37.4184 56.1713 3
      vertex -36.911 56.3815 3
    endloop
  endfacet
  facet normal -0.923861 -0.382727 0
    outer loop
      vertex -41.6185 57.911 3
      vertex -41.8287 58.4184 8
      vertex -41.8287 58.4184 3
    endloop
  endfacet
  facet normal -0.923861 -0.382727 0
    outer loop
      vertex -41.8287 58.4184 8
      vertex -41.6185 57.911 3
      vertex -41.6185 57.911 8
    endloop
  endfacet
  facet normal -0.382727 0.923861 0
    outer loop
      vertex -39.5816 62.8287 3
      vertex -40.089 62.6185 8
      vertex -39.5816 62.8287 8
    endloop
  endfacet
  facet normal -0.382727 0.923861 0
    outer loop
      vertex -40.089 62.6185 8
      vertex -39.5816 62.8287 3
      vertex -40.089 62.6185 3
    endloop
  endfacet
  facet normal 0.996916 -0.0784787 0
    outer loop
      vertex -35.0431 58.9525 8
      vertex -35 59.5 3
      vertex -35 59.5 8
    endloop
  endfacet
  facet normal 0.996916 -0.0784787 0
    outer loop
      vertex -35 59.5 3
      vertex -35.0431 58.9525 8
      vertex -35.0431 58.9525 3
    endloop
  endfacet
  facet normal 0.852651 0.522481 0
    outer loop
      vertex -35.3815 61.089 8
      vertex -35.6684 61.5572 3
      vertex -35.6684 61.5572 8
    endloop
  endfacet
  facet normal 0.852651 0.522481 0
    outer loop
      vertex -35.6684 61.5572 3
      vertex -35.3815 61.089 8
      vertex -35.3815 61.089 3
    endloop
  endfacet
  facet normal -0.852651 0.522481 0
    outer loop
      vertex -41.6185 61.089 3
      vertex -41.3316 61.5572 8
      vertex -41.3316 61.5572 3
    endloop
  endfacet
  facet normal -0.852651 0.522481 0
    outer loop
      vertex -41.3316 61.5572 8
      vertex -41.6185 61.089 3
      vertex -41.6185 61.089 8
    endloop
  endfacet
  facet normal -0.649396 0.76045 0
    outer loop
      vertex -40.5572 62.3316 3
      vertex -40.9749 61.9749 8
      vertex -40.5572 62.3316 8
    endloop
  endfacet
  facet normal -0.649396 0.76045 0
    outer loop
      vertex -40.9749 61.9749 8
      vertex -40.5572 62.3316 3
      vertex -40.9749 61.9749 3
    endloop
  endfacet
  facet normal 0.2334 -0.972381 0
    outer loop
      vertex -37.9525 56.0431 3
      vertex -37.4184 56.1713 8
      vertex -37.9525 56.0431 8
    endloop
  endfacet
  facet normal 0.2334 -0.972381 0
    outer loop
      vertex -37.4184 56.1713 8
      vertex -37.9525 56.0431 3
      vertex -37.4184 56.1713 3
    endloop
  endfacet
  facet normal -0.522481 0.852651 0
    outer loop
      vertex -40.089 62.6185 3
      vertex -40.5572 62.3316 8
      vertex -40.089 62.6185 8
    endloop
  endfacet
  facet normal -0.522481 0.852651 0
    outer loop
      vertex -40.5572 62.3316 8
      vertex -40.089 62.6185 3
      vertex -40.5572 62.3316 3
    endloop
  endfacet
  facet normal 0.923861 -0.382727 0
    outer loop
      vertex -35.3815 57.911 8
      vertex -35.1713 58.4184 3
      vertex -35.1713 58.4184 8
    endloop
  endfacet
  facet normal 0.923861 -0.382727 0
    outer loop
      vertex -35.1713 58.4184 3
      vertex -35.3815 57.911 8
      vertex -35.3815 57.911 3
    endloop
  endfacet
  facet normal 0.852701 -0.5224 0
    outer loop
      vertex -35.6684 57.4427 8
      vertex -35.3815 57.911 3
      vertex -35.3815 57.911 8
    endloop
  endfacet
  facet normal 0.852701 -0.5224 0
    outer loop
      vertex -35.3815 57.911 3
      vertex -35.6684 57.4427 8
      vertex -35.6684 57.4427 3
    endloop
  endfacet
  facet normal 0.972381 -0.2334 0
    outer loop
      vertex -35.1713 58.4184 8
      vertex -35.0431 58.9525 3
      vertex -35.0431 58.9525 8
    endloop
  endfacet
  facet normal 0.972381 -0.2334 0
    outer loop
      vertex -35.0431 58.9525 3
      vertex -35.1713 58.4184 8
      vertex -35.1713 58.4184 3
    endloop
  endfacet
  facet normal -0.2334 -0.972381 0
    outer loop
      vertex -39.5816 56.1713 3
      vertex -39.0475 56.0431 8
      vertex -39.5816 56.1713 8
    endloop
  endfacet
  facet normal -0.2334 -0.972381 -0
    outer loop
      vertex -39.0475 56.0431 8
      vertex -39.5816 56.1713 3
      vertex -39.0475 56.0431 3
    endloop
  endfacet
  facet normal 0.2334 0.972381 -0
    outer loop
      vertex -37.4184 62.8287 3
      vertex -37.9525 62.9569 8
      vertex -37.4184 62.8287 8
    endloop
  endfacet
  facet normal 0.2334 0.972381 0
    outer loop
      vertex -37.9525 62.9569 8
      vertex -37.4184 62.8287 3
      vertex -37.9525 62.9569 3
    endloop
  endfacet
  facet normal 0.649486 -0.760374 0
    outer loop
      vertex -36.4427 56.6684 3
      vertex -36.0251 57.0251 8
      vertex -36.4427 56.6684 8
    endloop
  endfacet
  facet normal 0.649486 -0.760374 0
    outer loop
      vertex -36.0251 57.0251 8
      vertex -36.4427 56.6684 3
      vertex -36.0251 57.0251 3
    endloop
  endfacet
  facet normal -0.996916 0.0784787 0
    outer loop
      vertex -42 59.5 3
      vertex -41.9569 60.0475 8
      vertex -41.9569 60.0475 3
    endloop
  endfacet
  facet normal -0.996916 0.0784787 0
    outer loop
      vertex -41.9569 60.0475 8
      vertex -42 59.5 3
      vertex -42 59.5 8
    endloop
  endfacet
  facet normal 0.5224 0.852701 -0
    outer loop
      vertex -36.4427 62.3316 3
      vertex -36.911 62.6185 8
      vertex -36.4427 62.3316 8
    endloop
  endfacet
  facet normal 0.5224 0.852701 0
    outer loop
      vertex -36.911 62.6185 8
      vertex -36.4427 62.3316 3
      vertex -36.911 62.6185 3
    endloop
  endfacet
  facet normal 0.382727 0.923861 -0
    outer loop
      vertex -36.911 62.6185 3
      vertex -37.4184 62.8287 8
      vertex -36.911 62.6185 8
    endloop
  endfacet
  facet normal 0.382727 0.923861 0
    outer loop
      vertex -37.4184 62.8287 8
      vertex -36.911 62.6185 3
      vertex -37.4184 62.8287 3
    endloop
  endfacet
  facet normal 0.760374 -0.649486 0
    outer loop
      vertex -36.0251 57.0251 8
      vertex -35.6684 57.4427 3
      vertex -35.6684 57.4427 8
    endloop
  endfacet
  facet normal 0.760374 -0.649486 0
    outer loop
      vertex -35.6684 57.4427 3
      vertex -36.0251 57.0251 8
      vertex -36.0251 57.0251 3
    endloop
  endfacet
  facet normal 0.76045 0.649396 0
    outer loop
      vertex -35.6684 61.5572 8
      vertex -36.0251 61.9749 3
      vertex -36.0251 61.9749 8
    endloop
  endfacet
  facet normal 0.76045 0.649396 0
    outer loop
      vertex -36.0251 61.9749 3
      vertex -35.6684 61.5572 8
      vertex -35.6684 61.5572 3
    endloop
  endfacet
  facet normal 0.0784787 -0.996916 0
    outer loop
      vertex -38.5 56 3
      vertex -37.9525 56.0431 8
      vertex -38.5 56 8
    endloop
  endfacet
  facet normal 0.0784787 -0.996916 0
    outer loop
      vertex -37.9525 56.0431 8
      vertex -38.5 56 3
      vertex -37.9525 56.0431 3
    endloop
  endfacet
  facet normal 0.649486 0.760374 -0
    outer loop
      vertex -36.0251 61.9749 3
      vertex -36.4427 62.3316 8
      vertex -36.0251 61.9749 8
    endloop
  endfacet
  facet normal 0.649486 0.760374 0
    outer loop
      vertex -36.4427 62.3316 8
      vertex -36.0251 61.9749 3
      vertex -36.4427 62.3316 3
    endloop
  endfacet
  facet normal -0.923861 0.382727 0
    outer loop
      vertex -41.8287 60.5816 3
      vertex -41.6185 61.089 8
      vertex -41.6185 61.089 3
    endloop
  endfacet
  facet normal -0.923861 0.382727 0
    outer loop
      vertex -41.6185 61.089 8
      vertex -41.8287 60.5816 3
      vertex -41.8287 60.5816 8
    endloop
  endfacet
  facet normal -0.760374 -0.649486 0
    outer loop
      vertex -40.9749 57.0251 3
      vertex -41.3316 57.4427 8
      vertex -41.3316 57.4427 3
    endloop
  endfacet
  facet normal -0.760374 -0.649486 0
    outer loop
      vertex -41.3316 57.4427 8
      vertex -40.9749 57.0251 3
      vertex -40.9749 57.0251 8
    endloop
  endfacet
  facet normal -0.2334 0.972381 0
    outer loop
      vertex -39.0475 62.9569 3
      vertex -39.5816 62.8287 8
      vertex -39.0475 62.9569 8
    endloop
  endfacet
  facet normal -0.2334 0.972381 0
    outer loop
      vertex -39.5816 62.8287 8
      vertex -39.0475 62.9569 3
      vertex -39.5816 62.8287 3
    endloop
  endfacet
  facet normal -0.996916 -0.0784787 0
    outer loop
      vertex -41.9569 58.9525 3
      vertex -42 59.5 8
      vertex -42 59.5 3
    endloop
  endfacet
  facet normal -0.996916 -0.0784787 0
    outer loop
      vertex -42 59.5 8
      vertex -41.9569 58.9525 3
      vertex -41.9569 58.9525 8
    endloop
  endfacet
  facet normal 0 0 1
    outer loop
      vertex -36.7 59.5 8
      vertex -35 59.5 8
      vertex -35.0431 60.0475 8
    endloop
  endfacet
  facet normal 0 0 1
    outer loop
      vertex -36.7346 59.8512 8
      vertex -35.0431 60.0475 8
      vertex -35.1713 60.5816 8
    endloop
  endfacet
  facet normal 0 0 1
    outer loop
      vertex -35 59.5 8
      vertex -36.7 59.5 8
      vertex -35.0431 58.9525 8
    endloop
  endfacet
  facet normal 0 0 1
    outer loop
      vertex -36.837 60.1888 8
      vertex -35.1713 60.5816 8
      vertex -35.3815 61.089 8
    endloop
  endfacet
  facet normal -0 0 1
    outer loop
      vertex -36.7346 59.1488 8
      vertex -35.0431 58.9525 8
      vertex -36.7 59.5 8
    endloop
  endfacet
  facet normal 0 0 1
    outer loop
      vertex -37.0034 60.5 8
      vertex -35.3815 61.089 8
      vertex -35.6684 61.5572 8
    endloop
  endfacet
  facet normal 0 0 1
    outer loop
      vertex -35.0431 58.9525 8
      vertex -36.7346 59.1488 8
      vertex -35.1713 58.4184 8
    endloop
  endfacet
  facet normal 0 0 1
    outer loop
      vertex -37.2272 60.7728 8
      vertex -35.6684 61.5572 8
      vertex -36.0251 61.9749 8
    endloop
  endfacet
  facet normal -0 0 1
    outer loop
      vertex -36.837 58.8112 8
      vertex -35.1713 58.4184 8
      vertex -36.7346 59.1488 8
    endloop
  endfacet
  facet normal 0 0 1
    outer loop
      vertex -37.2272 60.7728 8
      vertex -36.0251 61.9749 8
      vertex -36.4427 62.3316 8
    endloop
  endfacet
  facet normal 0 0 1
    outer loop
      vertex -35.1713 58.4184 8
      vertex -36.837 58.8112 8
      vertex -35.3815 57.911 8
    endloop
  endfacet
  facet normal -0 0 1
    outer loop
      vertex -37.0034 58.5 8
      vertex -35.3815 57.911 8
      vertex -36.837 58.8112 8
    endloop
  endfacet
  facet normal 0 0 1
    outer loop
      vertex -35.0431 60.0475 8
      vertex -36.7346 59.8512 8
      vertex -36.7 59.5 8
    endloop
  endfacet
  facet normal 0 0 1
    outer loop
      vertex -35.1713 60.5816 8
      vertex -36.837 60.1888 8
      vertex -36.7346 59.8512 8
    endloop
  endfacet
  facet normal 0 0 1
    outer loop
      vertex -37.5 60.9966 8
      vertex -36.4427 62.3316 8
      vertex -36.911 62.6185 8
    endloop
  endfacet
  facet normal 0 0 1
    outer loop
      vertex -35.3815 61.089 8
      vertex -37.0034 60.5 8
      vertex -36.837 60.1888 8
    endloop
  endfacet
  facet normal 0 0 1
    outer loop
      vertex -35.6684 61.5572 8
      vertex -37.2272 60.7728 8
      vertex -37.0034 60.5 8
    endloop
  endfacet
  facet normal 0 0 1
    outer loop
      vertex -37.8112 61.163 8
      vertex -36.911 62.6185 8
      vertex -37.4184 62.8287 8
    endloop
  endfacet
  facet normal 0 0 1
    outer loop
      vertex -36.4427 62.3316 8
      vertex -37.5 60.9966 8
      vertex -37.2272 60.7728 8
    endloop
  endfacet
  facet normal 0 0 1
    outer loop
      vertex -36.911 62.6185 8
      vertex -37.8112 61.163 8
      vertex -37.5 60.9966 8
    endloop
  endfacet
  facet normal 0 0 1
    outer loop
      vertex -38.1488 61.2654 8
      vertex -37.4184 62.8287 8
      vertex -37.9525 62.9569 8
    endloop
  endfacet
  facet normal 0 0 1
    outer loop
      vertex -37.4184 62.8287 8
      vertex -38.1488 61.2654 8
      vertex -37.8112 61.163 8
    endloop
  endfacet
  facet normal 0 0 1
    outer loop
      vertex -38.5 61.3 8
      vertex -37.9525 62.9569 8
      vertex -38.5 63 8
    endloop
  endfacet
  facet normal 0 0 1
    outer loop
      vertex -37.9525 62.9569 8
      vertex -38.5 61.3 8
      vertex -38.1488 61.2654 8
    endloop
  endfacet
  facet normal -0 0 1
    outer loop
      vertex -39.0475 62.9569 8
      vertex -38.5 61.3 8
      vertex -38.5 63 8
    endloop
  endfacet
  facet normal 0 0 1
    outer loop
      vertex -38.5 61.3 8
      vertex -39.0475 62.9569 8
      vertex -38.8512 61.2654 8
    endloop
  endfacet
  facet normal -0 0 1
    outer loop
      vertex -39.5816 62.8287 8
      vertex -38.8512 61.2654 8
      vertex -39.0475 62.9569 8
    endloop
  endfacet
  facet normal 0 0 1
    outer loop
      vertex -38.8512 61.2654 8
      vertex -39.5816 62.8287 8
      vertex -39.1888 61.163 8
    endloop
  endfacet
  facet normal -0 0 1
    outer loop
      vertex -40.089 62.6185 8
      vertex -39.1888 61.163 8
      vertex -39.5816 62.8287 8
    endloop
  endfacet
  facet normal 0 0 1
    outer loop
      vertex -39.1888 61.163 8
      vertex -40.089 62.6185 8
      vertex -39.5 60.9966 8
    endloop
  endfacet
  facet normal -0 0 1
    outer loop
      vertex -40.5572 62.3316 8
      vertex -39.5 60.9966 8
      vertex -40.089 62.6185 8
    endloop
  endfacet
  facet normal 0 0 1
    outer loop
      vertex -39.5 60.9966 8
      vertex -40.5572 62.3316 8
      vertex -39.7728 60.7728 8
    endloop
  endfacet
  facet normal -0 0 1
    outer loop
      vertex -40.9749 61.9749 8
      vertex -39.7728 60.7728 8
      vertex -40.5572 62.3316 8
    endloop
  endfacet
  facet normal -0 0 1
    outer loop
      vertex -41.3316 61.5572 8
      vertex -39.7728 60.7728 8
      vertex -40.9749 61.9749 8
    endloop
  endfacet
  facet normal 0 0 1
    outer loop
      vertex -39.7728 60.7728 8
      vertex -41.3316 61.5572 8
      vertex -39.9966 60.5 8
    endloop
  endfacet
  facet normal -0 0 1
    outer loop
      vertex -41.6185 61.089 8
      vertex -39.9966 60.5 8
      vertex -41.3316 61.5572 8
    endloop
  endfacet
  facet normal 0 0 1
    outer loop
      vertex -35.3815 57.911 8
      vertex -37.0034 58.5 8
      vertex -35.6684 57.4427 8
    endloop
  endfacet
  facet normal -0 0 1
    outer loop
      vertex -37.2272 58.2272 8
      vertex -35.6684 57.4427 8
      vertex -37.0034 58.5 8
    endloop
  endfacet
  facet normal 0 0 1
    outer loop
      vertex -35.6684 57.4427 8
      vertex -37.2272 58.2272 8
      vertex -36.0251 57.0251 8
    endloop
  endfacet
  facet normal 0 0 1
    outer loop
      vertex -36.0251 57.0251 8
      vertex -37.2272 58.2272 8
      vertex -36.4427 56.6684 8
    endloop
  endfacet
  facet normal -0 0 1
    outer loop
      vertex -37.5 58.0034 8
      vertex -36.4427 56.6684 8
      vertex -37.2272 58.2272 8
    endloop
  endfacet
  facet normal 0 0 1
    outer loop
      vertex -36.4427 56.6684 8
      vertex -37.5 58.0034 8
      vertex -36.911 56.3815 8
    endloop
  endfacet
  facet normal -0 0 1
    outer loop
      vertex -37.8112 57.837 8
      vertex -36.911 56.3815 8
      vertex -37.5 58.0034 8
    endloop
  endfacet
  facet normal 0 0 1
    outer loop
      vertex -36.911 56.3815 8
      vertex -37.8112 57.837 8
      vertex -37.4184 56.1713 8
    endloop
  endfacet
  facet normal -0 0 1
    outer loop
      vertex -38.1488 57.7346 8
      vertex -37.4184 56.1713 8
      vertex -37.8112 57.837 8
    endloop
  endfacet
  facet normal 0 0 1
    outer loop
      vertex -37.4184 56.1713 8
      vertex -38.1488 57.7346 8
      vertex -37.9525 56.0431 8
    endloop
  endfacet
  facet normal -0 0 1
    outer loop
      vertex -38.5 57.7 8
      vertex -37.9525 56.0431 8
      vertex -38.1488 57.7346 8
    endloop
  endfacet
  facet normal 0 0 1
    outer loop
      vertex -38.5 57.7 8
      vertex -38.5 56 8
      vertex -37.9525 56.0431 8
    endloop
  endfacet
  facet normal 0 0 1
    outer loop
      vertex -39.0475 56.0431 8
      vertex -38.5 57.7 8
      vertex -38.8512 57.7346 8
    endloop
  endfacet
  facet normal 0 0 1
    outer loop
      vertex -38.5 57.7 8
      vertex -39.0475 56.0431 8
      vertex -38.5 56 8
    endloop
  endfacet
  facet normal 0 0 1
    outer loop
      vertex -39.5816 56.1713 8
      vertex -38.8512 57.7346 8
      vertex -39.1888 57.837 8
    endloop
  endfacet
  facet normal 0 0 1
    outer loop
      vertex -40.089 56.3815 8
      vertex -39.1888 57.837 8
      vertex -39.5 58.0034 8
    endloop
  endfacet
  facet normal 0 0 1
    outer loop
      vertex -38.8512 57.7346 8
      vertex -39.5816 56.1713 8
      vertex -39.0475 56.0431 8
    endloop
  endfacet
  facet normal 0 0 1
    outer loop
      vertex -40.5572 56.6684 8
      vertex -39.5 58.0034 8
      vertex -39.7728 58.2272 8
    endloop
  endfacet
  facet normal 0 0 1
    outer loop
      vertex -41.3316 57.4427 8
      vertex -39.7728 58.2272 8
      vertex -39.9966 58.5 8
    endloop
  endfacet
  facet normal 0 0 1
    outer loop
      vertex -39.1888 57.837 8
      vertex -40.089 56.3815 8
      vertex -39.5816 56.1713 8
    endloop
  endfacet
  facet normal 0 0 1
    outer loop
      vertex -41.6185 57.911 8
      vertex -39.9966 58.5 8
      vertex -40.163 58.8112 8
    endloop
  endfacet
  facet normal 0 0 1
    outer loop
      vertex -41.8287 58.4184 8
      vertex -40.163 58.8112 8
      vertex -40.2654 59.1488 8
    endloop
  endfacet
  facet normal 0 0 1
    outer loop
      vertex -41.9569 58.9525 8
      vertex -40.2654 59.1488 8
      vertex -40.3 59.5 8
    endloop
  endfacet
  facet normal 0 0 1
    outer loop
      vertex -39.9966 60.5 8
      vertex -41.6185 61.089 8
      vertex -40.163 60.1888 8
    endloop
  endfacet
  facet normal 0 0 1
    outer loop
      vertex -39.5 58.0034 8
      vertex -40.5572 56.6684 8
      vertex -40.089 56.3815 8
    endloop
  endfacet
  facet normal -0 0 1
    outer loop
      vertex -41.8287 60.5816 8
      vertex -40.163 60.1888 8
      vertex -41.6185 61.089 8
    endloop
  endfacet
  facet normal 0 0 1
    outer loop
      vertex -39.7728 58.2272 8
      vertex -40.9749 57.0251 8
      vertex -40.5572 56.6684 8
    endloop
  endfacet
  facet normal 0 0 1
    outer loop
      vertex -40.163 60.1888 8
      vertex -41.8287 60.5816 8
      vertex -40.2654 59.8512 8
    endloop
  endfacet
  facet normal 0 0 1
    outer loop
      vertex -39.7728 58.2272 8
      vertex -41.3316 57.4427 8
      vertex -40.9749 57.0251 8
    endloop
  endfacet
  facet normal -0 0 1
    outer loop
      vertex -41.9569 60.0475 8
      vertex -40.2654 59.8512 8
      vertex -41.8287 60.5816 8
    endloop
  endfacet
  facet normal 0 0 1
    outer loop
      vertex -39.9966 58.5 8
      vertex -41.6185 57.911 8
      vertex -41.3316 57.4427 8
    endloop
  endfacet
  facet normal 0 0 1
    outer loop
      vertex -40.2654 59.8512 8
      vertex -41.9569 60.0475 8
      vertex -40.3 59.5 8
    endloop
  endfacet
  facet normal 0 0 1
    outer loop
      vertex -40.163 58.8112 8
      vertex -41.8287 58.4184 8
      vertex -41.6185 57.911 8
    endloop
  endfacet
  facet normal 0 0 1
    outer loop
      vertex -42 59.5 8
      vertex -40.3 59.5 8
      vertex -41.9569 60.0475 8
    endloop
  endfacet
  facet normal 0 0 1
    outer loop
      vertex -40.2654 59.1488 8
      vertex -41.9569 58.9525 8
      vertex -41.8287 58.4184 8
    endloop
  endfacet
  facet normal 0 0 1
    outer loop
      vertex -40.3 59.5 8
      vertex -42 59.5 8
      vertex -41.9569 58.9525 8
    endloop
  endfacet
  facet normal -0.852701 -0.5224 0
    outer loop
      vertex -41.3316 57.4427 3
      vertex -41.6185 57.911 8
      vertex -41.6185 57.911 3
    endloop
  endfacet
  facet normal -0.852701 -0.5224 0
    outer loop
      vertex -41.6185 57.911 8
      vertex -41.3316 57.4427 3
      vertex -41.3316 57.4427 8
    endloop
  endfacet
  facet normal 0.5224 -0.852701 0
    outer loop
      vertex -36.911 56.3815 3
      vertex -36.4427 56.6684 8
      vertex -36.911 56.3815 8
    endloop
  endfacet
  facet normal 0.5224 -0.852701 0
    outer loop
      vertex -36.4427 56.6684 8
      vertex -36.911 56.3815 3
      vertex -36.4427 56.6684 3
    endloop
  endfacet
  facet normal 0.0784787 0.996916 -0
    outer loop
      vertex -37.9525 62.9569 3
      vertex -38.5 63 8
      vertex -37.9525 62.9569 8
    endloop
  endfacet
  facet normal 0.0784787 0.996916 0
    outer loop
      vertex -38.5 63 8
      vertex -37.9525 62.9569 3
      vertex -38.5 63 3
    endloop
  endfacet
  facet normal -0.972381 0.2334 0
    outer loop
      vertex -41.9569 60.0475 3
      vertex -41.8287 60.5816 8
      vertex -41.8287 60.5816 3
    endloop
  endfacet
  facet normal -0.972381 0.2334 0
    outer loop
      vertex -41.8287 60.5816 8
      vertex -41.9569 60.0475 3
      vertex -41.9569 60.0475 8
    endloop
  endfacet
  facet normal -0.382727 -0.923861 0
    outer loop
      vertex -40.089 56.3815 3
      vertex -39.5816 56.1713 8
      vertex -40.089 56.3815 8
    endloop
  endfacet
  facet normal -0.382727 -0.923861 -0
    outer loop
      vertex -39.5816 56.1713 8
      vertex -40.089 56.3815 3
      vertex -39.5816 56.1713 3
    endloop
  endfacet
  facet normal -0.972381 -0.2334 0
    outer loop
      vertex -41.8287 58.4184 3
      vertex -41.9569 58.9525 8
      vertex -41.9569 58.9525 3
    endloop
  endfacet
  facet normal -0.972381 -0.2334 0
    outer loop
      vertex -41.9569 58.9525 8
      vertex -41.8287 58.4184 3
      vertex -41.8287 58.4184 8
    endloop
  endfacet
  facet normal -0.76045 0.649396 0
    outer loop
      vertex -41.3316 61.5572 3
      vertex -40.9749 61.9749 8
      vertex -40.9749 61.9749 3
    endloop
  endfacet
  facet normal -0.76045 0.649396 0
    outer loop
      vertex -40.9749 61.9749 8
      vertex -41.3316 61.5572 3
      vertex -41.3316 61.5572 8
    endloop
  endfacet
  facet normal -0.649396 -0.76045 0
    outer loop
      vertex -40.9749 57.0251 3
      vertex -40.5572 56.6684 8
      vertex -40.9749 57.0251 8
    endloop
  endfacet
  facet normal -0.649396 -0.76045 -0
    outer loop
      vertex -40.5572 56.6684 8
      vertex -40.9749 57.0251 3
      vertex -40.5572 56.6684 3
    endloop
  endfacet
  facet normal -0.0784787 -0.996916 0
    outer loop
      vertex -39.0475 56.0431 3
      vertex -38.5 56 8
      vertex -39.0475 56.0431 8
    endloop
  endfacet
  facet normal -0.0784787 -0.996916 -0
    outer loop
      vertex -38.5 56 8
      vertex -39.0475 56.0431 3
      vertex -38.5 56 3
    endloop
  endfacet
  facet normal -0 0 1
    outer loop
      vertex -93.3815 57.911 3
      vertex -90 53 3
      vertex -93.1713 58.4184 3
    endloop
  endfacet
  facet normal 0 0 1
    outer loop
      vertex -90 17 3
      vertex -93.0431 11.0475 3
      vertex -93 10.5 3
    endloop
  endfacet
  facet normal 0 0 1
    outer loop
      vertex -90 53 3
      vertex -96.15 40 3
      vertex -90 17 3
    endloop
  endfacet
  facet normal 0 0 1
    outer loop
      vertex -90 17 3
      vertex -93.1713 11.5816 3
      vertex -93.0431 11.0475 3
    endloop
  endfacet
  facet normal -0 0 1
    outer loop
      vertex -93.6684 57.4427 3
      vertex -90 53 3
      vertex -93.3815 57.911 3
    endloop
  endfacet
  facet normal -0 0 1
    outer loop
      vertex -100.15 40 3
      vertex -90 17 3
      vertex -96.15 40 3
    endloop
  endfacet
  facet normal -0 0 1
    outer loop
      vertex -94.0251 57.0251 3
      vertex -90 53 3
      vertex -93.6684 57.4427 3
    endloop
  endfacet
  facet normal 0 0 1
    outer loop
      vertex -90 17 3
      vertex -93.3815 12.089 3
      vertex -93.1713 11.5816 3
    endloop
  endfacet
  facet normal -0 0 1
    outer loop
      vertex -94.4427 56.6684 3
      vertex -90 53 3
      vertex -94.0251 57.0251 3
    endloop
  endfacet
  facet normal 0 0 1
    outer loop
      vertex -90 17 3
      vertex -93.6684 12.5572 3
      vertex -93.3815 12.089 3
    endloop
  endfacet
  facet normal -0 0 1
    outer loop
      vertex -94.911 56.3815 3
      vertex -90 53 3
      vertex -94.4427 56.6684 3
    endloop
  endfacet
  facet normal 0 0 1
    outer loop
      vertex -90 17 3
      vertex -94.0251 12.9749 3
      vertex -93.6684 12.5572 3
    endloop
  endfacet
  facet normal -0 0 1
    outer loop
      vertex -95.4184 56.1713 3
      vertex -90 53 3
      vertex -94.911 56.3815 3
    endloop
  endfacet
  facet normal 0 0 1
    outer loop
      vertex -90 17 3
      vertex -94.4427 13.3316 3
      vertex -94.0251 12.9749 3
    endloop
  endfacet
  facet normal -0 0 1
    outer loop
      vertex -95.9525 56.0431 3
      vertex -90 53 3
      vertex -95.4184 56.1713 3
    endloop
  endfacet
  facet normal 0 0 1
    outer loop
      vertex -90 17 3
      vertex -94.911 13.6185 3
      vertex -94.4427 13.3316 3
    endloop
  endfacet
  facet normal 0 0 1
    outer loop
      vertex -90 53 3
      vertex -95.9525 56.0431 3
      vertex -96.15 46 3
    endloop
  endfacet
  facet normal 0 0 1
    outer loop
      vertex -90 17 3
      vertex -95.4184 13.8287 3
      vertex -94.911 13.6185 3
    endloop
  endfacet
  facet normal 0 0 1
    outer loop
      vertex -90 53 3
      vertex -96.15 46 3
      vertex -96.15 40 3
    endloop
  endfacet
  facet normal -0 0 1
    outer loop
      vertex -96.5 56 3
      vertex -96.15 46 3
      vertex -95.9525 56.0431 3
    endloop
  endfacet
  facet normal 0 0 1
    outer loop
      vertex -97.0475 56.0431 3
      vertex -96.15 46 3
      vertex -96.5 56 3
    endloop
  endfacet
  facet normal 0 0 1
    outer loop
      vertex -100.15 46 3
      vertex -97.0475 56.0431 3
      vertex -97.5816 56.1713 3
    endloop
  endfacet
  facet normal 0 0 1
    outer loop
      vertex -100.15 46 3
      vertex -97.5816 56.1713 3
      vertex -98.089 56.3815 3
    endloop
  endfacet
  facet normal 0 0 1
    outer loop
      vertex -100.15 46 3
      vertex -98.089 56.3815 3
      vertex -98.5573 56.6684 3
    endloop
  endfacet
  facet normal 0 0 1
    outer loop
      vertex -100.15 46 3
      vertex -98.5573 56.6684 3
      vertex -98.9749 57.0251 3
    endloop
  endfacet
  facet normal 0 0 1
    outer loop
      vertex -100.15 46 3
      vertex -98.9749 57.0251 3
      vertex -99.3316 57.4427 3
    endloop
  endfacet
  facet normal 0 0 1
    outer loop
      vertex -100.15 46 3
      vertex -99.3316 57.4427 3
      vertex -99.6185 57.911 3
    endloop
  endfacet
  facet normal 0 0 1
    outer loop
      vertex -100.15 46 3
      vertex -99.6185 57.911 3
      vertex -99.8287 58.4184 3
    endloop
  endfacet
  facet normal 0 0 1
    outer loop
      vertex -97.0475 56.0431 3
      vertex -100.15 46 3
      vertex -96.15 46 3
    endloop
  endfacet
  facet normal 0 0 1
    outer loop
      vertex -99.9569 58.9525 3
      vertex -100.15 46 3
      vertex -99.8287 58.4184 3
    endloop
  endfacet
  facet normal 0 0 1
    outer loop
      vertex -106.15 75 3
      vertex -99.9569 58.9525 3
      vertex -100 59.5 3
    endloop
  endfacet
  facet normal 0 0 1
    outer loop
      vertex -35.3815 57.911 3
      vertex -31 65 3
      vertex -35.1713 58.4184 3
    endloop
  endfacet
  facet normal 0 0 1
    outer loop
      vertex -31 5 3
      vertex -35.0431 11.0475 3
      vertex -35 10.5 3
    endloop
  endfacet
  facet normal 0 0 1
    outer loop
      vertex -31 65 3
      vertex -35.3815 57.911 3
      vertex -31 5 3
    endloop
  endfacet
  facet normal 0 0 1
    outer loop
      vertex -31 5 3
      vertex -35.1713 11.5816 3
      vertex -35.0431 11.0475 3
    endloop
  endfacet
  facet normal -0 0 1
    outer loop
      vertex -35.3815 12.089 3
      vertex -31 5 3
      vertex -35.3815 57.911 3
    endloop
  endfacet
  facet normal 0 0 1
    outer loop
      vertex -31 5 3
      vertex -35.3815 12.089 3
      vertex -35.1713 11.5816 3
    endloop
  endfacet
  facet normal -0 0 1
    outer loop
      vertex -35.6684 57.4427 3
      vertex -35.3815 12.089 3
      vertex -35.3815 57.911 3
    endloop
  endfacet
  facet normal 0 0 1
    outer loop
      vertex -35.6684 57.4427 3
      vertex -35.6684 12.5572 3
      vertex -35.3815 12.089 3
    endloop
  endfacet
  facet normal -0 0 1
    outer loop
      vertex -36.0251 57.0251 3
      vertex -35.6684 12.5572 3
      vertex -35.6684 57.4427 3
    endloop
  endfacet
  facet normal 0 0 1
    outer loop
      vertex -36.0251 57.0251 3
      vertex -36.0251 12.9749 3
      vertex -35.6684 12.5572 3
    endloop
  endfacet
  facet normal -0 0 1
    outer loop
      vertex -36.4427 56.6684 3
      vertex -36.0251 12.9749 3
      vertex -36.0251 57.0251 3
    endloop
  endfacet
  facet normal 0 0 1
    outer loop
      vertex -36.4427 56.6684 3
      vertex -36.4427 13.3316 3
      vertex -36.0251 12.9749 3
    endloop
  endfacet
  facet normal -0 0 1
    outer loop
      vertex -36.911 56.3815 3
      vertex -36.4427 13.3316 3
      vertex -36.4427 56.6684 3
    endloop
  endfacet
  facet normal 0 0 1
    outer loop
      vertex -36.911 56.3815 3
      vertex -36.911 13.6185 3
      vertex -36.4427 13.3316 3
    endloop
  endfacet
  facet normal -0 0 1
    outer loop
      vertex -37.4184 56.1713 3
      vertex -36.911 13.6185 3
      vertex -36.911 56.3815 3
    endloop
  endfacet
  facet normal 0 0 1
    outer loop
      vertex -37.4184 56.1713 3
      vertex -37.4184 13.8287 3
      vertex -36.911 13.6185 3
    endloop
  endfacet
  facet normal -0 0 1
    outer loop
      vertex -37.9525 56.0431 3
      vertex -37.4184 13.8287 3
      vertex -37.4184 56.1713 3
    endloop
  endfacet
  facet normal 0 0 1
    outer loop
      vertex -37.9525 56.0431 3
      vertex -37.9525 13.9569 3
      vertex -37.4184 13.8287 3
    endloop
  endfacet
  facet normal 0 0 1
    outer loop
      vertex -45 53 3
      vertex -37.9525 56.0431 3
      vertex -38.5 56 3
    endloop
  endfacet
  facet normal 0 0 1
    outer loop
      vertex -37.9525 56.0431 3
      vertex -45 53 3
      vertex -37.9525 13.9569 3
    endloop
  endfacet
  facet normal 0 0 1
    outer loop
      vertex -45 53 3
      vertex -38.5 56 3
      vertex -39.0475 56.0431 3
    endloop
  endfacet
  facet normal -0 0 1
    outer loop
      vertex -45 17 3
      vertex -37.9525 13.9569 3
      vertex -45 53 3
    endloop
  endfacet
  facet normal 0 0 1
    outer loop
      vertex -45 53 3
      vertex -39.0475 56.0431 3
      vertex -39.5816 56.1713 3
    endloop
  endfacet
  facet normal 0 0 1
    outer loop
      vertex -37.9525 13.9569 3
      vertex -45 17 3
      vertex -38.5 14 3
    endloop
  endfacet
  facet normal 0 0 1
    outer loop
      vertex -45 53 3
      vertex -39.5816 56.1713 3
      vertex -40.089 56.3815 3
    endloop
  endfacet
  facet normal 0 0 1
    outer loop
      vertex -38.5 14 3
      vertex -45 17 3
      vertex -39.0475 13.9569 3
    endloop
  endfacet
  facet normal 0 0 1
    outer loop
      vertex -45 53 3
      vertex -40.089 56.3815 3
      vertex -40.5572 56.6684 3
    endloop
  endfacet
  facet normal 0 0 1
    outer loop
      vertex -39.0475 13.9569 3
      vertex -45 17 3
      vertex -39.5816 13.8287 3
    endloop
  endfacet
  facet normal 0 0 1
    outer loop
      vertex -45 53 3
      vertex -40.5572 56.6684 3
      vertex -40.9749 57.0251 3
    endloop
  endfacet
  facet normal 0 0 1
    outer loop
      vertex -39.5816 13.8287 3
      vertex -45 17 3
      vertex -40.089 13.6185 3
    endloop
  endfacet
  facet normal 0 0 1
    outer loop
      vertex -45 53 3
      vertex -40.9749 57.0251 3
      vertex -41.3316 57.4427 3
    endloop
  endfacet
  facet normal 0 0 1
    outer loop
      vertex -40.089 13.6185 3
      vertex -45 17 3
      vertex -40.5572 13.3316 3
    endloop
  endfacet
  facet normal 0 0 1
    outer loop
      vertex -45 53 3
      vertex -41.3316 57.4427 3
      vertex -41.6185 57.911 3
    endloop
  endfacet
  facet normal 0 0 1
    outer loop
      vertex -40.5572 13.3316 3
      vertex -45 17 3
      vertex -40.9749 12.9749 3
    endloop
  endfacet
  facet normal 0 0 1
    outer loop
      vertex -45 53 3
      vertex -41.6185 57.911 3
      vertex -41.8287 58.4184 3
    endloop
  endfacet
  facet normal 0 0 1
    outer loop
      vertex -40.9749 12.9749 3
      vertex -45 17 3
      vertex -41.3316 12.5572 3
    endloop
  endfacet
  facet normal 0 0 1
    outer loop
      vertex -45 53 3
      vertex -41.8287 58.4184 3
      vertex -41.9569 58.9525 3
    endloop
  endfacet
  facet normal 0 0 1
    outer loop
      vertex -41.3316 12.5572 3
      vertex -45 17 3
      vertex -41.6185 12.089 3
    endloop
  endfacet
  facet normal 0 0 1
    outer loop
      vertex -45 53 3
      vertex -41.9569 58.9525 3
      vertex -42 59.5 3
    endloop
  endfacet
  facet normal 0 0 1
    outer loop
      vertex -41.6185 12.089 3
      vertex -45 17 3
      vertex -41.8287 11.5816 3
    endloop
  endfacet
  facet normal 0 0 1
    outer loop
      vertex -90 17 3
      vertex -95.9525 13.9569 3
      vertex -95.4184 13.8287 3
    endloop
  endfacet
  facet normal 0 0 1
    outer loop
      vertex -90 17 3
      vertex -96.5 14 3
      vertex -95.9525 13.9569 3
    endloop
  endfacet
  facet normal 0 0 1
    outer loop
      vertex -90 17 3
      vertex -97.0475 13.9569 3
      vertex -96.5 14 3
    endloop
  endfacet
  facet normal 0 0 1
    outer loop
      vertex -90 17 3
      vertex -100.15 40 3
      vertex -97.0475 13.9569 3
    endloop
  endfacet
  facet normal 0 0 1
    outer loop
      vertex -97.0475 13.9569 3
      vertex -100.15 40 3
      vertex -97.5816 13.8287 3
    endloop
  endfacet
  facet normal 0 0 1
    outer loop
      vertex -97.5816 13.8287 3
      vertex -100.15 40 3
      vertex -98.089 13.6185 3
    endloop
  endfacet
  facet normal 0 0 1
    outer loop
      vertex -98.089 13.6185 3
      vertex -100.15 40 3
      vertex -98.5573 13.3316 3
    endloop
  endfacet
  facet normal 0 0 1
    outer loop
      vertex -98.5573 13.3316 3
      vertex -100.15 40 3
      vertex -98.9749 12.9749 3
    endloop
  endfacet
  facet normal 0 0 1
    outer loop
      vertex -98.9749 12.9749 3
      vertex -100.15 40 3
      vertex -99.3316 12.5572 3
    endloop
  endfacet
  facet normal 0 0 1
    outer loop
      vertex -99.3316 12.5572 3
      vertex -100.15 40 3
      vertex -99.6185 12.089 3
    endloop
  endfacet
  facet normal 0 0 1
    outer loop
      vertex -99.6185 12.089 3
      vertex -100.15 40 3
      vertex -99.8287 11.5816 3
    endloop
  endfacet
  facet normal 0 0 1
    outer loop
      vertex -99.8287 11.5816 3
      vertex -106.15 0 3
      vertex -99.9569 11.0475 3
    endloop
  endfacet
  facet normal 0 0 1
    outer loop
      vertex -106.15 0 3
      vertex -99.8287 11.5816 3
      vertex -100.15 40 3
    endloop
  endfacet
  facet normal 0 0 1
    outer loop
      vertex 20 24.9 3
      vertex 6 24.9 3
      vertex 20 12 3
    endloop
  endfacet
  facet normal 0 0 1
    outer loop
      vertex 100.15 40 3
      vertex 106.15 75 3
      vertex 100.15 46 3
    endloop
  endfacet
  facet normal -0 0 1
    outer loop
      vertex 90 62 3
      vertex 100.15 46 3
      vertex 106.15 75 3
    endloop
  endfacet
  facet normal 0 0 1
    outer loop
      vertex 96.15 46 3
      vertex 90 62 3
      vertex 96.15 40 3
    endloop
  endfacet
  facet normal 0 0 1
    outer loop
      vertex 100.15 46 3
      vertex 90 62 3
      vertex 96.15 46 3
    endloop
  endfacet
  facet normal 0 0 1
    outer loop
      vertex 106.15 75 3
      vertex 20 62 3
      vertex 90 62 3
    endloop
  endfacet
  facet normal 0 0 1
    outer loop
      vertex 20 62 3
      vertex 6 50.9 3
      vertex 20 50.9 3
    endloop
  endfacet
  facet normal 0 0 1
    outer loop
      vertex 6 50.9 3
      vertex -19 65 3
      vertex 6 24.9 3
    endloop
  endfacet
  facet normal 0 0 1
    outer loop
      vertex 20 62 3
      vertex -19 65 3
      vertex 6 50.9 3
    endloop
  endfacet
  facet normal 0 0 1
    outer loop
      vertex 106.15 75 3
      vertex -19 65 3
      vertex 20 62 3
    endloop
  endfacet
  facet normal -0 0 1
    outer loop
      vertex -106.15 75 3
      vertex -19 65 3
      vertex 106.15 75 3
    endloop
  endfacet
  facet normal 0 0 1
    outer loop
      vertex -35.0431 58.9525 3
      vertex -31 65 3
      vertex -35 59.5 3
    endloop
  endfacet
  facet normal 0 0 1
    outer loop
      vertex -31 65 3
      vertex -35.0431 60.0475 3
      vertex -35 59.5 3
    endloop
  endfacet
  facet normal 0 0 1
    outer loop
      vertex -31 65 3
      vertex -35.1713 60.5816 3
      vertex -35.0431 60.0475 3
    endloop
  endfacet
  facet normal 0 0 1
    outer loop
      vertex -31 65 3
      vertex -35.3815 61.089 3
      vertex -35.1713 60.5816 3
    endloop
  endfacet
  facet normal 0 0 1
    outer loop
      vertex -31 65 3
      vertex -35.6684 61.5572 3
      vertex -35.3815 61.089 3
    endloop
  endfacet
  facet normal 0 0 1
    outer loop
      vertex -31 65 3
      vertex -36.0251 61.9749 3
      vertex -35.6684 61.5572 3
    endloop
  endfacet
  facet normal 0 0 1
    outer loop
      vertex -31 65 3
      vertex -36.4427 62.3316 3
      vertex -36.0251 61.9749 3
    endloop
  endfacet
  facet normal 0 0 1
    outer loop
      vertex -31 65 3
      vertex -36.911 62.6185 3
      vertex -36.4427 62.3316 3
    endloop
  endfacet
  facet normal 0 0 1
    outer loop
      vertex -31 65 3
      vertex -37.4184 62.8287 3
      vertex -36.911 62.6185 3
    endloop
  endfacet
  facet normal 0 0 1
    outer loop
      vertex -31 65 3
      vertex -37.9525 62.9569 3
      vertex -37.4184 62.8287 3
    endloop
  endfacet
  facet normal 0 0 1
    outer loop
      vertex -31 65 3
      vertex -38.5 63 3
      vertex -37.9525 62.9569 3
    endloop
  endfacet
  facet normal 0 0 1
    outer loop
      vertex -31 65 3
      vertex -39.0475 62.9569 3
      vertex -38.5 63 3
    endloop
  endfacet
  facet normal 0 0 1
    outer loop
      vertex -106.15 75 3
      vertex -39.0475 62.9569 3
      vertex -31 65 3
    endloop
  endfacet
  facet normal 0 0 1
    outer loop
      vertex -41.8287 11.5816 3
      vertex -45 17 3
      vertex -41.9569 11.0475 3
    endloop
  endfacet
  facet normal 0 0 1
    outer loop
      vertex -41.9569 60.0475 3
      vertex -45 53 3
      vertex -42 59.5 3
    endloop
  endfacet
  facet normal 0 0 1
    outer loop
      vertex -41.8287 60.5816 3
      vertex -45 53 3
      vertex -41.9569 60.0475 3
    endloop
  endfacet
  facet normal 0 0 1
    outer loop
      vertex -93.1713 60.5816 3
      vertex -41.8287 60.5816 3
      vertex -41.6185 61.089 3
    endloop
  endfacet
  facet normal 0 0 1
    outer loop
      vertex -41.8287 60.5816 3
      vertex -90 53 3
      vertex -45 53 3
    endloop
  endfacet
  facet normal 0 0 1
    outer loop
      vertex -93.3815 61.089 3
      vertex -41.6185 61.089 3
      vertex -41.3316 61.5572 3
    endloop
  endfacet
  facet normal 0 0 1
    outer loop
      vertex -93.6684 61.5572 3
      vertex -41.3316 61.5572 3
      vertex -40.9749 61.9749 3
    endloop
  endfacet
  facet normal 0 0 1
    outer loop
      vertex -94.0251 61.9749 3
      vertex -40.9749 61.9749 3
      vertex -40.5572 62.3316 3
    endloop
  endfacet
  facet normal 0 0 1
    outer loop
      vertex -106.15 75 3
      vertex -40.5572 62.3316 3
      vertex -40.089 62.6185 3
    endloop
  endfacet
  facet normal 0 0 1
    outer loop
      vertex -106.15 75 3
      vertex -40.089 62.6185 3
      vertex -39.5816 62.8287 3
    endloop
  endfacet
  facet normal 0 0 1
    outer loop
      vertex -39.0475 62.9569 3
      vertex -106.15 75 3
      vertex -39.5816 62.8287 3
    endloop
  endfacet
  facet normal -0 0 1
    outer loop
      vertex -93.0431 58.9525 3
      vertex -90 53 3
      vertex -93 59.5 3
    endloop
  endfacet
  facet normal 0 0 1
    outer loop
      vertex -41.8287 60.5816 3
      vertex -93.1713 60.5816 3
      vertex -90 53 3
    endloop
  endfacet
  facet normal 0 0 1
    outer loop
      vertex -90 53 3
      vertex -93.0431 60.0475 3
      vertex -93 59.5 3
    endloop
  endfacet
  facet normal 0 0 1
    outer loop
      vertex -90 53 3
      vertex -93.1713 60.5816 3
      vertex -93.0431 60.0475 3
    endloop
  endfacet
  facet normal 0 0 1
    outer loop
      vertex -19 65 3
      vertex -106.15 75 3
      vertex -31 65 3
    endloop
  endfacet
  facet normal 0 0 1
    outer loop
      vertex -41.6185 61.089 3
      vertex -93.3815 61.089 3
      vertex -93.1713 60.5816 3
    endloop
  endfacet
  facet normal 0 0 1
    outer loop
      vertex -41.3316 61.5572 3
      vertex -93.6684 61.5572 3
      vertex -93.3815 61.089 3
    endloop
  endfacet
  facet normal 0 0 1
    outer loop
      vertex -40.9749 61.9749 3
      vertex -94.0251 61.9749 3
      vertex -93.6684 61.5572 3
    endloop
  endfacet
  facet normal 0 0 1
    outer loop
      vertex -40.5572 62.3316 3
      vertex -106.15 75 3
      vertex -94.4427 62.3316 3
    endloop
  endfacet
  facet normal 0 0 1
    outer loop
      vertex -40.5572 62.3316 3
      vertex -94.4427 62.3316 3
      vertex -94.0251 61.9749 3
    endloop
  endfacet
  facet normal 0 0 1
    outer loop
      vertex -94.4427 62.3316 3
      vertex -106.15 75 3
      vertex -94.911 62.6185 3
    endloop
  endfacet
  facet normal 0 0 1
    outer loop
      vertex -94.911 62.6185 3
      vertex -106.15 75 3
      vertex -95.4184 62.8287 3
    endloop
  endfacet
  facet normal 0 0 1
    outer loop
      vertex -95.4184 62.8287 3
      vertex -106.15 75 3
      vertex -95.9525 62.9569 3
    endloop
  endfacet
  facet normal 0 0 1
    outer loop
      vertex -100.15 46 3
      vertex -106.15 75 3
      vertex -100.15 40 3
    endloop
  endfacet
  facet normal 0 0 1
    outer loop
      vertex -99.9569 58.9525 3
      vertex -106.15 75 3
      vertex -100.15 46 3
    endloop
  endfacet
  facet normal 0 0 1
    outer loop
      vertex -99.9569 60.0475 3
      vertex -106.15 75 3
      vertex -100 59.5 3
    endloop
  endfacet
  facet normal 0 0 1
    outer loop
      vertex -99.8287 60.5816 3
      vertex -106.15 75 3
      vertex -99.9569 60.0475 3
    endloop
  endfacet
  facet normal 0 0 1
    outer loop
      vertex -99.6185 61.089 3
      vertex -106.15 75 3
      vertex -99.8287 60.5816 3
    endloop
  endfacet
  facet normal 0 0 1
    outer loop
      vertex -99.3316 61.5572 3
      vertex -106.15 75 3
      vertex -99.6185 61.089 3
    endloop
  endfacet
  facet normal 0 0 1
    outer loop
      vertex -98.9749 61.9749 3
      vertex -106.15 75 3
      vertex -99.3316 61.5572 3
    endloop
  endfacet
  facet normal 0 0 1
    outer loop
      vertex -98.5573 62.3316 3
      vertex -106.15 75 3
      vertex -98.9749 61.9749 3
    endloop
  endfacet
  facet normal 0 0 1
    outer loop
      vertex -98.089 62.6185 3
      vertex -106.15 75 3
      vertex -98.5573 62.3316 3
    endloop
  endfacet
  facet normal 0 0 1
    outer loop
      vertex -97.5816 62.8287 3
      vertex -106.15 75 3
      vertex -98.089 62.6185 3
    endloop
  endfacet
  facet normal 0 0 1
    outer loop
      vertex -97.0475 62.9569 3
      vertex -106.15 75 3
      vertex -97.5816 62.8287 3
    endloop
  endfacet
  facet normal 0 0 1
    outer loop
      vertex -96.5 63 3
      vertex -106.15 75 3
      vertex -97.0475 62.9569 3
    endloop
  endfacet
  facet normal 0 0 1
    outer loop
      vertex -95.9525 62.9569 3
      vertex -106.15 75 3
      vertex -96.5 63 3
    endloop
  endfacet
  facet normal 0 0 1
    outer loop
      vertex 106.15 75 3
      vertex 100.15 40 3
      vertex 106.15 0 3
    endloop
  endfacet
  facet normal 0 0 1
    outer loop
      vertex 90 12 3
      vertex 100.15 40 3
      vertex 96.15 40 3
    endloop
  endfacet
  facet normal 0 0 1
    outer loop
      vertex 90 12 3
      vertex 96.15 40 3
      vertex 90 62 3
    endloop
  endfacet
  facet normal 0 0 1
    outer loop
      vertex 100.15 40 3
      vertex 90 12 3
      vertex 106.15 0 3
    endloop
  endfacet
  facet normal -0 0 1
    outer loop
      vertex 20 12 3
      vertex 106.15 0 3
      vertex 90 12 3
    endloop
  endfacet
  facet normal 0 0 1
    outer loop
      vertex -19 5 3
      vertex 6 24.9 3
      vertex -19 65 3
    endloop
  endfacet
  facet normal 0 0 1
    outer loop
      vertex -19 5 3
      vertex 20 12 3
      vertex 6 24.9 3
    endloop
  endfacet
  facet normal -0 0 1
    outer loop
      vertex -19 5 3
      vertex 106.15 0 3
      vertex 20 12 3
    endloop
  endfacet
  facet normal 0 0 1
    outer loop
      vertex -106.15 0 3
      vertex -19 5 3
      vertex -31 5 3
    endloop
  endfacet
  facet normal 0 0 1
    outer loop
      vertex -35.1713 58.4184 3
      vertex -31 65 3
      vertex -35.0431 58.9525 3
    endloop
  endfacet
  facet normal -0 0 1
    outer loop
      vertex -35.0431 9.95248 3
      vertex -31 5 3
      vertex -35 10.5 3
    endloop
  endfacet
  facet normal -0 0 1
    outer loop
      vertex -35.1713 9.41844 3
      vertex -31 5 3
      vertex -35.0431 9.95248 3
    endloop
  endfacet
  facet normal -0 0 1
    outer loop
      vertex -35.3815 8.91103 3
      vertex -31 5 3
      vertex -35.1713 9.41844 3
    endloop
  endfacet
  facet normal -0 0 1
    outer loop
      vertex -35.6684 8.44275 3
      vertex -31 5 3
      vertex -35.3815 8.91103 3
    endloop
  endfacet
  facet normal -0 0 1
    outer loop
      vertex -36.0251 8.02513 3
      vertex -31 5 3
      vertex -35.6684 8.44275 3
    endloop
  endfacet
  facet normal -0 0 1
    outer loop
      vertex -36.4427 7.66844 3
      vertex -31 5 3
      vertex -36.0251 8.02513 3
    endloop
  endfacet
  facet normal -0 0 1
    outer loop
      vertex -36.911 7.38148 3
      vertex -31 5 3
      vertex -36.4427 7.66844 3
    endloop
  endfacet
  facet normal -0 0 1
    outer loop
      vertex -37.4184 7.1713 3
      vertex -31 5 3
      vertex -36.911 7.38148 3
    endloop
  endfacet
  facet normal -0 0 1
    outer loop
      vertex -37.9525 7.04309 3
      vertex -31 5 3
      vertex -37.4184 7.1713 3
    endloop
  endfacet
  facet normal -0 0 1
    outer loop
      vertex -38.5 7 3
      vertex -31 5 3
      vertex -37.9525 7.04309 3
    endloop
  endfacet
  facet normal 0 0 1
    outer loop
      vertex -39.0475 7.04309 3
      vertex -31 5 3
      vertex -38.5 7 3
    endloop
  endfacet
  facet normal 0 0 1
    outer loop
      vertex -106.15 0 3
      vertex -39.0475 7.04309 3
      vertex -39.5816 7.1713 3
    endloop
  endfacet
  facet normal 0 0 1
    outer loop
      vertex -41.9569 11.0475 3
      vertex -45 17 3
      vertex -42 10.5 3
    endloop
  endfacet
  facet normal 0 0 1
    outer loop
      vertex -45 17 3
      vertex -41.9569 9.95248 3
      vertex -42 10.5 3
    endloop
  endfacet
  facet normal 0 0 1
    outer loop
      vertex -45 17 3
      vertex -41.8287 9.41844 3
      vertex -41.9569 9.95248 3
    endloop
  endfacet
  facet normal -0 0 1
    outer loop
      vertex -90 17 3
      vertex -41.8287 9.41844 3
      vertex -45 17 3
    endloop
  endfacet
  facet normal 0 0 1
    outer loop
      vertex -93.1713 9.41844 3
      vertex -41.8287 9.41844 3
      vertex -90 17 3
    endloop
  endfacet
  facet normal 0 0 1
    outer loop
      vertex -41.8287 9.41844 3
      vertex -93.1713 9.41844 3
      vertex -41.6185 8.91103 3
    endloop
  endfacet
  facet normal 0 0 1
    outer loop
      vertex -93.3815 8.91103 3
      vertex -41.6185 8.91103 3
      vertex -93.1713 9.41844 3
    endloop
  endfacet
  facet normal 0 0 1
    outer loop
      vertex -41.6185 8.91103 3
      vertex -93.3815 8.91103 3
      vertex -41.3316 8.44275 3
    endloop
  endfacet
  facet normal 0 0 1
    outer loop
      vertex -93.6684 8.44275 3
      vertex -41.3316 8.44275 3
      vertex -93.3815 8.91103 3
    endloop
  endfacet
  facet normal 0 0 1
    outer loop
      vertex -41.3316 8.44275 3
      vertex -93.6684 8.44275 3
      vertex -40.9749 8.02513 3
    endloop
  endfacet
  facet normal 0 0 1
    outer loop
      vertex -94.0251 8.02513 3
      vertex -40.9749 8.02513 3
      vertex -93.6684 8.44275 3
    endloop
  endfacet
  facet normal -0 0 1
    outer loop
      vertex -93.1713 58.4184 3
      vertex -90 53 3
      vertex -93.0431 58.9525 3
    endloop
  endfacet
  facet normal 0 0 1
    outer loop
      vertex -93.0431 9.95248 3
      vertex -90 17 3
      vertex -93 10.5 3
    endloop
  endfacet
  facet normal 0 0 1
    outer loop
      vertex -93.1713 9.41844 3
      vertex -90 17 3
      vertex -93.0431 9.95248 3
    endloop
  endfacet
  facet normal 0 0 1
    outer loop
      vertex -40.9749 8.02513 3
      vertex -94.0251 8.02513 3
      vertex -40.5572 7.66844 3
    endloop
  endfacet
  facet normal 0 0 1
    outer loop
      vertex -94.4427 7.66844 3
      vertex -40.5572 7.66844 3
      vertex -94.0251 8.02513 3
    endloop
  endfacet
  facet normal 0 0 1
    outer loop
      vertex -40.5572 7.66844 3
      vertex -94.4427 7.66844 3
      vertex -40.089 7.38148 3
    endloop
  endfacet
  facet normal 0 0 1
    outer loop
      vertex -94.911 7.38148 3
      vertex -40.089 7.38148 3
      vertex -94.4427 7.66844 3
    endloop
  endfacet
  facet normal 0 0 1
    outer loop
      vertex -106.15 0 3
      vertex -40.089 7.38148 3
      vertex -94.911 7.38148 3
    endloop
  endfacet
  facet normal 0 0 1
    outer loop
      vertex -40.089 7.38148 3
      vertex -106.15 0 3
      vertex -39.5816 7.1713 3
    endloop
  endfacet
  facet normal 0 0 1
    outer loop
      vertex -106.15 0 3
      vertex -94.911 7.38148 3
      vertex -95.4184 7.1713 3
    endloop
  endfacet
  facet normal 0 0 1
    outer loop
      vertex -39.0475 7.04309 3
      vertex -106.15 0 3
      vertex -31 5 3
    endloop
  endfacet
  facet normal 0 0 1
    outer loop
      vertex -106.15 0 3
      vertex -95.4184 7.1713 3
      vertex -95.9525 7.04309 3
    endloop
  endfacet
  facet normal 0 0 1
    outer loop
      vertex -106.15 0 3
      vertex -95.9525 7.04309 3
      vertex -96.5 7 3
    endloop
  endfacet
  facet normal 0 0 1
    outer loop
      vertex -106.15 0 3
      vertex -100.15 40 3
      vertex -106.15 75 3
    endloop
  endfacet
  facet normal 0 0 1
    outer loop
      vertex -99.9569 11.0475 3
      vertex -106.15 0 3
      vertex -100 10.5 3
    endloop
  endfacet
  facet normal 0 0 1
    outer loop
      vertex -19 5 3
      vertex -106.15 0 3
      vertex 106.15 0 3
    endloop
  endfacet
  facet normal 0 0 1
    outer loop
      vertex -97.0475 7.04309 3
      vertex -106.15 0 3
      vertex -96.5 7 3
    endloop
  endfacet
  facet normal 0 0 1
    outer loop
      vertex -97.5816 7.1713 3
      vertex -106.15 0 3
      vertex -97.0475 7.04309 3
    endloop
  endfacet
  facet normal 0 0 1
    outer loop
      vertex -98.089 7.38148 3
      vertex -106.15 0 3
      vertex -97.5816 7.1713 3
    endloop
  endfacet
  facet normal 0 0 1
    outer loop
      vertex -98.5573 7.66844 3
      vertex -106.15 0 3
      vertex -98.089 7.38148 3
    endloop
  endfacet
  facet normal 0 0 1
    outer loop
      vertex -98.9749 8.02513 3
      vertex -106.15 0 3
      vertex -98.5573 7.66844 3
    endloop
  endfacet
  facet normal 0 0 1
    outer loop
      vertex -99.3316 8.44275 3
      vertex -106.15 0 3
      vertex -98.9749 8.02513 3
    endloop
  endfacet
  facet normal 0 0 1
    outer loop
      vertex -99.6185 8.91103 3
      vertex -106.15 0 3
      vertex -99.3316 8.44275 3
    endloop
  endfacet
  facet normal 0 0 1
    outer loop
      vertex -99.8287 9.41844 3
      vertex -106.15 0 3
      vertex -99.6185 8.91103 3
    endloop
  endfacet
  facet normal 0 0 1
    outer loop
      vertex -99.9569 9.95248 3
      vertex -106.15 0 3
      vertex -99.8287 9.41844 3
    endloop
  endfacet
  facet normal 0 0 1
    outer loop
      vertex -100 10.5 3
      vertex -106.15 0 3
      vertex -99.9569 9.95248 3
    endloop
  endfacet
  facet normal 0 -0.707107 -0.707107
    outer loop
      vertex -106.15 0.4 0
      vertex 106.15 0 0.4
      vertex -106.15 0 0.4
    endloop
  endfacet
  facet normal 0 -0.707107 -0.707107
    outer loop
      vertex 106.15 0 0.4
      vertex -106.15 0.4 0
      vertex 106.15 0.4 0
    endloop
  endfacet
  facet normal 0 0.707107 -0.707107
    outer loop
      vertex -106.15 74.6 0
      vertex 106.15 75 0.4
      vertex 106.15 74.6 0
    endloop
  endfacet
  facet normal 0 0.707107 -0.707107
    outer loop
      vertex 106.15 75 0.4
      vertex -106.15 74.6 0
      vertex -106.15 75 0.4
    endloop
  endfacet
  facet normal -1 0 0
    outer loop
      vertex -96.15 40 0
      vertex -96.15 46 3
      vertex -96.15 46 0
    endloop
  endfacet
  facet normal -1 -0 0
    outer loop
      vertex -96.15 46 3
      vertex -96.15 40 0
      vertex -96.15 40 3
    endloop
  endfacet
  facet normal 1 -0 0
    outer loop
      vertex -100.15 40 3
      vertex -100.15 46 0
      vertex -100.15 46 3
    endloop
  endfacet
  facet normal 1 0 0
    outer loop
      vertex -100.15 46 0
      vertex -100.15 40 3
      vertex -100.15 40 0
    endloop
  endfacet
  facet normal 0 -1 0
    outer loop
      vertex -100.15 46 0
      vertex -96.15 46 3
      vertex -100.15 46 3
    endloop
  endfacet
  facet normal 0 -1 -0
    outer loop
      vertex -96.15 46 3
      vertex -100.15 46 0
      vertex -96.15 46 0
    endloop
  endfacet
  facet normal 0 1 -0
    outer loop
      vertex -96.15 40 0
      vertex -100.15 40 3
      vertex -96.15 40 3
    endloop
  endfacet
  facet normal 0 1 0
    outer loop
      vertex -100.15 40 3
      vertex -96.15 40 0
      vertex -100.15 40 0
    endloop
  endfacet
  facet normal -1 0 0
    outer loop
      vertex 100.15 40 0
      vertex 100.15 46 3
      vertex 100.15 46 0
    endloop
  endfacet
  facet normal -1 -0 0
    outer loop
      vertex 100.15 46 3
      vertex 100.15 40 0
      vertex 100.15 40 3
    endloop
  endfacet
  facet normal 1 -0 0
    outer loop
      vertex 96.15 40 3
      vertex 96.15 46 0
      vertex 96.15 46 3
    endloop
  endfacet
  facet normal 1 0 0
    outer loop
      vertex 96.15 46 0
      vertex 96.15 40 3
      vertex 96.15 40 0
    endloop
  endfacet
  facet normal 0 -1 0
    outer loop
      vertex 96.15 46 0
      vertex 100.15 46 3
      vertex 96.15 46 3
    endloop
  endfacet
  facet normal 0 -1 -0
    outer loop
      vertex 100.15 46 3
      vertex 96.15 46 0
      vertex 100.15 46 0
    endloop
  endfacet
  facet normal 0 1 -0
    outer loop
      vertex 100.15 40 0
      vertex 96.15 40 3
      vertex 100.15 40 3
    endloop
  endfacet
  facet normal 0 1 0
    outer loop
      vertex 96.15 40 3
      vertex 100.15 40 0
      vertex 96.15 40 0
    endloop
  endfacet
  facet normal -0.634357 0.77304 0
    outer loop
      vertex -95.2272 9.22721 3.5
      vertex -95.5 9.00335 8
      vertex -95.2272 9.22721 8
    endloop
  endfacet
  facet normal -0.634357 0.77304 0
    outer loop
      vertex -95.5 9.00335 8
      vertex -95.2272 9.22721 3.5
      vertex -95.5 9.00335 3.5
    endloop
  endfacet
  facet normal -0.956948 -0.290259 0
    outer loop
      vertex -94.7346 10.8512 3.5
      vertex -94.837 11.1888 8
      vertex -94.837 11.1888 3.5
    endloop
  endfacet
  facet normal -0.956948 -0.290259 0
    outer loop
      vertex -94.837 11.1888 8
      vertex -94.7346 10.8512 3.5
      vertex -94.7346 10.8512 8
    endloop
  endfacet
  facet normal -0.471375 0.881933 0
    outer loop
      vertex -95.5 9.00335 3.5
      vertex -95.8112 8.83702 8
      vertex -95.5 9.00335 8
    endloop
  endfacet
  facet normal -0.471375 0.881933 0
    outer loop
      vertex -95.8112 8.83702 8
      vertex -95.5 9.00335 3.5
      vertex -95.8112 8.83702 3.5
    endloop
  endfacet
  facet normal -0.634256 -0.773123 0
    outer loop
      vertex -95.5 11.9966 3.5
      vertex -95.2272 11.7728 8
      vertex -95.5 11.9966 8
    endloop
  endfacet
  facet normal -0.634256 -0.773123 -0
    outer loop
      vertex -95.2272 11.7728 8
      vertex -95.5 11.9966 3.5
      vertex -95.2272 11.7728 3.5
    endloop
  endfacet
  facet normal -0.995182 0.0980447 0
    outer loop
      vertex -94.7346 10.1488 3.5
      vertex -94.7 10.5 8
      vertex -94.7 10.5 3.5
    endloop
  endfacet
  facet normal -0.995182 0.0980447 0
    outer loop
      vertex -94.7 10.5 8
      vertex -94.7346 10.1488 3.5
      vertex -94.7346 10.1488 8
    endloop
  endfacet
  facet normal 0.773123 -0.634256 0
    outer loop
      vertex -97.9966 11.5 8
      vertex -97.7728 11.7728 3.5
      vertex -97.7728 11.7728 8
    endloop
  endfacet
  facet normal 0.773123 -0.634256 0
    outer loop
      vertex -97.7728 11.7728 3.5
      vertex -97.9966 11.5 8
      vertex -97.9966 11.5 3.5
    endloop
  endfacet
  facet normal -0.88185 0.471529 0
    outer loop
      vertex -95.0034 9.49997 3.5
      vertex -94.837 9.81117 8
      vertex -94.837 9.81117 3.5
    endloop
  endfacet
  facet normal -0.88185 0.471529 0
    outer loop
      vertex -94.837 9.81117 8
      vertex -95.0034 9.49997 3.5
      vertex -95.0034 9.49997 8
    endloop
  endfacet
  facet normal -0.290337 0.956924 0
    outer loop
      vertex -95.8112 8.83702 3.5
      vertex -96.1488 8.73459 8
      vertex -95.8112 8.83702 8
    endloop
  endfacet
  facet normal -0.290337 0.956924 0
    outer loop
      vertex -96.1488 8.73459 8
      vertex -95.8112 8.83702 3.5
      vertex -96.1488 8.73459 3.5
    endloop
  endfacet
  facet normal 0.956955 0.290236 0
    outer loop
      vertex -98.163 9.81117 8
      vertex -98.2654 10.1488 3.5
      vertex -98.2654 10.1488 8
    endloop
  endfacet
  facet normal 0.956955 0.290236 0
    outer loop
      vertex -98.2654 10.1488 3.5
      vertex -98.163 9.81117 8
      vertex -98.163 9.81117 3.5
    endloop
  endfacet
  facet normal -0.290259 -0.956948 0
    outer loop
      vertex -96.1488 12.2654 3.5
      vertex -95.8112 12.163 8
      vertex -96.1488 12.2654 8
    endloop
  endfacet
  facet normal -0.290259 -0.956948 -0
    outer loop
      vertex -95.8112 12.163 8
      vertex -96.1488 12.2654 3.5
      vertex -95.8112 12.163 3.5
    endloop
  endfacet
  facet normal 0.0980447 -0.995182 0
    outer loop
      vertex -96.8512 12.2654 3.5
      vertex -96.5 12.3 8
      vertex -96.8512 12.2654 8
    endloop
  endfacet
  facet normal 0.0980447 -0.995182 0
    outer loop
      vertex -96.5 12.3 8
      vertex -96.8512 12.2654 3.5
      vertex -96.5 12.3 3.5
    endloop
  endfacet
  facet normal -0.995182 -0.0980447 0
    outer loop
      vertex -94.7 10.5 3.5
      vertex -94.7346 10.8512 8
      vertex -94.7346 10.8512 3.5
    endloop
  endfacet
  facet normal -0.995182 -0.0980447 0
    outer loop
      vertex -94.7346 10.8512 8
      vertex -94.7 10.5 3.5
      vertex -94.7 10.5 8
    endloop
  endfacet
  facet normal 0.88185 0.471529 0
    outer loop
      vertex -97.9966 9.49997 8
      vertex -98.163 9.81117 3.5
      vertex -98.163 9.81117 8
    endloop
  endfacet
  facet normal 0.88185 0.471529 0
    outer loop
      vertex -98.163 9.81117 3.5
      vertex -97.9966 9.49997 8
      vertex -97.9966 9.49997 3.5
    endloop
  endfacet
  facet normal 0.995182 0.0980447 0
    outer loop
      vertex -98.2654 10.1488 8
      vertex -98.3 10.5 3.5
      vertex -98.3 10.5 8
    endloop
  endfacet
  facet normal 0.995182 0.0980447 0
    outer loop
      vertex -98.3 10.5 3.5
      vertex -98.2654 10.1488 8
      vertex -98.2654 10.1488 3.5
    endloop
  endfacet
  facet normal 0.290259 -0.956948 0
    outer loop
      vertex -97.1888 12.163 3.5
      vertex -96.8512 12.2654 8
      vertex -97.1888 12.163 8
    endloop
  endfacet
  facet normal 0.290259 -0.956948 0
    outer loop
      vertex -96.8512 12.2654 8
      vertex -97.1888 12.163 3.5
      vertex -96.8512 12.2654 3.5
    endloop
  endfacet
  facet normal -0.88185 -0.471529 0
    outer loop
      vertex -94.837 11.1888 3.5
      vertex -95.0034 11.5 8
      vertex -95.0034 11.5 3.5
    endloop
  endfacet
  facet normal -0.88185 -0.471529 0
    outer loop
      vertex -95.0034 11.5 8
      vertex -94.837 11.1888 3.5
      vertex -94.837 11.1888 8
    endloop
  endfacet
  facet normal -0.956955 0.290236 0
    outer loop
      vertex -94.837 9.81117 3.5
      vertex -94.7346 10.1488 8
      vertex -94.7346 10.1488 3.5
    endloop
  endfacet
  facet normal -0.956955 0.290236 0
    outer loop
      vertex -94.7346 10.1488 8
      vertex -94.837 9.81117 3.5
      vertex -94.837 9.81117 8
    endloop
  endfacet
  facet normal -0.0980447 -0.995182 0
    outer loop
      vertex -96.5 12.3 3.5
      vertex -96.1488 12.2654 8
      vertex -96.5 12.3 8
    endloop
  endfacet
  facet normal -0.0980447 -0.995182 -0
    outer loop
      vertex -96.1488 12.2654 8
      vertex -96.5 12.3 3.5
      vertex -96.1488 12.2654 3.5
    endloop
  endfacet
  facet normal 0.88185 -0.471529 0
    outer loop
      vertex -98.163 11.1888 8
      vertex -97.9966 11.5 3.5
      vertex -97.9966 11.5 8
    endloop
  endfacet
  facet normal 0.88185 -0.471529 0
    outer loop
      vertex -97.9966 11.5 3.5
      vertex -98.163 11.1888 8
      vertex -98.163 11.1888 3.5
    endloop
  endfacet
  facet normal -0.773078 0.634311 0
    outer loop
      vertex -95.2272 9.22721 3.5
      vertex -95.0034 9.49997 8
      vertex -95.0034 9.49997 3.5
    endloop
  endfacet
  facet normal -0.773078 0.634311 0
    outer loop
      vertex -95.0034 9.49997 8
      vertex -95.2272 9.22721 3.5
      vertex -95.2272 9.22721 8
    endloop
  endfacet
  facet normal 0 0 1
    outer loop
      vertex -94.7346 10.8512 3.5
      vertex -94.7346 10.1488 3.5
      vertex -94.7 10.5 3.5
    endloop
  endfacet
  facet normal 0 0 1
    outer loop
      vertex -94.837 11.1888 3.5
      vertex -94.7346 10.1488 3.5
      vertex -94.7346 10.8512 3.5
    endloop
  endfacet
  facet normal 0 0 1
    outer loop
      vertex -94.837 11.1888 3.5
      vertex -94.837 9.81117 3.5
      vertex -94.7346 10.1488 3.5
    endloop
  endfacet
  facet normal 0 0 1
    outer loop
      vertex -95.0034 11.5 3.5
      vertex -94.837 9.81117 3.5
      vertex -94.837 11.1888 3.5
    endloop
  endfacet
  facet normal 0 0 1
    outer loop
      vertex -95.0034 11.5 3.5
      vertex -95.0034 9.49997 3.5
      vertex -94.837 9.81117 3.5
    endloop
  endfacet
  facet normal 0 0 1
    outer loop
      vertex -95.2272 11.7728 3.5
      vertex -95.0034 9.49997 3.5
      vertex -95.0034 11.5 3.5
    endloop
  endfacet
  facet normal 0 0 1
    outer loop
      vertex -95.2272 11.7728 3.5
      vertex -95.2272 9.22721 3.5
      vertex -95.0034 9.49997 3.5
    endloop
  endfacet
  facet normal 0 0 1
    outer loop
      vertex -95.5 11.9966 3.5
      vertex -95.2272 9.22721 3.5
      vertex -95.2272 11.7728 3.5
    endloop
  endfacet
  facet normal 0 0 1
    outer loop
      vertex -95.5 11.9966 3.5
      vertex -95.5 9.00335 3.5
      vertex -95.2272 9.22721 3.5
    endloop
  endfacet
  facet normal 0 0 1
    outer loop
      vertex -95.8112 12.163 3.5
      vertex -95.5 9.00335 3.5
      vertex -95.5 11.9966 3.5
    endloop
  endfacet
  facet normal 0 0 1
    outer loop
      vertex -95.8112 12.163 3.5
      vertex -95.8112 8.83702 3.5
      vertex -95.5 9.00335 3.5
    endloop
  endfacet
  facet normal 0 0 1
    outer loop
      vertex -96.1488 12.2654 3.5
      vertex -95.8112 8.83702 3.5
      vertex -95.8112 12.163 3.5
    endloop
  endfacet
  facet normal 0 0 1
    outer loop
      vertex -96.1488 12.2654 3.5
      vertex -96.1488 8.73459 3.5
      vertex -95.8112 8.83702 3.5
    endloop
  endfacet
  facet normal 0 0 1
    outer loop
      vertex -96.5 12.3 3.5
      vertex -96.1488 8.73459 3.5
      vertex -96.1488 12.2654 3.5
    endloop
  endfacet
  facet normal 0 0 1
    outer loop
      vertex -96.5 12.3 3.5
      vertex -96.5 8.7 3.5
      vertex -96.1488 8.73459 3.5
    endloop
  endfacet
  facet normal -0 0 1
    outer loop
      vertex -96.8512 12.2654 3.5
      vertex -96.5 8.7 3.5
      vertex -96.5 12.3 3.5
    endloop
  endfacet
  facet normal 0 0 1
    outer loop
      vertex -96.8512 12.2654 3.5
      vertex -96.8512 8.73459 3.5
      vertex -96.5 8.7 3.5
    endloop
  endfacet
  facet normal -0 0 1
    outer loop
      vertex -97.1888 12.163 3.5
      vertex -96.8512 8.73459 3.5
      vertex -96.8512 12.2654 3.5
    endloop
  endfacet
  facet normal 0 0 1
    outer loop
      vertex -97.1888 12.163 3.5
      vertex -97.1888 8.83702 3.5
      vertex -96.8512 8.73459 3.5
    endloop
  endfacet
  facet normal -0 0 1
    outer loop
      vertex -97.5 11.9966 3.5
      vertex -97.1888 8.83702 3.5
      vertex -97.1888 12.163 3.5
    endloop
  endfacet
  facet normal 0 0 1
    outer loop
      vertex -97.5 11.9966 3.5
      vertex -97.5 9.00335 3.5
      vertex -97.1888 8.83702 3.5
    endloop
  endfacet
  facet normal -0 0 1
    outer loop
      vertex -97.7728 11.7728 3.5
      vertex -97.5 9.00335 3.5
      vertex -97.5 11.9966 3.5
    endloop
  endfacet
  facet normal 0 0 1
    outer loop
      vertex -97.7728 11.7728 3.5
      vertex -97.7728 9.22721 3.5
      vertex -97.5 9.00335 3.5
    endloop
  endfacet
  facet normal -0 0 1
    outer loop
      vertex -97.9966 11.5 3.5
      vertex -97.7728 9.22721 3.5
      vertex -97.7728 11.7728 3.5
    endloop
  endfacet
  facet normal 0 0 1
    outer loop
      vertex -97.9966 11.5 3.5
      vertex -97.9966 9.49997 3.5
      vertex -97.7728 9.22721 3.5
    endloop
  endfacet
  facet normal -0 0 1
    outer loop
      vertex -98.163 11.1888 3.5
      vertex -97.9966 9.49997 3.5
      vertex -97.9966 11.5 3.5
    endloop
  endfacet
  facet normal 0 0 1
    outer loop
      vertex -98.163 11.1888 3.5
      vertex -98.163 9.81117 3.5
      vertex -97.9966 9.49997 3.5
    endloop
  endfacet
  facet normal -0 0 1
    outer loop
      vertex -98.2654 10.8512 3.5
      vertex -98.163 9.81117 3.5
      vertex -98.163 11.1888 3.5
    endloop
  endfacet
  facet normal 0 0 1
    outer loop
      vertex -98.2654 10.8512 3.5
      vertex -98.2654 10.1488 3.5
      vertex -98.163 9.81117 3.5
    endloop
  endfacet
  facet normal 0 -0 1
    outer loop
      vertex -98.2654 10.1488 3.5
      vertex -98.2654 10.8512 3.5
      vertex -98.3 10.5 3.5
    endloop
  endfacet
  facet normal 0.0980166 0.995185 -0
    outer loop
      vertex -96.5 8.7 3.5
      vertex -96.8512 8.73459 8
      vertex -96.5 8.7 8
    endloop
  endfacet
  facet normal 0.0980166 0.995185 0
    outer loop
      vertex -96.8512 8.73459 8
      vertex -96.5 8.7 3.5
      vertex -96.8512 8.73459 3.5
    endloop
  endfacet
  facet normal 0.471375 0.881933 -0
    outer loop
      vertex -97.1888 8.83702 3.5
      vertex -97.5 9.00335 8
      vertex -97.1888 8.83702 8
    endloop
  endfacet
  facet normal 0.471375 0.881933 0
    outer loop
      vertex -97.5 9.00335 8
      vertex -97.1888 8.83702 3.5
      vertex -97.5 9.00335 3.5
    endloop
  endfacet
  facet normal -0.773123 -0.634256 0
    outer loop
      vertex -95.0034 11.5 3.5
      vertex -95.2272 11.7728 8
      vertex -95.2272 11.7728 3.5
    endloop
  endfacet
  facet normal -0.773123 -0.634256 0
    outer loop
      vertex -95.2272 11.7728 8
      vertex -95.0034 11.5 3.5
      vertex -95.0034 11.5 8
    endloop
  endfacet
  facet normal -0.471529 -0.88185 0
    outer loop
      vertex -95.8112 12.163 3.5
      vertex -95.5 11.9966 8
      vertex -95.8112 12.163 8
    endloop
  endfacet
  facet normal -0.471529 -0.88185 -0
    outer loop
      vertex -95.5 11.9966 8
      vertex -95.8112 12.163 3.5
      vertex -95.5 11.9966 3.5
    endloop
  endfacet
  facet normal 0.995182 -0.0980447 0
    outer loop
      vertex -98.3 10.5 8
      vertex -98.2654 10.8512 3.5
      vertex -98.2654 10.8512 8
    endloop
  endfacet
  facet normal 0.995182 -0.0980447 0
    outer loop
      vertex -98.2654 10.8512 3.5
      vertex -98.3 10.5 8
      vertex -98.3 10.5 3.5
    endloop
  endfacet
  facet normal 0.634256 -0.773123 0
    outer loop
      vertex -97.7728 11.7728 3.5
      vertex -97.5 11.9966 8
      vertex -97.7728 11.7728 8
    endloop
  endfacet
  facet normal 0.634256 -0.773123 0
    outer loop
      vertex -97.5 11.9966 8
      vertex -97.7728 11.7728 3.5
      vertex -97.5 11.9966 3.5
    endloop
  endfacet
  facet normal 0.290337 0.956924 -0
    outer loop
      vertex -96.8512 8.73459 3.5
      vertex -97.1888 8.83702 8
      vertex -96.8512 8.73459 8
    endloop
  endfacet
  facet normal 0.290337 0.956924 0
    outer loop
      vertex -97.1888 8.83702 8
      vertex -96.8512 8.73459 3.5
      vertex -97.1888 8.83702 3.5
    endloop
  endfacet
  facet normal 0.956948 -0.290259 0
    outer loop
      vertex -98.2654 10.8512 8
      vertex -98.163 11.1888 3.5
      vertex -98.163 11.1888 8
    endloop
  endfacet
  facet normal 0.956948 -0.290259 0
    outer loop
      vertex -98.163 11.1888 3.5
      vertex -98.2654 10.8512 8
      vertex -98.2654 10.8512 3.5
    endloop
  endfacet
  facet normal 0.471529 -0.88185 0
    outer loop
      vertex -97.5 11.9966 3.5
      vertex -97.1888 12.163 8
      vertex -97.5 11.9966 8
    endloop
  endfacet
  facet normal 0.471529 -0.88185 0
    outer loop
      vertex -97.1888 12.163 8
      vertex -97.5 11.9966 3.5
      vertex -97.1888 12.163 3.5
    endloop
  endfacet
  facet normal 0.773078 0.634311 0
    outer loop
      vertex -97.7728 9.22721 8
      vertex -97.9966 9.49997 3.5
      vertex -97.9966 9.49997 8
    endloop
  endfacet
  facet normal 0.773078 0.634311 0
    outer loop
      vertex -97.9966 9.49997 3.5
      vertex -97.7728 9.22721 8
      vertex -97.7728 9.22721 3.5
    endloop
  endfacet
  facet normal 0.634357 0.77304 -0
    outer loop
      vertex -97.5 9.00335 3.5
      vertex -97.7728 9.22721 8
      vertex -97.5 9.00335 8
    endloop
  endfacet
  facet normal 0.634357 0.77304 0
    outer loop
      vertex -97.7728 9.22721 8
      vertex -97.5 9.00335 3.5
      vertex -97.7728 9.22721 3.5
    endloop
  endfacet
  facet normal -0.0980166 0.995185 0
    outer loop
      vertex -96.1488 8.73459 3.5
      vertex -96.5 8.7 8
      vertex -96.1488 8.73459 8
    endloop
  endfacet
  facet normal -0.0980166 0.995185 0
    outer loop
      vertex -96.5 8.7 8
      vertex -96.1488 8.73459 3.5
      vertex -96.5 8.7 3.5
    endloop
  endfacet
  facet normal -0.290337 0.956924 0
    outer loop
      vertex -37.8112 8.83702 3.5
      vertex -38.1488 8.73459 8
      vertex -37.8112 8.83702 8
    endloop
  endfacet
  facet normal -0.290337 0.956924 0
    outer loop
      vertex -38.1488 8.73459 8
      vertex -37.8112 8.83702 3.5
      vertex -38.1488 8.73459 3.5
    endloop
  endfacet
  facet normal -0.956948 -0.290259 0
    outer loop
      vertex -36.7346 10.8512 3.5
      vertex -36.837 11.1888 8
      vertex -36.837 11.1888 3.5
    endloop
  endfacet
  facet normal -0.956948 -0.290259 0
    outer loop
      vertex -36.837 11.1888 8
      vertex -36.7346 10.8512 3.5
      vertex -36.7346 10.8512 8
    endloop
  endfacet
  facet normal -0.995182 -0.0980447 0
    outer loop
      vertex -36.7 10.5 3.5
      vertex -36.7346 10.8512 8
      vertex -36.7346 10.8512 3.5
    endloop
  endfacet
  facet normal -0.995182 -0.0980447 0
    outer loop
      vertex -36.7346 10.8512 8
      vertex -36.7 10.5 3.5
      vertex -36.7 10.5 8
    endloop
  endfacet
  facet normal -0.88185 -0.471529 0
    outer loop
      vertex -36.837 11.1888 3.5
      vertex -37.0034 11.5 8
      vertex -37.0034 11.5 3.5
    endloop
  endfacet
  facet normal -0.88185 -0.471529 0
    outer loop
      vertex -37.0034 11.5 8
      vertex -36.837 11.1888 3.5
      vertex -36.837 11.1888 8
    endloop
  endfacet
  facet normal -0.995182 0.0980447 0
    outer loop
      vertex -36.7346 10.1488 3.5
      vertex -36.7 10.5 8
      vertex -36.7 10.5 3.5
    endloop
  endfacet
  facet normal -0.995182 0.0980447 0
    outer loop
      vertex -36.7 10.5 8
      vertex -36.7346 10.1488 3.5
      vertex -36.7346 10.1488 8
    endloop
  endfacet
  facet normal 0.471375 0.881933 -0
    outer loop
      vertex -39.1888 8.83702 3.5
      vertex -39.5 9.00335 8
      vertex -39.1888 8.83702 8
    endloop
  endfacet
  facet normal 0.471375 0.881933 0
    outer loop
      vertex -39.5 9.00335 8
      vertex -39.1888 8.83702 3.5
      vertex -39.5 9.00335 3.5
    endloop
  endfacet
  facet normal -0.634256 -0.773123 0
    outer loop
      vertex -37.5 11.9966 3.5
      vertex -37.2272 11.7728 8
      vertex -37.5 11.9966 8
    endloop
  endfacet
  facet normal -0.634256 -0.773123 -0
    outer loop
      vertex -37.2272 11.7728 8
      vertex -37.5 11.9966 3.5
      vertex -37.2272 11.7728 3.5
    endloop
  endfacet
  facet normal 0.0980447 -0.995182 0
    outer loop
      vertex -38.8512 12.2654 3.5
      vertex -38.5 12.3 8
      vertex -38.8512 12.2654 8
    endloop
  endfacet
  facet normal 0.0980447 -0.995182 0
    outer loop
      vertex -38.5 12.3 8
      vertex -38.8512 12.2654 3.5
      vertex -38.5 12.3 3.5
    endloop
  endfacet
  facet normal 0.88185 0.471529 0
    outer loop
      vertex -39.9966 9.49997 8
      vertex -40.163 9.81117 3.5
      vertex -40.163 9.81117 8
    endloop
  endfacet
  facet normal 0.88185 0.471529 0
    outer loop
      vertex -40.163 9.81117 3.5
      vertex -39.9966 9.49997 8
      vertex -39.9966 9.49997 3.5
    endloop
  endfacet
  facet normal 0 0 1
    outer loop
      vertex -36.7346 10.8512 3.5
      vertex -36.7346 10.1488 3.5
      vertex -36.7 10.5 3.5
    endloop
  endfacet
  facet normal 0 0 1
    outer loop
      vertex -36.837 11.1888 3.5
      vertex -36.7346 10.1488 3.5
      vertex -36.7346 10.8512 3.5
    endloop
  endfacet
  facet normal 0 0 1
    outer loop
      vertex -36.837 11.1888 3.5
      vertex -36.837 9.81117 3.5
      vertex -36.7346 10.1488 3.5
    endloop
  endfacet
  facet normal 0 0 1
    outer loop
      vertex -37.0034 11.5 3.5
      vertex -36.837 9.81117 3.5
      vertex -36.837 11.1888 3.5
    endloop
  endfacet
  facet normal 0 0 1
    outer loop
      vertex -37.0034 11.5 3.5
      vertex -37.0034 9.49997 3.5
      vertex -36.837 9.81117 3.5
    endloop
  endfacet
  facet normal 0 0 1
    outer loop
      vertex -37.2272 11.7728 3.5
      vertex -37.0034 9.49997 3.5
      vertex -37.0034 11.5 3.5
    endloop
  endfacet
  facet normal 0 0 1
    outer loop
      vertex -37.2272 11.7728 3.5
      vertex -37.2272 9.22721 3.5
      vertex -37.0034 9.49997 3.5
    endloop
  endfacet
  facet normal 0 0 1
    outer loop
      vertex -37.5 11.9966 3.5
      vertex -37.2272 9.22721 3.5
      vertex -37.2272 11.7728 3.5
    endloop
  endfacet
  facet normal 0 0 1
    outer loop
      vertex -37.5 11.9966 3.5
      vertex -37.5 9.00335 3.5
      vertex -37.2272 9.22721 3.5
    endloop
  endfacet
  facet normal 0 0 1
    outer loop
      vertex -37.8112 12.163 3.5
      vertex -37.5 9.00335 3.5
      vertex -37.5 11.9966 3.5
    endloop
  endfacet
  facet normal 0 0 1
    outer loop
      vertex -37.8112 12.163 3.5
      vertex -37.8112 8.83702 3.5
      vertex -37.5 9.00335 3.5
    endloop
  endfacet
  facet normal 0 0 1
    outer loop
      vertex -38.1488 12.2654 3.5
      vertex -37.8112 8.83702 3.5
      vertex -37.8112 12.163 3.5
    endloop
  endfacet
  facet normal 0 0 1
    outer loop
      vertex -38.1488 12.2654 3.5
      vertex -38.1488 8.73459 3.5
      vertex -37.8112 8.83702 3.5
    endloop
  endfacet
  facet normal 0 0 1
    outer loop
      vertex -38.5 12.3 3.5
      vertex -38.1488 8.73459 3.5
      vertex -38.1488 12.2654 3.5
    endloop
  endfacet
  facet normal 0 0 1
    outer loop
      vertex -38.5 12.3 3.5
      vertex -38.5 8.7 3.5
      vertex -38.1488 8.73459 3.5
    endloop
  endfacet
  facet normal -0 0 1
    outer loop
      vertex -38.8512 12.2654 3.5
      vertex -38.5 8.7 3.5
      vertex -38.5 12.3 3.5
    endloop
  endfacet
  facet normal 0 0 1
    outer loop
      vertex -38.8512 12.2654 3.5
      vertex -38.8512 8.73459 3.5
      vertex -38.5 8.7 3.5
    endloop
  endfacet
  facet normal -0 0 1
    outer loop
      vertex -39.1888 12.163 3.5
      vertex -38.8512 8.73459 3.5
      vertex -38.8512 12.2654 3.5
    endloop
  endfacet
  facet normal 0 0 1
    outer loop
      vertex -39.1888 12.163 3.5
      vertex -39.1888 8.83702 3.5
      vertex -38.8512 8.73459 3.5
    endloop
  endfacet
  facet normal -0 0 1
    outer loop
      vertex -39.5 11.9966 3.5
      vertex -39.1888 8.83702 3.5
      vertex -39.1888 12.163 3.5
    endloop
  endfacet
  facet normal 0 0 1
    outer loop
      vertex -39.5 11.9966 3.5
      vertex -39.5 9.00335 3.5
      vertex -39.1888 8.83702 3.5
    endloop
  endfacet
  facet normal -0 0 1
    outer loop
      vertex -39.7728 11.7728 3.5
      vertex -39.5 9.00335 3.5
      vertex -39.5 11.9966 3.5
    endloop
  endfacet
  facet normal 0 0 1
    outer loop
      vertex -39.7728 11.7728 3.5
      vertex -39.7728 9.22721 3.5
      vertex -39.5 9.00335 3.5
    endloop
  endfacet
  facet normal -0 0 1
    outer loop
      vertex -39.9966 11.5 3.5
      vertex -39.7728 9.22721 3.5
      vertex -39.7728 11.7728 3.5
    endloop
  endfacet
  facet normal 0 0 1
    outer loop
      vertex -39.9966 11.5 3.5
      vertex -39.9966 9.49997 3.5
      vertex -39.7728 9.22721 3.5
    endloop
  endfacet
  facet normal -0 0 1
    outer loop
      vertex -40.163 11.1888 3.5
      vertex -39.9966 9.49997 3.5
      vertex -39.9966 11.5 3.5
    endloop
  endfacet
  facet normal 0 0 1
    outer loop
      vertex -40.163 11.1888 3.5
      vertex -40.163 9.81117 3.5
      vertex -39.9966 9.49997 3.5
    endloop
  endfacet
  facet normal -0 0 1
    outer loop
      vertex -40.2654 10.8512 3.5
      vertex -40.163 9.81117 3.5
      vertex -40.163 11.1888 3.5
    endloop
  endfacet
  facet normal 0 0 1
    outer loop
      vertex -40.2654 10.8512 3.5
      vertex -40.2654 10.1488 3.5
      vertex -40.163 9.81117 3.5
    endloop
  endfacet
  facet normal 0 -0 1
    outer loop
      vertex -40.2654 10.1488 3.5
      vertex -40.2654 10.8512 3.5
      vertex -40.3 10.5 3.5
    endloop
  endfacet
  facet normal -0.0980166 0.995185 0
    outer loop
      vertex -38.1488 8.73459 3.5
      vertex -38.5 8.7 8
      vertex -38.1488 8.73459 8
    endloop
  endfacet
  facet normal -0.0980166 0.995185 0
    outer loop
      vertex -38.5 8.7 8
      vertex -38.1488 8.73459 3.5
      vertex -38.5 8.7 3.5
    endloop
  endfacet
  facet normal -0.956955 0.290236 0
    outer loop
      vertex -36.837 9.81117 3.5
      vertex -36.7346 10.1488 8
      vertex -36.7346 10.1488 3.5
    endloop
  endfacet
  facet normal -0.956955 0.290236 0
    outer loop
      vertex -36.7346 10.1488 8
      vertex -36.837 9.81117 3.5
      vertex -36.837 9.81117 8
    endloop
  endfacet
  facet normal -0.773078 0.634311 0
    outer loop
      vertex -37.2272 9.22721 3.5
      vertex -37.0034 9.49997 8
      vertex -37.0034 9.49997 3.5
    endloop
  endfacet
  facet normal -0.773078 0.634311 0
    outer loop
      vertex -37.0034 9.49997 8
      vertex -37.2272 9.22721 3.5
      vertex -37.2272 9.22721 8
    endloop
  endfacet
  facet normal 0.0980166 0.995185 -0
    outer loop
      vertex -38.5 8.7 3.5
      vertex -38.8512 8.73459 8
      vertex -38.5 8.7 8
    endloop
  endfacet
  facet normal 0.0980166 0.995185 0
    outer loop
      vertex -38.8512 8.73459 8
      vertex -38.5 8.7 3.5
      vertex -38.8512 8.73459 3.5
    endloop
  endfacet
  facet normal -0.88185 0.471529 0
    outer loop
      vertex -37.0034 9.49997 3.5
      vertex -36.837 9.81117 8
      vertex -36.837 9.81117 3.5
    endloop
  endfacet
  facet normal -0.88185 0.471529 0
    outer loop
      vertex -36.837 9.81117 8
      vertex -37.0034 9.49997 3.5
      vertex -37.0034 9.49997 8
    endloop
  endfacet
  facet normal -0.471375 0.881933 0
    outer loop
      vertex -37.5 9.00335 3.5
      vertex -37.8112 8.83702 8
      vertex -37.5 9.00335 8
    endloop
  endfacet
  facet normal -0.471375 0.881933 0
    outer loop
      vertex -37.8112 8.83702 8
      vertex -37.5 9.00335 3.5
      vertex -37.8112 8.83702 3.5
    endloop
  endfacet
  facet normal 0.956955 0.290236 0
    outer loop
      vertex -40.163 9.81117 8
      vertex -40.2654 10.1488 3.5
      vertex -40.2654 10.1488 8
    endloop
  endfacet
  facet normal 0.956955 0.290236 0
    outer loop
      vertex -40.2654 10.1488 3.5
      vertex -40.163 9.81117 8
      vertex -40.163 9.81117 3.5
    endloop
  endfacet
  facet normal 0.773123 -0.634256 0
    outer loop
      vertex -39.9966 11.5 8
      vertex -39.7728 11.7728 3.5
      vertex -39.7728 11.7728 8
    endloop
  endfacet
  facet normal 0.773123 -0.634256 0
    outer loop
      vertex -39.7728 11.7728 3.5
      vertex -39.9966 11.5 8
      vertex -39.9966 11.5 3.5
    endloop
  endfacet
  facet normal -0.773123 -0.634256 0
    outer loop
      vertex -37.0034 11.5 3.5
      vertex -37.2272 11.7728 8
      vertex -37.2272 11.7728 3.5
    endloop
  endfacet
  facet normal -0.773123 -0.634256 0
    outer loop
      vertex -37.2272 11.7728 8
      vertex -37.0034 11.5 3.5
      vertex -37.0034 11.5 8
    endloop
  endfacet
  facet normal 0.471529 -0.88185 0
    outer loop
      vertex -39.5 11.9966 3.5
      vertex -39.1888 12.163 8
      vertex -39.5 11.9966 8
    endloop
  endfacet
  facet normal 0.471529 -0.88185 0
    outer loop
      vertex -39.1888 12.163 8
      vertex -39.5 11.9966 3.5
      vertex -39.1888 12.163 3.5
    endloop
  endfacet
  facet normal 0.290259 -0.956948 0
    outer loop
      vertex -39.1888 12.163 3.5
      vertex -38.8512 12.2654 8
      vertex -39.1888 12.163 8
    endloop
  endfacet
  facet normal 0.290259 -0.956948 0
    outer loop
      vertex -38.8512 12.2654 8
      vertex -39.1888 12.163 3.5
      vertex -38.8512 12.2654 3.5
    endloop
  endfacet
  facet normal 0.290337 0.956924 -0
    outer loop
      vertex -38.8512 8.73459 3.5
      vertex -39.1888 8.83702 8
      vertex -38.8512 8.73459 8
    endloop
  endfacet
  facet normal 0.290337 0.956924 0
    outer loop
      vertex -39.1888 8.83702 8
      vertex -38.8512 8.73459 3.5
      vertex -39.1888 8.83702 3.5
    endloop
  endfacet
  facet normal 0.634256 -0.773123 0
    outer loop
      vertex -39.7728 11.7728 3.5
      vertex -39.5 11.9966 8
      vertex -39.7728 11.7728 8
    endloop
  endfacet
  facet normal 0.634256 -0.773123 0
    outer loop
      vertex -39.5 11.9966 8
      vertex -39.7728 11.7728 3.5
      vertex -39.5 11.9966 3.5
    endloop
  endfacet
  facet normal -0.290259 -0.956948 0
    outer loop
      vertex -38.1488 12.2654 3.5
      vertex -37.8112 12.163 8
      vertex -38.1488 12.2654 8
    endloop
  endfacet
  facet normal -0.290259 -0.956948 -0
    outer loop
      vertex -37.8112 12.163 8
      vertex -38.1488 12.2654 3.5
      vertex -37.8112 12.163 3.5
    endloop
  endfacet
  facet normal -0.634357 0.77304 0
    outer loop
      vertex -37.2272 9.22721 3.5
      vertex -37.5 9.00335 8
      vertex -37.2272 9.22721 8
    endloop
  endfacet
  facet normal -0.634357 0.77304 0
    outer loop
      vertex -37.5 9.00335 8
      vertex -37.2272 9.22721 3.5
      vertex -37.5 9.00335 3.5
    endloop
  endfacet
  facet normal 0.995182 -0.0980447 0
    outer loop
      vertex -40.3 10.5 8
      vertex -40.2654 10.8512 3.5
      vertex -40.2654 10.8512 8
    endloop
  endfacet
  facet normal 0.995182 -0.0980447 0
    outer loop
      vertex -40.2654 10.8512 3.5
      vertex -40.3 10.5 8
      vertex -40.3 10.5 3.5
    endloop
  endfacet
  facet normal -0.0980447 -0.995182 0
    outer loop
      vertex -38.5 12.3 3.5
      vertex -38.1488 12.2654 8
      vertex -38.5 12.3 8
    endloop
  endfacet
  facet normal -0.0980447 -0.995182 -0
    outer loop
      vertex -38.1488 12.2654 8
      vertex -38.5 12.3 3.5
      vertex -38.1488 12.2654 3.5
    endloop
  endfacet
  facet normal -0.471529 -0.88185 0
    outer loop
      vertex -37.8112 12.163 3.5
      vertex -37.5 11.9966 8
      vertex -37.8112 12.163 8
    endloop
  endfacet
  facet normal -0.471529 -0.88185 -0
    outer loop
      vertex -37.5 11.9966 8
      vertex -37.8112 12.163 3.5
      vertex -37.5 11.9966 3.5
    endloop
  endfacet
  facet normal 0.773078 0.634311 0
    outer loop
      vertex -39.7728 9.22721 8
      vertex -39.9966 9.49997 3.5
      vertex -39.9966 9.49997 8
    endloop
  endfacet
  facet normal 0.773078 0.634311 0
    outer loop
      vertex -39.9966 9.49997 3.5
      vertex -39.7728 9.22721 8
      vertex -39.7728 9.22721 3.5
    endloop
  endfacet
  facet normal 0.634357 0.77304 -0
    outer loop
      vertex -39.5 9.00335 3.5
      vertex -39.7728 9.22721 8
      vertex -39.5 9.00335 8
    endloop
  endfacet
  facet normal 0.634357 0.77304 0
    outer loop
      vertex -39.7728 9.22721 8
      vertex -39.5 9.00335 3.5
      vertex -39.7728 9.22721 3.5
    endloop
  endfacet
  facet normal 0.956948 -0.290259 0
    outer loop
      vertex -40.2654 10.8512 8
      vertex -40.163 11.1888 3.5
      vertex -40.163 11.1888 8
    endloop
  endfacet
  facet normal 0.956948 -0.290259 0
    outer loop
      vertex -40.163 11.1888 3.5
      vertex -40.2654 10.8512 8
      vertex -40.2654 10.8512 3.5
    endloop
  endfacet
  facet normal 0.88185 -0.471529 0
    outer loop
      vertex -40.163 11.1888 8
      vertex -39.9966 11.5 3.5
      vertex -39.9966 11.5 8
    endloop
  endfacet
  facet normal 0.88185 -0.471529 0
    outer loop
      vertex -39.9966 11.5 3.5
      vertex -40.163 11.1888 8
      vertex -40.163 11.1888 3.5
    endloop
  endfacet
  facet normal 0.995182 0.0980447 0
    outer loop
      vertex -40.2654 10.1488 8
      vertex -40.3 10.5 3.5
      vertex -40.3 10.5 8
    endloop
  endfacet
  facet normal 0.995182 0.0980447 0
    outer loop
      vertex -40.3 10.5 3.5
      vertex -40.2654 10.1488 8
      vertex -40.2654 10.1488 3.5
    endloop
  endfacet
  facet normal -0.290259 0.956948 0
    outer loop
      vertex -95.8112 57.837 3.5
      vertex -96.1488 57.7346 8
      vertex -95.8112 57.837 8
    endloop
  endfacet
  facet normal -0.290259 0.956948 0
    outer loop
      vertex -96.1488 57.7346 8
      vertex -95.8112 57.837 3.5
      vertex -96.1488 57.7346 3.5
    endloop
  endfacet
  facet normal -0.956948 -0.290259 0
    outer loop
      vertex -94.7346 59.8512 3.5
      vertex -94.837 60.1888 8
      vertex -94.837 60.1888 3.5
    endloop
  endfacet
  facet normal -0.956948 -0.290259 0
    outer loop
      vertex -94.837 60.1888 8
      vertex -94.7346 59.8512 3.5
      vertex -94.7346 59.8512 8
    endloop
  endfacet
  facet normal -0.995182 -0.0980447 0
    outer loop
      vertex -94.7 59.5 3.5
      vertex -94.7346 59.8512 8
      vertex -94.7346 59.8512 3.5
    endloop
  endfacet
  facet normal -0.995182 -0.0980447 0
    outer loop
      vertex -94.7346 59.8512 8
      vertex -94.7 59.5 3.5
      vertex -94.7 59.5 8
    endloop
  endfacet
  facet normal -0.88185 -0.471529 0
    outer loop
      vertex -94.837 60.1888 3.5
      vertex -95.0034 60.5 8
      vertex -95.0034 60.5 3.5
    endloop
  endfacet
  facet normal -0.88185 -0.471529 0
    outer loop
      vertex -95.0034 60.5 8
      vertex -94.837 60.1888 3.5
      vertex -94.837 60.1888 8
    endloop
  endfacet
  facet normal -0.995182 0.0980447 0
    outer loop
      vertex -94.7346 59.1488 3.5
      vertex -94.7 59.5 8
      vertex -94.7 59.5 3.5
    endloop
  endfacet
  facet normal -0.995182 0.0980447 0
    outer loop
      vertex -94.7 59.5 8
      vertex -94.7346 59.1488 3.5
      vertex -94.7346 59.1488 8
    endloop
  endfacet
  facet normal 0.471529 0.88185 -0
    outer loop
      vertex -97.1888 57.837 3.5
      vertex -97.5 58.0034 8
      vertex -97.1888 57.837 8
    endloop
  endfacet
  facet normal 0.471529 0.88185 0
    outer loop
      vertex -97.5 58.0034 8
      vertex -97.1888 57.837 3.5
      vertex -97.5 58.0034 3.5
    endloop
  endfacet
  facet normal -0.634256 -0.773123 0
    outer loop
      vertex -95.5 60.9966 3.5
      vertex -95.2272 60.7728 8
      vertex -95.5 60.9966 8
    endloop
  endfacet
  facet normal -0.634256 -0.773123 -0
    outer loop
      vertex -95.2272 60.7728 8
      vertex -95.5 60.9966 3.5
      vertex -95.2272 60.7728 3.5
    endloop
  endfacet
  facet normal 0.0980447 -0.995182 0
    outer loop
      vertex -96.8512 61.2654 3.5
      vertex -96.5 61.3 8
      vertex -96.8512 61.2654 8
    endloop
  endfacet
  facet normal 0.0980447 -0.995182 0
    outer loop
      vertex -96.5 61.3 8
      vertex -96.8512 61.2654 3.5
      vertex -96.5 61.3 3.5
    endloop
  endfacet
  facet normal 0.88185 0.471529 0
    outer loop
      vertex -97.9966 58.5 8
      vertex -98.163 58.8112 3.5
      vertex -98.163 58.8112 8
    endloop
  endfacet
  facet normal 0.88185 0.471529 0
    outer loop
      vertex -98.163 58.8112 3.5
      vertex -97.9966 58.5 8
      vertex -97.9966 58.5 3.5
    endloop
  endfacet
  facet normal 0 0 1
    outer loop
      vertex -94.7346 59.8512 3.5
      vertex -94.7346 59.1488 3.5
      vertex -94.7 59.5 3.5
    endloop
  endfacet
  facet normal 0 0 1
    outer loop
      vertex -94.837 60.1888 3.5
      vertex -94.7346 59.1488 3.5
      vertex -94.7346 59.8512 3.5
    endloop
  endfacet
  facet normal 0 0 1
    outer loop
      vertex -94.837 60.1888 3.5
      vertex -94.837 58.8112 3.5
      vertex -94.7346 59.1488 3.5
    endloop
  endfacet
  facet normal 0 0 1
    outer loop
      vertex -95.0034 60.5 3.5
      vertex -94.837 58.8112 3.5
      vertex -94.837 60.1888 3.5
    endloop
  endfacet
  facet normal 0 0 1
    outer loop
      vertex -95.0034 60.5 3.5
      vertex -95.0034 58.5 3.5
      vertex -94.837 58.8112 3.5
    endloop
  endfacet
  facet normal 0 0 1
    outer loop
      vertex -95.2272 60.7728 3.5
      vertex -95.0034 58.5 3.5
      vertex -95.0034 60.5 3.5
    endloop
  endfacet
  facet normal 0 0 1
    outer loop
      vertex -95.2272 60.7728 3.5
      vertex -95.2272 58.2272 3.5
      vertex -95.0034 58.5 3.5
    endloop
  endfacet
  facet normal 0 0 1
    outer loop
      vertex -95.5 60.9966 3.5
      vertex -95.2272 58.2272 3.5
      vertex -95.2272 60.7728 3.5
    endloop
  endfacet
  facet normal 0 0 1
    outer loop
      vertex -95.5 60.9966 3.5
      vertex -95.5 58.0034 3.5
      vertex -95.2272 58.2272 3.5
    endloop
  endfacet
  facet normal 0 0 1
    outer loop
      vertex -95.8112 61.163 3.5
      vertex -95.5 58.0034 3.5
      vertex -95.5 60.9966 3.5
    endloop
  endfacet
  facet normal 0 0 1
    outer loop
      vertex -95.8112 61.163 3.5
      vertex -95.8112 57.837 3.5
      vertex -95.5 58.0034 3.5
    endloop
  endfacet
  facet normal 0 0 1
    outer loop
      vertex -96.1488 61.2654 3.5
      vertex -95.8112 57.837 3.5
      vertex -95.8112 61.163 3.5
    endloop
  endfacet
  facet normal 0 0 1
    outer loop
      vertex -96.1488 61.2654 3.5
      vertex -96.1488 57.7346 3.5
      vertex -95.8112 57.837 3.5
    endloop
  endfacet
  facet normal 0 0 1
    outer loop
      vertex -96.5 61.3 3.5
      vertex -96.1488 57.7346 3.5
      vertex -96.1488 61.2654 3.5
    endloop
  endfacet
  facet normal 0 0 1
    outer loop
      vertex -96.5 61.3 3.5
      vertex -96.5 57.7 3.5
      vertex -96.1488 57.7346 3.5
    endloop
  endfacet
  facet normal -0 0 1
    outer loop
      vertex -96.8512 61.2654 3.5
      vertex -96.5 57.7 3.5
      vertex -96.5 61.3 3.5
    endloop
  endfacet
  facet normal 0 0 1
    outer loop
      vertex -96.8512 61.2654 3.5
      vertex -96.8512 57.7346 3.5
      vertex -96.5 57.7 3.5
    endloop
  endfacet
  facet normal -0 0 1
    outer loop
      vertex -97.1888 61.163 3.5
      vertex -96.8512 57.7346 3.5
      vertex -96.8512 61.2654 3.5
    endloop
  endfacet
  facet normal 0 0 1
    outer loop
      vertex -97.1888 61.163 3.5
      vertex -97.1888 57.837 3.5
      vertex -96.8512 57.7346 3.5
    endloop
  endfacet
  facet normal -0 0 1
    outer loop
      vertex -97.5 60.9966 3.5
      vertex -97.1888 57.837 3.5
      vertex -97.1888 61.163 3.5
    endloop
  endfacet
  facet normal 0 0 1
    outer loop
      vertex -97.5 60.9966 3.5
      vertex -97.5 58.0034 3.5
      vertex -97.1888 57.837 3.5
    endloop
  endfacet
  facet normal -0 0 1
    outer loop
      vertex -97.7728 60.7728 3.5
      vertex -97.5 58.0034 3.5
      vertex -97.5 60.9966 3.5
    endloop
  endfacet
  facet normal 0 0 1
    outer loop
      vertex -97.7728 60.7728 3.5
      vertex -97.7728 58.2272 3.5
      vertex -97.5 58.0034 3.5
    endloop
  endfacet
  facet normal -0 0 1
    outer loop
      vertex -97.9966 60.5 3.5
      vertex -97.7728 58.2272 3.5
      vertex -97.7728 60.7728 3.5
    endloop
  endfacet
  facet normal 0 0 1
    outer loop
      vertex -97.9966 60.5 3.5
      vertex -97.9966 58.5 3.5
      vertex -97.7728 58.2272 3.5
    endloop
  endfacet
  facet normal -0 0 1
    outer loop
      vertex -98.163 60.1888 3.5
      vertex -97.9966 58.5 3.5
      vertex -97.9966 60.5 3.5
    endloop
  endfacet
  facet normal 0 0 1
    outer loop
      vertex -98.163 60.1888 3.5
      vertex -98.163 58.8112 3.5
      vertex -97.9966 58.5 3.5
    endloop
  endfacet
  facet normal -0 0 1
    outer loop
      vertex -98.2654 59.8512 3.5
      vertex -98.163 58.8112 3.5
      vertex -98.163 60.1888 3.5
    endloop
  endfacet
  facet normal 0 0 1
    outer loop
      vertex -98.2654 59.8512 3.5
      vertex -98.2654 59.1488 3.5
      vertex -98.163 58.8112 3.5
    endloop
  endfacet
  facet normal 0 -0 1
    outer loop
      vertex -98.2654 59.1488 3.5
      vertex -98.2654 59.8512 3.5
      vertex -98.3 59.5 3.5
    endloop
  endfacet
  facet normal -0.0980447 0.995182 0
    outer loop
      vertex -96.1488 57.7346 3.5
      vertex -96.5 57.7 8
      vertex -96.1488 57.7346 8
    endloop
  endfacet
  facet normal -0.0980447 0.995182 0
    outer loop
      vertex -96.5 57.7 8
      vertex -96.1488 57.7346 3.5
      vertex -96.5 57.7 3.5
    endloop
  endfacet
  facet normal -0.956948 0.290259 0
    outer loop
      vertex -94.837 58.8112 3.5
      vertex -94.7346 59.1488 8
      vertex -94.7346 59.1488 3.5
    endloop
  endfacet
  facet normal -0.956948 0.290259 0
    outer loop
      vertex -94.7346 59.1488 8
      vertex -94.837 58.8112 3.5
      vertex -94.837 58.8112 8
    endloop
  endfacet
  facet normal -0.773123 0.634256 0
    outer loop
      vertex -95.2272 58.2272 3.5
      vertex -95.0034 58.5 8
      vertex -95.0034 58.5 3.5
    endloop
  endfacet
  facet normal -0.773123 0.634256 0
    outer loop
      vertex -95.0034 58.5 8
      vertex -95.2272 58.2272 3.5
      vertex -95.2272 58.2272 8
    endloop
  endfacet
  facet normal 0.634256 -0.773123 0
    outer loop
      vertex -97.7728 60.7728 3.5
      vertex -97.5 60.9966 8
      vertex -97.7728 60.7728 8
    endloop
  endfacet
  facet normal 0.634256 -0.773123 0
    outer loop
      vertex -97.5 60.9966 8
      vertex -97.7728 60.7728 3.5
      vertex -97.5 60.9966 3.5
    endloop
  endfacet
  facet normal -0.88185 0.471529 0
    outer loop
      vertex -95.0034 58.5 3.5
      vertex -94.837 58.8112 8
      vertex -94.837 58.8112 3.5
    endloop
  endfacet
  facet normal -0.88185 0.471529 0
    outer loop
      vertex -94.837 58.8112 8
      vertex -95.0034 58.5 3.5
      vertex -95.0034 58.5 8
    endloop
  endfacet
  facet normal -0.471529 0.88185 0
    outer loop
      vertex -95.5 58.0034 3.5
      vertex -95.8112 57.837 8
      vertex -95.5 58.0034 8
    endloop
  endfacet
  facet normal -0.471529 0.88185 0
    outer loop
      vertex -95.8112 57.837 8
      vertex -95.5 58.0034 3.5
      vertex -95.8112 57.837 3.5
    endloop
  endfacet
  facet normal 0.956948 0.290259 0
    outer loop
      vertex -98.163 58.8112 8
      vertex -98.2654 59.1488 3.5
      vertex -98.2654 59.1488 8
    endloop
  endfacet
  facet normal 0.956948 0.290259 0
    outer loop
      vertex -98.2654 59.1488 3.5
      vertex -98.163 58.8112 8
      vertex -98.163 58.8112 3.5
    endloop
  endfacet
  facet normal 0.773123 -0.634256 0
    outer loop
      vertex -97.9966 60.5 8
      vertex -97.7728 60.7728 3.5
      vertex -97.7728 60.7728 8
    endloop
  endfacet
  facet normal 0.773123 -0.634256 0
    outer loop
      vertex -97.7728 60.7728 3.5
      vertex -97.9966 60.5 8
      vertex -97.9966 60.5 3.5
    endloop
  endfacet
  facet normal -0.773123 -0.634256 0
    outer loop
      vertex -95.0034 60.5 3.5
      vertex -95.2272 60.7728 8
      vertex -95.2272 60.7728 3.5
    endloop
  endfacet
  facet normal -0.773123 -0.634256 0
    outer loop
      vertex -95.2272 60.7728 8
      vertex -95.0034 60.5 3.5
      vertex -95.0034 60.5 8
    endloop
  endfacet
  facet normal 0.471529 -0.88185 0
    outer loop
      vertex -97.5 60.9966 3.5
      vertex -97.1888 61.163 8
      vertex -97.5 60.9966 8
    endloop
  endfacet
  facet normal 0.471529 -0.88185 0
    outer loop
      vertex -97.1888 61.163 8
      vertex -97.5 60.9966 3.5
      vertex -97.1888 61.163 3.5
    endloop
  endfacet
  facet normal 0.290259 -0.956948 0
    outer loop
      vertex -97.1888 61.163 3.5
      vertex -96.8512 61.2654 8
      vertex -97.1888 61.163 8
    endloop
  endfacet
  facet normal 0.290259 -0.956948 0
    outer loop
      vertex -96.8512 61.2654 8
      vertex -97.1888 61.163 3.5
      vertex -96.8512 61.2654 3.5
    endloop
  endfacet
  facet normal 0.290259 0.956948 -0
    outer loop
      vertex -96.8512 57.7346 3.5
      vertex -97.1888 57.837 8
      vertex -96.8512 57.7346 8
    endloop
  endfacet
  facet normal 0.290259 0.956948 0
    outer loop
      vertex -97.1888 57.837 8
      vertex -96.8512 57.7346 3.5
      vertex -97.1888 57.837 3.5
    endloop
  endfacet
  facet normal -0.290259 -0.956948 0
    outer loop
      vertex -96.1488 61.2654 3.5
      vertex -95.8112 61.163 8
      vertex -96.1488 61.2654 8
    endloop
  endfacet
  facet normal -0.290259 -0.956948 -0
    outer loop
      vertex -95.8112 61.163 8
      vertex -96.1488 61.2654 3.5
      vertex -95.8112 61.163 3.5
    endloop
  endfacet
  facet normal -0.634256 0.773123 0
    outer loop
      vertex -95.2272 58.2272 3.5
      vertex -95.5 58.0034 8
      vertex -95.2272 58.2272 8
    endloop
  endfacet
  facet normal -0.634256 0.773123 0
    outer loop
      vertex -95.5 58.0034 8
      vertex -95.2272 58.2272 3.5
      vertex -95.5 58.0034 3.5
    endloop
  endfacet
  facet normal 0.995182 -0.0980447 0
    outer loop
      vertex -98.3 59.5 8
      vertex -98.2654 59.8512 3.5
      vertex -98.2654 59.8512 8
    endloop
  endfacet
  facet normal 0.995182 -0.0980447 0
    outer loop
      vertex -98.2654 59.8512 3.5
      vertex -98.3 59.5 8
      vertex -98.3 59.5 3.5
    endloop
  endfacet
  facet normal -0.0980447 -0.995182 0
    outer loop
      vertex -96.5 61.3 3.5
      vertex -96.1488 61.2654 8
      vertex -96.5 61.3 8
    endloop
  endfacet
  facet normal -0.0980447 -0.995182 -0
    outer loop
      vertex -96.1488 61.2654 8
      vertex -96.5 61.3 3.5
      vertex -96.1488 61.2654 3.5
    endloop
  endfacet
  facet normal -0.471529 -0.88185 0
    outer loop
      vertex -95.8112 61.163 3.5
      vertex -95.5 60.9966 8
      vertex -95.8112 61.163 8
    endloop
  endfacet
  facet normal -0.471529 -0.88185 -0
    outer loop
      vertex -95.5 60.9966 8
      vertex -95.8112 61.163 3.5
      vertex -95.5 60.9966 3.5
    endloop
  endfacet
  facet normal 0.773123 0.634256 0
    outer loop
      vertex -97.7728 58.2272 8
      vertex -97.9966 58.5 3.5
      vertex -97.9966 58.5 8
    endloop
  endfacet
  facet normal 0.773123 0.634256 0
    outer loop
      vertex -97.9966 58.5 3.5
      vertex -97.7728 58.2272 8
      vertex -97.7728 58.2272 3.5
    endloop
  endfacet
  facet normal 0.0980447 0.995182 -0
    outer loop
      vertex -96.5 57.7 3.5
      vertex -96.8512 57.7346 8
      vertex -96.5 57.7 8
    endloop
  endfacet
  facet normal 0.0980447 0.995182 0
    outer loop
      vertex -96.8512 57.7346 8
      vertex -96.5 57.7 3.5
      vertex -96.8512 57.7346 3.5
    endloop
  endfacet
  facet normal 0.634256 0.773123 -0
    outer loop
      vertex -97.5 58.0034 3.5
      vertex -97.7728 58.2272 8
      vertex -97.5 58.0034 8
    endloop
  endfacet
  facet normal 0.634256 0.773123 0
    outer loop
      vertex -97.7728 58.2272 8
      vertex -97.5 58.0034 3.5
      vertex -97.7728 58.2272 3.5
    endloop
  endfacet
  facet normal 0.956948 -0.290259 0
    outer loop
      vertex -98.2654 59.8512 8
      vertex -98.163 60.1888 3.5
      vertex -98.163 60.1888 8
    endloop
  endfacet
  facet normal 0.956948 -0.290259 0
    outer loop
      vertex -98.163 60.1888 3.5
      vertex -98.2654 59.8512 8
      vertex -98.2654 59.8512 3.5
    endloop
  endfacet
  facet normal 0.88185 -0.471529 0
    outer loop
      vertex -98.163 60.1888 8
      vertex -97.9966 60.5 3.5
      vertex -97.9966 60.5 8
    endloop
  endfacet
  facet normal 0.88185 -0.471529 0
    outer loop
      vertex -97.9966 60.5 3.5
      vertex -98.163 60.1888 8
      vertex -98.163 60.1888 3.5
    endloop
  endfacet
  facet normal 0.995182 0.0980447 0
    outer loop
      vertex -98.2654 59.1488 8
      vertex -98.3 59.5 3.5
      vertex -98.3 59.5 8
    endloop
  endfacet
  facet normal 0.995182 0.0980447 0
    outer loop
      vertex -98.3 59.5 3.5
      vertex -98.2654 59.1488 8
      vertex -98.2654 59.1488 3.5
    endloop
  endfacet
  facet normal -0.290259 0.956948 0
    outer loop
      vertex -37.8112 57.837 3.5
      vertex -38.1488 57.7346 8
      vertex -37.8112 57.837 8
    endloop
  endfacet
  facet normal -0.290259 0.956948 0
    outer loop
      vertex -38.1488 57.7346 8
      vertex -37.8112 57.837 3.5
      vertex -38.1488 57.7346 3.5
    endloop
  endfacet
  facet normal -0.956948 -0.290259 0
    outer loop
      vertex -36.7346 59.8512 3.5
      vertex -36.837 60.1888 8
      vertex -36.837 60.1888 3.5
    endloop
  endfacet
  facet normal -0.956948 -0.290259 0
    outer loop
      vertex -36.837 60.1888 8
      vertex -36.7346 59.8512 3.5
      vertex -36.7346 59.8512 8
    endloop
  endfacet
  facet normal -0.995182 -0.0980447 0
    outer loop
      vertex -36.7 59.5 3.5
      vertex -36.7346 59.8512 8
      vertex -36.7346 59.8512 3.5
    endloop
  endfacet
  facet normal -0.995182 -0.0980447 0
    outer loop
      vertex -36.7346 59.8512 8
      vertex -36.7 59.5 3.5
      vertex -36.7 59.5 8
    endloop
  endfacet
  facet normal -0.88185 -0.471529 0
    outer loop
      vertex -36.837 60.1888 3.5
      vertex -37.0034 60.5 8
      vertex -37.0034 60.5 3.5
    endloop
  endfacet
  facet normal -0.88185 -0.471529 0
    outer loop
      vertex -37.0034 60.5 8
      vertex -36.837 60.1888 3.5
      vertex -36.837 60.1888 8
    endloop
  endfacet
  facet normal -0.995182 0.0980447 0
    outer loop
      vertex -36.7346 59.1488 3.5
      vertex -36.7 59.5 8
      vertex -36.7 59.5 3.5
    endloop
  endfacet
  facet normal -0.995182 0.0980447 0
    outer loop
      vertex -36.7 59.5 8
      vertex -36.7346 59.1488 3.5
      vertex -36.7346 59.1488 8
    endloop
  endfacet
  facet normal 0.471529 0.88185 -0
    outer loop
      vertex -39.1888 57.837 3.5
      vertex -39.5 58.0034 8
      vertex -39.1888 57.837 8
    endloop
  endfacet
  facet normal 0.471529 0.88185 0
    outer loop
      vertex -39.5 58.0034 8
      vertex -39.1888 57.837 3.5
      vertex -39.5 58.0034 3.5
    endloop
  endfacet
  facet normal -0.634256 -0.773123 0
    outer loop
      vertex -37.5 60.9966 3.5
      vertex -37.2272 60.7728 8
      vertex -37.5 60.9966 8
    endloop
  endfacet
  facet normal -0.634256 -0.773123 -0
    outer loop
      vertex -37.2272 60.7728 8
      vertex -37.5 60.9966 3.5
      vertex -37.2272 60.7728 3.5
    endloop
  endfacet
  facet normal 0.0980447 -0.995182 0
    outer loop
      vertex -38.8512 61.2654 3.5
      vertex -38.5 61.3 8
      vertex -38.8512 61.2654 8
    endloop
  endfacet
  facet normal 0.0980447 -0.995182 0
    outer loop
      vertex -38.5 61.3 8
      vertex -38.8512 61.2654 3.5
      vertex -38.5 61.3 3.5
    endloop
  endfacet
  facet normal 0.88185 0.471529 0
    outer loop
      vertex -39.9966 58.5 8
      vertex -40.163 58.8112 3.5
      vertex -40.163 58.8112 8
    endloop
  endfacet
  facet normal 0.88185 0.471529 0
    outer loop
      vertex -40.163 58.8112 3.5
      vertex -39.9966 58.5 8
      vertex -39.9966 58.5 3.5
    endloop
  endfacet
  facet normal 0 0 1
    outer loop
      vertex -36.7346 59.8512 3.5
      vertex -36.7346 59.1488 3.5
      vertex -36.7 59.5 3.5
    endloop
  endfacet
  facet normal 0 0 1
    outer loop
      vertex -36.837 60.1888 3.5
      vertex -36.7346 59.1488 3.5
      vertex -36.7346 59.8512 3.5
    endloop
  endfacet
  facet normal 0 0 1
    outer loop
      vertex -36.837 60.1888 3.5
      vertex -36.837 58.8112 3.5
      vertex -36.7346 59.1488 3.5
    endloop
  endfacet
  facet normal 0 0 1
    outer loop
      vertex -37.0034 60.5 3.5
      vertex -36.837 58.8112 3.5
      vertex -36.837 60.1888 3.5
    endloop
  endfacet
  facet normal 0 0 1
    outer loop
      vertex -37.0034 60.5 3.5
      vertex -37.0034 58.5 3.5
      vertex -36.837 58.8112 3.5
    endloop
  endfacet
  facet normal 0 0 1
    outer loop
      vertex -37.2272 60.7728 3.5
      vertex -37.0034 58.5 3.5
      vertex -37.0034 60.5 3.5
    endloop
  endfacet
  facet normal 0 0 1
    outer loop
      vertex -37.2272 60.7728 3.5
      vertex -37.2272 58.2272 3.5
      vertex -37.0034 58.5 3.5
    endloop
  endfacet
  facet normal 0 0 1
    outer loop
      vertex -37.5 60.9966 3.5
      vertex -37.2272 58.2272 3.5
      vertex -37.2272 60.7728 3.5
    endloop
  endfacet
  facet normal 0 0 1
    outer loop
      vertex -37.5 60.9966 3.5
      vertex -37.5 58.0034 3.5
      vertex -37.2272 58.2272 3.5
    endloop
  endfacet
  facet normal 0 0 1
    outer loop
      vertex -37.8112 61.163 3.5
      vertex -37.5 58.0034 3.5
      vertex -37.5 60.9966 3.5
    endloop
  endfacet
  facet normal 0 0 1
    outer loop
      vertex -37.8112 61.163 3.5
      vertex -37.8112 57.837 3.5
      vertex -37.5 58.0034 3.5
    endloop
  endfacet
  facet normal 0 0 1
    outer loop
      vertex -38.1488 61.2654 3.5
      vertex -37.8112 57.837 3.5
      vertex -37.8112 61.163 3.5
    endloop
  endfacet
  facet normal 0 0 1
    outer loop
      vertex -38.1488 61.2654 3.5
      vertex -38.1488 57.7346 3.5
      vertex -37.8112 57.837 3.5
    endloop
  endfacet
  facet normal 0 0 1
    outer loop
      vertex -38.5 61.3 3.5
      vertex -38.1488 57.7346 3.5
      vertex -38.1488 61.2654 3.5
    endloop
  endfacet
  facet normal 0 0 1
    outer loop
      vertex -38.5 61.3 3.5
      vertex -38.5 57.7 3.5
      vertex -38.1488 57.7346 3.5
    endloop
  endfacet
  facet normal -0 0 1
    outer loop
      vertex -38.8512 61.2654 3.5
      vertex -38.5 57.7 3.5
      vertex -38.5 61.3 3.5
    endloop
  endfacet
  facet normal 0 0 1
    outer loop
      vertex -38.8512 61.2654 3.5
      vertex -38.8512 57.7346 3.5
      vertex -38.5 57.7 3.5
    endloop
  endfacet
  facet normal -0 0 1
    outer loop
      vertex -39.1888 61.163 3.5
      vertex -38.8512 57.7346 3.5
      vertex -38.8512 61.2654 3.5
    endloop
  endfacet
  facet normal 0 0 1
    outer loop
      vertex -39.1888 61.163 3.5
      vertex -39.1888 57.837 3.5
      vertex -38.8512 57.7346 3.5
    endloop
  endfacet
  facet normal -0 0 1
    outer loop
      vertex -39.5 60.9966 3.5
      vertex -39.1888 57.837 3.5
      vertex -39.1888 61.163 3.5
    endloop
  endfacet
  facet normal 0 0 1
    outer loop
      vertex -39.5 60.9966 3.5
      vertex -39.5 58.0034 3.5
      vertex -39.1888 57.837 3.5
    endloop
  endfacet
  facet normal -0 0 1
    outer loop
      vertex -39.7728 60.7728 3.5
      vertex -39.5 58.0034 3.5
      vertex -39.5 60.9966 3.5
    endloop
  endfacet
  facet normal 0 0 1
    outer loop
      vertex -39.7728 60.7728 3.5
      vertex -39.7728 58.2272 3.5
      vertex -39.5 58.0034 3.5
    endloop
  endfacet
  facet normal -0 0 1
    outer loop
      vertex -39.9966 60.5 3.5
      vertex -39.7728 58.2272 3.5
      vertex -39.7728 60.7728 3.5
    endloop
  endfacet
  facet normal 0 0 1
    outer loop
      vertex -39.9966 60.5 3.5
      vertex -39.9966 58.5 3.5
      vertex -39.7728 58.2272 3.5
    endloop
  endfacet
  facet normal -0 0 1
    outer loop
      vertex -40.163 60.1888 3.5
      vertex -39.9966 58.5 3.5
      vertex -39.9966 60.5 3.5
    endloop
  endfacet
  facet normal 0 0 1
    outer loop
      vertex -40.163 60.1888 3.5
      vertex -40.163 58.8112 3.5
      vertex -39.9966 58.5 3.5
    endloop
  endfacet
  facet normal -0 0 1
    outer loop
      vertex -40.2654 59.8512 3.5
      vertex -40.163 58.8112 3.5
      vertex -40.163 60.1888 3.5
    endloop
  endfacet
  facet normal 0 0 1
    outer loop
      vertex -40.2654 59.8512 3.5
      vertex -40.2654 59.1488 3.5
      vertex -40.163 58.8112 3.5
    endloop
  endfacet
  facet normal 0 -0 1
    outer loop
      vertex -40.2654 59.1488 3.5
      vertex -40.2654 59.8512 3.5
      vertex -40.3 59.5 3.5
    endloop
  endfacet
  facet normal -0.0980447 0.995182 0
    outer loop
      vertex -38.1488 57.7346 3.5
      vertex -38.5 57.7 8
      vertex -38.1488 57.7346 8
    endloop
  endfacet
  facet normal -0.0980447 0.995182 0
    outer loop
      vertex -38.5 57.7 8
      vertex -38.1488 57.7346 3.5
      vertex -38.5 57.7 3.5
    endloop
  endfacet
  facet normal -0.956948 0.290259 0
    outer loop
      vertex -36.837 58.8112 3.5
      vertex -36.7346 59.1488 8
      vertex -36.7346 59.1488 3.5
    endloop
  endfacet
  facet normal -0.956948 0.290259 0
    outer loop
      vertex -36.7346 59.1488 8
      vertex -36.837 58.8112 3.5
      vertex -36.837 58.8112 8
    endloop
  endfacet
  facet normal -0.773123 0.634256 0
    outer loop
      vertex -37.2272 58.2272 3.5
      vertex -37.0034 58.5 8
      vertex -37.0034 58.5 3.5
    endloop
  endfacet
  facet normal -0.773123 0.634256 0
    outer loop
      vertex -37.0034 58.5 8
      vertex -37.2272 58.2272 3.5
      vertex -37.2272 58.2272 8
    endloop
  endfacet
  facet normal 0.0980447 0.995182 -0
    outer loop
      vertex -38.5 57.7 3.5
      vertex -38.8512 57.7346 8
      vertex -38.5 57.7 8
    endloop
  endfacet
  facet normal 0.0980447 0.995182 0
    outer loop
      vertex -38.8512 57.7346 8
      vertex -38.5 57.7 3.5
      vertex -38.8512 57.7346 3.5
    endloop
  endfacet
  facet normal -0.88185 0.471529 0
    outer loop
      vertex -37.0034 58.5 3.5
      vertex -36.837 58.8112 8
      vertex -36.837 58.8112 3.5
    endloop
  endfacet
  facet normal -0.88185 0.471529 0
    outer loop
      vertex -36.837 58.8112 8
      vertex -37.0034 58.5 3.5
      vertex -37.0034 58.5 8
    endloop
  endfacet
  facet normal -0.471529 0.88185 0
    outer loop
      vertex -37.5 58.0034 3.5
      vertex -37.8112 57.837 8
      vertex -37.5 58.0034 8
    endloop
  endfacet
  facet normal -0.471529 0.88185 0
    outer loop
      vertex -37.8112 57.837 8
      vertex -37.5 58.0034 3.5
      vertex -37.8112 57.837 3.5
    endloop
  endfacet
  facet normal 0.956948 0.290259 0
    outer loop
      vertex -40.163 58.8112 8
      vertex -40.2654 59.1488 3.5
      vertex -40.2654 59.1488 8
    endloop
  endfacet
  facet normal 0.956948 0.290259 0
    outer loop
      vertex -40.2654 59.1488 3.5
      vertex -40.163 58.8112 8
      vertex -40.163 58.8112 3.5
    endloop
  endfacet
  facet normal 0.773123 -0.634256 0
    outer loop
      vertex -39.9966 60.5 8
      vertex -39.7728 60.7728 3.5
      vertex -39.7728 60.7728 8
    endloop
  endfacet
  facet normal 0.773123 -0.634256 0
    outer loop
      vertex -39.7728 60.7728 3.5
      vertex -39.9966 60.5 8
      vertex -39.9966 60.5 3.5
    endloop
  endfacet
  facet normal -0.773123 -0.634256 0
    outer loop
      vertex -37.0034 60.5 3.5
      vertex -37.2272 60.7728 8
      vertex -37.2272 60.7728 3.5
    endloop
  endfacet
  facet normal -0.773123 -0.634256 0
    outer loop
      vertex -37.2272 60.7728 8
      vertex -37.0034 60.5 3.5
      vertex -37.0034 60.5 8
    endloop
  endfacet
  facet normal 0.471529 -0.88185 0
    outer loop
      vertex -39.5 60.9966 3.5
      vertex -39.1888 61.163 8
      vertex -39.5 60.9966 8
    endloop
  endfacet
  facet normal 0.471529 -0.88185 0
    outer loop
      vertex -39.1888 61.163 8
      vertex -39.5 60.9966 3.5
      vertex -39.1888 61.163 3.5
    endloop
  endfacet
  facet normal 0.290259 -0.956948 0
    outer loop
      vertex -39.1888 61.163 3.5
      vertex -38.8512 61.2654 8
      vertex -39.1888 61.163 8
    endloop
  endfacet
  facet normal 0.290259 -0.956948 0
    outer loop
      vertex -38.8512 61.2654 8
      vertex -39.1888 61.163 3.5
      vertex -38.8512 61.2654 3.5
    endloop
  endfacet
  facet normal 0.290259 0.956948 -0
    outer loop
      vertex -38.8512 57.7346 3.5
      vertex -39.1888 57.837 8
      vertex -38.8512 57.7346 8
    endloop
  endfacet
  facet normal 0.290259 0.956948 0
    outer loop
      vertex -39.1888 57.837 8
      vertex -38.8512 57.7346 3.5
      vertex -39.1888 57.837 3.5
    endloop
  endfacet
  facet normal 0.634256 -0.773123 0
    outer loop
      vertex -39.7728 60.7728 3.5
      vertex -39.5 60.9966 8
      vertex -39.7728 60.7728 8
    endloop
  endfacet
  facet normal 0.634256 -0.773123 0
    outer loop
      vertex -39.5 60.9966 8
      vertex -39.7728 60.7728 3.5
      vertex -39.5 60.9966 3.5
    endloop
  endfacet
  facet normal -0.290259 -0.956948 0
    outer loop
      vertex -38.1488 61.2654 3.5
      vertex -37.8112 61.163 8
      vertex -38.1488 61.2654 8
    endloop
  endfacet
  facet normal -0.290259 -0.956948 -0
    outer loop
      vertex -37.8112 61.163 8
      vertex -38.1488 61.2654 3.5
      vertex -37.8112 61.163 3.5
    endloop
  endfacet
  facet normal -0.634256 0.773123 0
    outer loop
      vertex -37.2272 58.2272 3.5
      vertex -37.5 58.0034 8
      vertex -37.2272 58.2272 8
    endloop
  endfacet
  facet normal -0.634256 0.773123 0
    outer loop
      vertex -37.5 58.0034 8
      vertex -37.2272 58.2272 3.5
      vertex -37.5 58.0034 3.5
    endloop
  endfacet
  facet normal 0.995182 -0.0980447 0
    outer loop
      vertex -40.3 59.5 8
      vertex -40.2654 59.8512 3.5
      vertex -40.2654 59.8512 8
    endloop
  endfacet
  facet normal 0.995182 -0.0980447 0
    outer loop
      vertex -40.2654 59.8512 3.5
      vertex -40.3 59.5 8
      vertex -40.3 59.5 3.5
    endloop
  endfacet
  facet normal -0.0980447 -0.995182 0
    outer loop
      vertex -38.5 61.3 3.5
      vertex -38.1488 61.2654 8
      vertex -38.5 61.3 8
    endloop
  endfacet
  facet normal -0.0980447 -0.995182 -0
    outer loop
      vertex -38.1488 61.2654 8
      vertex -38.5 61.3 3.5
      vertex -38.1488 61.2654 3.5
    endloop
  endfacet
  facet normal -0.471529 -0.88185 0
    outer loop
      vertex -37.8112 61.163 3.5
      vertex -37.5 60.9966 8
      vertex -37.8112 61.163 8
    endloop
  endfacet
  facet normal -0.471529 -0.88185 -0
    outer loop
      vertex -37.5 60.9966 8
      vertex -37.8112 61.163 3.5
      vertex -37.5 60.9966 3.5
    endloop
  endfacet
  facet normal 0.773123 0.634256 0
    outer loop
      vertex -39.7728 58.2272 8
      vertex -39.9966 58.5 3.5
      vertex -39.9966 58.5 8
    endloop
  endfacet
  facet normal 0.773123 0.634256 0
    outer loop
      vertex -39.9966 58.5 3.5
      vertex -39.7728 58.2272 8
      vertex -39.7728 58.2272 3.5
    endloop
  endfacet
  facet normal 0.634256 0.773123 -0
    outer loop
      vertex -39.5 58.0034 3.5
      vertex -39.7728 58.2272 8
      vertex -39.5 58.0034 8
    endloop
  endfacet
  facet normal 0.634256 0.773123 0
    outer loop
      vertex -39.7728 58.2272 8
      vertex -39.5 58.0034 3.5
      vertex -39.7728 58.2272 3.5
    endloop
  endfacet
  facet normal 0.956948 -0.290259 0
    outer loop
      vertex -40.2654 59.8512 8
      vertex -40.163 60.1888 3.5
      vertex -40.163 60.1888 8
    endloop
  endfacet
  facet normal 0.956948 -0.290259 0
    outer loop
      vertex -40.163 60.1888 3.5
      vertex -40.2654 59.8512 8
      vertex -40.2654 59.8512 3.5
    endloop
  endfacet
  facet normal 0.88185 -0.471529 0
    outer loop
      vertex -40.163 60.1888 8
      vertex -39.9966 60.5 3.5
      vertex -39.9966 60.5 8
    endloop
  endfacet
  facet normal 0.88185 -0.471529 0
    outer loop
      vertex -39.9966 60.5 3.5
      vertex -40.163 60.1888 8
      vertex -40.163 60.1888 3.5
    endloop
  endfacet
  facet normal 0.995182 0.0980447 0
    outer loop
      vertex -40.2654 59.1488 8
      vertex -40.3 59.5 3.5
      vertex -40.3 59.5 8
    endloop
  endfacet
  facet normal 0.995182 0.0980447 0
    outer loop
      vertex -40.3 59.5 3.5
      vertex -40.2654 59.1488 8
      vertex -40.2654 59.1488 3.5
    endloop
  endfacet
  facet normal -1 0 0
    outer loop
      vertex -45 17 0
      vertex -45 53 3
      vertex -45 53 0
    endloop
  endfacet
  facet normal -1 -0 0
    outer loop
      vertex -45 53 3
      vertex -45 17 0
      vertex -45 17 3
    endloop
  endfacet
  facet normal 1 -0 0
    outer loop
      vertex -90 17 3
      vertex -90 53 0
      vertex -90 53 3
    endloop
  endfacet
  facet normal 1 0 0
    outer loop
      vertex -90 53 0
      vertex -90 17 3
      vertex -90 17 0
    endloop
  endfacet
  facet normal 0 -1 0
    outer loop
      vertex -90 53 0
      vertex -45 53 3
      vertex -90 53 3
    endloop
  endfacet
  facet normal 0 -1 -0
    outer loop
      vertex -45 53 3
      vertex -90 53 0
      vertex -45 53 0
    endloop
  endfacet
  facet normal 0 1 -0
    outer loop
      vertex -45 17 0
      vertex -90 17 3
      vertex -45 17 3
    endloop
  endfacet
  facet normal 0 1 0
    outer loop
      vertex -90 17 3
      vertex -45 17 0
      vertex -90 17 0
    endloop
  endfacet
  facet normal -1 0 0
    outer loop
      vertex -19 5 0
      vertex -19 65 3
      vertex -19 65 0
    endloop
  endfacet
  facet normal -1 -0 0
    outer loop
      vertex -19 65 3
      vertex -19 5 0
      vertex -19 5 3
    endloop
  endfacet
  facet normal 1 -0 0
    outer loop
      vertex -31 5 3
      vertex -31 65 0
      vertex -31 65 3
    endloop
  endfacet
  facet normal 1 0 0
    outer loop
      vertex -31 65 0
      vertex -31 5 3
      vertex -31 5 0
    endloop
  endfacet
  facet normal 0 -1 0
    outer loop
      vertex -31 65 0
      vertex -19 65 3
      vertex -31 65 3
    endloop
  endfacet
  facet normal 0 -1 -0
    outer loop
      vertex -19 65 3
      vertex -31 65 0
      vertex -19 65 0
    endloop
  endfacet
  facet normal 0 1 -0
    outer loop
      vertex -19 5 0
      vertex -31 5 3
      vertex -19 5 3
    endloop
  endfacet
  facet normal 0 1 0
    outer loop
      vertex -31 5 3
      vertex -19 5 0
      vertex -31 5 0
    endloop
  endfacet
  facet normal -1 0 0
    outer loop
      vertex 90 12 0
      vertex 90 62 3
      vertex 90 62 0
    endloop
  endfacet
  facet normal -1 -0 0
    outer loop
      vertex 90 62 3
      vertex 90 12 0
      vertex 90 12 3
    endloop
  endfacet
  facet normal 1 -0 0
    outer loop
      vertex 20 12 3
      vertex 20 24.9 0
      vertex 20 24.9 3
    endloop
  endfacet
  facet normal 1 0 0
    outer loop
      vertex 20 24.9 0
      vertex 20 12 3
      vertex 20 12 0
    endloop
  endfacet
  facet normal 1 -0 0
    outer loop
      vertex 20 50.9 3
      vertex 20 62 0
      vertex 20 62 3
    endloop
  endfacet
  facet normal 1 0 0
    outer loop
      vertex 20 62 0
      vertex 20 50.9 3
      vertex 20 50.9 0
    endloop
  endfacet
  facet normal 0 -1 0
    outer loop
      vertex 20 62 0
      vertex 90 62 3
      vertex 20 62 3
    endloop
  endfacet
  facet normal 0 -1 -0
    outer loop
      vertex 90 62 3
      vertex 20 62 0
      vertex 90 62 0
    endloop
  endfacet
  facet normal 0 1 -0
    outer loop
      vertex 90 12 0
      vertex 20 12 3
      vertex 90 12 3
    endloop
  endfacet
  facet normal 0 1 0
    outer loop
      vertex 20 12 3
      vertex 90 12 0
      vertex 20 12 0
    endloop
  endfacet
  facet normal 1 -0 0
    outer loop
      vertex 6 24.9 3
      vertex 6 50.9 0
      vertex 6 50.9 3
    endloop
  endfacet
  facet normal 1 0 0
    outer loop
      vertex 6 50.9 0
      vertex 6 24.9 3
      vertex 6 24.9 0
    endloop
  endfacet
  facet normal 0 -1 0
    outer loop
      vertex 6 50.9 0
      vertex 20 50.9 3
      vertex 6 50.9 3
    endloop
  endfacet
  facet normal 0 -1 -0
    outer loop
      vertex 20 50.9 3
      vertex 6 50.9 0
      vertex 20 50.9 0
    endloop
  endfacet
  facet normal 0 1 -0
    outer loop
      vertex 20 24.9 0
      vertex 6 24.9 3
      vertex 20 24.9 3
    endloop
  endfacet
  facet normal 0 1 0
    outer loop
      vertex 6 24.9 3
      vertex 20 24.9 0
      vertex 6 24.9 0
    endloop
  endfacet
endsolid OpenSCAD_Model
