solid OpenSCAD_Model
  facet normal 0 -0.707107 0.707107
    outer loop
      vertex -120.85 1.60001 18.9586
      vertex -110.14 14.5414 31.9
      vertex -120.85 14.5414 31.9
    endloop
  endfacet
  facet normal 0 -0.707107 0.707107
    outer loop
      vertex -110.14 14.5414 31.9
      vertex -120.85 1.60001 18.9586
      vertex -110.14 1.60001 18.9586
    endloop
  endfacet
  facet normal -1 0 0
    outer loop
      vertex -120.85 1.60001 18.9586
      vertex -120.85 33.4 18.9586
      vertex -120.85 33.4 8.8
    endloop
  endfacet
  facet normal -1 0 0
    outer loop
      vertex -120.85 33.4 18.9586
      vertex -120.85 1.60001 18.9586
      vertex -120.85 20.4586 31.9
    endloop
  endfacet
  facet normal -1 0 0
    outer loop
      vertex -120.85 1.60001 18.9586
      vertex -120.85 33.4 8.8
      vertex -120.85 1.60001 8.8
    endloop
  endfacet
  facet normal -1 -0 0
    outer loop
      vertex -120.85 20.4586 31.9
      vertex -120.85 1.60001 18.9586
      vertex -120.85 14.5414 31.9
    endloop
  endfacet
  facet normal -0 0 1
    outer loop
      vertex -120.85 20.4586 31.9
      vertex -110.14 14.5414 31.9
      vertex -110.14 20.4586 31.9
    endloop
  endfacet
  facet normal 0 0 1
    outer loop
      vertex -110.14 14.5414 31.9
      vertex -120.85 20.4586 31.9
      vertex -120.85 14.5414 31.9
    endloop
  endfacet
  facet normal 0 0 -1
    outer loop
      vertex -112.05 40.7 0
      vertex -110.15 72.5 0
      vertex -110.15 40.7 0
    endloop
  endfacet
  facet normal -0 0 -1
    outer loop
      vertex -110.15 72.5 0
      vertex -112.05 40.7 0
      vertex -112.05 72.5 0
    endloop
  endfacet
  facet normal 0 0 -1
    outer loop
      vertex -112.05 1.60001 0
      vertex -110.15 33.4 0
      vertex -110.15 1.60001 0
    endloop
  endfacet
  facet normal -0 0 -1
    outer loop
      vertex -110.15 33.4 0
      vertex -112.05 1.60001 0
      vertex -112.05 33.4 0
    endloop
  endfacet
  facet normal 0 0 -1
    outer loop
      vertex -110.15 0 0
      vertex -106.15 0.4 0
      vertex -106.15 0 0
    endloop
  endfacet
  facet normal 0 0 -1
    outer loop
      vertex -106.15 0.4 0
      vertex -110.15 33.4 0
      vertex -106.15 74.6 0
    endloop
  endfacet
  facet normal -0 0 -1
    outer loop
      vertex -106.15 0.4 0
      vertex -110.15 0 0
      vertex -110.15 1.60001 0
    endloop
  endfacet
  facet normal 0 0 -1
    outer loop
      vertex -106.15 0.4 0
      vertex -110.15 1.60001 0
      vertex -110.15 33.4 0
    endloop
  endfacet
  facet normal 0 0 -1
    outer loop
      vertex -110.15 40.7 0
      vertex -106.15 74.6 0
      vertex -110.15 33.4 0
    endloop
  endfacet
  facet normal 0 0 -1
    outer loop
      vertex -110.15 72.5 0
      vertex -106.15 74.6 0
      vertex -110.15 40.7 0
    endloop
  endfacet
  facet normal 0 0 -1
    outer loop
      vertex -110.15 75 0
      vertex -106.15 74.6 0
      vertex -110.15 72.5 0
    endloop
  endfacet
  facet normal 0 0 -1
    outer loop
      vertex -106.15 74.6 0
      vertex -110.15 75 0
      vertex -106.15 75 0
    endloop
  endfacet
  facet normal 0 0 -1
    outer loop
      vertex -90 17 0
      vertex -96.15 40 0
      vertex -90 53 0
    endloop
  endfacet
  facet normal 0 0 -1
    outer loop
      vertex -96.15 46 0
      vertex -90 53 0
      vertex -96.15 40 0
    endloop
  endfacet
  facet normal 0 -0 -1
    outer loop
      vertex -95.025 56.9452 0
      vertex -90 53 0
      vertex -96.15 46 0
    endloop
  endfacet
  facet normal 0 0 -1
    outer loop
      vertex -97.975 13.0548 0
      vertex -96.15 40 0
      vertex -95.025 13.0548 0
    endloop
  endfacet
  facet normal 0 0 -1
    outer loop
      vertex -100.15 40 0
      vertex -97.975 13.0548 0
      vertex -99.45 10.5 0
    endloop
  endfacet
  facet normal 0 0 -1
    outer loop
      vertex -97.975 13.0548 0
      vertex -100.15 40 0
      vertex -96.15 40 0
    endloop
  endfacet
  facet normal 0 0 -1
    outer loop
      vertex -37.025 56.9452 0
      vertex -31 65 0
      vertex -37.025 13.0548 0
    endloop
  endfacet
  facet normal 0 0 -1
    outer loop
      vertex -31 65 0
      vertex -37.025 56.9452 0
      vertex -35.55 59.5 0
    endloop
  endfacet
  facet normal 0 0 -1
    outer loop
      vertex -45 17 0
      vertex -37.025 13.0548 0
      vertex -39.975 13.0548 0
    endloop
  endfacet
  facet normal 0 0 -1
    outer loop
      vertex -37.025 13.0548 0
      vertex -45 17 0
      vertex -37.025 56.9452 0
    endloop
  endfacet
  facet normal 0 0 -1
    outer loop
      vertex -45 17 0
      vertex -39.975 13.0548 0
      vertex -41.45 10.5 0
    endloop
  endfacet
  facet normal 0 0 -1
    outer loop
      vertex -45 53 0
      vertex -37.025 56.9452 0
      vertex -45 17 0
    endloop
  endfacet
  facet normal 0 0 -1
    outer loop
      vertex 20 50.9 0
      vertex 6 50.9 0
      vertex 20 62 0
    endloop
  endfacet
  facet normal -0 0 -1
    outer loop
      vertex 112.05 72.5 0
      vertex 100.15 46 0
      vertex 110.15 72.5 0
    endloop
  endfacet
  facet normal 0 -0 -1
    outer loop
      vertex 96.15 40 0
      vertex 110.15 33.4 0
      vertex 90 12 0
    endloop
  endfacet
  facet normal 0 0 -1
    outer loop
      vertex 90 62 0
      vertex 96.15 40 0
      vertex 90 12 0
    endloop
  endfacet
  facet normal 0 0 -1
    outer loop
      vertex 110.15 33.4 0
      vertex 96.15 40 0
      vertex 100.15 40 0
    endloop
  endfacet
  facet normal 0 0 -1
    outer loop
      vertex 106.15 0.4 0
      vertex 20 12 0
      vertex 90 12 0
    endloop
  endfacet
  facet normal 0 0 -1
    outer loop
      vertex 20 12 0
      vertex 6 24.9 0
      vertex 20 24.9 0
    endloop
  endfacet
  facet normal 0 0 -1
    outer loop
      vertex -19 65 0
      vertex 6 24.9 0
      vertex -19 5 0
    endloop
  endfacet
  facet normal -0 0 -1
    outer loop
      vertex 20 12 0
      vertex -19 5 0
      vertex 6 24.9 0
    endloop
  endfacet
  facet normal 0 0 -1
    outer loop
      vertex 106.15 0.4 0
      vertex -19 5 0
      vertex 20 12 0
    endloop
  endfacet
  facet normal 0 0 -1
    outer loop
      vertex -106.15 0.4 0
      vertex -19 5 0
      vertex 106.15 0.4 0
    endloop
  endfacet
  facet normal 0 0 -1
    outer loop
      vertex -37.025 13.0548 0
      vertex -31 5 0
      vertex -35.55 10.5 0
    endloop
  endfacet
  facet normal 0 0 -1
    outer loop
      vertex -31 5 0
      vertex -37.025 7.94523 0
      vertex -35.55 10.5 0
    endloop
  endfacet
  facet normal 0 0 -1
    outer loop
      vertex -31 5 0
      vertex -39.975 7.94523 0
      vertex -37.025 7.94523 0
    endloop
  endfacet
  facet normal -0 0 -1
    outer loop
      vertex -37.025 56.9452 0
      vertex -45 53 0
      vertex -39.975 56.9452 0
    endloop
  endfacet
  facet normal 0 0 -1
    outer loop
      vertex -41.45 10.5 0
      vertex -90 17 0
      vertex -45 17 0
    endloop
  endfacet
  facet normal 0 0 -1
    outer loop
      vertex -93.55 10.5 0
      vertex -41.45 10.5 0
      vertex -39.975 7.94523 0
    endloop
  endfacet
  facet normal 0 0 -1
    outer loop
      vertex -106.15 0.4 0
      vertex -39.975 7.94523 0
      vertex -31 5 0
    endloop
  endfacet
  facet normal 0 0 -1
    outer loop
      vertex -95.025 13.0548 0
      vertex -90 17 0
      vertex -93.55 10.5 0
    endloop
  endfacet
  facet normal 0 0 -1
    outer loop
      vertex -41.45 10.5 0
      vertex -93.55 10.5 0
      vertex -90 17 0
    endloop
  endfacet
  facet normal 0 0 -1
    outer loop
      vertex -39.975 7.94523 0
      vertex -95.025 7.94523 0
      vertex -93.55 10.5 0
    endloop
  endfacet
  facet normal -0 0 -1
    outer loop
      vertex -39.975 7.94523 0
      vertex -106.15 0.4 0
      vertex -95.025 7.94523 0
    endloop
  endfacet
  facet normal 0 0 -1
    outer loop
      vertex -106.15 74.6 0
      vertex -100.15 40 0
      vertex -106.15 0.4 0
    endloop
  endfacet
  facet normal -0 0 -1
    outer loop
      vertex -99.45 10.5 0
      vertex -106.15 0.4 0
      vertex -100.15 40 0
    endloop
  endfacet
  facet normal -0 0 -1
    outer loop
      vertex -97.975 7.94523 0
      vertex -106.15 0.4 0
      vertex -99.45 10.5 0
    endloop
  endfacet
  facet normal -0 0 -1
    outer loop
      vertex -95.025 7.94523 0
      vertex -106.15 0.4 0
      vertex -97.975 7.94523 0
    endloop
  endfacet
  facet normal -0 0 -1
    outer loop
      vertex -19 5 0
      vertex -106.15 0.4 0
      vertex -31 5 0
    endloop
  endfacet
  facet normal 0 0 -1
    outer loop
      vertex 106.15 0.4 0
      vertex 110.15 1.60001 0
      vertex 110.15 0 0
    endloop
  endfacet
  facet normal 0 0 -1
    outer loop
      vertex 90 12 0
      vertex 110.15 1.60001 0
      vertex 106.15 0.4 0
    endloop
  endfacet
  facet normal 0 0 -1
    outer loop
      vertex 110.15 1.60001 0
      vertex 90 12 0
      vertex 110.15 33.4 0
    endloop
  endfacet
  facet normal 0 0 -1
    outer loop
      vertex 110.15 33.4 0
      vertex 100.15 40 0
      vertex 110.15 40.7 0
    endloop
  endfacet
  facet normal 0 0 -1
    outer loop
      vertex 106.15 0.4 0
      vertex 110.15 0 0
      vertex 106.15 0 0
    endloop
  endfacet
  facet normal 0 0 -1
    outer loop
      vertex 100.15 46 0
      vertex 110.15 40.7 0
      vertex 100.15 40 0
    endloop
  endfacet
  facet normal 0 0 -1
    outer loop
      vertex 110.15 72.5 0
      vertex 106.15 74.6 0
      vertex 110.15 75 0
    endloop
  endfacet
  facet normal -0 0 -1
    outer loop
      vertex 110.15 75 0
      vertex 106.15 74.6 0
      vertex 106.15 75 0
    endloop
  endfacet
  facet normal 0 0 -1
    outer loop
      vertex 110.15 1.60001 0
      vertex 112.05 33.4 0
      vertex 112.05 1.60001 0
    endloop
  endfacet
  facet normal -0 0 -1
    outer loop
      vertex 112.05 33.4 0
      vertex 110.15 1.60001 0
      vertex 110.15 33.4 0
    endloop
  endfacet
  facet normal 0 0 -1
    outer loop
      vertex 100.15 46 0
      vertex 112.05 40.7 0
      vertex 110.15 40.7 0
    endloop
  endfacet
  facet normal 0 0 -1
    outer loop
      vertex 112.05 40.7 0
      vertex 100.15 46 0
      vertex 112.05 72.5 0
    endloop
  endfacet
  facet normal 0 0 -1
    outer loop
      vertex 90 62 0
      vertex 110.15 72.5 0
      vertex 100.15 46 0
    endloop
  endfacet
  facet normal 0 0 -1
    outer loop
      vertex 90 62 0
      vertex 100.15 46 0
      vertex 96.15 46 0
    endloop
  endfacet
  facet normal 0 0 -1
    outer loop
      vertex 96.15 40 0
      vertex 90 62 0
      vertex 96.15 46 0
    endloop
  endfacet
  facet normal -0 0 -1
    outer loop
      vertex 110.15 72.5 0
      vertex 90 62 0
      vertex 106.15 74.6 0
    endloop
  endfacet
  facet normal 0 0 -1
    outer loop
      vertex 20 62 0
      vertex 106.15 74.6 0
      vertex 90 62 0
    endloop
  endfacet
  facet normal 0 0 -1
    outer loop
      vertex 6 24.9 0
      vertex -19 65 0
      vertex 6 50.9 0
    endloop
  endfacet
  facet normal 0 0 -1
    outer loop
      vertex -19 65 0
      vertex 20 62 0
      vertex 6 50.9 0
    endloop
  endfacet
  facet normal 0 0 -1
    outer loop
      vertex -19 65 0
      vertex 106.15 74.6 0
      vertex 20 62 0
    endloop
  endfacet
  facet normal 0 0 -1
    outer loop
      vertex -106.15 74.6 0
      vertex -19 65 0
      vertex -31 65 0
    endloop
  endfacet
  facet normal 0 0 -1
    outer loop
      vertex -31 5 0
      vertex -37.025 13.0548 0
      vertex -31 65 0
    endloop
  endfacet
  facet normal 0 0 -1
    outer loop
      vertex -37.025 62.0548 0
      vertex -31 65 0
      vertex -35.55 59.5 0
    endloop
  endfacet
  facet normal 0 0 -1
    outer loop
      vertex -39.975 62.0548 0
      vertex -31 65 0
      vertex -37.025 62.0548 0
    endloop
  endfacet
  facet normal -0 0 -1
    outer loop
      vertex -39.975 56.9452 0
      vertex -45 53 0
      vertex -41.45 59.5 0
    endloop
  endfacet
  facet normal 0 0 -1
    outer loop
      vertex -90 53 0
      vertex -41.45 59.5 0
      vertex -45 53 0
    endloop
  endfacet
  facet normal 0 0 -1
    outer loop
      vertex -93.55 59.5 0
      vertex -41.45 59.5 0
      vertex -90 53 0
    endloop
  endfacet
  facet normal 0 0 -1
    outer loop
      vertex -41.45 59.5 0
      vertex -93.55 59.5 0
      vertex -39.975 62.0548 0
    endloop
  endfacet
  facet normal 0 0 -1
    outer loop
      vertex -96.15 40 0
      vertex -90 17 0
      vertex -95.025 13.0548 0
    endloop
  endfacet
  facet normal 0 0 -1
    outer loop
      vertex -95.025 62.0548 0
      vertex -39.975 62.0548 0
      vertex -93.55 59.5 0
    endloop
  endfacet
  facet normal 0 0 -1
    outer loop
      vertex -106.15 74.6 0
      vertex -39.975 62.0548 0
      vertex -95.025 62.0548 0
    endloop
  endfacet
  facet normal 0 0 -1
    outer loop
      vertex -39.975 62.0548 0
      vertex -106.15 74.6 0
      vertex -31 65 0
    endloop
  endfacet
  facet normal 0 0 -1
    outer loop
      vertex -106.15 74.6 0
      vertex -95.025 62.0548 0
      vertex -97.975 62.0548 0
    endloop
  endfacet
  facet normal 0 0 -1
    outer loop
      vertex -100.15 40 0
      vertex -106.15 74.6 0
      vertex -100.15 46 0
    endloop
  endfacet
  facet normal 0 0 -1
    outer loop
      vertex -19 65 0
      vertex -106.15 74.6 0
      vertex 106.15 74.6 0
    endloop
  endfacet
  facet normal 0 0 -1
    outer loop
      vertex -99.45 59.5 0
      vertex -106.15 74.6 0
      vertex -97.975 62.0548 0
    endloop
  endfacet
  facet normal 0 0 -1
    outer loop
      vertex -100.15 46 0
      vertex -106.15 74.6 0
      vertex -99.45 59.5 0
    endloop
  endfacet
  facet normal 0 0 -1
    outer loop
      vertex -90 53 0
      vertex -95.025 56.9452 0
      vertex -93.55 59.5 0
    endloop
  endfacet
  facet normal 0 0 -1
    outer loop
      vertex -96.15 46 0
      vertex -97.975 56.9452 0
      vertex -95.025 56.9452 0
    endloop
  endfacet
  facet normal 0 0 -1
    outer loop
      vertex -100.15 46 0
      vertex -97.975 56.9452 0
      vertex -96.15 46 0
    endloop
  endfacet
  facet normal -0 0 -1
    outer loop
      vertex -97.975 56.9452 0
      vertex -100.15 46 0
      vertex -99.45 59.5 0
    endloop
  endfacet
  facet normal 0 1 0
    outer loop
      vertex -110.14 33.4 18.9586
      vertex -117.45 33.4 18
      vertex -120.85 33.4 18.9586
    endloop
  endfacet
  facet normal 0 1 0
    outer loop
      vertex -110.15 33.4 10
      vertex -110.14 33.4 18.9586
      vertex -110.14 33.4 10
    endloop
  endfacet
  facet normal 0 1 0
    outer loop
      vertex -110.14 33.4 18.9586
      vertex -110.15 33.4 10
      vertex -117.45 33.4 18
    endloop
  endfacet
  facet normal 0 1 0
    outer loop
      vertex -110.15 33.4 10
      vertex -117.45 33.4 8
      vertex -117.45 33.4 18
    endloop
  endfacet
  facet normal 0 1 0
    outer loop
      vertex -110.15 33.4 10
      vertex -112.05 33.4 0
      vertex -117.45 33.4 8
    endloop
  endfacet
  facet normal 0 1 0
    outer loop
      vertex -112.05 33.4 0
      vertex -110.15 33.4 10
      vertex -110.15 33.4 0
    endloop
  endfacet
  facet normal 0 1 -0
    outer loop
      vertex -118.05 33.4 18
      vertex -120.85 33.4 18.9586
      vertex -117.45 33.4 18
    endloop
  endfacet
  facet normal 0 1 0
    outer loop
      vertex -118.05 33.4 18
      vertex -120.85 33.4 8.8
      vertex -120.85 33.4 18.9586
    endloop
  endfacet
  facet normal 0 1 -0
    outer loop
      vertex -118.05 33.4 8
      vertex -120.85 33.4 8.8
      vertex -118.05 33.4 18
    endloop
  endfacet
  facet normal 0 1 0
    outer loop
      vertex -117.45 33.4 8
      vertex -112.05 33.4 0
      vertex -118.05 33.4 8
    endloop
  endfacet
  facet normal 0 1 0
    outer loop
      vertex -118.05 33.4 8
      vertex -112.05 33.4 0
      vertex -120.85 33.4 8.8
    endloop
  endfacet
  facet normal 1 0 0
    outer loop
      vertex -110.14 1.60001 18.9586
      vertex -110.14 33.4 18.9586
      vertex -110.14 20.4586 31.9
    endloop
  endfacet
  facet normal 1 0 0
    outer loop
      vertex -110.14 1.60001 18.9586
      vertex -110.14 20.4586 31.9
      vertex -110.14 14.5414 31.9
    endloop
  endfacet
  facet normal 1 0 0
    outer loop
      vertex -110.14 33.4 18.9586
      vertex -110.14 1.60001 18.9586
      vertex -110.14 33.4 10
    endloop
  endfacet
  facet normal 1 0 0
    outer loop
      vertex -110.14 33.4 10
      vertex -110.14 1.60001 18.9586
      vertex -110.14 1.60001 10
    endloop
  endfacet
  facet normal 0 0.707107 0.707107
    outer loop
      vertex -110.14 33.4 18.9586
      vertex -120.85 20.4586 31.9
      vertex -110.14 20.4586 31.9
    endloop
  endfacet
  facet normal 0 0.707107 0.707107
    outer loop
      vertex -120.85 20.4586 31.9
      vertex -110.14 33.4 18.9586
      vertex -120.85 33.4 18.9586
    endloop
  endfacet
  facet normal 0 -1 0
    outer loop
      vertex -117.45 1.60001 8
      vertex -110.15 1.60001 10
      vertex -117.45 1.60001 18
    endloop
  endfacet
  facet normal 0 -1 0
    outer loop
      vertex -112.05 1.60001 0
      vertex -110.15 1.60001 10
      vertex -117.45 1.60001 8
    endloop
  endfacet
  facet normal 0 -1 -0
    outer loop
      vertex -110.15 1.60001 10
      vertex -112.05 1.60001 0
      vertex -110.15 1.60001 0
    endloop
  endfacet
  facet normal 0 -1 0
    outer loop
      vertex -117.45 1.60001 18
      vertex -120.85 1.60001 18.9586
      vertex -118.05 1.60001 18
    endloop
  endfacet
  facet normal 0 -1 0
    outer loop
      vertex -120.85 1.60001 8.8
      vertex -118.05 1.60001 18
      vertex -120.85 1.60001 18.9586
    endloop
  endfacet
  facet normal 0 -1 0
    outer loop
      vertex -120.85 1.60001 8.8
      vertex -118.05 1.60001 8
      vertex -118.05 1.60001 18
    endloop
  endfacet
  facet normal 0 -1 0
    outer loop
      vertex -118.05 1.60001 8
      vertex -112.05 1.60001 0
      vertex -117.45 1.60001 8
    endloop
  endfacet
  facet normal 0 -1 0
    outer loop
      vertex -112.05 1.60001 0
      vertex -118.05 1.60001 8
      vertex -120.85 1.60001 8.8
    endloop
  endfacet
  facet normal 0 -1 0
    outer loop
      vertex -120.85 1.60001 18.9586
      vertex -117.45 1.60001 18
      vertex -110.14 1.60001 18.9586
    endloop
  endfacet
  facet normal 0 -1 0
    outer loop
      vertex -110.15 1.60001 10
      vertex -110.14 1.60001 18.9586
      vertex -117.45 1.60001 18
    endloop
  endfacet
  facet normal 0 -1 -0
    outer loop
      vertex -110.14 1.60001 18.9586
      vertex -110.15 1.60001 10
      vertex -110.14 1.60001 10
    endloop
  endfacet
  facet normal -0.707107 0 -0.707107
    outer loop
      vertex -112.05 1.60001 0
      vertex -120.85 33.4 8.8
      vertex -112.05 33.4 0
    endloop
  endfacet
  facet normal -0.707107 -0 -0.707107
    outer loop
      vertex -120.85 33.4 8.8
      vertex -112.05 1.60001 0
      vertex -120.85 1.60001 8.8
    endloop
  endfacet
  facet normal 0.966235 -0.257663 0
    outer loop
      vertex -117.49 1.45 18
      vertex -117.45 1.6 8
      vertex -117.45 1.6 18
    endloop
  endfacet
  facet normal 0.966235 -0.257663 0
    outer loop
      vertex -117.45 1.6 8
      vertex -117.49 1.45 18
      vertex -117.49 1.45 8
    endloop
  endfacet
  facet normal -1 0 0
    outer loop
      vertex -118.05 1.60001 8
      vertex -118.05 1.6 18
      vertex -118.05 1.60001 18
    endloop
  endfacet
  facet normal -1 0 0
    outer loop
      vertex -118.05 1.6 18
      vertex -118.05 1.60001 8
      vertex -118.05 1.6 8
    endloop
  endfacet
  facet normal -0.966235 -0.257663 0
    outer loop
      vertex -118.01 1.45 8
      vertex -118.05 1.6 18
      vertex -118.05 1.6 8
    endloop
  endfacet
  facet normal -0.966235 -0.257663 0
    outer loop
      vertex -118.05 1.6 18
      vertex -118.01 1.45 8
      vertex -118.01 1.45 18
    endloop
  endfacet
  facet normal -0.258805 -0.96593 0
    outer loop
      vertex -117.9 1.34019 8
      vertex -117.75 1.3 18
      vertex -117.9 1.34019 18
    endloop
  endfacet
  facet normal -0.258805 -0.96593 -0
    outer loop
      vertex -117.75 1.3 18
      vertex -117.9 1.34019 8
      vertex -117.75 1.3 8
    endloop
  endfacet
  facet normal 1 0 0
    outer loop
      vertex -117.45 1.6 8
      vertex -117.45 1.60001 18
      vertex -117.45 1.6 18
    endloop
  endfacet
  facet normal 1 0 0
    outer loop
      vertex -117.45 1.60001 18
      vertex -117.45 1.6 8
      vertex -117.45 1.60001 8
    endloop
  endfacet
  facet normal -0.706495 -0.707718 0
    outer loop
      vertex -117.9 1.34019 8
      vertex -118.01 1.45 18
      vertex -118.01 1.45 8
    endloop
  endfacet
  facet normal -0.706495 -0.707718 0
    outer loop
      vertex -118.01 1.45 18
      vertex -117.9 1.34019 8
      vertex -117.9 1.34019 18
    endloop
  endfacet
  facet normal 0 0 1
    outer loop
      vertex -117.45 1.60001 18
      vertex -117.49 1.45 18
      vertex -117.45 1.6 18
    endloop
  endfacet
  facet normal 0 0 1
    outer loop
      vertex -117.45 1.60001 18
      vertex -117.6 1.34019 18
      vertex -117.49 1.45 18
    endloop
  endfacet
  facet normal 0 0 1
    outer loop
      vertex -117.45 1.60001 18
      vertex -117.75 1.3 18
      vertex -117.6 1.34019 18
    endloop
  endfacet
  facet normal 0 0 1
    outer loop
      vertex -117.45 1.60001 18
      vertex -117.9 1.34019 18
      vertex -117.75 1.3 18
    endloop
  endfacet
  facet normal 0 0 1
    outer loop
      vertex -117.45 1.60001 18
      vertex -118.01 1.45 18
      vertex -117.9 1.34019 18
    endloop
  endfacet
  facet normal -0 0 1
    outer loop
      vertex -118.05 1.60001 18
      vertex -118.01 1.45 18
      vertex -117.45 1.60001 18
    endloop
  endfacet
  facet normal 0 0 1
    outer loop
      vertex -118.01 1.45 18
      vertex -118.05 1.60001 18
      vertex -118.05 1.6 18
    endloop
  endfacet
  facet normal 0 0 -1
    outer loop
      vertex -117.49 1.45 8
      vertex -117.45 1.60001 8
      vertex -117.45 1.6 8
    endloop
  endfacet
  facet normal 0 0 -1
    outer loop
      vertex -117.6 1.34019 8
      vertex -117.45 1.60001 8
      vertex -117.49 1.45 8
    endloop
  endfacet
  facet normal 0 0 -1
    outer loop
      vertex -117.75 1.3 8
      vertex -117.45 1.60001 8
      vertex -117.6 1.34019 8
    endloop
  endfacet
  facet normal 0 0 -1
    outer loop
      vertex -117.9 1.34019 8
      vertex -117.45 1.60001 8
      vertex -117.75 1.3 8
    endloop
  endfacet
  facet normal 0 0 -1
    outer loop
      vertex -118.01 1.45 8
      vertex -117.45 1.60001 8
      vertex -117.9 1.34019 8
    endloop
  endfacet
  facet normal 0 0 -1
    outer loop
      vertex -118.01 1.45 8
      vertex -118.05 1.60001 8
      vertex -117.45 1.60001 8
    endloop
  endfacet
  facet normal 0 0 -1
    outer loop
      vertex -118.05 1.60001 8
      vertex -118.01 1.45 8
      vertex -118.05 1.6 8
    endloop
  endfacet
  facet normal 0.706495 -0.707718 0
    outer loop
      vertex -117.6 1.34019 8
      vertex -117.49 1.45 18
      vertex -117.6 1.34019 18
    endloop
  endfacet
  facet normal 0.706495 -0.707718 0
    outer loop
      vertex -117.49 1.45 18
      vertex -117.6 1.34019 8
      vertex -117.49 1.45 8
    endloop
  endfacet
  facet normal 0.258805 -0.96593 0
    outer loop
      vertex -117.75 1.3 8
      vertex -117.6 1.34019 18
      vertex -117.75 1.3 18
    endloop
  endfacet
  facet normal 0.258805 -0.96593 0
    outer loop
      vertex -117.6 1.34019 18
      vertex -117.75 1.3 8
      vertex -117.6 1.34019 8
    endloop
  endfacet
  facet normal -0.706463 0.70775 0
    outer loop
      vertex -118.01 33.55 8
      vertex -117.9 33.6598 18
      vertex -117.9 33.6598 8
    endloop
  endfacet
  facet normal -0.706463 0.70775 0
    outer loop
      vertex -117.9 33.6598 18
      vertex -118.01 33.55 8
      vertex -118.01 33.55 18
    endloop
  endfacet
  facet normal -0.966235 0.257663 0
    outer loop
      vertex -118.05 33.4 8
      vertex -118.01 33.55 18
      vertex -118.01 33.55 8
    endloop
  endfacet
  facet normal -0.966235 0.257663 0
    outer loop
      vertex -118.01 33.55 18
      vertex -118.05 33.4 8
      vertex -118.05 33.4 18
    endloop
  endfacet
  facet normal -0.258865 0.965914 0
    outer loop
      vertex -117.75 33.7 8
      vertex -117.9 33.6598 18
      vertex -117.75 33.7 18
    endloop
  endfacet
  facet normal -0.258865 0.965914 0
    outer loop
      vertex -117.9 33.6598 18
      vertex -117.75 33.7 8
      vertex -117.9 33.6598 8
    endloop
  endfacet
  facet normal 0.706463 0.70775 -0
    outer loop
      vertex -117.49 33.55 8
      vertex -117.6 33.6598 18
      vertex -117.49 33.55 18
    endloop
  endfacet
  facet normal 0.706463 0.70775 0
    outer loop
      vertex -117.6 33.6598 18
      vertex -117.49 33.55 8
      vertex -117.6 33.6598 8
    endloop
  endfacet
  facet normal 0.258865 0.965914 -0
    outer loop
      vertex -117.6 33.6598 8
      vertex -117.75 33.7 18
      vertex -117.6 33.6598 18
    endloop
  endfacet
  facet normal 0.258865 0.965914 0
    outer loop
      vertex -117.75 33.7 18
      vertex -117.6 33.6598 8
      vertex -117.75 33.7 8
    endloop
  endfacet
  facet normal 0.966235 0.257663 0
    outer loop
      vertex -117.45 33.4 18
      vertex -117.49 33.55 8
      vertex -117.49 33.55 18
    endloop
  endfacet
  facet normal 0.966235 0.257663 0
    outer loop
      vertex -117.49 33.55 8
      vertex -117.45 33.4 18
      vertex -117.45 33.4 8
    endloop
  endfacet
  facet normal 0 0 1
    outer loop
      vertex -117.6 33.6598 18
      vertex -117.45 33.4 18
      vertex -117.49 33.55 18
    endloop
  endfacet
  facet normal 0 0 1
    outer loop
      vertex -117.75 33.7 18
      vertex -117.45 33.4 18
      vertex -117.6 33.6598 18
    endloop
  endfacet
  facet normal -0 0 1
    outer loop
      vertex -117.9 33.6598 18
      vertex -117.45 33.4 18
      vertex -117.75 33.7 18
    endloop
  endfacet
  facet normal -0 0 1
    outer loop
      vertex -118.01 33.55 18
      vertex -117.45 33.4 18
      vertex -117.9 33.6598 18
    endloop
  endfacet
  facet normal 0 0 1
    outer loop
      vertex -118.01 33.55 18
      vertex -118.05 33.4 18
      vertex -117.45 33.4 18
    endloop
  endfacet
  facet normal 0 0 -1
    outer loop
      vertex -117.45 33.4 8
      vertex -117.6 33.6598 8
      vertex -117.49 33.55 8
    endloop
  endfacet
  facet normal 0 0 -1
    outer loop
      vertex -117.45 33.4 8
      vertex -117.75 33.7 8
      vertex -117.6 33.6598 8
    endloop
  endfacet
  facet normal 0 0 -1
    outer loop
      vertex -117.45 33.4 8
      vertex -117.9 33.6598 8
      vertex -117.75 33.7 8
    endloop
  endfacet
  facet normal 0 0 -1
    outer loop
      vertex -117.45 33.4 8
      vertex -118.01 33.55 8
      vertex -117.9 33.6598 8
    endloop
  endfacet
  facet normal 0 0 -1
    outer loop
      vertex -118.05 33.4 8
      vertex -118.01 33.55 8
      vertex -117.45 33.4 8
    endloop
  endfacet
  facet normal 0 -0.707107 0.707107
    outer loop
      vertex -120.85 40.7 18.9586
      vertex -110.14 53.6414 31.9
      vertex -120.85 53.6414 31.9
    endloop
  endfacet
  facet normal 0 -0.707107 0.707107
    outer loop
      vertex -110.14 53.6414 31.9
      vertex -120.85 40.7 18.9586
      vertex -110.14 40.7 18.9586
    endloop
  endfacet
  facet normal -1 0 0
    outer loop
      vertex -120.85 40.7 18.9586
      vertex -120.85 72.5 18.9586
      vertex -120.85 72.5 8.8
    endloop
  endfacet
  facet normal -1 0 0
    outer loop
      vertex -120.85 72.5 18.9586
      vertex -120.85 40.7 18.9586
      vertex -120.85 59.5586 31.9
    endloop
  endfacet
  facet normal -1 0 0
    outer loop
      vertex -120.85 40.7 18.9586
      vertex -120.85 72.5 8.8
      vertex -120.85 40.7 8.8
    endloop
  endfacet
  facet normal -1 -0 0
    outer loop
      vertex -120.85 59.5586 31.9
      vertex -120.85 40.7 18.9586
      vertex -120.85 53.6414 31.9
    endloop
  endfacet
  facet normal -0 0 1
    outer loop
      vertex -120.85 59.5586 31.9
      vertex -110.14 53.6414 31.9
      vertex -110.14 59.5586 31.9
    endloop
  endfacet
  facet normal 0 0 1
    outer loop
      vertex -110.14 53.6414 31.9
      vertex -120.85 59.5586 31.9
      vertex -120.85 53.6414 31.9
    endloop
  endfacet
  facet normal 0 1 0
    outer loop
      vertex -110.14 72.5 18.9586
      vertex -117.45 72.5 18
      vertex -120.85 72.5 18.9586
    endloop
  endfacet
  facet normal 0 1 0
    outer loop
      vertex -110.15 72.5 10
      vertex -110.14 72.5 18.9586
      vertex -110.14 72.5 10
    endloop
  endfacet
  facet normal 0 1 0
    outer loop
      vertex -110.14 72.5 18.9586
      vertex -110.15 72.5 10
      vertex -117.45 72.5 18
    endloop
  endfacet
  facet normal 0 1 0
    outer loop
      vertex -110.15 72.5 10
      vertex -117.45 72.5 8
      vertex -117.45 72.5 18
    endloop
  endfacet
  facet normal 0 1 0
    outer loop
      vertex -110.15 72.5 10
      vertex -112.05 72.5 0
      vertex -117.45 72.5 8
    endloop
  endfacet
  facet normal 0 1 0
    outer loop
      vertex -112.05 72.5 0
      vertex -110.15 72.5 10
      vertex -110.15 72.5 0
    endloop
  endfacet
  facet normal 0 1 -0
    outer loop
      vertex -118.05 72.5 18
      vertex -120.85 72.5 18.9586
      vertex -117.45 72.5 18
    endloop
  endfacet
  facet normal 0 1 0
    outer loop
      vertex -118.05 72.5 18
      vertex -120.85 72.5 8.8
      vertex -120.85 72.5 18.9586
    endloop
  endfacet
  facet normal 0 1 -0
    outer loop
      vertex -118.05 72.5 8
      vertex -120.85 72.5 8.8
      vertex -118.05 72.5 18
    endloop
  endfacet
  facet normal 0 1 0
    outer loop
      vertex -117.45 72.5 8
      vertex -112.05 72.5 0
      vertex -118.05 72.5 8
    endloop
  endfacet
  facet normal 0 1 0
    outer loop
      vertex -118.05 72.5 8
      vertex -112.05 72.5 0
      vertex -120.85 72.5 8.8
    endloop
  endfacet
  facet normal 1 0 0
    outer loop
      vertex -110.14 40.7 18.9586
      vertex -110.14 72.5 18.9586
      vertex -110.14 59.5586 31.9
    endloop
  endfacet
  facet normal 1 0 0
    outer loop
      vertex -110.14 40.7 18.9586
      vertex -110.14 59.5586 31.9
      vertex -110.14 53.6414 31.9
    endloop
  endfacet
  facet normal 1 0 0
    outer loop
      vertex -110.14 72.5 18.9586
      vertex -110.14 40.7 18.9586
      vertex -110.14 72.5 10
    endloop
  endfacet
  facet normal 1 0 0
    outer loop
      vertex -110.14 72.5 10
      vertex -110.14 40.7 18.9586
      vertex -110.14 40.7 10
    endloop
  endfacet
  facet normal 0 0.707107 0.707107
    outer loop
      vertex -110.14 72.5 18.9586
      vertex -120.85 59.5586 31.9
      vertex -110.14 59.5586 31.9
    endloop
  endfacet
  facet normal 0 0.707107 0.707107
    outer loop
      vertex -120.85 59.5586 31.9
      vertex -110.14 72.5 18.9586
      vertex -120.85 72.5 18.9586
    endloop
  endfacet
  facet normal 0 -1 0
    outer loop
      vertex -117.45 40.7 8
      vertex -110.15 40.7 10
      vertex -117.45 40.7 18
    endloop
  endfacet
  facet normal 0 -1 0
    outer loop
      vertex -112.05 40.7 0
      vertex -110.15 40.7 10
      vertex -117.45 40.7 8
    endloop
  endfacet
  facet normal 0 -1 -0
    outer loop
      vertex -110.15 40.7 10
      vertex -112.05 40.7 0
      vertex -110.15 40.7 0
    endloop
  endfacet
  facet normal 0 -1 0
    outer loop
      vertex -117.45 40.7 18
      vertex -120.85 40.7 18.9586
      vertex -118.05 40.7 18
    endloop
  endfacet
  facet normal 0 -1 0
    outer loop
      vertex -120.85 40.7 8.8
      vertex -118.05 40.7 18
      vertex -120.85 40.7 18.9586
    endloop
  endfacet
  facet normal 0 -1 0
    outer loop
      vertex -120.85 40.7 8.8
      vertex -118.05 40.7 8
      vertex -118.05 40.7 18
    endloop
  endfacet
  facet normal 0 -1 0
    outer loop
      vertex -118.05 40.7 8
      vertex -112.05 40.7 0
      vertex -117.45 40.7 8
    endloop
  endfacet
  facet normal 0 -1 0
    outer loop
      vertex -112.05 40.7 0
      vertex -118.05 40.7 8
      vertex -120.85 40.7 8.8
    endloop
  endfacet
  facet normal 0 -1 0
    outer loop
      vertex -120.85 40.7 18.9586
      vertex -117.45 40.7 18
      vertex -110.14 40.7 18.9586
    endloop
  endfacet
  facet normal 0 -1 0
    outer loop
      vertex -110.15 40.7 10
      vertex -110.14 40.7 18.9586
      vertex -117.45 40.7 18
    endloop
  endfacet
  facet normal 0 -1 -0
    outer loop
      vertex -110.14 40.7 18.9586
      vertex -110.15 40.7 10
      vertex -110.14 40.7 10
    endloop
  endfacet
  facet normal -0.707107 0 -0.707107
    outer loop
      vertex -112.05 40.7 0
      vertex -120.85 72.5 8.8
      vertex -112.05 72.5 0
    endloop
  endfacet
  facet normal -0.707107 -0 -0.707107
    outer loop
      vertex -120.85 72.5 8.8
      vertex -112.05 40.7 0
      vertex -120.85 40.7 8.8
    endloop
  endfacet
  facet normal 0.966235 -0.257663 0
    outer loop
      vertex -117.49 40.55 18
      vertex -117.45 40.7 8
      vertex -117.45 40.7 18
    endloop
  endfacet
  facet normal 0.966235 -0.257663 0
    outer loop
      vertex -117.45 40.7 8
      vertex -117.49 40.55 18
      vertex -117.49 40.55 8
    endloop
  endfacet
  facet normal -0.966235 -0.257663 0
    outer loop
      vertex -118.01 40.55 8
      vertex -118.05 40.7 18
      vertex -118.05 40.7 8
    endloop
  endfacet
  facet normal -0.966235 -0.257663 0
    outer loop
      vertex -118.05 40.7 18
      vertex -118.01 40.55 8
      vertex -118.01 40.55 18
    endloop
  endfacet
  facet normal -0.258865 -0.965914 0
    outer loop
      vertex -117.9 40.4402 8
      vertex -117.75 40.4 18
      vertex -117.9 40.4402 18
    endloop
  endfacet
  facet normal -0.258865 -0.965914 -0
    outer loop
      vertex -117.75 40.4 18
      vertex -117.9 40.4402 8
      vertex -117.75 40.4 8
    endloop
  endfacet
  facet normal -0.706463 -0.70775 0
    outer loop
      vertex -117.9 40.4402 8
      vertex -118.01 40.55 18
      vertex -118.01 40.55 8
    endloop
  endfacet
  facet normal -0.706463 -0.70775 0
    outer loop
      vertex -118.01 40.55 18
      vertex -117.9 40.4402 8
      vertex -117.9 40.4402 18
    endloop
  endfacet
  facet normal 0 0 1
    outer loop
      vertex -117.45 40.7 18
      vertex -117.6 40.4402 18
      vertex -117.49 40.55 18
    endloop
  endfacet
  facet normal 0 0 1
    outer loop
      vertex -117.45 40.7 18
      vertex -117.75 40.4 18
      vertex -117.6 40.4402 18
    endloop
  endfacet
  facet normal 0 0 1
    outer loop
      vertex -117.45 40.7 18
      vertex -117.9 40.4402 18
      vertex -117.75 40.4 18
    endloop
  endfacet
  facet normal 0 0 1
    outer loop
      vertex -117.45 40.7 18
      vertex -118.01 40.55 18
      vertex -117.9 40.4402 18
    endloop
  endfacet
  facet normal -0 0 1
    outer loop
      vertex -118.05 40.7 18
      vertex -118.01 40.55 18
      vertex -117.45 40.7 18
    endloop
  endfacet
  facet normal 0 0 -1
    outer loop
      vertex -117.6 40.4402 8
      vertex -117.45 40.7 8
      vertex -117.49 40.55 8
    endloop
  endfacet
  facet normal 0 0 -1
    outer loop
      vertex -117.75 40.4 8
      vertex -117.45 40.7 8
      vertex -117.6 40.4402 8
    endloop
  endfacet
  facet normal 0 0 -1
    outer loop
      vertex -117.9 40.4402 8
      vertex -117.45 40.7 8
      vertex -117.75 40.4 8
    endloop
  endfacet
  facet normal 0 0 -1
    outer loop
      vertex -118.01 40.55 8
      vertex -117.45 40.7 8
      vertex -117.9 40.4402 8
    endloop
  endfacet
  facet normal 0 0 -1
    outer loop
      vertex -118.01 40.55 8
      vertex -118.05 40.7 8
      vertex -117.45 40.7 8
    endloop
  endfacet
  facet normal 0.706463 -0.70775 0
    outer loop
      vertex -117.6 40.4402 8
      vertex -117.49 40.55 18
      vertex -117.6 40.4402 18
    endloop
  endfacet
  facet normal 0.706463 -0.70775 0
    outer loop
      vertex -117.49 40.55 18
      vertex -117.6 40.4402 8
      vertex -117.49 40.55 8
    endloop
  endfacet
  facet normal 0.258865 -0.965914 0
    outer loop
      vertex -117.75 40.4 8
      vertex -117.6 40.4402 18
      vertex -117.75 40.4 18
    endloop
  endfacet
  facet normal 0.258865 -0.965914 0
    outer loop
      vertex -117.6 40.4402 18
      vertex -117.75 40.4 8
      vertex -117.6 40.4402 8
    endloop
  endfacet
  facet normal -0.706463 0.70775 0
    outer loop
      vertex -118.01 72.65 8
      vertex -117.9 72.7598 18
      vertex -117.9 72.7598 8
    endloop
  endfacet
  facet normal -0.706463 0.70775 0
    outer loop
      vertex -117.9 72.7598 18
      vertex -118.01 72.65 8
      vertex -118.01 72.65 18
    endloop
  endfacet
  facet normal -0.966235 0.257663 0
    outer loop
      vertex -118.05 72.5 8
      vertex -118.01 72.65 18
      vertex -118.01 72.65 8
    endloop
  endfacet
  facet normal -0.966235 0.257663 0
    outer loop
      vertex -118.01 72.65 18
      vertex -118.05 72.5 8
      vertex -118.05 72.5 18
    endloop
  endfacet
  facet normal -0.258865 0.965914 0
    outer loop
      vertex -117.75 72.8 8
      vertex -117.9 72.7598 18
      vertex -117.75 72.8 18
    endloop
  endfacet
  facet normal -0.258865 0.965914 0
    outer loop
      vertex -117.9 72.7598 18
      vertex -117.75 72.8 8
      vertex -117.9 72.7598 8
    endloop
  endfacet
  facet normal 0.706463 0.70775 -0
    outer loop
      vertex -117.49 72.65 8
      vertex -117.6 72.7598 18
      vertex -117.49 72.65 18
    endloop
  endfacet
  facet normal 0.706463 0.70775 0
    outer loop
      vertex -117.6 72.7598 18
      vertex -117.49 72.65 8
      vertex -117.6 72.7598 8
    endloop
  endfacet
  facet normal 0.258865 0.965914 -0
    outer loop
      vertex -117.6 72.7598 8
      vertex -117.75 72.8 18
      vertex -117.6 72.7598 18
    endloop
  endfacet
  facet normal 0.258865 0.965914 0
    outer loop
      vertex -117.75 72.8 18
      vertex -117.6 72.7598 8
      vertex -117.75 72.8 8
    endloop
  endfacet
  facet normal 0.966235 0.257663 0
    outer loop
      vertex -117.45 72.5 18
      vertex -117.49 72.65 8
      vertex -117.49 72.65 18
    endloop
  endfacet
  facet normal 0.966235 0.257663 0
    outer loop
      vertex -117.49 72.65 8
      vertex -117.45 72.5 18
      vertex -117.45 72.5 8
    endloop
  endfacet
  facet normal 0 0 1
    outer loop
      vertex -117.6 72.7598 18
      vertex -117.45 72.5 18
      vertex -117.49 72.65 18
    endloop
  endfacet
  facet normal 0 0 1
    outer loop
      vertex -117.75 72.8 18
      vertex -117.45 72.5 18
      vertex -117.6 72.7598 18
    endloop
  endfacet
  facet normal -0 0 1
    outer loop
      vertex -117.9 72.7598 18
      vertex -117.45 72.5 18
      vertex -117.75 72.8 18
    endloop
  endfacet
  facet normal -0 0 1
    outer loop
      vertex -118.01 72.65 18
      vertex -117.45 72.5 18
      vertex -117.9 72.7598 18
    endloop
  endfacet
  facet normal 0 0 1
    outer loop
      vertex -118.01 72.65 18
      vertex -118.05 72.5 18
      vertex -117.45 72.5 18
    endloop
  endfacet
  facet normal 0 0 -1
    outer loop
      vertex -117.45 72.5 8
      vertex -117.6 72.7598 8
      vertex -117.49 72.65 8
    endloop
  endfacet
  facet normal 0 0 -1
    outer loop
      vertex -117.45 72.5 8
      vertex -117.75 72.8 8
      vertex -117.6 72.7598 8
    endloop
  endfacet
  facet normal 0 0 -1
    outer loop
      vertex -117.45 72.5 8
      vertex -117.9 72.7598 8
      vertex -117.75 72.8 8
    endloop
  endfacet
  facet normal 0 0 -1
    outer loop
      vertex -117.45 72.5 8
      vertex -118.01 72.65 8
      vertex -117.9 72.7598 8
    endloop
  endfacet
  facet normal 0 0 -1
    outer loop
      vertex -118.05 72.5 8
      vertex -118.01 72.65 8
      vertex -117.45 72.5 8
    endloop
  endfacet
  facet normal 1 -0 0
    outer loop
      vertex -106.15 0 10
      vertex -106.15 75 3
      vertex -106.15 75 10
    endloop
  endfacet
  facet normal 1 0 0
    outer loop
      vertex -106.15 75 3
      vertex -106.15 0 10
      vertex -106.15 0 3
    endloop
  endfacet
  facet normal 1 0 0
    outer loop
      vertex -106.15 75 0.4
      vertex -106.15 74.6 0
      vertex -106.15 75 0
    endloop
  endfacet
  facet normal 1 0 0
    outer loop
      vertex -106.15 0 0.4
      vertex -106.15 0 0
      vertex -106.15 0.4 0
    endloop
  endfacet
  facet normal -0 0 1
    outer loop
      vertex -110.15 40.7 10
      vertex -110.14 33.4 10
      vertex -110.14 40.7 10
    endloop
  endfacet
  facet normal 0 0 1
    outer loop
      vertex -110.14 33.4 10
      vertex -110.15 40.7 10
      vertex -110.15 33.4 10
    endloop
  endfacet
  facet normal 0 0 1
    outer loop
      vertex -110.14 40.7 10
      vertex -106.15 75 10
      vertex -110.14 72.5 10
    endloop
  endfacet
  facet normal -0 0 1
    outer loop
      vertex -110.15 75 10
      vertex -110.14 72.5 10
      vertex -106.15 75 10
    endloop
  endfacet
  facet normal 0 0 1
    outer loop
      vertex -110.14 72.5 10
      vertex -110.15 75 10
      vertex -110.15 72.5 10
    endloop
  endfacet
  facet normal 0 0 1
    outer loop
      vertex -106.15 75 10
      vertex -110.14 40.7 10
      vertex -106.15 0 10
    endloop
  endfacet
  facet normal -0 0 1
    outer loop
      vertex -110.14 33.4 10
      vertex -106.15 0 10
      vertex -110.14 40.7 10
    endloop
  endfacet
  facet normal -0 0 1
    outer loop
      vertex -110.14 1.60001 10
      vertex -106.15 0 10
      vertex -110.14 33.4 10
    endloop
  endfacet
  facet normal 0 0 1
    outer loop
      vertex -110.15 0 10
      vertex -110.14 1.60001 10
      vertex -110.15 1.60001 10
    endloop
  endfacet
  facet normal 0 0 1
    outer loop
      vertex -110.14 1.60001 10
      vertex -110.15 0 10
      vertex -106.15 0 10
    endloop
  endfacet
  facet normal -1 0 0
    outer loop
      vertex -110.15 72.5 0
      vertex -110.15 75 10
      vertex -110.15 75 0
    endloop
  endfacet
  facet normal -1 -0 0
    outer loop
      vertex -110.15 75 10
      vertex -110.15 72.5 0
      vertex -110.15 72.5 10
    endloop
  endfacet
  facet normal -1 0 0
    outer loop
      vertex -110.15 0 0
      vertex -110.15 1.60001 10
      vertex -110.15 1.60001 0
    endloop
  endfacet
  facet normal -1 -0 0
    outer loop
      vertex -110.15 1.60001 10
      vertex -110.15 0 0
      vertex -110.15 0 10
    endloop
  endfacet
  facet normal -1 0 0
    outer loop
      vertex -110.15 33.4 0
      vertex -110.15 40.7 10
      vertex -110.15 40.7 0
    endloop
  endfacet
  facet normal -1 -0 0
    outer loop
      vertex -110.15 40.7 10
      vertex -110.15 33.4 0
      vertex -110.15 33.4 10
    endloop
  endfacet
  facet normal 0 1 0
    outer loop
      vertex 110.15 75 10
      vertex 106.15 75 3
      vertex 106.15 75 10
    endloop
  endfacet
  facet normal 0 1 0
    outer loop
      vertex 106.15 75 3
      vertex 106.15 75 0.4
      vertex -106.15 75 3
    endloop
  endfacet
  facet normal 0 1 -0
    outer loop
      vertex 110.15 75 0
      vertex 106.15 75 3
      vertex 110.15 75 10
    endloop
  endfacet
  facet normal 0 1 0
    outer loop
      vertex 106.15 75 3
      vertex 110.15 75 0
      vertex 106.15 75 0.4
    endloop
  endfacet
  facet normal 0 1 0
    outer loop
      vertex 106.15 75 0.4
      vertex 110.15 75 0
      vertex 106.15 75 0
    endloop
  endfacet
  facet normal 0 1 -0
    outer loop
      vertex -106.15 75 3
      vertex -110.15 75 10
      vertex -106.15 75 10
    endloop
  endfacet
  facet normal 0 1 0
    outer loop
      vertex -106.15 75 0.4
      vertex -106.15 75 3
      vertex 106.15 75 0.4
    endloop
  endfacet
  facet normal 0 1 0
    outer loop
      vertex -110.15 75 0
      vertex -106.15 75 3
      vertex -106.15 75 0.4
    endloop
  endfacet
  facet normal 0 1 0
    outer loop
      vertex -110.15 75 0
      vertex -106.15 75 0.4
      vertex -106.15 75 0
    endloop
  endfacet
  facet normal 0 1 0
    outer loop
      vertex -106.15 75 3
      vertex -110.15 75 0
      vertex -110.15 75 10
    endloop
  endfacet
  facet normal 0 -1 0
    outer loop
      vertex -110.15 0 10
      vertex -106.15 0 3
      vertex -106.15 0 10
    endloop
  endfacet
  facet normal 0 -1 0
    outer loop
      vertex -106.15 0 3
      vertex -106.15 0 0.4
      vertex 106.15 0 3
    endloop
  endfacet
  facet normal 0 -1 0
    outer loop
      vertex -110.15 0 0
      vertex -106.15 0 3
      vertex -110.15 0 10
    endloop
  endfacet
  facet normal 0 -1 -0
    outer loop
      vertex -106.15 0 3
      vertex -110.15 0 0
      vertex -106.15 0 0.4
    endloop
  endfacet
  facet normal 0 -1 -0
    outer loop
      vertex -106.15 0 0.4
      vertex -110.15 0 0
      vertex -106.15 0 0
    endloop
  endfacet
  facet normal 0 -1 0
    outer loop
      vertex 106.15 0 3
      vertex 110.15 0 10
      vertex 106.15 0 10
    endloop
  endfacet
  facet normal 0 -1 0
    outer loop
      vertex 106.15 0 0.4
      vertex 106.15 0 3
      vertex -106.15 0 0.4
    endloop
  endfacet
  facet normal 0 -1 0
    outer loop
      vertex 110.15 0 0
      vertex 106.15 0 3
      vertex 106.15 0 0.4
    endloop
  endfacet
  facet normal 0 -1 0
    outer loop
      vertex 110.15 0 0
      vertex 106.15 0 0.4
      vertex 106.15 0 0
    endloop
  endfacet
  facet normal 0 -1 0
    outer loop
      vertex 106.15 0 3
      vertex 110.15 0 0
      vertex 110.15 0 10
    endloop
  endfacet
  facet normal 0 -0.707107 0.707107
    outer loop
      vertex 110.14 1.60001 18.9586
      vertex 120.85 14.5414 31.9
      vertex 110.14 14.5414 31.9
    endloop
  endfacet
  facet normal 0 -0.707107 0.707107
    outer loop
      vertex 120.85 14.5414 31.9
      vertex 110.14 1.60001 18.9586
      vertex 120.85 1.60001 18.9586
    endloop
  endfacet
  facet normal 1 0 0
    outer loop
      vertex 120.85 1.60001 18.9586
      vertex 120.85 33.4 18.9586
      vertex 120.85 20.4586 31.9
    endloop
  endfacet
  facet normal 1 0 0
    outer loop
      vertex 120.85 1.60001 18.9586
      vertex 120.85 20.4586 31.9
      vertex 120.85 14.5414 31.9
    endloop
  endfacet
  facet normal 1 0 0
    outer loop
      vertex 120.85 33.4 18.9586
      vertex 120.85 1.60001 18.9586
      vertex 120.85 33.4 8.8
    endloop
  endfacet
  facet normal 1 0 0
    outer loop
      vertex 120.85 33.4 8.8
      vertex 120.85 1.60001 18.9586
      vertex 120.85 1.60001 8.8
    endloop
  endfacet
  facet normal -0 0 1
    outer loop
      vertex 110.14 20.4586 31.9
      vertex 120.85 14.5414 31.9
      vertex 120.85 20.4586 31.9
    endloop
  endfacet
  facet normal 0 0 1
    outer loop
      vertex 120.85 14.5414 31.9
      vertex 110.14 20.4586 31.9
      vertex 110.14 14.5414 31.9
    endloop
  endfacet
  facet normal 0 1 -0
    outer loop
      vertex 117.45 33.4 8
      vertex 110.15 33.4 10
      vertex 117.45 33.4 18
    endloop
  endfacet
  facet normal 0 1 -0
    outer loop
      vertex 112.05 33.4 0
      vertex 110.15 33.4 10
      vertex 117.45 33.4 8
    endloop
  endfacet
  facet normal 0 1 0
    outer loop
      vertex 110.15 33.4 10
      vertex 112.05 33.4 0
      vertex 110.15 33.4 0
    endloop
  endfacet
  facet normal 0 1 0
    outer loop
      vertex 117.45 33.4 18
      vertex 120.85 33.4 18.9586
      vertex 118.05 33.4 18
    endloop
  endfacet
  facet normal 0 1 -0
    outer loop
      vertex 120.85 33.4 8.8
      vertex 118.05 33.4 18
      vertex 120.85 33.4 18.9586
    endloop
  endfacet
  facet normal 0 1 0
    outer loop
      vertex 120.85 33.4 8.8
      vertex 118.05 33.4 8
      vertex 118.05 33.4 18
    endloop
  endfacet
  facet normal 0 1 0
    outer loop
      vertex 118.05 33.4 8
      vertex 112.05 33.4 0
      vertex 117.45 33.4 8
    endloop
  endfacet
  facet normal 0 1 0
    outer loop
      vertex 112.05 33.4 0
      vertex 118.05 33.4 8
      vertex 120.85 33.4 8.8
    endloop
  endfacet
  facet normal 0 1 0
    outer loop
      vertex 120.85 33.4 18.9586
      vertex 117.45 33.4 18
      vertex 110.14 33.4 18.9586
    endloop
  endfacet
  facet normal 0 1 -0
    outer loop
      vertex 110.15 33.4 10
      vertex 110.14 33.4 18.9586
      vertex 117.45 33.4 18
    endloop
  endfacet
  facet normal 0 1 0
    outer loop
      vertex 110.14 33.4 18.9586
      vertex 110.15 33.4 10
      vertex 110.14 33.4 10
    endloop
  endfacet
  facet normal -1 0 0
    outer loop
      vertex 110.14 1.60001 18.9586
      vertex 110.14 33.4 18.9586
      vertex 110.14 33.4 10
    endloop
  endfacet
  facet normal -1 0 0
    outer loop
      vertex 110.14 33.4 18.9586
      vertex 110.14 1.60001 18.9586
      vertex 110.14 20.4586 31.9
    endloop
  endfacet
  facet normal -1 0 0
    outer loop
      vertex 110.14 1.60001 18.9586
      vertex 110.14 33.4 10
      vertex 110.14 1.60001 10
    endloop
  endfacet
  facet normal -1 -0 0
    outer loop
      vertex 110.14 20.4586 31.9
      vertex 110.14 1.60001 18.9586
      vertex 110.14 14.5414 31.9
    endloop
  endfacet
  facet normal 0 0.707107 0.707107
    outer loop
      vertex 120.85 33.4 18.9586
      vertex 110.14 20.4586 31.9
      vertex 120.85 20.4586 31.9
    endloop
  endfacet
  facet normal 0 0.707107 0.707107
    outer loop
      vertex 110.14 20.4586 31.9
      vertex 120.85 33.4 18.9586
      vertex 110.14 33.4 18.9586
    endloop
  endfacet
  facet normal 0 -1 0
    outer loop
      vertex 110.14 1.60001 18.9586
      vertex 117.45 1.60001 18
      vertex 120.85 1.60001 18.9586
    endloop
  endfacet
  facet normal 0 -1 0
    outer loop
      vertex 110.15 1.60001 10
      vertex 110.14 1.60001 18.9586
      vertex 110.14 1.60001 10
    endloop
  endfacet
  facet normal 0 -1 0
    outer loop
      vertex 110.14 1.60001 18.9586
      vertex 110.15 1.60001 10
      vertex 117.45 1.60001 18
    endloop
  endfacet
  facet normal 0 -1 0
    outer loop
      vertex 110.15 1.60001 10
      vertex 117.45 1.60001 8
      vertex 117.45 1.60001 18
    endloop
  endfacet
  facet normal 0 -1 0
    outer loop
      vertex 110.15 1.60001 10
      vertex 112.05 1.60001 0
      vertex 117.45 1.60001 8
    endloop
  endfacet
  facet normal 0 -1 0
    outer loop
      vertex 112.05 1.60001 0
      vertex 110.15 1.60001 10
      vertex 110.15 1.60001 0
    endloop
  endfacet
  facet normal 0 -1 0
    outer loop
      vertex 118.05 1.60001 18
      vertex 120.85 1.60001 18.9586
      vertex 117.45 1.60001 18
    endloop
  endfacet
  facet normal 0 -1 0
    outer loop
      vertex 118.05 1.60001 18
      vertex 120.85 1.60001 8.8
      vertex 120.85 1.60001 18.9586
    endloop
  endfacet
  facet normal 0 -1 0
    outer loop
      vertex 118.05 1.60001 8
      vertex 120.85 1.60001 8.8
      vertex 118.05 1.60001 18
    endloop
  endfacet
  facet normal 0 -1 -0
    outer loop
      vertex 117.45 1.60001 8
      vertex 112.05 1.60001 0
      vertex 118.05 1.60001 8
    endloop
  endfacet
  facet normal 0 -1 -0
    outer loop
      vertex 118.05 1.60001 8
      vertex 112.05 1.60001 0
      vertex 120.85 1.60001 8.8
    endloop
  endfacet
  facet normal 0.707107 0 -0.707107
    outer loop
      vertex 120.85 1.60001 8.8
      vertex 112.05 33.4 0
      vertex 120.85 33.4 8.8
    endloop
  endfacet
  facet normal 0.707107 0 -0.707107
    outer loop
      vertex 112.05 33.4 0
      vertex 120.85 1.60001 8.8
      vertex 112.05 1.60001 0
    endloop
  endfacet
  facet normal -0.966235 -0.257663 0
    outer loop
      vertex 117.49 1.45 8
      vertex 117.45 1.6 18
      vertex 117.45 1.6 8
    endloop
  endfacet
  facet normal -0.966235 -0.257663 0
    outer loop
      vertex 117.45 1.6 18
      vertex 117.49 1.45 8
      vertex 117.49 1.45 18
    endloop
  endfacet
  facet normal 1 0 0
    outer loop
      vertex 118.05 1.60001 18
      vertex 118.05 1.6 18
      vertex 118.05 1.60001 8
    endloop
  endfacet
  facet normal 1 0 0
    outer loop
      vertex 118.05 1.6 8
      vertex 118.05 1.60001 8
      vertex 118.05 1.6 18
    endloop
  endfacet
  facet normal 0.966235 -0.257663 0
    outer loop
      vertex 118.01 1.45 18
      vertex 118.05 1.6 8
      vertex 118.05 1.6 18
    endloop
  endfacet
  facet normal 0.966235 -0.257663 0
    outer loop
      vertex 118.05 1.6 8
      vertex 118.01 1.45 18
      vertex 118.01 1.45 8
    endloop
  endfacet
  facet normal 0.258805 -0.96593 0
    outer loop
      vertex 117.75 1.3 8
      vertex 117.9 1.34019 18
      vertex 117.75 1.3 18
    endloop
  endfacet
  facet normal 0.258805 -0.96593 0
    outer loop
      vertex 117.9 1.34019 18
      vertex 117.75 1.3 8
      vertex 117.9 1.34019 8
    endloop
  endfacet
  facet normal -1 0 0
    outer loop
      vertex 117.45 1.6 18
      vertex 117.45 1.60001 18
      vertex 117.45 1.6 8
    endloop
  endfacet
  facet normal -1 0 0
    outer loop
      vertex 117.45 1.60001 8
      vertex 117.45 1.6 8
      vertex 117.45 1.60001 18
    endloop
  endfacet
  facet normal 0.706495 -0.707718 0
    outer loop
      vertex 117.9 1.34019 18
      vertex 118.01 1.45 8
      vertex 118.01 1.45 18
    endloop
  endfacet
  facet normal 0.706495 -0.707718 0
    outer loop
      vertex 118.01 1.45 8
      vertex 117.9 1.34019 18
      vertex 117.9 1.34019 8
    endloop
  endfacet
  facet normal 0 0 1
    outer loop
      vertex 118.05 1.60001 18
      vertex 118.01 1.45 18
      vertex 118.05 1.6 18
    endloop
  endfacet
  facet normal 0 0 1
    outer loop
      vertex 118.05 1.60001 18
      vertex 117.9 1.34019 18
      vertex 118.01 1.45 18
    endloop
  endfacet
  facet normal 0 0 1
    outer loop
      vertex 118.05 1.60001 18
      vertex 117.75 1.3 18
      vertex 117.9 1.34019 18
    endloop
  endfacet
  facet normal 0 0 1
    outer loop
      vertex 118.05 1.60001 18
      vertex 117.6 1.34019 18
      vertex 117.75 1.3 18
    endloop
  endfacet
  facet normal 0 0 1
    outer loop
      vertex 118.05 1.60001 18
      vertex 117.49 1.45 18
      vertex 117.6 1.34019 18
    endloop
  endfacet
  facet normal -0 0 1
    outer loop
      vertex 117.45 1.60001 18
      vertex 117.49 1.45 18
      vertex 118.05 1.60001 18
    endloop
  endfacet
  facet normal 0 0 1
    outer loop
      vertex 117.49 1.45 18
      vertex 117.45 1.60001 18
      vertex 117.45 1.6 18
    endloop
  endfacet
  facet normal 0 0 -1
    outer loop
      vertex 118.01 1.45 8
      vertex 118.05 1.60001 8
      vertex 118.05 1.6 8
    endloop
  endfacet
  facet normal 0 0 -1
    outer loop
      vertex 117.9 1.34019 8
      vertex 118.05 1.60001 8
      vertex 118.01 1.45 8
    endloop
  endfacet
  facet normal 0 0 -1
    outer loop
      vertex 117.75 1.3 8
      vertex 118.05 1.60001 8
      vertex 117.9 1.34019 8
    endloop
  endfacet
  facet normal 0 0 -1
    outer loop
      vertex 117.6 1.34019 8
      vertex 118.05 1.60001 8
      vertex 117.75 1.3 8
    endloop
  endfacet
  facet normal 0 0 -1
    outer loop
      vertex 117.49 1.45 8
      vertex 118.05 1.60001 8
      vertex 117.6 1.34019 8
    endloop
  endfacet
  facet normal 0 0 -1
    outer loop
      vertex 117.49 1.45 8
      vertex 117.45 1.60001 8
      vertex 118.05 1.60001 8
    endloop
  endfacet
  facet normal 0 0 -1
    outer loop
      vertex 117.45 1.60001 8
      vertex 117.49 1.45 8
      vertex 117.45 1.6 8
    endloop
  endfacet
  facet normal -0.706495 -0.707718 0
    outer loop
      vertex 117.49 1.45 8
      vertex 117.6 1.34019 18
      vertex 117.49 1.45 18
    endloop
  endfacet
  facet normal -0.706495 -0.707718 -0
    outer loop
      vertex 117.6 1.34019 18
      vertex 117.49 1.45 8
      vertex 117.6 1.34019 8
    endloop
  endfacet
  facet normal -0.258805 -0.96593 0
    outer loop
      vertex 117.6 1.34019 8
      vertex 117.75 1.3 18
      vertex 117.6 1.34019 18
    endloop
  endfacet
  facet normal -0.258805 -0.96593 -0
    outer loop
      vertex 117.75 1.3 18
      vertex 117.6 1.34019 8
      vertex 117.75 1.3 8
    endloop
  endfacet
  facet normal 0.706463 0.70775 0
    outer loop
      vertex 118.01 33.55 18
      vertex 117.9 33.6598 8
      vertex 117.9 33.6598 18
    endloop
  endfacet
  facet normal 0.706463 0.70775 0
    outer loop
      vertex 117.9 33.6598 8
      vertex 118.01 33.55 18
      vertex 118.01 33.55 8
    endloop
  endfacet
  facet normal 0.966235 0.257663 0
    outer loop
      vertex 118.05 33.4 18
      vertex 118.01 33.55 8
      vertex 118.01 33.55 18
    endloop
  endfacet
  facet normal 0.966235 0.257663 0
    outer loop
      vertex 118.01 33.55 8
      vertex 118.05 33.4 18
      vertex 118.05 33.4 8
    endloop
  endfacet
  facet normal 0.258865 0.965914 -0
    outer loop
      vertex 117.9 33.6598 8
      vertex 117.75 33.7 18
      vertex 117.9 33.6598 18
    endloop
  endfacet
  facet normal 0.258865 0.965914 0
    outer loop
      vertex 117.75 33.7 18
      vertex 117.9 33.6598 8
      vertex 117.75 33.7 8
    endloop
  endfacet
  facet normal -0.706463 0.70775 0
    outer loop
      vertex 117.6 33.6598 8
      vertex 117.49 33.55 18
      vertex 117.6 33.6598 18
    endloop
  endfacet
  facet normal -0.706463 0.70775 0
    outer loop
      vertex 117.49 33.55 18
      vertex 117.6 33.6598 8
      vertex 117.49 33.55 8
    endloop
  endfacet
  facet normal -0.258865 0.965914 0
    outer loop
      vertex 117.75 33.7 8
      vertex 117.6 33.6598 18
      vertex 117.75 33.7 18
    endloop
  endfacet
  facet normal -0.258865 0.965914 0
    outer loop
      vertex 117.6 33.6598 18
      vertex 117.75 33.7 8
      vertex 117.6 33.6598 8
    endloop
  endfacet
  facet normal -0.966235 0.257663 0
    outer loop
      vertex 117.45 33.4 8
      vertex 117.49 33.55 18
      vertex 117.49 33.55 8
    endloop
  endfacet
  facet normal -0.966235 0.257663 0
    outer loop
      vertex 117.49 33.55 18
      vertex 117.45 33.4 8
      vertex 117.45 33.4 18
    endloop
  endfacet
  facet normal 0 0 1
    outer loop
      vertex 117.9 33.6598 18
      vertex 118.05 33.4 18
      vertex 118.01 33.55 18
    endloop
  endfacet
  facet normal 0 0 1
    outer loop
      vertex 117.75 33.7 18
      vertex 118.05 33.4 18
      vertex 117.9 33.6598 18
    endloop
  endfacet
  facet normal -0 0 1
    outer loop
      vertex 117.6 33.6598 18
      vertex 118.05 33.4 18
      vertex 117.75 33.7 18
    endloop
  endfacet
  facet normal -0 0 1
    outer loop
      vertex 117.49 33.55 18
      vertex 118.05 33.4 18
      vertex 117.6 33.6598 18
    endloop
  endfacet
  facet normal 0 0 1
    outer loop
      vertex 117.49 33.55 18
      vertex 117.45 33.4 18
      vertex 118.05 33.4 18
    endloop
  endfacet
  facet normal 0 0 -1
    outer loop
      vertex 118.05 33.4 8
      vertex 117.9 33.6598 8
      vertex 118.01 33.55 8
    endloop
  endfacet
  facet normal 0 0 -1
    outer loop
      vertex 118.05 33.4 8
      vertex 117.75 33.7 8
      vertex 117.9 33.6598 8
    endloop
  endfacet
  facet normal 0 0 -1
    outer loop
      vertex 118.05 33.4 8
      vertex 117.6 33.6598 8
      vertex 117.75 33.7 8
    endloop
  endfacet
  facet normal 0 0 -1
    outer loop
      vertex 118.05 33.4 8
      vertex 117.49 33.55 8
      vertex 117.6 33.6598 8
    endloop
  endfacet
  facet normal 0 0 -1
    outer loop
      vertex 117.45 33.4 8
      vertex 117.49 33.55 8
      vertex 118.05 33.4 8
    endloop
  endfacet
  facet normal 0 -0.707107 0.707107
    outer loop
      vertex 110.14 40.7 18.9586
      vertex 120.85 53.6414 31.9
      vertex 110.14 53.6414 31.9
    endloop
  endfacet
  facet normal 0 -0.707107 0.707107
    outer loop
      vertex 120.85 53.6414 31.9
      vertex 110.14 40.7 18.9586
      vertex 120.85 40.7 18.9586
    endloop
  endfacet
  facet normal 1 0 0
    outer loop
      vertex 120.85 40.7 18.9586
      vertex 120.85 72.5 18.9586
      vertex 120.85 59.5586 31.9
    endloop
  endfacet
  facet normal 1 0 0
    outer loop
      vertex 120.85 40.7 18.9586
      vertex 120.85 59.5586 31.9
      vertex 120.85 53.6414 31.9
    endloop
  endfacet
  facet normal 1 0 0
    outer loop
      vertex 120.85 72.5 18.9586
      vertex 120.85 40.7 18.9586
      vertex 120.85 72.5 8.8
    endloop
  endfacet
  facet normal 1 0 0
    outer loop
      vertex 120.85 72.5 8.8
      vertex 120.85 40.7 18.9586
      vertex 120.85 40.7 8.8
    endloop
  endfacet
  facet normal -0 0 1
    outer loop
      vertex 110.14 59.5586 31.9
      vertex 120.85 53.6414 31.9
      vertex 120.85 59.5586 31.9
    endloop
  endfacet
  facet normal 0 0 1
    outer loop
      vertex 120.85 53.6414 31.9
      vertex 110.14 59.5586 31.9
      vertex 110.14 53.6414 31.9
    endloop
  endfacet
  facet normal 0 1 -0
    outer loop
      vertex 117.45 72.5 8
      vertex 110.15 72.5 10
      vertex 117.45 72.5 18
    endloop
  endfacet
  facet normal 0 1 -0
    outer loop
      vertex 112.05 72.5 0
      vertex 110.15 72.5 10
      vertex 117.45 72.5 8
    endloop
  endfacet
  facet normal 0 1 0
    outer loop
      vertex 110.15 72.5 10
      vertex 112.05 72.5 0
      vertex 110.15 72.5 0
    endloop
  endfacet
  facet normal 0 1 0
    outer loop
      vertex 117.45 72.5 18
      vertex 120.85 72.5 18.9586
      vertex 118.05 72.5 18
    endloop
  endfacet
  facet normal 0 1 -0
    outer loop
      vertex 120.85 72.5 8.8
      vertex 118.05 72.5 18
      vertex 120.85 72.5 18.9586
    endloop
  endfacet
  facet normal 0 1 0
    outer loop
      vertex 120.85 72.5 8.8
      vertex 118.05 72.5 8
      vertex 118.05 72.5 18
    endloop
  endfacet
  facet normal 0 1 0
    outer loop
      vertex 118.05 72.5 8
      vertex 112.05 72.5 0
      vertex 117.45 72.5 8
    endloop
  endfacet
  facet normal 0 1 0
    outer loop
      vertex 112.05 72.5 0
      vertex 118.05 72.5 8
      vertex 120.85 72.5 8.8
    endloop
  endfacet
  facet normal 0 1 0
    outer loop
      vertex 120.85 72.5 18.9586
      vertex 117.45 72.5 18
      vertex 110.14 72.5 18.9586
    endloop
  endfacet
  facet normal 0 1 -0
    outer loop
      vertex 110.15 72.5 10
      vertex 110.14 72.5 18.9586
      vertex 117.45 72.5 18
    endloop
  endfacet
  facet normal 0 1 0
    outer loop
      vertex 110.14 72.5 18.9586
      vertex 110.15 72.5 10
      vertex 110.14 72.5 10
    endloop
  endfacet
  facet normal -1 0 0
    outer loop
      vertex 110.14 40.7 18.9586
      vertex 110.14 72.5 18.9586
      vertex 110.14 72.5 10
    endloop
  endfacet
  facet normal -1 0 0
    outer loop
      vertex 110.14 72.5 18.9586
      vertex 110.14 40.7 18.9586
      vertex 110.14 59.5586 31.9
    endloop
  endfacet
  facet normal -1 0 0
    outer loop
      vertex 110.14 40.7 18.9586
      vertex 110.14 72.5 10
      vertex 110.14 40.7 10
    endloop
  endfacet
  facet normal -1 -0 0
    outer loop
      vertex 110.14 59.5586 31.9
      vertex 110.14 40.7 18.9586
      vertex 110.14 53.6414 31.9
    endloop
  endfacet
  facet normal 0 0.707107 0.707107
    outer loop
      vertex 120.85 72.5 18.9586
      vertex 110.14 59.5586 31.9
      vertex 120.85 59.5586 31.9
    endloop
  endfacet
  facet normal 0 0.707107 0.707107
    outer loop
      vertex 110.14 59.5586 31.9
      vertex 120.85 72.5 18.9586
      vertex 110.14 72.5 18.9586
    endloop
  endfacet
  facet normal 0 -1 0
    outer loop
      vertex 110.14 40.7 18.9586
      vertex 117.45 40.7 18
      vertex 120.85 40.7 18.9586
    endloop
  endfacet
  facet normal 0 -1 0
    outer loop
      vertex 110.15 40.7 10
      vertex 110.14 40.7 18.9586
      vertex 110.14 40.7 10
    endloop
  endfacet
  facet normal 0 -1 0
    outer loop
      vertex 110.14 40.7 18.9586
      vertex 110.15 40.7 10
      vertex 117.45 40.7 18
    endloop
  endfacet
  facet normal 0 -1 0
    outer loop
      vertex 110.15 40.7 10
      vertex 117.45 40.7 8
      vertex 117.45 40.7 18
    endloop
  endfacet
  facet normal 0 -1 0
    outer loop
      vertex 110.15 40.7 10
      vertex 112.05 40.7 0
      vertex 117.45 40.7 8
    endloop
  endfacet
  facet normal 0 -1 0
    outer loop
      vertex 112.05 40.7 0
      vertex 110.15 40.7 10
      vertex 110.15 40.7 0
    endloop
  endfacet
  facet normal 0 -1 0
    outer loop
      vertex 118.05 40.7 18
      vertex 120.85 40.7 18.9586
      vertex 117.45 40.7 18
    endloop
  endfacet
  facet normal 0 -1 0
    outer loop
      vertex 118.05 40.7 18
      vertex 120.85 40.7 8.8
      vertex 120.85 40.7 18.9586
    endloop
  endfacet
  facet normal 0 -1 0
    outer loop
      vertex 118.05 40.7 8
      vertex 120.85 40.7 8.8
      vertex 118.05 40.7 18
    endloop
  endfacet
  facet normal 0 -1 -0
    outer loop
      vertex 117.45 40.7 8
      vertex 112.05 40.7 0
      vertex 118.05 40.7 8
    endloop
  endfacet
  facet normal 0 -1 -0
    outer loop
      vertex 118.05 40.7 8
      vertex 112.05 40.7 0
      vertex 120.85 40.7 8.8
    endloop
  endfacet
  facet normal 0.707107 0 -0.707107
    outer loop
      vertex 120.85 40.7 8.8
      vertex 112.05 72.5 0
      vertex 120.85 72.5 8.8
    endloop
  endfacet
  facet normal 0.707107 0 -0.707107
    outer loop
      vertex 112.05 72.5 0
      vertex 120.85 40.7 8.8
      vertex 112.05 40.7 0
    endloop
  endfacet
  facet normal -0.966235 -0.257663 0
    outer loop
      vertex 117.49 40.55 8
      vertex 117.45 40.7 18
      vertex 117.45 40.7 8
    endloop
  endfacet
  facet normal -0.966235 -0.257663 0
    outer loop
      vertex 117.45 40.7 18
      vertex 117.49 40.55 8
      vertex 117.49 40.55 18
    endloop
  endfacet
  facet normal 0.966235 -0.257663 0
    outer loop
      vertex 118.01 40.55 18
      vertex 118.05 40.7 8
      vertex 118.05 40.7 18
    endloop
  endfacet
  facet normal 0.966235 -0.257663 0
    outer loop
      vertex 118.05 40.7 8
      vertex 118.01 40.55 18
      vertex 118.01 40.55 8
    endloop
  endfacet
  facet normal 0.258865 -0.965914 0
    outer loop
      vertex 117.75 40.4 8
      vertex 117.9 40.4402 18
      vertex 117.75 40.4 18
    endloop
  endfacet
  facet normal 0.258865 -0.965914 0
    outer loop
      vertex 117.9 40.4402 18
      vertex 117.75 40.4 8
      vertex 117.9 40.4402 8
    endloop
  endfacet
  facet normal 0.706463 -0.70775 0
    outer loop
      vertex 117.9 40.4402 18
      vertex 118.01 40.55 8
      vertex 118.01 40.55 18
    endloop
  endfacet
  facet normal 0.706463 -0.70775 0
    outer loop
      vertex 118.01 40.55 8
      vertex 117.9 40.4402 18
      vertex 117.9 40.4402 8
    endloop
  endfacet
  facet normal 0 0 1
    outer loop
      vertex 118.05 40.7 18
      vertex 117.9 40.4402 18
      vertex 118.01 40.55 18
    endloop
  endfacet
  facet normal 0 0 1
    outer loop
      vertex 118.05 40.7 18
      vertex 117.75 40.4 18
      vertex 117.9 40.4402 18
    endloop
  endfacet
  facet normal 0 0 1
    outer loop
      vertex 118.05 40.7 18
      vertex 117.6 40.4402 18
      vertex 117.75 40.4 18
    endloop
  endfacet
  facet normal 0 0 1
    outer loop
      vertex 118.05 40.7 18
      vertex 117.49 40.55 18
      vertex 117.6 40.4402 18
    endloop
  endfacet
  facet normal -0 0 1
    outer loop
      vertex 117.45 40.7 18
      vertex 117.49 40.55 18
      vertex 118.05 40.7 18
    endloop
  endfacet
  facet normal 0 0 -1
    outer loop
      vertex 117.9 40.4402 8
      vertex 118.05 40.7 8
      vertex 118.01 40.55 8
    endloop
  endfacet
  facet normal 0 0 -1
    outer loop
      vertex 117.75 40.4 8
      vertex 118.05 40.7 8
      vertex 117.9 40.4402 8
    endloop
  endfacet
  facet normal 0 0 -1
    outer loop
      vertex 117.6 40.4402 8
      vertex 118.05 40.7 8
      vertex 117.75 40.4 8
    endloop
  endfacet
  facet normal 0 0 -1
    outer loop
      vertex 117.49 40.55 8
      vertex 118.05 40.7 8
      vertex 117.6 40.4402 8
    endloop
  endfacet
  facet normal 0 0 -1
    outer loop
      vertex 117.49 40.55 8
      vertex 117.45 40.7 8
      vertex 118.05 40.7 8
    endloop
  endfacet
  facet normal -0.706463 -0.70775 0
    outer loop
      vertex 117.49 40.55 8
      vertex 117.6 40.4402 18
      vertex 117.49 40.55 18
    endloop
  endfacet
  facet normal -0.706463 -0.70775 -0
    outer loop
      vertex 117.6 40.4402 18
      vertex 117.49 40.55 8
      vertex 117.6 40.4402 8
    endloop
  endfacet
  facet normal -0.258865 -0.965914 0
    outer loop
      vertex 117.6 40.4402 8
      vertex 117.75 40.4 18
      vertex 117.6 40.4402 18
    endloop
  endfacet
  facet normal -0.258865 -0.965914 -0
    outer loop
      vertex 117.75 40.4 18
      vertex 117.6 40.4402 8
      vertex 117.75 40.4 8
    endloop
  endfacet
  facet normal 0.706463 0.70775 0
    outer loop
      vertex 118.01 72.65 18
      vertex 117.9 72.7598 8
      vertex 117.9 72.7598 18
    endloop
  endfacet
  facet normal 0.706463 0.70775 0
    outer loop
      vertex 117.9 72.7598 8
      vertex 118.01 72.65 18
      vertex 118.01 72.65 8
    endloop
  endfacet
  facet normal 0.966235 0.257663 0
    outer loop
      vertex 118.05 72.5 18
      vertex 118.01 72.65 8
      vertex 118.01 72.65 18
    endloop
  endfacet
  facet normal 0.966235 0.257663 0
    outer loop
      vertex 118.01 72.65 8
      vertex 118.05 72.5 18
      vertex 118.05 72.5 8
    endloop
  endfacet
  facet normal 0.258865 0.965914 -0
    outer loop
      vertex 117.9 72.7598 8
      vertex 117.75 72.8 18
      vertex 117.9 72.7598 18
    endloop
  endfacet
  facet normal 0.258865 0.965914 0
    outer loop
      vertex 117.75 72.8 18
      vertex 117.9 72.7598 8
      vertex 117.75 72.8 8
    endloop
  endfacet
  facet normal -0.706463 0.70775 0
    outer loop
      vertex 117.6 72.7598 8
      vertex 117.49 72.65 18
      vertex 117.6 72.7598 18
    endloop
  endfacet
  facet normal -0.706463 0.70775 0
    outer loop
      vertex 117.49 72.65 18
      vertex 117.6 72.7598 8
      vertex 117.49 72.65 8
    endloop
  endfacet
  facet normal -0.258865 0.965914 0
    outer loop
      vertex 117.75 72.8 8
      vertex 117.6 72.7598 18
      vertex 117.75 72.8 18
    endloop
  endfacet
  facet normal -0.258865 0.965914 0
    outer loop
      vertex 117.6 72.7598 18
      vertex 117.75 72.8 8
      vertex 117.6 72.7598 8
    endloop
  endfacet
  facet normal -0.966235 0.257663 0
    outer loop
      vertex 117.45 72.5 8
      vertex 117.49 72.65 18
      vertex 117.49 72.65 8
    endloop
  endfacet
  facet normal -0.966235 0.257663 0
    outer loop
      vertex 117.49 72.65 18
      vertex 117.45 72.5 8
      vertex 117.45 72.5 18
    endloop
  endfacet
  facet normal 0 0 1
    outer loop
      vertex 117.9 72.7598 18
      vertex 118.05 72.5 18
      vertex 118.01 72.65 18
    endloop
  endfacet
  facet normal 0 0 1
    outer loop
      vertex 117.75 72.8 18
      vertex 118.05 72.5 18
      vertex 117.9 72.7598 18
    endloop
  endfacet
  facet normal -0 0 1
    outer loop
      vertex 117.6 72.7598 18
      vertex 118.05 72.5 18
      vertex 117.75 72.8 18
    endloop
  endfacet
  facet normal -0 0 1
    outer loop
      vertex 117.49 72.65 18
      vertex 118.05 72.5 18
      vertex 117.6 72.7598 18
    endloop
  endfacet
  facet normal 0 0 1
    outer loop
      vertex 117.49 72.65 18
      vertex 117.45 72.5 18
      vertex 118.05 72.5 18
    endloop
  endfacet
  facet normal 0 0 -1
    outer loop
      vertex 118.05 72.5 8
      vertex 117.9 72.7598 8
      vertex 118.01 72.65 8
    endloop
  endfacet
  facet normal 0 0 -1
    outer loop
      vertex 118.05 72.5 8
      vertex 117.75 72.8 8
      vertex 117.9 72.7598 8
    endloop
  endfacet
  facet normal 0 0 -1
    outer loop
      vertex 118.05 72.5 8
      vertex 117.6 72.7598 8
      vertex 117.75 72.8 8
    endloop
  endfacet
  facet normal 0 0 -1
    outer loop
      vertex 118.05 72.5 8
      vertex 117.49 72.65 8
      vertex 117.6 72.7598 8
    endloop
  endfacet
  facet normal 0 0 -1
    outer loop
      vertex 117.45 72.5 8
      vertex 117.49 72.65 8
      vertex 118.05 72.5 8
    endloop
  endfacet
  facet normal 1 -0 0
    outer loop
      vertex 110.15 72.5 10
      vertex 110.15 75 0
      vertex 110.15 75 10
    endloop
  endfacet
  facet normal 1 0 0
    outer loop
      vertex 110.15 75 0
      vertex 110.15 72.5 10
      vertex 110.15 72.5 0
    endloop
  endfacet
  facet normal 1 -0 0
    outer loop
      vertex 110.15 0 10
      vertex 110.15 1.60001 0
      vertex 110.15 1.60001 10
    endloop
  endfacet
  facet normal 1 0 0
    outer loop
      vertex 110.15 1.60001 0
      vertex 110.15 0 10
      vertex 110.15 0 0
    endloop
  endfacet
  facet normal 1 -0 0
    outer loop
      vertex 110.15 33.4 10
      vertex 110.15 40.7 0
      vertex 110.15 40.7 10
    endloop
  endfacet
  facet normal 1 0 0
    outer loop
      vertex 110.15 40.7 0
      vertex 110.15 33.4 10
      vertex 110.15 33.4 0
    endloop
  endfacet
  facet normal 0 0 1
    outer loop
      vertex 110.15 75 10
      vertex 110.14 72.5 10
      vertex 110.15 72.5 10
    endloop
  endfacet
  facet normal 0 0 1
    outer loop
      vertex 106.15 75 10
      vertex 110.14 40.7 10
      vertex 110.14 72.5 10
    endloop
  endfacet
  facet normal 0 0 1
    outer loop
      vertex 110.14 40.7 10
      vertex 106.15 75 10
      vertex 110.14 33.4 10
    endloop
  endfacet
  facet normal 0 0 1
    outer loop
      vertex 110.14 33.4 10
      vertex 106.15 75 10
      vertex 106.15 0 10
    endloop
  endfacet
  facet normal -0 0 1
    outer loop
      vertex 106.15 75 10
      vertex 110.14 72.5 10
      vertex 110.15 75 10
    endloop
  endfacet
  facet normal -0 0 1
    outer loop
      vertex 110.14 40.7 10
      vertex 110.15 33.4 10
      vertex 110.15 40.7 10
    endloop
  endfacet
  facet normal 0 0 1
    outer loop
      vertex 110.15 33.4 10
      vertex 110.14 40.7 10
      vertex 110.14 33.4 10
    endloop
  endfacet
  facet normal -0 0 1
    outer loop
      vertex 110.14 1.60001 10
      vertex 110.15 0 10
      vertex 110.15 1.60001 10
    endloop
  endfacet
  facet normal 0 0 1
    outer loop
      vertex 110.14 33.4 10
      vertex 106.15 0 10
      vertex 110.14 1.60001 10
    endloop
  endfacet
  facet normal 0 0 1
    outer loop
      vertex 110.14 1.60001 10
      vertex 106.15 0 10
      vertex 110.15 0 10
    endloop
  endfacet
  facet normal -1 0 0
    outer loop
      vertex 106.15 0 3
      vertex 106.15 75 10
      vertex 106.15 75 3
    endloop
  endfacet
  facet normal -1 -0 0
    outer loop
      vertex 106.15 75 10
      vertex 106.15 0 3
      vertex 106.15 0 10
    endloop
  endfacet
  facet normal -1 0 0
    outer loop
      vertex 106.15 0.4 0
      vertex 106.15 0 0
      vertex 106.15 0 0.4
    endloop
  endfacet
  facet normal -1 0 0
    outer loop
      vertex 106.15 75 0
      vertex 106.15 74.6 0
      vertex 106.15 75 0.4
    endloop
  endfacet
  facet normal 0.97235 0.23353 0
    outer loop
      vertex -92.5492 11.1257 8
      vertex -92.6958 11.7361 3
      vertex -92.6958 11.7361 8
    endloop
  endfacet
  facet normal 0.97235 0.23353 0
    outer loop
      vertex -92.6958 11.7361 3
      vertex -92.5492 11.1257 8
      vertex -92.5492 11.1257 3
    endloop
  endfacet
  facet normal 0.996923 0.07839 0
    outer loop
      vertex -92.5 10.5 8
      vertex -92.5492 11.1257 3
      vertex -92.5492 11.1257 8
    endloop
  endfacet
  facet normal 0.996923 0.07839 0
    outer loop
      vertex -92.5492 11.1257 3
      vertex -92.5 10.5 8
      vertex -92.5 10.5 3
    endloop
  endfacet
  facet normal 0.760369 0.649492 0
    outer loop
      vertex -93.2639 12.8511 8
      vertex -93.6716 13.3284 3
      vertex -93.6716 13.3284 8
    endloop
  endfacet
  facet normal 0.760369 0.649492 0
    outer loop
      vertex -93.6716 13.3284 3
      vertex -93.2639 12.8511 8
      vertex -93.2639 12.8511 3
    endloop
  endfacet
  facet normal -0.522557 -0.852604 0
    outer loop
      vertex -98.8511 7.26393 3
      vertex -98.316 6.93597 8
      vertex -98.8511 7.26393 8
    endloop
  endfacet
  facet normal -0.522557 -0.852604 -0
    outer loop
      vertex -98.316 6.93597 8
      vertex -98.8511 7.26393 3
      vertex -98.316 6.93597 3
    endloop
  endfacet
  facet normal 0.852647 0.522487 0
    outer loop
      vertex -92.936 12.316 8
      vertex -93.2639 12.8511 3
      vertex -93.2639 12.8511 8
    endloop
  endfacet
  facet normal 0.852647 0.522487 0
    outer loop
      vertex -93.2639 12.8511 3
      vertex -92.936 12.316 8
      vertex -92.936 12.316 3
    endloop
  endfacet
  facet normal 0.522557 -0.852604 0
    outer loop
      vertex -94.684 6.93597 3
      vertex -94.1489 7.26393 8
      vertex -94.684 6.93597 8
    endloop
  endfacet
  facet normal 0.522557 -0.852604 0
    outer loop
      vertex -94.1489 7.26393 8
      vertex -94.684 6.93597 3
      vertex -94.1489 7.26393 3
    endloop
  endfacet
  facet normal -0.852682 -0.522431 0
    outer loop
      vertex -99.7361 8.14886 3
      vertex -100.064 8.68404 8
      vertex -100.064 8.68404 3
    endloop
  endfacet
  facet normal -0.852682 -0.522431 0
    outer loop
      vertex -100.064 8.68404 8
      vertex -99.7361 8.14886 3
      vertex -99.7361 8.14886 8
    endloop
  endfacet
  facet normal 0.0784691 -0.996917 0
    outer loop
      vertex -96.5 6.5 3
      vertex -95.8743 6.54925 8
      vertex -96.5 6.5 8
    endloop
  endfacet
  facet normal 0.0784691 -0.996917 0
    outer loop
      vertex -95.8743 6.54925 8
      vertex -96.5 6.5 3
      vertex -95.8743 6.54925 3
    endloop
  endfacet
  facet normal -0.38268 0.923881 0
    outer loop
      vertex -97.7361 14.3042 3
      vertex -98.316 14.064 8
      vertex -97.7361 14.3042 8
    endloop
  endfacet
  facet normal -0.38268 0.923881 0
    outer loop
      vertex -98.316 14.064 8
      vertex -97.7361 14.3042 3
      vertex -98.316 14.064 3
    endloop
  endfacet
  facet normal 0.649436 -0.760416 0
    outer loop
      vertex -94.1489 7.26393 3
      vertex -93.6716 7.67157 8
      vertex -94.1489 7.26393 8
    endloop
  endfacet
  facet normal 0.649436 -0.760416 0
    outer loop
      vertex -93.6716 7.67157 8
      vertex -94.1489 7.26393 3
      vertex -93.6716 7.67157 3
    endloop
  endfacet
  facet normal -0.923994 0.382408 0
    outer loop
      vertex -100.304 11.7361 3
      vertex -100.064 12.316 8
      vertex -100.064 12.316 3
    endloop
  endfacet
  facet normal -0.923994 0.382408 0
    outer loop
      vertex -100.064 12.316 8
      vertex -100.304 11.7361 3
      vertex -100.304 11.7361 8
    endloop
  endfacet
  facet normal -0.923991 -0.382414 0
    outer loop
      vertex -100.064 8.68404 3
      vertex -100.304 9.26393 8
      vertex -100.304 9.26393 3
    endloop
  endfacet
  facet normal -0.923991 -0.382414 0
    outer loop
      vertex -100.304 9.26393 8
      vertex -100.064 8.68404 3
      vertex -100.064 8.68404 8
    endloop
  endfacet
  facet normal 0.38268 0.923881 -0
    outer loop
      vertex -94.684 14.064 3
      vertex -95.2639 14.3042 8
      vertex -94.684 14.064 8
    endloop
  endfacet
  facet normal 0.38268 0.923881 0
    outer loop
      vertex -95.2639 14.3042 8
      vertex -94.684 14.064 3
      vertex -95.2639 14.3042 3
    endloop
  endfacet
  facet normal -0.0784691 -0.996917 0
    outer loop
      vertex -97.1257 6.54925 3
      vertex -96.5 6.5 8
      vertex -97.1257 6.54925 8
    endloop
  endfacet
  facet normal -0.0784691 -0.996917 -0
    outer loop
      vertex -96.5 6.5 8
      vertex -97.1257 6.54925 3
      vertex -96.5 6.5 3
    endloop
  endfacet
  facet normal 0.923879 -0.382686 0
    outer loop
      vertex -92.936 8.68404 8
      vertex -92.6958 9.26393 3
      vertex -92.6958 9.26393 8
    endloop
  endfacet
  facet normal 0.923879 -0.382686 0
    outer loop
      vertex -92.6958 9.26393 3
      vertex -92.936 8.68404 8
      vertex -92.936 8.68404 3
    endloop
  endfacet
  facet normal 0 0 1
    outer loop
      vertex -95.1 10.5 8
      vertex -92.5 10.5 8
      vertex -92.5492 11.1257 8
    endloop
  endfacet
  facet normal 0 0 1
    outer loop
      vertex -95.1477 10.8623 8
      vertex -92.5492 11.1257 8
      vertex -92.6958 11.7361 8
    endloop
  endfacet
  facet normal 0 0 1
    outer loop
      vertex -92.5 10.5 8
      vertex -95.1 10.5 8
      vertex -92.5492 9.87426 8
    endloop
  endfacet
  facet normal 0 0 1
    outer loop
      vertex -95.1477 10.8623 8
      vertex -92.6958 11.7361 8
      vertex -92.936 12.316 8
    endloop
  endfacet
  facet normal -0 0 1
    outer loop
      vertex -95.1477 10.1377 8
      vertex -92.5492 9.87426 8
      vertex -95.1 10.5 8
    endloop
  endfacet
  facet normal 0 0 1
    outer loop
      vertex -95.2876 11.2 8
      vertex -92.936 12.316 8
      vertex -93.2639 12.8511 8
    endloop
  endfacet
  facet normal 0 0 1
    outer loop
      vertex -92.5492 9.87426 8
      vertex -95.1477 10.1377 8
      vertex -92.6958 9.26393 8
    endloop
  endfacet
  facet normal 0 0 1
    outer loop
      vertex -95.51 11.4899 8
      vertex -93.2639 12.8511 8
      vertex -93.6716 13.3284 8
    endloop
  endfacet
  facet normal 0 0 1
    outer loop
      vertex -92.6958 9.26393 8
      vertex -95.1477 10.1377 8
      vertex -92.936 8.68404 8
    endloop
  endfacet
  facet normal 0 0 1
    outer loop
      vertex -95.51 11.4899 8
      vertex -93.6716 13.3284 8
      vertex -94.1489 13.7361 8
    endloop
  endfacet
  facet normal -0 0 1
    outer loop
      vertex -95.2876 9.8 8
      vertex -92.936 8.68404 8
      vertex -95.1477 10.1377 8
    endloop
  endfacet
  facet normal 0 0 1
    outer loop
      vertex -95.8 11.7124 8
      vertex -94.1489 13.7361 8
      vertex -94.684 14.064 8
    endloop
  endfacet
  facet normal 0 0 1
    outer loop
      vertex -92.936 8.68404 8
      vertex -95.2876 9.8 8
      vertex -93.2639 8.14886 8
    endloop
  endfacet
  facet normal -0 0 1
    outer loop
      vertex -95.51 9.51005 8
      vertex -93.2639 8.14886 8
      vertex -95.2876 9.8 8
    endloop
  endfacet
  facet normal 0 0 1
    outer loop
      vertex -92.5492 11.1257 8
      vertex -95.1477 10.8623 8
      vertex -95.1 10.5 8
    endloop
  endfacet
  facet normal 0 0 1
    outer loop
      vertex -95.8 11.7124 8
      vertex -94.684 14.064 8
      vertex -95.2639 14.3042 8
    endloop
  endfacet
  facet normal 0 0 1
    outer loop
      vertex -92.936 12.316 8
      vertex -95.2876 11.2 8
      vertex -95.1477 10.8623 8
    endloop
  endfacet
  facet normal 0 0 1
    outer loop
      vertex -93.2639 12.8511 8
      vertex -95.51 11.4899 8
      vertex -95.2876 11.2 8
    endloop
  endfacet
  facet normal 0 0 1
    outer loop
      vertex -94.1489 13.7361 8
      vertex -95.8 11.7124 8
      vertex -95.51 11.4899 8
    endloop
  endfacet
  facet normal 0 0 1
    outer loop
      vertex -96.1376 11.8523 8
      vertex -95.2639 14.3042 8
      vertex -95.8743 14.4508 8
    endloop
  endfacet
  facet normal 0 0 1
    outer loop
      vertex -95.2639 14.3042 8
      vertex -96.1376 11.8523 8
      vertex -95.8 11.7124 8
    endloop
  endfacet
  facet normal 0 0 1
    outer loop
      vertex -96.5 11.9 8
      vertex -95.8743 14.4508 8
      vertex -96.5 14.5 8
    endloop
  endfacet
  facet normal 0 0 1
    outer loop
      vertex -95.8743 14.4508 8
      vertex -96.5 11.9 8
      vertex -96.1376 11.8523 8
    endloop
  endfacet
  facet normal -0 0 1
    outer loop
      vertex -97.1257 14.4508 8
      vertex -96.5 11.9 8
      vertex -96.5 14.5 8
    endloop
  endfacet
  facet normal 0 0 1
    outer loop
      vertex -96.5 11.9 8
      vertex -97.1257 14.4508 8
      vertex -96.8624 11.8523 8
    endloop
  endfacet
  facet normal -0 0 1
    outer loop
      vertex -97.7361 14.3042 8
      vertex -96.8624 11.8523 8
      vertex -97.1257 14.4508 8
    endloop
  endfacet
  facet normal 0 0 1
    outer loop
      vertex -96.8624 11.8523 8
      vertex -97.7361 14.3042 8
      vertex -97.2 11.7124 8
    endloop
  endfacet
  facet normal -0 0 1
    outer loop
      vertex -98.316 14.064 8
      vertex -97.2 11.7124 8
      vertex -97.7361 14.3042 8
    endloop
  endfacet
  facet normal -0 0 1
    outer loop
      vertex -98.8511 13.7361 8
      vertex -97.2 11.7124 8
      vertex -98.316 14.064 8
    endloop
  endfacet
  facet normal 0 0 1
    outer loop
      vertex -97.2 11.7124 8
      vertex -98.8511 13.7361 8
      vertex -97.49 11.4899 8
    endloop
  endfacet
  facet normal -0 0 1
    outer loop
      vertex -99.3284 13.3284 8
      vertex -97.49 11.4899 8
      vertex -98.8511 13.7361 8
    endloop
  endfacet
  facet normal -0 0 1
    outer loop
      vertex -99.7361 12.8511 8
      vertex -97.49 11.4899 8
      vertex -99.3284 13.3284 8
    endloop
  endfacet
  facet normal 0 0 1
    outer loop
      vertex -93.2639 8.14886 8
      vertex -95.51 9.51005 8
      vertex -93.6716 7.67157 8
    endloop
  endfacet
  facet normal 0 0 1
    outer loop
      vertex -93.6716 7.67157 8
      vertex -95.51 9.51005 8
      vertex -94.1489 7.26393 8
    endloop
  endfacet
  facet normal -0 0 1
    outer loop
      vertex -95.8 9.28757 8
      vertex -94.1489 7.26393 8
      vertex -95.51 9.51005 8
    endloop
  endfacet
  facet normal 0 0 1
    outer loop
      vertex -94.1489 7.26393 8
      vertex -95.8 9.28757 8
      vertex -94.684 6.93597 8
    endloop
  endfacet
  facet normal 0 0 1
    outer loop
      vertex -94.684 6.93597 8
      vertex -95.8 9.28757 8
      vertex -95.2639 6.69577 8
    endloop
  endfacet
  facet normal -0 0 1
    outer loop
      vertex -96.1376 9.1477 8
      vertex -95.2639 6.69577 8
      vertex -95.8 9.28757 8
    endloop
  endfacet
  facet normal 0 0 1
    outer loop
      vertex -95.2639 6.69577 8
      vertex -96.1376 9.1477 8
      vertex -95.8743 6.54925 8
    endloop
  endfacet
  facet normal -0 0 1
    outer loop
      vertex -96.5 9.1 8
      vertex -95.8743 6.54925 8
      vertex -96.1376 9.1477 8
    endloop
  endfacet
  facet normal 0 0 1
    outer loop
      vertex -96.5 9.1 8
      vertex -96.5 6.5 8
      vertex -95.8743 6.54925 8
    endloop
  endfacet
  facet normal 0 0 1
    outer loop
      vertex -97.1257 6.54925 8
      vertex -96.5 9.1 8
      vertex -96.8624 9.1477 8
    endloop
  endfacet
  facet normal 0 0 1
    outer loop
      vertex -96.5 9.1 8
      vertex -97.1257 6.54925 8
      vertex -96.5 6.5 8
    endloop
  endfacet
  facet normal 0 0 1
    outer loop
      vertex -97.7361 6.69577 8
      vertex -96.8624 9.1477 8
      vertex -97.2 9.28757 8
    endloop
  endfacet
  facet normal 0 0 1
    outer loop
      vertex -98.8511 7.26393 8
      vertex -97.2 9.28757 8
      vertex -97.49 9.51005 8
    endloop
  endfacet
  facet normal 0 0 1
    outer loop
      vertex -99.7361 8.14886 8
      vertex -97.49 9.51005 8
      vertex -97.7124 9.8 8
    endloop
  endfacet
  facet normal 0 0 1
    outer loop
      vertex -96.8624 9.1477 8
      vertex -97.7361 6.69577 8
      vertex -97.1257 6.54925 8
    endloop
  endfacet
  facet normal 0 0 1
    outer loop
      vertex -100.064 8.68404 8
      vertex -97.7124 9.8 8
      vertex -97.8523 10.1377 8
    endloop
  endfacet
  facet normal 0 0 1
    outer loop
      vertex -100.451 9.87426 8
      vertex -97.8523 10.1377 8
      vertex -97.9 10.5 8
    endloop
  endfacet
  facet normal 0 0 1
    outer loop
      vertex -97.49 11.4899 8
      vertex -99.7361 12.8511 8
      vertex -97.7124 11.2 8
    endloop
  endfacet
  facet normal 0 0 1
    outer loop
      vertex -97.2 9.28757 8
      vertex -98.316 6.93597 8
      vertex -97.7361 6.69577 8
    endloop
  endfacet
  facet normal -0 0 1
    outer loop
      vertex -100.064 12.316 8
      vertex -97.7124 11.2 8
      vertex -99.7361 12.8511 8
    endloop
  endfacet
  facet normal 0 0 1
    outer loop
      vertex -97.2 9.28757 8
      vertex -98.8511 7.26393 8
      vertex -98.316 6.93597 8
    endloop
  endfacet
  facet normal 0 0 1
    outer loop
      vertex -97.7124 11.2 8
      vertex -100.064 12.316 8
      vertex -97.8523 10.8623 8
    endloop
  endfacet
  facet normal 0 0 1
    outer loop
      vertex -97.49 9.51005 8
      vertex -99.3284 7.67157 8
      vertex -98.8511 7.26393 8
    endloop
  endfacet
  facet normal -0 0 1
    outer loop
      vertex -100.304 11.7361 8
      vertex -97.8523 10.8623 8
      vertex -100.064 12.316 8
    endloop
  endfacet
  facet normal 0 0 1
    outer loop
      vertex -97.49 9.51005 8
      vertex -99.7361 8.14886 8
      vertex -99.3284 7.67157 8
    endloop
  endfacet
  facet normal -0 0 1
    outer loop
      vertex -100.451 11.1257 8
      vertex -97.8523 10.8623 8
      vertex -100.304 11.7361 8
    endloop
  endfacet
  facet normal 0 0 1
    outer loop
      vertex -97.7124 9.8 8
      vertex -100.064 8.68404 8
      vertex -99.7361 8.14886 8
    endloop
  endfacet
  facet normal 0 0 1
    outer loop
      vertex -97.8523 10.8623 8
      vertex -100.451 11.1257 8
      vertex -97.9 10.5 8
    endloop
  endfacet
  facet normal 0 0 1
    outer loop
      vertex -97.8523 10.1377 8
      vertex -100.304 9.26393 8
      vertex -100.064 8.68404 8
    endloop
  endfacet
  facet normal 0 0 1
    outer loop
      vertex -100.5 10.5 8
      vertex -97.9 10.5 8
      vertex -100.451 11.1257 8
    endloop
  endfacet
  facet normal 0 0 1
    outer loop
      vertex -97.8523 10.1377 8
      vertex -100.451 9.87426 8
      vertex -100.304 9.26393 8
    endloop
  endfacet
  facet normal 0 0 1
    outer loop
      vertex -97.9 10.5 8
      vertex -100.5 10.5 8
      vertex -100.451 9.87426 8
    endloop
  endfacet
  facet normal -0.07839 0.996923 0
    outer loop
      vertex -96.5 14.5 3
      vertex -97.1257 14.4508 8
      vertex -96.5 14.5 8
    endloop
  endfacet
  facet normal -0.07839 0.996923 0
    outer loop
      vertex -97.1257 14.4508 8
      vertex -96.5 14.5 3
      vertex -97.1257 14.4508 3
    endloop
  endfacet
  facet normal 0.923881 0.38268 0
    outer loop
      vertex -92.6958 11.7361 8
      vertex -92.936 12.316 3
      vertex -92.936 12.316 8
    endloop
  endfacet
  facet normal 0.923881 0.38268 0
    outer loop
      vertex -92.936 12.316 3
      vertex -92.6958 11.7361 8
      vertex -92.6958 11.7361 3
    endloop
  endfacet
  facet normal 0.972344 -0.233555 0
    outer loop
      vertex -92.6958 9.26393 8
      vertex -92.5492 9.87426 3
      vertex -92.5492 9.87426 8
    endloop
  endfacet
  facet normal 0.972344 -0.233555 0
    outer loop
      vertex -92.5492 9.87426 3
      vertex -92.6958 9.26393 8
      vertex -92.6958 9.26393 3
    endloop
  endfacet
  facet normal 0.233409 -0.972379 0
    outer loop
      vertex -95.8743 6.54925 3
      vertex -95.2639 6.69577 8
      vertex -95.8743 6.54925 8
    endloop
  endfacet
  facet normal 0.233409 -0.972379 0
    outer loop
      vertex -95.2639 6.69577 8
      vertex -95.8743 6.54925 3
      vertex -95.2639 6.69577 3
    endloop
  endfacet
  facet normal -0.522487 0.852647 0
    outer loop
      vertex -98.316 14.064 3
      vertex -98.8511 13.7361 8
      vertex -98.316 14.064 8
    endloop
  endfacet
  facet normal -0.522487 0.852647 0
    outer loop
      vertex -98.8511 13.7361 8
      vertex -98.316 14.064 3
      vertex -98.8511 13.7361 3
    endloop
  endfacet
  facet normal 0.23353 0.97235 -0
    outer loop
      vertex -95.2639 14.3042 3
      vertex -95.8743 14.4508 8
      vertex -95.2639 14.3042 8
    endloop
  endfacet
  facet normal 0.23353 0.97235 0
    outer loop
      vertex -95.8743 14.4508 8
      vertex -95.2639 14.3042 3
      vertex -95.8743 14.4508 3
    endloop
  endfacet
  facet normal -0.760362 -0.649499 0
    outer loop
      vertex -99.3284 7.67157 3
      vertex -99.7361 8.14886 8
      vertex -99.7361 8.14886 3
    endloop
  endfacet
  facet normal -0.760362 -0.649499 0
    outer loop
      vertex -99.7361 8.14886 8
      vertex -99.3284 7.67157 3
      vertex -99.3284 7.67157 8
    endloop
  endfacet
  facet normal -0.996948 -0.0780683 0
    outer loop
      vertex -100.451 9.87426 3
      vertex -100.5 10.5 8
      vertex -100.5 10.5 3
    endloop
  endfacet
  facet normal -0.996948 -0.0780683 0
    outer loop
      vertex -100.5 10.5 8
      vertex -100.451 9.87426 3
      vertex -100.451 9.87426 8
    endloop
  endfacet
  facet normal -0.38268 -0.923881 0
    outer loop
      vertex -98.316 6.93597 3
      vertex -97.7361 6.69577 8
      vertex -98.316 6.93597 8
    endloop
  endfacet
  facet normal -0.38268 -0.923881 -0
    outer loop
      vertex -97.7361 6.69577 8
      vertex -98.316 6.93597 3
      vertex -97.7361 6.69577 3
    endloop
  endfacet
  facet normal 0.852682 -0.522431 0
    outer loop
      vertex -93.2639 8.14886 8
      vertex -92.936 8.68404 3
      vertex -92.936 8.68404 8
    endloop
  endfacet
  facet normal 0.852682 -0.522431 0
    outer loop
      vertex -92.936 8.68404 3
      vertex -93.2639 8.14886 8
      vertex -93.2639 8.14886 3
    endloop
  endfacet
  facet normal -0.649492 0.760369 0
    outer loop
      vertex -98.8511 13.7361 3
      vertex -99.3284 13.3284 8
      vertex -98.8511 13.7361 8
    endloop
  endfacet
  facet normal -0.649492 0.760369 0
    outer loop
      vertex -99.3284 13.3284 8
      vertex -98.8511 13.7361 3
      vertex -99.3284 13.3284 3
    endloop
  endfacet
  facet normal 0.649492 0.760369 -0
    outer loop
      vertex -93.6716 13.3284 3
      vertex -94.1489 13.7361 8
      vertex -93.6716 13.3284 8
    endloop
  endfacet
  facet normal 0.649492 0.760369 0
    outer loop
      vertex -94.1489 13.7361 8
      vertex -93.6716 13.3284 3
      vertex -94.1489 13.7361 3
    endloop
  endfacet
  facet normal 0.38268 -0.923881 0
    outer loop
      vertex -95.2639 6.69577 3
      vertex -94.684 6.93597 8
      vertex -95.2639 6.69577 8
    endloop
  endfacet
  facet normal 0.38268 -0.923881 0
    outer loop
      vertex -94.684 6.93597 8
      vertex -95.2639 6.69577 3
      vertex -94.684 6.93597 3
    endloop
  endfacet
  facet normal 0.522487 0.852647 -0
    outer loop
      vertex -94.1489 13.7361 3
      vertex -94.684 14.064 8
      vertex -94.1489 13.7361 8
    endloop
  endfacet
  facet normal 0.522487 0.852647 0
    outer loop
      vertex -94.684 14.064 8
      vertex -94.1489 13.7361 3
      vertex -94.684 14.064 3
    endloop
  endfacet
  facet normal -0.649436 -0.760416 0
    outer loop
      vertex -99.3284 7.67157 3
      vertex -98.8511 7.26393 8
      vertex -99.3284 7.67157 8
    endloop
  endfacet
  facet normal -0.649436 -0.760416 -0
    outer loop
      vertex -98.8511 7.26393 8
      vertex -99.3284 7.67157 3
      vertex -98.8511 7.26393 3
    endloop
  endfacet
  facet normal 0.996923 -0.078385 0
    outer loop
      vertex -92.5492 9.87426 8
      vertex -92.5 10.5 3
      vertex -92.5 10.5 8
    endloop
  endfacet
  facet normal 0.996923 -0.078385 0
    outer loop
      vertex -92.5 10.5 3
      vertex -92.5492 9.87426 8
      vertex -92.5492 9.87426 3
    endloop
  endfacet
  facet normal -0.972199 -0.234157 0
    outer loop
      vertex -100.304 9.26393 3
      vertex -100.451 9.87426 8
      vertex -100.451 9.87426 3
    endloop
  endfacet
  facet normal -0.972199 -0.234157 0
    outer loop
      vertex -100.451 9.87426 8
      vertex -100.304 9.26393 3
      vertex -100.304 9.26393 8
    endloop
  endfacet
  facet normal 0.760362 -0.649499 0
    outer loop
      vertex -93.6716 7.67157 8
      vertex -93.2639 8.14886 3
      vertex -93.2639 8.14886 8
    endloop
  endfacet
  facet normal 0.760362 -0.649499 0
    outer loop
      vertex -93.2639 8.14886 3
      vertex -93.6716 7.67157 8
      vertex -93.6716 7.67157 3
    endloop
  endfacet
  facet normal -0.23353 0.97235 0
    outer loop
      vertex -97.1257 14.4508 3
      vertex -97.7361 14.3042 8
      vertex -97.1257 14.4508 8
    endloop
  endfacet
  facet normal -0.23353 0.97235 0
    outer loop
      vertex -97.7361 14.3042 8
      vertex -97.1257 14.4508 3
      vertex -97.7361 14.3042 3
    endloop
  endfacet
  facet normal -0.852647 0.522487 0
    outer loop
      vertex -100.064 12.316 3
      vertex -99.7361 12.8511 8
      vertex -99.7361 12.8511 3
    endloop
  endfacet
  facet normal -0.852647 0.522487 0
    outer loop
      vertex -99.7361 12.8511 8
      vertex -100.064 12.316 3
      vertex -100.064 12.316 8
    endloop
  endfacet
  facet normal -0.760369 0.649492 0
    outer loop
      vertex -99.7361 12.8511 3
      vertex -99.3284 13.3284 8
      vertex -99.3284 13.3284 3
    endloop
  endfacet
  facet normal -0.760369 0.649492 0
    outer loop
      vertex -99.3284 13.3284 8
      vertex -99.7361 12.8511 3
      vertex -99.7361 12.8511 8
    endloop
  endfacet
  facet normal 0.07839 0.996923 -0
    outer loop
      vertex -95.8743 14.4508 3
      vertex -96.5 14.5 8
      vertex -95.8743 14.4508 8
    endloop
  endfacet
  facet normal 0.07839 0.996923 0
    outer loop
      vertex -96.5 14.5 8
      vertex -95.8743 14.4508 3
      vertex -96.5 14.5 3
    endloop
  endfacet
  facet normal -0.233409 -0.972379 0
    outer loop
      vertex -97.7361 6.69577 3
      vertex -97.1257 6.54925 8
      vertex -97.7361 6.69577 8
    endloop
  endfacet
  facet normal -0.233409 -0.972379 -0
    outer loop
      vertex -97.1257 6.54925 8
      vertex -97.7361 6.69577 3
      vertex -97.1257 6.54925 3
    endloop
  endfacet
  facet normal -0.996948 0.0780733 0
    outer loop
      vertex -100.5 10.5 3
      vertex -100.451 11.1257 8
      vertex -100.451 11.1257 3
    endloop
  endfacet
  facet normal -0.996948 0.0780733 0
    outer loop
      vertex -100.451 11.1257 8
      vertex -100.5 10.5 3
      vertex -100.5 10.5 8
    endloop
  endfacet
  facet normal -0.972205 0.234132 0
    outer loop
      vertex -100.451 11.1257 3
      vertex -100.304 11.7361 8
      vertex -100.304 11.7361 3
    endloop
  endfacet
  facet normal -0.972205 0.234132 0
    outer loop
      vertex -100.304 11.7361 8
      vertex -100.451 11.1257 3
      vertex -100.451 11.1257 8
    endloop
  endfacet
  facet normal 0.97235 0.23353 0
    outer loop
      vertex -34.5492 11.1257 8
      vertex -34.6958 11.7361 3
      vertex -34.6958 11.7361 8
    endloop
  endfacet
  facet normal 0.97235 0.23353 0
    outer loop
      vertex -34.6958 11.7361 3
      vertex -34.5492 11.1257 8
      vertex -34.5492 11.1257 3
    endloop
  endfacet
  facet normal 0.996923 0.07839 0
    outer loop
      vertex -34.5 10.5 8
      vertex -34.5492 11.1257 3
      vertex -34.5492 11.1257 8
    endloop
  endfacet
  facet normal 0.996923 0.07839 0
    outer loop
      vertex -34.5492 11.1257 3
      vertex -34.5 10.5 8
      vertex -34.5 10.5 3
    endloop
  endfacet
  facet normal 0.760369 0.649492 0
    outer loop
      vertex -35.2639 12.8511 8
      vertex -35.6716 13.3284 3
      vertex -35.6716 13.3284 8
    endloop
  endfacet
  facet normal 0.760369 0.649492 0
    outer loop
      vertex -35.6716 13.3284 3
      vertex -35.2639 12.8511 8
      vertex -35.2639 12.8511 3
    endloop
  endfacet
  facet normal -0.522557 -0.852604 0
    outer loop
      vertex -40.8511 7.26393 3
      vertex -40.316 6.93597 8
      vertex -40.8511 7.26393 8
    endloop
  endfacet
  facet normal -0.522557 -0.852604 -0
    outer loop
      vertex -40.316 6.93597 8
      vertex -40.8511 7.26393 3
      vertex -40.316 6.93597 3
    endloop
  endfacet
  facet normal 0.852647 0.522487 0
    outer loop
      vertex -34.936 12.316 8
      vertex -35.2639 12.8511 3
      vertex -35.2639 12.8511 8
    endloop
  endfacet
  facet normal 0.852647 0.522487 0
    outer loop
      vertex -35.2639 12.8511 3
      vertex -34.936 12.316 8
      vertex -34.936 12.316 3
    endloop
  endfacet
  facet normal 0.522557 -0.852604 0
    outer loop
      vertex -36.684 6.93597 3
      vertex -36.1489 7.26393 8
      vertex -36.684 6.93597 8
    endloop
  endfacet
  facet normal 0.522557 -0.852604 0
    outer loop
      vertex -36.1489 7.26393 8
      vertex -36.684 6.93597 3
      vertex -36.1489 7.26393 3
    endloop
  endfacet
  facet normal -0.852682 -0.522431 0
    outer loop
      vertex -41.7361 8.14886 3
      vertex -42.064 8.68404 8
      vertex -42.064 8.68404 3
    endloop
  endfacet
  facet normal -0.852682 -0.522431 0
    outer loop
      vertex -42.064 8.68404 8
      vertex -41.7361 8.14886 3
      vertex -41.7361 8.14886 8
    endloop
  endfacet
  facet normal 0.0784691 -0.996917 0
    outer loop
      vertex -38.5 6.5 3
      vertex -37.8743 6.54925 8
      vertex -38.5 6.5 8
    endloop
  endfacet
  facet normal 0.0784691 -0.996917 0
    outer loop
      vertex -37.8743 6.54925 8
      vertex -38.5 6.5 3
      vertex -37.8743 6.54925 3
    endloop
  endfacet
  facet normal -0.38268 0.923881 0
    outer loop
      vertex -39.7361 14.3042 3
      vertex -40.316 14.064 8
      vertex -39.7361 14.3042 8
    endloop
  endfacet
  facet normal -0.38268 0.923881 0
    outer loop
      vertex -40.316 14.064 8
      vertex -39.7361 14.3042 3
      vertex -40.316 14.064 3
    endloop
  endfacet
  facet normal 0.649436 -0.760416 0
    outer loop
      vertex -36.1489 7.26393 3
      vertex -35.6716 7.67157 8
      vertex -36.1489 7.26393 8
    endloop
  endfacet
  facet normal 0.649436 -0.760416 0
    outer loop
      vertex -35.6716 7.67157 8
      vertex -36.1489 7.26393 3
      vertex -35.6716 7.67157 3
    endloop
  endfacet
  facet normal -0.923881 0.38268 0
    outer loop
      vertex -42.3042 11.7361 3
      vertex -42.064 12.316 8
      vertex -42.064 12.316 3
    endloop
  endfacet
  facet normal -0.923881 0.38268 0
    outer loop
      vertex -42.064 12.316 8
      vertex -42.3042 11.7361 3
      vertex -42.3042 11.7361 8
    endloop
  endfacet
  facet normal -0.923879 -0.382686 0
    outer loop
      vertex -42.064 8.68404 3
      vertex -42.3042 9.26393 8
      vertex -42.3042 9.26393 3
    endloop
  endfacet
  facet normal -0.923879 -0.382686 0
    outer loop
      vertex -42.3042 9.26393 8
      vertex -42.064 8.68404 3
      vertex -42.064 8.68404 8
    endloop
  endfacet
  facet normal 0.38268 0.923881 -0
    outer loop
      vertex -36.684 14.064 3
      vertex -37.2639 14.3042 8
      vertex -36.684 14.064 8
    endloop
  endfacet
  facet normal 0.38268 0.923881 0
    outer loop
      vertex -37.2639 14.3042 8
      vertex -36.684 14.064 3
      vertex -37.2639 14.3042 3
    endloop
  endfacet
  facet normal -0.0784691 -0.996917 0
    outer loop
      vertex -39.1257 6.54925 3
      vertex -38.5 6.5 8
      vertex -39.1257 6.54925 8
    endloop
  endfacet
  facet normal -0.0784691 -0.996917 -0
    outer loop
      vertex -38.5 6.5 8
      vertex -39.1257 6.54925 3
      vertex -38.5 6.5 3
    endloop
  endfacet
  facet normal 0.923879 -0.382686 0
    outer loop
      vertex -34.936 8.68404 8
      vertex -34.6958 9.26393 3
      vertex -34.6958 9.26393 8
    endloop
  endfacet
  facet normal 0.923879 -0.382686 0
    outer loop
      vertex -34.6958 9.26393 3
      vertex -34.936 8.68404 8
      vertex -34.936 8.68404 3
    endloop
  endfacet
  facet normal 0 0 1
    outer loop
      vertex -37.1 10.5 8
      vertex -34.5 10.5 8
      vertex -34.5492 11.1257 8
    endloop
  endfacet
  facet normal 0 0 1
    outer loop
      vertex -37.1477 10.8623 8
      vertex -34.5492 11.1257 8
      vertex -34.6958 11.7361 8
    endloop
  endfacet
  facet normal 0 0 1
    outer loop
      vertex -34.5 10.5 8
      vertex -37.1 10.5 8
      vertex -34.5492 9.87426 8
    endloop
  endfacet
  facet normal 0 0 1
    outer loop
      vertex -37.1477 10.8623 8
      vertex -34.6958 11.7361 8
      vertex -34.936 12.316 8
    endloop
  endfacet
  facet normal -0 0 1
    outer loop
      vertex -37.1477 10.1377 8
      vertex -34.5492 9.87426 8
      vertex -37.1 10.5 8
    endloop
  endfacet
  facet normal 0 0 1
    outer loop
      vertex -37.2876 11.2 8
      vertex -34.936 12.316 8
      vertex -35.2639 12.8511 8
    endloop
  endfacet
  facet normal 0 0 1
    outer loop
      vertex -34.5492 9.87426 8
      vertex -37.1477 10.1377 8
      vertex -34.6958 9.26393 8
    endloop
  endfacet
  facet normal 0 0 1
    outer loop
      vertex -37.5101 11.4899 8
      vertex -35.2639 12.8511 8
      vertex -35.6716 13.3284 8
    endloop
  endfacet
  facet normal 0 0 1
    outer loop
      vertex -34.6958 9.26393 8
      vertex -37.1477 10.1377 8
      vertex -34.936 8.68404 8
    endloop
  endfacet
  facet normal 0 0 1
    outer loop
      vertex -37.5101 11.4899 8
      vertex -35.6716 13.3284 8
      vertex -36.1489 13.7361 8
    endloop
  endfacet
  facet normal -0 0 1
    outer loop
      vertex -37.2876 9.8 8
      vertex -34.936 8.68404 8
      vertex -37.1477 10.1377 8
    endloop
  endfacet
  facet normal 0 0 1
    outer loop
      vertex -37.8 11.7124 8
      vertex -36.1489 13.7361 8
      vertex -36.684 14.064 8
    endloop
  endfacet
  facet normal 0 0 1
    outer loop
      vertex -34.936 8.68404 8
      vertex -37.2876 9.8 8
      vertex -35.2639 8.14886 8
    endloop
  endfacet
  facet normal -0 0 1
    outer loop
      vertex -37.5101 9.51005 8
      vertex -35.2639 8.14886 8
      vertex -37.2876 9.8 8
    endloop
  endfacet
  facet normal 0 0 1
    outer loop
      vertex -34.5492 11.1257 8
      vertex -37.1477 10.8623 8
      vertex -37.1 10.5 8
    endloop
  endfacet
  facet normal 0 0 1
    outer loop
      vertex -37.8 11.7124 8
      vertex -36.684 14.064 8
      vertex -37.2639 14.3042 8
    endloop
  endfacet
  facet normal 0 0 1
    outer loop
      vertex -34.936 12.316 8
      vertex -37.2876 11.2 8
      vertex -37.1477 10.8623 8
    endloop
  endfacet
  facet normal 0 0 1
    outer loop
      vertex -35.2639 12.8511 8
      vertex -37.5101 11.4899 8
      vertex -37.2876 11.2 8
    endloop
  endfacet
  facet normal 0 0 1
    outer loop
      vertex -36.1489 13.7361 8
      vertex -37.8 11.7124 8
      vertex -37.5101 11.4899 8
    endloop
  endfacet
  facet normal 0 0 1
    outer loop
      vertex -38.1377 11.8523 8
      vertex -37.2639 14.3042 8
      vertex -37.8743 14.4508 8
    endloop
  endfacet
  facet normal 0 0 1
    outer loop
      vertex -37.2639 14.3042 8
      vertex -38.1377 11.8523 8
      vertex -37.8 11.7124 8
    endloop
  endfacet
  facet normal 0 0 1
    outer loop
      vertex -38.5 11.9 8
      vertex -37.8743 14.4508 8
      vertex -38.5 14.5 8
    endloop
  endfacet
  facet normal 0 0 1
    outer loop
      vertex -37.8743 14.4508 8
      vertex -38.5 11.9 8
      vertex -38.1377 11.8523 8
    endloop
  endfacet
  facet normal -0 0 1
    outer loop
      vertex -39.1257 14.4508 8
      vertex -38.5 11.9 8
      vertex -38.5 14.5 8
    endloop
  endfacet
  facet normal 0 0 1
    outer loop
      vertex -38.5 11.9 8
      vertex -39.1257 14.4508 8
      vertex -38.8623 11.8523 8
    endloop
  endfacet
  facet normal -0 0 1
    outer loop
      vertex -39.7361 14.3042 8
      vertex -38.8623 11.8523 8
      vertex -39.1257 14.4508 8
    endloop
  endfacet
  facet normal 0 0 1
    outer loop
      vertex -38.8623 11.8523 8
      vertex -39.7361 14.3042 8
      vertex -39.2 11.7124 8
    endloop
  endfacet
  facet normal -0 0 1
    outer loop
      vertex -40.316 14.064 8
      vertex -39.2 11.7124 8
      vertex -39.7361 14.3042 8
    endloop
  endfacet
  facet normal -0 0 1
    outer loop
      vertex -40.8511 13.7361 8
      vertex -39.2 11.7124 8
      vertex -40.316 14.064 8
    endloop
  endfacet
  facet normal 0 0 1
    outer loop
      vertex -39.2 11.7124 8
      vertex -40.8511 13.7361 8
      vertex -39.4899 11.4899 8
    endloop
  endfacet
  facet normal -0 0 1
    outer loop
      vertex -41.3284 13.3284 8
      vertex -39.4899 11.4899 8
      vertex -40.8511 13.7361 8
    endloop
  endfacet
  facet normal -0 0 1
    outer loop
      vertex -41.7361 12.8511 8
      vertex -39.4899 11.4899 8
      vertex -41.3284 13.3284 8
    endloop
  endfacet
  facet normal 0 0 1
    outer loop
      vertex -35.2639 8.14886 8
      vertex -37.5101 9.51005 8
      vertex -35.6716 7.67157 8
    endloop
  endfacet
  facet normal 0 0 1
    outer loop
      vertex -35.6716 7.67157 8
      vertex -37.5101 9.51005 8
      vertex -36.1489 7.26393 8
    endloop
  endfacet
  facet normal -0 0 1
    outer loop
      vertex -37.8 9.28757 8
      vertex -36.1489 7.26393 8
      vertex -37.5101 9.51005 8
    endloop
  endfacet
  facet normal 0 0 1
    outer loop
      vertex -36.1489 7.26393 8
      vertex -37.8 9.28757 8
      vertex -36.684 6.93597 8
    endloop
  endfacet
  facet normal 0 0 1
    outer loop
      vertex -36.684 6.93597 8
      vertex -37.8 9.28757 8
      vertex -37.2639 6.69577 8
    endloop
  endfacet
  facet normal -0 0 1
    outer loop
      vertex -38.1377 9.1477 8
      vertex -37.2639 6.69577 8
      vertex -37.8 9.28757 8
    endloop
  endfacet
  facet normal 0 0 1
    outer loop
      vertex -37.2639 6.69577 8
      vertex -38.1377 9.1477 8
      vertex -37.8743 6.54925 8
    endloop
  endfacet
  facet normal -0 0 1
    outer loop
      vertex -38.5 9.1 8
      vertex -37.8743 6.54925 8
      vertex -38.1377 9.1477 8
    endloop
  endfacet
  facet normal 0 0 1
    outer loop
      vertex -38.5 9.1 8
      vertex -38.5 6.5 8
      vertex -37.8743 6.54925 8
    endloop
  endfacet
  facet normal 0 0 1
    outer loop
      vertex -39.1257 6.54925 8
      vertex -38.5 9.1 8
      vertex -38.8623 9.1477 8
    endloop
  endfacet
  facet normal 0 0 1
    outer loop
      vertex -38.5 9.1 8
      vertex -39.1257 6.54925 8
      vertex -38.5 6.5 8
    endloop
  endfacet
  facet normal 0 0 1
    outer loop
      vertex -39.7361 6.69577 8
      vertex -38.8623 9.1477 8
      vertex -39.2 9.28757 8
    endloop
  endfacet
  facet normal 0 0 1
    outer loop
      vertex -40.8511 7.26393 8
      vertex -39.2 9.28757 8
      vertex -39.4899 9.51005 8
    endloop
  endfacet
  facet normal 0 0 1
    outer loop
      vertex -41.7361 8.14886 8
      vertex -39.4899 9.51005 8
      vertex -39.7124 9.8 8
    endloop
  endfacet
  facet normal 0 0 1
    outer loop
      vertex -38.8623 9.1477 8
      vertex -39.7361 6.69577 8
      vertex -39.1257 6.54925 8
    endloop
  endfacet
  facet normal 0 0 1
    outer loop
      vertex -42.064 8.68404 8
      vertex -39.7124 9.8 8
      vertex -39.8523 10.1377 8
    endloop
  endfacet
  facet normal 0 0 1
    outer loop
      vertex -42.4508 9.87426 8
      vertex -39.8523 10.1377 8
      vertex -39.9 10.5 8
    endloop
  endfacet
  facet normal 0 0 1
    outer loop
      vertex -39.4899 11.4899 8
      vertex -41.7361 12.8511 8
      vertex -39.7124 11.2 8
    endloop
  endfacet
  facet normal 0 0 1
    outer loop
      vertex -39.2 9.28757 8
      vertex -40.316 6.93597 8
      vertex -39.7361 6.69577 8
    endloop
  endfacet
  facet normal -0 0 1
    outer loop
      vertex -42.064 12.316 8
      vertex -39.7124 11.2 8
      vertex -41.7361 12.8511 8
    endloop
  endfacet
  facet normal 0 0 1
    outer loop
      vertex -39.2 9.28757 8
      vertex -40.8511 7.26393 8
      vertex -40.316 6.93597 8
    endloop
  endfacet
  facet normal 0 0 1
    outer loop
      vertex -39.7124 11.2 8
      vertex -42.064 12.316 8
      vertex -39.8523 10.8623 8
    endloop
  endfacet
  facet normal 0 0 1
    outer loop
      vertex -39.4899 9.51005 8
      vertex -41.3284 7.67157 8
      vertex -40.8511 7.26393 8
    endloop
  endfacet
  facet normal -0 0 1
    outer loop
      vertex -42.3042 11.7361 8
      vertex -39.8523 10.8623 8
      vertex -42.064 12.316 8
    endloop
  endfacet
  facet normal 0 0 1
    outer loop
      vertex -39.4899 9.51005 8
      vertex -41.7361 8.14886 8
      vertex -41.3284 7.67157 8
    endloop
  endfacet
  facet normal -0 0 1
    outer loop
      vertex -42.4508 11.1257 8
      vertex -39.8523 10.8623 8
      vertex -42.3042 11.7361 8
    endloop
  endfacet
  facet normal 0 0 1
    outer loop
      vertex -39.7124 9.8 8
      vertex -42.064 8.68404 8
      vertex -41.7361 8.14886 8
    endloop
  endfacet
  facet normal 0 0 1
    outer loop
      vertex -39.8523 10.8623 8
      vertex -42.4508 11.1257 8
      vertex -39.9 10.5 8
    endloop
  endfacet
  facet normal 0 0 1
    outer loop
      vertex -39.8523 10.1377 8
      vertex -42.3042 9.26393 8
      vertex -42.064 8.68404 8
    endloop
  endfacet
  facet normal 0 0 1
    outer loop
      vertex -42.5 10.5 8
      vertex -39.9 10.5 8
      vertex -42.4508 11.1257 8
    endloop
  endfacet
  facet normal 0 0 1
    outer loop
      vertex -39.8523 10.1377 8
      vertex -42.4508 9.87426 8
      vertex -42.3042 9.26393 8
    endloop
  endfacet
  facet normal 0 0 1
    outer loop
      vertex -39.9 10.5 8
      vertex -42.5 10.5 8
      vertex -42.4508 9.87426 8
    endloop
  endfacet
  facet normal -0.07839 0.996923 0
    outer loop
      vertex -38.5 14.5 3
      vertex -39.1257 14.4508 8
      vertex -38.5 14.5 8
    endloop
  endfacet
  facet normal -0.07839 0.996923 0
    outer loop
      vertex -39.1257 14.4508 8
      vertex -38.5 14.5 3
      vertex -39.1257 14.4508 3
    endloop
  endfacet
  facet normal 0.923881 0.38268 0
    outer loop
      vertex -34.6958 11.7361 8
      vertex -34.936 12.316 3
      vertex -34.936 12.316 8
    endloop
  endfacet
  facet normal 0.923881 0.38268 0
    outer loop
      vertex -34.936 12.316 3
      vertex -34.6958 11.7361 8
      vertex -34.6958 11.7361 3
    endloop
  endfacet
  facet normal 0.972344 -0.233555 0
    outer loop
      vertex -34.6958 9.26393 8
      vertex -34.5492 9.87426 3
      vertex -34.5492 9.87426 8
    endloop
  endfacet
  facet normal 0.972344 -0.233555 0
    outer loop
      vertex -34.5492 9.87426 3
      vertex -34.6958 9.26393 8
      vertex -34.6958 9.26393 3
    endloop
  endfacet
  facet normal 0.233409 -0.972379 0
    outer loop
      vertex -37.8743 6.54925 3
      vertex -37.2639 6.69577 8
      vertex -37.8743 6.54925 8
    endloop
  endfacet
  facet normal 0.233409 -0.972379 0
    outer loop
      vertex -37.2639 6.69577 8
      vertex -37.8743 6.54925 3
      vertex -37.2639 6.69577 3
    endloop
  endfacet
  facet normal -0.522487 0.852647 0
    outer loop
      vertex -40.316 14.064 3
      vertex -40.8511 13.7361 8
      vertex -40.316 14.064 8
    endloop
  endfacet
  facet normal -0.522487 0.852647 0
    outer loop
      vertex -40.8511 13.7361 8
      vertex -40.316 14.064 3
      vertex -40.8511 13.7361 3
    endloop
  endfacet
  facet normal 0.23353 0.97235 -0
    outer loop
      vertex -37.2639 14.3042 3
      vertex -37.8743 14.4508 8
      vertex -37.2639 14.3042 8
    endloop
  endfacet
  facet normal 0.23353 0.97235 0
    outer loop
      vertex -37.8743 14.4508 8
      vertex -37.2639 14.3042 3
      vertex -37.8743 14.4508 3
    endloop
  endfacet
  facet normal -0.760362 -0.649499 0
    outer loop
      vertex -41.3284 7.67157 3
      vertex -41.7361 8.14886 8
      vertex -41.7361 8.14886 3
    endloop
  endfacet
  facet normal -0.760362 -0.649499 0
    outer loop
      vertex -41.7361 8.14886 8
      vertex -41.3284 7.67157 3
      vertex -41.3284 7.67157 8
    endloop
  endfacet
  facet normal -0.996923 -0.078385 0
    outer loop
      vertex -42.4508 9.87426 3
      vertex -42.5 10.5 8
      vertex -42.5 10.5 3
    endloop
  endfacet
  facet normal -0.996923 -0.078385 0
    outer loop
      vertex -42.5 10.5 8
      vertex -42.4508 9.87426 3
      vertex -42.4508 9.87426 8
    endloop
  endfacet
  facet normal -0.38268 -0.923881 0
    outer loop
      vertex -40.316 6.93597 3
      vertex -39.7361 6.69577 8
      vertex -40.316 6.93597 8
    endloop
  endfacet
  facet normal -0.38268 -0.923881 -0
    outer loop
      vertex -39.7361 6.69577 8
      vertex -40.316 6.93597 3
      vertex -39.7361 6.69577 3
    endloop
  endfacet
  facet normal 0.852682 -0.522431 0
    outer loop
      vertex -35.2639 8.14886 8
      vertex -34.936 8.68404 3
      vertex -34.936 8.68404 8
    endloop
  endfacet
  facet normal 0.852682 -0.522431 0
    outer loop
      vertex -34.936 8.68404 3
      vertex -35.2639 8.14886 8
      vertex -35.2639 8.14886 3
    endloop
  endfacet
  facet normal -0.649492 0.760369 0
    outer loop
      vertex -40.8511 13.7361 3
      vertex -41.3284 13.3284 8
      vertex -40.8511 13.7361 8
    endloop
  endfacet
  facet normal -0.649492 0.760369 0
    outer loop
      vertex -41.3284 13.3284 8
      vertex -40.8511 13.7361 3
      vertex -41.3284 13.3284 3
    endloop
  endfacet
  facet normal 0.649492 0.760369 -0
    outer loop
      vertex -35.6716 13.3284 3
      vertex -36.1489 13.7361 8
      vertex -35.6716 13.3284 8
    endloop
  endfacet
  facet normal 0.649492 0.760369 0
    outer loop
      vertex -36.1489 13.7361 8
      vertex -35.6716 13.3284 3
      vertex -36.1489 13.7361 3
    endloop
  endfacet
  facet normal 0.38268 -0.923881 0
    outer loop
      vertex -37.2639 6.69577 3
      vertex -36.684 6.93597 8
      vertex -37.2639 6.69577 8
    endloop
  endfacet
  facet normal 0.38268 -0.923881 0
    outer loop
      vertex -36.684 6.93597 8
      vertex -37.2639 6.69577 3
      vertex -36.684 6.93597 3
    endloop
  endfacet
  facet normal 0.522487 0.852647 -0
    outer loop
      vertex -36.1489 13.7361 3
      vertex -36.684 14.064 8
      vertex -36.1489 13.7361 8
    endloop
  endfacet
  facet normal 0.522487 0.852647 0
    outer loop
      vertex -36.684 14.064 8
      vertex -36.1489 13.7361 3
      vertex -36.684 14.064 3
    endloop
  endfacet
  facet normal -0.649436 -0.760416 0
    outer loop
      vertex -41.3284 7.67157 3
      vertex -40.8511 7.26393 8
      vertex -41.3284 7.67157 8
    endloop
  endfacet
  facet normal -0.649436 -0.760416 -0
    outer loop
      vertex -40.8511 7.26393 8
      vertex -41.3284 7.67157 3
      vertex -40.8511 7.26393 3
    endloop
  endfacet
  facet normal 0.996923 -0.078385 0
    outer loop
      vertex -34.5492 9.87426 8
      vertex -34.5 10.5 3
      vertex -34.5 10.5 8
    endloop
  endfacet
  facet normal 0.996923 -0.078385 0
    outer loop
      vertex -34.5 10.5 3
      vertex -34.5492 9.87426 8
      vertex -34.5492 9.87426 3
    endloop
  endfacet
  facet normal -0.972344 -0.233555 0
    outer loop
      vertex -42.3042 9.26393 3
      vertex -42.4508 9.87426 8
      vertex -42.4508 9.87426 3
    endloop
  endfacet
  facet normal -0.972344 -0.233555 0
    outer loop
      vertex -42.4508 9.87426 8
      vertex -42.3042 9.26393 3
      vertex -42.3042 9.26393 8
    endloop
  endfacet
  facet normal 0.760362 -0.649499 0
    outer loop
      vertex -35.6716 7.67157 8
      vertex -35.2639 8.14886 3
      vertex -35.2639 8.14886 8
    endloop
  endfacet
  facet normal 0.760362 -0.649499 0
    outer loop
      vertex -35.2639 8.14886 3
      vertex -35.6716 7.67157 8
      vertex -35.6716 7.67157 3
    endloop
  endfacet
  facet normal -0.23353 0.97235 0
    outer loop
      vertex -39.1257 14.4508 3
      vertex -39.7361 14.3042 8
      vertex -39.1257 14.4508 8
    endloop
  endfacet
  facet normal -0.23353 0.97235 0
    outer loop
      vertex -39.7361 14.3042 8
      vertex -39.1257 14.4508 3
      vertex -39.7361 14.3042 3
    endloop
  endfacet
  facet normal -0.852647 0.522487 0
    outer loop
      vertex -42.064 12.316 3
      vertex -41.7361 12.8511 8
      vertex -41.7361 12.8511 3
    endloop
  endfacet
  facet normal -0.852647 0.522487 0
    outer loop
      vertex -41.7361 12.8511 8
      vertex -42.064 12.316 3
      vertex -42.064 12.316 8
    endloop
  endfacet
  facet normal -0.760369 0.649492 0
    outer loop
      vertex -41.7361 12.8511 3
      vertex -41.3284 13.3284 8
      vertex -41.3284 13.3284 3
    endloop
  endfacet
  facet normal -0.760369 0.649492 0
    outer loop
      vertex -41.3284 13.3284 8
      vertex -41.7361 12.8511 3
      vertex -41.7361 12.8511 8
    endloop
  endfacet
  facet normal 0.07839 0.996923 -0
    outer loop
      vertex -37.8743 14.4508 3
      vertex -38.5 14.5 8
      vertex -37.8743 14.4508 8
    endloop
  endfacet
  facet normal 0.07839 0.996923 0
    outer loop
      vertex -38.5 14.5 8
      vertex -37.8743 14.4508 3
      vertex -38.5 14.5 3
    endloop
  endfacet
  facet normal -0.996923 0.07839 0
    outer loop
      vertex -42.5 10.5 3
      vertex -42.4508 11.1257 8
      vertex -42.4508 11.1257 3
    endloop
  endfacet
  facet normal -0.996923 0.07839 0
    outer loop
      vertex -42.4508 11.1257 8
      vertex -42.5 10.5 3
      vertex -42.5 10.5 8
    endloop
  endfacet
  facet normal -0.97235 0.23353 0
    outer loop
      vertex -42.4508 11.1257 3
      vertex -42.3042 11.7361 8
      vertex -42.3042 11.7361 3
    endloop
  endfacet
  facet normal -0.97235 0.23353 0
    outer loop
      vertex -42.3042 11.7361 8
      vertex -42.4508 11.1257 3
      vertex -42.4508 11.1257 8
    endloop
  endfacet
  facet normal -0.233409 -0.972379 0
    outer loop
      vertex -39.7361 6.69577 3
      vertex -39.1257 6.54925 8
      vertex -39.7361 6.69577 8
    endloop
  endfacet
  facet normal -0.233409 -0.972379 -0
    outer loop
      vertex -39.1257 6.54925 8
      vertex -39.7361 6.69577 3
      vertex -39.1257 6.54925 3
    endloop
  endfacet
  facet normal 0.97235 0.23353 0
    outer loop
      vertex -92.5492 60.1257 8
      vertex -92.6958 60.7361 3
      vertex -92.6958 60.7361 8
    endloop
  endfacet
  facet normal 0.97235 0.23353 0
    outer loop
      vertex -92.6958 60.7361 3
      vertex -92.5492 60.1257 8
      vertex -92.5492 60.1257 3
    endloop
  endfacet
  facet normal 0.996923 0.07839 0
    outer loop
      vertex -92.5 59.5 8
      vertex -92.5492 60.1257 3
      vertex -92.5492 60.1257 8
    endloop
  endfacet
  facet normal 0.996923 0.07839 0
    outer loop
      vertex -92.5492 60.1257 3
      vertex -92.5 59.5 8
      vertex -92.5 59.5 3
    endloop
  endfacet
  facet normal 0.760369 0.649492 0
    outer loop
      vertex -93.2639 61.8511 8
      vertex -93.6716 62.3284 3
      vertex -93.6716 62.3284 8
    endloop
  endfacet
  facet normal 0.760369 0.649492 0
    outer loop
      vertex -93.6716 62.3284 3
      vertex -93.2639 61.8511 8
      vertex -93.2639 61.8511 3
    endloop
  endfacet
  facet normal -0.522487 -0.852647 0
    outer loop
      vertex -98.8511 56.2639 3
      vertex -98.316 55.936 8
      vertex -98.8511 56.2639 8
    endloop
  endfacet
  facet normal -0.522487 -0.852647 -0
    outer loop
      vertex -98.316 55.936 8
      vertex -98.8511 56.2639 3
      vertex -98.316 55.936 3
    endloop
  endfacet
  facet normal 0.852647 0.522487 0
    outer loop
      vertex -92.936 61.316 8
      vertex -93.2639 61.8511 3
      vertex -93.2639 61.8511 8
    endloop
  endfacet
  facet normal 0.852647 0.522487 0
    outer loop
      vertex -93.2639 61.8511 3
      vertex -92.936 61.316 8
      vertex -92.936 61.316 3
    endloop
  endfacet
  facet normal 0.522487 -0.852647 0
    outer loop
      vertex -94.684 55.936 3
      vertex -94.1489 56.2639 8
      vertex -94.684 55.936 8
    endloop
  endfacet
  facet normal 0.522487 -0.852647 0
    outer loop
      vertex -94.1489 56.2639 8
      vertex -94.684 55.936 3
      vertex -94.1489 56.2639 3
    endloop
  endfacet
  facet normal -0.852647 -0.522487 0
    outer loop
      vertex -99.7361 57.1489 3
      vertex -100.064 57.684 8
      vertex -100.064 57.684 3
    endloop
  endfacet
  facet normal -0.852647 -0.522487 0
    outer loop
      vertex -100.064 57.684 8
      vertex -99.7361 57.1489 3
      vertex -99.7361 57.1489 8
    endloop
  endfacet
  facet normal 0.07839 -0.996923 0
    outer loop
      vertex -96.5 55.5 3
      vertex -95.8743 55.5492 8
      vertex -96.5 55.5 8
    endloop
  endfacet
  facet normal 0.07839 -0.996923 0
    outer loop
      vertex -95.8743 55.5492 8
      vertex -96.5 55.5 3
      vertex -95.8743 55.5492 3
    endloop
  endfacet
  facet normal -0.38268 0.923881 0
    outer loop
      vertex -97.7361 63.3042 3
      vertex -98.316 63.064 8
      vertex -97.7361 63.3042 8
    endloop
  endfacet
  facet normal -0.38268 0.923881 0
    outer loop
      vertex -98.316 63.064 8
      vertex -97.7361 63.3042 3
      vertex -98.316 63.064 3
    endloop
  endfacet
  facet normal 0.649492 -0.760369 0
    outer loop
      vertex -94.1489 56.2639 3
      vertex -93.6716 56.6716 8
      vertex -94.1489 56.2639 8
    endloop
  endfacet
  facet normal 0.649492 -0.760369 0
    outer loop
      vertex -93.6716 56.6716 8
      vertex -94.1489 56.2639 3
      vertex -93.6716 56.6716 3
    endloop
  endfacet
  facet normal -0.923994 0.382408 0
    outer loop
      vertex -100.304 60.7361 3
      vertex -100.064 61.316 8
      vertex -100.064 61.316 3
    endloop
  endfacet
  facet normal -0.923994 0.382408 0
    outer loop
      vertex -100.064 61.316 8
      vertex -100.304 60.7361 3
      vertex -100.304 60.7361 8
    endloop
  endfacet
  facet normal -0.923994 -0.382408 0
    outer loop
      vertex -100.064 57.684 3
      vertex -100.304 58.2639 8
      vertex -100.304 58.2639 3
    endloop
  endfacet
  facet normal -0.923994 -0.382408 0
    outer loop
      vertex -100.304 58.2639 8
      vertex -100.064 57.684 3
      vertex -100.064 57.684 8
    endloop
  endfacet
  facet normal 0.38268 0.923881 -0
    outer loop
      vertex -94.684 63.064 3
      vertex -95.2639 63.3042 8
      vertex -94.684 63.064 8
    endloop
  endfacet
  facet normal 0.38268 0.923881 0
    outer loop
      vertex -95.2639 63.3042 8
      vertex -94.684 63.064 3
      vertex -95.2639 63.3042 3
    endloop
  endfacet
  facet normal -0.07839 -0.996923 0
    outer loop
      vertex -97.1257 55.5492 3
      vertex -96.5 55.5 8
      vertex -97.1257 55.5492 8
    endloop
  endfacet
  facet normal -0.07839 -0.996923 -0
    outer loop
      vertex -96.5 55.5 8
      vertex -97.1257 55.5492 3
      vertex -96.5 55.5 3
    endloop
  endfacet
  facet normal 0.923881 -0.38268 0
    outer loop
      vertex -92.936 57.684 8
      vertex -92.6958 58.2639 3
      vertex -92.6958 58.2639 8
    endloop
  endfacet
  facet normal 0.923881 -0.38268 0
    outer loop
      vertex -92.6958 58.2639 3
      vertex -92.936 57.684 8
      vertex -92.936 57.684 3
    endloop
  endfacet
  facet normal 0 0 1
    outer loop
      vertex -95.1 59.5 8
      vertex -92.5 59.5 8
      vertex -92.5492 60.1257 8
    endloop
  endfacet
  facet normal 0 0 1
    outer loop
      vertex -95.1477 59.8623 8
      vertex -92.5492 60.1257 8
      vertex -92.6958 60.7361 8
    endloop
  endfacet
  facet normal 0 0 1
    outer loop
      vertex -92.5 59.5 8
      vertex -95.1 59.5 8
      vertex -92.5492 58.8743 8
    endloop
  endfacet
  facet normal 0 0 1
    outer loop
      vertex -95.1477 59.8623 8
      vertex -92.6958 60.7361 8
      vertex -92.936 61.316 8
    endloop
  endfacet
  facet normal -0 0 1
    outer loop
      vertex -95.1477 59.1377 8
      vertex -92.5492 58.8743 8
      vertex -95.1 59.5 8
    endloop
  endfacet
  facet normal 0 0 1
    outer loop
      vertex -95.2876 60.2 8
      vertex -92.936 61.316 8
      vertex -93.2639 61.8511 8
    endloop
  endfacet
  facet normal 0 0 1
    outer loop
      vertex -92.5492 58.8743 8
      vertex -95.1477 59.1377 8
      vertex -92.6958 58.2639 8
    endloop
  endfacet
  facet normal 0 0 1
    outer loop
      vertex -95.51 60.4899 8
      vertex -93.2639 61.8511 8
      vertex -93.6716 62.3284 8
    endloop
  endfacet
  facet normal 0 0 1
    outer loop
      vertex -92.6958 58.2639 8
      vertex -95.1477 59.1377 8
      vertex -92.936 57.684 8
    endloop
  endfacet
  facet normal 0 0 1
    outer loop
      vertex -95.51 60.4899 8
      vertex -93.6716 62.3284 8
      vertex -94.1489 62.7361 8
    endloop
  endfacet
  facet normal -0 0 1
    outer loop
      vertex -95.2876 58.8 8
      vertex -92.936 57.684 8
      vertex -95.1477 59.1377 8
    endloop
  endfacet
  facet normal 0 0 1
    outer loop
      vertex -95.8 60.7124 8
      vertex -94.1489 62.7361 8
      vertex -94.684 63.064 8
    endloop
  endfacet
  facet normal 0 0 1
    outer loop
      vertex -92.936 57.684 8
      vertex -95.2876 58.8 8
      vertex -93.2639 57.1489 8
    endloop
  endfacet
  facet normal -0 0 1
    outer loop
      vertex -95.51 58.5101 8
      vertex -93.2639 57.1489 8
      vertex -95.2876 58.8 8
    endloop
  endfacet
  facet normal 0 0 1
    outer loop
      vertex -92.5492 60.1257 8
      vertex -95.1477 59.8623 8
      vertex -95.1 59.5 8
    endloop
  endfacet
  facet normal 0 0 1
    outer loop
      vertex -95.8 60.7124 8
      vertex -94.684 63.064 8
      vertex -95.2639 63.3042 8
    endloop
  endfacet
  facet normal 0 0 1
    outer loop
      vertex -92.936 61.316 8
      vertex -95.2876 60.2 8
      vertex -95.1477 59.8623 8
    endloop
  endfacet
  facet normal 0 0 1
    outer loop
      vertex -93.2639 61.8511 8
      vertex -95.51 60.4899 8
      vertex -95.2876 60.2 8
    endloop
  endfacet
  facet normal 0 0 1
    outer loop
      vertex -94.1489 62.7361 8
      vertex -95.8 60.7124 8
      vertex -95.51 60.4899 8
    endloop
  endfacet
  facet normal 0 0 1
    outer loop
      vertex -96.1376 60.8523 8
      vertex -95.2639 63.3042 8
      vertex -95.8743 63.4508 8
    endloop
  endfacet
  facet normal 0 0 1
    outer loop
      vertex -95.2639 63.3042 8
      vertex -96.1376 60.8523 8
      vertex -95.8 60.7124 8
    endloop
  endfacet
  facet normal 0 0 1
    outer loop
      vertex -96.5 60.9 8
      vertex -95.8743 63.4508 8
      vertex -96.5 63.5 8
    endloop
  endfacet
  facet normal 0 0 1
    outer loop
      vertex -95.8743 63.4508 8
      vertex -96.5 60.9 8
      vertex -96.1376 60.8523 8
    endloop
  endfacet
  facet normal -0 0 1
    outer loop
      vertex -97.1257 63.4508 8
      vertex -96.5 60.9 8
      vertex -96.5 63.5 8
    endloop
  endfacet
  facet normal 0 0 1
    outer loop
      vertex -96.5 60.9 8
      vertex -97.1257 63.4508 8
      vertex -96.8624 60.8523 8
    endloop
  endfacet
  facet normal -0 0 1
    outer loop
      vertex -97.7361 63.3042 8
      vertex -96.8624 60.8523 8
      vertex -97.1257 63.4508 8
    endloop
  endfacet
  facet normal 0 0 1
    outer loop
      vertex -96.8624 60.8523 8
      vertex -97.7361 63.3042 8
      vertex -97.2 60.7124 8
    endloop
  endfacet
  facet normal -0 0 1
    outer loop
      vertex -98.316 63.064 8
      vertex -97.2 60.7124 8
      vertex -97.7361 63.3042 8
    endloop
  endfacet
  facet normal -0 0 1
    outer loop
      vertex -98.8511 62.7361 8
      vertex -97.2 60.7124 8
      vertex -98.316 63.064 8
    endloop
  endfacet
  facet normal 0 0 1
    outer loop
      vertex -97.2 60.7124 8
      vertex -98.8511 62.7361 8
      vertex -97.49 60.4899 8
    endloop
  endfacet
  facet normal -0 0 1
    outer loop
      vertex -99.3284 62.3284 8
      vertex -97.49 60.4899 8
      vertex -98.8511 62.7361 8
    endloop
  endfacet
  facet normal -0 0 1
    outer loop
      vertex -99.7361 61.8511 8
      vertex -97.49 60.4899 8
      vertex -99.3284 62.3284 8
    endloop
  endfacet
  facet normal 0 0 1
    outer loop
      vertex -93.2639 57.1489 8
      vertex -95.51 58.5101 8
      vertex -93.6716 56.6716 8
    endloop
  endfacet
  facet normal 0 0 1
    outer loop
      vertex -93.6716 56.6716 8
      vertex -95.51 58.5101 8
      vertex -94.1489 56.2639 8
    endloop
  endfacet
  facet normal -0 0 1
    outer loop
      vertex -95.8 58.2876 8
      vertex -94.1489 56.2639 8
      vertex -95.51 58.5101 8
    endloop
  endfacet
  facet normal 0 0 1
    outer loop
      vertex -94.1489 56.2639 8
      vertex -95.8 58.2876 8
      vertex -94.684 55.936 8
    endloop
  endfacet
  facet normal 0 0 1
    outer loop
      vertex -94.684 55.936 8
      vertex -95.8 58.2876 8
      vertex -95.2639 55.6958 8
    endloop
  endfacet
  facet normal -0 0 1
    outer loop
      vertex -96.1376 58.1477 8
      vertex -95.2639 55.6958 8
      vertex -95.8 58.2876 8
    endloop
  endfacet
  facet normal 0 0 1
    outer loop
      vertex -95.2639 55.6958 8
      vertex -96.1376 58.1477 8
      vertex -95.8743 55.5492 8
    endloop
  endfacet
  facet normal -0 0 1
    outer loop
      vertex -96.5 58.1 8
      vertex -95.8743 55.5492 8
      vertex -96.1376 58.1477 8
    endloop
  endfacet
  facet normal 0 0 1
    outer loop
      vertex -96.5 58.1 8
      vertex -96.5 55.5 8
      vertex -95.8743 55.5492 8
    endloop
  endfacet
  facet normal 0 0 1
    outer loop
      vertex -97.1257 55.5492 8
      vertex -96.5 58.1 8
      vertex -96.8624 58.1477 8
    endloop
  endfacet
  facet normal 0 0 1
    outer loop
      vertex -96.5 58.1 8
      vertex -97.1257 55.5492 8
      vertex -96.5 55.5 8
    endloop
  endfacet
  facet normal 0 0 1
    outer loop
      vertex -97.7361 55.6958 8
      vertex -96.8624 58.1477 8
      vertex -97.2 58.2876 8
    endloop
  endfacet
  facet normal 0 0 1
    outer loop
      vertex -98.8511 56.2639 8
      vertex -97.2 58.2876 8
      vertex -97.49 58.5101 8
    endloop
  endfacet
  facet normal 0 0 1
    outer loop
      vertex -99.7361 57.1489 8
      vertex -97.49 58.5101 8
      vertex -97.7124 58.8 8
    endloop
  endfacet
  facet normal 0 0 1
    outer loop
      vertex -96.8624 58.1477 8
      vertex -97.7361 55.6958 8
      vertex -97.1257 55.5492 8
    endloop
  endfacet
  facet normal 0 0 1
    outer loop
      vertex -100.064 57.684 8
      vertex -97.7124 58.8 8
      vertex -97.8523 59.1377 8
    endloop
  endfacet
  facet normal 0 0 1
    outer loop
      vertex -100.451 58.8743 8
      vertex -97.8523 59.1377 8
      vertex -97.9 59.5 8
    endloop
  endfacet
  facet normal 0 0 1
    outer loop
      vertex -97.49 60.4899 8
      vertex -99.7361 61.8511 8
      vertex -97.7124 60.2 8
    endloop
  endfacet
  facet normal 0 0 1
    outer loop
      vertex -97.2 58.2876 8
      vertex -98.316 55.936 8
      vertex -97.7361 55.6958 8
    endloop
  endfacet
  facet normal -0 0 1
    outer loop
      vertex -100.064 61.316 8
      vertex -97.7124 60.2 8
      vertex -99.7361 61.8511 8
    endloop
  endfacet
  facet normal 0 0 1
    outer loop
      vertex -97.2 58.2876 8
      vertex -98.8511 56.2639 8
      vertex -98.316 55.936 8
    endloop
  endfacet
  facet normal 0 0 1
    outer loop
      vertex -97.7124 60.2 8
      vertex -100.064 61.316 8
      vertex -97.8523 59.8623 8
    endloop
  endfacet
  facet normal 0 0 1
    outer loop
      vertex -97.49 58.5101 8
      vertex -99.3284 56.6716 8
      vertex -98.8511 56.2639 8
    endloop
  endfacet
  facet normal -0 0 1
    outer loop
      vertex -100.304 60.7361 8
      vertex -97.8523 59.8623 8
      vertex -100.064 61.316 8
    endloop
  endfacet
  facet normal 0 0 1
    outer loop
      vertex -97.49 58.5101 8
      vertex -99.7361 57.1489 8
      vertex -99.3284 56.6716 8
    endloop
  endfacet
  facet normal -0 0 1
    outer loop
      vertex -100.451 60.1257 8
      vertex -97.8523 59.8623 8
      vertex -100.304 60.7361 8
    endloop
  endfacet
  facet normal 0 0 1
    outer loop
      vertex -97.7124 58.8 8
      vertex -100.064 57.684 8
      vertex -99.7361 57.1489 8
    endloop
  endfacet
  facet normal 0 0 1
    outer loop
      vertex -97.8523 59.8623 8
      vertex -100.451 60.1257 8
      vertex -97.9 59.5 8
    endloop
  endfacet
  facet normal 0 0 1
    outer loop
      vertex -97.8523 59.1377 8
      vertex -100.304 58.2639 8
      vertex -100.064 57.684 8
    endloop
  endfacet
  facet normal 0 0 1
    outer loop
      vertex -100.5 59.5 8
      vertex -97.9 59.5 8
      vertex -100.451 60.1257 8
    endloop
  endfacet
  facet normal 0 0 1
    outer loop
      vertex -97.8523 59.1377 8
      vertex -100.451 58.8743 8
      vertex -100.304 58.2639 8
    endloop
  endfacet
  facet normal 0 0 1
    outer loop
      vertex -97.9 59.5 8
      vertex -100.5 59.5 8
      vertex -100.451 58.8743 8
    endloop
  endfacet
  facet normal -0.07839 0.996923 0
    outer loop
      vertex -96.5 63.5 3
      vertex -97.1257 63.4508 8
      vertex -96.5 63.5 8
    endloop
  endfacet
  facet normal -0.07839 0.996923 0
    outer loop
      vertex -97.1257 63.4508 8
      vertex -96.5 63.5 3
      vertex -97.1257 63.4508 3
    endloop
  endfacet
  facet normal 0.923881 0.38268 0
    outer loop
      vertex -92.6958 60.7361 8
      vertex -92.936 61.316 3
      vertex -92.936 61.316 8
    endloop
  endfacet
  facet normal 0.923881 0.38268 0
    outer loop
      vertex -92.936 61.316 3
      vertex -92.6958 60.7361 8
      vertex -92.6958 60.7361 3
    endloop
  endfacet
  facet normal 0.97235 -0.23353 0
    outer loop
      vertex -92.6958 58.2639 8
      vertex -92.5492 58.8743 3
      vertex -92.5492 58.8743 8
    endloop
  endfacet
  facet normal 0.97235 -0.23353 0
    outer loop
      vertex -92.5492 58.8743 3
      vertex -92.6958 58.2639 8
      vertex -92.6958 58.2639 3
    endloop
  endfacet
  facet normal 0.23353 -0.97235 0
    outer loop
      vertex -95.8743 55.5492 3
      vertex -95.2639 55.6958 8
      vertex -95.8743 55.5492 8
    endloop
  endfacet
  facet normal 0.23353 -0.97235 0
    outer loop
      vertex -95.2639 55.6958 8
      vertex -95.8743 55.5492 3
      vertex -95.2639 55.6958 3
    endloop
  endfacet
  facet normal -0.522487 0.852647 0
    outer loop
      vertex -98.316 63.064 3
      vertex -98.8511 62.7361 8
      vertex -98.316 63.064 8
    endloop
  endfacet
  facet normal -0.522487 0.852647 0
    outer loop
      vertex -98.8511 62.7361 8
      vertex -98.316 63.064 3
      vertex -98.8511 62.7361 3
    endloop
  endfacet
  facet normal 0.23353 0.97235 -0
    outer loop
      vertex -95.2639 63.3042 3
      vertex -95.8743 63.4508 8
      vertex -95.2639 63.3042 8
    endloop
  endfacet
  facet normal 0.23353 0.97235 0
    outer loop
      vertex -95.8743 63.4508 8
      vertex -95.2639 63.3042 3
      vertex -95.8743 63.4508 3
    endloop
  endfacet
  facet normal -0.760369 -0.649492 0
    outer loop
      vertex -99.3284 56.6716 3
      vertex -99.7361 57.1489 8
      vertex -99.7361 57.1489 3
    endloop
  endfacet
  facet normal -0.760369 -0.649492 0
    outer loop
      vertex -99.7361 57.1489 8
      vertex -99.3284 56.6716 3
      vertex -99.3284 56.6716 8
    endloop
  endfacet
  facet normal -0.996948 -0.0780733 0
    outer loop
      vertex -100.451 58.8743 3
      vertex -100.5 59.5 8
      vertex -100.5 59.5 3
    endloop
  endfacet
  facet normal -0.996948 -0.0780733 0
    outer loop
      vertex -100.5 59.5 8
      vertex -100.451 58.8743 3
      vertex -100.451 58.8743 8
    endloop
  endfacet
  facet normal -0.38268 -0.923881 0
    outer loop
      vertex -98.316 55.936 3
      vertex -97.7361 55.6958 8
      vertex -98.316 55.936 8
    endloop
  endfacet
  facet normal -0.38268 -0.923881 -0
    outer loop
      vertex -97.7361 55.6958 8
      vertex -98.316 55.936 3
      vertex -97.7361 55.6958 3
    endloop
  endfacet
  facet normal 0.852647 -0.522487 0
    outer loop
      vertex -93.2639 57.1489 8
      vertex -92.936 57.684 3
      vertex -92.936 57.684 8
    endloop
  endfacet
  facet normal 0.852647 -0.522487 0
    outer loop
      vertex -92.936 57.684 3
      vertex -93.2639 57.1489 8
      vertex -93.2639 57.1489 3
    endloop
  endfacet
  facet normal -0.649492 0.760369 0
    outer loop
      vertex -98.8511 62.7361 3
      vertex -99.3284 62.3284 8
      vertex -98.8511 62.7361 8
    endloop
  endfacet
  facet normal -0.649492 0.760369 0
    outer loop
      vertex -99.3284 62.3284 8
      vertex -98.8511 62.7361 3
      vertex -99.3284 62.3284 3
    endloop
  endfacet
  facet normal 0.649492 0.760369 -0
    outer loop
      vertex -93.6716 62.3284 3
      vertex -94.1489 62.7361 8
      vertex -93.6716 62.3284 8
    endloop
  endfacet
  facet normal 0.649492 0.760369 0
    outer loop
      vertex -94.1489 62.7361 8
      vertex -93.6716 62.3284 3
      vertex -94.1489 62.7361 3
    endloop
  endfacet
  facet normal 0.38268 -0.923881 0
    outer loop
      vertex -95.2639 55.6958 3
      vertex -94.684 55.936 8
      vertex -95.2639 55.6958 8
    endloop
  endfacet
  facet normal 0.38268 -0.923881 0
    outer loop
      vertex -94.684 55.936 8
      vertex -95.2639 55.6958 3
      vertex -94.684 55.936 3
    endloop
  endfacet
  facet normal 0.522487 0.852647 -0
    outer loop
      vertex -94.1489 62.7361 3
      vertex -94.684 63.064 8
      vertex -94.1489 62.7361 8
    endloop
  endfacet
  facet normal 0.522487 0.852647 0
    outer loop
      vertex -94.684 63.064 8
      vertex -94.1489 62.7361 3
      vertex -94.684 63.064 3
    endloop
  endfacet
  facet normal -0.649492 -0.760369 0
    outer loop
      vertex -99.3284 56.6716 3
      vertex -98.8511 56.2639 8
      vertex -99.3284 56.6716 8
    endloop
  endfacet
  facet normal -0.649492 -0.760369 -0
    outer loop
      vertex -98.8511 56.2639 8
      vertex -99.3284 56.6716 3
      vertex -98.8511 56.2639 3
    endloop
  endfacet
  facet normal 0.996923 -0.07839 0
    outer loop
      vertex -92.5492 58.8743 8
      vertex -92.5 59.5 3
      vertex -92.5 59.5 8
    endloop
  endfacet
  facet normal 0.996923 -0.07839 0
    outer loop
      vertex -92.5 59.5 3
      vertex -92.5492 58.8743 8
      vertex -92.5492 58.8743 3
    endloop
  endfacet
  facet normal -0.972205 -0.234132 0
    outer loop
      vertex -100.304 58.2639 3
      vertex -100.451 58.8743 8
      vertex -100.451 58.8743 3
    endloop
  endfacet
  facet normal -0.972205 -0.234132 0
    outer loop
      vertex -100.451 58.8743 8
      vertex -100.304 58.2639 3
      vertex -100.304 58.2639 8
    endloop
  endfacet
  facet normal 0.760369 -0.649492 0
    outer loop
      vertex -93.6716 56.6716 8
      vertex -93.2639 57.1489 3
      vertex -93.2639 57.1489 8
    endloop
  endfacet
  facet normal 0.760369 -0.649492 0
    outer loop
      vertex -93.2639 57.1489 3
      vertex -93.6716 56.6716 8
      vertex -93.6716 56.6716 3
    endloop
  endfacet
  facet normal -0.23353 0.97235 0
    outer loop
      vertex -97.1257 63.4508 3
      vertex -97.7361 63.3042 8
      vertex -97.1257 63.4508 8
    endloop
  endfacet
  facet normal -0.23353 0.97235 0
    outer loop
      vertex -97.7361 63.3042 8
      vertex -97.1257 63.4508 3
      vertex -97.7361 63.3042 3
    endloop
  endfacet
  facet normal -0.852647 0.522487 0
    outer loop
      vertex -100.064 61.316 3
      vertex -99.7361 61.8511 8
      vertex -99.7361 61.8511 3
    endloop
  endfacet
  facet normal -0.852647 0.522487 0
    outer loop
      vertex -99.7361 61.8511 8
      vertex -100.064 61.316 3
      vertex -100.064 61.316 8
    endloop
  endfacet
  facet normal -0.760369 0.649492 0
    outer loop
      vertex -99.7361 61.8511 3
      vertex -99.3284 62.3284 8
      vertex -99.3284 62.3284 3
    endloop
  endfacet
  facet normal -0.760369 0.649492 0
    outer loop
      vertex -99.3284 62.3284 8
      vertex -99.7361 61.8511 3
      vertex -99.7361 61.8511 8
    endloop
  endfacet
  facet normal 0.07839 0.996923 -0
    outer loop
      vertex -95.8743 63.4508 3
      vertex -96.5 63.5 8
      vertex -95.8743 63.4508 8
    endloop
  endfacet
  facet normal 0.07839 0.996923 0
    outer loop
      vertex -96.5 63.5 8
      vertex -95.8743 63.4508 3
      vertex -96.5 63.5 3
    endloop
  endfacet
  facet normal -0.996948 0.0780733 0
    outer loop
      vertex -100.5 59.5 3
      vertex -100.451 60.1257 8
      vertex -100.451 60.1257 3
    endloop
  endfacet
  facet normal -0.996948 0.0780733 0
    outer loop
      vertex -100.451 60.1257 8
      vertex -100.5 59.5 3
      vertex -100.5 59.5 8
    endloop
  endfacet
  facet normal -0.972205 0.234132 0
    outer loop
      vertex -100.451 60.1257 3
      vertex -100.304 60.7361 8
      vertex -100.304 60.7361 3
    endloop
  endfacet
  facet normal -0.972205 0.234132 0
    outer loop
      vertex -100.304 60.7361 8
      vertex -100.451 60.1257 3
      vertex -100.451 60.1257 8
    endloop
  endfacet
  facet normal -0.23353 -0.97235 0
    outer loop
      vertex -97.7361 55.6958 3
      vertex -97.1257 55.5492 8
      vertex -97.7361 55.6958 8
    endloop
  endfacet
  facet normal -0.23353 -0.97235 -0
    outer loop
      vertex -97.1257 55.5492 8
      vertex -97.7361 55.6958 3
      vertex -97.1257 55.5492 3
    endloop
  endfacet
  facet normal 0.97235 0.23353 0
    outer loop
      vertex -34.5492 60.1257 8
      vertex -34.6958 60.7361 3
      vertex -34.6958 60.7361 8
    endloop
  endfacet
  facet normal 0.97235 0.23353 0
    outer loop
      vertex -34.6958 60.7361 3
      vertex -34.5492 60.1257 8
      vertex -34.5492 60.1257 3
    endloop
  endfacet
  facet normal 0.996923 0.07839 0
    outer loop
      vertex -34.5 59.5 8
      vertex -34.5492 60.1257 3
      vertex -34.5492 60.1257 8
    endloop
  endfacet
  facet normal 0.996923 0.07839 0
    outer loop
      vertex -34.5492 60.1257 3
      vertex -34.5 59.5 8
      vertex -34.5 59.5 3
    endloop
  endfacet
  facet normal 0.760369 0.649492 0
    outer loop
      vertex -35.2639 61.8511 8
      vertex -35.6716 62.3284 3
      vertex -35.6716 62.3284 8
    endloop
  endfacet
  facet normal 0.760369 0.649492 0
    outer loop
      vertex -35.6716 62.3284 3
      vertex -35.2639 61.8511 8
      vertex -35.2639 61.8511 3
    endloop
  endfacet
  facet normal -0.522487 -0.852647 0
    outer loop
      vertex -40.8511 56.2639 3
      vertex -40.316 55.936 8
      vertex -40.8511 56.2639 8
    endloop
  endfacet
  facet normal -0.522487 -0.852647 -0
    outer loop
      vertex -40.316 55.936 8
      vertex -40.8511 56.2639 3
      vertex -40.316 55.936 3
    endloop
  endfacet
  facet normal 0.852647 0.522487 0
    outer loop
      vertex -34.936 61.316 8
      vertex -35.2639 61.8511 3
      vertex -35.2639 61.8511 8
    endloop
  endfacet
  facet normal 0.852647 0.522487 0
    outer loop
      vertex -35.2639 61.8511 3
      vertex -34.936 61.316 8
      vertex -34.936 61.316 3
    endloop
  endfacet
  facet normal 0.522487 -0.852647 0
    outer loop
      vertex -36.684 55.936 3
      vertex -36.1489 56.2639 8
      vertex -36.684 55.936 8
    endloop
  endfacet
  facet normal 0.522487 -0.852647 0
    outer loop
      vertex -36.1489 56.2639 8
      vertex -36.684 55.936 3
      vertex -36.1489 56.2639 3
    endloop
  endfacet
  facet normal -0.852647 -0.522487 0
    outer loop
      vertex -41.7361 57.1489 3
      vertex -42.064 57.684 8
      vertex -42.064 57.684 3
    endloop
  endfacet
  facet normal -0.852647 -0.522487 0
    outer loop
      vertex -42.064 57.684 8
      vertex -41.7361 57.1489 3
      vertex -41.7361 57.1489 8
    endloop
  endfacet
  facet normal 0.07839 -0.996923 0
    outer loop
      vertex -38.5 55.5 3
      vertex -37.8743 55.5492 8
      vertex -38.5 55.5 8
    endloop
  endfacet
  facet normal 0.07839 -0.996923 0
    outer loop
      vertex -37.8743 55.5492 8
      vertex -38.5 55.5 3
      vertex -37.8743 55.5492 3
    endloop
  endfacet
  facet normal -0.38268 0.923881 0
    outer loop
      vertex -39.7361 63.3042 3
      vertex -40.316 63.064 8
      vertex -39.7361 63.3042 8
    endloop
  endfacet
  facet normal -0.38268 0.923881 0
    outer loop
      vertex -40.316 63.064 8
      vertex -39.7361 63.3042 3
      vertex -40.316 63.064 3
    endloop
  endfacet
  facet normal 0.649492 -0.760369 0
    outer loop
      vertex -36.1489 56.2639 3
      vertex -35.6716 56.6716 8
      vertex -36.1489 56.2639 8
    endloop
  endfacet
  facet normal 0.649492 -0.760369 0
    outer loop
      vertex -35.6716 56.6716 8
      vertex -36.1489 56.2639 3
      vertex -35.6716 56.6716 3
    endloop
  endfacet
  facet normal -0.923881 0.38268 0
    outer loop
      vertex -42.3042 60.7361 3
      vertex -42.064 61.316 8
      vertex -42.064 61.316 3
    endloop
  endfacet
  facet normal -0.923881 0.38268 0
    outer loop
      vertex -42.064 61.316 8
      vertex -42.3042 60.7361 3
      vertex -42.3042 60.7361 8
    endloop
  endfacet
  facet normal -0.923881 -0.38268 0
    outer loop
      vertex -42.064 57.684 3
      vertex -42.3042 58.2639 8
      vertex -42.3042 58.2639 3
    endloop
  endfacet
  facet normal -0.923881 -0.38268 0
    outer loop
      vertex -42.3042 58.2639 8
      vertex -42.064 57.684 3
      vertex -42.064 57.684 8
    endloop
  endfacet
  facet normal 0.38268 0.923881 -0
    outer loop
      vertex -36.684 63.064 3
      vertex -37.2639 63.3042 8
      vertex -36.684 63.064 8
    endloop
  endfacet
  facet normal 0.38268 0.923881 0
    outer loop
      vertex -37.2639 63.3042 8
      vertex -36.684 63.064 3
      vertex -37.2639 63.3042 3
    endloop
  endfacet
  facet normal -0.07839 -0.996923 0
    outer loop
      vertex -39.1257 55.5492 3
      vertex -38.5 55.5 8
      vertex -39.1257 55.5492 8
    endloop
  endfacet
  facet normal -0.07839 -0.996923 -0
    outer loop
      vertex -38.5 55.5 8
      vertex -39.1257 55.5492 3
      vertex -38.5 55.5 3
    endloop
  endfacet
  facet normal 0.923881 -0.38268 0
    outer loop
      vertex -34.936 57.684 8
      vertex -34.6958 58.2639 3
      vertex -34.6958 58.2639 8
    endloop
  endfacet
  facet normal 0.923881 -0.38268 0
    outer loop
      vertex -34.6958 58.2639 3
      vertex -34.936 57.684 8
      vertex -34.936 57.684 3
    endloop
  endfacet
  facet normal 0 0 1
    outer loop
      vertex -37.1 59.5 8
      vertex -34.5 59.5 8
      vertex -34.5492 60.1257 8
    endloop
  endfacet
  facet normal 0 0 1
    outer loop
      vertex -37.1477 59.8623 8
      vertex -34.5492 60.1257 8
      vertex -34.6958 60.7361 8
    endloop
  endfacet
  facet normal 0 0 1
    outer loop
      vertex -34.5 59.5 8
      vertex -37.1 59.5 8
      vertex -34.5492 58.8743 8
    endloop
  endfacet
  facet normal 0 0 1
    outer loop
      vertex -37.1477 59.8623 8
      vertex -34.6958 60.7361 8
      vertex -34.936 61.316 8
    endloop
  endfacet
  facet normal -0 0 1
    outer loop
      vertex -37.1477 59.1377 8
      vertex -34.5492 58.8743 8
      vertex -37.1 59.5 8
    endloop
  endfacet
  facet normal 0 0 1
    outer loop
      vertex -37.2876 60.2 8
      vertex -34.936 61.316 8
      vertex -35.2639 61.8511 8
    endloop
  endfacet
  facet normal 0 0 1
    outer loop
      vertex -34.5492 58.8743 8
      vertex -37.1477 59.1377 8
      vertex -34.6958 58.2639 8
    endloop
  endfacet
  facet normal 0 0 1
    outer loop
      vertex -37.5101 60.4899 8
      vertex -35.2639 61.8511 8
      vertex -35.6716 62.3284 8
    endloop
  endfacet
  facet normal 0 0 1
    outer loop
      vertex -34.6958 58.2639 8
      vertex -37.1477 59.1377 8
      vertex -34.936 57.684 8
    endloop
  endfacet
  facet normal 0 0 1
    outer loop
      vertex -37.5101 60.4899 8
      vertex -35.6716 62.3284 8
      vertex -36.1489 62.7361 8
    endloop
  endfacet
  facet normal -0 0 1
    outer loop
      vertex -37.2876 58.8 8
      vertex -34.936 57.684 8
      vertex -37.1477 59.1377 8
    endloop
  endfacet
  facet normal 0 0 1
    outer loop
      vertex -37.8 60.7124 8
      vertex -36.1489 62.7361 8
      vertex -36.684 63.064 8
    endloop
  endfacet
  facet normal 0 0 1
    outer loop
      vertex -34.936 57.684 8
      vertex -37.2876 58.8 8
      vertex -35.2639 57.1489 8
    endloop
  endfacet
  facet normal -0 0 1
    outer loop
      vertex -37.5101 58.5101 8
      vertex -35.2639 57.1489 8
      vertex -37.2876 58.8 8
    endloop
  endfacet
  facet normal 0 0 1
    outer loop
      vertex -34.5492 60.1257 8
      vertex -37.1477 59.8623 8
      vertex -37.1 59.5 8
    endloop
  endfacet
  facet normal 0 0 1
    outer loop
      vertex -37.8 60.7124 8
      vertex -36.684 63.064 8
      vertex -37.2639 63.3042 8
    endloop
  endfacet
  facet normal 0 0 1
    outer loop
      vertex -34.936 61.316 8
      vertex -37.2876 60.2 8
      vertex -37.1477 59.8623 8
    endloop
  endfacet
  facet normal 0 0 1
    outer loop
      vertex -35.2639 61.8511 8
      vertex -37.5101 60.4899 8
      vertex -37.2876 60.2 8
    endloop
  endfacet
  facet normal 0 0 1
    outer loop
      vertex -36.1489 62.7361 8
      vertex -37.8 60.7124 8
      vertex -37.5101 60.4899 8
    endloop
  endfacet
  facet normal 0 0 1
    outer loop
      vertex -38.1377 60.8523 8
      vertex -37.2639 63.3042 8
      vertex -37.8743 63.4508 8
    endloop
  endfacet
  facet normal 0 0 1
    outer loop
      vertex -37.2639 63.3042 8
      vertex -38.1377 60.8523 8
      vertex -37.8 60.7124 8
    endloop
  endfacet
  facet normal 0 0 1
    outer loop
      vertex -38.5 60.9 8
      vertex -37.8743 63.4508 8
      vertex -38.5 63.5 8
    endloop
  endfacet
  facet normal 0 0 1
    outer loop
      vertex -37.8743 63.4508 8
      vertex -38.5 60.9 8
      vertex -38.1377 60.8523 8
    endloop
  endfacet
  facet normal -0 0 1
    outer loop
      vertex -39.1257 63.4508 8
      vertex -38.5 60.9 8
      vertex -38.5 63.5 8
    endloop
  endfacet
  facet normal 0 0 1
    outer loop
      vertex -38.5 60.9 8
      vertex -39.1257 63.4508 8
      vertex -38.8623 60.8523 8
    endloop
  endfacet
  facet normal -0 0 1
    outer loop
      vertex -39.7361 63.3042 8
      vertex -38.8623 60.8523 8
      vertex -39.1257 63.4508 8
    endloop
  endfacet
  facet normal 0 0 1
    outer loop
      vertex -38.8623 60.8523 8
      vertex -39.7361 63.3042 8
      vertex -39.2 60.7124 8
    endloop
  endfacet
  facet normal -0 0 1
    outer loop
      vertex -40.316 63.064 8
      vertex -39.2 60.7124 8
      vertex -39.7361 63.3042 8
    endloop
  endfacet
  facet normal -0 0 1
    outer loop
      vertex -40.8511 62.7361 8
      vertex -39.2 60.7124 8
      vertex -40.316 63.064 8
    endloop
  endfacet
  facet normal 0 0 1
    outer loop
      vertex -39.2 60.7124 8
      vertex -40.8511 62.7361 8
      vertex -39.4899 60.4899 8
    endloop
  endfacet
  facet normal -0 0 1
    outer loop
      vertex -41.3284 62.3284 8
      vertex -39.4899 60.4899 8
      vertex -40.8511 62.7361 8
    endloop
  endfacet
  facet normal -0 0 1
    outer loop
      vertex -41.7361 61.8511 8
      vertex -39.4899 60.4899 8
      vertex -41.3284 62.3284 8
    endloop
  endfacet
  facet normal 0 0 1
    outer loop
      vertex -35.2639 57.1489 8
      vertex -37.5101 58.5101 8
      vertex -35.6716 56.6716 8
    endloop
  endfacet
  facet normal 0 0 1
    outer loop
      vertex -35.6716 56.6716 8
      vertex -37.5101 58.5101 8
      vertex -36.1489 56.2639 8
    endloop
  endfacet
  facet normal -0 0 1
    outer loop
      vertex -37.8 58.2876 8
      vertex -36.1489 56.2639 8
      vertex -37.5101 58.5101 8
    endloop
  endfacet
  facet normal 0 0 1
    outer loop
      vertex -36.1489 56.2639 8
      vertex -37.8 58.2876 8
      vertex -36.684 55.936 8
    endloop
  endfacet
  facet normal 0 0 1
    outer loop
      vertex -36.684 55.936 8
      vertex -37.8 58.2876 8
      vertex -37.2639 55.6958 8
    endloop
  endfacet
  facet normal -0 0 1
    outer loop
      vertex -38.1377 58.1477 8
      vertex -37.2639 55.6958 8
      vertex -37.8 58.2876 8
    endloop
  endfacet
  facet normal 0 0 1
    outer loop
      vertex -37.2639 55.6958 8
      vertex -38.1377 58.1477 8
      vertex -37.8743 55.5492 8
    endloop
  endfacet
  facet normal -0 0 1
    outer loop
      vertex -38.5 58.1 8
      vertex -37.8743 55.5492 8
      vertex -38.1377 58.1477 8
    endloop
  endfacet
  facet normal 0 0 1
    outer loop
      vertex -38.5 58.1 8
      vertex -38.5 55.5 8
      vertex -37.8743 55.5492 8
    endloop
  endfacet
  facet normal 0 0 1
    outer loop
      vertex -39.1257 55.5492 8
      vertex -38.5 58.1 8
      vertex -38.8623 58.1477 8
    endloop
  endfacet
  facet normal 0 0 1
    outer loop
      vertex -38.5 58.1 8
      vertex -39.1257 55.5492 8
      vertex -38.5 55.5 8
    endloop
  endfacet
  facet normal 0 0 1
    outer loop
      vertex -39.7361 55.6958 8
      vertex -38.8623 58.1477 8
      vertex -39.2 58.2876 8
    endloop
  endfacet
  facet normal 0 0 1
    outer loop
      vertex -40.8511 56.2639 8
      vertex -39.2 58.2876 8
      vertex -39.4899 58.5101 8
    endloop
  endfacet
  facet normal 0 0 1
    outer loop
      vertex -41.7361 57.1489 8
      vertex -39.4899 58.5101 8
      vertex -39.7124 58.8 8
    endloop
  endfacet
  facet normal 0 0 1
    outer loop
      vertex -38.8623 58.1477 8
      vertex -39.7361 55.6958 8
      vertex -39.1257 55.5492 8
    endloop
  endfacet
  facet normal 0 0 1
    outer loop
      vertex -42.064 57.684 8
      vertex -39.7124 58.8 8
      vertex -39.8523 59.1377 8
    endloop
  endfacet
  facet normal 0 0 1
    outer loop
      vertex -42.4508 58.8743 8
      vertex -39.8523 59.1377 8
      vertex -39.9 59.5 8
    endloop
  endfacet
  facet normal 0 0 1
    outer loop
      vertex -39.4899 60.4899 8
      vertex -41.7361 61.8511 8
      vertex -39.7124 60.2 8
    endloop
  endfacet
  facet normal 0 0 1
    outer loop
      vertex -39.2 58.2876 8
      vertex -40.316 55.936 8
      vertex -39.7361 55.6958 8
    endloop
  endfacet
  facet normal -0 0 1
    outer loop
      vertex -42.064 61.316 8
      vertex -39.7124 60.2 8
      vertex -41.7361 61.8511 8
    endloop
  endfacet
  facet normal 0 0 1
    outer loop
      vertex -39.2 58.2876 8
      vertex -40.8511 56.2639 8
      vertex -40.316 55.936 8
    endloop
  endfacet
  facet normal 0 0 1
    outer loop
      vertex -39.7124 60.2 8
      vertex -42.064 61.316 8
      vertex -39.8523 59.8623 8
    endloop
  endfacet
  facet normal 0 0 1
    outer loop
      vertex -39.4899 58.5101 8
      vertex -41.3284 56.6716 8
      vertex -40.8511 56.2639 8
    endloop
  endfacet
  facet normal -0 0 1
    outer loop
      vertex -42.3042 60.7361 8
      vertex -39.8523 59.8623 8
      vertex -42.064 61.316 8
    endloop
  endfacet
  facet normal 0 0 1
    outer loop
      vertex -39.4899 58.5101 8
      vertex -41.7361 57.1489 8
      vertex -41.3284 56.6716 8
    endloop
  endfacet
  facet normal -0 0 1
    outer loop
      vertex -42.4508 60.1257 8
      vertex -39.8523 59.8623 8
      vertex -42.3042 60.7361 8
    endloop
  endfacet
  facet normal 0 0 1
    outer loop
      vertex -39.7124 58.8 8
      vertex -42.064 57.684 8
      vertex -41.7361 57.1489 8
    endloop
  endfacet
  facet normal 0 0 1
    outer loop
      vertex -39.8523 59.8623 8
      vertex -42.4508 60.1257 8
      vertex -39.9 59.5 8
    endloop
  endfacet
  facet normal 0 0 1
    outer loop
      vertex -39.8523 59.1377 8
      vertex -42.3042 58.2639 8
      vertex -42.064 57.684 8
    endloop
  endfacet
  facet normal 0 0 1
    outer loop
      vertex -42.5 59.5 8
      vertex -39.9 59.5 8
      vertex -42.4508 60.1257 8
    endloop
  endfacet
  facet normal 0 0 1
    outer loop
      vertex -39.8523 59.1377 8
      vertex -42.4508 58.8743 8
      vertex -42.3042 58.2639 8
    endloop
  endfacet
  facet normal 0 0 1
    outer loop
      vertex -39.9 59.5 8
      vertex -42.5 59.5 8
      vertex -42.4508 58.8743 8
    endloop
  endfacet
  facet normal -0.07839 0.996923 0
    outer loop
      vertex -38.5 63.5 3
      vertex -39.1257 63.4508 8
      vertex -38.5 63.5 8
    endloop
  endfacet
  facet normal -0.07839 0.996923 0
    outer loop
      vertex -39.1257 63.4508 8
      vertex -38.5 63.5 3
      vertex -39.1257 63.4508 3
    endloop
  endfacet
  facet normal 0.923881 0.38268 0
    outer loop
      vertex -34.6958 60.7361 8
      vertex -34.936 61.316 3
      vertex -34.936 61.316 8
    endloop
  endfacet
  facet normal 0.923881 0.38268 0
    outer loop
      vertex -34.936 61.316 3
      vertex -34.6958 60.7361 8
      vertex -34.6958 60.7361 3
    endloop
  endfacet
  facet normal 0.97235 -0.23353 0
    outer loop
      vertex -34.6958 58.2639 8
      vertex -34.5492 58.8743 3
      vertex -34.5492 58.8743 8
    endloop
  endfacet
  facet normal 0.97235 -0.23353 0
    outer loop
      vertex -34.5492 58.8743 3
      vertex -34.6958 58.2639 8
      vertex -34.6958 58.2639 3
    endloop
  endfacet
  facet normal 0.23353 -0.97235 0
    outer loop
      vertex -37.8743 55.5492 3
      vertex -37.2639 55.6958 8
      vertex -37.8743 55.5492 8
    endloop
  endfacet
  facet normal 0.23353 -0.97235 0
    outer loop
      vertex -37.2639 55.6958 8
      vertex -37.8743 55.5492 3
      vertex -37.2639 55.6958 3
    endloop
  endfacet
  facet normal -0.522487 0.852647 0
    outer loop
      vertex -40.316 63.064 3
      vertex -40.8511 62.7361 8
      vertex -40.316 63.064 8
    endloop
  endfacet
  facet normal -0.522487 0.852647 0
    outer loop
      vertex -40.8511 62.7361 8
      vertex -40.316 63.064 3
      vertex -40.8511 62.7361 3
    endloop
  endfacet
  facet normal 0.23353 0.97235 -0
    outer loop
      vertex -37.2639 63.3042 3
      vertex -37.8743 63.4508 8
      vertex -37.2639 63.3042 8
    endloop
  endfacet
  facet normal 0.23353 0.97235 0
    outer loop
      vertex -37.8743 63.4508 8
      vertex -37.2639 63.3042 3
      vertex -37.8743 63.4508 3
    endloop
  endfacet
  facet normal -0.760369 -0.649492 0
    outer loop
      vertex -41.3284 56.6716 3
      vertex -41.7361 57.1489 8
      vertex -41.7361 57.1489 3
    endloop
  endfacet
  facet normal -0.760369 -0.649492 0
    outer loop
      vertex -41.7361 57.1489 8
      vertex -41.3284 56.6716 3
      vertex -41.3284 56.6716 8
    endloop
  endfacet
  facet normal -0.996923 -0.07839 0
    outer loop
      vertex -42.4508 58.8743 3
      vertex -42.5 59.5 8
      vertex -42.5 59.5 3
    endloop
  endfacet
  facet normal -0.996923 -0.07839 0
    outer loop
      vertex -42.5 59.5 8
      vertex -42.4508 58.8743 3
      vertex -42.4508 58.8743 8
    endloop
  endfacet
  facet normal -0.38268 -0.923881 0
    outer loop
      vertex -40.316 55.936 3
      vertex -39.7361 55.6958 8
      vertex -40.316 55.936 8
    endloop
  endfacet
  facet normal -0.38268 -0.923881 -0
    outer loop
      vertex -39.7361 55.6958 8
      vertex -40.316 55.936 3
      vertex -39.7361 55.6958 3
    endloop
  endfacet
  facet normal 0.852647 -0.522487 0
    outer loop
      vertex -35.2639 57.1489 8
      vertex -34.936 57.684 3
      vertex -34.936 57.684 8
    endloop
  endfacet
  facet normal 0.852647 -0.522487 0
    outer loop
      vertex -34.936 57.684 3
      vertex -35.2639 57.1489 8
      vertex -35.2639 57.1489 3
    endloop
  endfacet
  facet normal -0.649492 0.760369 0
    outer loop
      vertex -40.8511 62.7361 3
      vertex -41.3284 62.3284 8
      vertex -40.8511 62.7361 8
    endloop
  endfacet
  facet normal -0.649492 0.760369 0
    outer loop
      vertex -41.3284 62.3284 8
      vertex -40.8511 62.7361 3
      vertex -41.3284 62.3284 3
    endloop
  endfacet
  facet normal 0.649492 0.760369 -0
    outer loop
      vertex -35.6716 62.3284 3
      vertex -36.1489 62.7361 8
      vertex -35.6716 62.3284 8
    endloop
  endfacet
  facet normal 0.649492 0.760369 0
    outer loop
      vertex -36.1489 62.7361 8
      vertex -35.6716 62.3284 3
      vertex -36.1489 62.7361 3
    endloop
  endfacet
  facet normal 0.38268 -0.923881 0
    outer loop
      vertex -37.2639 55.6958 3
      vertex -36.684 55.936 8
      vertex -37.2639 55.6958 8
    endloop
  endfacet
  facet normal 0.38268 -0.923881 0
    outer loop
      vertex -36.684 55.936 8
      vertex -37.2639 55.6958 3
      vertex -36.684 55.936 3
    endloop
  endfacet
  facet normal 0.522487 0.852647 -0
    outer loop
      vertex -36.1489 62.7361 3
      vertex -36.684 63.064 8
      vertex -36.1489 62.7361 8
    endloop
  endfacet
  facet normal 0.522487 0.852647 0
    outer loop
      vertex -36.684 63.064 8
      vertex -36.1489 62.7361 3
      vertex -36.684 63.064 3
    endloop
  endfacet
  facet normal 0.996923 -0.07839 0
    outer loop
      vertex -34.5492 58.8743 8
      vertex -34.5 59.5 3
      vertex -34.5 59.5 8
    endloop
  endfacet
  facet normal 0.996923 -0.07839 0
    outer loop
      vertex -34.5 59.5 3
      vertex -34.5492 58.8743 8
      vertex -34.5492 58.8743 3
    endloop
  endfacet
  facet normal -0.97235 -0.23353 0
    outer loop
      vertex -42.3042 58.2639 3
      vertex -42.4508 58.8743 8
      vertex -42.4508 58.8743 3
    endloop
  endfacet
  facet normal -0.97235 -0.23353 0
    outer loop
      vertex -42.4508 58.8743 8
      vertex -42.3042 58.2639 3
      vertex -42.3042 58.2639 8
    endloop
  endfacet
  facet normal 0.760369 -0.649492 0
    outer loop
      vertex -35.6716 56.6716 8
      vertex -35.2639 57.1489 3
      vertex -35.2639 57.1489 8
    endloop
  endfacet
  facet normal 0.760369 -0.649492 0
    outer loop
      vertex -35.2639 57.1489 3
      vertex -35.6716 56.6716 8
      vertex -35.6716 56.6716 3
    endloop
  endfacet
  facet normal -0.23353 0.97235 0
    outer loop
      vertex -39.1257 63.4508 3
      vertex -39.7361 63.3042 8
      vertex -39.1257 63.4508 8
    endloop
  endfacet
  facet normal -0.23353 0.97235 0
    outer loop
      vertex -39.7361 63.3042 8
      vertex -39.1257 63.4508 3
      vertex -39.7361 63.3042 3
    endloop
  endfacet
  facet normal -0.852647 0.522487 0
    outer loop
      vertex -42.064 61.316 3
      vertex -41.7361 61.8511 8
      vertex -41.7361 61.8511 3
    endloop
  endfacet
  facet normal -0.852647 0.522487 0
    outer loop
      vertex -41.7361 61.8511 8
      vertex -42.064 61.316 3
      vertex -42.064 61.316 8
    endloop
  endfacet
  facet normal -0.649492 -0.760369 0
    outer loop
      vertex -41.3284 56.6716 3
      vertex -40.8511 56.2639 8
      vertex -41.3284 56.6716 8
    endloop
  endfacet
  facet normal -0.649492 -0.760369 -0
    outer loop
      vertex -40.8511 56.2639 8
      vertex -41.3284 56.6716 3
      vertex -40.8511 56.2639 3
    endloop
  endfacet
  facet normal -0.760369 0.649492 0
    outer loop
      vertex -41.7361 61.8511 3
      vertex -41.3284 62.3284 8
      vertex -41.3284 62.3284 3
    endloop
  endfacet
  facet normal -0.760369 0.649492 0
    outer loop
      vertex -41.3284 62.3284 8
      vertex -41.7361 61.8511 3
      vertex -41.7361 61.8511 8
    endloop
  endfacet
  facet normal 0.07839 0.996923 -0
    outer loop
      vertex -37.8743 63.4508 3
      vertex -38.5 63.5 8
      vertex -37.8743 63.4508 8
    endloop
  endfacet
  facet normal 0.07839 0.996923 0
    outer loop
      vertex -38.5 63.5 8
      vertex -37.8743 63.4508 3
      vertex -38.5 63.5 3
    endloop
  endfacet
  facet normal -0.996923 0.07839 0
    outer loop
      vertex -42.5 59.5 3
      vertex -42.4508 60.1257 8
      vertex -42.4508 60.1257 3
    endloop
  endfacet
  facet normal -0.996923 0.07839 0
    outer loop
      vertex -42.4508 60.1257 8
      vertex -42.5 59.5 3
      vertex -42.5 59.5 8
    endloop
  endfacet
  facet normal -0.97235 0.23353 0
    outer loop
      vertex -42.4508 60.1257 3
      vertex -42.3042 60.7361 8
      vertex -42.3042 60.7361 3
    endloop
  endfacet
  facet normal -0.97235 0.23353 0
    outer loop
      vertex -42.3042 60.7361 8
      vertex -42.4508 60.1257 3
      vertex -42.4508 60.1257 8
    endloop
  endfacet
  facet normal -0.23353 -0.97235 0
    outer loop
      vertex -39.7361 55.6958 3
      vertex -39.1257 55.5492 8
      vertex -39.7361 55.6958 8
    endloop
  endfacet
  facet normal -0.23353 -0.97235 -0
    outer loop
      vertex -39.1257 55.5492 8
      vertex -39.7361 55.6958 3
      vertex -39.1257 55.5492 3
    endloop
  endfacet
  facet normal 0 -0.707107 -0.707107
    outer loop
      vertex -106.15 0.4 0
      vertex 106.15 0 0.4
      vertex -106.15 0 0.4
    endloop
  endfacet
  facet normal 0 -0.707107 -0.707107
    outer loop
      vertex 106.15 0 0.4
      vertex -106.15 0.4 0
      vertex 106.15 0.4 0
    endloop
  endfacet
  facet normal -0 0 1
    outer loop
      vertex -92.936 57.684 3
      vertex -90 53 3
      vertex -92.6958 58.2639 3
    endloop
  endfacet
  facet normal 0 0 1
    outer loop
      vertex -90 17 3
      vertex -92.5492 11.1257 3
      vertex -92.5 10.5 3
    endloop
  endfacet
  facet normal 0 0 1
    outer loop
      vertex -90 53 3
      vertex -96.15 40 3
      vertex -90 17 3
    endloop
  endfacet
  facet normal 0 0 1
    outer loop
      vertex -90 17 3
      vertex -92.6958 11.7361 3
      vertex -92.5492 11.1257 3
    endloop
  endfacet
  facet normal -0 0 1
    outer loop
      vertex -93.2639 57.1489 3
      vertex -90 53 3
      vertex -92.936 57.684 3
    endloop
  endfacet
  facet normal 0 0 1
    outer loop
      vertex -96.5 14.5 3
      vertex -90 17 3
      vertex -96.15 40 3
    endloop
  endfacet
  facet normal -0 0 1
    outer loop
      vertex -93.6716 56.6716 3
      vertex -90 53 3
      vertex -93.2639 57.1489 3
    endloop
  endfacet
  facet normal 0 0 1
    outer loop
      vertex -90 17 3
      vertex -92.936 12.316 3
      vertex -92.6958 11.7361 3
    endloop
  endfacet
  facet normal -0 0 1
    outer loop
      vertex -94.1489 56.2639 3
      vertex -90 53 3
      vertex -93.6716 56.6716 3
    endloop
  endfacet
  facet normal 0 0 1
    outer loop
      vertex -90 17 3
      vertex -93.2639 12.8511 3
      vertex -92.936 12.316 3
    endloop
  endfacet
  facet normal -0 0 1
    outer loop
      vertex -94.684 55.936 3
      vertex -90 53 3
      vertex -94.1489 56.2639 3
    endloop
  endfacet
  facet normal 0 0 1
    outer loop
      vertex -90 17 3
      vertex -93.6716 13.3284 3
      vertex -93.2639 12.8511 3
    endloop
  endfacet
  facet normal -0 0 1
    outer loop
      vertex -95.2639 55.6958 3
      vertex -90 53 3
      vertex -94.684 55.936 3
    endloop
  endfacet
  facet normal 0 0 1
    outer loop
      vertex -90 17 3
      vertex -94.1489 13.7361 3
      vertex -93.6716 13.3284 3
    endloop
  endfacet
  facet normal -0 0 1
    outer loop
      vertex -95.8743 55.5492 3
      vertex -90 53 3
      vertex -95.2639 55.6958 3
    endloop
  endfacet
  facet normal 0 0 1
    outer loop
      vertex -90 17 3
      vertex -94.684 14.064 3
      vertex -94.1489 13.7361 3
    endloop
  endfacet
  facet normal 0 0 1
    outer loop
      vertex -90 53 3
      vertex -95.8743 55.5492 3
      vertex -96.15 46 3
    endloop
  endfacet
  facet normal 0 0 1
    outer loop
      vertex -90 17 3
      vertex -95.2639 14.3042 3
      vertex -94.684 14.064 3
    endloop
  endfacet
  facet normal 0 0 1
    outer loop
      vertex -90 53 3
      vertex -96.15 46 3
      vertex -96.15 40 3
    endloop
  endfacet
  facet normal -0 0 1
    outer loop
      vertex -96.5 55.5 3
      vertex -96.15 46 3
      vertex -95.8743 55.5492 3
    endloop
  endfacet
  facet normal 0 0 1
    outer loop
      vertex -97.1257 55.5492 3
      vertex -96.15 46 3
      vertex -96.5 55.5 3
    endloop
  endfacet
  facet normal 0 0 1
    outer loop
      vertex -100.15 46 3
      vertex -97.1257 55.5492 3
      vertex -97.7361 55.6958 3
    endloop
  endfacet
  facet normal 0 0 1
    outer loop
      vertex -100.15 46 3
      vertex -97.7361 55.6958 3
      vertex -98.316 55.936 3
    endloop
  endfacet
  facet normal 0 0 1
    outer loop
      vertex -100.15 46 3
      vertex -98.316 55.936 3
      vertex -98.8511 56.2639 3
    endloop
  endfacet
  facet normal 0 0 1
    outer loop
      vertex -100.15 46 3
      vertex -98.8511 56.2639 3
      vertex -99.3284 56.6716 3
    endloop
  endfacet
  facet normal 0 0 1
    outer loop
      vertex -100.15 46 3
      vertex -99.3284 56.6716 3
      vertex -99.7361 57.1489 3
    endloop
  endfacet
  facet normal 0 0 1
    outer loop
      vertex -100.15 46 3
      vertex -99.7361 57.1489 3
      vertex -100.064 57.684 3
    endloop
  endfacet
  facet normal 0 0 1
    outer loop
      vertex -97.1257 55.5492 3
      vertex -100.15 46 3
      vertex -96.15 46 3
    endloop
  endfacet
  facet normal 0 0 1
    outer loop
      vertex -100.451 58.8743 3
      vertex -100.15 46 3
      vertex -100.304 58.2639 3
    endloop
  endfacet
  facet normal 0 0 1
    outer loop
      vertex -100.304 58.2639 3
      vertex -100.15 46 3
      vertex -100.064 57.684 3
    endloop
  endfacet
  facet normal 0 0 1
    outer loop
      vertex -34.936 57.684 3
      vertex -31 65 3
      vertex -34.6958 58.2639 3
    endloop
  endfacet
  facet normal 0 0 1
    outer loop
      vertex -31 5 3
      vertex -34.5492 11.1257 3
      vertex -34.5 10.5 3
    endloop
  endfacet
  facet normal 0 0 1
    outer loop
      vertex -31 65 3
      vertex -34.936 57.684 3
      vertex -31 5 3
    endloop
  endfacet
  facet normal 0 0 1
    outer loop
      vertex -31 5 3
      vertex -34.6958 11.7361 3
      vertex -34.5492 11.1257 3
    endloop
  endfacet
  facet normal -0 0 1
    outer loop
      vertex -34.936 12.316 3
      vertex -31 5 3
      vertex -34.936 57.684 3
    endloop
  endfacet
  facet normal 0 0 1
    outer loop
      vertex -31 5 3
      vertex -34.936 12.316 3
      vertex -34.6958 11.7361 3
    endloop
  endfacet
  facet normal -0 0 1
    outer loop
      vertex -35.2639 57.1489 3
      vertex -34.936 12.316 3
      vertex -34.936 57.684 3
    endloop
  endfacet
  facet normal 0 0 1
    outer loop
      vertex -35.2639 57.1489 3
      vertex -35.2639 12.8511 3
      vertex -34.936 12.316 3
    endloop
  endfacet
  facet normal -0 0 1
    outer loop
      vertex -35.6716 56.6716 3
      vertex -35.2639 12.8511 3
      vertex -35.2639 57.1489 3
    endloop
  endfacet
  facet normal 0 0 1
    outer loop
      vertex -35.6716 56.6716 3
      vertex -35.6716 13.3284 3
      vertex -35.2639 12.8511 3
    endloop
  endfacet
  facet normal -0 0 1
    outer loop
      vertex -36.1489 56.2639 3
      vertex -35.6716 13.3284 3
      vertex -35.6716 56.6716 3
    endloop
  endfacet
  facet normal 0 0 1
    outer loop
      vertex -36.1489 56.2639 3
      vertex -36.1489 13.7361 3
      vertex -35.6716 13.3284 3
    endloop
  endfacet
  facet normal -0 0 1
    outer loop
      vertex -36.684 55.936 3
      vertex -36.1489 13.7361 3
      vertex -36.1489 56.2639 3
    endloop
  endfacet
  facet normal 0 0 1
    outer loop
      vertex -36.684 55.936 3
      vertex -36.684 14.064 3
      vertex -36.1489 13.7361 3
    endloop
  endfacet
  facet normal -0 0 1
    outer loop
      vertex -37.2639 55.6958 3
      vertex -36.684 14.064 3
      vertex -36.684 55.936 3
    endloop
  endfacet
  facet normal 0 0 1
    outer loop
      vertex -37.2639 55.6958 3
      vertex -37.2639 14.3042 3
      vertex -36.684 14.064 3
    endloop
  endfacet
  facet normal -0 0 1
    outer loop
      vertex -37.8743 55.5492 3
      vertex -37.2639 14.3042 3
      vertex -37.2639 55.6958 3
    endloop
  endfacet
  facet normal 0 0 1
    outer loop
      vertex -37.8743 55.5492 3
      vertex -37.8743 14.4508 3
      vertex -37.2639 14.3042 3
    endloop
  endfacet
  facet normal 0 0 1
    outer loop
      vertex -45 53 3
      vertex -37.8743 55.5492 3
      vertex -38.5 55.5 3
    endloop
  endfacet
  facet normal 0 0 1
    outer loop
      vertex -37.8743 55.5492 3
      vertex -45 53 3
      vertex -37.8743 14.4508 3
    endloop
  endfacet
  facet normal 0 0 1
    outer loop
      vertex -45 53 3
      vertex -38.5 55.5 3
      vertex -39.1257 55.5492 3
    endloop
  endfacet
  facet normal -0 0 1
    outer loop
      vertex -45 17 3
      vertex -37.8743 14.4508 3
      vertex -45 53 3
    endloop
  endfacet
  facet normal 0 0 1
    outer loop
      vertex -45 53 3
      vertex -39.1257 55.5492 3
      vertex -39.7361 55.6958 3
    endloop
  endfacet
  facet normal 0 0 1
    outer loop
      vertex -37.8743 14.4508 3
      vertex -45 17 3
      vertex -38.5 14.5 3
    endloop
  endfacet
  facet normal 0 0 1
    outer loop
      vertex -45 53 3
      vertex -39.7361 55.6958 3
      vertex -40.316 55.936 3
    endloop
  endfacet
  facet normal 0 0 1
    outer loop
      vertex -38.5 14.5 3
      vertex -45 17 3
      vertex -39.1257 14.4508 3
    endloop
  endfacet
  facet normal 0 0 1
    outer loop
      vertex -45 53 3
      vertex -40.316 55.936 3
      vertex -40.8511 56.2639 3
    endloop
  endfacet
  facet normal 0 0 1
    outer loop
      vertex -39.1257 14.4508 3
      vertex -45 17 3
      vertex -39.7361 14.3042 3
    endloop
  endfacet
  facet normal 0 0 1
    outer loop
      vertex -45 53 3
      vertex -40.8511 56.2639 3
      vertex -41.3284 56.6716 3
    endloop
  endfacet
  facet normal 0 0 1
    outer loop
      vertex -39.7361 14.3042 3
      vertex -45 17 3
      vertex -40.316 14.064 3
    endloop
  endfacet
  facet normal 0 0 1
    outer loop
      vertex -45 53 3
      vertex -41.3284 56.6716 3
      vertex -41.7361 57.1489 3
    endloop
  endfacet
  facet normal 0 0 1
    outer loop
      vertex -40.316 14.064 3
      vertex -45 17 3
      vertex -40.8511 13.7361 3
    endloop
  endfacet
  facet normal 0 0 1
    outer loop
      vertex -45 53 3
      vertex -41.7361 57.1489 3
      vertex -42.064 57.684 3
    endloop
  endfacet
  facet normal 0 0 1
    outer loop
      vertex -40.8511 13.7361 3
      vertex -45 17 3
      vertex -41.3284 13.3284 3
    endloop
  endfacet
  facet normal 0 0 1
    outer loop
      vertex -45 53 3
      vertex -42.064 57.684 3
      vertex -42.3042 58.2639 3
    endloop
  endfacet
  facet normal 0 0 1
    outer loop
      vertex -41.3284 13.3284 3
      vertex -45 17 3
      vertex -41.7361 12.8511 3
    endloop
  endfacet
  facet normal 0 0 1
    outer loop
      vertex -45 53 3
      vertex -42.3042 58.2639 3
      vertex -42.4508 58.8743 3
    endloop
  endfacet
  facet normal 0 0 1
    outer loop
      vertex -41.7361 12.8511 3
      vertex -45 17 3
      vertex -42.064 12.316 3
    endloop
  endfacet
  facet normal 0 0 1
    outer loop
      vertex -45 53 3
      vertex -42.4508 58.8743 3
      vertex -42.5 59.5 3
    endloop
  endfacet
  facet normal 0 0 1
    outer loop
      vertex -42.064 12.316 3
      vertex -45 17 3
      vertex -42.3042 11.7361 3
    endloop
  endfacet
  facet normal 0 0 1
    outer loop
      vertex -90 17 3
      vertex -95.8743 14.4508 3
      vertex -95.2639 14.3042 3
    endloop
  endfacet
  facet normal 0 0 1
    outer loop
      vertex -90 17 3
      vertex -96.5 14.5 3
      vertex -95.8743 14.4508 3
    endloop
  endfacet
  facet normal 0 0 1
    outer loop
      vertex -96.15 40 3
      vertex -97.1257 14.4508 3
      vertex -96.5 14.5 3
    endloop
  endfacet
  facet normal -0 0 1
    outer loop
      vertex -100.15 40 3
      vertex -97.1257 14.4508 3
      vertex -96.15 40 3
    endloop
  endfacet
  facet normal 0 0 1
    outer loop
      vertex -97.1257 14.4508 3
      vertex -100.15 40 3
      vertex -97.7361 14.3042 3
    endloop
  endfacet
  facet normal 0 0 1
    outer loop
      vertex -97.7361 14.3042 3
      vertex -100.15 40 3
      vertex -98.316 14.064 3
    endloop
  endfacet
  facet normal 0 0 1
    outer loop
      vertex -98.316 14.064 3
      vertex -100.15 40 3
      vertex -98.8511 13.7361 3
    endloop
  endfacet
  facet normal 0 0 1
    outer loop
      vertex -98.8511 13.7361 3
      vertex -100.15 40 3
      vertex -99.3284 13.3284 3
    endloop
  endfacet
  facet normal 0 0 1
    outer loop
      vertex -99.3284 13.3284 3
      vertex -100.15 40 3
      vertex -99.7361 12.8511 3
    endloop
  endfacet
  facet normal 0 0 1
    outer loop
      vertex -99.7361 12.8511 3
      vertex -100.15 40 3
      vertex -100.064 12.316 3
    endloop
  endfacet
  facet normal 0 0 1
    outer loop
      vertex -106.15 75 3
      vertex -100.15 46 3
      vertex -100.451 58.8743 3
    endloop
  endfacet
  facet normal 0 0 1
    outer loop
      vertex -100.15 40 3
      vertex -100.304 11.7361 3
      vertex -100.064 12.316 3
    endloop
  endfacet
  facet normal 0 0 1
    outer loop
      vertex -100.15 46 3
      vertex -106.15 75 3
      vertex -100.15 40 3
    endloop
  endfacet
  facet normal 0 0 1
    outer loop
      vertex -100.15 40 3
      vertex -106.15 0 3
      vertex -100.304 11.7361 3
    endloop
  endfacet
  facet normal 0 0 1
    outer loop
      vertex -106.15 75 3
      vertex -100.451 58.8743 3
      vertex -100.5 59.5 3
    endloop
  endfacet
  facet normal 0 0 1
    outer loop
      vertex -100.304 11.7361 3
      vertex -106.15 0 3
      vertex -100.451 11.1257 3
    endloop
  endfacet
  facet normal 0 0 1
    outer loop
      vertex 20 24.9 3
      vertex 6 24.9 3
      vertex 20 12 3
    endloop
  endfacet
  facet normal 0 0 1
    outer loop
      vertex 100.15 40 3
      vertex 106.15 75 3
      vertex 100.15 46 3
    endloop
  endfacet
  facet normal -0 0 1
    outer loop
      vertex 90 62 3
      vertex 100.15 46 3
      vertex 106.15 75 3
    endloop
  endfacet
  facet normal 0 0 1
    outer loop
      vertex 96.15 46 3
      vertex 90 62 3
      vertex 96.15 40 3
    endloop
  endfacet
  facet normal 0 0 1
    outer loop
      vertex 100.15 46 3
      vertex 90 62 3
      vertex 96.15 46 3
    endloop
  endfacet
  facet normal 0 0 1
    outer loop
      vertex 106.15 75 3
      vertex 20 62 3
      vertex 90 62 3
    endloop
  endfacet
  facet normal 0 0 1
    outer loop
      vertex 20 62 3
      vertex 6 50.9 3
      vertex 20 50.9 3
    endloop
  endfacet
  facet normal 0 0 1
    outer loop
      vertex 6 50.9 3
      vertex -19 65 3
      vertex 6 24.9 3
    endloop
  endfacet
  facet normal 0 0 1
    outer loop
      vertex 20 62 3
      vertex -19 65 3
      vertex 6 50.9 3
    endloop
  endfacet
  facet normal 0 0 1
    outer loop
      vertex 106.15 75 3
      vertex -19 65 3
      vertex 20 62 3
    endloop
  endfacet
  facet normal -0 0 1
    outer loop
      vertex -106.15 75 3
      vertex -19 65 3
      vertex 106.15 75 3
    endloop
  endfacet
  facet normal 0 0 1
    outer loop
      vertex -34.5492 58.8743 3
      vertex -31 65 3
      vertex -34.5 59.5 3
    endloop
  endfacet
  facet normal 0 0 1
    outer loop
      vertex -31 65 3
      vertex -34.5492 60.1257 3
      vertex -34.5 59.5 3
    endloop
  endfacet
  facet normal 0 0 1
    outer loop
      vertex -31 65 3
      vertex -34.6958 60.7361 3
      vertex -34.5492 60.1257 3
    endloop
  endfacet
  facet normal 0 0 1
    outer loop
      vertex -31 65 3
      vertex -34.936 61.316 3
      vertex -34.6958 60.7361 3
    endloop
  endfacet
  facet normal 0 0 1
    outer loop
      vertex -31 65 3
      vertex -35.2639 61.8511 3
      vertex -34.936 61.316 3
    endloop
  endfacet
  facet normal 0 0 1
    outer loop
      vertex -31 65 3
      vertex -35.6716 62.3284 3
      vertex -35.2639 61.8511 3
    endloop
  endfacet
  facet normal 0 0 1
    outer loop
      vertex -31 65 3
      vertex -36.1489 62.7361 3
      vertex -35.6716 62.3284 3
    endloop
  endfacet
  facet normal 0 0 1
    outer loop
      vertex -31 65 3
      vertex -36.684 63.064 3
      vertex -36.1489 62.7361 3
    endloop
  endfacet
  facet normal 0 0 1
    outer loop
      vertex -31 65 3
      vertex -37.2639 63.3042 3
      vertex -36.684 63.064 3
    endloop
  endfacet
  facet normal 0 0 1
    outer loop
      vertex -31 65 3
      vertex -37.8743 63.4508 3
      vertex -37.2639 63.3042 3
    endloop
  endfacet
  facet normal 0 0 1
    outer loop
      vertex -31 65 3
      vertex -38.5 63.5 3
      vertex -37.8743 63.4508 3
    endloop
  endfacet
  facet normal 0 0 1
    outer loop
      vertex -31 65 3
      vertex -39.1257 63.4508 3
      vertex -38.5 63.5 3
    endloop
  endfacet
  facet normal 0 0 1
    outer loop
      vertex -42.3042 11.7361 3
      vertex -45 17 3
      vertex -42.4508 11.1257 3
    endloop
  endfacet
  facet normal 0 0 1
    outer loop
      vertex -42.4508 60.1257 3
      vertex -45 53 3
      vertex -42.5 59.5 3
    endloop
  endfacet
  facet normal 0 0 1
    outer loop
      vertex -92.5492 60.1257 3
      vertex -42.4508 60.1257 3
      vertex -42.3042 60.7361 3
    endloop
  endfacet
  facet normal 0 0 1
    outer loop
      vertex -42.4508 60.1257 3
      vertex -90 53 3
      vertex -45 53 3
    endloop
  endfacet
  facet normal 0 0 1
    outer loop
      vertex -92.6958 60.7361 3
      vertex -42.3042 60.7361 3
      vertex -42.064 61.316 3
    endloop
  endfacet
  facet normal 0 0 1
    outer loop
      vertex -92.936 61.316 3
      vertex -42.064 61.316 3
      vertex -41.7361 61.8511 3
    endloop
  endfacet
  facet normal 0 0 1
    outer loop
      vertex -93.2639 61.8511 3
      vertex -41.7361 61.8511 3
      vertex -41.3284 62.3284 3
    endloop
  endfacet
  facet normal 0 0 1
    outer loop
      vertex -93.6716 62.3284 3
      vertex -41.3284 62.3284 3
      vertex -40.8511 62.7361 3
    endloop
  endfacet
  facet normal 0 0 1
    outer loop
      vertex -106.15 75 3
      vertex -40.8511 62.7361 3
      vertex -40.316 63.064 3
    endloop
  endfacet
  facet normal 0 0 1
    outer loop
      vertex -106.15 75 3
      vertex -40.316 63.064 3
      vertex -39.7361 63.3042 3
    endloop
  endfacet
  facet normal 0 0 1
    outer loop
      vertex -106.15 75 3
      vertex -39.7361 63.3042 3
      vertex -39.1257 63.4508 3
    endloop
  endfacet
  facet normal -0 0 1
    outer loop
      vertex -92.5492 58.8743 3
      vertex -90 53 3
      vertex -92.5 59.5 3
    endloop
  endfacet
  facet normal 0 0 1
    outer loop
      vertex -42.4508 60.1257 3
      vertex -92.5492 60.1257 3
      vertex -90 53 3
    endloop
  endfacet
  facet normal 0 0 1
    outer loop
      vertex -106.15 75 3
      vertex -39.1257 63.4508 3
      vertex -31 65 3
    endloop
  endfacet
  facet normal 0 0 1
    outer loop
      vertex -90 53 3
      vertex -92.5492 60.1257 3
      vertex -92.5 59.5 3
    endloop
  endfacet
  facet normal 0 0 1
    outer loop
      vertex -42.3042 60.7361 3
      vertex -92.6958 60.7361 3
      vertex -92.5492 60.1257 3
    endloop
  endfacet
  facet normal 0 0 1
    outer loop
      vertex -19 65 3
      vertex -106.15 75 3
      vertex -31 65 3
    endloop
  endfacet
  facet normal 0 0 1
    outer loop
      vertex -42.064 61.316 3
      vertex -92.936 61.316 3
      vertex -92.6958 60.7361 3
    endloop
  endfacet
  facet normal 0 0 1
    outer loop
      vertex -41.7361 61.8511 3
      vertex -93.2639 61.8511 3
      vertex -92.936 61.316 3
    endloop
  endfacet
  facet normal 0 0 1
    outer loop
      vertex -41.3284 62.3284 3
      vertex -93.6716 62.3284 3
      vertex -93.2639 61.8511 3
    endloop
  endfacet
  facet normal 0 0 1
    outer loop
      vertex -40.8511 62.7361 3
      vertex -106.15 75 3
      vertex -94.1489 62.7361 3
    endloop
  endfacet
  facet normal 0 0 1
    outer loop
      vertex -40.8511 62.7361 3
      vertex -94.1489 62.7361 3
      vertex -93.6716 62.3284 3
    endloop
  endfacet
  facet normal 0 0 1
    outer loop
      vertex -94.1489 62.7361 3
      vertex -106.15 75 3
      vertex -94.684 63.064 3
    endloop
  endfacet
  facet normal 0 0 1
    outer loop
      vertex -94.684 63.064 3
      vertex -106.15 75 3
      vertex -95.2639 63.3042 3
    endloop
  endfacet
  facet normal 0 0 1
    outer loop
      vertex -95.2639 63.3042 3
      vertex -106.15 75 3
      vertex -95.8743 63.4508 3
    endloop
  endfacet
  facet normal 0 0 1
    outer loop
      vertex -100.15 40 3
      vertex -106.15 75 3
      vertex -106.15 0 3
    endloop
  endfacet
  facet normal 0 0 1
    outer loop
      vertex -100.451 60.1257 3
      vertex -106.15 75 3
      vertex -100.5 59.5 3
    endloop
  endfacet
  facet normal 0 0 1
    outer loop
      vertex -100.304 60.7361 3
      vertex -106.15 75 3
      vertex -100.451 60.1257 3
    endloop
  endfacet
  facet normal 0 0 1
    outer loop
      vertex -100.064 61.316 3
      vertex -106.15 75 3
      vertex -100.304 60.7361 3
    endloop
  endfacet
  facet normal 0 0 1
    outer loop
      vertex -99.7361 61.8511 3
      vertex -106.15 75 3
      vertex -100.064 61.316 3
    endloop
  endfacet
  facet normal 0 0 1
    outer loop
      vertex -99.3284 62.3284 3
      vertex -106.15 75 3
      vertex -99.7361 61.8511 3
    endloop
  endfacet
  facet normal 0 0 1
    outer loop
      vertex -98.8511 62.7361 3
      vertex -106.15 75 3
      vertex -99.3284 62.3284 3
    endloop
  endfacet
  facet normal 0 0 1
    outer loop
      vertex -98.316 63.064 3
      vertex -106.15 75 3
      vertex -98.8511 62.7361 3
    endloop
  endfacet
  facet normal 0 0 1
    outer loop
      vertex -97.7361 63.3042 3
      vertex -106.15 75 3
      vertex -98.316 63.064 3
    endloop
  endfacet
  facet normal 0 0 1
    outer loop
      vertex -97.1257 63.4508 3
      vertex -106.15 75 3
      vertex -97.7361 63.3042 3
    endloop
  endfacet
  facet normal 0 0 1
    outer loop
      vertex -96.5 63.5 3
      vertex -106.15 75 3
      vertex -97.1257 63.4508 3
    endloop
  endfacet
  facet normal 0 0 1
    outer loop
      vertex -95.8743 63.4508 3
      vertex -106.15 75 3
      vertex -96.5 63.5 3
    endloop
  endfacet
  facet normal 0 0 1
    outer loop
      vertex 106.15 75 3
      vertex 100.15 40 3
      vertex 106.15 0 3
    endloop
  endfacet
  facet normal 0 0 1
    outer loop
      vertex 90 12 3
      vertex 100.15 40 3
      vertex 96.15 40 3
    endloop
  endfacet
  facet normal 0 0 1
    outer loop
      vertex 90 12 3
      vertex 96.15 40 3
      vertex 90 62 3
    endloop
  endfacet
  facet normal 0 0 1
    outer loop
      vertex 100.15 40 3
      vertex 90 12 3
      vertex 106.15 0 3
    endloop
  endfacet
  facet normal -0 0 1
    outer loop
      vertex 20 12 3
      vertex 106.15 0 3
      vertex 90 12 3
    endloop
  endfacet
  facet normal 0 0 1
    outer loop
      vertex -19 5 3
      vertex 6 24.9 3
      vertex -19 65 3
    endloop
  endfacet
  facet normal 0 0 1
    outer loop
      vertex -19 5 3
      vertex 20 12 3
      vertex 6 24.9 3
    endloop
  endfacet
  facet normal -0 0 1
    outer loop
      vertex -19 5 3
      vertex 106.15 0 3
      vertex 20 12 3
    endloop
  endfacet
  facet normal 0 0 1
    outer loop
      vertex -106.15 0 3
      vertex -19 5 3
      vertex -31 5 3
    endloop
  endfacet
  facet normal 0 0 1
    outer loop
      vertex -34.6958 58.2639 3
      vertex -31 65 3
      vertex -34.5492 58.8743 3
    endloop
  endfacet
  facet normal -0 0 1
    outer loop
      vertex -34.5492 9.87426 3
      vertex -31 5 3
      vertex -34.5 10.5 3
    endloop
  endfacet
  facet normal -0 0 1
    outer loop
      vertex -34.6958 9.26393 3
      vertex -31 5 3
      vertex -34.5492 9.87426 3
    endloop
  endfacet
  facet normal -0 0 1
    outer loop
      vertex -34.936 8.68404 3
      vertex -31 5 3
      vertex -34.6958 9.26393 3
    endloop
  endfacet
  facet normal -0 0 1
    outer loop
      vertex -35.2639 8.14886 3
      vertex -31 5 3
      vertex -34.936 8.68404 3
    endloop
  endfacet
  facet normal -0 0 1
    outer loop
      vertex -35.6716 7.67157 3
      vertex -31 5 3
      vertex -35.2639 8.14886 3
    endloop
  endfacet
  facet normal -0 0 1
    outer loop
      vertex -36.1489 7.26393 3
      vertex -31 5 3
      vertex -35.6716 7.67157 3
    endloop
  endfacet
  facet normal -0 0 1
    outer loop
      vertex -36.684 6.93597 3
      vertex -31 5 3
      vertex -36.1489 7.26393 3
    endloop
  endfacet
  facet normal -0 0 1
    outer loop
      vertex -37.2639 6.69577 3
      vertex -31 5 3
      vertex -36.684 6.93597 3
    endloop
  endfacet
  facet normal -0 0 1
    outer loop
      vertex -37.8743 6.54925 3
      vertex -31 5 3
      vertex -37.2639 6.69577 3
    endloop
  endfacet
  facet normal -0 0 1
    outer loop
      vertex -38.5 6.5 3
      vertex -31 5 3
      vertex -37.8743 6.54925 3
    endloop
  endfacet
  facet normal 0 0 1
    outer loop
      vertex -39.1257 6.54925 3
      vertex -31 5 3
      vertex -38.5 6.5 3
    endloop
  endfacet
  facet normal 0 0 1
    outer loop
      vertex -42.4508 11.1257 3
      vertex -45 17 3
      vertex -42.5 10.5 3
    endloop
  endfacet
  facet normal 0 0 1
    outer loop
      vertex -45 17 3
      vertex -42.4508 9.87426 3
      vertex -42.5 10.5 3
    endloop
  endfacet
  facet normal -0 0 1
    outer loop
      vertex -90 17 3
      vertex -42.4508 9.87426 3
      vertex -45 17 3
    endloop
  endfacet
  facet normal 0 0 1
    outer loop
      vertex -92.5492 9.87426 3
      vertex -42.4508 9.87426 3
      vertex -90 17 3
    endloop
  endfacet
  facet normal 0 0 1
    outer loop
      vertex -42.4508 9.87426 3
      vertex -92.5492 9.87426 3
      vertex -42.3042 9.26393 3
    endloop
  endfacet
  facet normal 0 0 1
    outer loop
      vertex -92.6958 9.26393 3
      vertex -42.3042 9.26393 3
      vertex -92.5492 9.87426 3
    endloop
  endfacet
  facet normal 0 0 1
    outer loop
      vertex -42.3042 9.26393 3
      vertex -92.6958 9.26393 3
      vertex -42.064 8.68404 3
    endloop
  endfacet
  facet normal 0 0 1
    outer loop
      vertex -92.936 8.68404 3
      vertex -42.064 8.68404 3
      vertex -92.6958 9.26393 3
    endloop
  endfacet
  facet normal 0 0 1
    outer loop
      vertex -42.064 8.68404 3
      vertex -92.936 8.68404 3
      vertex -41.7361 8.14886 3
    endloop
  endfacet
  facet normal 0 0 1
    outer loop
      vertex -93.2639 8.14886 3
      vertex -41.7361 8.14886 3
      vertex -92.936 8.68404 3
    endloop
  endfacet
  facet normal 0 0 1
    outer loop
      vertex -41.7361 8.14886 3
      vertex -93.2639 8.14886 3
      vertex -41.3284 7.67157 3
    endloop
  endfacet
  facet normal -0 0 1
    outer loop
      vertex -92.6958 58.2639 3
      vertex -90 53 3
      vertex -92.5492 58.8743 3
    endloop
  endfacet
  facet normal 0 0 1
    outer loop
      vertex -92.5492 9.87426 3
      vertex -90 17 3
      vertex -92.5 10.5 3
    endloop
  endfacet
  facet normal 0 0 1
    outer loop
      vertex -93.6716 7.67157 3
      vertex -41.3284 7.67157 3
      vertex -93.2639 8.14886 3
    endloop
  endfacet
  facet normal 0 0 1
    outer loop
      vertex -41.3284 7.67157 3
      vertex -93.6716 7.67157 3
      vertex -40.8511 7.26393 3
    endloop
  endfacet
  facet normal 0 0 1
    outer loop
      vertex -94.1489 7.26393 3
      vertex -40.8511 7.26393 3
      vertex -93.6716 7.67157 3
    endloop
  endfacet
  facet normal 0 0 1
    outer loop
      vertex -40.8511 7.26393 3
      vertex -94.1489 7.26393 3
      vertex -40.316 6.93597 3
    endloop
  endfacet
  facet normal 0 0 1
    outer loop
      vertex -94.684 6.93597 3
      vertex -40.316 6.93597 3
      vertex -94.1489 7.26393 3
    endloop
  endfacet
  facet normal 0 0 1
    outer loop
      vertex -106.15 0 3
      vertex -40.316 6.93597 3
      vertex -94.684 6.93597 3
    endloop
  endfacet
  facet normal 0 0 1
    outer loop
      vertex -40.316 6.93597 3
      vertex -106.15 0 3
      vertex -39.7361 6.69577 3
    endloop
  endfacet
  facet normal 0 0 1
    outer loop
      vertex -39.7361 6.69577 3
      vertex -106.15 0 3
      vertex -39.1257 6.54925 3
    endloop
  endfacet
  facet normal 0 0 1
    outer loop
      vertex -39.1257 6.54925 3
      vertex -106.15 0 3
      vertex -31 5 3
    endloop
  endfacet
  facet normal 0 0 1
    outer loop
      vertex -106.15 0 3
      vertex -94.684 6.93597 3
      vertex -95.2639 6.69577 3
    endloop
  endfacet
  facet normal 0 0 1
    outer loop
      vertex -106.15 0 3
      vertex -95.2639 6.69577 3
      vertex -95.8743 6.54925 3
    endloop
  endfacet
  facet normal 0 0 1
    outer loop
      vertex -106.15 0 3
      vertex -95.8743 6.54925 3
      vertex -96.5 6.5 3
    endloop
  endfacet
  facet normal 0 0 1
    outer loop
      vertex -100.451 11.1257 3
      vertex -106.15 0 3
      vertex -100.5 10.5 3
    endloop
  endfacet
  facet normal 0 0 1
    outer loop
      vertex -19 5 3
      vertex -106.15 0 3
      vertex 106.15 0 3
    endloop
  endfacet
  facet normal 0 0 1
    outer loop
      vertex -97.1257 6.54925 3
      vertex -106.15 0 3
      vertex -96.5 6.5 3
    endloop
  endfacet
  facet normal 0 0 1
    outer loop
      vertex -97.7361 6.69577 3
      vertex -106.15 0 3
      vertex -97.1257 6.54925 3
    endloop
  endfacet
  facet normal 0 0 1
    outer loop
      vertex -98.316 6.93597 3
      vertex -106.15 0 3
      vertex -97.7361 6.69577 3
    endloop
  endfacet
  facet normal 0 0 1
    outer loop
      vertex -98.8511 7.26393 3
      vertex -106.15 0 3
      vertex -98.316 6.93597 3
    endloop
  endfacet
  facet normal 0 0 1
    outer loop
      vertex -99.3284 7.67157 3
      vertex -106.15 0 3
      vertex -98.8511 7.26393 3
    endloop
  endfacet
  facet normal 0 0 1
    outer loop
      vertex -99.7361 8.14886 3
      vertex -106.15 0 3
      vertex -99.3284 7.67157 3
    endloop
  endfacet
  facet normal 0 0 1
    outer loop
      vertex -100.064 8.68404 3
      vertex -106.15 0 3
      vertex -99.7361 8.14886 3
    endloop
  endfacet
  facet normal 0 0 1
    outer loop
      vertex -100.304 9.26393 3
      vertex -106.15 0 3
      vertex -100.064 8.68404 3
    endloop
  endfacet
  facet normal 0 0 1
    outer loop
      vertex -100.451 9.87426 3
      vertex -106.15 0 3
      vertex -100.304 9.26393 3
    endloop
  endfacet
  facet normal 0 0 1
    outer loop
      vertex -100.5 10.5 3
      vertex -106.15 0 3
      vertex -100.451 9.87426 3
    endloop
  endfacet
  facet normal 0 0.707107 -0.707107
    outer loop
      vertex -106.15 74.6 0
      vertex 106.15 75 0.4
      vertex 106.15 74.6 0
    endloop
  endfacet
  facet normal 0 0.707107 -0.707107
    outer loop
      vertex 106.15 75 0.4
      vertex -106.15 74.6 0
      vertex -106.15 75 0.4
    endloop
  endfacet
  facet normal -1 0 0
    outer loop
      vertex -96.15 40 0
      vertex -96.15 46 3
      vertex -96.15 46 0
    endloop
  endfacet
  facet normal -1 -0 0
    outer loop
      vertex -96.15 46 3
      vertex -96.15 40 0
      vertex -96.15 40 3
    endloop
  endfacet
  facet normal 1 -0 0
    outer loop
      vertex -100.15 40 3
      vertex -100.15 46 0
      vertex -100.15 46 3
    endloop
  endfacet
  facet normal 1 0 0
    outer loop
      vertex -100.15 46 0
      vertex -100.15 40 3
      vertex -100.15 40 0
    endloop
  endfacet
  facet normal 0 -1 0
    outer loop
      vertex -100.15 46 0
      vertex -96.15 46 3
      vertex -100.15 46 3
    endloop
  endfacet
  facet normal 0 -1 -0
    outer loop
      vertex -96.15 46 3
      vertex -100.15 46 0
      vertex -96.15 46 0
    endloop
  endfacet
  facet normal 0 1 -0
    outer loop
      vertex -96.15 40 0
      vertex -100.15 40 3
      vertex -96.15 40 3
    endloop
  endfacet
  facet normal 0 1 0
    outer loop
      vertex -100.15 40 3
      vertex -96.15 40 0
      vertex -100.15 40 0
    endloop
  endfacet
  facet normal -1 0 0
    outer loop
      vertex 100.15 40 0
      vertex 100.15 46 3
      vertex 100.15 46 0
    endloop
  endfacet
  facet normal -1 -0 0
    outer loop
      vertex 100.15 46 3
      vertex 100.15 40 0
      vertex 100.15 40 3
    endloop
  endfacet
  facet normal 1 -0 0
    outer loop
      vertex 96.15 40 3
      vertex 96.15 46 0
      vertex 96.15 46 3
    endloop
  endfacet
  facet normal 1 0 0
    outer loop
      vertex 96.15 46 0
      vertex 96.15 40 3
      vertex 96.15 40 0
    endloop
  endfacet
  facet normal 0 -1 0
    outer loop
      vertex 96.15 46 0
      vertex 100.15 46 3
      vertex 96.15 46 3
    endloop
  endfacet
  facet normal 0 -1 -0
    outer loop
      vertex 100.15 46 3
      vertex 96.15 46 0
      vertex 100.15 46 0
    endloop
  endfacet
  facet normal 0 1 -0
    outer loop
      vertex 100.15 40 0
      vertex 96.15 40 3
      vertex 100.15 40 3
    endloop
  endfacet
  facet normal 0 1 0
    outer loop
      vertex 96.15 40 3
      vertex 100.15 40 0
      vertex 96.15 40 0
    endloop
  endfacet
  facet normal -0.92386 -0.38273 0
    outer loop
      vertex -95.1477 10.8623 2.39
      vertex -95.2876 11.2 8
      vertex -95.2876 11.2 2.39
    endloop
  endfacet
  facet normal -0.92386 -0.38273 0
    outer loop
      vertex -95.2876 11.2 8
      vertex -95.1477 10.8623 2.39
      vertex -95.1477 10.8623 8
    endloop
  endfacet
  facet normal 0.608684 0.793413 -0
    outer loop
      vertex -97.2 9.28757 2.39
      vertex -97.49 9.51005 8
      vertex -97.2 9.28757 8
    endloop
  endfacet
  facet normal 0.608684 0.793413 0
    outer loop
      vertex -97.49 9.51005 8
      vertex -97.2 9.28757 2.39
      vertex -97.49 9.51005 2.39
    endloop
  endfacet
  facet normal 0.991444 -0.130532 0
    outer loop
      vertex -97.9 10.5 8
      vertex -97.8523 10.8623 2.39
      vertex -97.8523 10.8623 8
    endloop
  endfacet
  facet normal 0.991444 -0.130532 0
    outer loop
      vertex -97.8523 10.8623 2.39
      vertex -97.9 10.5 8
      vertex -97.9 10.5 2.39
    endloop
  endfacet
  facet normal -0.991444 0.130532 0
    outer loop
      vertex -95.1477 10.1377 2.39
      vertex -95.1 10.5 8
      vertex -95.1 10.5 2.39
    endloop
  endfacet
  facet normal -0.991444 0.130532 0
    outer loop
      vertex -95.1 10.5 8
      vertex -95.1477 10.1377 2.39
      vertex -95.1477 10.1377 8
    endloop
  endfacet
  facet normal 0.991444 0.130532 0
    outer loop
      vertex -97.8523 10.1377 8
      vertex -97.9 10.5 2.39
      vertex -97.9 10.5 8
    endloop
  endfacet
  facet normal 0.991444 0.130532 0
    outer loop
      vertex -97.9 10.5 2.39
      vertex -97.8523 10.1377 8
      vertex -97.8523 10.1377 2.39
    endloop
  endfacet
  facet normal -0.991444 -0.130532 0
    outer loop
      vertex -95.1 10.5 2.39
      vertex -95.1477 10.8623 8
      vertex -95.1477 10.8623 2.39
    endloop
  endfacet
  facet normal -0.991444 -0.130532 0
    outer loop
      vertex -95.1477 10.8623 8
      vertex -95.1 10.5 2.39
      vertex -95.1 10.5 8
    endloop
  endfacet
  facet normal -0.608684 0.793413 0
    outer loop
      vertex -95.51 9.51005 2.39
      vertex -95.8 9.28757 8
      vertex -95.51 9.51005 8
    endloop
  endfacet
  facet normal -0.608684 0.793413 0
    outer loop
      vertex -95.8 9.28757 8
      vertex -95.51 9.51005 2.39
      vertex -95.8 9.28757 2.39
    endloop
  endfacet
  facet normal -0.608719 -0.793386 0
    outer loop
      vertex -95.8 11.7124 2.39
      vertex -95.51 11.4899 8
      vertex -95.8 11.7124 8
    endloop
  endfacet
  facet normal -0.608719 -0.793386 -0
    outer loop
      vertex -95.51 11.4899 8
      vertex -95.8 11.7124 2.39
      vertex -95.51 11.4899 2.39
    endloop
  endfacet
  facet normal 0.130497 -0.991449 0
    outer loop
      vertex -96.8624 11.8523 2.39
      vertex -96.5 11.9 8
      vertex -96.8624 11.8523 8
    endloop
  endfacet
  facet normal 0.130497 -0.991449 0
    outer loop
      vertex -96.5 11.9 8
      vertex -96.8624 11.8523 2.39
      vertex -96.5 11.9 2.39
    endloop
  endfacet
  facet normal -0.793468 0.608612 0
    outer loop
      vertex -95.51 9.51005 2.39
      vertex -95.2876 9.8 8
      vertex -95.2876 9.8 2.39
    endloop
  endfacet
  facet normal -0.793468 0.608612 0
    outer loop
      vertex -95.2876 9.8 8
      vertex -95.51 9.51005 2.39
      vertex -95.51 9.51005 8
    endloop
  endfacet
  facet normal -0.793417 -0.608679 0
    outer loop
      vertex -95.2876 11.2 2.39
      vertex -95.51 11.4899 8
      vertex -95.51 11.4899 2.39
    endloop
  endfacet
  facet normal -0.793417 -0.608679 0
    outer loop
      vertex -95.51 11.4899 8
      vertex -95.2876 11.2 2.39
      vertex -95.2876 11.2 8
    endloop
  endfacet
  facet normal 0.382757 0.923849 -0
    outer loop
      vertex -96.8624 9.1477 2.39
      vertex -97.2 9.28757 8
      vertex -96.8624 9.1477 8
    endloop
  endfacet
  facet normal 0.382757 0.923849 0
    outer loop
      vertex -97.2 9.28757 8
      vertex -96.8624 9.1477 2.39
      vertex -97.2 9.28757 2.39
    endloop
  endfacet
  facet normal -0.130497 0.991449 0
    outer loop
      vertex -96.1376 9.1477 2.39
      vertex -96.5 9.1 8
      vertex -96.1376 9.1477 8
    endloop
  endfacet
  facet normal -0.130497 0.991449 0
    outer loop
      vertex -96.5 9.1 8
      vertex -96.1376 9.1477 2.39
      vertex -96.5 9.1 2.39
    endloop
  endfacet
  facet normal -0.382827 -0.92382 0
    outer loop
      vertex -96.1376 11.8523 2.39
      vertex -95.8 11.7124 8
      vertex -96.1376 11.8523 8
    endloop
  endfacet
  facet normal -0.382827 -0.92382 -0
    outer loop
      vertex -95.8 11.7124 8
      vertex -96.1376 11.8523 2.39
      vertex -95.8 11.7124 2.39
    endloop
  endfacet
  facet normal 0.608719 -0.793386 0
    outer loop
      vertex -97.49 11.4899 2.39
      vertex -97.2 11.7124 8
      vertex -97.49 11.4899 8
    endloop
  endfacet
  facet normal 0.608719 -0.793386 0
    outer loop
      vertex -97.2 11.7124 8
      vertex -97.49 11.4899 2.39
      vertex -97.2 11.7124 2.39
    endloop
  endfacet
  facet normal 0.382827 -0.92382 0
    outer loop
      vertex -97.2 11.7124 2.39
      vertex -96.8624 11.8523 8
      vertex -97.2 11.7124 8
    endloop
  endfacet
  facet normal 0.382827 -0.92382 0
    outer loop
      vertex -96.8624 11.8523 8
      vertex -97.2 11.7124 2.39
      vertex -96.8624 11.8523 2.39
    endloop
  endfacet
  facet normal 0.130497 0.991449 -0
    outer loop
      vertex -96.5 9.1 2.39
      vertex -96.8624 9.1477 8
      vertex -96.5 9.1 8
    endloop
  endfacet
  facet normal 0.130497 0.991449 0
    outer loop
      vertex -96.8624 9.1477 8
      vertex -96.5 9.1 2.39
      vertex -96.8624 9.1477 2.39
    endloop
  endfacet
  facet normal 0.92386 -0.38273 0
    outer loop
      vertex -97.8523 10.8623 8
      vertex -97.7124 11.2 2.39
      vertex -97.7124 11.2 8
    endloop
  endfacet
  facet normal 0.92386 -0.38273 0
    outer loop
      vertex -97.7124 11.2 2.39
      vertex -97.8523 10.8623 8
      vertex -97.8523 10.8623 2.39
    endloop
  endfacet
  facet normal -0.92386 0.38273 0
    outer loop
      vertex -95.2876 9.8 2.39
      vertex -95.1477 10.1377 8
      vertex -95.1477 10.1377 2.39
    endloop
  endfacet
  facet normal -0.92386 0.38273 0
    outer loop
      vertex -95.1477 10.1377 8
      vertex -95.2876 9.8 2.39
      vertex -95.2876 9.8 8
    endloop
  endfacet
  facet normal 0.92386 0.38273 0
    outer loop
      vertex -97.7124 9.8 8
      vertex -97.8523 10.1377 2.39
      vertex -97.8523 10.1377 8
    endloop
  endfacet
  facet normal 0.92386 0.38273 0
    outer loop
      vertex -97.8523 10.1377 2.39
      vertex -97.7124 9.8 8
      vertex -97.7124 9.8 2.39
    endloop
  endfacet
  facet normal 0.793468 0.608612 0
    outer loop
      vertex -97.49 9.51005 8
      vertex -97.7124 9.8 2.39
      vertex -97.7124 9.8 8
    endloop
  endfacet
  facet normal 0.793468 0.608612 0
    outer loop
      vertex -97.7124 9.8 2.39
      vertex -97.49 9.51005 8
      vertex -97.49 9.51005 2.39
    endloop
  endfacet
  facet normal -0.382757 0.923849 0
    outer loop
      vertex -95.8 9.28757 2.39
      vertex -96.1376 9.1477 8
      vertex -95.8 9.28757 8
    endloop
  endfacet
  facet normal -0.382757 0.923849 0
    outer loop
      vertex -96.1376 9.1477 8
      vertex -95.8 9.28757 2.39
      vertex -96.1376 9.1477 2.39
    endloop
  endfacet
  facet normal 0.793417 -0.608679 0
    outer loop
      vertex -97.7124 11.2 8
      vertex -97.49 11.4899 2.39
      vertex -97.49 11.4899 8
    endloop
  endfacet
  facet normal 0.793417 -0.608679 0
    outer loop
      vertex -97.49 11.4899 2.39
      vertex -97.7124 11.2 8
      vertex -97.7124 11.2 2.39
    endloop
  endfacet
  facet normal -0.130497 -0.991449 0
    outer loop
      vertex -96.5 11.9 2.39
      vertex -96.1376 11.8523 8
      vertex -96.5 11.9 8
    endloop
  endfacet
  facet normal -0.130497 -0.991449 -0
    outer loop
      vertex -96.1376 11.8523 8
      vertex -96.5 11.9 2.39
      vertex -96.1376 11.8523 2.39
    endloop
  endfacet
  facet normal 0 1 -0
    outer loop
      vertex -95.025 7.94523 0
      vertex -97.975 7.94523 2.39
      vertex -95.025 7.94523 2.39
    endloop
  endfacet
  facet normal 0 1 0
    outer loop
      vertex -97.975 7.94523 2.39
      vertex -95.025 7.94523 0
      vertex -97.975 7.94523 0
    endloop
  endfacet
  facet normal -0.866025 0.500001 0
    outer loop
      vertex -95.025 7.94523 0
      vertex -93.55 10.5 2.39
      vertex -93.55 10.5 0
    endloop
  endfacet
  facet normal -0.866025 0.500001 0
    outer loop
      vertex -93.55 10.5 2.39
      vertex -95.025 7.94523 0
      vertex -95.025 7.94523 2.39
    endloop
  endfacet
  facet normal 0 -1 0
    outer loop
      vertex -97.975 13.0548 0
      vertex -95.025 13.0548 2.39
      vertex -97.975 13.0548 2.39
    endloop
  endfacet
  facet normal 0 -1 -0
    outer loop
      vertex -95.025 13.0548 2.39
      vertex -97.975 13.0548 0
      vertex -95.025 13.0548 0
    endloop
  endfacet
  facet normal -0.866028 -0.499996 0
    outer loop
      vertex -93.55 10.5 0
      vertex -95.025 13.0548 2.39
      vertex -95.025 13.0548 0
    endloop
  endfacet
  facet normal -0.866028 -0.499996 0
    outer loop
      vertex -95.025 13.0548 2.39
      vertex -93.55 10.5 0
      vertex -93.55 10.5 2.39
    endloop
  endfacet
  facet normal 0.866028 -0.499996 0
    outer loop
      vertex -99.45 10.5 2.39
      vertex -97.975 13.0548 0
      vertex -97.975 13.0548 2.39
    endloop
  endfacet
  facet normal 0.866028 -0.499996 0
    outer loop
      vertex -97.975 13.0548 0
      vertex -99.45 10.5 2.39
      vertex -99.45 10.5 0
    endloop
  endfacet
  facet normal 0.866025 0.500001 0
    outer loop
      vertex -97.975 7.94523 2.39
      vertex -99.45 10.5 0
      vertex -99.45 10.5 2.39
    endloop
  endfacet
  facet normal 0.866025 0.500001 0
    outer loop
      vertex -99.45 10.5 0
      vertex -97.975 7.94523 2.39
      vertex -97.975 7.94523 0
    endloop
  endfacet
  facet normal 0 0 -1
    outer loop
      vertex -95.2876 9.8 2.39
      vertex -93.55 10.5 2.39
      vertex -95.025 7.94523 2.39
    endloop
  endfacet
  facet normal 0 0 -1
    outer loop
      vertex -95.1477 10.8623 2.39
      vertex -93.55 10.5 2.39
      vertex -95.1 10.5 2.39
    endloop
  endfacet
  facet normal -0 0 -1
    outer loop
      vertex -93.55 10.5 2.39
      vertex -95.1477 10.1377 2.39
      vertex -95.1 10.5 2.39
    endloop
  endfacet
  facet normal 0 0 -1
    outer loop
      vertex -93.55 10.5 2.39
      vertex -95.2876 9.8 2.39
      vertex -95.1477 10.1377 2.39
    endloop
  endfacet
  facet normal 0 0 -1
    outer loop
      vertex -95.025 7.94523 2.39
      vertex -95.51 9.51005 2.39
      vertex -95.2876 9.8 2.39
    endloop
  endfacet
  facet normal 0 0 -1
    outer loop
      vertex -95.025 7.94523 2.39
      vertex -95.8 9.28757 2.39
      vertex -95.51 9.51005 2.39
    endloop
  endfacet
  facet normal 0 0 -1
    outer loop
      vertex -95.025 7.94523 2.39
      vertex -96.1376 9.1477 2.39
      vertex -95.8 9.28757 2.39
    endloop
  endfacet
  facet normal 0 0 -1
    outer loop
      vertex -95.025 7.94523 2.39
      vertex -96.5 9.1 2.39
      vertex -96.1376 9.1477 2.39
    endloop
  endfacet
  facet normal 0 0 -1
    outer loop
      vertex -97.975 7.94523 2.39
      vertex -96.5 9.1 2.39
      vertex -95.025 7.94523 2.39
    endloop
  endfacet
  facet normal -0 0 -1
    outer loop
      vertex -96.5 9.1 2.39
      vertex -97.975 7.94523 2.39
      vertex -96.8624 9.1477 2.39
    endloop
  endfacet
  facet normal 0 0 -1
    outer loop
      vertex -97.7124 9.8 2.39
      vertex -99.45 10.5 2.39
      vertex -97.8523 10.1377 2.39
    endloop
  endfacet
  facet normal 0 0 -1
    outer loop
      vertex -99.45 10.5 2.39
      vertex -97.7124 9.8 2.39
      vertex -97.975 7.94523 2.39
    endloop
  endfacet
  facet normal -0 0 -1
    outer loop
      vertex -97.49 9.51005 2.39
      vertex -97.975 7.94523 2.39
      vertex -97.7124 9.8 2.39
    endloop
  endfacet
  facet normal -0 0 -1
    outer loop
      vertex -97.2 9.28757 2.39
      vertex -97.975 7.94523 2.39
      vertex -97.49 9.51005 2.39
    endloop
  endfacet
  facet normal -0 0 -1
    outer loop
      vertex -96.8624 9.1477 2.39
      vertex -97.975 7.94523 2.39
      vertex -97.2 9.28757 2.39
    endloop
  endfacet
  facet normal 0 0 -1
    outer loop
      vertex -95.2876 11.2 2.39
      vertex -93.55 10.5 2.39
      vertex -95.1477 10.8623 2.39
    endloop
  endfacet
  facet normal 0 0 -1
    outer loop
      vertex -93.55 10.5 2.39
      vertex -95.2876 11.2 2.39
      vertex -95.025 13.0548 2.39
    endloop
  endfacet
  facet normal 0 0 -1
    outer loop
      vertex -95.51 11.4899 2.39
      vertex -95.025 13.0548 2.39
      vertex -95.2876 11.2 2.39
    endloop
  endfacet
  facet normal 0 0 -1
    outer loop
      vertex -95.8 11.7124 2.39
      vertex -95.025 13.0548 2.39
      vertex -95.51 11.4899 2.39
    endloop
  endfacet
  facet normal 0 0 -1
    outer loop
      vertex -96.1376 11.8523 2.39
      vertex -95.025 13.0548 2.39
      vertex -95.8 11.7124 2.39
    endloop
  endfacet
  facet normal 0 0 -1
    outer loop
      vertex -96.5 11.9 2.39
      vertex -95.025 13.0548 2.39
      vertex -96.1376 11.8523 2.39
    endloop
  endfacet
  facet normal 0 0 -1
    outer loop
      vertex -97.975 13.0548 2.39
      vertex -96.5 11.9 2.39
      vertex -96.8624 11.8523 2.39
    endloop
  endfacet
  facet normal 0 0 -1
    outer loop
      vertex -97.975 13.0548 2.39
      vertex -96.8624 11.8523 2.39
      vertex -97.2 11.7124 2.39
    endloop
  endfacet
  facet normal 0 0 -1
    outer loop
      vertex -96.5 11.9 2.39
      vertex -97.975 13.0548 2.39
      vertex -95.025 13.0548 2.39
    endloop
  endfacet
  facet normal 0 0 -1
    outer loop
      vertex -97.49 11.4899 2.39
      vertex -97.975 13.0548 2.39
      vertex -97.2 11.7124 2.39
    endloop
  endfacet
  facet normal 0 0 -1
    outer loop
      vertex -97.7124 11.2 2.39
      vertex -97.975 13.0548 2.39
      vertex -97.49 11.4899 2.39
    endloop
  endfacet
  facet normal 0 0 -1
    outer loop
      vertex -99.45 10.5 2.39
      vertex -97.7124 11.2 2.39
      vertex -97.8523 10.8623 2.39
    endloop
  endfacet
  facet normal 0 0 -1
    outer loop
      vertex -99.45 10.5 2.39
      vertex -97.8523 10.8623 2.39
      vertex -97.9 10.5 2.39
    endloop
  endfacet
  facet normal 0 0 -1
    outer loop
      vertex -97.8523 10.1377 2.39
      vertex -99.45 10.5 2.39
      vertex -97.9 10.5 2.39
    endloop
  endfacet
  facet normal -0 0 -1
    outer loop
      vertex -97.7124 11.2 2.39
      vertex -99.45 10.5 2.39
      vertex -97.975 13.0548 2.39
    endloop
  endfacet
  facet normal -0.92386 -0.38273 0
    outer loop
      vertex -37.1477 10.8623 2.39
      vertex -37.2876 11.2 8
      vertex -37.2876 11.2 2.39
    endloop
  endfacet
  facet normal -0.92386 -0.38273 0
    outer loop
      vertex -37.2876 11.2 8
      vertex -37.1477 10.8623 2.39
      vertex -37.1477 10.8623 8
    endloop
  endfacet
  facet normal 0.608816 0.793311 -0
    outer loop
      vertex -39.2 9.28757 2.39
      vertex -39.4899 9.51005 8
      vertex -39.2 9.28757 8
    endloop
  endfacet
  facet normal 0.608816 0.793311 0
    outer loop
      vertex -39.4899 9.51005 8
      vertex -39.2 9.28757 2.39
      vertex -39.4899 9.51005 2.39
    endloop
  endfacet
  facet normal 0.991444 -0.130532 0
    outer loop
      vertex -39.9 10.5 8
      vertex -39.8523 10.8623 2.39
      vertex -39.8523 10.8623 8
    endloop
  endfacet
  facet normal 0.991444 -0.130532 0
    outer loop
      vertex -39.8523 10.8623 2.39
      vertex -39.9 10.5 8
      vertex -39.9 10.5 2.39
    endloop
  endfacet
  facet normal -0.991444 0.130532 0
    outer loop
      vertex -37.1477 10.1377 2.39
      vertex -37.1 10.5 8
      vertex -37.1 10.5 2.39
    endloop
  endfacet
  facet normal -0.991444 0.130532 0
    outer loop
      vertex -37.1 10.5 8
      vertex -37.1477 10.1377 2.39
      vertex -37.1477 10.1377 8
    endloop
  endfacet
  facet normal 0.991444 0.130532 0
    outer loop
      vertex -39.8523 10.1377 8
      vertex -39.9 10.5 2.39
      vertex -39.9 10.5 8
    endloop
  endfacet
  facet normal 0.991444 0.130532 0
    outer loop
      vertex -39.9 10.5 2.39
      vertex -39.8523 10.1377 8
      vertex -39.8523 10.1377 2.39
    endloop
  endfacet
  facet normal -0.991444 -0.130532 0
    outer loop
      vertex -37.1 10.5 2.39
      vertex -37.1477 10.8623 8
      vertex -37.1477 10.8623 2.39
    endloop
  endfacet
  facet normal -0.991444 -0.130532 0
    outer loop
      vertex -37.1477 10.8623 8
      vertex -37.1 10.5 2.39
      vertex -37.1 10.5 8
    endloop
  endfacet
  facet normal -0.608816 0.793311 0
    outer loop
      vertex -37.5101 9.51005 2.39
      vertex -37.8 9.28757 8
      vertex -37.5101 9.51005 8
    endloop
  endfacet
  facet normal -0.608816 0.793311 0
    outer loop
      vertex -37.8 9.28757 8
      vertex -37.5101 9.51005 2.39
      vertex -37.8 9.28757 2.39
    endloop
  endfacet
  facet normal -0.608851 -0.793285 0
    outer loop
      vertex -37.8 11.7124 2.39
      vertex -37.5101 11.4899 8
      vertex -37.8 11.7124 8
    endloop
  endfacet
  facet normal -0.608851 -0.793285 -0
    outer loop
      vertex -37.5101 11.4899 8
      vertex -37.8 11.7124 2.39
      vertex -37.5101 11.4899 2.39
    endloop
  endfacet
  facet normal 0.130532 -0.991444 0
    outer loop
      vertex -38.8623 11.8523 2.39
      vertex -38.5 11.9 8
      vertex -38.8623 11.8523 8
    endloop
  endfacet
  facet normal 0.130532 -0.991444 0
    outer loop
      vertex -38.5 11.9 8
      vertex -38.8623 11.8523 2.39
      vertex -38.5 11.9 2.39
    endloop
  endfacet
  facet normal -0.793335 0.608785 0
    outer loop
      vertex -37.5101 9.51005 2.39
      vertex -37.2876 9.8 8
      vertex -37.2876 9.8 2.39
    endloop
  endfacet
  facet normal -0.793335 0.608785 0
    outer loop
      vertex -37.2876 9.8 8
      vertex -37.5101 9.51005 2.39
      vertex -37.5101 9.51005 8
    endloop
  endfacet
  facet normal -0.793285 -0.608851 0
    outer loop
      vertex -37.2876 11.2 2.39
      vertex -37.5101 11.4899 8
      vertex -37.5101 11.4899 2.39
    endloop
  endfacet
  facet normal -0.793285 -0.608851 0
    outer loop
      vertex -37.5101 11.4899 8
      vertex -37.2876 11.2 2.39
      vertex -37.2876 11.2 8
    endloop
  endfacet
  facet normal 0.38266 0.923889 -0
    outer loop
      vertex -38.8623 9.1477 2.39
      vertex -39.2 9.28757 8
      vertex -38.8623 9.1477 8
    endloop
  endfacet
  facet normal 0.38266 0.923889 0
    outer loop
      vertex -39.2 9.28757 8
      vertex -38.8623 9.1477 2.39
      vertex -39.2 9.28757 2.39
    endloop
  endfacet
  facet normal -0.130532 0.991444 0
    outer loop
      vertex -38.1377 9.1477 2.39
      vertex -38.5 9.1 8
      vertex -38.1377 9.1477 8
    endloop
  endfacet
  facet normal -0.130532 0.991444 0
    outer loop
      vertex -38.5 9.1 8
      vertex -38.1377 9.1477 2.39
      vertex -38.5 9.1 2.39
    endloop
  endfacet
  facet normal -0.38273 -0.92386 0
    outer loop
      vertex -38.1377 11.8523 2.39
      vertex -37.8 11.7124 8
      vertex -38.1377 11.8523 8
    endloop
  endfacet
  facet normal -0.38273 -0.92386 -0
    outer loop
      vertex -37.8 11.7124 8
      vertex -38.1377 11.8523 2.39
      vertex -37.8 11.7124 2.39
    endloop
  endfacet
  facet normal 0.608851 -0.793285 0
    outer loop
      vertex -39.4899 11.4899 2.39
      vertex -39.2 11.7124 8
      vertex -39.4899 11.4899 8
    endloop
  endfacet
  facet normal 0.608851 -0.793285 0
    outer loop
      vertex -39.2 11.7124 8
      vertex -39.4899 11.4899 2.39
      vertex -39.2 11.7124 2.39
    endloop
  endfacet
  facet normal 0.38273 -0.92386 0
    outer loop
      vertex -39.2 11.7124 2.39
      vertex -38.8623 11.8523 8
      vertex -39.2 11.7124 8
    endloop
  endfacet
  facet normal 0.38273 -0.92386 0
    outer loop
      vertex -38.8623 11.8523 8
      vertex -39.2 11.7124 2.39
      vertex -38.8623 11.8523 2.39
    endloop
  endfacet
  facet normal 0.130532 0.991444 -0
    outer loop
      vertex -38.5 9.1 2.39
      vertex -38.8623 9.1477 8
      vertex -38.5 9.1 8
    endloop
  endfacet
  facet normal 0.130532 0.991444 0
    outer loop
      vertex -38.8623 9.1477 8
      vertex -38.5 9.1 2.39
      vertex -38.8623 9.1477 2.39
    endloop
  endfacet
  facet normal 0.92386 -0.38273 0
    outer loop
      vertex -39.8523 10.8623 8
      vertex -39.7124 11.2 2.39
      vertex -39.7124 11.2 8
    endloop
  endfacet
  facet normal 0.92386 -0.38273 0
    outer loop
      vertex -39.7124 11.2 2.39
      vertex -39.8523 10.8623 8
      vertex -39.8523 10.8623 2.39
    endloop
  endfacet
  facet normal -0.92386 0.38273 0
    outer loop
      vertex -37.2876 9.8 2.39
      vertex -37.1477 10.1377 8
      vertex -37.1477 10.1377 2.39
    endloop
  endfacet
  facet normal -0.92386 0.38273 0
    outer loop
      vertex -37.1477 10.1377 8
      vertex -37.2876 9.8 2.39
      vertex -37.2876 9.8 8
    endloop
  endfacet
  facet normal 0.92386 0.38273 0
    outer loop
      vertex -39.7124 9.8 8
      vertex -39.8523 10.1377 2.39
      vertex -39.8523 10.1377 8
    endloop
  endfacet
  facet normal 0.92386 0.38273 0
    outer loop
      vertex -39.8523 10.1377 2.39
      vertex -39.7124 9.8 8
      vertex -39.7124 9.8 2.39
    endloop
  endfacet
  facet normal 0.793335 0.608785 0
    outer loop
      vertex -39.4899 9.51005 8
      vertex -39.7124 9.8 2.39
      vertex -39.7124 9.8 8
    endloop
  endfacet
  facet normal 0.793335 0.608785 0
    outer loop
      vertex -39.7124 9.8 2.39
      vertex -39.4899 9.51005 8
      vertex -39.4899 9.51005 2.39
    endloop
  endfacet
  facet normal -0.38266 0.923889 0
    outer loop
      vertex -37.8 9.28757 2.39
      vertex -38.1377 9.1477 8
      vertex -37.8 9.28757 8
    endloop
  endfacet
  facet normal -0.38266 0.923889 0
    outer loop
      vertex -38.1377 9.1477 8
      vertex -37.8 9.28757 2.39
      vertex -38.1377 9.1477 2.39
    endloop
  endfacet
  facet normal 0.793285 -0.608851 0
    outer loop
      vertex -39.7124 11.2 8
      vertex -39.4899 11.4899 2.39
      vertex -39.4899 11.4899 8
    endloop
  endfacet
  facet normal 0.793285 -0.608851 0
    outer loop
      vertex -39.4899 11.4899 2.39
      vertex -39.7124 11.2 8
      vertex -39.7124 11.2 2.39
    endloop
  endfacet
  facet normal -0.130532 -0.991444 0
    outer loop
      vertex -38.5 11.9 2.39
      vertex -38.1377 11.8523 8
      vertex -38.5 11.9 8
    endloop
  endfacet
  facet normal -0.130532 -0.991444 -0
    outer loop
      vertex -38.1377 11.8523 8
      vertex -38.5 11.9 2.39
      vertex -38.1377 11.8523 2.39
    endloop
  endfacet
  facet normal 0 1 -0
    outer loop
      vertex -37.025 7.94523 0
      vertex -39.975 7.94523 2.39
      vertex -37.025 7.94523 2.39
    endloop
  endfacet
  facet normal 0 1 0
    outer loop
      vertex -39.975 7.94523 2.39
      vertex -37.025 7.94523 0
      vertex -39.975 7.94523 0
    endloop
  endfacet
  facet normal -0.866025 0.500001 0
    outer loop
      vertex -37.025 7.94523 0
      vertex -35.55 10.5 2.39
      vertex -35.55 10.5 0
    endloop
  endfacet
  facet normal -0.866025 0.500001 0
    outer loop
      vertex -35.55 10.5 2.39
      vertex -37.025 7.94523 0
      vertex -37.025 7.94523 2.39
    endloop
  endfacet
  facet normal 0 -1 0
    outer loop
      vertex -39.975 13.0548 0
      vertex -37.025 13.0548 2.39
      vertex -39.975 13.0548 2.39
    endloop
  endfacet
  facet normal 0 -1 -0
    outer loop
      vertex -37.025 13.0548 2.39
      vertex -39.975 13.0548 0
      vertex -37.025 13.0548 0
    endloop
  endfacet
  facet normal -0.866028 -0.499996 0
    outer loop
      vertex -35.55 10.5 0
      vertex -37.025 13.0548 2.39
      vertex -37.025 13.0548 0
    endloop
  endfacet
  facet normal -0.866028 -0.499996 0
    outer loop
      vertex -37.025 13.0548 2.39
      vertex -35.55 10.5 0
      vertex -35.55 10.5 2.39
    endloop
  endfacet
  facet normal 0.866028 -0.499996 0
    outer loop
      vertex -41.45 10.5 2.39
      vertex -39.975 13.0548 0
      vertex -39.975 13.0548 2.39
    endloop
  endfacet
  facet normal 0.866028 -0.499996 0
    outer loop
      vertex -39.975 13.0548 0
      vertex -41.45 10.5 2.39
      vertex -41.45 10.5 0
    endloop
  endfacet
  facet normal 0.866025 0.500001 0
    outer loop
      vertex -39.975 7.94523 2.39
      vertex -41.45 10.5 0
      vertex -41.45 10.5 2.39
    endloop
  endfacet
  facet normal 0.866025 0.500001 0
    outer loop
      vertex -41.45 10.5 0
      vertex -39.975 7.94523 2.39
      vertex -39.975 7.94523 0
    endloop
  endfacet
  facet normal 0 0 -1
    outer loop
      vertex -37.2876 9.8 2.39
      vertex -35.55 10.5 2.39
      vertex -37.025 7.94523 2.39
    endloop
  endfacet
  facet normal 0 0 -1
    outer loop
      vertex -37.1477 10.8623 2.39
      vertex -35.55 10.5 2.39
      vertex -37.1 10.5 2.39
    endloop
  endfacet
  facet normal -0 0 -1
    outer loop
      vertex -35.55 10.5 2.39
      vertex -37.1477 10.1377 2.39
      vertex -37.1 10.5 2.39
    endloop
  endfacet
  facet normal 0 0 -1
    outer loop
      vertex -35.55 10.5 2.39
      vertex -37.2876 9.8 2.39
      vertex -37.1477 10.1377 2.39
    endloop
  endfacet
  facet normal 0 0 -1
    outer loop
      vertex -37.025 7.94523 2.39
      vertex -37.5101 9.51005 2.39
      vertex -37.2876 9.8 2.39
    endloop
  endfacet
  facet normal 0 0 -1
    outer loop
      vertex -37.025 7.94523 2.39
      vertex -37.8 9.28757 2.39
      vertex -37.5101 9.51005 2.39
    endloop
  endfacet
  facet normal 0 0 -1
    outer loop
      vertex -37.025 7.94523 2.39
      vertex -38.1377 9.1477 2.39
      vertex -37.8 9.28757 2.39
    endloop
  endfacet
  facet normal 0 0 -1
    outer loop
      vertex -37.025 7.94523 2.39
      vertex -38.5 9.1 2.39
      vertex -38.1377 9.1477 2.39
    endloop
  endfacet
  facet normal 0 0 -1
    outer loop
      vertex -39.975 7.94523 2.39
      vertex -38.5 9.1 2.39
      vertex -37.025 7.94523 2.39
    endloop
  endfacet
  facet normal -0 0 -1
    outer loop
      vertex -38.5 9.1 2.39
      vertex -39.975 7.94523 2.39
      vertex -38.8623 9.1477 2.39
    endloop
  endfacet
  facet normal 0 0 -1
    outer loop
      vertex -39.7124 9.8 2.39
      vertex -41.45 10.5 2.39
      vertex -39.8523 10.1377 2.39
    endloop
  endfacet
  facet normal 0 0 -1
    outer loop
      vertex -41.45 10.5 2.39
      vertex -39.7124 9.8 2.39
      vertex -39.975 7.94523 2.39
    endloop
  endfacet
  facet normal -0 0 -1
    outer loop
      vertex -39.4899 9.51005 2.39
      vertex -39.975 7.94523 2.39
      vertex -39.7124 9.8 2.39
    endloop
  endfacet
  facet normal -0 0 -1
    outer loop
      vertex -39.2 9.28757 2.39
      vertex -39.975 7.94523 2.39
      vertex -39.4899 9.51005 2.39
    endloop
  endfacet
  facet normal -0 0 -1
    outer loop
      vertex -38.8623 9.1477 2.39
      vertex -39.975 7.94523 2.39
      vertex -39.2 9.28757 2.39
    endloop
  endfacet
  facet normal 0 0 -1
    outer loop
      vertex -37.2876 11.2 2.39
      vertex -35.55 10.5 2.39
      vertex -37.1477 10.8623 2.39
    endloop
  endfacet
  facet normal 0 0 -1
    outer loop
      vertex -35.55 10.5 2.39
      vertex -37.2876 11.2 2.39
      vertex -37.025 13.0548 2.39
    endloop
  endfacet
  facet normal 0 0 -1
    outer loop
      vertex -37.5101 11.4899 2.39
      vertex -37.025 13.0548 2.39
      vertex -37.2876 11.2 2.39
    endloop
  endfacet
  facet normal 0 0 -1
    outer loop
      vertex -37.8 11.7124 2.39
      vertex -37.025 13.0548 2.39
      vertex -37.5101 11.4899 2.39
    endloop
  endfacet
  facet normal 0 0 -1
    outer loop
      vertex -38.1377 11.8523 2.39
      vertex -37.025 13.0548 2.39
      vertex -37.8 11.7124 2.39
    endloop
  endfacet
  facet normal 0 0 -1
    outer loop
      vertex -38.5 11.9 2.39
      vertex -37.025 13.0548 2.39
      vertex -38.1377 11.8523 2.39
    endloop
  endfacet
  facet normal 0 0 -1
    outer loop
      vertex -39.975 13.0548 2.39
      vertex -38.5 11.9 2.39
      vertex -38.8623 11.8523 2.39
    endloop
  endfacet
  facet normal 0 0 -1
    outer loop
      vertex -39.975 13.0548 2.39
      vertex -38.8623 11.8523 2.39
      vertex -39.2 11.7124 2.39
    endloop
  endfacet
  facet normal 0 0 -1
    outer loop
      vertex -38.5 11.9 2.39
      vertex -39.975 13.0548 2.39
      vertex -37.025 13.0548 2.39
    endloop
  endfacet
  facet normal 0 0 -1
    outer loop
      vertex -39.4899 11.4899 2.39
      vertex -39.975 13.0548 2.39
      vertex -39.2 11.7124 2.39
    endloop
  endfacet
  facet normal 0 0 -1
    outer loop
      vertex -39.7124 11.2 2.39
      vertex -39.975 13.0548 2.39
      vertex -39.4899 11.4899 2.39
    endloop
  endfacet
  facet normal 0 0 -1
    outer loop
      vertex -41.45 10.5 2.39
      vertex -39.7124 11.2 2.39
      vertex -39.8523 10.8623 2.39
    endloop
  endfacet
  facet normal 0 0 -1
    outer loop
      vertex -41.45 10.5 2.39
      vertex -39.8523 10.8623 2.39
      vertex -39.9 10.5 2.39
    endloop
  endfacet
  facet normal 0 0 -1
    outer loop
      vertex -39.8523 10.1377 2.39
      vertex -41.45 10.5 2.39
      vertex -39.9 10.5 2.39
    endloop
  endfacet
  facet normal -0 0 -1
    outer loop
      vertex -39.7124 11.2 2.39
      vertex -41.45 10.5 2.39
      vertex -39.975 13.0548 2.39
    endloop
  endfacet
  facet normal -0.92386 -0.38273 0
    outer loop
      vertex -95.1477 59.8623 2.39
      vertex -95.2876 60.2 8
      vertex -95.2876 60.2 2.39
    endloop
  endfacet
  facet normal -0.92386 -0.38273 0
    outer loop
      vertex -95.2876 60.2 8
      vertex -95.1477 59.8623 2.39
      vertex -95.1477 59.8623 8
    endloop
  endfacet
  facet normal 0.608719 0.793386 -0
    outer loop
      vertex -97.2 58.2876 2.39
      vertex -97.49 58.5101 8
      vertex -97.2 58.2876 8
    endloop
  endfacet
  facet normal 0.608719 0.793386 0
    outer loop
      vertex -97.49 58.5101 8
      vertex -97.2 58.2876 2.39
      vertex -97.49 58.5101 2.39
    endloop
  endfacet
  facet normal 0.991444 -0.130532 0
    outer loop
      vertex -97.9 59.5 8
      vertex -97.8523 59.8623 2.39
      vertex -97.8523 59.8623 8
    endloop
  endfacet
  facet normal 0.991444 -0.130532 0
    outer loop
      vertex -97.8523 59.8623 2.39
      vertex -97.9 59.5 8
      vertex -97.9 59.5 2.39
    endloop
  endfacet
  facet normal -0.991444 0.130532 0
    outer loop
      vertex -95.1477 59.1377 2.39
      vertex -95.1 59.5 8
      vertex -95.1 59.5 2.39
    endloop
  endfacet
  facet normal -0.991444 0.130532 0
    outer loop
      vertex -95.1 59.5 8
      vertex -95.1477 59.1377 2.39
      vertex -95.1477 59.1377 8
    endloop
  endfacet
  facet normal 0.991444 0.130532 0
    outer loop
      vertex -97.8523 59.1377 8
      vertex -97.9 59.5 2.39
      vertex -97.9 59.5 8
    endloop
  endfacet
  facet normal 0.991444 0.130532 0
    outer loop
      vertex -97.9 59.5 2.39
      vertex -97.8523 59.1377 8
      vertex -97.8523 59.1377 2.39
    endloop
  endfacet
  facet normal -0.991444 -0.130532 0
    outer loop
      vertex -95.1 59.5 2.39
      vertex -95.1477 59.8623 8
      vertex -95.1477 59.8623 2.39
    endloop
  endfacet
  facet normal -0.991444 -0.130532 0
    outer loop
      vertex -95.1477 59.8623 8
      vertex -95.1 59.5 2.39
      vertex -95.1 59.5 8
    endloop
  endfacet
  facet normal -0.608719 0.793386 0
    outer loop
      vertex -95.51 58.5101 2.39
      vertex -95.8 58.2876 8
      vertex -95.51 58.5101 8
    endloop
  endfacet
  facet normal -0.608719 0.793386 0
    outer loop
      vertex -95.8 58.2876 8
      vertex -95.51 58.5101 2.39
      vertex -95.8 58.2876 2.39
    endloop
  endfacet
  facet normal -0.608719 -0.793386 0
    outer loop
      vertex -95.8 60.7124 2.39
      vertex -95.51 60.4899 8
      vertex -95.8 60.7124 8
    endloop
  endfacet
  facet normal -0.608719 -0.793386 -0
    outer loop
      vertex -95.51 60.4899 8
      vertex -95.8 60.7124 2.39
      vertex -95.51 60.4899 2.39
    endloop
  endfacet
  facet normal 0.130497 -0.991449 0
    outer loop
      vertex -96.8624 60.8523 2.39
      vertex -96.5 60.9 8
      vertex -96.8624 60.8523 8
    endloop
  endfacet
  facet normal 0.130497 -0.991449 0
    outer loop
      vertex -96.5 60.9 8
      vertex -96.8624 60.8523 2.39
      vertex -96.5 60.9 2.39
    endloop
  endfacet
  facet normal -0.793417 0.608679 0
    outer loop
      vertex -95.51 58.5101 2.39
      vertex -95.2876 58.8 8
      vertex -95.2876 58.8 2.39
    endloop
  endfacet
  facet normal -0.793417 0.608679 0
    outer loop
      vertex -95.2876 58.8 8
      vertex -95.51 58.5101 2.39
      vertex -95.51 58.5101 8
    endloop
  endfacet
  facet normal -0.793417 -0.608679 0
    outer loop
      vertex -95.2876 60.2 2.39
      vertex -95.51 60.4899 8
      vertex -95.51 60.4899 2.39
    endloop
  endfacet
  facet normal -0.793417 -0.608679 0
    outer loop
      vertex -95.51 60.4899 8
      vertex -95.2876 60.2 2.39
      vertex -95.2876 60.2 8
    endloop
  endfacet
  facet normal 0.382827 0.92382 -0
    outer loop
      vertex -96.8624 58.1477 2.39
      vertex -97.2 58.2876 8
      vertex -96.8624 58.1477 8
    endloop
  endfacet
  facet normal 0.382827 0.92382 0
    outer loop
      vertex -97.2 58.2876 8
      vertex -96.8624 58.1477 2.39
      vertex -97.2 58.2876 2.39
    endloop
  endfacet
  facet normal -0.130497 0.991449 0
    outer loop
      vertex -96.1376 58.1477 2.39
      vertex -96.5 58.1 8
      vertex -96.1376 58.1477 8
    endloop
  endfacet
  facet normal -0.130497 0.991449 0
    outer loop
      vertex -96.5 58.1 8
      vertex -96.1376 58.1477 2.39
      vertex -96.5 58.1 2.39
    endloop
  endfacet
  facet normal -0.382827 -0.92382 0
    outer loop
      vertex -96.1376 60.8523 2.39
      vertex -95.8 60.7124 8
      vertex -96.1376 60.8523 8
    endloop
  endfacet
  facet normal -0.382827 -0.92382 -0
    outer loop
      vertex -95.8 60.7124 8
      vertex -96.1376 60.8523 2.39
      vertex -95.8 60.7124 2.39
    endloop
  endfacet
  facet normal 0.608719 -0.793386 0
    outer loop
      vertex -97.49 60.4899 2.39
      vertex -97.2 60.7124 8
      vertex -97.49 60.4899 8
    endloop
  endfacet
  facet normal 0.608719 -0.793386 0
    outer loop
      vertex -97.2 60.7124 8
      vertex -97.49 60.4899 2.39
      vertex -97.2 60.7124 2.39
    endloop
  endfacet
  facet normal 0.382827 -0.92382 0
    outer loop
      vertex -97.2 60.7124 2.39
      vertex -96.8624 60.8523 8
      vertex -97.2 60.7124 8
    endloop
  endfacet
  facet normal 0.382827 -0.92382 0
    outer loop
      vertex -96.8624 60.8523 8
      vertex -97.2 60.7124 2.39
      vertex -96.8624 60.8523 2.39
    endloop
  endfacet
  facet normal 0.130497 0.991449 -0
    outer loop
      vertex -96.5 58.1 2.39
      vertex -96.8624 58.1477 8
      vertex -96.5 58.1 8
    endloop
  endfacet
  facet normal 0.130497 0.991449 0
    outer loop
      vertex -96.8624 58.1477 8
      vertex -96.5 58.1 2.39
      vertex -96.8624 58.1477 2.39
    endloop
  endfacet
  facet normal 0.92386 -0.38273 0
    outer loop
      vertex -97.8523 59.8623 8
      vertex -97.7124 60.2 2.39
      vertex -97.7124 60.2 8
    endloop
  endfacet
  facet normal 0.92386 -0.38273 0
    outer loop
      vertex -97.7124 60.2 2.39
      vertex -97.8523 59.8623 8
      vertex -97.8523 59.8623 2.39
    endloop
  endfacet
  facet normal -0.92386 0.38273 0
    outer loop
      vertex -95.2876 58.8 2.39
      vertex -95.1477 59.1377 8
      vertex -95.1477 59.1377 2.39
    endloop
  endfacet
  facet normal -0.92386 0.38273 0
    outer loop
      vertex -95.1477 59.1377 8
      vertex -95.2876 58.8 2.39
      vertex -95.2876 58.8 8
    endloop
  endfacet
  facet normal 0.92386 0.38273 0
    outer loop
      vertex -97.7124 58.8 8
      vertex -97.8523 59.1377 2.39
      vertex -97.8523 59.1377 8
    endloop
  endfacet
  facet normal 0.92386 0.38273 0
    outer loop
      vertex -97.8523 59.1377 2.39
      vertex -97.7124 58.8 8
      vertex -97.7124 58.8 2.39
    endloop
  endfacet
  facet normal 0.793417 0.608679 0
    outer loop
      vertex -97.49 58.5101 8
      vertex -97.7124 58.8 2.39
      vertex -97.7124 58.8 8
    endloop
  endfacet
  facet normal 0.793417 0.608679 0
    outer loop
      vertex -97.7124 58.8 2.39
      vertex -97.49 58.5101 8
      vertex -97.49 58.5101 2.39
    endloop
  endfacet
  facet normal -0.382827 0.92382 0
    outer loop
      vertex -95.8 58.2876 2.39
      vertex -96.1376 58.1477 8
      vertex -95.8 58.2876 8
    endloop
  endfacet
  facet normal -0.382827 0.92382 0
    outer loop
      vertex -96.1376 58.1477 8
      vertex -95.8 58.2876 2.39
      vertex -96.1376 58.1477 2.39
    endloop
  endfacet
  facet normal 0.793417 -0.608679 0
    outer loop
      vertex -97.7124 60.2 8
      vertex -97.49 60.4899 2.39
      vertex -97.49 60.4899 8
    endloop
  endfacet
  facet normal 0.793417 -0.608679 0
    outer loop
      vertex -97.49 60.4899 2.39
      vertex -97.7124 60.2 8
      vertex -97.7124 60.2 2.39
    endloop
  endfacet
  facet normal -0.130497 -0.991449 0
    outer loop
      vertex -96.5 60.9 2.39
      vertex -96.1376 60.8523 8
      vertex -96.5 60.9 8
    endloop
  endfacet
  facet normal -0.130497 -0.991449 -0
    outer loop
      vertex -96.1376 60.8523 8
      vertex -96.5 60.9 2.39
      vertex -96.1376 60.8523 2.39
    endloop
  endfacet
  facet normal 0 1 -0
    outer loop
      vertex -95.025 56.9452 0
      vertex -97.975 56.9452 2.39
      vertex -95.025 56.9452 2.39
    endloop
  endfacet
  facet normal 0 1 0
    outer loop
      vertex -97.975 56.9452 2.39
      vertex -95.025 56.9452 0
      vertex -97.975 56.9452 0
    endloop
  endfacet
  facet normal -0.866028 0.499996 0
    outer loop
      vertex -95.025 56.9452 0
      vertex -93.55 59.5 2.39
      vertex -93.55 59.5 0
    endloop
  endfacet
  facet normal -0.866028 0.499996 0
    outer loop
      vertex -93.55 59.5 2.39
      vertex -95.025 56.9452 0
      vertex -95.025 56.9452 2.39
    endloop
  endfacet
  facet normal 0 -1 0
    outer loop
      vertex -97.975 62.0548 0
      vertex -95.025 62.0548 2.39
      vertex -97.975 62.0548 2.39
    endloop
  endfacet
  facet normal 0 -1 -0
    outer loop
      vertex -95.025 62.0548 2.39
      vertex -97.975 62.0548 0
      vertex -95.025 62.0548 0
    endloop
  endfacet
  facet normal -0.866028 -0.499996 0
    outer loop
      vertex -93.55 59.5 0
      vertex -95.025 62.0548 2.39
      vertex -95.025 62.0548 0
    endloop
  endfacet
  facet normal -0.866028 -0.499996 0
    outer loop
      vertex -95.025 62.0548 2.39
      vertex -93.55 59.5 0
      vertex -93.55 59.5 2.39
    endloop
  endfacet
  facet normal 0.866028 -0.499996 0
    outer loop
      vertex -99.45 59.5 2.39
      vertex -97.975 62.0548 0
      vertex -97.975 62.0548 2.39
    endloop
  endfacet
  facet normal 0.866028 -0.499996 0
    outer loop
      vertex -97.975 62.0548 0
      vertex -99.45 59.5 2.39
      vertex -99.45 59.5 0
    endloop
  endfacet
  facet normal 0.866028 0.499996 0
    outer loop
      vertex -97.975 56.9452 2.39
      vertex -99.45 59.5 0
      vertex -99.45 59.5 2.39
    endloop
  endfacet
  facet normal 0.866028 0.499996 0
    outer loop
      vertex -99.45 59.5 0
      vertex -97.975 56.9452 2.39
      vertex -97.975 56.9452 0
    endloop
  endfacet
  facet normal 0 0 -1
    outer loop
      vertex -95.2876 58.8 2.39
      vertex -93.55 59.5 2.39
      vertex -95.025 56.9452 2.39
    endloop
  endfacet
  facet normal 0 0 -1
    outer loop
      vertex -95.1477 59.8623 2.39
      vertex -93.55 59.5 2.39
      vertex -95.1 59.5 2.39
    endloop
  endfacet
  facet normal -0 0 -1
    outer loop
      vertex -93.55 59.5 2.39
      vertex -95.1477 59.1377 2.39
      vertex -95.1 59.5 2.39
    endloop
  endfacet
  facet normal 0 0 -1
    outer loop
      vertex -93.55 59.5 2.39
      vertex -95.2876 58.8 2.39
      vertex -95.1477 59.1377 2.39
    endloop
  endfacet
  facet normal 0 0 -1
    outer loop
      vertex -95.025 56.9452 2.39
      vertex -95.51 58.5101 2.39
      vertex -95.2876 58.8 2.39
    endloop
  endfacet
  facet normal 0 0 -1
    outer loop
      vertex -95.025 56.9452 2.39
      vertex -95.8 58.2876 2.39
      vertex -95.51 58.5101 2.39
    endloop
  endfacet
  facet normal 0 0 -1
    outer loop
      vertex -95.025 56.9452 2.39
      vertex -96.1376 58.1477 2.39
      vertex -95.8 58.2876 2.39
    endloop
  endfacet
  facet normal 0 0 -1
    outer loop
      vertex -95.025 56.9452 2.39
      vertex -96.5 58.1 2.39
      vertex -96.1376 58.1477 2.39
    endloop
  endfacet
  facet normal 0 0 -1
    outer loop
      vertex -97.975 56.9452 2.39
      vertex -96.5 58.1 2.39
      vertex -95.025 56.9452 2.39
    endloop
  endfacet
  facet normal -0 0 -1
    outer loop
      vertex -96.5 58.1 2.39
      vertex -97.975 56.9452 2.39
      vertex -96.8624 58.1477 2.39
    endloop
  endfacet
  facet normal 0 0 -1
    outer loop
      vertex -97.7124 58.8 2.39
      vertex -99.45 59.5 2.39
      vertex -97.8523 59.1377 2.39
    endloop
  endfacet
  facet normal 0 0 -1
    outer loop
      vertex -99.45 59.5 2.39
      vertex -97.7124 58.8 2.39
      vertex -97.975 56.9452 2.39
    endloop
  endfacet
  facet normal -0 0 -1
    outer loop
      vertex -97.49 58.5101 2.39
      vertex -97.975 56.9452 2.39
      vertex -97.7124 58.8 2.39
    endloop
  endfacet
  facet normal -0 0 -1
    outer loop
      vertex -97.2 58.2876 2.39
      vertex -97.975 56.9452 2.39
      vertex -97.49 58.5101 2.39
    endloop
  endfacet
  facet normal -0 0 -1
    outer loop
      vertex -96.8624 58.1477 2.39
      vertex -97.975 56.9452 2.39
      vertex -97.2 58.2876 2.39
    endloop
  endfacet
  facet normal 0 0 -1
    outer loop
      vertex -95.2876 60.2 2.39
      vertex -93.55 59.5 2.39
      vertex -95.1477 59.8623 2.39
    endloop
  endfacet
  facet normal 0 0 -1
    outer loop
      vertex -93.55 59.5 2.39
      vertex -95.2876 60.2 2.39
      vertex -95.025 62.0548 2.39
    endloop
  endfacet
  facet normal 0 0 -1
    outer loop
      vertex -95.51 60.4899 2.39
      vertex -95.025 62.0548 2.39
      vertex -95.2876 60.2 2.39
    endloop
  endfacet
  facet normal 0 0 -1
    outer loop
      vertex -95.8 60.7124 2.39
      vertex -95.025 62.0548 2.39
      vertex -95.51 60.4899 2.39
    endloop
  endfacet
  facet normal 0 0 -1
    outer loop
      vertex -96.1376 60.8523 2.39
      vertex -95.025 62.0548 2.39
      vertex -95.8 60.7124 2.39
    endloop
  endfacet
  facet normal 0 0 -1
    outer loop
      vertex -96.5 60.9 2.39
      vertex -95.025 62.0548 2.39
      vertex -96.1376 60.8523 2.39
    endloop
  endfacet
  facet normal 0 0 -1
    outer loop
      vertex -97.975 62.0548 2.39
      vertex -96.5 60.9 2.39
      vertex -96.8624 60.8523 2.39
    endloop
  endfacet
  facet normal 0 0 -1
    outer loop
      vertex -97.975 62.0548 2.39
      vertex -96.8624 60.8523 2.39
      vertex -97.2 60.7124 2.39
    endloop
  endfacet
  facet normal 0 0 -1
    outer loop
      vertex -96.5 60.9 2.39
      vertex -97.975 62.0548 2.39
      vertex -95.025 62.0548 2.39
    endloop
  endfacet
  facet normal 0 0 -1
    outer loop
      vertex -97.49 60.4899 2.39
      vertex -97.975 62.0548 2.39
      vertex -97.2 60.7124 2.39
    endloop
  endfacet
  facet normal 0 0 -1
    outer loop
      vertex -97.7124 60.2 2.39
      vertex -97.975 62.0548 2.39
      vertex -97.49 60.4899 2.39
    endloop
  endfacet
  facet normal 0 0 -1
    outer loop
      vertex -99.45 59.5 2.39
      vertex -97.7124 60.2 2.39
      vertex -97.8523 59.8623 2.39
    endloop
  endfacet
  facet normal 0 0 -1
    outer loop
      vertex -99.45 59.5 2.39
      vertex -97.8523 59.8623 2.39
      vertex -97.9 59.5 2.39
    endloop
  endfacet
  facet normal 0 0 -1
    outer loop
      vertex -97.8523 59.1377 2.39
      vertex -99.45 59.5 2.39
      vertex -97.9 59.5 2.39
    endloop
  endfacet
  facet normal -0 0 -1
    outer loop
      vertex -97.7124 60.2 2.39
      vertex -99.45 59.5 2.39
      vertex -97.975 62.0548 2.39
    endloop
  endfacet
  facet normal -0.92386 -0.38273 0
    outer loop
      vertex -37.1477 59.8623 2.39
      vertex -37.2876 60.2 8
      vertex -37.2876 60.2 2.39
    endloop
  endfacet
  facet normal -0.92386 -0.38273 0
    outer loop
      vertex -37.2876 60.2 8
      vertex -37.1477 59.8623 2.39
      vertex -37.1477 59.8623 8
    endloop
  endfacet
  facet normal 0.608851 0.793285 -0
    outer loop
      vertex -39.2 58.2876 2.39
      vertex -39.4899 58.5101 8
      vertex -39.2 58.2876 8
    endloop
  endfacet
  facet normal 0.608851 0.793285 0
    outer loop
      vertex -39.4899 58.5101 8
      vertex -39.2 58.2876 2.39
      vertex -39.4899 58.5101 2.39
    endloop
  endfacet
  facet normal 0.991444 -0.130532 0
    outer loop
      vertex -39.9 59.5 8
      vertex -39.8523 59.8623 2.39
      vertex -39.8523 59.8623 8
    endloop
  endfacet
  facet normal 0.991444 -0.130532 0
    outer loop
      vertex -39.8523 59.8623 2.39
      vertex -39.9 59.5 8
      vertex -39.9 59.5 2.39
    endloop
  endfacet
  facet normal -0.991444 0.130532 0
    outer loop
      vertex -37.1477 59.1377 2.39
      vertex -37.1 59.5 8
      vertex -37.1 59.5 2.39
    endloop
  endfacet
  facet normal -0.991444 0.130532 0
    outer loop
      vertex -37.1 59.5 8
      vertex -37.1477 59.1377 2.39
      vertex -37.1477 59.1377 8
    endloop
  endfacet
  facet normal 0.991444 0.130532 0
    outer loop
      vertex -39.8523 59.1377 8
      vertex -39.9 59.5 2.39
      vertex -39.9 59.5 8
    endloop
  endfacet
  facet normal 0.991444 0.130532 0
    outer loop
      vertex -39.9 59.5 2.39
      vertex -39.8523 59.1377 8
      vertex -39.8523 59.1377 2.39
    endloop
  endfacet
  facet normal -0.991444 -0.130532 0
    outer loop
      vertex -37.1 59.5 2.39
      vertex -37.1477 59.8623 8
      vertex -37.1477 59.8623 2.39
    endloop
  endfacet
  facet normal -0.991444 -0.130532 0
    outer loop
      vertex -37.1477 59.8623 8
      vertex -37.1 59.5 2.39
      vertex -37.1 59.5 8
    endloop
  endfacet
  facet normal -0.608851 0.793285 0
    outer loop
      vertex -37.5101 58.5101 2.39
      vertex -37.8 58.2876 8
      vertex -37.5101 58.5101 8
    endloop
  endfacet
  facet normal -0.608851 0.793285 0
    outer loop
      vertex -37.8 58.2876 8
      vertex -37.5101 58.5101 2.39
      vertex -37.8 58.2876 2.39
    endloop
  endfacet
  facet normal -0.608851 -0.793285 0
    outer loop
      vertex -37.8 60.7124 2.39
      vertex -37.5101 60.4899 8
      vertex -37.8 60.7124 8
    endloop
  endfacet
  facet normal -0.608851 -0.793285 -0
    outer loop
      vertex -37.5101 60.4899 8
      vertex -37.8 60.7124 2.39
      vertex -37.5101 60.4899 2.39
    endloop
  endfacet
  facet normal 0.130532 -0.991444 0
    outer loop
      vertex -38.8623 60.8523 2.39
      vertex -38.5 60.9 8
      vertex -38.8623 60.8523 8
    endloop
  endfacet
  facet normal 0.130532 -0.991444 0
    outer loop
      vertex -38.5 60.9 8
      vertex -38.8623 60.8523 2.39
      vertex -38.5 60.9 2.39
    endloop
  endfacet
  facet normal -0.793285 0.608851 0
    outer loop
      vertex -37.5101 58.5101 2.39
      vertex -37.2876 58.8 8
      vertex -37.2876 58.8 2.39
    endloop
  endfacet
  facet normal -0.793285 0.608851 0
    outer loop
      vertex -37.2876 58.8 8
      vertex -37.5101 58.5101 2.39
      vertex -37.5101 58.5101 8
    endloop
  endfacet
  facet normal -0.793285 -0.608851 0
    outer loop
      vertex -37.2876 60.2 2.39
      vertex -37.5101 60.4899 8
      vertex -37.5101 60.4899 2.39
    endloop
  endfacet
  facet normal -0.793285 -0.608851 0
    outer loop
      vertex -37.5101 60.4899 8
      vertex -37.2876 60.2 2.39
      vertex -37.2876 60.2 8
    endloop
  endfacet
  facet normal 0.38273 0.92386 -0
    outer loop
      vertex -38.8623 58.1477 2.39
      vertex -39.2 58.2876 8
      vertex -38.8623 58.1477 8
    endloop
  endfacet
  facet normal 0.38273 0.92386 0
    outer loop
      vertex -39.2 58.2876 8
      vertex -38.8623 58.1477 2.39
      vertex -39.2 58.2876 2.39
    endloop
  endfacet
  facet normal -0.130532 0.991444 0
    outer loop
      vertex -38.1377 58.1477 2.39
      vertex -38.5 58.1 8
      vertex -38.1377 58.1477 8
    endloop
  endfacet
  facet normal -0.130532 0.991444 0
    outer loop
      vertex -38.5 58.1 8
      vertex -38.1377 58.1477 2.39
      vertex -38.5 58.1 2.39
    endloop
  endfacet
  facet normal -0.38273 -0.92386 0
    outer loop
      vertex -38.1377 60.8523 2.39
      vertex -37.8 60.7124 8
      vertex -38.1377 60.8523 8
    endloop
  endfacet
  facet normal -0.38273 -0.92386 -0
    outer loop
      vertex -37.8 60.7124 8
      vertex -38.1377 60.8523 2.39
      vertex -37.8 60.7124 2.39
    endloop
  endfacet
  facet normal 0.608851 -0.793285 0
    outer loop
      vertex -39.4899 60.4899 2.39
      vertex -39.2 60.7124 8
      vertex -39.4899 60.4899 8
    endloop
  endfacet
  facet normal 0.608851 -0.793285 0
    outer loop
      vertex -39.2 60.7124 8
      vertex -39.4899 60.4899 2.39
      vertex -39.2 60.7124 2.39
    endloop
  endfacet
  facet normal 0.38273 -0.92386 0
    outer loop
      vertex -39.2 60.7124 2.39
      vertex -38.8623 60.8523 8
      vertex -39.2 60.7124 8
    endloop
  endfacet
  facet normal 0.38273 -0.92386 0
    outer loop
      vertex -38.8623 60.8523 8
      vertex -39.2 60.7124 2.39
      vertex -38.8623 60.8523 2.39
    endloop
  endfacet
  facet normal 0.130532 0.991444 -0
    outer loop
      vertex -38.5 58.1 2.39
      vertex -38.8623 58.1477 8
      vertex -38.5 58.1 8
    endloop
  endfacet
  facet normal 0.130532 0.991444 0
    outer loop
      vertex -38.8623 58.1477 8
      vertex -38.5 58.1 2.39
      vertex -38.8623 58.1477 2.39
    endloop
  endfacet
  facet normal 0.92386 -0.38273 0
    outer loop
      vertex -39.8523 59.8623 8
      vertex -39.7124 60.2 2.39
      vertex -39.7124 60.2 8
    endloop
  endfacet
  facet normal 0.92386 -0.38273 0
    outer loop
      vertex -39.7124 60.2 2.39
      vertex -39.8523 59.8623 8
      vertex -39.8523 59.8623 2.39
    endloop
  endfacet
  facet normal -0.92386 0.38273 0
    outer loop
      vertex -37.2876 58.8 2.39
      vertex -37.1477 59.1377 8
      vertex -37.1477 59.1377 2.39
    endloop
  endfacet
  facet normal -0.92386 0.38273 0
    outer loop
      vertex -37.1477 59.1377 8
      vertex -37.2876 58.8 2.39
      vertex -37.2876 58.8 8
    endloop
  endfacet
  facet normal 0.92386 0.38273 0
    outer loop
      vertex -39.7124 58.8 8
      vertex -39.8523 59.1377 2.39
      vertex -39.8523 59.1377 8
    endloop
  endfacet
  facet normal 0.92386 0.38273 0
    outer loop
      vertex -39.8523 59.1377 2.39
      vertex -39.7124 58.8 8
      vertex -39.7124 58.8 2.39
    endloop
  endfacet
  facet normal 0.793285 0.608851 0
    outer loop
      vertex -39.4899 58.5101 8
      vertex -39.7124 58.8 2.39
      vertex -39.7124 58.8 8
    endloop
  endfacet
  facet normal 0.793285 0.608851 0
    outer loop
      vertex -39.7124 58.8 2.39
      vertex -39.4899 58.5101 8
      vertex -39.4899 58.5101 2.39
    endloop
  endfacet
  facet normal -0.38273 0.92386 0
    outer loop
      vertex -37.8 58.2876 2.39
      vertex -38.1377 58.1477 8
      vertex -37.8 58.2876 8
    endloop
  endfacet
  facet normal -0.38273 0.92386 0
    outer loop
      vertex -38.1377 58.1477 8
      vertex -37.8 58.2876 2.39
      vertex -38.1377 58.1477 2.39
    endloop
  endfacet
  facet normal 0.793285 -0.608851 0
    outer loop
      vertex -39.7124 60.2 8
      vertex -39.4899 60.4899 2.39
      vertex -39.4899 60.4899 8
    endloop
  endfacet
  facet normal 0.793285 -0.608851 0
    outer loop
      vertex -39.4899 60.4899 2.39
      vertex -39.7124 60.2 8
      vertex -39.7124 60.2 2.39
    endloop
  endfacet
  facet normal -0.130532 -0.991444 0
    outer loop
      vertex -38.5 60.9 2.39
      vertex -38.1377 60.8523 8
      vertex -38.5 60.9 8
    endloop
  endfacet
  facet normal -0.130532 -0.991444 -0
    outer loop
      vertex -38.1377 60.8523 8
      vertex -38.5 60.9 2.39
      vertex -38.1377 60.8523 2.39
    endloop
  endfacet
  facet normal 0 1 -0
    outer loop
      vertex -37.025 56.9452 0
      vertex -39.975 56.9452 2.39
      vertex -37.025 56.9452 2.39
    endloop
  endfacet
  facet normal 0 1 0
    outer loop
      vertex -39.975 56.9452 2.39
      vertex -37.025 56.9452 0
      vertex -39.975 56.9452 0
    endloop
  endfacet
  facet normal -0.866028 0.499996 0
    outer loop
      vertex -37.025 56.9452 0
      vertex -35.55 59.5 2.39
      vertex -35.55 59.5 0
    endloop
  endfacet
  facet normal -0.866028 0.499996 0
    outer loop
      vertex -35.55 59.5 2.39
      vertex -37.025 56.9452 0
      vertex -37.025 56.9452 2.39
    endloop
  endfacet
  facet normal 0 -1 0
    outer loop
      vertex -39.975 62.0548 0
      vertex -37.025 62.0548 2.39
      vertex -39.975 62.0548 2.39
    endloop
  endfacet
  facet normal 0 -1 -0
    outer loop
      vertex -37.025 62.0548 2.39
      vertex -39.975 62.0548 0
      vertex -37.025 62.0548 0
    endloop
  endfacet
  facet normal -0.866028 -0.499996 0
    outer loop
      vertex -35.55 59.5 0
      vertex -37.025 62.0548 2.39
      vertex -37.025 62.0548 0
    endloop
  endfacet
  facet normal -0.866028 -0.499996 0
    outer loop
      vertex -37.025 62.0548 2.39
      vertex -35.55 59.5 0
      vertex -35.55 59.5 2.39
    endloop
  endfacet
  facet normal 0.866028 -0.499996 0
    outer loop
      vertex -41.45 59.5 2.39
      vertex -39.975 62.0548 0
      vertex -39.975 62.0548 2.39
    endloop
  endfacet
  facet normal 0.866028 -0.499996 0
    outer loop
      vertex -39.975 62.0548 0
      vertex -41.45 59.5 2.39
      vertex -41.45 59.5 0
    endloop
  endfacet
  facet normal 0.866028 0.499996 0
    outer loop
      vertex -39.975 56.9452 2.39
      vertex -41.45 59.5 0
      vertex -41.45 59.5 2.39
    endloop
  endfacet
  facet normal 0.866028 0.499996 0
    outer loop
      vertex -41.45 59.5 0
      vertex -39.975 56.9452 2.39
      vertex -39.975 56.9452 0
    endloop
  endfacet
  facet normal 0 0 -1
    outer loop
      vertex -37.2876 58.8 2.39
      vertex -35.55 59.5 2.39
      vertex -37.025 56.9452 2.39
    endloop
  endfacet
  facet normal 0 0 -1
    outer loop
      vertex -37.1477 59.8623 2.39
      vertex -35.55 59.5 2.39
      vertex -37.1 59.5 2.39
    endloop
  endfacet
  facet normal -0 0 -1
    outer loop
      vertex -35.55 59.5 2.39
      vertex -37.1477 59.1377 2.39
      vertex -37.1 59.5 2.39
    endloop
  endfacet
  facet normal 0 0 -1
    outer loop
      vertex -35.55 59.5 2.39
      vertex -37.2876 58.8 2.39
      vertex -37.1477 59.1377 2.39
    endloop
  endfacet
  facet normal 0 0 -1
    outer loop
      vertex -37.025 56.9452 2.39
      vertex -37.5101 58.5101 2.39
      vertex -37.2876 58.8 2.39
    endloop
  endfacet
  facet normal 0 0 -1
    outer loop
      vertex -37.025 56.9452 2.39
      vertex -37.8 58.2876 2.39
      vertex -37.5101 58.5101 2.39
    endloop
  endfacet
  facet normal 0 0 -1
    outer loop
      vertex -37.025 56.9452 2.39
      vertex -38.1377 58.1477 2.39
      vertex -37.8 58.2876 2.39
    endloop
  endfacet
  facet normal 0 0 -1
    outer loop
      vertex -37.025 56.9452 2.39
      vertex -38.5 58.1 2.39
      vertex -38.1377 58.1477 2.39
    endloop
  endfacet
  facet normal 0 0 -1
    outer loop
      vertex -39.975 56.9452 2.39
      vertex -38.5 58.1 2.39
      vertex -37.025 56.9452 2.39
    endloop
  endfacet
  facet normal -0 0 -1
    outer loop
      vertex -38.5 58.1 2.39
      vertex -39.975 56.9452 2.39
      vertex -38.8623 58.1477 2.39
    endloop
  endfacet
  facet normal 0 0 -1
    outer loop
      vertex -39.7124 58.8 2.39
      vertex -41.45 59.5 2.39
      vertex -39.8523 59.1377 2.39
    endloop
  endfacet
  facet normal 0 0 -1
    outer loop
      vertex -41.45 59.5 2.39
      vertex -39.7124 58.8 2.39
      vertex -39.975 56.9452 2.39
    endloop
  endfacet
  facet normal -0 0 -1
    outer loop
      vertex -39.4899 58.5101 2.39
      vertex -39.975 56.9452 2.39
      vertex -39.7124 58.8 2.39
    endloop
  endfacet
  facet normal -0 0 -1
    outer loop
      vertex -39.2 58.2876 2.39
      vertex -39.975 56.9452 2.39
      vertex -39.4899 58.5101 2.39
    endloop
  endfacet
  facet normal -0 0 -1
    outer loop
      vertex -38.8623 58.1477 2.39
      vertex -39.975 56.9452 2.39
      vertex -39.2 58.2876 2.39
    endloop
  endfacet
  facet normal 0 0 -1
    outer loop
      vertex -37.2876 60.2 2.39
      vertex -35.55 59.5 2.39
      vertex -37.1477 59.8623 2.39
    endloop
  endfacet
  facet normal 0 0 -1
    outer loop
      vertex -35.55 59.5 2.39
      vertex -37.2876 60.2 2.39
      vertex -37.025 62.0548 2.39
    endloop
  endfacet
  facet normal 0 0 -1
    outer loop
      vertex -37.5101 60.4899 2.39
      vertex -37.025 62.0548 2.39
      vertex -37.2876 60.2 2.39
    endloop
  endfacet
  facet normal 0 0 -1
    outer loop
      vertex -37.8 60.7124 2.39
      vertex -37.025 62.0548 2.39
      vertex -37.5101 60.4899 2.39
    endloop
  endfacet
  facet normal 0 0 -1
    outer loop
      vertex -38.1377 60.8523 2.39
      vertex -37.025 62.0548 2.39
      vertex -37.8 60.7124 2.39
    endloop
  endfacet
  facet normal 0 0 -1
    outer loop
      vertex -38.5 60.9 2.39
      vertex -37.025 62.0548 2.39
      vertex -38.1377 60.8523 2.39
    endloop
  endfacet
  facet normal 0 0 -1
    outer loop
      vertex -39.975 62.0548 2.39
      vertex -38.5 60.9 2.39
      vertex -38.8623 60.8523 2.39
    endloop
  endfacet
  facet normal 0 0 -1
    outer loop
      vertex -39.975 62.0548 2.39
      vertex -38.8623 60.8523 2.39
      vertex -39.2 60.7124 2.39
    endloop
  endfacet
  facet normal 0 0 -1
    outer loop
      vertex -38.5 60.9 2.39
      vertex -39.975 62.0548 2.39
      vertex -37.025 62.0548 2.39
    endloop
  endfacet
  facet normal 0 0 -1
    outer loop
      vertex -39.4899 60.4899 2.39
      vertex -39.975 62.0548 2.39
      vertex -39.2 60.7124 2.39
    endloop
  endfacet
  facet normal 0 0 -1
    outer loop
      vertex -39.7124 60.2 2.39
      vertex -39.975 62.0548 2.39
      vertex -39.4899 60.4899 2.39
    endloop
  endfacet
  facet normal 0 0 -1
    outer loop
      vertex -41.45 59.5 2.39
      vertex -39.7124 60.2 2.39
      vertex -39.8523 59.8623 2.39
    endloop
  endfacet
  facet normal 0 0 -1
    outer loop
      vertex -41.45 59.5 2.39
      vertex -39.8523 59.8623 2.39
      vertex -39.9 59.5 2.39
    endloop
  endfacet
  facet normal 0 0 -1
    outer loop
      vertex -39.8523 59.1377 2.39
      vertex -41.45 59.5 2.39
      vertex -39.9 59.5 2.39
    endloop
  endfacet
  facet normal -0 0 -1
    outer loop
      vertex -39.7124 60.2 2.39
      vertex -41.45 59.5 2.39
      vertex -39.975 62.0548 2.39
    endloop
  endfacet
  facet normal -1 0 0
    outer loop
      vertex -45 17 0
      vertex -45 53 3
      vertex -45 53 0
    endloop
  endfacet
  facet normal -1 -0 0
    outer loop
      vertex -45 53 3
      vertex -45 17 0
      vertex -45 17 3
    endloop
  endfacet
  facet normal 1 -0 0
    outer loop
      vertex -90 17 3
      vertex -90 53 0
      vertex -90 53 3
    endloop
  endfacet
  facet normal 1 0 0
    outer loop
      vertex -90 53 0
      vertex -90 17 3
      vertex -90 17 0
    endloop
  endfacet
  facet normal 0 -1 0
    outer loop
      vertex -90 53 0
      vertex -45 53 3
      vertex -90 53 3
    endloop
  endfacet
  facet normal 0 -1 -0
    outer loop
      vertex -45 53 3
      vertex -90 53 0
      vertex -45 53 0
    endloop
  endfacet
  facet normal 0 1 -0
    outer loop
      vertex -45 17 0
      vertex -90 17 3
      vertex -45 17 3
    endloop
  endfacet
  facet normal 0 1 0
    outer loop
      vertex -90 17 3
      vertex -45 17 0
      vertex -90 17 0
    endloop
  endfacet
  facet normal -1 0 0
    outer loop
      vertex -19 5 0
      vertex -19 65 3
      vertex -19 65 0
    endloop
  endfacet
  facet normal -1 -0 0
    outer loop
      vertex -19 65 3
      vertex -19 5 0
      vertex -19 5 3
    endloop
  endfacet
  facet normal 1 -0 0
    outer loop
      vertex -31 5 3
      vertex -31 65 0
      vertex -31 65 3
    endloop
  endfacet
  facet normal 1 0 0
    outer loop
      vertex -31 65 0
      vertex -31 5 3
      vertex -31 5 0
    endloop
  endfacet
  facet normal 0 -1 0
    outer loop
      vertex -31 65 0
      vertex -19 65 3
      vertex -31 65 3
    endloop
  endfacet
  facet normal 0 -1 -0
    outer loop
      vertex -19 65 3
      vertex -31 65 0
      vertex -19 65 0
    endloop
  endfacet
  facet normal 0 1 -0
    outer loop
      vertex -19 5 0
      vertex -31 5 3
      vertex -19 5 3
    endloop
  endfacet
  facet normal 0 1 0
    outer loop
      vertex -31 5 3
      vertex -19 5 0
      vertex -31 5 0
    endloop
  endfacet
  facet normal -1 0 0
    outer loop
      vertex 90 12 0
      vertex 90 62 3
      vertex 90 62 0
    endloop
  endfacet
  facet normal -1 -0 0
    outer loop
      vertex 90 62 3
      vertex 90 12 0
      vertex 90 12 3
    endloop
  endfacet
  facet normal 1 -0 0
    outer loop
      vertex 20 50.9 3
      vertex 20 62 0
      vertex 20 62 3
    endloop
  endfacet
  facet normal 1 0 0
    outer loop
      vertex 20 62 0
      vertex 20 50.9 3
      vertex 20 50.9 0
    endloop
  endfacet
  facet normal 1 -0 0
    outer loop
      vertex 20 12 3
      vertex 20 24.9 0
      vertex 20 24.9 3
    endloop
  endfacet
  facet normal 1 0 0
    outer loop
      vertex 20 24.9 0
      vertex 20 12 3
      vertex 20 12 0
    endloop
  endfacet
  facet normal 0 -1 0
    outer loop
      vertex 20 62 0
      vertex 90 62 3
      vertex 20 62 3
    endloop
  endfacet
  facet normal 0 -1 -0
    outer loop
      vertex 90 62 3
      vertex 20 62 0
      vertex 90 62 0
    endloop
  endfacet
  facet normal 0 1 -0
    outer loop
      vertex 90 12 0
      vertex 20 12 3
      vertex 90 12 3
    endloop
  endfacet
  facet normal 0 1 0
    outer loop
      vertex 20 12 3
      vertex 90 12 0
      vertex 20 12 0
    endloop
  endfacet
  facet normal 1 -0 0
    outer loop
      vertex 6 24.9 3
      vertex 6 50.9 0
      vertex 6 50.9 3
    endloop
  endfacet
  facet normal 1 0 0
    outer loop
      vertex 6 50.9 0
      vertex 6 24.9 3
      vertex 6 24.9 0
    endloop
  endfacet
  facet normal 0 -1 0
    outer loop
      vertex 6 50.9 0
      vertex 20 50.9 3
      vertex 6 50.9 3
    endloop
  endfacet
  facet normal 0 -1 -0
    outer loop
      vertex 20 50.9 3
      vertex 6 50.9 0
      vertex 20 50.9 0
    endloop
  endfacet
  facet normal 0 1 -0
    outer loop
      vertex 20 24.9 0
      vertex 6 24.9 3
      vertex 20 24.9 3
    endloop
  endfacet
  facet normal 0 1 0
    outer loop
      vertex 6 24.9 3
      vertex 20 24.9 0
      vertex 6 24.9 0
    endloop
  endfacet
endsolid OpenSCAD_Model
