solid OpenSCAD_Model
  facet normal 0 -0.707107 0.707107
    outer loop
      vertex -120.85 -44.2 18.9586
      vertex -110.14 -31.2586 31.9
      vertex -120.85 -31.2586 31.9
    endloop
  endfacet
  facet normal 0 -0.707107 0.707107
    outer loop
      vertex -110.14 -31.2586 31.9
      vertex -120.85 -44.2 18.9586
      vertex -110.14 -44.2 18.9586
    endloop
  endfacet
  facet normal -1 0 0
    outer loop
      vertex -120.85 -44.2 18.9586
      vertex -120.85 -12.4 18.9586
      vertex -120.85 -12.4 8.8
    endloop
  endfacet
  facet normal -1 0 0
    outer loop
      vertex -120.85 -12.4 18.9586
      vertex -120.85 -44.2 18.9586
      vertex -120.85 -25.3414 31.9
    endloop
  endfacet
  facet normal -1 0 0
    outer loop
      vertex -120.85 -44.2 18.9586
      vertex -120.85 -12.4 8.8
      vertex -120.85 -44.2 8.8
    endloop
  endfacet
  facet normal -1 -0 0
    outer loop
      vertex -120.85 -25.3414 31.9
      vertex -120.85 -44.2 18.9586
      vertex -120.85 -31.2586 31.9
    endloop
  endfacet
  facet normal -0 0 1
    outer loop
      vertex -120.85 -25.3414 31.9
      vertex -110.14 -31.2586 31.9
      vertex -110.14 -25.3414 31.9
    endloop
  endfacet
  facet normal 0 0 1
    outer loop
      vertex -110.14 -31.2586 31.9
      vertex -120.85 -25.3414 31.9
      vertex -120.85 -31.2586 31.9
    endloop
  endfacet
  facet normal 0 0 -1
    outer loop
      vertex -112.05 26.8 0
      vertex -106.15 0.4 0
      vertex -112.05 -4.99999 0
    endloop
  endfacet
  facet normal 0 0 -1
    outer loop
      vertex -106.15 0.4 0
      vertex -112.05 26.8 0
      vertex -110.15 26.8 0
    endloop
  endfacet
  facet normal 0 0 -1
    outer loop
      vertex -112.05 -44.2 0
      vertex -110.15 -12.4 0
      vertex -110.15 -44.2 0
    endloop
  endfacet
  facet normal -0 0 -1
    outer loop
      vertex -110.15 -12.4 0
      vertex -112.05 -44.2 0
      vertex -112.05 -12.4 0
    endloop
  endfacet
  facet normal 0 0 -1
    outer loop
      vertex -110.15 -12.4 0
      vertex -106.15 0.4 0
      vertex -106.15 -45.1 0
    endloop
  endfacet
  facet normal 0 0 -1
    outer loop
      vertex -110.15 -44.2 0
      vertex -106.15 -45.1 0
      vertex -110.15 -45.1 0
    endloop
  endfacet
  facet normal 0 0 -1
    outer loop
      vertex -110.15 -12.4 0
      vertex -106.15 -45.1 0
      vertex -110.15 -44.2 0
    endloop
  endfacet
  facet normal 0 0 -1
    outer loop
      vertex -106.15 0.4 0
      vertex -110.15 -12.4 0
      vertex -110.15 -4.99999 0
    endloop
  endfacet
  facet normal 0 0 -1
    outer loop
      vertex -112.05 -4.99999 0
      vertex -106.15 0.4 0
      vertex -110.15 -4.99999 0
    endloop
  endfacet
  facet normal 0 0 -1
    outer loop
      vertex -106.15 0.4 0
      vertex -110.15 26.8 0
      vertex -109.75 27.75 0
    endloop
  endfacet
  facet normal -0 0 -1
    outer loop
      vertex -109.75 27.75 0
      vertex -110.15 26.8 0
      vertex -110.15 27.75 0
    endloop
  endfacet
  facet normal 0 0 -1
    outer loop
      vertex -49.5 84 0
      vertex -41.5 84 0
      vertex -49.5 17 0
    endloop
  endfacet
  facet normal 0 0 -1
    outer loop
      vertex -53 5 0
      vertex -49.5 17 0
      vertex -47 5 0
    endloop
  endfacet
  facet normal -0 0 -1
    outer loop
      vertex -49.5 17 0
      vertex -53 5 0
      vertex -83 17 0
    endloop
  endfacet
  facet normal 0 0 -1
    outer loop
      vertex -41.5 84 0
      vertex -49.5 84 0
      vertex -47 95.6 0
    endloop
  endfacet
  facet normal 0 0 -1
    outer loop
      vertex -49.5 84 0
      vertex -53 95.6 0
      vertex -47 95.6 0
    endloop
  endfacet
  facet normal -0 0 -1
    outer loop
      vertex -53 95.6 0
      vertex -83 84 0
      vertex -53 99.6 0
    endloop
  endfacet
  facet normal 0 0 -1
    outer loop
      vertex -83 84 0
      vertex -53 95.6 0
      vertex -49.5 84 0
    endloop
  endfacet
  facet normal 0 0 -1
    outer loop
      vertex 41.5 84 0
      vertex 53 95.6 0
      vertex 75 84 0
    endloop
  endfacet
  facet normal 0 0 -1
    outer loop
      vertex 33.5 84 0
      vertex 47 95.6 0
      vertex 41.5 84 0
    endloop
  endfacet
  facet normal -0 0 -1
    outer loop
      vertex 53 95.6 0
      vertex 41.5 84 0
      vertex 47 95.6 0
    endloop
  endfacet
  facet normal 0 0 -1
    outer loop
      vertex 106.15 -45.1 0
      vertex 110.15 -44.2 0
      vertex 110.15 -45.1 0
    endloop
  endfacet
  facet normal -0 0 -1
    outer loop
      vertex 110.15 -44.2 0
      vertex 106.15 -45.1 0
      vertex 110.15 -12.4 0
    endloop
  endfacet
  facet normal 0 0 -1
    outer loop
      vertex 106.15 0.4 0
      vertex 110.15 -12.4 0
      vertex 106.15 -45.1 0
    endloop
  endfacet
  facet normal 0 0 -1
    outer loop
      vertex 110.15 -4.99999 0
      vertex 106.15 0.4 0
      vertex 110.15 26.8 0
    endloop
  endfacet
  facet normal 0 0 -1
    outer loop
      vertex 75 17 0
      vertex 110.15 26.8 0
      vertex 106.15 0.4 0
    endloop
  endfacet
  facet normal 0 0 -1
    outer loop
      vertex 110.15 -12.4 0
      vertex 106.15 0.4 0
      vertex 110.15 -4.99999 0
    endloop
  endfacet
  facet normal 0 0 -1
    outer loop
      vertex 110.15 26.8 0
      vertex 109.75 27.75 0
      vertex 110.15 27.75 0
    endloop
  endfacet
  facet normal -0 0 -1
    outer loop
      vertex 110.15 26.8 0
      vertex 75 17 0
      vertex 109.75 27.75 0
    endloop
  endfacet
  facet normal 0 0 -1
    outer loop
      vertex 75 84 0
      vertex 109.75 27.75 0
      vertex 75 17 0
    endloop
  endfacet
  facet normal 0 0 -1
    outer loop
      vertex 109.75 27.75 0
      vertex 75 84 0
      vertex 94 88 0
    endloop
  endfacet
  facet normal 0 0 -1
    outer loop
      vertex 109.75 27.75 0
      vertex 94 88 0
      vertex 109.75 88 0
    endloop
  endfacet
  facet normal 0 0 -1
    outer loop
      vertex 106.15 0.4 0
      vertex 53 1 0
      vertex 75 17 0
    endloop
  endfacet
  facet normal 0 0 -1
    outer loop
      vertex 106.15 0.4 0
      vertex 47 1 0
      vertex 53 1 0
    endloop
  endfacet
  facet normal 0 0 -1
    outer loop
      vertex 33.5 17 0
      vertex 47 5 0
      vertex 47 1 0
    endloop
  endfacet
  facet normal 0 0 -1
    outer loop
      vertex 41.5 17 0
      vertex 33.5 17 0
      vertex 41.5 84 0
    endloop
  endfacet
  facet normal 0 0 -1
    outer loop
      vertex 47 5 0
      vertex 33.5 17 0
      vertex 41.5 17 0
    endloop
  endfacet
  facet normal 0 0 -1
    outer loop
      vertex 47 1 0
      vertex 0 17 0
      vertex 33.5 17 0
    endloop
  endfacet
  facet normal 0 0 -1
    outer loop
      vertex 0 17 0
      vertex -8 17 0
      vertex 0 84 0
    endloop
  endfacet
  facet normal 0 0 -1
    outer loop
      vertex -47 1 0
      vertex 0 17 0
      vertex 47 1 0
    endloop
  endfacet
  facet normal -0 0 -1
    outer loop
      vertex 0 17 0
      vertex -47 1 0
      vertex -8 17 0
    endloop
  endfacet
  facet normal 0 0 -1
    outer loop
      vertex -47 5 0
      vertex -41.5 17 0
      vertex -47 1 0
    endloop
  endfacet
  facet normal -0 0 -1
    outer loop
      vertex -8 17 0
      vertex -47 1 0
      vertex -41.5 17 0
    endloop
  endfacet
  facet normal 0 0 -1
    outer loop
      vertex 106.15 0.4 0
      vertex -47 1 0
      vertex 47 1 0
    endloop
  endfacet
  facet normal 0 0 -1
    outer loop
      vertex 106.15 0.4 0
      vertex -53 1 0
      vertex -47 1 0
    endloop
  endfacet
  facet normal 0 0 -1
    outer loop
      vertex -53 1 0
      vertex -83 17 0
      vertex -53 5 0
    endloop
  endfacet
  facet normal 0 0 -1
    outer loop
      vertex -109.75 27.75 0
      vertex -83 84 0
      vertex -83 17 0
    endloop
  endfacet
  facet normal 0 0 -1
    outer loop
      vertex -106.15 0.4 0
      vertex -53 1 0
      vertex 106.15 0.4 0
    endloop
  endfacet
  facet normal 0 0 -1
    outer loop
      vertex -106.15 0.4 0
      vertex -83 17 0
      vertex -53 1 0
    endloop
  endfacet
  facet normal 0 0 -1
    outer loop
      vertex -109.75 27.75 0
      vertex -83 17 0
      vertex -106.15 0.4 0
    endloop
  endfacet
  facet normal -0 0 -1
    outer loop
      vertex -83 84 0
      vertex -109.75 27.75 0
      vertex -94 88 0
    endloop
  endfacet
  facet normal -0 0 -1
    outer loop
      vertex -94 88 0
      vertex -109.75 27.75 0
      vertex -109.75 88 0
    endloop
  endfacet
  facet normal 0 0 -1
    outer loop
      vertex 110.15 -44.2 0
      vertex 112.05 -12.4 0
      vertex 112.05 -44.2 0
    endloop
  endfacet
  facet normal -0 0 -1
    outer loop
      vertex 112.05 -12.4 0
      vertex 110.15 -44.2 0
      vertex 110.15 -12.4 0
    endloop
  endfacet
  facet normal 0 0 -1
    outer loop
      vertex 110.15 -4.99999 0
      vertex 112.05 26.8 0
      vertex 112.05 -4.99999 0
    endloop
  endfacet
  facet normal -0 0 -1
    outer loop
      vertex 112.05 26.8 0
      vertex 110.15 -4.99999 0
      vertex 110.15 26.8 0
    endloop
  endfacet
  facet normal -0 0 -1
    outer loop
      vertex 94 88 0
      vertex 75 84 0
      vertex 94 100.6 0
    endloop
  endfacet
  facet normal 0 0 -1
    outer loop
      vertex 53 99.6 0
      vertex 75 84 0
      vertex 53 95.6 0
    endloop
  endfacet
  facet normal 0 0 -1
    outer loop
      vertex 75 84 0
      vertex 53 99.6 0
      vertex 94 100.6 0
    endloop
  endfacet
  facet normal 0 0 -1
    outer loop
      vertex 47 99.6 0
      vertex 94 100.6 0
      vertex 53 99.6 0
    endloop
  endfacet
  facet normal 0 0 -1
    outer loop
      vertex 33.5 84 0
      vertex 41.5 84 0
      vertex 33.5 17 0
    endloop
  endfacet
  facet normal -0 0 -1
    outer loop
      vertex 47 95.6 0
      vertex 33.5 84 0
      vertex 47 99.6 0
    endloop
  endfacet
  facet normal 0 0 -1
    outer loop
      vertex 0 84 0
      vertex 47 99.6 0
      vertex 33.5 84 0
    endloop
  endfacet
  facet normal 0 0 -1
    outer loop
      vertex -8 84 0
      vertex 0 84 0
      vertex -8 17 0
    endloop
  endfacet
  facet normal 0 0 -1
    outer loop
      vertex -47 99.6 0
      vertex 0 84 0
      vertex -8 84 0
    endloop
  endfacet
  facet normal 0 0 -1
    outer loop
      vertex -47 99.6 0
      vertex -8 84 0
      vertex -41.5 84 0
    endloop
  endfacet
  facet normal 0 0 -1
    outer loop
      vertex -49.5 17 0
      vertex -41.5 17 0
      vertex -47 5 0
    endloop
  endfacet
  facet normal 0 0 -1
    outer loop
      vertex -49.5 17 0
      vertex -41.5 84 0
      vertex -41.5 17 0
    endloop
  endfacet
  facet normal 0 0 -1
    outer loop
      vertex -47 99.6 0
      vertex -41.5 84 0
      vertex -47 95.6 0
    endloop
  endfacet
  facet normal 0 0 -1
    outer loop
      vertex 0 84 0
      vertex -47 99.6 0
      vertex 47 99.6 0
    endloop
  endfacet
  facet normal 0 0 -1
    outer loop
      vertex -47 99.6 0
      vertex 94 100.6 0
      vertex 47 99.6 0
    endloop
  endfacet
  facet normal 0 0 -1
    outer loop
      vertex -94 100.6 0
      vertex -47 99.6 0
      vertex -53 99.6 0
    endloop
  endfacet
  facet normal 0 0 -1
    outer loop
      vertex -94 100.6 0
      vertex -83 84 0
      vertex -94 88 0
    endloop
  endfacet
  facet normal 0 0 -1
    outer loop
      vertex -47 99.6 0
      vertex -94 100.6 0
      vertex 94 100.6 0
    endloop
  endfacet
  facet normal 0 0 -1
    outer loop
      vertex -83 84 0
      vertex -94 100.6 0
      vertex -53 99.6 0
    endloop
  endfacet
  facet normal 0 0 -1
    outer loop
      vertex 53 5 0
      vertex 75 17 0
      vertex 53 1 0
    endloop
  endfacet
  facet normal 0 0 -1
    outer loop
      vertex 41.5 17 0
      vertex 53 5 0
      vertex 47 5 0
    endloop
  endfacet
  facet normal 0 0 -1
    outer loop
      vertex 53 5 0
      vertex 41.5 17 0
      vertex 75 17 0
    endloop
  endfacet
  facet normal 0 1 0
    outer loop
      vertex -110.14 -12.4 18.9586
      vertex -117.45 -12.4 18
      vertex -120.85 -12.4 18.9586
    endloop
  endfacet
  facet normal 0 1 0
    outer loop
      vertex -110.15 -12.4 10
      vertex -110.14 -12.4 18.9586
      vertex -110.14 -12.4 10
    endloop
  endfacet
  facet normal 0 1 0
    outer loop
      vertex -110.14 -12.4 18.9586
      vertex -110.15 -12.4 10
      vertex -117.45 -12.4 18
    endloop
  endfacet
  facet normal 0 1 0
    outer loop
      vertex -110.15 -12.4 10
      vertex -117.45 -12.4 8
      vertex -117.45 -12.4 18
    endloop
  endfacet
  facet normal 0 1 0
    outer loop
      vertex -110.15 -12.4 10
      vertex -112.05 -12.4 0
      vertex -117.45 -12.4 8
    endloop
  endfacet
  facet normal 0 1 0
    outer loop
      vertex -112.05 -12.4 0
      vertex -110.15 -12.4 10
      vertex -110.15 -12.4 0
    endloop
  endfacet
  facet normal 0 1 -0
    outer loop
      vertex -118.05 -12.4 18
      vertex -120.85 -12.4 18.9586
      vertex -117.45 -12.4 18
    endloop
  endfacet
  facet normal 0 1 0
    outer loop
      vertex -118.05 -12.4 18
      vertex -120.85 -12.4 8.8
      vertex -120.85 -12.4 18.9586
    endloop
  endfacet
  facet normal 0 1 -0
    outer loop
      vertex -118.05 -12.4 8
      vertex -120.85 -12.4 8.8
      vertex -118.05 -12.4 18
    endloop
  endfacet
  facet normal 0 1 0
    outer loop
      vertex -117.45 -12.4 8
      vertex -112.05 -12.4 0
      vertex -118.05 -12.4 8
    endloop
  endfacet
  facet normal 0 1 0
    outer loop
      vertex -118.05 -12.4 8
      vertex -112.05 -12.4 0
      vertex -120.85 -12.4 8.8
    endloop
  endfacet
  facet normal 1 0 0
    outer loop
      vertex -110.14 -44.2 18.9586
      vertex -110.14 -12.4 18.9586
      vertex -110.14 -25.3414 31.9
    endloop
  endfacet
  facet normal 1 0 0
    outer loop
      vertex -110.14 -44.2 18.9586
      vertex -110.14 -25.3414 31.9
      vertex -110.14 -31.2586 31.9
    endloop
  endfacet
  facet normal 1 0 0
    outer loop
      vertex -110.14 -12.4 18.9586
      vertex -110.14 -44.2 18.9586
      vertex -110.14 -12.4 10
    endloop
  endfacet
  facet normal 1 0 0
    outer loop
      vertex -110.14 -12.4 10
      vertex -110.14 -44.2 18.9586
      vertex -110.14 -44.2 10
    endloop
  endfacet
  facet normal 0 0.707107 0.707107
    outer loop
      vertex -110.14 -12.4 18.9586
      vertex -120.85 -25.3414 31.9
      vertex -110.14 -25.3414 31.9
    endloop
  endfacet
  facet normal 0 0.707107 0.707107
    outer loop
      vertex -120.85 -25.3414 31.9
      vertex -110.14 -12.4 18.9586
      vertex -120.85 -12.4 18.9586
    endloop
  endfacet
  facet normal 0 -1 0
    outer loop
      vertex -117.45 -44.2 8
      vertex -110.15 -44.2 10
      vertex -117.45 -44.2 18
    endloop
  endfacet
  facet normal 0 -1 0
    outer loop
      vertex -112.05 -44.2 0
      vertex -110.15 -44.2 10
      vertex -117.45 -44.2 8
    endloop
  endfacet
  facet normal 0 -1 -0
    outer loop
      vertex -110.15 -44.2 10
      vertex -112.05 -44.2 0
      vertex -110.15 -44.2 0
    endloop
  endfacet
  facet normal 0 -1 0
    outer loop
      vertex -117.45 -44.2 18
      vertex -120.85 -44.2 18.9586
      vertex -118.05 -44.2 18
    endloop
  endfacet
  facet normal 0 -1 0
    outer loop
      vertex -120.85 -44.2 8.8
      vertex -118.05 -44.2 18
      vertex -120.85 -44.2 18.9586
    endloop
  endfacet
  facet normal 0 -1 0
    outer loop
      vertex -120.85 -44.2 8.8
      vertex -118.05 -44.2 8
      vertex -118.05 -44.2 18
    endloop
  endfacet
  facet normal 0 -1 0
    outer loop
      vertex -118.05 -44.2 8
      vertex -112.05 -44.2 0
      vertex -117.45 -44.2 8
    endloop
  endfacet
  facet normal 0 -1 0
    outer loop
      vertex -112.05 -44.2 0
      vertex -118.05 -44.2 8
      vertex -120.85 -44.2 8.8
    endloop
  endfacet
  facet normal 0 -1 0
    outer loop
      vertex -120.85 -44.2 18.9586
      vertex -117.45 -44.2 18
      vertex -110.14 -44.2 18.9586
    endloop
  endfacet
  facet normal 0 -1 0
    outer loop
      vertex -110.15 -44.2 10
      vertex -110.14 -44.2 18.9586
      vertex -117.45 -44.2 18
    endloop
  endfacet
  facet normal 0 -1 -0
    outer loop
      vertex -110.14 -44.2 18.9586
      vertex -110.15 -44.2 10
      vertex -110.14 -44.2 10
    endloop
  endfacet
  facet normal -0.707107 0 -0.707107
    outer loop
      vertex -112.05 -44.2 0
      vertex -120.85 -12.4 8.8
      vertex -112.05 -12.4 0
    endloop
  endfacet
  facet normal -0.707107 -0 -0.707107
    outer loop
      vertex -120.85 -12.4 8.8
      vertex -112.05 -44.2 0
      vertex -120.85 -44.2 8.8
    endloop
  endfacet
  facet normal 0.966235 -0.257663 0
    outer loop
      vertex -117.49 -44.35 18
      vertex -117.45 -44.2 8
      vertex -117.45 -44.2 18
    endloop
  endfacet
  facet normal 0.966235 -0.257663 0
    outer loop
      vertex -117.45 -44.2 8
      vertex -117.49 -44.35 18
      vertex -117.49 -44.35 8
    endloop
  endfacet
  facet normal -0.966235 -0.257663 0
    outer loop
      vertex -118.01 -44.35 8
      vertex -118.05 -44.2 18
      vertex -118.05 -44.2 8
    endloop
  endfacet
  facet normal -0.966235 -0.257663 0
    outer loop
      vertex -118.05 -44.2 18
      vertex -118.01 -44.35 8
      vertex -118.01 -44.35 18
    endloop
  endfacet
  facet normal -0.258865 -0.965914 0
    outer loop
      vertex -117.9 -44.4598 8
      vertex -117.75 -44.5 18
      vertex -117.9 -44.4598 18
    endloop
  endfacet
  facet normal -0.258865 -0.965914 -0
    outer loop
      vertex -117.75 -44.5 18
      vertex -117.9 -44.4598 8
      vertex -117.75 -44.5 8
    endloop
  endfacet
  facet normal -0.706463 -0.70775 0
    outer loop
      vertex -117.9 -44.4598 8
      vertex -118.01 -44.35 18
      vertex -118.01 -44.35 8
    endloop
  endfacet
  facet normal -0.706463 -0.70775 0
    outer loop
      vertex -118.01 -44.35 18
      vertex -117.9 -44.4598 8
      vertex -117.9 -44.4598 18
    endloop
  endfacet
  facet normal 0 0 1
    outer loop
      vertex -117.45 -44.2 18
      vertex -117.6 -44.4598 18
      vertex -117.49 -44.35 18
    endloop
  endfacet
  facet normal 0 0 1
    outer loop
      vertex -117.45 -44.2 18
      vertex -117.75 -44.5 18
      vertex -117.6 -44.4598 18
    endloop
  endfacet
  facet normal 0 0 1
    outer loop
      vertex -117.45 -44.2 18
      vertex -117.9 -44.4598 18
      vertex -117.75 -44.5 18
    endloop
  endfacet
  facet normal 0 0 1
    outer loop
      vertex -117.45 -44.2 18
      vertex -118.01 -44.35 18
      vertex -117.9 -44.4598 18
    endloop
  endfacet
  facet normal -0 0 1
    outer loop
      vertex -118.05 -44.2 18
      vertex -118.01 -44.35 18
      vertex -117.45 -44.2 18
    endloop
  endfacet
  facet normal 0 0 -1
    outer loop
      vertex -117.6 -44.4598 8
      vertex -117.45 -44.2 8
      vertex -117.49 -44.35 8
    endloop
  endfacet
  facet normal 0 0 -1
    outer loop
      vertex -117.75 -44.5 8
      vertex -117.45 -44.2 8
      vertex -117.6 -44.4598 8
    endloop
  endfacet
  facet normal 0 0 -1
    outer loop
      vertex -117.9 -44.4598 8
      vertex -117.45 -44.2 8
      vertex -117.75 -44.5 8
    endloop
  endfacet
  facet normal 0 0 -1
    outer loop
      vertex -118.01 -44.35 8
      vertex -117.45 -44.2 8
      vertex -117.9 -44.4598 8
    endloop
  endfacet
  facet normal 0 0 -1
    outer loop
      vertex -118.01 -44.35 8
      vertex -118.05 -44.2 8
      vertex -117.45 -44.2 8
    endloop
  endfacet
  facet normal 0.706463 -0.70775 0
    outer loop
      vertex -117.6 -44.4598 18
      vertex -117.49 -44.35 8
      vertex -117.49 -44.35 18
    endloop
  endfacet
  facet normal 0.706463 -0.70775 0
    outer loop
      vertex -117.49 -44.35 8
      vertex -117.6 -44.4598 18
      vertex -117.6 -44.4598 8
    endloop
  endfacet
  facet normal 0.258865 -0.965914 0
    outer loop
      vertex -117.75 -44.5 8
      vertex -117.6 -44.4598 18
      vertex -117.75 -44.5 18
    endloop
  endfacet
  facet normal 0.258865 -0.965914 0
    outer loop
      vertex -117.6 -44.4598 18
      vertex -117.75 -44.5 8
      vertex -117.6 -44.4598 8
    endloop
  endfacet
  facet normal -0.706463 0.70775 0
    outer loop
      vertex -118.01 -12.25 8
      vertex -117.9 -12.1402 18
      vertex -117.9 -12.1402 8
    endloop
  endfacet
  facet normal -0.706463 0.70775 0
    outer loop
      vertex -117.9 -12.1402 18
      vertex -118.01 -12.25 8
      vertex -118.01 -12.25 18
    endloop
  endfacet
  facet normal -0.966235 0.257663 0
    outer loop
      vertex -118.05 -12.4 8
      vertex -118.01 -12.25 18
      vertex -118.01 -12.25 8
    endloop
  endfacet
  facet normal -0.966235 0.257663 0
    outer loop
      vertex -118.01 -12.25 18
      vertex -118.05 -12.4 8
      vertex -118.05 -12.4 18
    endloop
  endfacet
  facet normal -0.258865 0.965914 0
    outer loop
      vertex -117.75 -12.1 8
      vertex -117.9 -12.1402 18
      vertex -117.75 -12.1 18
    endloop
  endfacet
  facet normal -0.258865 0.965914 0
    outer loop
      vertex -117.9 -12.1402 18
      vertex -117.75 -12.1 8
      vertex -117.9 -12.1402 8
    endloop
  endfacet
  facet normal 0.706463 0.70775 -0
    outer loop
      vertex -117.49 -12.25 8
      vertex -117.6 -12.1402 18
      vertex -117.49 -12.25 18
    endloop
  endfacet
  facet normal 0.706463 0.70775 0
    outer loop
      vertex -117.6 -12.1402 18
      vertex -117.49 -12.25 8
      vertex -117.6 -12.1402 8
    endloop
  endfacet
  facet normal 0.258865 0.965914 -0
    outer loop
      vertex -117.6 -12.1402 8
      vertex -117.75 -12.1 18
      vertex -117.6 -12.1402 18
    endloop
  endfacet
  facet normal 0.258865 0.965914 0
    outer loop
      vertex -117.75 -12.1 18
      vertex -117.6 -12.1402 8
      vertex -117.75 -12.1 8
    endloop
  endfacet
  facet normal 0.966235 0.257663 0
    outer loop
      vertex -117.45 -12.4 18
      vertex -117.49 -12.25 8
      vertex -117.49 -12.25 18
    endloop
  endfacet
  facet normal 0.966235 0.257663 0
    outer loop
      vertex -117.49 -12.25 8
      vertex -117.45 -12.4 18
      vertex -117.45 -12.4 8
    endloop
  endfacet
  facet normal 0 0 1
    outer loop
      vertex -117.6 -12.1402 18
      vertex -117.45 -12.4 18
      vertex -117.49 -12.25 18
    endloop
  endfacet
  facet normal 0 0 1
    outer loop
      vertex -117.75 -12.1 18
      vertex -117.45 -12.4 18
      vertex -117.6 -12.1402 18
    endloop
  endfacet
  facet normal -0 0 1
    outer loop
      vertex -117.9 -12.1402 18
      vertex -117.45 -12.4 18
      vertex -117.75 -12.1 18
    endloop
  endfacet
  facet normal -0 0 1
    outer loop
      vertex -118.01 -12.25 18
      vertex -117.45 -12.4 18
      vertex -117.9 -12.1402 18
    endloop
  endfacet
  facet normal 0 0 1
    outer loop
      vertex -118.01 -12.25 18
      vertex -118.05 -12.4 18
      vertex -117.45 -12.4 18
    endloop
  endfacet
  facet normal 0 0 -1
    outer loop
      vertex -117.45 -12.4 8
      vertex -117.6 -12.1402 8
      vertex -117.49 -12.25 8
    endloop
  endfacet
  facet normal 0 0 -1
    outer loop
      vertex -117.45 -12.4 8
      vertex -117.75 -12.1 8
      vertex -117.6 -12.1402 8
    endloop
  endfacet
  facet normal 0 0 -1
    outer loop
      vertex -117.45 -12.4 8
      vertex -117.9 -12.1402 8
      vertex -117.75 -12.1 8
    endloop
  endfacet
  facet normal 0 0 -1
    outer loop
      vertex -117.45 -12.4 8
      vertex -118.01 -12.25 8
      vertex -117.9 -12.1402 8
    endloop
  endfacet
  facet normal 0 0 -1
    outer loop
      vertex -118.05 -12.4 8
      vertex -118.01 -12.25 8
      vertex -117.45 -12.4 8
    endloop
  endfacet
  facet normal 0 -0.707107 0.707107
    outer loop
      vertex -120.85 -4.99999 18.9586
      vertex -110.14 7.94141 31.9
      vertex -120.85 7.94141 31.9
    endloop
  endfacet
  facet normal 0 -0.707107 0.707107
    outer loop
      vertex -110.14 7.94141 31.9
      vertex -120.85 -4.99999 18.9586
      vertex -110.14 -4.99999 18.9586
    endloop
  endfacet
  facet normal -1 0 0
    outer loop
      vertex -120.85 -4.99999 18.9586
      vertex -120.85 26.8 18.9586
      vertex -120.85 26.8 8.8
    endloop
  endfacet
  facet normal -1 0 0
    outer loop
      vertex -120.85 26.8 18.9586
      vertex -120.85 -4.99999 18.9586
      vertex -120.85 13.8586 31.9
    endloop
  endfacet
  facet normal -1 0 0
    outer loop
      vertex -120.85 -4.99999 18.9586
      vertex -120.85 26.8 8.8
      vertex -120.85 -4.99999 8.8
    endloop
  endfacet
  facet normal -1 -0 0
    outer loop
      vertex -120.85 13.8586 31.9
      vertex -120.85 -4.99999 18.9586
      vertex -120.85 7.94141 31.9
    endloop
  endfacet
  facet normal -0 0 1
    outer loop
      vertex -120.85 13.8586 31.9
      vertex -110.14 7.94141 31.9
      vertex -110.14 13.8586 31.9
    endloop
  endfacet
  facet normal 0 0 1
    outer loop
      vertex -110.14 7.94141 31.9
      vertex -120.85 13.8586 31.9
      vertex -120.85 7.94141 31.9
    endloop
  endfacet
  facet normal 0 1 0
    outer loop
      vertex -110.14 26.8 18.9586
      vertex -117.45 26.8 18
      vertex -120.85 26.8 18.9586
    endloop
  endfacet
  facet normal 0 1 0
    outer loop
      vertex -110.15 26.8 10
      vertex -110.14 26.8 18.9586
      vertex -110.14 26.8 10
    endloop
  endfacet
  facet normal 0 1 0
    outer loop
      vertex -110.14 26.8 18.9586
      vertex -110.15 26.8 10
      vertex -117.45 26.8 18
    endloop
  endfacet
  facet normal 0 1 0
    outer loop
      vertex -110.15 26.8 10
      vertex -117.45 26.8 8
      vertex -117.45 26.8 18
    endloop
  endfacet
  facet normal 0 1 0
    outer loop
      vertex -110.15 26.8 10
      vertex -112.05 26.8 0
      vertex -117.45 26.8 8
    endloop
  endfacet
  facet normal 0 1 0
    outer loop
      vertex -112.05 26.8 0
      vertex -110.15 26.8 10
      vertex -110.15 26.8 0
    endloop
  endfacet
  facet normal 0 1 -0
    outer loop
      vertex -118.05 26.8 18
      vertex -120.85 26.8 18.9586
      vertex -117.45 26.8 18
    endloop
  endfacet
  facet normal 0 1 0
    outer loop
      vertex -118.05 26.8 18
      vertex -120.85 26.8 8.8
      vertex -120.85 26.8 18.9586
    endloop
  endfacet
  facet normal 0 1 -0
    outer loop
      vertex -118.05 26.8 8
      vertex -120.85 26.8 8.8
      vertex -118.05 26.8 18
    endloop
  endfacet
  facet normal 0 1 0
    outer loop
      vertex -117.45 26.8 8
      vertex -112.05 26.8 0
      vertex -118.05 26.8 8
    endloop
  endfacet
  facet normal 0 1 0
    outer loop
      vertex -118.05 26.8 8
      vertex -112.05 26.8 0
      vertex -120.85 26.8 8.8
    endloop
  endfacet
  facet normal 1 0 0
    outer loop
      vertex -110.14 -4.99999 18.9586
      vertex -110.14 26.8 18.9586
      vertex -110.14 13.8586 31.9
    endloop
  endfacet
  facet normal 1 0 0
    outer loop
      vertex -110.14 -4.99999 18.9586
      vertex -110.14 13.8586 31.9
      vertex -110.14 7.94141 31.9
    endloop
  endfacet
  facet normal 1 0 0
    outer loop
      vertex -110.14 26.8 18.9586
      vertex -110.14 -4.99999 18.9586
      vertex -110.14 26.8 10
    endloop
  endfacet
  facet normal 1 0 0
    outer loop
      vertex -110.14 26.8 10
      vertex -110.14 -4.99999 18.9586
      vertex -110.14 -4.99999 10
    endloop
  endfacet
  facet normal 0 0.707107 0.707107
    outer loop
      vertex -110.14 26.8 18.9586
      vertex -120.85 13.8586 31.9
      vertex -110.14 13.8586 31.9
    endloop
  endfacet
  facet normal 0 0.707107 0.707107
    outer loop
      vertex -120.85 13.8586 31.9
      vertex -110.14 26.8 18.9586
      vertex -120.85 26.8 18.9586
    endloop
  endfacet
  facet normal 0 -1 0
    outer loop
      vertex -117.45 -4.99999 8
      vertex -110.15 -4.99999 10
      vertex -117.45 -4.99999 18
    endloop
  endfacet
  facet normal 0 -1 0
    outer loop
      vertex -112.05 -4.99999 0
      vertex -110.15 -4.99999 10
      vertex -117.45 -4.99999 8
    endloop
  endfacet
  facet normal 0 -1 -0
    outer loop
      vertex -110.15 -4.99999 10
      vertex -112.05 -4.99999 0
      vertex -110.15 -4.99999 0
    endloop
  endfacet
  facet normal 0 -1 0
    outer loop
      vertex -117.45 -4.99999 18
      vertex -120.85 -4.99999 18.9586
      vertex -118.05 -4.99999 18
    endloop
  endfacet
  facet normal 0 -1 0
    outer loop
      vertex -120.85 -4.99999 8.8
      vertex -118.05 -4.99999 18
      vertex -120.85 -4.99999 18.9586
    endloop
  endfacet
  facet normal 0 -1 0
    outer loop
      vertex -120.85 -4.99999 8.8
      vertex -118.05 -4.99999 8
      vertex -118.05 -4.99999 18
    endloop
  endfacet
  facet normal 0 -1 0
    outer loop
      vertex -118.05 -4.99999 8
      vertex -112.05 -4.99999 0
      vertex -117.45 -4.99999 8
    endloop
  endfacet
  facet normal 0 -1 0
    outer loop
      vertex -112.05 -4.99999 0
      vertex -118.05 -4.99999 8
      vertex -120.85 -4.99999 8.8
    endloop
  endfacet
  facet normal 0 -1 0
    outer loop
      vertex -120.85 -4.99999 18.9586
      vertex -117.45 -4.99999 18
      vertex -110.14 -4.99999 18.9586
    endloop
  endfacet
  facet normal 0 -1 0
    outer loop
      vertex -110.15 -4.99999 10
      vertex -110.14 -4.99999 18.9586
      vertex -117.45 -4.99999 18
    endloop
  endfacet
  facet normal 0 -1 -0
    outer loop
      vertex -110.14 -4.99999 18.9586
      vertex -110.15 -4.99999 10
      vertex -110.14 -4.99999 10
    endloop
  endfacet
  facet normal -0.707107 0 -0.707107
    outer loop
      vertex -112.05 -4.99999 0
      vertex -120.85 26.8 8.8
      vertex -112.05 26.8 0
    endloop
  endfacet
  facet normal -0.707107 -0 -0.707107
    outer loop
      vertex -120.85 26.8 8.8
      vertex -112.05 -4.99999 0
      vertex -120.85 -4.99999 8.8
    endloop
  endfacet
  facet normal 0.966235 -0.257663 0
    outer loop
      vertex -117.49 -5.15 18
      vertex -117.45 -5 8
      vertex -117.45 -5 18
    endloop
  endfacet
  facet normal 0.966235 -0.257663 0
    outer loop
      vertex -117.45 -5 8
      vertex -117.49 -5.15 18
      vertex -117.49 -5.15 8
    endloop
  endfacet
  facet normal -1 0 0
    outer loop
      vertex -118.05 -4.99999 8
      vertex -118.05 -5 18
      vertex -118.05 -4.99999 18
    endloop
  endfacet
  facet normal -1 0 0
    outer loop
      vertex -118.05 -5 18
      vertex -118.05 -4.99999 8
      vertex -118.05 -5 8
    endloop
  endfacet
  facet normal -0.966235 -0.257663 0
    outer loop
      vertex -118.01 -5.15 8
      vertex -118.05 -5 18
      vertex -118.05 -5 8
    endloop
  endfacet
  facet normal -0.966235 -0.257663 0
    outer loop
      vertex -118.05 -5 18
      vertex -118.01 -5.15 8
      vertex -118.01 -5.15 18
    endloop
  endfacet
  facet normal -0.258805 -0.96593 0
    outer loop
      vertex -117.9 -5.25981 8
      vertex -117.75 -5.3 18
      vertex -117.9 -5.25981 18
    endloop
  endfacet
  facet normal -0.258805 -0.96593 -0
    outer loop
      vertex -117.75 -5.3 18
      vertex -117.9 -5.25981 8
      vertex -117.75 -5.3 8
    endloop
  endfacet
  facet normal 1 0 0
    outer loop
      vertex -117.45 -5 8
      vertex -117.45 -4.99999 18
      vertex -117.45 -5 18
    endloop
  endfacet
  facet normal 1 0 0
    outer loop
      vertex -117.45 -4.99999 18
      vertex -117.45 -5 8
      vertex -117.45 -4.99999 8
    endloop
  endfacet
  facet normal -0.706495 -0.707718 0
    outer loop
      vertex -117.9 -5.25981 8
      vertex -118.01 -5.15 18
      vertex -118.01 -5.15 8
    endloop
  endfacet
  facet normal -0.706495 -0.707718 0
    outer loop
      vertex -118.01 -5.15 18
      vertex -117.9 -5.25981 8
      vertex -117.9 -5.25981 18
    endloop
  endfacet
  facet normal 0 0 1
    outer loop
      vertex -117.45 -4.99999 18
      vertex -117.49 -5.15 18
      vertex -117.45 -5 18
    endloop
  endfacet
  facet normal 0 0 1
    outer loop
      vertex -117.45 -4.99999 18
      vertex -117.6 -5.25981 18
      vertex -117.49 -5.15 18
    endloop
  endfacet
  facet normal 0 0 1
    outer loop
      vertex -117.45 -4.99999 18
      vertex -117.75 -5.3 18
      vertex -117.6 -5.25981 18
    endloop
  endfacet
  facet normal 0 0 1
    outer loop
      vertex -117.45 -4.99999 18
      vertex -117.9 -5.25981 18
      vertex -117.75 -5.3 18
    endloop
  endfacet
  facet normal 0 0 1
    outer loop
      vertex -117.45 -4.99999 18
      vertex -118.01 -5.15 18
      vertex -117.9 -5.25981 18
    endloop
  endfacet
  facet normal -0 0 1
    outer loop
      vertex -118.05 -4.99999 18
      vertex -118.01 -5.15 18
      vertex -117.45 -4.99999 18
    endloop
  endfacet
  facet normal 0 0 1
    outer loop
      vertex -118.01 -5.15 18
      vertex -118.05 -4.99999 18
      vertex -118.05 -5 18
    endloop
  endfacet
  facet normal 0 0 -1
    outer loop
      vertex -117.49 -5.15 8
      vertex -117.45 -4.99999 8
      vertex -117.45 -5 8
    endloop
  endfacet
  facet normal 0 0 -1
    outer loop
      vertex -117.6 -5.25981 8
      vertex -117.45 -4.99999 8
      vertex -117.49 -5.15 8
    endloop
  endfacet
  facet normal 0 0 -1
    outer loop
      vertex -117.75 -5.3 8
      vertex -117.45 -4.99999 8
      vertex -117.6 -5.25981 8
    endloop
  endfacet
  facet normal 0 0 -1
    outer loop
      vertex -117.9 -5.25981 8
      vertex -117.45 -4.99999 8
      vertex -117.75 -5.3 8
    endloop
  endfacet
  facet normal 0 0 -1
    outer loop
      vertex -118.01 -5.15 8
      vertex -117.45 -4.99999 8
      vertex -117.9 -5.25981 8
    endloop
  endfacet
  facet normal 0 0 -1
    outer loop
      vertex -118.01 -5.15 8
      vertex -118.05 -4.99999 8
      vertex -117.45 -4.99999 8
    endloop
  endfacet
  facet normal 0 0 -1
    outer loop
      vertex -118.05 -4.99999 8
      vertex -118.01 -5.15 8
      vertex -118.05 -5 8
    endloop
  endfacet
  facet normal 0.706495 -0.707718 0
    outer loop
      vertex -117.6 -5.25981 8
      vertex -117.49 -5.15 18
      vertex -117.6 -5.25981 18
    endloop
  endfacet
  facet normal 0.706495 -0.707718 0
    outer loop
      vertex -117.49 -5.15 18
      vertex -117.6 -5.25981 8
      vertex -117.49 -5.15 8
    endloop
  endfacet
  facet normal 0.258805 -0.96593 0
    outer loop
      vertex -117.75 -5.3 8
      vertex -117.6 -5.25981 18
      vertex -117.75 -5.3 18
    endloop
  endfacet
  facet normal 0.258805 -0.96593 0
    outer loop
      vertex -117.6 -5.25981 18
      vertex -117.75 -5.3 8
      vertex -117.6 -5.25981 8
    endloop
  endfacet
  facet normal -0.706463 0.70775 0
    outer loop
      vertex -118.01 26.95 8
      vertex -117.9 27.0598 18
      vertex -117.9 27.0598 8
    endloop
  endfacet
  facet normal -0.706463 0.70775 0
    outer loop
      vertex -117.9 27.0598 18
      vertex -118.01 26.95 8
      vertex -118.01 26.95 18
    endloop
  endfacet
  facet normal -0.966235 0.257663 0
    outer loop
      vertex -118.05 26.8 8
      vertex -118.01 26.95 18
      vertex -118.01 26.95 8
    endloop
  endfacet
  facet normal -0.966235 0.257663 0
    outer loop
      vertex -118.01 26.95 18
      vertex -118.05 26.8 8
      vertex -118.05 26.8 18
    endloop
  endfacet
  facet normal -0.258865 0.965914 0
    outer loop
      vertex -117.75 27.1 8
      vertex -117.9 27.0598 18
      vertex -117.75 27.1 18
    endloop
  endfacet
  facet normal -0.258865 0.965914 0
    outer loop
      vertex -117.9 27.0598 18
      vertex -117.75 27.1 8
      vertex -117.9 27.0598 8
    endloop
  endfacet
  facet normal 0.706463 0.70775 -0
    outer loop
      vertex -117.49 26.95 8
      vertex -117.6 27.0598 18
      vertex -117.49 26.95 18
    endloop
  endfacet
  facet normal 0.706463 0.70775 0
    outer loop
      vertex -117.6 27.0598 18
      vertex -117.49 26.95 8
      vertex -117.6 27.0598 8
    endloop
  endfacet
  facet normal 0.258865 0.965914 -0
    outer loop
      vertex -117.6 27.0598 8
      vertex -117.75 27.1 18
      vertex -117.6 27.0598 18
    endloop
  endfacet
  facet normal 0.258865 0.965914 0
    outer loop
      vertex -117.75 27.1 18
      vertex -117.6 27.0598 8
      vertex -117.75 27.1 8
    endloop
  endfacet
  facet normal 0.966235 0.257663 0
    outer loop
      vertex -117.45 26.8 18
      vertex -117.49 26.95 8
      vertex -117.49 26.95 18
    endloop
  endfacet
  facet normal 0.966235 0.257663 0
    outer loop
      vertex -117.49 26.95 8
      vertex -117.45 26.8 18
      vertex -117.45 26.8 8
    endloop
  endfacet
  facet normal 0 0 1
    outer loop
      vertex -117.6 27.0598 18
      vertex -117.45 26.8 18
      vertex -117.49 26.95 18
    endloop
  endfacet
  facet normal 0 0 1
    outer loop
      vertex -117.75 27.1 18
      vertex -117.45 26.8 18
      vertex -117.6 27.0598 18
    endloop
  endfacet
  facet normal -0 0 1
    outer loop
      vertex -117.9 27.0598 18
      vertex -117.45 26.8 18
      vertex -117.75 27.1 18
    endloop
  endfacet
  facet normal -0 0 1
    outer loop
      vertex -118.01 26.95 18
      vertex -117.45 26.8 18
      vertex -117.9 27.0598 18
    endloop
  endfacet
  facet normal 0 0 1
    outer loop
      vertex -118.01 26.95 18
      vertex -118.05 26.8 18
      vertex -117.45 26.8 18
    endloop
  endfacet
  facet normal 0 0 -1
    outer loop
      vertex -117.45 26.8 8
      vertex -117.6 27.0598 8
      vertex -117.49 26.95 8
    endloop
  endfacet
  facet normal 0 0 -1
    outer loop
      vertex -117.45 26.8 8
      vertex -117.75 27.1 8
      vertex -117.6 27.0598 8
    endloop
  endfacet
  facet normal 0 0 -1
    outer loop
      vertex -117.45 26.8 8
      vertex -117.9 27.0598 8
      vertex -117.75 27.1 8
    endloop
  endfacet
  facet normal 0 0 -1
    outer loop
      vertex -117.45 26.8 8
      vertex -118.01 26.95 8
      vertex -117.9 27.0598 8
    endloop
  endfacet
  facet normal 0 0 -1
    outer loop
      vertex -118.05 26.8 8
      vertex -118.01 26.95 8
      vertex -117.45 26.8 8
    endloop
  endfacet
  facet normal 1 0 0
    outer loop
      vertex -106.15 27.75 10
      vertex -106.15 0 3
      vertex -106.15 27.75 3
    endloop
  endfacet
  facet normal 1 0 0
    outer loop
      vertex -106.15 -45.1 0
      vertex -106.15 0 3
      vertex -106.15 -45.1 10
    endloop
  endfacet
  facet normal 1 -0 0
    outer loop
      vertex -106.15 -45.1 10
      vertex -106.15 0 3
      vertex -106.15 27.75 10
    endloop
  endfacet
  facet normal 1 0 0
    outer loop
      vertex -106.15 0 3
      vertex -106.15 -45.1 0
      vertex -106.15 0 0.4
    endloop
  endfacet
  facet normal 1 0 0
    outer loop
      vertex -106.15 0 0.4
      vertex -106.15 -45.1 0
      vertex -106.15 0.4 0
    endloop
  endfacet
  facet normal -0 0 1
    outer loop
      vertex -110.15 -4.99999 10
      vertex -110.14 -12.4 10
      vertex -110.14 -4.99999 10
    endloop
  endfacet
  facet normal 0 0 1
    outer loop
      vertex -110.14 -12.4 10
      vertex -110.15 -4.99999 10
      vertex -110.15 -12.4 10
    endloop
  endfacet
  facet normal 0 0 1
    outer loop
      vertex -110.14 -4.99999 10
      vertex -106.15 27.75 10
      vertex -110.14 26.8 10
    endloop
  endfacet
  facet normal -0 0 1
    outer loop
      vertex -110.15 27.75 10
      vertex -110.14 26.8 10
      vertex -106.15 27.75 10
    endloop
  endfacet
  facet normal 0 0 1
    outer loop
      vertex -110.14 26.8 10
      vertex -110.15 27.75 10
      vertex -110.15 26.8 10
    endloop
  endfacet
  facet normal 0 0 1
    outer loop
      vertex -106.15 27.75 10
      vertex -110.14 -4.99999 10
      vertex -106.15 -45.1 10
    endloop
  endfacet
  facet normal -0 0 1
    outer loop
      vertex -110.14 -12.4 10
      vertex -106.15 -45.1 10
      vertex -110.14 -4.99999 10
    endloop
  endfacet
  facet normal -0 0 1
    outer loop
      vertex -110.14 -44.2 10
      vertex -106.15 -45.1 10
      vertex -110.14 -12.4 10
    endloop
  endfacet
  facet normal 0 0 1
    outer loop
      vertex -110.15 -45.1 10
      vertex -110.14 -44.2 10
      vertex -110.15 -44.2 10
    endloop
  endfacet
  facet normal 0 0 1
    outer loop
      vertex -110.14 -44.2 10
      vertex -110.15 -45.1 10
      vertex -106.15 -45.1 10
    endloop
  endfacet
  facet normal -1 0 0
    outer loop
      vertex -110.15 26.8 0
      vertex -110.15 27.75 0.4
      vertex -110.15 27.75 0
    endloop
  endfacet
  facet normal -1 -0 0
    outer loop
      vertex -110.15 27.75 0.4
      vertex -110.15 26.8 0
      vertex -110.15 27.75 3
    endloop
  endfacet
  facet normal -1 0 0
    outer loop
      vertex -110.15 26.8 10
      vertex -110.15 27.75 3
      vertex -110.15 26.8 0
    endloop
  endfacet
  facet normal -1 0 0
    outer loop
      vertex -110.15 27.75 3
      vertex -110.15 26.8 10
      vertex -110.15 27.75 10
    endloop
  endfacet
  facet normal -1 0 0
    outer loop
      vertex -110.15 27.75 0.4
      vertex -110.15 88 3
      vertex -110.15 88 0.4
    endloop
  endfacet
  facet normal -1 -0 0
    outer loop
      vertex -110.15 88 3
      vertex -110.15 27.75 0.4
      vertex -110.15 27.75 3
    endloop
  endfacet
  facet normal -1 0 0
    outer loop
      vertex -110.15 -45.1 0
      vertex -110.15 -44.2 10
      vertex -110.15 -44.2 0
    endloop
  endfacet
  facet normal -1 -0 0
    outer loop
      vertex -110.15 -44.2 10
      vertex -110.15 -45.1 0
      vertex -110.15 -45.1 10
    endloop
  endfacet
  facet normal -1 0 0
    outer loop
      vertex -110.15 -12.4 0
      vertex -110.15 -4.99999 10
      vertex -110.15 -4.99999 0
    endloop
  endfacet
  facet normal -1 -0 0
    outer loop
      vertex -110.15 -4.99999 10
      vertex -110.15 -12.4 0
      vertex -110.15 -12.4 10
    endloop
  endfacet
  facet normal 0 1 -0
    outer loop
      vertex -106.15 27.75 3
      vertex -110.15 27.75 10
      vertex -106.15 27.75 10
    endloop
  endfacet
  facet normal 0 1 0
    outer loop
      vertex -110.15 27.75 10
      vertex -106.15 27.75 3
      vertex -110.15 27.75 3
    endloop
  endfacet
  facet normal 0 1 0
    outer loop
      vertex -109.75 27.75 0
      vertex -110.15 27.75 0
      vertex -110.15 27.75 0.4
    endloop
  endfacet
  facet normal 0 -1 0
    outer loop
      vertex -110.15 -45.1 0
      vertex -106.15 -45.1 10
      vertex -110.15 -45.1 10
    endloop
  endfacet
  facet normal 0 -1 -0
    outer loop
      vertex -106.15 -45.1 10
      vertex -110.15 -45.1 0
      vertex -106.15 -45.1 0
    endloop
  endfacet
  facet normal 0 -0.707107 0.707107
    outer loop
      vertex 110.14 -44.2 18.9586
      vertex 120.85 -31.2586 31.9
      vertex 110.14 -31.2586 31.9
    endloop
  endfacet
  facet normal 0 -0.707107 0.707107
    outer loop
      vertex 120.85 -31.2586 31.9
      vertex 110.14 -44.2 18.9586
      vertex 120.85 -44.2 18.9586
    endloop
  endfacet
  facet normal 1 0 0
    outer loop
      vertex 120.85 -44.2 18.9586
      vertex 120.85 -12.4 18.9586
      vertex 120.85 -25.3414 31.9
    endloop
  endfacet
  facet normal 1 0 0
    outer loop
      vertex 120.85 -44.2 18.9586
      vertex 120.85 -25.3414 31.9
      vertex 120.85 -31.2586 31.9
    endloop
  endfacet
  facet normal 1 0 0
    outer loop
      vertex 120.85 -12.4 18.9586
      vertex 120.85 -44.2 18.9586
      vertex 120.85 -12.4 8.8
    endloop
  endfacet
  facet normal 1 0 0
    outer loop
      vertex 120.85 -12.4 8.8
      vertex 120.85 -44.2 18.9586
      vertex 120.85 -44.2 8.8
    endloop
  endfacet
  facet normal -0 0 1
    outer loop
      vertex 110.14 -25.3414 31.9
      vertex 120.85 -31.2586 31.9
      vertex 120.85 -25.3414 31.9
    endloop
  endfacet
  facet normal 0 0 1
    outer loop
      vertex 120.85 -31.2586 31.9
      vertex 110.14 -25.3414 31.9
      vertex 110.14 -31.2586 31.9
    endloop
  endfacet
  facet normal 0 1 -0
    outer loop
      vertex 117.45 -12.4 8
      vertex 110.15 -12.4 10
      vertex 117.45 -12.4 18
    endloop
  endfacet
  facet normal 0 1 -0
    outer loop
      vertex 112.05 -12.4 0
      vertex 110.15 -12.4 10
      vertex 117.45 -12.4 8
    endloop
  endfacet
  facet normal 0 1 0
    outer loop
      vertex 110.15 -12.4 10
      vertex 112.05 -12.4 0
      vertex 110.15 -12.4 0
    endloop
  endfacet
  facet normal 0 1 0
    outer loop
      vertex 117.45 -12.4 18
      vertex 120.85 -12.4 18.9586
      vertex 118.05 -12.4 18
    endloop
  endfacet
  facet normal 0 1 -0
    outer loop
      vertex 120.85 -12.4 8.8
      vertex 118.05 -12.4 18
      vertex 120.85 -12.4 18.9586
    endloop
  endfacet
  facet normal 0 1 0
    outer loop
      vertex 120.85 -12.4 8.8
      vertex 118.05 -12.4 8
      vertex 118.05 -12.4 18
    endloop
  endfacet
  facet normal 0 1 0
    outer loop
      vertex 118.05 -12.4 8
      vertex 112.05 -12.4 0
      vertex 117.45 -12.4 8
    endloop
  endfacet
  facet normal 0 1 0
    outer loop
      vertex 112.05 -12.4 0
      vertex 118.05 -12.4 8
      vertex 120.85 -12.4 8.8
    endloop
  endfacet
  facet normal 0 1 0
    outer loop
      vertex 120.85 -12.4 18.9586
      vertex 117.45 -12.4 18
      vertex 110.14 -12.4 18.9586
    endloop
  endfacet
  facet normal 0 1 -0
    outer loop
      vertex 110.15 -12.4 10
      vertex 110.14 -12.4 18.9586
      vertex 117.45 -12.4 18
    endloop
  endfacet
  facet normal 0 1 0
    outer loop
      vertex 110.14 -12.4 18.9586
      vertex 110.15 -12.4 10
      vertex 110.14 -12.4 10
    endloop
  endfacet
  facet normal -1 0 0
    outer loop
      vertex 110.14 -44.2 18.9586
      vertex 110.14 -12.4 18.9586
      vertex 110.14 -12.4 10
    endloop
  endfacet
  facet normal -1 0 0
    outer loop
      vertex 110.14 -12.4 18.9586
      vertex 110.14 -44.2 18.9586
      vertex 110.14 -25.3414 31.9
    endloop
  endfacet
  facet normal -1 0 0
    outer loop
      vertex 110.14 -44.2 18.9586
      vertex 110.14 -12.4 10
      vertex 110.14 -44.2 10
    endloop
  endfacet
  facet normal -1 -0 0
    outer loop
      vertex 110.14 -25.3414 31.9
      vertex 110.14 -44.2 18.9586
      vertex 110.14 -31.2586 31.9
    endloop
  endfacet
  facet normal 0 0.707107 0.707107
    outer loop
      vertex 120.85 -12.4 18.9586
      vertex 110.14 -25.3414 31.9
      vertex 120.85 -25.3414 31.9
    endloop
  endfacet
  facet normal 0 0.707107 0.707107
    outer loop
      vertex 110.14 -25.3414 31.9
      vertex 120.85 -12.4 18.9586
      vertex 110.14 -12.4 18.9586
    endloop
  endfacet
  facet normal 0 -1 0
    outer loop
      vertex 110.14 -44.2 18.9586
      vertex 117.45 -44.2 18
      vertex 120.85 -44.2 18.9586
    endloop
  endfacet
  facet normal 0 -1 0
    outer loop
      vertex 110.15 -44.2 10
      vertex 110.14 -44.2 18.9586
      vertex 110.14 -44.2 10
    endloop
  endfacet
  facet normal 0 -1 0
    outer loop
      vertex 110.14 -44.2 18.9586
      vertex 110.15 -44.2 10
      vertex 117.45 -44.2 18
    endloop
  endfacet
  facet normal 0 -1 0
    outer loop
      vertex 110.15 -44.2 10
      vertex 117.45 -44.2 8
      vertex 117.45 -44.2 18
    endloop
  endfacet
  facet normal 0 -1 0
    outer loop
      vertex 110.15 -44.2 10
      vertex 112.05 -44.2 0
      vertex 117.45 -44.2 8
    endloop
  endfacet
  facet normal 0 -1 0
    outer loop
      vertex 112.05 -44.2 0
      vertex 110.15 -44.2 10
      vertex 110.15 -44.2 0
    endloop
  endfacet
  facet normal 0 -1 0
    outer loop
      vertex 118.05 -44.2 18
      vertex 120.85 -44.2 18.9586
      vertex 117.45 -44.2 18
    endloop
  endfacet
  facet normal 0 -1 0
    outer loop
      vertex 118.05 -44.2 18
      vertex 120.85 -44.2 8.8
      vertex 120.85 -44.2 18.9586
    endloop
  endfacet
  facet normal 0 -1 0
    outer loop
      vertex 118.05 -44.2 8
      vertex 120.85 -44.2 8.8
      vertex 118.05 -44.2 18
    endloop
  endfacet
  facet normal 0 -1 -0
    outer loop
      vertex 117.45 -44.2 8
      vertex 112.05 -44.2 0
      vertex 118.05 -44.2 8
    endloop
  endfacet
  facet normal 0 -1 -0
    outer loop
      vertex 118.05 -44.2 8
      vertex 112.05 -44.2 0
      vertex 120.85 -44.2 8.8
    endloop
  endfacet
  facet normal 0.707107 0 -0.707107
    outer loop
      vertex 120.85 -44.2 8.8
      vertex 112.05 -12.4 0
      vertex 120.85 -12.4 8.8
    endloop
  endfacet
  facet normal 0.707107 0 -0.707107
    outer loop
      vertex 112.05 -12.4 0
      vertex 120.85 -44.2 8.8
      vertex 112.05 -44.2 0
    endloop
  endfacet
  facet normal -0.966235 -0.257663 0
    outer loop
      vertex 117.49 -44.35 8
      vertex 117.45 -44.2 18
      vertex 117.45 -44.2 8
    endloop
  endfacet
  facet normal -0.966235 -0.257663 0
    outer loop
      vertex 117.45 -44.2 18
      vertex 117.49 -44.35 8
      vertex 117.49 -44.35 18
    endloop
  endfacet
  facet normal 0.966235 -0.257663 0
    outer loop
      vertex 118.01 -44.35 18
      vertex 118.05 -44.2 8
      vertex 118.05 -44.2 18
    endloop
  endfacet
  facet normal 0.966235 -0.257663 0
    outer loop
      vertex 118.05 -44.2 8
      vertex 118.01 -44.35 18
      vertex 118.01 -44.35 8
    endloop
  endfacet
  facet normal 0.258865 -0.965914 0
    outer loop
      vertex 117.75 -44.5 8
      vertex 117.9 -44.4598 18
      vertex 117.75 -44.5 18
    endloop
  endfacet
  facet normal 0.258865 -0.965914 0
    outer loop
      vertex 117.9 -44.4598 18
      vertex 117.75 -44.5 8
      vertex 117.9 -44.4598 8
    endloop
  endfacet
  facet normal 0.706463 -0.70775 0
    outer loop
      vertex 117.9 -44.4598 18
      vertex 118.01 -44.35 8
      vertex 118.01 -44.35 18
    endloop
  endfacet
  facet normal 0.706463 -0.70775 0
    outer loop
      vertex 118.01 -44.35 8
      vertex 117.9 -44.4598 18
      vertex 117.9 -44.4598 8
    endloop
  endfacet
  facet normal 0 0 1
    outer loop
      vertex 118.05 -44.2 18
      vertex 117.9 -44.4598 18
      vertex 118.01 -44.35 18
    endloop
  endfacet
  facet normal 0 0 1
    outer loop
      vertex 118.05 -44.2 18
      vertex 117.75 -44.5 18
      vertex 117.9 -44.4598 18
    endloop
  endfacet
  facet normal 0 0 1
    outer loop
      vertex 118.05 -44.2 18
      vertex 117.6 -44.4598 18
      vertex 117.75 -44.5 18
    endloop
  endfacet
  facet normal 0 0 1
    outer loop
      vertex 118.05 -44.2 18
      vertex 117.49 -44.35 18
      vertex 117.6 -44.4598 18
    endloop
  endfacet
  facet normal -0 0 1
    outer loop
      vertex 117.45 -44.2 18
      vertex 117.49 -44.35 18
      vertex 118.05 -44.2 18
    endloop
  endfacet
  facet normal 0 0 -1
    outer loop
      vertex 117.9 -44.4598 8
      vertex 118.05 -44.2 8
      vertex 118.01 -44.35 8
    endloop
  endfacet
  facet normal 0 0 -1
    outer loop
      vertex 117.75 -44.5 8
      vertex 118.05 -44.2 8
      vertex 117.9 -44.4598 8
    endloop
  endfacet
  facet normal 0 0 -1
    outer loop
      vertex 117.6 -44.4598 8
      vertex 118.05 -44.2 8
      vertex 117.75 -44.5 8
    endloop
  endfacet
  facet normal 0 0 -1
    outer loop
      vertex 117.49 -44.35 8
      vertex 118.05 -44.2 8
      vertex 117.6 -44.4598 8
    endloop
  endfacet
  facet normal 0 0 -1
    outer loop
      vertex 117.49 -44.35 8
      vertex 117.45 -44.2 8
      vertex 118.05 -44.2 8
    endloop
  endfacet
  facet normal -0.706463 -0.70775 0
    outer loop
      vertex 117.6 -44.4598 8
      vertex 117.49 -44.35 18
      vertex 117.49 -44.35 8
    endloop
  endfacet
  facet normal -0.706463 -0.70775 0
    outer loop
      vertex 117.49 -44.35 18
      vertex 117.6 -44.4598 8
      vertex 117.6 -44.4598 18
    endloop
  endfacet
  facet normal -0.258865 -0.965914 0
    outer loop
      vertex 117.6 -44.4598 8
      vertex 117.75 -44.5 18
      vertex 117.6 -44.4598 18
    endloop
  endfacet
  facet normal -0.258865 -0.965914 -0
    outer loop
      vertex 117.75 -44.5 18
      vertex 117.6 -44.4598 8
      vertex 117.75 -44.5 8
    endloop
  endfacet
  facet normal 0.706463 0.70775 0
    outer loop
      vertex 118.01 -12.25 18
      vertex 117.9 -12.1402 8
      vertex 117.9 -12.1402 18
    endloop
  endfacet
  facet normal 0.706463 0.70775 0
    outer loop
      vertex 117.9 -12.1402 8
      vertex 118.01 -12.25 18
      vertex 118.01 -12.25 8
    endloop
  endfacet
  facet normal 0.966235 0.257663 0
    outer loop
      vertex 118.05 -12.4 18
      vertex 118.01 -12.25 8
      vertex 118.01 -12.25 18
    endloop
  endfacet
  facet normal 0.966235 0.257663 0
    outer loop
      vertex 118.01 -12.25 8
      vertex 118.05 -12.4 18
      vertex 118.05 -12.4 8
    endloop
  endfacet
  facet normal 0.258865 0.965914 -0
    outer loop
      vertex 117.9 -12.1402 8
      vertex 117.75 -12.1 18
      vertex 117.9 -12.1402 18
    endloop
  endfacet
  facet normal 0.258865 0.965914 0
    outer loop
      vertex 117.75 -12.1 18
      vertex 117.9 -12.1402 8
      vertex 117.75 -12.1 8
    endloop
  endfacet
  facet normal -0.706463 0.70775 0
    outer loop
      vertex 117.6 -12.1402 8
      vertex 117.49 -12.25 18
      vertex 117.6 -12.1402 18
    endloop
  endfacet
  facet normal -0.706463 0.70775 0
    outer loop
      vertex 117.49 -12.25 18
      vertex 117.6 -12.1402 8
      vertex 117.49 -12.25 8
    endloop
  endfacet
  facet normal -0.258865 0.965914 0
    outer loop
      vertex 117.75 -12.1 8
      vertex 117.6 -12.1402 18
      vertex 117.75 -12.1 18
    endloop
  endfacet
  facet normal -0.258865 0.965914 0
    outer loop
      vertex 117.6 -12.1402 18
      vertex 117.75 -12.1 8
      vertex 117.6 -12.1402 8
    endloop
  endfacet
  facet normal -0.966235 0.257663 0
    outer loop
      vertex 117.45 -12.4 8
      vertex 117.49 -12.25 18
      vertex 117.49 -12.25 8
    endloop
  endfacet
  facet normal -0.966235 0.257663 0
    outer loop
      vertex 117.49 -12.25 18
      vertex 117.45 -12.4 8
      vertex 117.45 -12.4 18
    endloop
  endfacet
  facet normal 0 0 1
    outer loop
      vertex 117.9 -12.1402 18
      vertex 118.05 -12.4 18
      vertex 118.01 -12.25 18
    endloop
  endfacet
  facet normal 0 0 1
    outer loop
      vertex 117.75 -12.1 18
      vertex 118.05 -12.4 18
      vertex 117.9 -12.1402 18
    endloop
  endfacet
  facet normal -0 0 1
    outer loop
      vertex 117.6 -12.1402 18
      vertex 118.05 -12.4 18
      vertex 117.75 -12.1 18
    endloop
  endfacet
  facet normal -0 0 1
    outer loop
      vertex 117.49 -12.25 18
      vertex 118.05 -12.4 18
      vertex 117.6 -12.1402 18
    endloop
  endfacet
  facet normal 0 0 1
    outer loop
      vertex 117.49 -12.25 18
      vertex 117.45 -12.4 18
      vertex 118.05 -12.4 18
    endloop
  endfacet
  facet normal 0 0 -1
    outer loop
      vertex 118.05 -12.4 8
      vertex 117.9 -12.1402 8
      vertex 118.01 -12.25 8
    endloop
  endfacet
  facet normal 0 0 -1
    outer loop
      vertex 118.05 -12.4 8
      vertex 117.75 -12.1 8
      vertex 117.9 -12.1402 8
    endloop
  endfacet
  facet normal 0 0 -1
    outer loop
      vertex 118.05 -12.4 8
      vertex 117.6 -12.1402 8
      vertex 117.75 -12.1 8
    endloop
  endfacet
  facet normal 0 0 -1
    outer loop
      vertex 118.05 -12.4 8
      vertex 117.49 -12.25 8
      vertex 117.6 -12.1402 8
    endloop
  endfacet
  facet normal 0 0 -1
    outer loop
      vertex 117.45 -12.4 8
      vertex 117.49 -12.25 8
      vertex 118.05 -12.4 8
    endloop
  endfacet
  facet normal 0 -0.707107 0.707107
    outer loop
      vertex 110.14 -4.99999 18.9586
      vertex 120.85 7.94141 31.9
      vertex 110.14 7.94141 31.9
    endloop
  endfacet
  facet normal 0 -0.707107 0.707107
    outer loop
      vertex 120.85 7.94141 31.9
      vertex 110.14 -4.99999 18.9586
      vertex 120.85 -4.99999 18.9586
    endloop
  endfacet
  facet normal 1 0 0
    outer loop
      vertex 120.85 -4.99999 18.9586
      vertex 120.85 26.8 18.9586
      vertex 120.85 13.8586 31.9
    endloop
  endfacet
  facet normal 1 0 0
    outer loop
      vertex 120.85 -4.99999 18.9586
      vertex 120.85 13.8586 31.9
      vertex 120.85 7.94141 31.9
    endloop
  endfacet
  facet normal 1 0 0
    outer loop
      vertex 120.85 26.8 18.9586
      vertex 120.85 -4.99999 18.9586
      vertex 120.85 26.8 8.8
    endloop
  endfacet
  facet normal 1 0 0
    outer loop
      vertex 120.85 26.8 8.8
      vertex 120.85 -4.99999 18.9586
      vertex 120.85 -4.99999 8.8
    endloop
  endfacet
  facet normal -0 0 1
    outer loop
      vertex 110.14 13.8586 31.9
      vertex 120.85 7.94141 31.9
      vertex 120.85 13.8586 31.9
    endloop
  endfacet
  facet normal 0 0 1
    outer loop
      vertex 120.85 7.94141 31.9
      vertex 110.14 13.8586 31.9
      vertex 110.14 7.94141 31.9
    endloop
  endfacet
  facet normal 0 1 -0
    outer loop
      vertex 117.45 26.8 8
      vertex 110.15 26.8 10
      vertex 117.45 26.8 18
    endloop
  endfacet
  facet normal 0 1 -0
    outer loop
      vertex 112.05 26.8 0
      vertex 110.15 26.8 10
      vertex 117.45 26.8 8
    endloop
  endfacet
  facet normal 0 1 0
    outer loop
      vertex 110.15 26.8 10
      vertex 112.05 26.8 0
      vertex 110.15 26.8 0
    endloop
  endfacet
  facet normal 0 1 0
    outer loop
      vertex 117.45 26.8 18
      vertex 120.85 26.8 18.9586
      vertex 118.05 26.8 18
    endloop
  endfacet
  facet normal 0 1 -0
    outer loop
      vertex 120.85 26.8 8.8
      vertex 118.05 26.8 18
      vertex 120.85 26.8 18.9586
    endloop
  endfacet
  facet normal 0 1 0
    outer loop
      vertex 120.85 26.8 8.8
      vertex 118.05 26.8 8
      vertex 118.05 26.8 18
    endloop
  endfacet
  facet normal 0 1 0
    outer loop
      vertex 118.05 26.8 8
      vertex 112.05 26.8 0
      vertex 117.45 26.8 8
    endloop
  endfacet
  facet normal 0 1 0
    outer loop
      vertex 112.05 26.8 0
      vertex 118.05 26.8 8
      vertex 120.85 26.8 8.8
    endloop
  endfacet
  facet normal 0 1 0
    outer loop
      vertex 120.85 26.8 18.9586
      vertex 117.45 26.8 18
      vertex 110.14 26.8 18.9586
    endloop
  endfacet
  facet normal 0 1 -0
    outer loop
      vertex 110.15 26.8 10
      vertex 110.14 26.8 18.9586
      vertex 117.45 26.8 18
    endloop
  endfacet
  facet normal 0 1 0
    outer loop
      vertex 110.14 26.8 18.9586
      vertex 110.15 26.8 10
      vertex 110.14 26.8 10
    endloop
  endfacet
  facet normal -1 0 0
    outer loop
      vertex 110.14 -4.99999 18.9586
      vertex 110.14 26.8 18.9586
      vertex 110.14 26.8 10
    endloop
  endfacet
  facet normal -1 0 0
    outer loop
      vertex 110.14 26.8 18.9586
      vertex 110.14 -4.99999 18.9586
      vertex 110.14 13.8586 31.9
    endloop
  endfacet
  facet normal -1 0 0
    outer loop
      vertex 110.14 -4.99999 18.9586
      vertex 110.14 26.8 10
      vertex 110.14 -4.99999 10
    endloop
  endfacet
  facet normal -1 -0 0
    outer loop
      vertex 110.14 13.8586 31.9
      vertex 110.14 -4.99999 18.9586
      vertex 110.14 7.94141 31.9
    endloop
  endfacet
  facet normal 0 0.707107 0.707107
    outer loop
      vertex 120.85 26.8 18.9586
      vertex 110.14 13.8586 31.9
      vertex 120.85 13.8586 31.9
    endloop
  endfacet
  facet normal 0 0.707107 0.707107
    outer loop
      vertex 110.14 13.8586 31.9
      vertex 120.85 26.8 18.9586
      vertex 110.14 26.8 18.9586
    endloop
  endfacet
  facet normal 0 -1 0
    outer loop
      vertex 110.14 -4.99999 18.9586
      vertex 117.45 -4.99999 18
      vertex 120.85 -4.99999 18.9586
    endloop
  endfacet
  facet normal 0 -1 0
    outer loop
      vertex 110.15 -4.99999 10
      vertex 110.14 -4.99999 18.9586
      vertex 110.14 -4.99999 10
    endloop
  endfacet
  facet normal 0 -1 0
    outer loop
      vertex 110.14 -4.99999 18.9586
      vertex 110.15 -4.99999 10
      vertex 117.45 -4.99999 18
    endloop
  endfacet
  facet normal 0 -1 0
    outer loop
      vertex 110.15 -4.99999 10
      vertex 117.45 -4.99999 8
      vertex 117.45 -4.99999 18
    endloop
  endfacet
  facet normal 0 -1 0
    outer loop
      vertex 110.15 -4.99999 10
      vertex 112.05 -4.99999 0
      vertex 117.45 -4.99999 8
    endloop
  endfacet
  facet normal 0 -1 0
    outer loop
      vertex 112.05 -4.99999 0
      vertex 110.15 -4.99999 10
      vertex 110.15 -4.99999 0
    endloop
  endfacet
  facet normal 0 -1 0
    outer loop
      vertex 118.05 -4.99999 18
      vertex 120.85 -4.99999 18.9586
      vertex 117.45 -4.99999 18
    endloop
  endfacet
  facet normal 0 -1 0
    outer loop
      vertex 118.05 -4.99999 18
      vertex 120.85 -4.99999 8.8
      vertex 120.85 -4.99999 18.9586
    endloop
  endfacet
  facet normal 0 -1 0
    outer loop
      vertex 118.05 -4.99999 8
      vertex 120.85 -4.99999 8.8
      vertex 118.05 -4.99999 18
    endloop
  endfacet
  facet normal 0 -1 -0
    outer loop
      vertex 117.45 -4.99999 8
      vertex 112.05 -4.99999 0
      vertex 118.05 -4.99999 8
    endloop
  endfacet
  facet normal 0 -1 -0
    outer loop
      vertex 118.05 -4.99999 8
      vertex 112.05 -4.99999 0
      vertex 120.85 -4.99999 8.8
    endloop
  endfacet
  facet normal 0.707107 0 -0.707107
    outer loop
      vertex 120.85 -4.99999 8.8
      vertex 112.05 26.8 0
      vertex 120.85 26.8 8.8
    endloop
  endfacet
  facet normal 0.707107 0 -0.707107
    outer loop
      vertex 112.05 26.8 0
      vertex 120.85 -4.99999 8.8
      vertex 112.05 -4.99999 0
    endloop
  endfacet
  facet normal -0.966235 -0.257663 0
    outer loop
      vertex 117.49 -5.15 8
      vertex 117.45 -5 18
      vertex 117.45 -5 8
    endloop
  endfacet
  facet normal -0.966235 -0.257663 0
    outer loop
      vertex 117.45 -5 18
      vertex 117.49 -5.15 8
      vertex 117.49 -5.15 18
    endloop
  endfacet
  facet normal 1 0 0
    outer loop
      vertex 118.05 -4.99999 18
      vertex 118.05 -5 18
      vertex 118.05 -4.99999 8
    endloop
  endfacet
  facet normal 1 0 0
    outer loop
      vertex 118.05 -5 8
      vertex 118.05 -4.99999 8
      vertex 118.05 -5 18
    endloop
  endfacet
  facet normal 0.966235 -0.257663 0
    outer loop
      vertex 118.01 -5.15 18
      vertex 118.05 -5 8
      vertex 118.05 -5 18
    endloop
  endfacet
  facet normal 0.966235 -0.257663 0
    outer loop
      vertex 118.05 -5 8
      vertex 118.01 -5.15 18
      vertex 118.01 -5.15 8
    endloop
  endfacet
  facet normal 0.258805 -0.96593 0
    outer loop
      vertex 117.75 -5.3 8
      vertex 117.9 -5.25981 18
      vertex 117.75 -5.3 18
    endloop
  endfacet
  facet normal 0.258805 -0.96593 0
    outer loop
      vertex 117.9 -5.25981 18
      vertex 117.75 -5.3 8
      vertex 117.9 -5.25981 8
    endloop
  endfacet
  facet normal -1 0 0
    outer loop
      vertex 117.45 -5 18
      vertex 117.45 -4.99999 18
      vertex 117.45 -5 8
    endloop
  endfacet
  facet normal -1 0 0
    outer loop
      vertex 117.45 -4.99999 8
      vertex 117.45 -5 8
      vertex 117.45 -4.99999 18
    endloop
  endfacet
  facet normal 0.706495 -0.707718 0
    outer loop
      vertex 117.9 -5.25981 18
      vertex 118.01 -5.15 8
      vertex 118.01 -5.15 18
    endloop
  endfacet
  facet normal 0.706495 -0.707718 0
    outer loop
      vertex 118.01 -5.15 8
      vertex 117.9 -5.25981 18
      vertex 117.9 -5.25981 8
    endloop
  endfacet
  facet normal 0 0 1
    outer loop
      vertex 118.05 -4.99999 18
      vertex 118.01 -5.15 18
      vertex 118.05 -5 18
    endloop
  endfacet
  facet normal 0 0 1
    outer loop
      vertex 118.05 -4.99999 18
      vertex 117.9 -5.25981 18
      vertex 118.01 -5.15 18
    endloop
  endfacet
  facet normal 0 0 1
    outer loop
      vertex 118.05 -4.99999 18
      vertex 117.75 -5.3 18
      vertex 117.9 -5.25981 18
    endloop
  endfacet
  facet normal 0 0 1
    outer loop
      vertex 118.05 -4.99999 18
      vertex 117.6 -5.25981 18
      vertex 117.75 -5.3 18
    endloop
  endfacet
  facet normal 0 0 1
    outer loop
      vertex 118.05 -4.99999 18
      vertex 117.49 -5.15 18
      vertex 117.6 -5.25981 18
    endloop
  endfacet
  facet normal -0 0 1
    outer loop
      vertex 117.45 -4.99999 18
      vertex 117.49 -5.15 18
      vertex 118.05 -4.99999 18
    endloop
  endfacet
  facet normal 0 0 1
    outer loop
      vertex 117.49 -5.15 18
      vertex 117.45 -4.99999 18
      vertex 117.45 -5 18
    endloop
  endfacet
  facet normal 0 0 -1
    outer loop
      vertex 118.01 -5.15 8
      vertex 118.05 -4.99999 8
      vertex 118.05 -5 8
    endloop
  endfacet
  facet normal 0 0 -1
    outer loop
      vertex 117.9 -5.25981 8
      vertex 118.05 -4.99999 8
      vertex 118.01 -5.15 8
    endloop
  endfacet
  facet normal 0 0 -1
    outer loop
      vertex 117.75 -5.3 8
      vertex 118.05 -4.99999 8
      vertex 117.9 -5.25981 8
    endloop
  endfacet
  facet normal 0 0 -1
    outer loop
      vertex 117.6 -5.25981 8
      vertex 118.05 -4.99999 8
      vertex 117.75 -5.3 8
    endloop
  endfacet
  facet normal 0 0 -1
    outer loop
      vertex 117.49 -5.15 8
      vertex 118.05 -4.99999 8
      vertex 117.6 -5.25981 8
    endloop
  endfacet
  facet normal 0 0 -1
    outer loop
      vertex 117.49 -5.15 8
      vertex 117.45 -4.99999 8
      vertex 118.05 -4.99999 8
    endloop
  endfacet
  facet normal 0 0 -1
    outer loop
      vertex 117.45 -4.99999 8
      vertex 117.49 -5.15 8
      vertex 117.45 -5 8
    endloop
  endfacet
  facet normal -0.706495 -0.707718 0
    outer loop
      vertex 117.49 -5.15 8
      vertex 117.6 -5.25981 18
      vertex 117.49 -5.15 18
    endloop
  endfacet
  facet normal -0.706495 -0.707718 -0
    outer loop
      vertex 117.6 -5.25981 18
      vertex 117.49 -5.15 8
      vertex 117.6 -5.25981 8
    endloop
  endfacet
  facet normal -0.258805 -0.96593 0
    outer loop
      vertex 117.6 -5.25981 8
      vertex 117.75 -5.3 18
      vertex 117.6 -5.25981 18
    endloop
  endfacet
  facet normal -0.258805 -0.96593 -0
    outer loop
      vertex 117.75 -5.3 18
      vertex 117.6 -5.25981 8
      vertex 117.75 -5.3 8
    endloop
  endfacet
  facet normal 0.706463 0.70775 0
    outer loop
      vertex 118.01 26.95 18
      vertex 117.9 27.0598 8
      vertex 117.9 27.0598 18
    endloop
  endfacet
  facet normal 0.706463 0.70775 0
    outer loop
      vertex 117.9 27.0598 8
      vertex 118.01 26.95 18
      vertex 118.01 26.95 8
    endloop
  endfacet
  facet normal 0.966235 0.257663 0
    outer loop
      vertex 118.05 26.8 18
      vertex 118.01 26.95 8
      vertex 118.01 26.95 18
    endloop
  endfacet
  facet normal 0.966235 0.257663 0
    outer loop
      vertex 118.01 26.95 8
      vertex 118.05 26.8 18
      vertex 118.05 26.8 8
    endloop
  endfacet
  facet normal 0.258865 0.965914 -0
    outer loop
      vertex 117.9 27.0598 8
      vertex 117.75 27.1 18
      vertex 117.9 27.0598 18
    endloop
  endfacet
  facet normal 0.258865 0.965914 0
    outer loop
      vertex 117.75 27.1 18
      vertex 117.9 27.0598 8
      vertex 117.75 27.1 8
    endloop
  endfacet
  facet normal -0.706463 0.70775 0
    outer loop
      vertex 117.6 27.0598 8
      vertex 117.49 26.95 18
      vertex 117.6 27.0598 18
    endloop
  endfacet
  facet normal -0.706463 0.70775 0
    outer loop
      vertex 117.49 26.95 18
      vertex 117.6 27.0598 8
      vertex 117.49 26.95 8
    endloop
  endfacet
  facet normal -0.258865 0.965914 0
    outer loop
      vertex 117.75 27.1 8
      vertex 117.6 27.0598 18
      vertex 117.75 27.1 18
    endloop
  endfacet
  facet normal -0.258865 0.965914 0
    outer loop
      vertex 117.6 27.0598 18
      vertex 117.75 27.1 8
      vertex 117.6 27.0598 8
    endloop
  endfacet
  facet normal -0.966235 0.257663 0
    outer loop
      vertex 117.45 26.8 8
      vertex 117.49 26.95 18
      vertex 117.49 26.95 8
    endloop
  endfacet
  facet normal -0.966235 0.257663 0
    outer loop
      vertex 117.49 26.95 18
      vertex 117.45 26.8 8
      vertex 117.45 26.8 18
    endloop
  endfacet
  facet normal 0 0 1
    outer loop
      vertex 117.9 27.0598 18
      vertex 118.05 26.8 18
      vertex 118.01 26.95 18
    endloop
  endfacet
  facet normal 0 0 1
    outer loop
      vertex 117.75 27.1 18
      vertex 118.05 26.8 18
      vertex 117.9 27.0598 18
    endloop
  endfacet
  facet normal -0 0 1
    outer loop
      vertex 117.6 27.0598 18
      vertex 118.05 26.8 18
      vertex 117.75 27.1 18
    endloop
  endfacet
  facet normal -0 0 1
    outer loop
      vertex 117.49 26.95 18
      vertex 118.05 26.8 18
      vertex 117.6 27.0598 18
    endloop
  endfacet
  facet normal 0 0 1
    outer loop
      vertex 117.49 26.95 18
      vertex 117.45 26.8 18
      vertex 118.05 26.8 18
    endloop
  endfacet
  facet normal 0 0 -1
    outer loop
      vertex 118.05 26.8 8
      vertex 117.9 27.0598 8
      vertex 118.01 26.95 8
    endloop
  endfacet
  facet normal 0 0 -1
    outer loop
      vertex 118.05 26.8 8
      vertex 117.75 27.1 8
      vertex 117.9 27.0598 8
    endloop
  endfacet
  facet normal 0 0 -1
    outer loop
      vertex 118.05 26.8 8
      vertex 117.6 27.0598 8
      vertex 117.75 27.1 8
    endloop
  endfacet
  facet normal 0 0 -1
    outer loop
      vertex 118.05 26.8 8
      vertex 117.49 26.95 8
      vertex 117.6 27.0598 8
    endloop
  endfacet
  facet normal 0 0 -1
    outer loop
      vertex 117.45 26.8 8
      vertex 117.49 26.95 8
      vertex 118.05 26.8 8
    endloop
  endfacet
  facet normal 1 -0 0
    outer loop
      vertex 110.15 26.8 10
      vertex 110.15 27.75 3
      vertex 110.15 27.75 10
    endloop
  endfacet
  facet normal 1 0 0
    outer loop
      vertex 110.15 26.8 0
      vertex 110.15 27.75 3
      vertex 110.15 26.8 10
    endloop
  endfacet
  facet normal 1 0 0
    outer loop
      vertex 110.15 27.75 3
      vertex 110.15 26.8 0
      vertex 110.15 27.75 0.4
    endloop
  endfacet
  facet normal 1 0 0
    outer loop
      vertex 110.15 27.75 0.4
      vertex 110.15 26.8 0
      vertex 110.15 27.75 0
    endloop
  endfacet
  facet normal 1 -0 0
    outer loop
      vertex 110.15 27.75 3
      vertex 110.15 88 0.4
      vertex 110.15 88 3
    endloop
  endfacet
  facet normal 1 0 0
    outer loop
      vertex 110.15 88 0.4
      vertex 110.15 27.75 3
      vertex 110.15 27.75 0.4
    endloop
  endfacet
  facet normal 1 -0 0
    outer loop
      vertex 110.15 -45.1 10
      vertex 110.15 -44.2 0
      vertex 110.15 -44.2 10
    endloop
  endfacet
  facet normal 1 0 0
    outer loop
      vertex 110.15 -44.2 0
      vertex 110.15 -45.1 10
      vertex 110.15 -45.1 0
    endloop
  endfacet
  facet normal 1 -0 0
    outer loop
      vertex 110.15 -12.4 10
      vertex 110.15 -4.99999 0
      vertex 110.15 -4.99999 10
    endloop
  endfacet
  facet normal 1 0 0
    outer loop
      vertex 110.15 -4.99999 0
      vertex 110.15 -12.4 10
      vertex 110.15 -12.4 0
    endloop
  endfacet
  facet normal 0 0 1
    outer loop
      vertex 110.15 27.75 10
      vertex 110.14 26.8 10
      vertex 110.15 26.8 10
    endloop
  endfacet
  facet normal 0 0 1
    outer loop
      vertex 106.15 27.75 10
      vertex 110.14 -4.99999 10
      vertex 110.14 26.8 10
    endloop
  endfacet
  facet normal 0 0 1
    outer loop
      vertex 110.14 -4.99999 10
      vertex 106.15 27.75 10
      vertex 110.14 -12.4 10
    endloop
  endfacet
  facet normal 0 0 1
    outer loop
      vertex 110.14 -12.4 10
      vertex 106.15 27.75 10
      vertex 106.15 -45.1 10
    endloop
  endfacet
  facet normal -0 0 1
    outer loop
      vertex 106.15 27.75 10
      vertex 110.14 26.8 10
      vertex 110.15 27.75 10
    endloop
  endfacet
  facet normal -0 0 1
    outer loop
      vertex 110.14 -4.99999 10
      vertex 110.15 -12.4 10
      vertex 110.15 -4.99999 10
    endloop
  endfacet
  facet normal 0 0 1
    outer loop
      vertex 110.15 -12.4 10
      vertex 110.14 -4.99999 10
      vertex 110.14 -12.4 10
    endloop
  endfacet
  facet normal -0 0 1
    outer loop
      vertex 110.14 -44.2 10
      vertex 110.15 -45.1 10
      vertex 110.15 -44.2 10
    endloop
  endfacet
  facet normal 0 0 1
    outer loop
      vertex 110.14 -12.4 10
      vertex 106.15 -45.1 10
      vertex 110.14 -44.2 10
    endloop
  endfacet
  facet normal 0 0 1
    outer loop
      vertex 110.14 -44.2 10
      vertex 106.15 -45.1 10
      vertex 110.15 -45.1 10
    endloop
  endfacet
  facet normal -1 -0 0
    outer loop
      vertex 106.15 0 0.4
      vertex 106.15 -45.1 0
      vertex 106.15 0 3
    endloop
  endfacet
  facet normal -1 0 0
    outer loop
      vertex 106.15 -45.1 0
      vertex 106.15 0 0.4
      vertex 106.15 0.4 0
    endloop
  endfacet
  facet normal -1 0 0
    outer loop
      vertex 106.15 0 3
      vertex 106.15 27.75 10
      vertex 106.15 27.75 3
    endloop
  endfacet
  facet normal -1 0 0
    outer loop
      vertex 106.15 -45.1 10
      vertex 106.15 0 3
      vertex 106.15 -45.1 0
    endloop
  endfacet
  facet normal -1 0 0
    outer loop
      vertex 106.15 0 3
      vertex 106.15 -45.1 10
      vertex 106.15 27.75 10
    endloop
  endfacet
  facet normal 0 1 -0
    outer loop
      vertex 110.15 27.75 3
      vertex 106.15 27.75 10
      vertex 110.15 27.75 10
    endloop
  endfacet
  facet normal 0 1 0
    outer loop
      vertex 106.15 27.75 10
      vertex 110.15 27.75 3
      vertex 106.15 27.75 3
    endloop
  endfacet
  facet normal 0 1 -0
    outer loop
      vertex 110.15 27.75 0
      vertex 109.75 27.75 0
      vertex 110.15 27.75 0.4
    endloop
  endfacet
  facet normal 0 -1 0
    outer loop
      vertex 106.15 -45.1 0
      vertex 110.15 -45.1 10
      vertex 106.15 -45.1 10
    endloop
  endfacet
  facet normal 0 -1 -0
    outer loop
      vertex 110.15 -45.1 10
      vertex 106.15 -45.1 0
      vertex 110.15 -45.1 0
    endloop
  endfacet
  facet normal -0 0 1
    outer loop
      vertex -95 15 8
      vertex 95.5 9 8
      vertex 95.5 15 8
    endloop
  endfacet
  facet normal 0 0 1
    outer loop
      vertex 95.5 9 8
      vertex -95 15 8
      vertex -95 9 8
    endloop
  endfacet
  facet normal -1 0 0
    outer loop
      vertex -95 9 3
      vertex -95 15 8
      vertex -95 15 3
    endloop
  endfacet
  facet normal -1 -0 0
    outer loop
      vertex -95 15 8
      vertex -95 9 3
      vertex -95 9 8
    endloop
  endfacet
  facet normal 0 1 0
    outer loop
      vertex 97.5 15 11
      vertex 95.5 15 8
      vertex 95.5 15 11
    endloop
  endfacet
  facet normal 0 1 -0
    outer loop
      vertex 97.5 15 3
      vertex 95.5 15 8
      vertex 97.5 15 11
    endloop
  endfacet
  facet normal 0 1 0
    outer loop
      vertex -95 15 3
      vertex 95.5 15 8
      vertex 97.5 15 3
    endloop
  endfacet
  facet normal 0 1 0
    outer loop
      vertex 95.5 15 8
      vertex -95 15 3
      vertex -95 15 8
    endloop
  endfacet
  facet normal 0 -1 0
    outer loop
      vertex -95 9 8
      vertex -95 9 3
      vertex 95.5 9 8
    endloop
  endfacet
  facet normal 0 -1 0
    outer loop
      vertex 95.5 9 8
      vertex 97.5 9 11
      vertex 95.5 9 11
    endloop
  endfacet
  facet normal 0 -1 0
    outer loop
      vertex 95.5 9 8
      vertex 97.5 9 3
      vertex 97.5 9 11
    endloop
  endfacet
  facet normal 0 -1 0
    outer loop
      vertex 97.5 9 3
      vertex 95.5 9 8
      vertex -95 9 3
    endloop
  endfacet
  facet normal 0 0 1
    outer loop
      vertex 94 92 8
      vertex -94 92 8
      vertex 94 88 8
    endloop
  endfacet
  facet normal -0 0 1
    outer loop
      vertex 94 88 8
      vertex 95.5 86 8
      vertex 95.5 88 8
    endloop
  endfacet
  facet normal 0 0 1
    outer loop
      vertex -94 88 8
      vertex 94 88 8
      vertex -94 92 8
    endloop
  endfacet
  facet normal 0 0 1
    outer loop
      vertex -95 86 8
      vertex 94 88 8
      vertex -94 88 8
    endloop
  endfacet
  facet normal 0 0 1
    outer loop
      vertex -95 86 8
      vertex -94 88 8
      vertex -95 88 8
    endloop
  endfacet
  facet normal 0 0 1
    outer loop
      vertex 94 88 8
      vertex -95 86 8
      vertex 95.5 86 8
    endloop
  endfacet
  facet normal -1 0 0
    outer loop
      vertex -95 86 3
      vertex -95 88 8
      vertex -95 88 3
    endloop
  endfacet
  facet normal -1 -0 0
    outer loop
      vertex -95 88 8
      vertex -95 86 3
      vertex -95 86 8
    endloop
  endfacet
  facet normal 0 1 -0
    outer loop
      vertex 94 92 3
      vertex -94 92 8
      vertex 94 92 8
    endloop
  endfacet
  facet normal 0 1 0
    outer loop
      vertex -94 92 8
      vertex 94 92 3
      vertex -94 92 3
    endloop
  endfacet
  facet normal 0 -1 0
    outer loop
      vertex -95 86 8
      vertex -95 86 3
      vertex 95.5 86 8
    endloop
  endfacet
  facet normal 0 -1 0
    outer loop
      vertex 95.5 86 8
      vertex 97.5 86 11
      vertex 95.5 86 11
    endloop
  endfacet
  facet normal 0 -1 0
    outer loop
      vertex 95.5 86 8
      vertex 97.5 86 3
      vertex 97.5 86 11
    endloop
  endfacet
  facet normal 0 -1 0
    outer loop
      vertex 97.5 86 3
      vertex 95.5 86 8
      vertex -95 86 3
    endloop
  endfacet
  facet normal 1 -0 0
    outer loop
      vertex -95.5 9 11
      vertex -95.5 15 3
      vertex -95.5 15 11
    endloop
  endfacet
  facet normal 1 0 0
    outer loop
      vertex -95.5 15 3
      vertex -95.5 9 11
      vertex -95.5 9 3
    endloop
  endfacet
  facet normal -0 0 1
    outer loop
      vertex -97.5 15 11
      vertex -95.5 9 11
      vertex -95.5 15 11
    endloop
  endfacet
  facet normal 0 0 1
    outer loop
      vertex -95.5 9 11
      vertex -97.5 15 11
      vertex -97.5 9 11
    endloop
  endfacet
  facet normal -1 0 0
    outer loop
      vertex -97.5 9 3
      vertex -97.5 15 11
      vertex -97.5 15 3
    endloop
  endfacet
  facet normal -1 -0 0
    outer loop
      vertex -97.5 15 11
      vertex -97.5 9 3
      vertex -97.5 9 11
    endloop
  endfacet
  facet normal 0 1 -0
    outer loop
      vertex -95.5 15 3
      vertex -97.5 15 11
      vertex -95.5 15 11
    endloop
  endfacet
  facet normal 0 1 0
    outer loop
      vertex -97.5 15 11
      vertex -95.5 15 3
      vertex -97.5 15 3
    endloop
  endfacet
  facet normal 0 -1 0
    outer loop
      vertex -97.5 9 3
      vertex -95.5 9 11
      vertex -97.5 9 11
    endloop
  endfacet
  facet normal 0 -1 -0
    outer loop
      vertex -95.5 9 11
      vertex -97.5 9 3
      vertex -95.5 9 3
    endloop
  endfacet
  facet normal 1 -0 0
    outer loop
      vertex 97.5 9 11
      vertex 97.5 15 3
      vertex 97.5 15 11
    endloop
  endfacet
  facet normal 1 0 0
    outer loop
      vertex 97.5 15 3
      vertex 97.5 9 11
      vertex 97.5 9 3
    endloop
  endfacet
  facet normal -0 0 1
    outer loop
      vertex 95.5 15 11
      vertex 97.5 9 11
      vertex 97.5 15 11
    endloop
  endfacet
  facet normal 0 0 1
    outer loop
      vertex 97.5 9 11
      vertex 95.5 15 11
      vertex 95.5 9 11
    endloop
  endfacet
  facet normal -1 0 0
    outer loop
      vertex 95.5 9 8
      vertex 95.5 15 11
      vertex 95.5 15 8
    endloop
  endfacet
  facet normal -1 -0 0
    outer loop
      vertex 95.5 15 11
      vertex 95.5 9 8
      vertex 95.5 9 11
    endloop
  endfacet
  facet normal 1 -0 0
    outer loop
      vertex -95.5 86 11
      vertex -95.5 88 3
      vertex -95.5 88 11
    endloop
  endfacet
  facet normal 1 0 0
    outer loop
      vertex -95.5 88 3
      vertex -95.5 86 11
      vertex -95.5 86 3
    endloop
  endfacet
  facet normal -0 0 1
    outer loop
      vertex -97.5 88 11
      vertex -95.5 86 11
      vertex -95.5 88 11
    endloop
  endfacet
  facet normal 0 0 1
    outer loop
      vertex -95.5 86 11
      vertex -97.5 88 11
      vertex -97.5 86 11
    endloop
  endfacet
  facet normal -1 0 0
    outer loop
      vertex -97.5 86 3
      vertex -97.5 88 11
      vertex -97.5 88 3
    endloop
  endfacet
  facet normal -1 -0 0
    outer loop
      vertex -97.5 88 11
      vertex -97.5 86 3
      vertex -97.5 86 11
    endloop
  endfacet
  facet normal 0 -1 0
    outer loop
      vertex -97.5 86 3
      vertex -95.5 86 11
      vertex -97.5 86 11
    endloop
  endfacet
  facet normal 0 -1 -0
    outer loop
      vertex -95.5 86 11
      vertex -97.5 86 3
      vertex -95.5 86 3
    endloop
  endfacet
  facet normal 1 -0 0
    outer loop
      vertex 97.5 86 11
      vertex 97.5 88 3
      vertex 97.5 88 11
    endloop
  endfacet
  facet normal 1 0 0
    outer loop
      vertex 97.5 88 3
      vertex 97.5 86 11
      vertex 97.5 86 3
    endloop
  endfacet
  facet normal -0 0 1
    outer loop
      vertex 95.5 88 11
      vertex 97.5 86 11
      vertex 97.5 88 11
    endloop
  endfacet
  facet normal 0 0 1
    outer loop
      vertex 97.5 86 11
      vertex 95.5 88 11
      vertex 95.5 86 11
    endloop
  endfacet
  facet normal -1 0 0
    outer loop
      vertex 95.5 86 8
      vertex 95.5 88 11
      vertex 95.5 88 8
    endloop
  endfacet
  facet normal -1 -0 0
    outer loop
      vertex 95.5 88 11
      vertex 95.5 86 8
      vertex 95.5 86 11
    endloop
  endfacet
  facet normal 1 -0 0
    outer loop
      vertex -75 5.6 22
      vertex -75 8 3
      vertex -75 8 22
    endloop
  endfacet
  facet normal 1 0 0
    outer loop
      vertex -75 8 3
      vertex -75 5.6 22
      vertex -75 5.6 3
    endloop
  endfacet
  facet normal -0 0 1
    outer loop
      vertex -91 8 22
      vertex -75 5.6 22
      vertex -75 8 22
    endloop
  endfacet
  facet normal 0 0 1
    outer loop
      vertex -75 5.6 22
      vertex -91 8 22
      vertex -91 5.6 22
    endloop
  endfacet
  facet normal -1 0 0
    outer loop
      vertex -91 5.6 3
      vertex -91 8 22
      vertex -91 8 3
    endloop
  endfacet
  facet normal -1 -0 0
    outer loop
      vertex -91 8 22
      vertex -91 5.6 3
      vertex -91 5.6 22
    endloop
  endfacet
  facet normal 0 1 -0
    outer loop
      vertex -75 8 3
      vertex -91 8 22
      vertex -75 8 22
    endloop
  endfacet
  facet normal 0 1 0
    outer loop
      vertex -91 8 22
      vertex -75 8 3
      vertex -91 8 3
    endloop
  endfacet
  facet normal 0 -1 0
    outer loop
      vertex -91 5.6 3
      vertex -75 5.6 22
      vertex -91 5.6 22
    endloop
  endfacet
  facet normal 0 -1 -0
    outer loop
      vertex -75 5.6 22
      vertex -91 5.6 3
      vertex -75 5.6 3
    endloop
  endfacet
  facet normal 1 -0 0
    outer loop
      vertex -75 93 22
      vertex -75 95.4 3
      vertex -75 95.4 22
    endloop
  endfacet
  facet normal 1 0 0
    outer loop
      vertex -75 95.4 3
      vertex -75 93 22
      vertex -75 93 3
    endloop
  endfacet
  facet normal -0 0 1
    outer loop
      vertex -91 95.4 22
      vertex -75 93 22
      vertex -75 95.4 22
    endloop
  endfacet
  facet normal 0 0 1
    outer loop
      vertex -75 93 22
      vertex -91 95.4 22
      vertex -91 93 22
    endloop
  endfacet
  facet normal -1 0 0
    outer loop
      vertex -91 93 3
      vertex -91 95.4 22
      vertex -91 95.4 3
    endloop
  endfacet
  facet normal -1 -0 0
    outer loop
      vertex -91 95.4 22
      vertex -91 93 3
      vertex -91 93 22
    endloop
  endfacet
  facet normal 0 1 -0
    outer loop
      vertex -75 95.4 3
      vertex -91 95.4 22
      vertex -75 95.4 22
    endloop
  endfacet
  facet normal 0 1 0
    outer loop
      vertex -91 95.4 22
      vertex -75 95.4 3
      vertex -91 95.4 3
    endloop
  endfacet
  facet normal 0 -1 0
    outer loop
      vertex -91 93 3
      vertex -75 93 22
      vertex -91 93 22
    endloop
  endfacet
  facet normal 0 -1 -0
    outer loop
      vertex -75 93 22
      vertex -91 93 3
      vertex -75 93 3
    endloop
  endfacet
  facet normal 1 -0 0
    outer loop
      vertex 91 5.6 22
      vertex 91 8 3
      vertex 91 8 22
    endloop
  endfacet
  facet normal 1 0 0
    outer loop
      vertex 91 8 3
      vertex 91 5.6 22
      vertex 91 5.6 3
    endloop
  endfacet
  facet normal -0 0 1
    outer loop
      vertex 75 8 22
      vertex 91 5.6 22
      vertex 91 8 22
    endloop
  endfacet
  facet normal 0 0 1
    outer loop
      vertex 91 5.6 22
      vertex 75 8 22
      vertex 75 5.6 22
    endloop
  endfacet
  facet normal -1 0 0
    outer loop
      vertex 75 5.6 3
      vertex 75 8 22
      vertex 75 8 3
    endloop
  endfacet
  facet normal -1 -0 0
    outer loop
      vertex 75 8 22
      vertex 75 5.6 3
      vertex 75 5.6 22
    endloop
  endfacet
  facet normal 0 1 -0
    outer loop
      vertex 91 8 3
      vertex 75 8 22
      vertex 91 8 22
    endloop
  endfacet
  facet normal 0 1 0
    outer loop
      vertex 75 8 22
      vertex 91 8 3
      vertex 75 8 3
    endloop
  endfacet
  facet normal 0 -1 0
    outer loop
      vertex 75 5.6 3
      vertex 91 5.6 22
      vertex 75 5.6 22
    endloop
  endfacet
  facet normal 0 -1 -0
    outer loop
      vertex 91 5.6 22
      vertex 75 5.6 3
      vertex 91 5.6 3
    endloop
  endfacet
  facet normal 1 -0 0
    outer loop
      vertex 91 93 22
      vertex 91 95.4 3
      vertex 91 95.4 22
    endloop
  endfacet
  facet normal 1 0 0
    outer loop
      vertex 91 95.4 3
      vertex 91 93 22
      vertex 91 93 3
    endloop
  endfacet
  facet normal -0 0 1
    outer loop
      vertex 75 95.4 22
      vertex 91 93 22
      vertex 91 95.4 22
    endloop
  endfacet
  facet normal 0 0 1
    outer loop
      vertex 91 93 22
      vertex 75 95.4 22
      vertex 75 93 22
    endloop
  endfacet
  facet normal -1 0 0
    outer loop
      vertex 75 93 3
      vertex 75 95.4 22
      vertex 75 95.4 3
    endloop
  endfacet
  facet normal -1 -0 0
    outer loop
      vertex 75 95.4 22
      vertex 75 93 3
      vertex 75 93 22
    endloop
  endfacet
  facet normal 0 1 -0
    outer loop
      vertex 91 95.4 3
      vertex 75 95.4 22
      vertex 91 95.4 22
    endloop
  endfacet
  facet normal 0 1 0
    outer loop
      vertex 75 95.4 22
      vertex 91 95.4 3
      vertex 75 95.4 3
    endloop
  endfacet
  facet normal 0 -1 0
    outer loop
      vertex 75 93 3
      vertex 91 93 22
      vertex 75 93 22
    endloop
  endfacet
  facet normal 0 -1 -0
    outer loop
      vertex 91 93 22
      vertex 75 93 3
      vertex 91 93 3
    endloop
  endfacet
  facet normal 1 -0 0
    outer loop
      vertex 8 5.6 22
      vertex 8 8 3
      vertex 8 8 22
    endloop
  endfacet
  facet normal 1 0 0
    outer loop
      vertex 8 8 3
      vertex 8 5.6 22
      vertex 8 5.6 3
    endloop
  endfacet
  facet normal -0 0 1
    outer loop
      vertex -8 8 22
      vertex 8 5.6 22
      vertex 8 8 22
    endloop
  endfacet
  facet normal 0 0 1
    outer loop
      vertex 8 5.6 22
      vertex -8 8 22
      vertex -8 5.6 22
    endloop
  endfacet
  facet normal -1 0 0
    outer loop
      vertex -8 5.6 3
      vertex -8 8 22
      vertex -8 8 3
    endloop
  endfacet
  facet normal -1 -0 0
    outer loop
      vertex -8 8 22
      vertex -8 5.6 3
      vertex -8 5.6 22
    endloop
  endfacet
  facet normal 0 1 -0
    outer loop
      vertex 8 8 3
      vertex -8 8 22
      vertex 8 8 22
    endloop
  endfacet
  facet normal 0 1 0
    outer loop
      vertex -8 8 22
      vertex 8 8 3
      vertex -8 8 3
    endloop
  endfacet
  facet normal 0 -1 0
    outer loop
      vertex -8 5.6 3
      vertex 8 5.6 22
      vertex -8 5.6 22
    endloop
  endfacet
  facet normal 0 -1 -0
    outer loop
      vertex 8 5.6 22
      vertex -8 5.6 3
      vertex 8 5.6 3
    endloop
  endfacet
  facet normal 1 -0 0
    outer loop
      vertex 8 93 22
      vertex 8 95.4 3
      vertex 8 95.4 22
    endloop
  endfacet
  facet normal 1 0 0
    outer loop
      vertex 8 95.4 3
      vertex 8 93 22
      vertex 8 93 3
    endloop
  endfacet
  facet normal -0 0 1
    outer loop
      vertex -8 95.4 22
      vertex 8 93 22
      vertex 8 95.4 22
    endloop
  endfacet
  facet normal 0 0 1
    outer loop
      vertex 8 93 22
      vertex -8 95.4 22
      vertex -8 93 22
    endloop
  endfacet
  facet normal -1 0 0
    outer loop
      vertex -8 93 3
      vertex -8 95.4 22
      vertex -8 95.4 3
    endloop
  endfacet
  facet normal -1 -0 0
    outer loop
      vertex -8 95.4 22
      vertex -8 93 3
      vertex -8 93 22
    endloop
  endfacet
  facet normal 0 1 -0
    outer loop
      vertex 8 95.4 3
      vertex -8 95.4 22
      vertex 8 95.4 22
    endloop
  endfacet
  facet normal 0 1 0
    outer loop
      vertex -8 95.4 22
      vertex 8 95.4 3
      vertex -8 95.4 3
    endloop
  endfacet
  facet normal 0 -1 0
    outer loop
      vertex -8 93 3
      vertex 8 93 22
      vertex -8 93 22
    endloop
  endfacet
  facet normal 0 -1 -0
    outer loop
      vertex 8 93 22
      vertex -8 93 3
      vertex 8 93 3
    endloop
  endfacet
  facet normal 0 -1 0
    outer loop
      vertex -106.15 0 0.4
      vertex 106.15 0 3
      vertex -106.15 0 3
    endloop
  endfacet
  facet normal 0 -1 -0
    outer loop
      vertex 106.15 0 3
      vertex -106.15 0 0.4
      vertex 106.15 0 0.4
    endloop
  endfacet
  facet normal -0.707107 0 -0.707107
    outer loop
      vertex -110.15 27.75 0.4
      vertex -109.75 88 0
      vertex -109.75 27.75 0
    endloop
  endfacet
  facet normal -0.707107 0 -0.707107
    outer loop
      vertex -109.75 88 0
      vertex -110.15 27.75 0.4
      vertex -110.15 88 0.4
    endloop
  endfacet
  facet normal -0 0 1
    outer loop
      vertex -110.15 88 3
      vertex -97.5 86 3
      vertex -97.5 88 3
    endloop
  endfacet
  facet normal 0 0 1
    outer loop
      vertex -97.5 86 3
      vertex -106.15 27.75 3
      vertex -97.5 15 3
    endloop
  endfacet
  facet normal 0 0 1
    outer loop
      vertex -106.15 0 3
      vertex -97.5 15 3
      vertex -106.15 27.75 3
    endloop
  endfacet
  facet normal 0 0 1
    outer loop
      vertex -97.5 86 3
      vertex -110.15 88 3
      vertex -106.15 27.75 3
    endloop
  endfacet
  facet normal 0 0 1
    outer loop
      vertex -106.15 27.75 3
      vertex -110.15 88 3
      vertex -110.15 27.75 3
    endloop
  endfacet
  facet normal -0 0 1
    outer loop
      vertex -97.5 86 3
      vertex -95.5 15 3
      vertex -95.5 86 3
    endloop
  endfacet
  facet normal 0 0 1
    outer loop
      vertex -95.5 15 3
      vertex -97.5 86 3
      vertex -97.5 15 3
    endloop
  endfacet
  facet normal 0 0 1
    outer loop
      vertex -95.5 86 3
      vertex -95 86 3
      vertex -95 88 3
    endloop
  endfacet
  facet normal 0 0 1
    outer loop
      vertex -95 86 3
      vertex -95.5 86 3
      vertex -95 15 3
    endloop
  endfacet
  facet normal 0 0 1
    outer loop
      vertex -95.5 86 3
      vertex -95 88 3
      vertex -95.5 88 3
    endloop
  endfacet
  facet normal 0 0 1
    outer loop
      vertex 97.5 9 3
      vertex 75 8 3
      vertex 91 8 3
    endloop
  endfacet
  facet normal 0 0 1
    outer loop
      vertex 75 8 3
      vertex 53 5 3
      vertex 75 5.6 3
    endloop
  endfacet
  facet normal 0 0 1
    outer loop
      vertex 75 8 3
      vertex 47 5 3
      vertex 53 5 3
    endloop
  endfacet
  facet normal -0 0 1
    outer loop
      vertex 8 5.6 3
      vertex 47 5 3
      vertex 8 8 3
    endloop
  endfacet
  facet normal 0 0 1
    outer loop
      vertex 75 8 3
      vertex 8 8 3
      vertex 47 5 3
    endloop
  endfacet
  facet normal 0 0 1
    outer loop
      vertex 97.5 9 3
      vertex 8 8 3
      vertex 75 8 3
    endloop
  endfacet
  facet normal 0 0 1
    outer loop
      vertex 97.5 9 3
      vertex -8 8 3
      vertex 8 8 3
    endloop
  endfacet
  facet normal 0 0 1
    outer loop
      vertex -8 8 3
      vertex -47 5 3
      vertex -8 5.6 3
    endloop
  endfacet
  facet normal -0 0 1
    outer loop
      vertex -75 8 3
      vertex -47 5 3
      vertex -8 8 3
    endloop
  endfacet
  facet normal -0 0 1
    outer loop
      vertex -75 5.6 3
      vertex -53 5 3
      vertex -75 8 3
    endloop
  endfacet
  facet normal 0 0 1
    outer loop
      vertex -47 5 3
      vertex -75 8 3
      vertex -53 5 3
    endloop
  endfacet
  facet normal -0 0 1
    outer loop
      vertex -95 9 3
      vertex -8 8 3
      vertex 97.5 9 3
    endloop
  endfacet
  facet normal 0 0 1
    outer loop
      vertex -8 8 3
      vertex -95 9 3
      vertex -75 8 3
    endloop
  endfacet
  facet normal 0 0 1
    outer loop
      vertex -91 8 3
      vertex -95 9 3
      vertex -91 5.6 3
    endloop
  endfacet
  facet normal 0 0 1
    outer loop
      vertex -75 8 3
      vertex -95 9 3
      vertex -91 8 3
    endloop
  endfacet
  facet normal 0 0 1
    outer loop
      vertex 75 17 3
      vertex 106.15 27.75 3
      vertex 75 84 3
    endloop
  endfacet
  facet normal 0 0 1
    outer loop
      vertex 97.5 86 3
      vertex 41.5 84 3
      vertex 75 84 3
    endloop
  endfacet
  facet normal 0 0 1
    outer loop
      vertex 41.5 84 3
      vertex 33.5 84 3
      vertex 41.5 17 3
    endloop
  endfacet
  facet normal 0 0 1
    outer loop
      vertex 97.5 86 3
      vertex 33.5 84 3
      vertex 41.5 84 3
    endloop
  endfacet
  facet normal 0 0 1
    outer loop
      vertex 97.5 86 3
      vertex 0 84 3
      vertex 33.5 84 3
    endloop
  endfacet
  facet normal 0 0 1
    outer loop
      vertex 0 84 3
      vertex -8 84 3
      vertex 0 17 3
    endloop
  endfacet
  facet normal 0 0 1
    outer loop
      vertex 97.5 86 3
      vertex -8 84 3
      vertex 0 84 3
    endloop
  endfacet
  facet normal -0 0 1
    outer loop
      vertex -95 86 3
      vertex -8 84 3
      vertex 97.5 86 3
    endloop
  endfacet
  facet normal 0 0 1
    outer loop
      vertex -41.5 84 3
      vertex -49.5 84 3
      vertex -41.5 17 3
    endloop
  endfacet
  facet normal 0 0 1
    outer loop
      vertex -8 84 3
      vertex -95 86 3
      vertex -41.5 84 3
    endloop
  endfacet
  facet normal 0 0 1
    outer loop
      vertex -41.5 84 3
      vertex -95 86 3
      vertex -49.5 84 3
    endloop
  endfacet
  facet normal 0 0 1
    outer loop
      vertex -83 84 3
      vertex -95 86 3
      vertex -83 17 3
    endloop
  endfacet
  facet normal 0 0 1
    outer loop
      vertex -49.5 84 3
      vertex -95 86 3
      vertex -83 84 3
    endloop
  endfacet
  facet normal 0 0 1
    outer loop
      vertex 110.15 88 3
      vertex 106.15 27.75 3
      vertex 110.15 27.75 3
    endloop
  endfacet
  facet normal 0 0 1
    outer loop
      vertex 97.5 86 3
      vertex 110.15 88 3
      vertex 97.5 88 3
    endloop
  endfacet
  facet normal 0 0 1
    outer loop
      vertex 110.15 88 3
      vertex 97.5 86 3
      vertex 106.15 27.75 3
    endloop
  endfacet
  facet normal -0 0 1
    outer loop
      vertex 75 84 3
      vertex 106.15 27.75 3
      vertex 97.5 86 3
    endloop
  endfacet
  facet normal 0 0 1
    outer loop
      vertex 106.15 27.75 3
      vertex 97.5 15 3
      vertex 106.15 0 3
    endloop
  endfacet
  facet normal -0 0 1
    outer loop
      vertex 97.5 9 3
      vertex 106.15 0 3
      vertex 97.5 15 3
    endloop
  endfacet
  facet normal 0 0 1
    outer loop
      vertex 91 5.6 3
      vertex 97.5 9 3
      vertex 91 8 3
    endloop
  endfacet
  facet normal 0 0 1
    outer loop
      vertex 97.5 9 3
      vertex 91 5.6 3
      vertex 106.15 0 3
    endloop
  endfacet
  facet normal -0 0 1
    outer loop
      vertex 75 5.6 3
      vertex 106.15 0 3
      vertex 91 5.6 3
    endloop
  endfacet
  facet normal 0 0 1
    outer loop
      vertex 53 1 3
      vertex 75 5.6 3
      vertex 53 5 3
    endloop
  endfacet
  facet normal 0 0 1
    outer loop
      vertex 75 5.6 3
      vertex 53 1 3
      vertex 106.15 0 3
    endloop
  endfacet
  facet normal -0 0 1
    outer loop
      vertex 47 1 3
      vertex 106.15 0 3
      vertex 53 1 3
    endloop
  endfacet
  facet normal 0 0 1
    outer loop
      vertex 47 5 3
      vertex 8 5.6 3
      vertex 47 1 3
    endloop
  endfacet
  facet normal -0 0 1
    outer loop
      vertex -8 5.6 3
      vertex 47 1 3
      vertex 8 5.6 3
    endloop
  endfacet
  facet normal 0 0 1
    outer loop
      vertex -47 1 3
      vertex -8 5.6 3
      vertex -47 5 3
    endloop
  endfacet
  facet normal 0 0 1
    outer loop
      vertex -8 5.6 3
      vertex -47 1 3
      vertex 47 1 3
    endloop
  endfacet
  facet normal -0 0 1
    outer loop
      vertex -47 1 3
      vertex 106.15 0 3
      vertex 47 1 3
    endloop
  endfacet
  facet normal 0 0 1
    outer loop
      vertex -106.15 0 3
      vertex -47 1 3
      vertex -53 1 3
    endloop
  endfacet
  facet normal 0 0 1
    outer loop
      vertex -53 5 3
      vertex -75 5.6 3
      vertex -53 1 3
    endloop
  endfacet
  facet normal 0 0 1
    outer loop
      vertex -106.15 0 3
      vertex -75 5.6 3
      vertex -91 5.6 3
    endloop
  endfacet
  facet normal 0 0 1
    outer loop
      vertex -95 15 3
      vertex -95.5 86 3
      vertex -95.5 15 3
    endloop
  endfacet
  facet normal 0 0 1
    outer loop
      vertex -95 15 3
      vertex -95.5 15 3
      vertex -95 9 3
    endloop
  endfacet
  facet normal 0 0 1
    outer loop
      vertex -95.5 9 3
      vertex -95 9 3
      vertex -95.5 15 3
    endloop
  endfacet
  facet normal -0 0 1
    outer loop
      vertex -95.5 9 3
      vertex -91 5.6 3
      vertex -95 9 3
    endloop
  endfacet
  facet normal -0 0 1
    outer loop
      vertex -97.5 9 3
      vertex -91 5.6 3
      vertex -95.5 9 3
    endloop
  endfacet
  facet normal 0 0 1
    outer loop
      vertex -47 1 3
      vertex -106.15 0 3
      vertex 106.15 0 3
    endloop
  endfacet
  facet normal 0 0 1
    outer loop
      vertex -75 5.6 3
      vertex -106.15 0 3
      vertex -53 1 3
    endloop
  endfacet
  facet normal 0 0 1
    outer loop
      vertex -97.5 9 3
      vertex -106.15 0 3
      vertex -91 5.6 3
    endloop
  endfacet
  facet normal 0 0 1
    outer loop
      vertex -97.5 15 3
      vertex -106.15 0 3
      vertex -97.5 9 3
    endloop
  endfacet
  facet normal 0 0 1
    outer loop
      vertex 106.15 27.75 3
      vertex 75 17 3
      vertex 97.5 15 3
    endloop
  endfacet
  facet normal -0 0 1
    outer loop
      vertex 41.5 17 3
      vertex 97.5 15 3
      vertex 75 17 3
    endloop
  endfacet
  facet normal 0 0 1
    outer loop
      vertex 33.5 17 3
      vertex 41.5 17 3
      vertex 33.5 84 3
    endloop
  endfacet
  facet normal -0 0 1
    outer loop
      vertex 33.5 17 3
      vertex 97.5 15 3
      vertex 41.5 17 3
    endloop
  endfacet
  facet normal -0 0 1
    outer loop
      vertex 0 17 3
      vertex 97.5 15 3
      vertex 33.5 17 3
    endloop
  endfacet
  facet normal 0 0 1
    outer loop
      vertex -8 17 3
      vertex 0 17 3
      vertex -8 84 3
    endloop
  endfacet
  facet normal -0 0 1
    outer loop
      vertex -8 17 3
      vertex 97.5 15 3
      vertex 0 17 3
    endloop
  endfacet
  facet normal 0 0 1
    outer loop
      vertex -95 15 3
      vertex -8 17 3
      vertex -41.5 17 3
    endloop
  endfacet
  facet normal 0 0 1
    outer loop
      vertex -49.5 17 3
      vertex -41.5 17 3
      vertex -49.5 84 3
    endloop
  endfacet
  facet normal 0 0 1
    outer loop
      vertex -95 15 3
      vertex -41.5 17 3
      vertex -49.5 17 3
    endloop
  endfacet
  facet normal 0 0 1
    outer loop
      vertex -95 15 3
      vertex -49.5 17 3
      vertex -83 17 3
    endloop
  endfacet
  facet normal 0 0 1
    outer loop
      vertex -8 17 3
      vertex -95 15 3
      vertex 97.5 15 3
    endloop
  endfacet
  facet normal 0 0 1
    outer loop
      vertex -95 15 3
      vertex -83 17 3
      vertex -95 86 3
    endloop
  endfacet
  facet normal 0 0 1
    outer loop
      vertex 94 101 3
      vertex 91 95.4 3
      vertex 94 92 3
    endloop
  endfacet
  facet normal 0 0 1
    outer loop
      vertex 94 101 3
      vertex 75 95.4 3
      vertex 91 95.4 3
    endloop
  endfacet
  facet normal -0 0 1
    outer loop
      vertex 53 95.6 3
      vertex 75 95.4 3
      vertex 53 99.6 3
    endloop
  endfacet
  facet normal 0 0 1
    outer loop
      vertex 94 101 3
      vertex 53 99.6 3
      vertex 75 95.4 3
    endloop
  endfacet
  facet normal 0 0 1
    outer loop
      vertex 94 101 3
      vertex 47 99.6 3
      vertex 53 99.6 3
    endloop
  endfacet
  facet normal 0 0 1
    outer loop
      vertex 47 99.6 3
      vertex 8 95.4 3
      vertex 47 95.6 3
    endloop
  endfacet
  facet normal 0 0 1
    outer loop
      vertex 47 99.6 3
      vertex -8 95.4 3
      vertex 8 95.4 3
    endloop
  endfacet
  facet normal -0 0 1
    outer loop
      vertex -47 95.6 3
      vertex -8 95.4 3
      vertex -47 99.6 3
    endloop
  endfacet
  facet normal 0 0 1
    outer loop
      vertex 47 99.6 3
      vertex -47 99.6 3
      vertex -8 95.4 3
    endloop
  endfacet
  facet normal 0 0 1
    outer loop
      vertex 94 101 3
      vertex -47 99.6 3
      vertex 47 99.6 3
    endloop
  endfacet
  facet normal -0 0 1
    outer loop
      vertex -94 101 3
      vertex -47 99.6 3
      vertex 94 101 3
    endloop
  endfacet
  facet normal 0 0 1
    outer loop
      vertex -53 99.6 3
      vertex -75 95.4 3
      vertex -53 95.6 3
    endloop
  endfacet
  facet normal 0 0 1
    outer loop
      vertex -94 101 3
      vertex -75 95.4 3
      vertex -53 99.6 3
    endloop
  endfacet
  facet normal 0 0 1
    outer loop
      vertex -94 92 3
      vertex -91 95.4 3
      vertex -94 101 3
    endloop
  endfacet
  facet normal 0 0 1
    outer loop
      vertex -75 95.4 3
      vertex -94 101 3
      vertex -91 95.4 3
    endloop
  endfacet
  facet normal 0 0 1
    outer loop
      vertex -47 99.6 3
      vertex -94 101 3
      vertex -53 99.6 3
    endloop
  endfacet
  facet normal -0 0 1
    outer loop
      vertex 91 93 3
      vertex 94 92 3
      vertex 91 95.4 3
    endloop
  endfacet
  facet normal -0 0 1
    outer loop
      vertex 75 93 3
      vertex 94 92 3
      vertex 91 93 3
    endloop
  endfacet
  facet normal 0 0 1
    outer loop
      vertex 75 95.4 3
      vertex 53 95.6 3
      vertex 75 93 3
    endloop
  endfacet
  facet normal -0 0 1
    outer loop
      vertex 47 95.6 3
      vertex 75 93 3
      vertex 53 95.6 3
    endloop
  endfacet
  facet normal 0 0 1
    outer loop
      vertex 8 93 3
      vertex 47 95.6 3
      vertex 8 95.4 3
    endloop
  endfacet
  facet normal 0 0 1
    outer loop
      vertex 47 95.6 3
      vertex 8 93 3
      vertex 75 93 3
    endloop
  endfacet
  facet normal 0 0 1
    outer loop
      vertex 75 93 3
      vertex 8 93 3
      vertex 94 92 3
    endloop
  endfacet
  facet normal -0 0 1
    outer loop
      vertex -8 93 3
      vertex 94 92 3
      vertex 8 93 3
    endloop
  endfacet
  facet normal 0 0 1
    outer loop
      vertex -8 95.4 3
      vertex -47 95.6 3
      vertex -8 93 3
    endloop
  endfacet
  facet normal 0 0 1
    outer loop
      vertex -75 93 3
      vertex -47 95.6 3
      vertex -53 95.6 3
    endloop
  endfacet
  facet normal 0 0 1
    outer loop
      vertex -75 93 3
      vertex -53 95.6 3
      vertex -75 95.4 3
    endloop
  endfacet
  facet normal 0 0 1
    outer loop
      vertex -47 95.6 3
      vertex -75 93 3
      vertex -8 93 3
    endloop
  endfacet
  facet normal 0 0 1
    outer loop
      vertex -94 92 3
      vertex -8 93 3
      vertex -75 93 3
    endloop
  endfacet
  facet normal 0 0 1
    outer loop
      vertex -94 92 3
      vertex -75 93 3
      vertex -91 93 3
    endloop
  endfacet
  facet normal 0 0 1
    outer loop
      vertex -8 93 3
      vertex -94 92 3
      vertex 94 92 3
    endloop
  endfacet
  facet normal 0 0 1
    outer loop
      vertex -91 95.4 3
      vertex -94 92 3
      vertex -91 93 3
    endloop
  endfacet
  facet normal 0 -0.707107 -0.707107
    outer loop
      vertex -106.15 0.4 0
      vertex 106.15 0 0.4
      vertex -106.15 0 0.4
    endloop
  endfacet
  facet normal 0 -0.707107 -0.707107
    outer loop
      vertex 106.15 0 0.4
      vertex -106.15 0.4 0
      vertex 106.15 0.4 0
    endloop
  endfacet
  facet normal 0.707107 0 -0.707107
    outer loop
      vertex 109.75 27.75 0
      vertex 110.15 88 0.4
      vertex 110.15 27.75 0.4
    endloop
  endfacet
  facet normal 0.707107 0 -0.707107
    outer loop
      vertex 110.15 88 0.4
      vertex 109.75 27.75 0
      vertex 109.75 88 0
    endloop
  endfacet
  facet normal 0 1 -0
    outer loop
      vertex 94 101 0.4
      vertex -94 101 3
      vertex 94 101 3
    endloop
  endfacet
  facet normal 0 1 0
    outer loop
      vertex -94 101 3
      vertex 94 101 0.4
      vertex -94 101 0.4
    endloop
  endfacet
  facet normal 0 0.707107 -0.707107
    outer loop
      vertex -94 100.6 0
      vertex 94 101 0.4
      vertex 94 100.6 0
    endloop
  endfacet
  facet normal 0 0.707107 -0.707107
    outer loop
      vertex 94 101 0.4
      vertex -94 100.6 0
      vertex -94 101 0.4
    endloop
  endfacet
  facet normal -1 0 0
    outer loop
      vertex -49.5 17 0
      vertex -49.5 84 3
      vertex -49.5 84 0
    endloop
  endfacet
  facet normal -1 -0 0
    outer loop
      vertex -49.5 84 3
      vertex -49.5 17 0
      vertex -49.5 17 3
    endloop
  endfacet
  facet normal 1 -0 0
    outer loop
      vertex -83 17 3
      vertex -83 84 0
      vertex -83 84 3
    endloop
  endfacet
  facet normal 1 0 0
    outer loop
      vertex -83 84 0
      vertex -83 17 3
      vertex -83 17 0
    endloop
  endfacet
  facet normal 0 -1 0
    outer loop
      vertex -83 84 0
      vertex -49.5 84 3
      vertex -83 84 3
    endloop
  endfacet
  facet normal 0 -1 -0
    outer loop
      vertex -49.5 84 3
      vertex -83 84 0
      vertex -49.5 84 0
    endloop
  endfacet
  facet normal 0 1 -0
    outer loop
      vertex -49.5 17 0
      vertex -83 17 3
      vertex -49.5 17 3
    endloop
  endfacet
  facet normal 0 1 0
    outer loop
      vertex -83 17 3
      vertex -49.5 17 0
      vertex -83 17 0
    endloop
  endfacet
  facet normal -1 0 0
    outer loop
      vertex -8 17 0
      vertex -8 84 3
      vertex -8 84 0
    endloop
  endfacet
  facet normal -1 -0 0
    outer loop
      vertex -8 84 3
      vertex -8 17 0
      vertex -8 17 3
    endloop
  endfacet
  facet normal 1 -0 0
    outer loop
      vertex -41.5 17 3
      vertex -41.5 84 0
      vertex -41.5 84 3
    endloop
  endfacet
  facet normal 1 0 0
    outer loop
      vertex -41.5 84 0
      vertex -41.5 17 3
      vertex -41.5 17 0
    endloop
  endfacet
  facet normal 0 -1 0
    outer loop
      vertex -41.5 84 0
      vertex -8 84 3
      vertex -41.5 84 3
    endloop
  endfacet
  facet normal 0 -1 -0
    outer loop
      vertex -8 84 3
      vertex -41.5 84 0
      vertex -8 84 0
    endloop
  endfacet
  facet normal 0 1 -0
    outer loop
      vertex -8 17 0
      vertex -41.5 17 3
      vertex -8 17 3
    endloop
  endfacet
  facet normal 0 1 0
    outer loop
      vertex -41.5 17 3
      vertex -8 17 0
      vertex -41.5 17 0
    endloop
  endfacet
  facet normal -1 0 0
    outer loop
      vertex 33.5 17 0
      vertex 33.5 84 3
      vertex 33.5 84 0
    endloop
  endfacet
  facet normal -1 -0 0
    outer loop
      vertex 33.5 84 3
      vertex 33.5 17 0
      vertex 33.5 17 3
    endloop
  endfacet
  facet normal 1 -0 0
    outer loop
      vertex 0 17 3
      vertex 0 84 0
      vertex 0 84 3
    endloop
  endfacet
  facet normal 1 0 0
    outer loop
      vertex 0 84 0
      vertex 0 17 3
      vertex 0 17 0
    endloop
  endfacet
  facet normal 0 -1 0
    outer loop
      vertex 0 84 0
      vertex 33.5 84 3
      vertex 0 84 3
    endloop
  endfacet
  facet normal 0 -1 -0
    outer loop
      vertex 33.5 84 3
      vertex 0 84 0
      vertex 33.5 84 0
    endloop
  endfacet
  facet normal 0 1 -0
    outer loop
      vertex 33.5 17 0
      vertex 0 17 3
      vertex 33.5 17 3
    endloop
  endfacet
  facet normal 0 1 0
    outer loop
      vertex 0 17 3
      vertex 33.5 17 0
      vertex 0 17 0
    endloop
  endfacet
  facet normal -1 0 0
    outer loop
      vertex 75 17 0
      vertex 75 84 3
      vertex 75 84 0
    endloop
  endfacet
  facet normal -1 -0 0
    outer loop
      vertex 75 84 3
      vertex 75 17 0
      vertex 75 17 3
    endloop
  endfacet
  facet normal 1 -0 0
    outer loop
      vertex 41.5 17 3
      vertex 41.5 84 0
      vertex 41.5 84 3
    endloop
  endfacet
  facet normal 1 0 0
    outer loop
      vertex 41.5 84 0
      vertex 41.5 17 3
      vertex 41.5 17 0
    endloop
  endfacet
  facet normal 0 -1 0
    outer loop
      vertex 41.5 84 0
      vertex 75 84 3
      vertex 41.5 84 3
    endloop
  endfacet
  facet normal 0 -1 -0
    outer loop
      vertex 75 84 3
      vertex 41.5 84 0
      vertex 75 84 0
    endloop
  endfacet
  facet normal 0 1 -0
    outer loop
      vertex 75 17 0
      vertex 41.5 17 3
      vertex 75 17 3
    endloop
  endfacet
  facet normal 0 1 0
    outer loop
      vertex 41.5 17 3
      vertex 75 17 0
      vertex 41.5 17 0
    endloop
  endfacet
  facet normal -1 0 0
    outer loop
      vertex -47 1 0
      vertex -47 5 3
      vertex -47 5 0
    endloop
  endfacet
  facet normal -1 -0 0
    outer loop
      vertex -47 5 3
      vertex -47 1 0
      vertex -47 1 3
    endloop
  endfacet
  facet normal 1 -0 0
    outer loop
      vertex -53 1 3
      vertex -53 5 0
      vertex -53 5 3
    endloop
  endfacet
  facet normal 1 0 0
    outer loop
      vertex -53 5 0
      vertex -53 1 3
      vertex -53 1 0
    endloop
  endfacet
  facet normal 0 -1 0
    outer loop
      vertex -53 5 0
      vertex -47 5 3
      vertex -53 5 3
    endloop
  endfacet
  facet normal 0 -1 -0
    outer loop
      vertex -47 5 3
      vertex -53 5 0
      vertex -47 5 0
    endloop
  endfacet
  facet normal 0 1 -0
    outer loop
      vertex -47 1 0
      vertex -53 1 3
      vertex -47 1 3
    endloop
  endfacet
  facet normal 0 1 0
    outer loop
      vertex -53 1 3
      vertex -47 1 0
      vertex -53 1 0
    endloop
  endfacet
  facet normal -1 0 0
    outer loop
      vertex -47 95.6 0
      vertex -47 99.6 3
      vertex -47 99.6 0
    endloop
  endfacet
  facet normal -1 -0 0
    outer loop
      vertex -47 99.6 3
      vertex -47 95.6 0
      vertex -47 95.6 3
    endloop
  endfacet
  facet normal 1 -0 0
    outer loop
      vertex -53 95.6 3
      vertex -53 99.6 0
      vertex -53 99.6 3
    endloop
  endfacet
  facet normal 1 0 0
    outer loop
      vertex -53 99.6 0
      vertex -53 95.6 3
      vertex -53 95.6 0
    endloop
  endfacet
  facet normal 0 -1 0
    outer loop
      vertex -53 99.6 0
      vertex -47 99.6 3
      vertex -53 99.6 3
    endloop
  endfacet
  facet normal 0 -1 -0
    outer loop
      vertex -47 99.6 3
      vertex -53 99.6 0
      vertex -47 99.6 0
    endloop
  endfacet
  facet normal 0 1 -0
    outer loop
      vertex -47 95.6 0
      vertex -53 95.6 3
      vertex -47 95.6 3
    endloop
  endfacet
  facet normal 0 1 0
    outer loop
      vertex -53 95.6 3
      vertex -47 95.6 0
      vertex -53 95.6 0
    endloop
  endfacet
  facet normal -1 0 0
    outer loop
      vertex 53 1 0
      vertex 53 5 3
      vertex 53 5 0
    endloop
  endfacet
  facet normal -1 -0 0
    outer loop
      vertex 53 5 3
      vertex 53 1 0
      vertex 53 1 3
    endloop
  endfacet
  facet normal 1 -0 0
    outer loop
      vertex 47 1 3
      vertex 47 5 0
      vertex 47 5 3
    endloop
  endfacet
  facet normal 1 0 0
    outer loop
      vertex 47 5 0
      vertex 47 1 3
      vertex 47 1 0
    endloop
  endfacet
  facet normal 0 -1 0
    outer loop
      vertex 47 5 0
      vertex 53 5 3
      vertex 47 5 3
    endloop
  endfacet
  facet normal 0 -1 -0
    outer loop
      vertex 53 5 3
      vertex 47 5 0
      vertex 53 5 0
    endloop
  endfacet
  facet normal 0 1 -0
    outer loop
      vertex 53 1 0
      vertex 47 1 3
      vertex 53 1 3
    endloop
  endfacet
  facet normal 0 1 0
    outer loop
      vertex 47 1 3
      vertex 53 1 0
      vertex 47 1 0
    endloop
  endfacet
  facet normal -1 0 0
    outer loop
      vertex 53 95.6 0
      vertex 53 99.6 3
      vertex 53 99.6 0
    endloop
  endfacet
  facet normal -1 -0 0
    outer loop
      vertex 53 99.6 3
      vertex 53 95.6 0
      vertex 53 95.6 3
    endloop
  endfacet
  facet normal 1 -0 0
    outer loop
      vertex 47 95.6 3
      vertex 47 99.6 0
      vertex 47 99.6 3
    endloop
  endfacet
  facet normal 1 0 0
    outer loop
      vertex 47 99.6 0
      vertex 47 95.6 3
      vertex 47 95.6 0
    endloop
  endfacet
  facet normal 0 -1 0
    outer loop
      vertex 47 99.6 0
      vertex 53 99.6 3
      vertex 47 99.6 3
    endloop
  endfacet
  facet normal 0 -1 -0
    outer loop
      vertex 53 99.6 3
      vertex 47 99.6 0
      vertex 53 99.6 0
    endloop
  endfacet
  facet normal 0 1 -0
    outer loop
      vertex 53 95.6 0
      vertex 47 95.6 3
      vertex 53 95.6 3
    endloop
  endfacet
  facet normal 0 1 0
    outer loop
      vertex 47 95.6 3
      vertex 53 95.6 0
      vertex 47 95.6 0
    endloop
  endfacet
  facet normal -1 0 0
    outer loop
      vertex -94 100.6 0
      vertex -94 101 3
      vertex -94 101 0.4
    endloop
  endfacet
  facet normal -1 0 0
    outer loop
      vertex -94 100.6 0
      vertex -94 92 3
      vertex -94 101 3
    endloop
  endfacet
  facet normal -1 0 0
    outer loop
      vertex -94 88 0
      vertex -94 92 3
      vertex -94 100.6 0
    endloop
  endfacet
  facet normal -1 0 0
    outer loop
      vertex -94 88 8
      vertex -94 92 3
      vertex -94 88 0
    endloop
  endfacet
  facet normal -1 0 0
    outer loop
      vertex -94 92 3
      vertex -94 88 8
      vertex -94 92 8
    endloop
  endfacet
  facet normal 0 1 0
    outer loop
      vertex -94 88 8
      vertex -95 88 3
      vertex -95 88 8
    endloop
  endfacet
  facet normal 0 1 0
    outer loop
      vertex -94 88 0
      vertex -95.5 88 3
      vertex -95 88 3
    endloop
  endfacet
  facet normal 0 1 0
    outer loop
      vertex -95.5 88 3
      vertex -94 88 0
      vertex -97.5 88 3
    endloop
  endfacet
  facet normal 0 1 0
    outer loop
      vertex -97.5 88 3
      vertex -109.75 88 0
      vertex -110.15 88 3
    endloop
  endfacet
  facet normal 0 1 -0
    outer loop
      vertex -94 88 0
      vertex -95 88 3
      vertex -94 88 8
    endloop
  endfacet
  facet normal 0 1 0
    outer loop
      vertex -97.5 88 3
      vertex -94 88 0
      vertex -109.75 88 0
    endloop
  endfacet
  facet normal 0 1 0
    outer loop
      vertex -110.15 88 3
      vertex -109.75 88 0
      vertex -110.15 88 0.4
    endloop
  endfacet
  facet normal 0 1 -0
    outer loop
      vertex -95.5 88 3
      vertex -97.5 88 11
      vertex -95.5 88 11
    endloop
  endfacet
  facet normal 0 1 0
    outer loop
      vertex -97.5 88 11
      vertex -95.5 88 3
      vertex -97.5 88 3
    endloop
  endfacet
  facet normal 1 0 0
    outer loop
      vertex 94 92 8
      vertex 94 88 8
      vertex 94 92 3
    endloop
  endfacet
  facet normal 1 0 0
    outer loop
      vertex 94 101 3
      vertex 94 100.6 0
      vertex 94 101 0.4
    endloop
  endfacet
  facet normal 1 -0 0
    outer loop
      vertex 94 92 3
      vertex 94 100.6 0
      vertex 94 101 3
    endloop
  endfacet
  facet normal 1 0 0
    outer loop
      vertex 94 92 3
      vertex 94 88 0
      vertex 94 100.6 0
    endloop
  endfacet
  facet normal 1 0 0
    outer loop
      vertex 94 88 0
      vertex 94 92 3
      vertex 94 88 8
    endloop
  endfacet
  facet normal 0 1 0
    outer loop
      vertex 109.75 88 0
      vertex 110.15 88 3
      vertex 110.15 88 0.4
    endloop
  endfacet
  facet normal 0 1 0
    outer loop
      vertex 97.5 88 11
      vertex 95.5 88 8
      vertex 95.5 88 11
    endloop
  endfacet
  facet normal 0 1 -0
    outer loop
      vertex 97.5 88 3
      vertex 95.5 88 8
      vertex 97.5 88 11
    endloop
  endfacet
  facet normal 0 1 0
    outer loop
      vertex 97.5 88 3
      vertex 94 88 8
      vertex 95.5 88 8
    endloop
  endfacet
  facet normal 0 1 0
    outer loop
      vertex 110.15 88 3
      vertex 109.75 88 0
      vertex 97.5 88 3
    endloop
  endfacet
  facet normal 0 1 0
    outer loop
      vertex 97.5 88 3
      vertex 94 88 0
      vertex 94 88 8
    endloop
  endfacet
  facet normal 0 1 0
    outer loop
      vertex 94 88 0
      vertex 97.5 88 3
      vertex 109.75 88 0
    endloop
  endfacet
endsolid OpenSCAD_Model
