solid OpenSCAD_Model
  facet normal 1 -0 0
    outer loop
      vertex -39.79 16.8 37
      vertex -39.79 27.2 28.41
      vertex -39.79 27.2 37
    endloop
  endfacet
  facet normal 1 0 0
    outer loop
      vertex -39.79 27.2 28.41
      vertex -39.79 16.8 37
      vertex -39.79 16.8 28.41
    endloop
  endfacet
  facet normal 1 -0 0
    outer loop
      vertex -39.79 16.8 25.028
      vertex -39.79 27.2 24.5
      vertex -39.79 27.2 25.028
    endloop
  endfacet
  facet normal 1 0 0
    outer loop
      vertex -39.79 27.2 24.5
      vertex -39.79 16.8 25.028
      vertex -39.79 16.8 24.5
    endloop
  endfacet
  facet normal 0 0 1
    outer loop
      vertex -36.9 27.2 24.5
      vertex -39.79 27.2 24.5
      vertex -36.9 19.2578 24.5
    endloop
  endfacet
  facet normal 0 0 1
    outer loop
      vertex -39.79 16.8 24.5
      vertex -36.89 19.1 24.5
      vertex -36.9 19.2578 24.5
    endloop
  endfacet
  facet normal 0 0 1
    outer loop
      vertex -39.79 16.8 24.5
      vertex -36.9 19.2578 24.5
      vertex -39.79 27.2 24.5
    endloop
  endfacet
  facet normal 0 0 1
    outer loop
      vertex -36.89 19.1 24.5
      vertex -39.79 16.8 24.5
      vertex -36.89 16.8 24.5
    endloop
  endfacet
  facet normal -1 0 0
    outer loop
      vertex -36.89 16.8 37
      vertex -36.89 19.1 24.5
      vertex -36.89 16.8 24.5
    endloop
  endfacet
  facet normal -1 0 0
    outer loop
      vertex -36.89 19.1 24.5
      vertex -36.89 16.8 37
      vertex -36.89 22.4493 37
    endloop
  endfacet
  facet normal 0 -1 0
    outer loop
      vertex -39.79 27.2 28.41
      vertex -36.9 27.2 37
      vertex -39.79 27.2 37
    endloop
  endfacet
  facet normal 0 -1 0
    outer loop
      vertex -40.6 27.2 26
      vertex -39.79 27.2 28.41
      vertex -40.6 27.2 27.6
    endloop
  endfacet
  facet normal 0 -1 0
    outer loop
      vertex -39.79 27.2 25.028
      vertex -39.79 27.2 28.41
      vertex -40.6 27.2 26
    endloop
  endfacet
  facet normal 0 -1 0
    outer loop
      vertex -39.79 27.2 28.41
      vertex -39.79 27.2 25.028
      vertex -36.9 27.2 24.5
    endloop
  endfacet
  facet normal 0 -1 0
    outer loop
      vertex -36.9 27.2 24.5
      vertex -39.79 27.2 25.028
      vertex -39.79 27.2 24.5
    endloop
  endfacet
  facet normal 0 -1 0
    outer loop
      vertex -39.79 27.2 28.41
      vertex -36.9 27.2 24.5
      vertex -36.9 27.2 37
    endloop
  endfacet
  facet normal 0 1 0
    outer loop
      vertex -36.89 16.8 37
      vertex -39.79 16.8 28.41
      vertex -39.79 16.8 37
    endloop
  endfacet
  facet normal 0 1 0
    outer loop
      vertex -39.79 16.8 28.41
      vertex -40.6 16.8 26
      vertex -40.6 16.8 27.6
    endloop
  endfacet
  facet normal 0 1 -0
    outer loop
      vertex -36.89 16.8 24.5
      vertex -39.79 16.8 28.41
      vertex -36.89 16.8 37
    endloop
  endfacet
  facet normal -0 1 0
    outer loop
      vertex -39.79 16.8 25.028
      vertex -39.79 16.8 28.41
      vertex -36.89 16.8 24.5
    endloop
  endfacet
  facet normal 0 1 0
    outer loop
      vertex -39.79 16.8 28.41
      vertex -39.79 16.8 25.028
      vertex -40.6 16.8 26
    endloop
  endfacet
  facet normal 0 1 0
    outer loop
      vertex -39.79 16.8 25.028
      vertex -36.89 16.8 24.5
      vertex -39.79 16.8 24.5
    endloop
  endfacet
  facet normal 0.768221 -0 0.640184
    outer loop
      vertex -40.6 16.8 26
      vertex -39.79 27.2 25.028
      vertex -40.6 27.2 26
    endloop
  endfacet
  facet normal 0.768221 0 0.640184
    outer loop
      vertex -39.79 27.2 25.028
      vertex -40.6 16.8 26
      vertex -39.79 16.8 25.028
    endloop
  endfacet
  facet normal 0.707107 0 -0.707107
    outer loop
      vertex -39.79 16.8 28.41
      vertex -40.6 27.2 27.6
      vertex -39.79 27.2 28.41
    endloop
  endfacet
  facet normal 0.707107 0 -0.707107
    outer loop
      vertex -40.6 27.2 27.6
      vertex -39.79 16.8 28.41
      vertex -40.6 16.8 27.6
    endloop
  endfacet
  facet normal 1 -0 0
    outer loop
      vertex -40.6 16.8 27.6
      vertex -40.6 27.2 26
      vertex -40.6 27.2 27.6
    endloop
  endfacet
  facet normal 1 0 0
    outer loop
      vertex -40.6 27.2 26
      vertex -40.6 16.8 27.6
      vertex -40.6 16.8 26
    endloop
  endfacet
  facet normal -0 0 1
    outer loop
      vertex -42.9 26 35.8
      vertex -41.7 18 35.8
      vertex -41.7 26 35.8
    endloop
  endfacet
  facet normal 0 0 1
    outer loop
      vertex -41.7 18 35.8
      vertex -42.9 26 35.8
      vertex -42.9 18 35.8
    endloop
  endfacet
  facet normal -1 0 0
    outer loop
      vertex -41.7 18 35.8
      vertex -41.7 26 37
      vertex -41.7 26 35.8
    endloop
  endfacet
  facet normal -1 -0 0
    outer loop
      vertex -41.7 26 37
      vertex -41.7 18 35.8
      vertex -41.7 18 37
    endloop
  endfacet
  facet normal 0 -1 0
    outer loop
      vertex -42.9 26 35.8
      vertex -41.7 26 37
      vertex -42.9 26 37
    endloop
  endfacet
  facet normal 0 -1 -0
    outer loop
      vertex -41.7 26 37
      vertex -42.9 26 35.8
      vertex -41.7 26 35.8
    endloop
  endfacet
  facet normal 0 1 -0
    outer loop
      vertex -41.7 18 35.8
      vertex -42.9 18 37
      vertex -41.7 18 37
    endloop
  endfacet
  facet normal 0 1 0
    outer loop
      vertex -42.9 18 37
      vertex -41.7 18 35.8
      vertex -42.9 18 35.8
    endloop
  endfacet
  facet normal -1 0 0
    outer loop
      vertex 39.79 16.8 28.41
      vertex 39.79 27.2 37
      vertex 39.79 27.2 28.41
    endloop
  endfacet
  facet normal -1 -0 0
    outer loop
      vertex 39.79 27.2 37
      vertex 39.79 16.8 28.41
      vertex 39.79 16.8 37
    endloop
  endfacet
  facet normal -1 0 0
    outer loop
      vertex 39.79 16.8 24.5
      vertex 39.79 27.2 25.028
      vertex 39.79 27.2 24.5
    endloop
  endfacet
  facet normal -1 -0 0
    outer loop
      vertex 39.79 27.2 25.028
      vertex 39.79 16.8 24.5
      vertex 39.79 16.8 25.028
    endloop
  endfacet
  facet normal 0 0 1
    outer loop
      vertex 36.9 19.2578 24.5
      vertex 39.79 27.2 24.5
      vertex 36.9 27.2 24.5
    endloop
  endfacet
  facet normal 0 0 1
    outer loop
      vertex 39.79 27.2 24.5
      vertex 36.9 19.2578 24.5
      vertex 39.79 16.8 24.5
    endloop
  endfacet
  facet normal -0 0 1
    outer loop
      vertex 36.89 19.1 24.5
      vertex 39.79 16.8 24.5
      vertex 36.9 19.2578 24.5
    endloop
  endfacet
  facet normal 0 0 1
    outer loop
      vertex 39.79 16.8 24.5
      vertex 36.89 19.1 24.5
      vertex 36.89 16.8 24.5
    endloop
  endfacet
  facet normal 1 -0 0
    outer loop
      vertex 36.89 16.8 37
      vertex 36.89 19.1 24.5
      vertex 36.89 22.4493 37
    endloop
  endfacet
  facet normal 1 0 0
    outer loop
      vertex 36.89 19.1 24.5
      vertex 36.89 16.8 37
      vertex 36.89 16.8 24.5
    endloop
  endfacet
  facet normal 0 -1 0
    outer loop
      vertex 36.9 27.2 37
      vertex 39.79 27.2 28.41
      vertex 39.79 27.2 37
    endloop
  endfacet
  facet normal 0 -1 0
    outer loop
      vertex 39.79 27.2 28.41
      vertex 40.6 27.2 26
      vertex 40.6 27.2 27.6
    endloop
  endfacet
  facet normal 0 -1 0
    outer loop
      vertex 36.9 27.2 24.5
      vertex 39.79 27.2 28.41
      vertex 36.9 27.2 37
    endloop
  endfacet
  facet normal -0 -1 0
    outer loop
      vertex 39.79 27.2 25.028
      vertex 39.79 27.2 28.41
      vertex 36.9 27.2 24.5
    endloop
  endfacet
  facet normal 0 -1 0
    outer loop
      vertex 39.79 27.2 28.41
      vertex 39.79 27.2 25.028
      vertex 40.6 27.2 26
    endloop
  endfacet
  facet normal 0 -1 -0
    outer loop
      vertex 39.79 27.2 25.028
      vertex 36.9 27.2 24.5
      vertex 39.79 27.2 24.5
    endloop
  endfacet
  facet normal 0 1 -0
    outer loop
      vertex 39.79 16.8 28.41
      vertex 36.89 16.8 37
      vertex 39.79 16.8 37
    endloop
  endfacet
  facet normal 0 1 -0
    outer loop
      vertex 40.6 16.8 26
      vertex 39.79 16.8 28.41
      vertex 40.6 16.8 27.6
    endloop
  endfacet
  facet normal 0 1 0
    outer loop
      vertex 39.79 16.8 25.028
      vertex 39.79 16.8 28.41
      vertex 40.6 16.8 26
    endloop
  endfacet
  facet normal 0 1 0
    outer loop
      vertex 39.79 16.8 28.41
      vertex 39.79 16.8 25.028
      vertex 36.89 16.8 24.5
    endloop
  endfacet
  facet normal 0 1 0
    outer loop
      vertex 36.89 16.8 24.5
      vertex 39.79 16.8 25.028
      vertex 39.79 16.8 24.5
    endloop
  endfacet
  facet normal 0 1 0
    outer loop
      vertex 39.79 16.8 28.41
      vertex 36.89 16.8 24.5
      vertex 36.89 16.8 37
    endloop
  endfacet
  facet normal -0.768221 0 0.640184
    outer loop
      vertex 39.79 16.8 25.028
      vertex 40.6 27.2 26
      vertex 39.79 27.2 25.028
    endloop
  endfacet
  facet normal -0.768221 0 0.640184
    outer loop
      vertex 40.6 27.2 26
      vertex 39.79 16.8 25.028
      vertex 40.6 16.8 26
    endloop
  endfacet
  facet normal -0.707107 0 -0.707107
    outer loop
      vertex 40.6 16.8 27.6
      vertex 39.79 27.2 28.41
      vertex 40.6 27.2 27.6
    endloop
  endfacet
  facet normal -0.707107 -0 -0.707107
    outer loop
      vertex 39.79 27.2 28.41
      vertex 40.6 16.8 27.6
      vertex 39.79 16.8 28.41
    endloop
  endfacet
  facet normal -1 0 0
    outer loop
      vertex 40.6 16.8 26
      vertex 40.6 27.2 27.6
      vertex 40.6 27.2 26
    endloop
  endfacet
  facet normal -1 -0 0
    outer loop
      vertex 40.6 27.2 27.6
      vertex 40.6 16.8 26
      vertex 40.6 16.8 27.6
    endloop
  endfacet
  facet normal -0 0 1
    outer loop
      vertex 41.7 26 35.8
      vertex 42.9 18 35.8
      vertex 42.9 26 35.8
    endloop
  endfacet
  facet normal 0 0 1
    outer loop
      vertex 42.9 18 35.8
      vertex 41.7 26 35.8
      vertex 41.7 18 35.8
    endloop
  endfacet
  facet normal 1 -0 0
    outer loop
      vertex 41.7 18 37
      vertex 41.7 26 35.8
      vertex 41.7 26 37
    endloop
  endfacet
  facet normal 1 0 0
    outer loop
      vertex 41.7 26 35.8
      vertex 41.7 18 37
      vertex 41.7 18 35.8
    endloop
  endfacet
  facet normal 0 -1 0
    outer loop
      vertex 41.7 26 35.8
      vertex 42.9 26 37
      vertex 41.7 26 37
    endloop
  endfacet
  facet normal 0 -1 -0
    outer loop
      vertex 42.9 26 37
      vertex 41.7 26 35.8
      vertex 42.9 26 35.8
    endloop
  endfacet
  facet normal 0 1 -0
    outer loop
      vertex 42.9 18 35.8
      vertex 41.7 18 37
      vertex 42.9 18 37
    endloop
  endfacet
  facet normal 0 1 0
    outer loop
      vertex 41.7 18 37
      vertex 42.9 18 35.8
      vertex 41.7 18 35.8
    endloop
  endfacet
  facet normal 0.997872 0 -0.0652057
    outer loop
      vertex -17.6855 0 28.2219
      vertex -17.7 4 28
      vertex -17.6855 4 28.2219
    endloop
  endfacet
  facet normal 0.997872 0 -0.0652057
    outer loop
      vertex -17.7 4 28
      vertex -17.6855 0 28.2219
      vertex -17.7 0 28
    endloop
  endfacet
  facet normal -0.997872 0 0.0652057
    outer loop
      vertex -14.3145 0 27.7781
      vertex -14.3 4 28
      vertex -14.3145 4 27.7781
    endloop
  endfacet
  facet normal -0.997872 0 0.0652057
    outer loop
      vertex -14.3 4 28
      vertex -14.3145 0 27.7781
      vertex -14.3 0 28
    endloop
  endfacet
  facet normal 0.751908 0 -0.659268
    outer loop
      vertex -17.2021 0 29.2021
      vertex -17.3487 4 29.0349
      vertex -17.2021 4 29.2021
    endloop
  endfacet
  facet normal 0.751908 0 -0.659268
    outer loop
      vertex -17.3487 4 29.0349
      vertex -17.2021 0 29.2021
      vertex -17.3487 0 29.0349
    endloop
  endfacet
  facet normal -0.896754 0 -0.44253
    outer loop
      vertex -14.4294 0 28.6506
      vertex -14.5278 4 28.85
      vertex -14.4294 4 28.6506
    endloop
  endfacet
  facet normal -0.896754 -0 -0.44253
    outer loop
      vertex -14.5278 4 28.85
      vertex -14.4294 0 28.6506
      vertex -14.5278 0 28.85
    endloop
  endfacet
  facet normal 0.751908 -0 0.659268
    outer loop
      vertex -17.3487 0 26.9651
      vertex -17.2021 4 26.7979
      vertex -17.3487 4 26.9651
    endloop
  endfacet
  facet normal 0.751908 0 0.659268
    outer loop
      vertex -17.2021 4 26.7979
      vertex -17.3487 0 26.9651
      vertex -17.2021 0 26.7979
    endloop
  endfacet
  facet normal -0.195165 0 0.98077
    outer loop
      vertex -15.7781 4 26.3145
      vertex -15.56 0 26.3579
      vertex -15.56 4 26.3579
    endloop
  endfacet
  facet normal -0.195165 0 0.98077
    outer loop
      vertex -15.56 0 26.3579
      vertex -15.7781 4 26.3145
      vertex -15.7781 0 26.3145
    endloop
  endfacet
  facet normal 0.707077 0 -0.707136
    outer loop
      vertex -17.2021 0 29.2021
      vertex -16 4 30.4041
      vertex -16 0 30.4041
    endloop
  endfacet
  facet normal 0.707077 0 -0.707136
    outer loop
      vertex -16 4 30.4041
      vertex -17.2021 0 29.2021
      vertex -17.2021 4 29.2021
    endloop
  endfacet
  facet normal -0.98077 0 -0.195165
    outer loop
      vertex -14.3145 0 28.2219
      vertex -14.3579 4 28.44
      vertex -14.3145 4 28.2219
    endloop
  endfacet
  facet normal -0.98077 -0 -0.195165
    outer loop
      vertex -14.3579 4 28.44
      vertex -14.3145 0 28.2219
      vertex -14.3579 0 28.44
    endloop
  endfacet
  facet normal -0.98077 0 0.195165
    outer loop
      vertex -14.3579 0 27.56
      vertex -14.3145 4 27.7781
      vertex -14.3579 4 27.56
    endloop
  endfacet
  facet normal -0.98077 0 0.195165
    outer loop
      vertex -14.3145 4 27.7781
      vertex -14.3579 0 27.56
      vertex -14.3145 0 27.7781
    endloop
  endfacet
  facet normal -0.946915 0 -0.321484
    outer loop
      vertex -14.3579 0 28.44
      vertex -14.4294 4 28.6506
      vertex -14.3579 4 28.44
    endloop
  endfacet
  facet normal -0.946915 -0 -0.321484
    outer loop
      vertex -14.4294 4 28.6506
      vertex -14.3579 0 28.44
      vertex -14.4294 0 28.6506
    endloop
  endfacet
  facet normal 0.831566 0 -0.555426
    outer loop
      vertex -17.3487 0 29.0349
      vertex -17.4722 4 28.85
      vertex -17.3487 4 29.0349
    endloop
  endfacet
  facet normal 0.831566 0 -0.555426
    outer loop
      vertex -17.4722 4 28.85
      vertex -17.3487 0 29.0349
      vertex -17.4722 0 28.85
    endloop
  endfacet
  facet normal -0.997872 0 -0.0652057
    outer loop
      vertex -14.3 0 28
      vertex -14.3145 4 28.2219
      vertex -14.3 4 28
    endloop
  endfacet
  facet normal -0.997872 -0 -0.0652057
    outer loop
      vertex -14.3145 4 28.2219
      vertex -14.3 0 28
      vertex -14.3145 0 28.2219
    endloop
  endfacet
  facet normal 0.896754 0 -0.44253
    outer loop
      vertex -17.4722 0 28.85
      vertex -17.5706 4 28.6506
      vertex -17.4722 4 28.85
    endloop
  endfacet
  facet normal 0.896754 0 -0.44253
    outer loop
      vertex -17.5706 4 28.6506
      vertex -17.4722 0 28.85
      vertex -17.5706 0 28.6506
    endloop
  endfacet
  facet normal -0.44253 0 0.896754
    outer loop
      vertex -15.3494 4 26.4294
      vertex -15.15 0 26.5278
      vertex -15.15 4 26.5278
    endloop
  endfacet
  facet normal -0.44253 0 0.896754
    outer loop
      vertex -15.15 0 26.5278
      vertex -15.3494 4 26.4294
      vertex -15.3494 0 26.4294
    endloop
  endfacet
  facet normal 0.98077 0 -0.195165
    outer loop
      vertex -17.6421 0 28.44
      vertex -17.6855 4 28.2219
      vertex -17.6421 4 28.44
    endloop
  endfacet
  facet normal 0.98077 0 -0.195165
    outer loop
      vertex -17.6855 4 28.2219
      vertex -17.6421 0 28.44
      vertex -17.6855 0 28.2219
    endloop
  endfacet
  facet normal -0.659268 0 0.751908
    outer loop
      vertex -14.9651 4 26.6513
      vertex -14.7979 0 26.7979
      vertex -14.7979 4 26.7979
    endloop
  endfacet
  facet normal -0.659268 0 0.751908
    outer loop
      vertex -14.7979 0 26.7979
      vertex -14.9651 4 26.6513
      vertex -14.9651 0 26.6513
    endloop
  endfacet
  facet normal -0.707077 0 -0.707136
    outer loop
      vertex -16 0 30.4041
      vertex -14.7979 4 29.2021
      vertex -14.7979 0 29.2021
    endloop
  endfacet
  facet normal -0.707077 0 -0.707136
    outer loop
      vertex -14.7979 4 29.2021
      vertex -16 0 30.4041
      vertex -16 4 30.4041
    endloop
  endfacet
  facet normal -0.321484 0 0.946915
    outer loop
      vertex -15.56 4 26.3579
      vertex -15.3494 0 26.4294
      vertex -15.3494 4 26.4294
    endloop
  endfacet
  facet normal -0.321484 0 0.946915
    outer loop
      vertex -15.3494 0 26.4294
      vertex -15.56 4 26.3579
      vertex -15.56 0 26.3579
    endloop
  endfacet
  facet normal 0.555426 0 0.831566
    outer loop
      vertex -17.0349 4 26.6513
      vertex -16.85 0 26.5278
      vertex -16.85 4 26.5278
    endloop
  endfacet
  facet normal 0.555426 0 0.831566
    outer loop
      vertex -16.85 0 26.5278
      vertex -17.0349 4 26.6513
      vertex -17.0349 0 26.6513
    endloop
  endfacet
  facet normal -0.751908 0 -0.659268
    outer loop
      vertex -14.6513 0 29.0349
      vertex -14.7979 4 29.2021
      vertex -14.6513 4 29.0349
    endloop
  endfacet
  facet normal -0.751908 -0 -0.659268
    outer loop
      vertex -14.7979 4 29.2021
      vertex -14.6513 0 29.0349
      vertex -14.7979 0 29.2021
    endloop
  endfacet
  facet normal -0.831566 0 -0.555426
    outer loop
      vertex -14.5278 0 28.85
      vertex -14.6513 4 29.0349
      vertex -14.5278 4 28.85
    endloop
  endfacet
  facet normal -0.831566 -0 -0.555426
    outer loop
      vertex -14.6513 4 29.0349
      vertex -14.5278 0 28.85
      vertex -14.6513 0 29.0349
    endloop
  endfacet
  facet normal -0.555426 0 0.831566
    outer loop
      vertex -15.15 4 26.5278
      vertex -14.9651 0 26.6513
      vertex -14.9651 4 26.6513
    endloop
  endfacet
  facet normal -0.555426 0 0.831566
    outer loop
      vertex -14.9651 0 26.6513
      vertex -15.15 4 26.5278
      vertex -15.15 0 26.5278
    endloop
  endfacet
  facet normal 0 -1 0
    outer loop
      vertex -17.2021 4 29.2021
      vertex -14.7979 4 29.2021
      vertex -16 4 30.4041
    endloop
  endfacet
  facet normal 0 -1 0
    outer loop
      vertex -17.3487 4 29.0349
      vertex -14.7979 4 29.2021
      vertex -17.2021 4 29.2021
    endloop
  endfacet
  facet normal 0 -1 0
    outer loop
      vertex -17.3487 4 29.0349
      vertex -14.6513 4 29.0349
      vertex -14.7979 4 29.2021
    endloop
  endfacet
  facet normal 0 -1 0
    outer loop
      vertex -17.4722 4 28.85
      vertex -14.6513 4 29.0349
      vertex -17.3487 4 29.0349
    endloop
  endfacet
  facet normal 0 -1 0
    outer loop
      vertex -17.4722 4 28.85
      vertex -14.5278 4 28.85
      vertex -14.6513 4 29.0349
    endloop
  endfacet
  facet normal 0 -1 0
    outer loop
      vertex -17.5706 4 28.6506
      vertex -14.5278 4 28.85
      vertex -17.4722 4 28.85
    endloop
  endfacet
  facet normal 0 -1 0
    outer loop
      vertex -17.5706 4 28.6506
      vertex -14.4294 4 28.6506
      vertex -14.5278 4 28.85
    endloop
  endfacet
  facet normal 0 -1 0
    outer loop
      vertex -17.6421 4 28.44
      vertex -14.4294 4 28.6506
      vertex -17.5706 4 28.6506
    endloop
  endfacet
  facet normal 0 -1 0
    outer loop
      vertex -17.6421 4 28.44
      vertex -14.3579 4 28.44
      vertex -14.4294 4 28.6506
    endloop
  endfacet
  facet normal 0 -1 0
    outer loop
      vertex -17.6855 4 28.2219
      vertex -14.3579 4 28.44
      vertex -17.6421 4 28.44
    endloop
  endfacet
  facet normal 0 -1 0
    outer loop
      vertex -17.6855 4 28.2219
      vertex -14.3145 4 28.2219
      vertex -14.3579 4 28.44
    endloop
  endfacet
  facet normal 0 -1 0
    outer loop
      vertex -17.7 4 28
      vertex -14.3145 4 28.2219
      vertex -17.6855 4 28.2219
    endloop
  endfacet
  facet normal 0 -1 0
    outer loop
      vertex -17.7 4 28
      vertex -14.3 4 28
      vertex -14.3145 4 28.2219
    endloop
  endfacet
  facet normal 0 -1 0
    outer loop
      vertex -17.6855 4 27.7781
      vertex -14.3 4 28
      vertex -17.7 4 28
    endloop
  endfacet
  facet normal 0 -1 0
    outer loop
      vertex -17.6855 4 27.7781
      vertex -14.3145 4 27.7781
      vertex -14.3 4 28
    endloop
  endfacet
  facet normal 0 -1 0
    outer loop
      vertex -17.6421 4 27.56
      vertex -14.3145 4 27.7781
      vertex -17.6855 4 27.7781
    endloop
  endfacet
  facet normal 0 -1 0
    outer loop
      vertex -17.6421 4 27.56
      vertex -14.3579 4 27.56
      vertex -14.3145 4 27.7781
    endloop
  endfacet
  facet normal 0 -1 0
    outer loop
      vertex -17.5706 4 27.3494
      vertex -14.3579 4 27.56
      vertex -17.6421 4 27.56
    endloop
  endfacet
  facet normal 0 -1 0
    outer loop
      vertex -17.5706 4 27.3494
      vertex -14.4294 4 27.3494
      vertex -14.3579 4 27.56
    endloop
  endfacet
  facet normal 0 -1 0
    outer loop
      vertex -17.4722 4 27.15
      vertex -14.4294 4 27.3494
      vertex -17.5706 4 27.3494
    endloop
  endfacet
  facet normal 0 -1 0
    outer loop
      vertex -17.4722 4 27.15
      vertex -14.5278 4 27.15
      vertex -14.4294 4 27.3494
    endloop
  endfacet
  facet normal 0 -1 0
    outer loop
      vertex -17.3487 4 26.9651
      vertex -14.5278 4 27.15
      vertex -17.4722 4 27.15
    endloop
  endfacet
  facet normal 0 -1 0
    outer loop
      vertex -17.3487 4 26.9651
      vertex -14.6513 4 26.9651
      vertex -14.5278 4 27.15
    endloop
  endfacet
  facet normal 0 -1 0
    outer loop
      vertex -17.2021 4 26.7979
      vertex -14.6513 4 26.9651
      vertex -17.3487 4 26.9651
    endloop
  endfacet
  facet normal 0 -1 0
    outer loop
      vertex -17.2021 4 26.7979
      vertex -14.7979 4 26.7979
      vertex -14.6513 4 26.9651
    endloop
  endfacet
  facet normal 0 -1 0
    outer loop
      vertex -17.0349 4 26.6513
      vertex -14.7979 4 26.7979
      vertex -17.2021 4 26.7979
    endloop
  endfacet
  facet normal 0 -1 0
    outer loop
      vertex -17.0349 4 26.6513
      vertex -14.9651 4 26.6513
      vertex -14.7979 4 26.7979
    endloop
  endfacet
  facet normal 0 -1 0
    outer loop
      vertex -16.85 4 26.5278
      vertex -14.9651 4 26.6513
      vertex -17.0349 4 26.6513
    endloop
  endfacet
  facet normal 0 -1 0
    outer loop
      vertex -16.85 4 26.5278
      vertex -15.15 4 26.5278
      vertex -14.9651 4 26.6513
    endloop
  endfacet
  facet normal 0 -1 0
    outer loop
      vertex -16.6506 4 26.4294
      vertex -15.15 4 26.5278
      vertex -16.85 4 26.5278
    endloop
  endfacet
  facet normal 0 -1 0
    outer loop
      vertex -16.6506 4 26.4294
      vertex -15.3494 4 26.4294
      vertex -15.15 4 26.5278
    endloop
  endfacet
  facet normal 0 -1 0
    outer loop
      vertex -16.44 4 26.3579
      vertex -15.3494 4 26.4294
      vertex -16.6506 4 26.4294
    endloop
  endfacet
  facet normal 0 -1 0
    outer loop
      vertex -16.44 4 26.3579
      vertex -15.56 4 26.3579
      vertex -15.3494 4 26.4294
    endloop
  endfacet
  facet normal 0 -1 0
    outer loop
      vertex -16.2219 4 26.3145
      vertex -15.56 4 26.3579
      vertex -16.44 4 26.3579
    endloop
  endfacet
  facet normal 0 -1 0
    outer loop
      vertex -16.2219 4 26.3145
      vertex -15.7781 4 26.3145
      vertex -15.56 4 26.3579
    endloop
  endfacet
  facet normal -0 -1 0
    outer loop
      vertex -15.7781 4 26.3145
      vertex -16.2219 4 26.3145
      vertex -16 4 26.3
    endloop
  endfacet
  facet normal 0.896754 -0 0.44253
    outer loop
      vertex -17.5706 0 27.3494
      vertex -17.4722 4 27.15
      vertex -17.5706 4 27.3494
    endloop
  endfacet
  facet normal 0.896754 0 0.44253
    outer loop
      vertex -17.4722 4 27.15
      vertex -17.5706 0 27.3494
      vertex -17.4722 0 27.15
    endloop
  endfacet
  facet normal -0.946915 0 0.321484
    outer loop
      vertex -14.4294 0 27.3494
      vertex -14.3579 4 27.56
      vertex -14.4294 4 27.3494
    endloop
  endfacet
  facet normal -0.946915 0 0.321484
    outer loop
      vertex -14.3579 4 27.56
      vertex -14.4294 0 27.3494
      vertex -14.3579 0 27.56
    endloop
  endfacet
  facet normal 0.946915 0 -0.321484
    outer loop
      vertex -17.5706 0 28.6506
      vertex -17.6421 4 28.44
      vertex -17.5706 4 28.6506
    endloop
  endfacet
  facet normal 0.946915 0 -0.321484
    outer loop
      vertex -17.6421 4 28.44
      vertex -17.5706 0 28.6506
      vertex -17.6421 0 28.44
    endloop
  endfacet
  facet normal 0.0652057 0 0.997872
    outer loop
      vertex -16.2219 4 26.3145
      vertex -16 0 26.3
      vertex -16 4 26.3
    endloop
  endfacet
  facet normal 0.0652057 0 0.997872
    outer loop
      vertex -16 0 26.3
      vertex -16.2219 4 26.3145
      vertex -16.2219 0 26.3145
    endloop
  endfacet
  facet normal 0.44253 0 0.896754
    outer loop
      vertex -16.85 4 26.5278
      vertex -16.6506 0 26.4294
      vertex -16.6506 4 26.4294
    endloop
  endfacet
  facet normal 0.44253 0 0.896754
    outer loop
      vertex -16.6506 0 26.4294
      vertex -16.85 4 26.5278
      vertex -16.85 0 26.5278
    endloop
  endfacet
  facet normal 0.195165 0 0.98077
    outer loop
      vertex -16.44 4 26.3579
      vertex -16.2219 0 26.3145
      vertex -16.2219 4 26.3145
    endloop
  endfacet
  facet normal 0.195165 0 0.98077
    outer loop
      vertex -16.2219 0 26.3145
      vertex -16.44 4 26.3579
      vertex -16.44 0 26.3579
    endloop
  endfacet
  facet normal -0.751908 0 0.659268
    outer loop
      vertex -14.7979 0 26.7979
      vertex -14.6513 4 26.9651
      vertex -14.7979 4 26.7979
    endloop
  endfacet
  facet normal -0.751908 0 0.659268
    outer loop
      vertex -14.6513 4 26.9651
      vertex -14.7979 0 26.7979
      vertex -14.6513 0 26.9651
    endloop
  endfacet
  facet normal 0.831566 -0 0.555426
    outer loop
      vertex -17.4722 0 27.15
      vertex -17.3487 4 26.9651
      vertex -17.4722 4 27.15
    endloop
  endfacet
  facet normal 0.831566 0 0.555426
    outer loop
      vertex -17.3487 4 26.9651
      vertex -17.4722 0 27.15
      vertex -17.3487 0 26.9651
    endloop
  endfacet
  facet normal 0.321484 0 0.946915
    outer loop
      vertex -16.6506 4 26.4294
      vertex -16.44 0 26.3579
      vertex -16.44 4 26.3579
    endloop
  endfacet
  facet normal 0.321484 0 0.946915
    outer loop
      vertex -16.44 0 26.3579
      vertex -16.6506 4 26.4294
      vertex -16.6506 0 26.4294
    endloop
  endfacet
  facet normal 0.659268 0 0.751908
    outer loop
      vertex -17.2021 4 26.7979
      vertex -17.0349 0 26.6513
      vertex -17.0349 4 26.6513
    endloop
  endfacet
  facet normal 0.659268 0 0.751908
    outer loop
      vertex -17.0349 0 26.6513
      vertex -17.2021 4 26.7979
      vertex -17.2021 0 26.7979
    endloop
  endfacet
  facet normal -0.0652057 0 0.997872
    outer loop
      vertex -16 4 26.3
      vertex -15.7781 0 26.3145
      vertex -15.7781 4 26.3145
    endloop
  endfacet
  facet normal -0.0652057 0 0.997872
    outer loop
      vertex -15.7781 0 26.3145
      vertex -16 4 26.3
      vertex -16 0 26.3
    endloop
  endfacet
  facet normal -0.896754 0 0.44253
    outer loop
      vertex -14.5278 0 27.15
      vertex -14.4294 4 27.3494
      vertex -14.5278 4 27.15
    endloop
  endfacet
  facet normal -0.896754 0 0.44253
    outer loop
      vertex -14.4294 4 27.3494
      vertex -14.5278 0 27.15
      vertex -14.4294 0 27.3494
    endloop
  endfacet
  facet normal 0.98077 -0 0.195165
    outer loop
      vertex -17.6855 0 27.7781
      vertex -17.6421 4 27.56
      vertex -17.6855 4 27.7781
    endloop
  endfacet
  facet normal 0.98077 0 0.195165
    outer loop
      vertex -17.6421 4 27.56
      vertex -17.6855 0 27.7781
      vertex -17.6421 0 27.56
    endloop
  endfacet
  facet normal 0.997872 -0 0.0652057
    outer loop
      vertex -17.7 0 28
      vertex -17.6855 4 27.7781
      vertex -17.7 4 28
    endloop
  endfacet
  facet normal 0.997872 0 0.0652057
    outer loop
      vertex -17.6855 4 27.7781
      vertex -17.7 0 28
      vertex -17.6855 0 27.7781
    endloop
  endfacet
  facet normal -0.831566 0 0.555426
    outer loop
      vertex -14.6513 0 26.9651
      vertex -14.5278 4 27.15
      vertex -14.6513 4 26.9651
    endloop
  endfacet
  facet normal -0.831566 0 0.555426
    outer loop
      vertex -14.5278 4 27.15
      vertex -14.6513 0 26.9651
      vertex -14.5278 0 27.15
    endloop
  endfacet
  facet normal 0.946915 -0 0.321484
    outer loop
      vertex -17.6421 0 27.56
      vertex -17.5706 4 27.3494
      vertex -17.6421 4 27.56
    endloop
  endfacet
  facet normal 0.946915 0 0.321484
    outer loop
      vertex -17.5706 4 27.3494
      vertex -17.6421 0 27.56
      vertex -17.5706 0 27.3494
    endloop
  endfacet
  facet normal 0.997855 0 -0.0654566
    outer loop
      vertex -19.1726 41.4272 28.4177
      vertex -19.2 44 28
      vertex -19.1726 44 28.4177
    endloop
  endfacet
  facet normal 0.997855 0 -0.0654566
    outer loop
      vertex -19.2 44 28
      vertex -19.1726 41.4272 28.4177
      vertex -19.2 41.3153 28
    endloop
  endfacet
  facet normal -0.997855 0 0.0654566
    outer loop
      vertex -12.8274 44 27.5823
      vertex -12.8 41.3153 28
      vertex -12.8 44 28
    endloop
  endfacet
  facet normal -0.997855 0 0.0654566
    outer loop
      vertex -12.8 41.3153 28
      vertex -12.8274 44 27.5823
      vertex -12.8274 41.2033 27.5823
    endloop
  endfacet
  facet normal 0.751821 0 -0.659367
    outer loop
      vertex -18.2627 41.9216 30.2627
      vertex -18.5387 44 29.948
      vertex -18.2627 44 30.2627
    endloop
  endfacet
  facet normal 0.751821 0 -0.659367
    outer loop
      vertex -18.5387 44 29.948
      vertex -18.2627 41.9216 30.2627
      vertex -18.5387 41.8372 29.948
    endloop
  endfacet
  facet normal -0.751821 0 -0.659367
    outer loop
      vertex -13.4613 44 29.948
      vertex -13.7373 41.9216 30.2627
      vertex -13.7373 44 30.2627
    endloop
  endfacet
  facet normal -0.751821 0 -0.659367
    outer loop
      vertex -13.7373 41.9216 30.2627
      vertex -13.4613 44 29.948
      vertex -13.4613 41.8372 29.948
    endloop
  endfacet
  facet normal -0.442237 0 0.896898
    outer loop
      vertex -14.7754 44 25.0436
      vertex -14.4 40.5727 25.2287
      vertex -14.4 44 25.2287
    endloop
  endfacet
  facet normal -0.442237 0 0.896898
    outer loop
      vertex -14.4 40.5727 25.2287
      vertex -14.7754 44 25.0436
      vertex -14.7754 40.5231 25.0436
    endloop
  endfacet
  facet normal -0.831388 0 -0.555692
    outer loop
      vertex -13.2287 44 29.6
      vertex -13.4613 41.8372 29.948
      vertex -13.4613 44 29.948
    endloop
  endfacet
  facet normal -0.831388 0 -0.555692
    outer loop
      vertex -13.4613 41.8372 29.948
      vertex -13.2287 44 29.6
      vertex -13.2287 41.744 29.6
    endloop
  endfacet
  facet normal 0.707107 0 -0.707107
    outer loop
      vertex -18.2627 44 30.2627
      vertex -16 42.5279 32.5254
      vertex -18.2627 41.9216 30.2627
    endloop
  endfacet
  facet normal 0.707107 0 -0.707107
    outer loop
      vertex -16 42.5279 32.5254
      vertex -18.2627 44 30.2627
      vertex -16 44 32.5254
    endloop
  endfacet
  facet normal 0.194967 0 0.98081
    outer loop
      vertex -16.8282 44 24.909
      vertex -16.4177 40.5 24.8274
      vertex -16.4177 44 24.8274
    endloop
  endfacet
  facet normal 0.194967 0 0.98081
    outer loop
      vertex -16.4177 40.5 24.8274
      vertex -16.8282 44 24.909
      vertex -16.8282 40.5 24.909
    endloop
  endfacet
  facet normal -0.946901 0 0.321526
    outer loop
      vertex -13.0436 44 26.7754
      vertex -12.909 41.0933 27.1718
      vertex -12.909 44 27.1718
    endloop
  endfacet
  facet normal -0.946901 0 0.321526
    outer loop
      vertex -12.909 41.0933 27.1718
      vertex -13.0436 44 26.7754
      vertex -13.0436 40.9871 26.7754
    endloop
  endfacet
  facet normal -0.98081 0 0.194967
    outer loop
      vertex -12.909 44 27.1718
      vertex -12.8274 41.2033 27.5823
      vertex -12.8274 44 27.5823
    endloop
  endfacet
  facet normal -0.98081 0 0.194967
    outer loop
      vertex -12.8274 41.2033 27.5823
      vertex -12.909 44 27.1718
      vertex -12.909 41.0933 27.1718
    endloop
  endfacet
  facet normal -0.946901 0 -0.321526
    outer loop
      vertex -12.909 44 28.8282
      vertex -13.0436 41.6434 29.2246
      vertex -13.0436 44 29.2246
    endloop
  endfacet
  facet normal -0.946901 0 -0.321526
    outer loop
      vertex -13.0436 41.6434 29.2246
      vertex -12.909 44 28.8282
      vertex -12.909 41.5372 28.8282
    endloop
  endfacet
  facet normal 0.831388 0 -0.555692
    outer loop
      vertex -18.5387 41.8372 29.948
      vertex -18.7713 44 29.6
      vertex -18.5387 44 29.948
    endloop
  endfacet
  facet normal 0.831388 0 -0.555692
    outer loop
      vertex -18.7713 44 29.6
      vertex -18.5387 41.8372 29.948
      vertex -18.7713 41.744 29.6
    endloop
  endfacet
  facet normal -0.896898 0 0.442237
    outer loop
      vertex -13.2287 44 26.4
      vertex -13.0436 40.9871 26.7754
      vertex -13.0436 44 26.7754
    endloop
  endfacet
  facet normal -0.896898 0 0.442237
    outer loop
      vertex -13.0436 40.9871 26.7754
      vertex -13.2287 44 26.4
      vertex -13.2287 40.8865 26.4
    endloop
  endfacet
  facet normal -0.707107 0 -0.707107
    outer loop
      vertex -16 42.5279 32.5254
      vertex -13.7373 44 30.2627
      vertex -13.7373 41.9216 30.2627
    endloop
  endfacet
  facet normal -0.707107 0 -0.707107
    outer loop
      vertex -13.7373 44 30.2627
      vertex -16 42.5279 32.5254
      vertex -16 44 32.5254
    endloop
  endfacet
  facet normal 0.896898 -0 0.442237
    outer loop
      vertex -18.9564 40.9871 26.7754
      vertex -18.7713 44 26.4
      vertex -18.9564 44 26.7754
    endloop
  endfacet
  facet normal 0.896898 0 0.442237
    outer loop
      vertex -18.7713 44 26.4
      vertex -18.9564 40.9871 26.7754
      vertex -18.7713 40.8865 26.4
    endloop
  endfacet
  facet normal -0.555692 0 0.831388
    outer loop
      vertex -14.4 44 25.2287
      vertex -14.052 40.635 25.4613
      vertex -14.052 44 25.4613
    endloop
  endfacet
  facet normal -0.555692 0 0.831388
    outer loop
      vertex -14.052 40.635 25.4613
      vertex -14.4 44 25.2287
      vertex -14.4 40.5727 25.2287
    endloop
  endfacet
  facet normal 0.896898 0 -0.442237
    outer loop
      vertex -18.7713 41.744 29.6
      vertex -18.9564 44 29.2246
      vertex -18.7713 44 29.6
    endloop
  endfacet
  facet normal 0.896898 0 -0.442237
    outer loop
      vertex -18.9564 44 29.2246
      vertex -18.7713 41.744 29.6
      vertex -18.9564 41.6434 29.2246
    endloop
  endfacet
  facet normal -0.659367 0 0.751821
    outer loop
      vertex -14.052 44 25.4613
      vertex -13.7373 40.709 25.7373
      vertex -13.7373 44 25.7373
    endloop
  endfacet
  facet normal -0.659367 0 0.751821
    outer loop
      vertex -13.7373 40.709 25.7373
      vertex -14.052 44 25.4613
      vertex -14.052 40.635 25.4613
    endloop
  endfacet
  facet normal 0.98081 0 -0.194967
    outer loop
      vertex -19.091 41.5372 28.8282
      vertex -19.1726 44 28.4177
      vertex -19.091 44 28.8282
    endloop
  endfacet
  facet normal 0.98081 0 -0.194967
    outer loop
      vertex -19.1726 44 28.4177
      vertex -19.091 41.5372 28.8282
      vertex -19.1726 41.4272 28.4177
    endloop
  endfacet
  facet normal -0.321526 0 0.946901
    outer loop
      vertex -15.1718 44 24.909
      vertex -14.7754 40.5231 25.0436
      vertex -14.7754 44 25.0436
    endloop
  endfacet
  facet normal -0.321482 5.58419e-06 0.946916
    outer loop
      vertex -14.7754 40.5231 25.0436
      vertex -15.1718 44 24.909
      vertex -15.0293 40.5 24.9574
    endloop
  endfacet
  facet normal -0.321605 0 0.946874
    outer loop
      vertex -15.0293 40.5 24.9574
      vertex -15.1718 44 24.909
      vertex -15.1718 40.5 24.909
    endloop
  endfacet
  facet normal -0.98081 0 -0.194967
    outer loop
      vertex -12.8274 44 28.4177
      vertex -12.909 41.5372 28.8282
      vertex -12.909 44 28.8282
    endloop
  endfacet
  facet normal -0.98081 0 -0.194967
    outer loop
      vertex -12.909 41.5372 28.8282
      vertex -12.8274 44 28.4177
      vertex -12.8274 41.4272 28.4177
    endloop
  endfacet
  facet normal 0.659367 -0 0.751821
    outer loop
      vertex -18.2627 40.709 25.7373
      vertex -17.948 44 25.4613
      vertex -18.2627 44 25.7373
    endloop
  endfacet
  facet normal 0.659367 0 0.751821
    outer loop
      vertex -17.948 44 25.4613
      vertex -18.2627 40.709 25.7373
      vertex -17.948 40.635 25.4613
    endloop
  endfacet
  facet normal -0.194967 0 0.98081
    outer loop
      vertex -15.5823 44 24.8274
      vertex -15.1718 40.5 24.909
      vertex -15.1718 44 24.909
    endloop
  endfacet
  facet normal -0.194967 0 0.98081
    outer loop
      vertex -15.1718 40.5 24.909
      vertex -15.5823 44 24.8274
      vertex -15.5823 40.5 24.8274
    endloop
  endfacet
  facet normal -0.831388 0 0.555692
    outer loop
      vertex -13.4613 44 26.052
      vertex -13.2287 40.8865 26.4
      vertex -13.2287 44 26.4
    endloop
  endfacet
  facet normal -0.831388 0 0.555692
    outer loop
      vertex -13.2287 40.8865 26.4
      vertex -13.4613 44 26.052
      vertex -13.4613 40.7933 26.052
    endloop
  endfacet
  facet normal 0.946901 0 -0.321526
    outer loop
      vertex -18.9564 41.6434 29.2246
      vertex -19.091 44 28.8282
      vertex -18.9564 44 29.2246
    endloop
  endfacet
  facet normal 0.946901 0 -0.321526
    outer loop
      vertex -19.091 44 28.8282
      vertex -18.9564 41.6434 29.2246
      vertex -19.091 41.5372 28.8282
    endloop
  endfacet
  facet normal -0.896898 0 -0.442237
    outer loop
      vertex -13.0436 44 29.2246
      vertex -13.2287 41.744 29.6
      vertex -13.2287 44 29.6
    endloop
  endfacet
  facet normal -0.896898 0 -0.442237
    outer loop
      vertex -13.2287 41.744 29.6
      vertex -13.0436 44 29.2246
      vertex -13.0436 41.6434 29.2246
    endloop
  endfacet
  facet normal 0.321605 0 0.946874
    outer loop
      vertex -16.8282 44 24.909
      vertex -16.9707 40.5 24.9574
      vertex -16.8282 40.5 24.909
    endloop
  endfacet
  facet normal 0.321526 -0 0.946901
    outer loop
      vertex -17.2246 40.5231 25.0436
      vertex -16.8282 44 24.909
      vertex -17.2246 44 25.0436
    endloop
  endfacet
  facet normal 0.321482 5.58419e-06 0.946916
    outer loop
      vertex -16.8282 44 24.909
      vertex -17.2246 40.5231 25.0436
      vertex -16.9707 40.5 24.9574
    endloop
  endfacet
  facet normal -0.751821 0 0.659367
    outer loop
      vertex -13.7373 44 25.7373
      vertex -13.4613 40.7933 26.052
      vertex -13.4613 44 26.052
    endloop
  endfacet
  facet normal -0.751821 0 0.659367
    outer loop
      vertex -13.4613 40.7933 26.052
      vertex -13.7373 44 25.7373
      vertex -13.7373 40.709 25.7373
    endloop
  endfacet
  facet normal 0.555692 -0 0.831388
    outer loop
      vertex -17.948 40.635 25.4613
      vertex -17.6 44 25.2287
      vertex -17.948 44 25.4613
    endloop
  endfacet
  facet normal 0.555692 0 0.831388
    outer loop
      vertex -17.6 44 25.2287
      vertex -17.948 40.635 25.4613
      vertex -17.6 40.5727 25.2287
    endloop
  endfacet
  facet normal -0.997855 0 -0.0654566
    outer loop
      vertex -12.8 44 28
      vertex -12.8274 41.4272 28.4177
      vertex -12.8274 44 28.4177
    endloop
  endfacet
  facet normal -0.997855 0 -0.0654566
    outer loop
      vertex -12.8274 41.4272 28.4177
      vertex -12.8 44 28
      vertex -12.8 41.3153 28
    endloop
  endfacet
  facet normal 0.831388 -0 0.555692
    outer loop
      vertex -18.7713 40.8865 26.4
      vertex -18.5387 44 26.052
      vertex -18.7713 44 26.4
    endloop
  endfacet
  facet normal 0.831388 0 0.555692
    outer loop
      vertex -18.5387 44 26.052
      vertex -18.7713 40.8865 26.4
      vertex -18.5387 40.7933 26.052
    endloop
  endfacet
  facet normal 0.946901 -0 0.321526
    outer loop
      vertex -19.091 41.0933 27.1718
      vertex -18.9564 44 26.7754
      vertex -19.091 44 27.1718
    endloop
  endfacet
  facet normal 0.946901 0 0.321526
    outer loop
      vertex -18.9564 44 26.7754
      vertex -19.091 41.0933 27.1718
      vertex -18.9564 40.9871 26.7754
    endloop
  endfacet
  facet normal 0.0654566 0 0.997855
    outer loop
      vertex -16.4177 44 24.8274
      vertex -16 40.5 24.8
      vertex -16 44 24.8
    endloop
  endfacet
  facet normal 0.0654566 0 0.997855
    outer loop
      vertex -16 40.5 24.8
      vertex -16.4177 44 24.8274
      vertex -16.4177 40.5 24.8274
    endloop
  endfacet
  facet normal -0.0654566 0 0.997855
    outer loop
      vertex -16 44 24.8
      vertex -15.5823 40.5 24.8274
      vertex -15.5823 44 24.8274
    endloop
  endfacet
  facet normal -0.0654566 0 0.997855
    outer loop
      vertex -15.5823 40.5 24.8274
      vertex -16 44 24.8
      vertex -16 40.5 24.8
    endloop
  endfacet
  facet normal 0.98081 -0 0.194967
    outer loop
      vertex -19.1726 41.2033 27.5823
      vertex -19.091 44 27.1718
      vertex -19.1726 44 27.5823
    endloop
  endfacet
  facet normal 0.98081 0 0.194967
    outer loop
      vertex -19.091 44 27.1718
      vertex -19.1726 41.2033 27.5823
      vertex -19.091 41.0933 27.1718
    endloop
  endfacet
  facet normal 0.997855 -0 0.0654566
    outer loop
      vertex -19.2 41.3153 28
      vertex -19.1726 44 27.5823
      vertex -19.2 44 28
    endloop
  endfacet
  facet normal 0.997855 0 0.0654566
    outer loop
      vertex -19.1726 44 27.5823
      vertex -19.2 41.3153 28
      vertex -19.1726 41.2033 27.5823
    endloop
  endfacet
  facet normal 0.751821 -0 0.659367
    outer loop
      vertex -18.5387 40.7933 26.052
      vertex -18.2627 44 25.7373
      vertex -18.5387 44 26.052
    endloop
  endfacet
  facet normal 0.751821 0 0.659367
    outer loop
      vertex -18.2627 44 25.7373
      vertex -18.5387 40.7933 26.052
      vertex -18.2627 40.709 25.7373
    endloop
  endfacet
  facet normal 0 1 0
    outer loop
      vertex -15.5823 40.5 24.8274
      vertex -15.0293 40.5 24.9574
      vertex -15.1718 40.5 24.909
    endloop
  endfacet
  facet normal 0 1 0
    outer loop
      vertex -15.0293 40.5 24.9574
      vertex -15.5823 40.5 24.8274
      vertex -16.9707 40.5 24.9574
    endloop
  endfacet
  facet normal 0 1 -0
    outer loop
      vertex -16.4177 40.5 24.8274
      vertex -16.9707 40.5 24.9574
      vertex -15.5823 40.5 24.8274
    endloop
  endfacet
  facet normal 0 1 0
    outer loop
      vertex -16.9707 40.5 24.9574
      vertex -16.4177 40.5 24.8274
      vertex -16.8282 40.5 24.909
    endloop
  endfacet
  facet normal -0 1 0
    outer loop
      vertex -16.4177 40.5 24.8274
      vertex -15.5823 40.5 24.8274
      vertex -16 40.5 24.8
    endloop
  endfacet
  facet normal 0.442237 -0 0.896898
    outer loop
      vertex -17.6 40.5727 25.2287
      vertex -17.2246 44 25.0436
      vertex -17.6 44 25.2287
    endloop
  endfacet
  facet normal 0.442237 0 0.896898
    outer loop
      vertex -17.2246 44 25.0436
      vertex -17.6 40.5727 25.2287
      vertex -17.2246 40.5231 25.0436
    endloop
  endfacet
  facet normal 0.997872 0 -0.0652057
    outer loop
      vertex 14.3145 0 28.2219
      vertex 14.3 4 28
      vertex 14.3145 4 28.2219
    endloop
  endfacet
  facet normal 0.997872 0 -0.0652057
    outer loop
      vertex 14.3 4 28
      vertex 14.3145 0 28.2219
      vertex 14.3 0 28
    endloop
  endfacet
  facet normal -0.997872 0 0.0652057
    outer loop
      vertex 17.6855 0 27.7781
      vertex 17.7 4 28
      vertex 17.6855 4 27.7781
    endloop
  endfacet
  facet normal -0.997872 0 0.0652057
    outer loop
      vertex 17.7 4 28
      vertex 17.6855 0 27.7781
      vertex 17.7 0 28
    endloop
  endfacet
  facet normal 0.751908 0 -0.659268
    outer loop
      vertex 14.7979 0 29.2021
      vertex 14.6513 4 29.0349
      vertex 14.7979 4 29.2021
    endloop
  endfacet
  facet normal 0.751908 0 -0.659268
    outer loop
      vertex 14.6513 4 29.0349
      vertex 14.7979 0 29.2021
      vertex 14.6513 0 29.0349
    endloop
  endfacet
  facet normal -0.896754 0 -0.44253
    outer loop
      vertex 17.5706 0 28.6506
      vertex 17.4722 4 28.85
      vertex 17.5706 4 28.6506
    endloop
  endfacet
  facet normal -0.896754 -0 -0.44253
    outer loop
      vertex 17.4722 4 28.85
      vertex 17.5706 0 28.6506
      vertex 17.4722 0 28.85
    endloop
  endfacet
  facet normal 0.751908 -0 0.659268
    outer loop
      vertex 14.6513 0 26.9651
      vertex 14.7979 4 26.7979
      vertex 14.6513 4 26.9651
    endloop
  endfacet
  facet normal 0.751908 0 0.659268
    outer loop
      vertex 14.7979 4 26.7979
      vertex 14.6513 0 26.9651
      vertex 14.7979 0 26.7979
    endloop
  endfacet
  facet normal -0.195165 0 0.98077
    outer loop
      vertex 16.2219 4 26.3145
      vertex 16.44 0 26.3579
      vertex 16.44 4 26.3579
    endloop
  endfacet
  facet normal -0.195165 0 0.98077
    outer loop
      vertex 16.44 0 26.3579
      vertex 16.2219 4 26.3145
      vertex 16.2219 0 26.3145
    endloop
  endfacet
  facet normal 0.707077 0 -0.707136
    outer loop
      vertex 14.7979 0 29.2021
      vertex 16 4 30.4041
      vertex 16 0 30.4041
    endloop
  endfacet
  facet normal 0.707077 0 -0.707136
    outer loop
      vertex 16 4 30.4041
      vertex 14.7979 0 29.2021
      vertex 14.7979 4 29.2021
    endloop
  endfacet
  facet normal -0.98077 0 -0.195165
    outer loop
      vertex 17.6855 0 28.2219
      vertex 17.6421 4 28.44
      vertex 17.6855 4 28.2219
    endloop
  endfacet
  facet normal -0.98077 -0 -0.195165
    outer loop
      vertex 17.6421 4 28.44
      vertex 17.6855 0 28.2219
      vertex 17.6421 0 28.44
    endloop
  endfacet
  facet normal -0.98077 0 0.195165
    outer loop
      vertex 17.6421 0 27.56
      vertex 17.6855 4 27.7781
      vertex 17.6421 4 27.56
    endloop
  endfacet
  facet normal -0.98077 0 0.195165
    outer loop
      vertex 17.6855 4 27.7781
      vertex 17.6421 0 27.56
      vertex 17.6855 0 27.7781
    endloop
  endfacet
  facet normal -0.946915 0 -0.321484
    outer loop
      vertex 17.6421 0 28.44
      vertex 17.5706 4 28.6506
      vertex 17.6421 4 28.44
    endloop
  endfacet
  facet normal -0.946915 -0 -0.321484
    outer loop
      vertex 17.5706 4 28.6506
      vertex 17.6421 0 28.44
      vertex 17.5706 0 28.6506
    endloop
  endfacet
  facet normal 0.831566 0 -0.555426
    outer loop
      vertex 14.6513 0 29.0349
      vertex 14.5278 4 28.85
      vertex 14.6513 4 29.0349
    endloop
  endfacet
  facet normal 0.831566 0 -0.555426
    outer loop
      vertex 14.5278 4 28.85
      vertex 14.6513 0 29.0349
      vertex 14.5278 0 28.85
    endloop
  endfacet
  facet normal -0.997872 0 -0.0652057
    outer loop
      vertex 17.7 0 28
      vertex 17.6855 4 28.2219
      vertex 17.7 4 28
    endloop
  endfacet
  facet normal -0.997872 -0 -0.0652057
    outer loop
      vertex 17.6855 4 28.2219
      vertex 17.7 0 28
      vertex 17.6855 0 28.2219
    endloop
  endfacet
  facet normal 0.896754 0 -0.44253
    outer loop
      vertex 14.5278 0 28.85
      vertex 14.4294 4 28.6506
      vertex 14.5278 4 28.85
    endloop
  endfacet
  facet normal 0.896754 0 -0.44253
    outer loop
      vertex 14.4294 4 28.6506
      vertex 14.5278 0 28.85
      vertex 14.4294 0 28.6506
    endloop
  endfacet
  facet normal -0.44253 0 0.896754
    outer loop
      vertex 16.6506 4 26.4294
      vertex 16.85 0 26.5278
      vertex 16.85 4 26.5278
    endloop
  endfacet
  facet normal -0.44253 0 0.896754
    outer loop
      vertex 16.85 0 26.5278
      vertex 16.6506 4 26.4294
      vertex 16.6506 0 26.4294
    endloop
  endfacet
  facet normal 0.98077 0 -0.195165
    outer loop
      vertex 14.3579 0 28.44
      vertex 14.3145 4 28.2219
      vertex 14.3579 4 28.44
    endloop
  endfacet
  facet normal 0.98077 0 -0.195165
    outer loop
      vertex 14.3145 4 28.2219
      vertex 14.3579 0 28.44
      vertex 14.3145 0 28.2219
    endloop
  endfacet
  facet normal -0.659268 0 0.751908
    outer loop
      vertex 17.0349 4 26.6513
      vertex 17.2021 0 26.7979
      vertex 17.2021 4 26.7979
    endloop
  endfacet
  facet normal -0.659268 0 0.751908
    outer loop
      vertex 17.2021 0 26.7979
      vertex 17.0349 4 26.6513
      vertex 17.0349 0 26.6513
    endloop
  endfacet
  facet normal -0.707077 0 -0.707136
    outer loop
      vertex 16 0 30.4041
      vertex 17.2021 4 29.2021
      vertex 17.2021 0 29.2021
    endloop
  endfacet
  facet normal -0.707077 0 -0.707136
    outer loop
      vertex 17.2021 4 29.2021
      vertex 16 0 30.4041
      vertex 16 4 30.4041
    endloop
  endfacet
  facet normal -0.321484 0 0.946915
    outer loop
      vertex 16.44 4 26.3579
      vertex 16.6506 0 26.4294
      vertex 16.6506 4 26.4294
    endloop
  endfacet
  facet normal -0.321484 0 0.946915
    outer loop
      vertex 16.6506 0 26.4294
      vertex 16.44 4 26.3579
      vertex 16.44 0 26.3579
    endloop
  endfacet
  facet normal 0.555426 0 0.831566
    outer loop
      vertex 14.9651 4 26.6513
      vertex 15.15 0 26.5278
      vertex 15.15 4 26.5278
    endloop
  endfacet
  facet normal 0.555426 0 0.831566
    outer loop
      vertex 15.15 0 26.5278
      vertex 14.9651 4 26.6513
      vertex 14.9651 0 26.6513
    endloop
  endfacet
  facet normal -0.751908 0 -0.659268
    outer loop
      vertex 17.3487 0 29.0349
      vertex 17.2021 4 29.2021
      vertex 17.3487 4 29.0349
    endloop
  endfacet
  facet normal -0.751908 -0 -0.659268
    outer loop
      vertex 17.2021 4 29.2021
      vertex 17.3487 0 29.0349
      vertex 17.2021 0 29.2021
    endloop
  endfacet
  facet normal -0.831566 0 -0.555426
    outer loop
      vertex 17.4722 0 28.85
      vertex 17.3487 4 29.0349
      vertex 17.4722 4 28.85
    endloop
  endfacet
  facet normal -0.831566 -0 -0.555426
    outer loop
      vertex 17.3487 4 29.0349
      vertex 17.4722 0 28.85
      vertex 17.3487 0 29.0349
    endloop
  endfacet
  facet normal -0.555426 0 0.831566
    outer loop
      vertex 16.85 4 26.5278
      vertex 17.0349 0 26.6513
      vertex 17.0349 4 26.6513
    endloop
  endfacet
  facet normal -0.555426 0 0.831566
    outer loop
      vertex 17.0349 0 26.6513
      vertex 16.85 4 26.5278
      vertex 16.85 0 26.5278
    endloop
  endfacet
  facet normal 0 -1 0
    outer loop
      vertex 14.7979 4 29.2021
      vertex 17.2021 4 29.2021
      vertex 16 4 30.4041
    endloop
  endfacet
  facet normal 0 -1 0
    outer loop
      vertex 14.6513 4 29.0349
      vertex 17.2021 4 29.2021
      vertex 14.7979 4 29.2021
    endloop
  endfacet
  facet normal 0 -1 0
    outer loop
      vertex 14.6513 4 29.0349
      vertex 17.3487 4 29.0349
      vertex 17.2021 4 29.2021
    endloop
  endfacet
  facet normal 0 -1 0
    outer loop
      vertex 14.5278 4 28.85
      vertex 17.3487 4 29.0349
      vertex 14.6513 4 29.0349
    endloop
  endfacet
  facet normal 0 -1 0
    outer loop
      vertex 14.5278 4 28.85
      vertex 17.4722 4 28.85
      vertex 17.3487 4 29.0349
    endloop
  endfacet
  facet normal 0 -1 0
    outer loop
      vertex 14.4294 4 28.6506
      vertex 17.4722 4 28.85
      vertex 14.5278 4 28.85
    endloop
  endfacet
  facet normal 0 -1 0
    outer loop
      vertex 14.4294 4 28.6506
      vertex 17.5706 4 28.6506
      vertex 17.4722 4 28.85
    endloop
  endfacet
  facet normal 0 -1 0
    outer loop
      vertex 14.3579 4 28.44
      vertex 17.5706 4 28.6506
      vertex 14.4294 4 28.6506
    endloop
  endfacet
  facet normal 0 -1 0
    outer loop
      vertex 14.3579 4 28.44
      vertex 17.6421 4 28.44
      vertex 17.5706 4 28.6506
    endloop
  endfacet
  facet normal 0 -1 0
    outer loop
      vertex 14.3145 4 28.2219
      vertex 17.6421 4 28.44
      vertex 14.3579 4 28.44
    endloop
  endfacet
  facet normal 0 -1 0
    outer loop
      vertex 14.3145 4 28.2219
      vertex 17.6855 4 28.2219
      vertex 17.6421 4 28.44
    endloop
  endfacet
  facet normal 0 -1 0
    outer loop
      vertex 14.3 4 28
      vertex 17.6855 4 28.2219
      vertex 14.3145 4 28.2219
    endloop
  endfacet
  facet normal 0 -1 0
    outer loop
      vertex 14.3 4 28
      vertex 17.7 4 28
      vertex 17.6855 4 28.2219
    endloop
  endfacet
  facet normal 0 -1 0
    outer loop
      vertex 14.3145 4 27.7781
      vertex 17.7 4 28
      vertex 14.3 4 28
    endloop
  endfacet
  facet normal 0 -1 0
    outer loop
      vertex 14.3145 4 27.7781
      vertex 17.6855 4 27.7781
      vertex 17.7 4 28
    endloop
  endfacet
  facet normal 0 -1 0
    outer loop
      vertex 14.3579 4 27.56
      vertex 17.6855 4 27.7781
      vertex 14.3145 4 27.7781
    endloop
  endfacet
  facet normal 0 -1 0
    outer loop
      vertex 14.3579 4 27.56
      vertex 17.6421 4 27.56
      vertex 17.6855 4 27.7781
    endloop
  endfacet
  facet normal 0 -1 0
    outer loop
      vertex 14.4294 4 27.3494
      vertex 17.6421 4 27.56
      vertex 14.3579 4 27.56
    endloop
  endfacet
  facet normal 0 -1 0
    outer loop
      vertex 14.4294 4 27.3494
      vertex 17.5706 4 27.3494
      vertex 17.6421 4 27.56
    endloop
  endfacet
  facet normal 0 -1 0
    outer loop
      vertex 14.5278 4 27.15
      vertex 17.5706 4 27.3494
      vertex 14.4294 4 27.3494
    endloop
  endfacet
  facet normal 0 -1 0
    outer loop
      vertex 14.5278 4 27.15
      vertex 17.4722 4 27.15
      vertex 17.5706 4 27.3494
    endloop
  endfacet
  facet normal 0 -1 0
    outer loop
      vertex 14.6513 4 26.9651
      vertex 17.4722 4 27.15
      vertex 14.5278 4 27.15
    endloop
  endfacet
  facet normal 0 -1 0
    outer loop
      vertex 14.6513 4 26.9651
      vertex 17.3487 4 26.9651
      vertex 17.4722 4 27.15
    endloop
  endfacet
  facet normal 0 -1 0
    outer loop
      vertex 14.7979 4 26.7979
      vertex 17.3487 4 26.9651
      vertex 14.6513 4 26.9651
    endloop
  endfacet
  facet normal 0 -1 0
    outer loop
      vertex 14.7979 4 26.7979
      vertex 17.2021 4 26.7979
      vertex 17.3487 4 26.9651
    endloop
  endfacet
  facet normal 0 -1 0
    outer loop
      vertex 14.9651 4 26.6513
      vertex 17.2021 4 26.7979
      vertex 14.7979 4 26.7979
    endloop
  endfacet
  facet normal 0 -1 0
    outer loop
      vertex 14.9651 4 26.6513
      vertex 17.0349 4 26.6513
      vertex 17.2021 4 26.7979
    endloop
  endfacet
  facet normal 0 -1 0
    outer loop
      vertex 15.15 4 26.5278
      vertex 17.0349 4 26.6513
      vertex 14.9651 4 26.6513
    endloop
  endfacet
  facet normal 0 -1 0
    outer loop
      vertex 15.15 4 26.5278
      vertex 16.85 4 26.5278
      vertex 17.0349 4 26.6513
    endloop
  endfacet
  facet normal 0 -1 0
    outer loop
      vertex 15.3494 4 26.4294
      vertex 16.85 4 26.5278
      vertex 15.15 4 26.5278
    endloop
  endfacet
  facet normal 0 -1 0
    outer loop
      vertex 15.3494 4 26.4294
      vertex 16.6506 4 26.4294
      vertex 16.85 4 26.5278
    endloop
  endfacet
  facet normal 0 -1 0
    outer loop
      vertex 15.56 4 26.3579
      vertex 16.6506 4 26.4294
      vertex 15.3494 4 26.4294
    endloop
  endfacet
  facet normal 0 -1 0
    outer loop
      vertex 15.56 4 26.3579
      vertex 16.44 4 26.3579
      vertex 16.6506 4 26.4294
    endloop
  endfacet
  facet normal 0 -1 0
    outer loop
      vertex 15.7781 4 26.3145
      vertex 16.44 4 26.3579
      vertex 15.56 4 26.3579
    endloop
  endfacet
  facet normal 0 -1 0
    outer loop
      vertex 15.7781 4 26.3145
      vertex 16.2219 4 26.3145
      vertex 16.44 4 26.3579
    endloop
  endfacet
  facet normal -0 -1 0
    outer loop
      vertex 16.2219 4 26.3145
      vertex 15.7781 4 26.3145
      vertex 16 4 26.3
    endloop
  endfacet
  facet normal 0.896754 -0 0.44253
    outer loop
      vertex 14.4294 0 27.3494
      vertex 14.5278 4 27.15
      vertex 14.4294 4 27.3494
    endloop
  endfacet
  facet normal 0.896754 0 0.44253
    outer loop
      vertex 14.5278 4 27.15
      vertex 14.4294 0 27.3494
      vertex 14.5278 0 27.15
    endloop
  endfacet
  facet normal -0.946915 0 0.321484
    outer loop
      vertex 17.5706 0 27.3494
      vertex 17.6421 4 27.56
      vertex 17.5706 4 27.3494
    endloop
  endfacet
  facet normal -0.946915 0 0.321484
    outer loop
      vertex 17.6421 4 27.56
      vertex 17.5706 0 27.3494
      vertex 17.6421 0 27.56
    endloop
  endfacet
  facet normal 0.946915 0 -0.321484
    outer loop
      vertex 14.4294 0 28.6506
      vertex 14.3579 4 28.44
      vertex 14.4294 4 28.6506
    endloop
  endfacet
  facet normal 0.946915 0 -0.321484
    outer loop
      vertex 14.3579 4 28.44
      vertex 14.4294 0 28.6506
      vertex 14.3579 0 28.44
    endloop
  endfacet
  facet normal 0.44253 0 0.896754
    outer loop
      vertex 15.15 4 26.5278
      vertex 15.3494 0 26.4294
      vertex 15.3494 4 26.4294
    endloop
  endfacet
  facet normal 0.44253 0 0.896754
    outer loop
      vertex 15.3494 0 26.4294
      vertex 15.15 4 26.5278
      vertex 15.15 0 26.5278
    endloop
  endfacet
  facet normal 0.195165 0 0.98077
    outer loop
      vertex 15.56 4 26.3579
      vertex 15.7781 0 26.3145
      vertex 15.7781 4 26.3145
    endloop
  endfacet
  facet normal 0.195165 0 0.98077
    outer loop
      vertex 15.7781 0 26.3145
      vertex 15.56 4 26.3579
      vertex 15.56 0 26.3579
    endloop
  endfacet
  facet normal -0.751908 0 0.659268
    outer loop
      vertex 17.2021 0 26.7979
      vertex 17.3487 4 26.9651
      vertex 17.2021 4 26.7979
    endloop
  endfacet
  facet normal -0.751908 0 0.659268
    outer loop
      vertex 17.3487 4 26.9651
      vertex 17.2021 0 26.7979
      vertex 17.3487 0 26.9651
    endloop
  endfacet
  facet normal 0.831566 -0 0.555426
    outer loop
      vertex 14.5278 0 27.15
      vertex 14.6513 4 26.9651
      vertex 14.5278 4 27.15
    endloop
  endfacet
  facet normal 0.831566 0 0.555426
    outer loop
      vertex 14.6513 4 26.9651
      vertex 14.5278 0 27.15
      vertex 14.6513 0 26.9651
    endloop
  endfacet
  facet normal 0.321484 0 0.946915
    outer loop
      vertex 15.3494 4 26.4294
      vertex 15.56 0 26.3579
      vertex 15.56 4 26.3579
    endloop
  endfacet
  facet normal 0.321484 0 0.946915
    outer loop
      vertex 15.56 0 26.3579
      vertex 15.3494 4 26.4294
      vertex 15.3494 0 26.4294
    endloop
  endfacet
  facet normal 0.659268 0 0.751908
    outer loop
      vertex 14.7979 4 26.7979
      vertex 14.9651 0 26.6513
      vertex 14.9651 4 26.6513
    endloop
  endfacet
  facet normal 0.659268 0 0.751908
    outer loop
      vertex 14.9651 0 26.6513
      vertex 14.7979 4 26.7979
      vertex 14.7979 0 26.7979
    endloop
  endfacet
  facet normal -0.0652057 0 0.997872
    outer loop
      vertex 16 4 26.3
      vertex 16.2219 0 26.3145
      vertex 16.2219 4 26.3145
    endloop
  endfacet
  facet normal -0.0652057 0 0.997872
    outer loop
      vertex 16.2219 0 26.3145
      vertex 16 4 26.3
      vertex 16 0 26.3
    endloop
  endfacet
  facet normal -0.896754 0 0.44253
    outer loop
      vertex 17.4722 0 27.15
      vertex 17.5706 4 27.3494
      vertex 17.4722 4 27.15
    endloop
  endfacet
  facet normal -0.896754 0 0.44253
    outer loop
      vertex 17.5706 4 27.3494
      vertex 17.4722 0 27.15
      vertex 17.5706 0 27.3494
    endloop
  endfacet
  facet normal 0.98077 -0 0.195165
    outer loop
      vertex 14.3145 0 27.7781
      vertex 14.3579 4 27.56
      vertex 14.3145 4 27.7781
    endloop
  endfacet
  facet normal 0.98077 0 0.195165
    outer loop
      vertex 14.3579 4 27.56
      vertex 14.3145 0 27.7781
      vertex 14.3579 0 27.56
    endloop
  endfacet
  facet normal 0.997872 -0 0.0652057
    outer loop
      vertex 14.3 0 28
      vertex 14.3145 4 27.7781
      vertex 14.3 4 28
    endloop
  endfacet
  facet normal 0.997872 0 0.0652057
    outer loop
      vertex 14.3145 4 27.7781
      vertex 14.3 0 28
      vertex 14.3145 0 27.7781
    endloop
  endfacet
  facet normal 0.0652057 0 0.997872
    outer loop
      vertex 15.7781 4 26.3145
      vertex 16 0 26.3
      vertex 16 4 26.3
    endloop
  endfacet
  facet normal 0.0652057 0 0.997872
    outer loop
      vertex 16 0 26.3
      vertex 15.7781 4 26.3145
      vertex 15.7781 0 26.3145
    endloop
  endfacet
  facet normal -0.831566 0 0.555426
    outer loop
      vertex 17.3487 0 26.9651
      vertex 17.4722 4 27.15
      vertex 17.3487 4 26.9651
    endloop
  endfacet
  facet normal -0.831566 0 0.555426
    outer loop
      vertex 17.4722 4 27.15
      vertex 17.3487 0 26.9651
      vertex 17.4722 0 27.15
    endloop
  endfacet
  facet normal 0.946915 -0 0.321484
    outer loop
      vertex 14.3579 0 27.56
      vertex 14.4294 4 27.3494
      vertex 14.3579 4 27.56
    endloop
  endfacet
  facet normal 0.946915 0 0.321484
    outer loop
      vertex 14.4294 4 27.3494
      vertex 14.3579 0 27.56
      vertex 14.4294 0 27.3494
    endloop
  endfacet
  facet normal 0.997855 0 -0.0654566
    outer loop
      vertex 12.8274 41.4272 28.4177
      vertex 12.8 44 28
      vertex 12.8274 44 28.4177
    endloop
  endfacet
  facet normal 0.997855 0 -0.0654566
    outer loop
      vertex 12.8 44 28
      vertex 12.8274 41.4272 28.4177
      vertex 12.8 41.3153 28
    endloop
  endfacet
  facet normal -0.997855 0 0.0654566
    outer loop
      vertex 19.1726 44 27.5823
      vertex 19.2 41.3153 28
      vertex 19.2 44 28
    endloop
  endfacet
  facet normal -0.997855 0 0.0654566
    outer loop
      vertex 19.2 41.3153 28
      vertex 19.1726 44 27.5823
      vertex 19.1726 41.2033 27.5823
    endloop
  endfacet
  facet normal 0.751821 0 -0.659367
    outer loop
      vertex 13.7373 41.9216 30.2627
      vertex 13.4613 44 29.948
      vertex 13.7373 44 30.2627
    endloop
  endfacet
  facet normal 0.751821 0 -0.659367
    outer loop
      vertex 13.4613 44 29.948
      vertex 13.7373 41.9216 30.2627
      vertex 13.4613 41.8372 29.948
    endloop
  endfacet
  facet normal -0.751821 0 -0.659367
    outer loop
      vertex 18.5387 44 29.948
      vertex 18.2627 41.9216 30.2627
      vertex 18.2627 44 30.2627
    endloop
  endfacet
  facet normal -0.751821 0 -0.659367
    outer loop
      vertex 18.2627 41.9216 30.2627
      vertex 18.5387 44 29.948
      vertex 18.5387 41.8372 29.948
    endloop
  endfacet
  facet normal -0.442237 0 0.896898
    outer loop
      vertex 17.2246 44 25.0436
      vertex 17.6 40.5727 25.2287
      vertex 17.6 44 25.2287
    endloop
  endfacet
  facet normal -0.442237 0 0.896898
    outer loop
      vertex 17.6 40.5727 25.2287
      vertex 17.2246 44 25.0436
      vertex 17.2246 40.5231 25.0436
    endloop
  endfacet
  facet normal -0.831388 0 -0.555692
    outer loop
      vertex 18.7713 44 29.6
      vertex 18.5387 41.8372 29.948
      vertex 18.5387 44 29.948
    endloop
  endfacet
  facet normal -0.831388 0 -0.555692
    outer loop
      vertex 18.5387 41.8372 29.948
      vertex 18.7713 44 29.6
      vertex 18.7713 41.744 29.6
    endloop
  endfacet
  facet normal 0.707107 0 -0.707107
    outer loop
      vertex 13.7373 44 30.2627
      vertex 16 42.5279 32.5254
      vertex 13.7373 41.9216 30.2627
    endloop
  endfacet
  facet normal 0.707107 0 -0.707107
    outer loop
      vertex 16 42.5279 32.5254
      vertex 13.7373 44 30.2627
      vertex 16 44 32.5254
    endloop
  endfacet
  facet normal 0.194967 0 0.98081
    outer loop
      vertex 15.1718 44 24.909
      vertex 15.5823 40.5 24.8274
      vertex 15.5823 44 24.8274
    endloop
  endfacet
  facet normal 0.194967 0 0.98081
    outer loop
      vertex 15.5823 40.5 24.8274
      vertex 15.1718 44 24.909
      vertex 15.1718 40.5 24.909
    endloop
  endfacet
  facet normal -0.946901 0 0.321526
    outer loop
      vertex 18.9564 44 26.7754
      vertex 19.091 41.0933 27.1718
      vertex 19.091 44 27.1718
    endloop
  endfacet
  facet normal -0.946901 0 0.321526
    outer loop
      vertex 19.091 41.0933 27.1718
      vertex 18.9564 44 26.7754
      vertex 18.9564 40.9871 26.7754
    endloop
  endfacet
  facet normal -0.98081 0 0.194967
    outer loop
      vertex 19.091 44 27.1718
      vertex 19.1726 41.2033 27.5823
      vertex 19.1726 44 27.5823
    endloop
  endfacet
  facet normal -0.98081 0 0.194967
    outer loop
      vertex 19.1726 41.2033 27.5823
      vertex 19.091 44 27.1718
      vertex 19.091 41.0933 27.1718
    endloop
  endfacet
  facet normal -0.946901 0 -0.321526
    outer loop
      vertex 19.091 44 28.8282
      vertex 18.9564 41.6434 29.2246
      vertex 18.9564 44 29.2246
    endloop
  endfacet
  facet normal -0.946901 0 -0.321526
    outer loop
      vertex 18.9564 41.6434 29.2246
      vertex 19.091 44 28.8282
      vertex 19.091 41.5372 28.8282
    endloop
  endfacet
  facet normal 0.831388 0 -0.555692
    outer loop
      vertex 13.4613 41.8372 29.948
      vertex 13.2287 44 29.6
      vertex 13.4613 44 29.948
    endloop
  endfacet
  facet normal 0.831388 0 -0.555692
    outer loop
      vertex 13.2287 44 29.6
      vertex 13.4613 41.8372 29.948
      vertex 13.2287 41.744 29.6
    endloop
  endfacet
  facet normal -0.896898 0 0.442237
    outer loop
      vertex 18.7713 44 26.4
      vertex 18.9564 40.9871 26.7754
      vertex 18.9564 44 26.7754
    endloop
  endfacet
  facet normal -0.896898 0 0.442237
    outer loop
      vertex 18.9564 40.9871 26.7754
      vertex 18.7713 44 26.4
      vertex 18.7713 40.8865 26.4
    endloop
  endfacet
  facet normal -0.707107 0 -0.707107
    outer loop
      vertex 16 42.5279 32.5254
      vertex 18.2627 44 30.2627
      vertex 18.2627 41.9216 30.2627
    endloop
  endfacet
  facet normal -0.707107 0 -0.707107
    outer loop
      vertex 18.2627 44 30.2627
      vertex 16 42.5279 32.5254
      vertex 16 44 32.5254
    endloop
  endfacet
  facet normal 0.896898 -0 0.442237
    outer loop
      vertex 13.0436 40.9871 26.7754
      vertex 13.2287 44 26.4
      vertex 13.0436 44 26.7754
    endloop
  endfacet
  facet normal 0.896898 0 0.442237
    outer loop
      vertex 13.2287 44 26.4
      vertex 13.0436 40.9871 26.7754
      vertex 13.2287 40.8865 26.4
    endloop
  endfacet
  facet normal 0 1 0
    outer loop
      vertex 16.4177 40.5 24.8274
      vertex 16.9707 40.5 24.9574
      vertex 16.8282 40.5 24.909
    endloop
  endfacet
  facet normal 0 1 0
    outer loop
      vertex 16.9707 40.5 24.9574
      vertex 16.4177 40.5 24.8274
      vertex 15.0293 40.5 24.9574
    endloop
  endfacet
  facet normal 0 1 -0
    outer loop
      vertex 15.5823 40.5 24.8274
      vertex 15.0293 40.5 24.9574
      vertex 16.4177 40.5 24.8274
    endloop
  endfacet
  facet normal 0 1 0
    outer loop
      vertex 15.0293 40.5 24.9574
      vertex 15.5823 40.5 24.8274
      vertex 15.1718 40.5 24.909
    endloop
  endfacet
  facet normal -0 1 0
    outer loop
      vertex 15.5823 40.5 24.8274
      vertex 16.4177 40.5 24.8274
      vertex 16 40.5 24.8
    endloop
  endfacet
  facet normal -0.555692 0 0.831388
    outer loop
      vertex 17.6 44 25.2287
      vertex 17.948 40.635 25.4613
      vertex 17.948 44 25.4613
    endloop
  endfacet
  facet normal -0.555692 0 0.831388
    outer loop
      vertex 17.948 40.635 25.4613
      vertex 17.6 44 25.2287
      vertex 17.6 40.5727 25.2287
    endloop
  endfacet
  facet normal 0.896898 0 -0.442237
    outer loop
      vertex 13.2287 41.744 29.6
      vertex 13.0436 44 29.2246
      vertex 13.2287 44 29.6
    endloop
  endfacet
  facet normal 0.896898 0 -0.442237
    outer loop
      vertex 13.0436 44 29.2246
      vertex 13.2287 41.744 29.6
      vertex 13.0436 41.6434 29.2246
    endloop
  endfacet
  facet normal -0.659367 0 0.751821
    outer loop
      vertex 17.948 44 25.4613
      vertex 18.2627 40.709 25.7373
      vertex 18.2627 44 25.7373
    endloop
  endfacet
  facet normal -0.659367 0 0.751821
    outer loop
      vertex 18.2627 40.709 25.7373
      vertex 17.948 44 25.4613
      vertex 17.948 40.635 25.4613
    endloop
  endfacet
  facet normal 0.98081 0 -0.194967
    outer loop
      vertex 12.909 41.5372 28.8282
      vertex 12.8274 44 28.4177
      vertex 12.909 44 28.8282
    endloop
  endfacet
  facet normal 0.98081 0 -0.194967
    outer loop
      vertex 12.8274 44 28.4177
      vertex 12.909 41.5372 28.8282
      vertex 12.8274 41.4272 28.4177
    endloop
  endfacet
  facet normal -0.321526 0 0.946901
    outer loop
      vertex 16.8282 44 24.909
      vertex 17.2246 40.5231 25.0436
      vertex 17.2246 44 25.0436
    endloop
  endfacet
  facet normal -0.321482 5.58419e-06 0.946916
    outer loop
      vertex 17.2246 40.5231 25.0436
      vertex 16.8282 44 24.909
      vertex 16.9707 40.5 24.9574
    endloop
  endfacet
  facet normal -0.321605 0 0.946874
    outer loop
      vertex 16.9707 40.5 24.9574
      vertex 16.8282 44 24.909
      vertex 16.8282 40.5 24.909
    endloop
  endfacet
  facet normal -0.98081 0 -0.194967
    outer loop
      vertex 19.1726 44 28.4177
      vertex 19.091 41.5372 28.8282
      vertex 19.091 44 28.8282
    endloop
  endfacet
  facet normal -0.98081 0 -0.194967
    outer loop
      vertex 19.091 41.5372 28.8282
      vertex 19.1726 44 28.4177
      vertex 19.1726 41.4272 28.4177
    endloop
  endfacet
  facet normal 0.659367 -0 0.751821
    outer loop
      vertex 13.7373 40.709 25.7373
      vertex 14.052 44 25.4613
      vertex 13.7373 44 25.7373
    endloop
  endfacet
  facet normal 0.659367 0 0.751821
    outer loop
      vertex 14.052 44 25.4613
      vertex 13.7373 40.709 25.7373
      vertex 14.052 40.635 25.4613
    endloop
  endfacet
  facet normal -0.194967 0 0.98081
    outer loop
      vertex 16.4177 44 24.8274
      vertex 16.8282 40.5 24.909
      vertex 16.8282 44 24.909
    endloop
  endfacet
  facet normal -0.194967 0 0.98081
    outer loop
      vertex 16.8282 40.5 24.909
      vertex 16.4177 44 24.8274
      vertex 16.4177 40.5 24.8274
    endloop
  endfacet
  facet normal -0.831388 0 0.555692
    outer loop
      vertex 18.5387 44 26.052
      vertex 18.7713 40.8865 26.4
      vertex 18.7713 44 26.4
    endloop
  endfacet
  facet normal -0.831388 0 0.555692
    outer loop
      vertex 18.7713 40.8865 26.4
      vertex 18.5387 44 26.052
      vertex 18.5387 40.7933 26.052
    endloop
  endfacet
  facet normal 0.946901 0 -0.321526
    outer loop
      vertex 13.0436 41.6434 29.2246
      vertex 12.909 44 28.8282
      vertex 13.0436 44 29.2246
    endloop
  endfacet
  facet normal 0.946901 0 -0.321526
    outer loop
      vertex 12.909 44 28.8282
      vertex 13.0436 41.6434 29.2246
      vertex 12.909 41.5372 28.8282
    endloop
  endfacet
  facet normal -0.896898 0 -0.442237
    outer loop
      vertex 18.9564 44 29.2246
      vertex 18.7713 41.744 29.6
      vertex 18.7713 44 29.6
    endloop
  endfacet
  facet normal -0.896898 0 -0.442237
    outer loop
      vertex 18.7713 41.744 29.6
      vertex 18.9564 44 29.2246
      vertex 18.9564 41.6434 29.2246
    endloop
  endfacet
  facet normal 0.321605 0 0.946874
    outer loop
      vertex 15.1718 44 24.909
      vertex 15.0293 40.5 24.9574
      vertex 15.1718 40.5 24.909
    endloop
  endfacet
  facet normal 0.321526 -0 0.946901
    outer loop
      vertex 14.7754 40.5231 25.0436
      vertex 15.1718 44 24.909
      vertex 14.7754 44 25.0436
    endloop
  endfacet
  facet normal 0.321482 5.58419e-06 0.946916
    outer loop
      vertex 15.1718 44 24.909
      vertex 14.7754 40.5231 25.0436
      vertex 15.0293 40.5 24.9574
    endloop
  endfacet
  facet normal -0.751821 0 0.659367
    outer loop
      vertex 18.2627 44 25.7373
      vertex 18.5387 40.7933 26.052
      vertex 18.5387 44 26.052
    endloop
  endfacet
  facet normal -0.751821 0 0.659367
    outer loop
      vertex 18.5387 40.7933 26.052
      vertex 18.2627 44 25.7373
      vertex 18.2627 40.709 25.7373
    endloop
  endfacet
  facet normal 0.555692 -0 0.831388
    outer loop
      vertex 14.052 40.635 25.4613
      vertex 14.4 44 25.2287
      vertex 14.052 44 25.4613
    endloop
  endfacet
  facet normal 0.555692 0 0.831388
    outer loop
      vertex 14.4 44 25.2287
      vertex 14.052 40.635 25.4613
      vertex 14.4 40.5727 25.2287
    endloop
  endfacet
  facet normal -0.997855 0 -0.0654566
    outer loop
      vertex 19.2 44 28
      vertex 19.1726 41.4272 28.4177
      vertex 19.1726 44 28.4177
    endloop
  endfacet
  facet normal -0.997855 0 -0.0654566
    outer loop
      vertex 19.1726 41.4272 28.4177
      vertex 19.2 44 28
      vertex 19.2 41.3153 28
    endloop
  endfacet
  facet normal 0.831388 -0 0.555692
    outer loop
      vertex 13.2287 40.8865 26.4
      vertex 13.4613 44 26.052
      vertex 13.2287 44 26.4
    endloop
  endfacet
  facet normal 0.831388 0 0.555692
    outer loop
      vertex 13.4613 44 26.052
      vertex 13.2287 40.8865 26.4
      vertex 13.4613 40.7933 26.052
    endloop
  endfacet
  facet normal 0.946901 -0 0.321526
    outer loop
      vertex 12.909 41.0933 27.1718
      vertex 13.0436 44 26.7754
      vertex 12.909 44 27.1718
    endloop
  endfacet
  facet normal 0.946901 0 0.321526
    outer loop
      vertex 13.0436 44 26.7754
      vertex 12.909 41.0933 27.1718
      vertex 13.0436 40.9871 26.7754
    endloop
  endfacet
  facet normal -0.0654566 0 0.997855
    outer loop
      vertex 16 44 24.8
      vertex 16.4177 40.5 24.8274
      vertex 16.4177 44 24.8274
    endloop
  endfacet
  facet normal -0.0654566 0 0.997855
    outer loop
      vertex 16.4177 40.5 24.8274
      vertex 16 44 24.8
      vertex 16 40.5 24.8
    endloop
  endfacet
  facet normal 0.98081 -0 0.194967
    outer loop
      vertex 12.8274 41.2033 27.5823
      vertex 12.909 44 27.1718
      vertex 12.8274 44 27.5823
    endloop
  endfacet
  facet normal 0.98081 0 0.194967
    outer loop
      vertex 12.909 44 27.1718
      vertex 12.8274 41.2033 27.5823
      vertex 12.909 41.0933 27.1718
    endloop
  endfacet
  facet normal 0.997855 -0 0.0654566
    outer loop
      vertex 12.8 41.3153 28
      vertex 12.8274 44 27.5823
      vertex 12.8 44 28
    endloop
  endfacet
  facet normal 0.997855 0 0.0654566
    outer loop
      vertex 12.8274 44 27.5823
      vertex 12.8 41.3153 28
      vertex 12.8274 41.2033 27.5823
    endloop
  endfacet
  facet normal 0.0654566 0 0.997855
    outer loop
      vertex 15.5823 44 24.8274
      vertex 16 40.5 24.8
      vertex 16 44 24.8
    endloop
  endfacet
  facet normal 0.0654566 0 0.997855
    outer loop
      vertex 16 40.5 24.8
      vertex 15.5823 44 24.8274
      vertex 15.5823 40.5 24.8274
    endloop
  endfacet
  facet normal 0.751821 -0 0.659367
    outer loop
      vertex 13.4613 40.7933 26.052
      vertex 13.7373 44 25.7373
      vertex 13.4613 44 26.052
    endloop
  endfacet
  facet normal 0.751821 0 0.659367
    outer loop
      vertex 13.7373 44 25.7373
      vertex 13.4613 40.7933 26.052
      vertex 13.7373 40.709 25.7373
    endloop
  endfacet
  facet normal 0.442237 -0 0.896898
    outer loop
      vertex 14.4 40.5727 25.2287
      vertex 14.7754 44 25.0436
      vertex 14.4 44 25.2287
    endloop
  endfacet
  facet normal 0.442237 0 0.896898
    outer loop
      vertex 14.7754 44 25.0436
      vertex 14.4 40.5727 25.2287
      vertex 14.7754 40.5231 25.0436
    endloop
  endfacet
  facet normal -1 0 0
    outer loop
      vertex 3.2 0 37
      vertex 3.2 6.0185 23
      vertex 3.2 0 23
    endloop
  endfacet
  facet normal -1 0 0
    outer loop
      vertex 3.2 6.0185 23
      vertex 3.2 0 37
      vertex 3.2 9.76979 37
    endloop
  endfacet
  facet normal -0 0 1
    outer loop
      vertex -3.2 6.0185 23
      vertex 3.2 0 23
      vertex 3.2 6.0185 23
    endloop
  endfacet
  facet normal 0 0 1
    outer loop
      vertex 3.2 0 23
      vertex -3.2 6.0185 23
      vertex -3.2 0 23
    endloop
  endfacet
  facet normal 1 -0 0
    outer loop
      vertex -3.2 0 37
      vertex -3.2 6.0185 23
      vertex -3.2 9.76979 37
    endloop
  endfacet
  facet normal 1 0 0
    outer loop
      vertex -3.2 6.0185 23
      vertex -3.2 0 37
      vertex -3.2 0 23
    endloop
  endfacet
  facet normal 0.321493 -0.946912 0
    outer loop
      vertex 39.9353 0.136292 0
      vertex 40.4307 0.304489 37
      vertex 39.9353 0.136292 37
    endloop
  endfacet
  facet normal 0.321493 -0.946912 0
    outer loop
      vertex 40.4307 0.304489 37
      vertex 39.9353 0.136292 0
      vertex 40.4307 0.304489 0
    endloop
  endfacet
  facet normal 0 -1 0
    outer loop
      vertex -38.9 0 37
      vertex -16 0 30.4041
      vertex -3.2 0 37
    endloop
  endfacet
  facet normal 0 -1 0
    outer loop
      vertex -38.9 0 37
      vertex -17.2021 0 29.2021
      vertex -16 0 30.4041
    endloop
  endfacet
  facet normal 0 -1 0
    outer loop
      vertex -38.9 0 37
      vertex -17.3487 0 29.0349
      vertex -17.2021 0 29.2021
    endloop
  endfacet
  facet normal 0 -1 0
    outer loop
      vertex -38.9 0 37
      vertex -17.4722 0 28.85
      vertex -17.3487 0 29.0349
    endloop
  endfacet
  facet normal 0 -1 0
    outer loop
      vertex -38.9 0 37
      vertex -17.5706 0 28.6506
      vertex -17.4722 0 28.85
    endloop
  endfacet
  facet normal 0 -1 0
    outer loop
      vertex -38.9 0 37
      vertex -17.6421 0 28.44
      vertex -17.5706 0 28.6506
    endloop
  endfacet
  facet normal 0 -1 0
    outer loop
      vertex -38.9 0 37
      vertex -17.6855 0 28.2219
      vertex -17.6421 0 28.44
    endloop
  endfacet
  facet normal 0 -1 0
    outer loop
      vertex -38.9 0 37
      vertex -17.7 0 28
      vertex -17.6855 0 28.2219
    endloop
  endfacet
  facet normal 0 -1 0
    outer loop
      vertex -38.9 0 37
      vertex -17.6855 0 27.7781
      vertex -17.7 0 28
    endloop
  endfacet
  facet normal 0 -1 0
    outer loop
      vertex -38.9 0 37
      vertex -17.6421 0 27.56
      vertex -17.6855 0 27.7781
    endloop
  endfacet
  facet normal 0 -1 0
    outer loop
      vertex -38.9 0 37
      vertex -17.5706 0 27.3494
      vertex -17.6421 0 27.56
    endloop
  endfacet
  facet normal 0 -1 0
    outer loop
      vertex -38.9 0 37
      vertex -17.4722 0 27.15
      vertex -17.5706 0 27.3494
    endloop
  endfacet
  facet normal 0 -1 0
    outer loop
      vertex -38.9 0 0
      vertex -17.4722 0 27.15
      vertex -38.9 0 37
    endloop
  endfacet
  facet normal 0 -1 -0
    outer loop
      vertex -17.4722 0 27.15
      vertex -38.9 0 0
      vertex -17.3487 0 26.9651
    endloop
  endfacet
  facet normal 0 -1 -0
    outer loop
      vertex -17.3487 0 26.9651
      vertex -38.9 0 0
      vertex -17.2021 0 26.7979
    endloop
  endfacet
  facet normal 0 -1 -0
    outer loop
      vertex -17.2021 0 26.7979
      vertex -38.9 0 0
      vertex -17.0349 0 26.6513
    endloop
  endfacet
  facet normal 0 -1 -0
    outer loop
      vertex -17.0349 0 26.6513
      vertex -38.9 0 0
      vertex -16.85 0 26.5278
    endloop
  endfacet
  facet normal 0 -1 0
    outer loop
      vertex -38.9 0 0
      vertex -16 0 26.3
      vertex -16.2219 0 26.3145
    endloop
  endfacet
  facet normal 0 -1 0
    outer loop
      vertex -38.9 0 0
      vertex -16.2219 0 26.3145
      vertex -16.44 0 26.3579
    endloop
  endfacet
  facet normal 0 -1 -0
    outer loop
      vertex -3.2 0 23
      vertex -38.9 0 0
      vertex 3.2 0 23
    endloop
  endfacet
  facet normal 0 -1 -0
    outer loop
      vertex -16 0 26.3
      vertex -38.9 0 0
      vertex -3.2 0 23
    endloop
  endfacet
  facet normal 0 -1 -0
    outer loop
      vertex -16.6506 0 26.4294
      vertex -38.9 0 0
      vertex -16.44 0 26.3579
    endloop
  endfacet
  facet normal 0 -1 -0
    outer loop
      vertex -16.85 0 26.5278
      vertex -38.9 0 0
      vertex -16.6506 0 26.4294
    endloop
  endfacet
  facet normal 0 -1 0
    outer loop
      vertex -14.7979 0 29.2021
      vertex -3.2 0 37
      vertex -16 0 30.4041
    endloop
  endfacet
  facet normal 0 -1 0
    outer loop
      vertex -14.6513 0 29.0349
      vertex -3.2 0 37
      vertex -14.7979 0 29.2021
    endloop
  endfacet
  facet normal 0 -1 0
    outer loop
      vertex -14.5278 0 28.85
      vertex -3.2 0 37
      vertex -14.6513 0 29.0349
    endloop
  endfacet
  facet normal 0 -1 0
    outer loop
      vertex -14.4294 0 28.6506
      vertex -3.2 0 37
      vertex -14.5278 0 28.85
    endloop
  endfacet
  facet normal 0 -1 0
    outer loop
      vertex -14.3579 0 28.44
      vertex -3.2 0 37
      vertex -14.4294 0 28.6506
    endloop
  endfacet
  facet normal 0 -1 0
    outer loop
      vertex -3.2 0 23
      vertex -14.3579 0 28.44
      vertex -14.3145 0 28.2219
    endloop
  endfacet
  facet normal 0 -1 0
    outer loop
      vertex -3.2 0 23
      vertex -14.3145 0 28.2219
      vertex -14.3 0 28
    endloop
  endfacet
  facet normal 0 -1 0
    outer loop
      vertex -3.2 0 23
      vertex -14.3 0 28
      vertex -14.3145 0 27.7781
    endloop
  endfacet
  facet normal 0 -1 0
    outer loop
      vertex -3.2 0 23
      vertex -14.3145 0 27.7781
      vertex -14.3579 0 27.56
    endloop
  endfacet
  facet normal 0 -1 0
    outer loop
      vertex -3.2 0 23
      vertex -14.3579 0 27.56
      vertex -14.4294 0 27.3494
    endloop
  endfacet
  facet normal 0 -1 0
    outer loop
      vertex -3.2 0 23
      vertex -14.4294 0 27.3494
      vertex -14.5278 0 27.15
    endloop
  endfacet
  facet normal 0 -1 0
    outer loop
      vertex -3.2 0 23
      vertex -14.5278 0 27.15
      vertex -14.6513 0 26.9651
    endloop
  endfacet
  facet normal 0 -1 0
    outer loop
      vertex -3.2 0 23
      vertex -14.6513 0 26.9651
      vertex -14.7979 0 26.7979
    endloop
  endfacet
  facet normal 0 -1 0
    outer loop
      vertex -14.3579 0 28.44
      vertex -3.2 0 23
      vertex -3.2 0 37
    endloop
  endfacet
  facet normal 0 -1 0
    outer loop
      vertex -14.9651 0 26.6513
      vertex -3.2 0 23
      vertex -14.7979 0 26.7979
    endloop
  endfacet
  facet normal 0 -1 0
    outer loop
      vertex -15.15 0 26.5278
      vertex -3.2 0 23
      vertex -14.9651 0 26.6513
    endloop
  endfacet
  facet normal 0 -1 0
    outer loop
      vertex -15.3494 0 26.4294
      vertex -3.2 0 23
      vertex -15.15 0 26.5278
    endloop
  endfacet
  facet normal 0 -1 0
    outer loop
      vertex -15.56 0 26.3579
      vertex -3.2 0 23
      vertex -15.3494 0 26.4294
    endloop
  endfacet
  facet normal 0 -1 0
    outer loop
      vertex -15.7781 0 26.3145
      vertex -3.2 0 23
      vertex -15.56 0 26.3579
    endloop
  endfacet
  facet normal 0 -1 0
    outer loop
      vertex -3.2 0 23
      vertex -15.7781 0 26.3145
      vertex -16 0 26.3
    endloop
  endfacet
  facet normal 0 -1 0
    outer loop
      vertex 3.2 0 37
      vertex 16 0 30.4041
      vertex 38.9 0 37
    endloop
  endfacet
  facet normal 0 -1 0
    outer loop
      vertex 3.2 0 37
      vertex 14.7979 0 29.2021
      vertex 16 0 30.4041
    endloop
  endfacet
  facet normal 0 -1 0
    outer loop
      vertex 3.2 0 37
      vertex 14.6513 0 29.0349
      vertex 14.7979 0 29.2021
    endloop
  endfacet
  facet normal 0 -1 0
    outer loop
      vertex 3.2 0 37
      vertex 14.5278 0 28.85
      vertex 14.6513 0 29.0349
    endloop
  endfacet
  facet normal 0 -1 0
    outer loop
      vertex 3.2 0 37
      vertex 14.4294 0 28.6506
      vertex 14.5278 0 28.85
    endloop
  endfacet
  facet normal 0 -1 0
    outer loop
      vertex 3.2 0 37
      vertex 14.3579 0 28.44
      vertex 14.4294 0 28.6506
    endloop
  endfacet
  facet normal 0 -1 0
    outer loop
      vertex 3.2 0 23
      vertex 14.3579 0 28.44
      vertex 3.2 0 37
    endloop
  endfacet
  facet normal 0 -1 0
    outer loop
      vertex 14.3579 0 28.44
      vertex 3.2 0 23
      vertex 14.3145 0 28.2219
    endloop
  endfacet
  facet normal 0 -1 0
    outer loop
      vertex 14.3145 0 28.2219
      vertex 3.2 0 23
      vertex 14.3 0 28
    endloop
  endfacet
  facet normal 0 -1 -0
    outer loop
      vertex 14.3 0 28
      vertex 3.2 0 23
      vertex 14.3145 0 27.7781
    endloop
  endfacet
  facet normal 0 -1 -0
    outer loop
      vertex 14.3145 0 27.7781
      vertex 3.2 0 23
      vertex 14.3579 0 27.56
    endloop
  endfacet
  facet normal 0 -1 -0
    outer loop
      vertex 14.3579 0 27.56
      vertex 3.2 0 23
      vertex 14.4294 0 27.3494
    endloop
  endfacet
  facet normal 0 -1 -0
    outer loop
      vertex 14.4294 0 27.3494
      vertex 3.2 0 23
      vertex 14.5278 0 27.15
    endloop
  endfacet
  facet normal 0 -1 -0
    outer loop
      vertex 14.5278 0 27.15
      vertex 3.2 0 23
      vertex 14.6513 0 26.9651
    endloop
  endfacet
  facet normal 0 -1 -0
    outer loop
      vertex 15.7781 0 26.3145
      vertex 3.2 0 23
      vertex 16 0 26.3
    endloop
  endfacet
  facet normal 0 -1 -0
    outer loop
      vertex 15.56 0 26.3579
      vertex 3.2 0 23
      vertex 15.7781 0 26.3145
    endloop
  endfacet
  facet normal 0 -1 -0
    outer loop
      vertex 15.3494 0 26.4294
      vertex 3.2 0 23
      vertex 15.56 0 26.3579
    endloop
  endfacet
  facet normal 0 -1 -0
    outer loop
      vertex 15.15 0 26.5278
      vertex 3.2 0 23
      vertex 15.3494 0 26.4294
    endloop
  endfacet
  facet normal 0 -1 -0
    outer loop
      vertex 14.9651 0 26.6513
      vertex 3.2 0 23
      vertex 15.15 0 26.5278
    endloop
  endfacet
  facet normal 0 -1 -0
    outer loop
      vertex 14.7979 0 26.7979
      vertex 3.2 0 23
      vertex 14.9651 0 26.6513
    endloop
  endfacet
  facet normal 0 -1 -0
    outer loop
      vertex 14.6513 0 26.9651
      vertex 3.2 0 23
      vertex 14.7979 0 26.7979
    endloop
  endfacet
  facet normal 0 -1 0
    outer loop
      vertex 17.2021 0 29.2021
      vertex 38.9 0 37
      vertex 16 0 30.4041
    endloop
  endfacet
  facet normal 0 -1 0
    outer loop
      vertex 17.3487 0 29.0349
      vertex 38.9 0 37
      vertex 17.2021 0 29.2021
    endloop
  endfacet
  facet normal 0 -1 0
    outer loop
      vertex 17.4722 0 28.85
      vertex 38.9 0 37
      vertex 17.3487 0 29.0349
    endloop
  endfacet
  facet normal 0 -1 0
    outer loop
      vertex 17.5706 0 28.6506
      vertex 38.9 0 37
      vertex 17.4722 0 28.85
    endloop
  endfacet
  facet normal 0 -1 0
    outer loop
      vertex 17.6421 0 28.44
      vertex 38.9 0 37
      vertex 17.5706 0 28.6506
    endloop
  endfacet
  facet normal 0 -1 0
    outer loop
      vertex 17.6855 0 28.2219
      vertex 38.9 0 37
      vertex 17.6421 0 28.44
    endloop
  endfacet
  facet normal 0 -1 0
    outer loop
      vertex 17.7 0 28
      vertex 38.9 0 37
      vertex 17.6855 0 28.2219
    endloop
  endfacet
  facet normal 0 -1 0
    outer loop
      vertex 17.6855 0 27.7781
      vertex 38.9 0 37
      vertex 17.7 0 28
    endloop
  endfacet
  facet normal 0 -1 0
    outer loop
      vertex 17.6421 0 27.56
      vertex 38.9 0 37
      vertex 17.6855 0 27.7781
    endloop
  endfacet
  facet normal 0 -1 0
    outer loop
      vertex 17.5706 0 27.3494
      vertex 38.9 0 37
      vertex 17.6421 0 27.56
    endloop
  endfacet
  facet normal 0 -1 0
    outer loop
      vertex 17.4722 0 27.15
      vertex 38.9 0 37
      vertex 17.5706 0 27.3494
    endloop
  endfacet
  facet normal 0 -1 0
    outer loop
      vertex 38.9 0 0
      vertex 17.4722 0 27.15
      vertex 17.3487 0 26.9651
    endloop
  endfacet
  facet normal 0 -1 0
    outer loop
      vertex 38.9 0 0
      vertex 17.3487 0 26.9651
      vertex 17.2021 0 26.7979
    endloop
  endfacet
  facet normal 0 -1 0
    outer loop
      vertex 38.9 0 0
      vertex 17.2021 0 26.7979
      vertex 17.0349 0 26.6513
    endloop
  endfacet
  facet normal 0 -1 0
    outer loop
      vertex 38.9 0 0
      vertex 17.0349 0 26.6513
      vertex 16.85 0 26.5278
    endloop
  endfacet
  facet normal 0 -1 0
    outer loop
      vertex 38.9 0 0
      vertex 16.85 0 26.5278
      vertex 16.6506 0 26.4294
    endloop
  endfacet
  facet normal 0 -1 0
    outer loop
      vertex 38.9 0 0
      vertex 16 0 26.3
      vertex 3.2 0 23
    endloop
  endfacet
  facet normal 0 -1 0
    outer loop
      vertex 16 0 26.3
      vertex 38.9 0 0
      vertex 16.2219 0 26.3145
    endloop
  endfacet
  facet normal 0 -1 0
    outer loop
      vertex 38.9 0 0
      vertex 3.2 0 23
      vertex -38.9 0 0
    endloop
  endfacet
  facet normal 0 -1 0
    outer loop
      vertex 16.2219 0 26.3145
      vertex 38.9 0 0
      vertex 16.44 0 26.3579
    endloop
  endfacet
  facet normal 0 -1 0
    outer loop
      vertex 16.44 0 26.3579
      vertex 38.9 0 0
      vertex 16.6506 0 26.4294
    endloop
  endfacet
  facet normal 0 -1 0
    outer loop
      vertex 17.4722 0 27.15
      vertex 38.9 0 0
      vertex 38.9 0 37
    endloop
  endfacet
  facet normal 0.195062 -0.980791 0
    outer loop
      vertex 39.4221 0.0342255 0
      vertex 39.9353 0.136292 37
      vertex 39.4221 0.0342255 37
    endloop
  endfacet
  facet normal 0.195062 -0.980791 0
    outer loop
      vertex 39.9353 0.136292 37
      vertex 39.4221 0.0342255 0
      vertex 39.9353 0.136292 0
    endloop
  endfacet
  facet normal 0.0654131 -0.997858 0
    outer loop
      vertex 38.9 0 0
      vertex 39.4221 0.0342255 37
      vertex 38.9 0 37
    endloop
  endfacet
  facet normal 0.0654131 -0.997858 0
    outer loop
      vertex 39.4221 0.0342255 37
      vertex 38.9 0 0
      vertex 39.4221 0.0342255 0
    endloop
  endfacet
  facet normal -0.195062 -0.980791 0
    outer loop
      vertex -39.9353 0.136292 0
      vertex -39.4221 0.0342255 37
      vertex -39.9353 0.136292 37
    endloop
  endfacet
  facet normal -0.195062 -0.980791 -0
    outer loop
      vertex -39.4221 0.0342255 37
      vertex -39.9353 0.136292 0
      vertex -39.4221 0.0342255 0
    endloop
  endfacet
  facet normal -0.321493 -0.946912 0
    outer loop
      vertex -40.4307 0.304489 0
      vertex -39.9353 0.136292 37
      vertex -40.4307 0.304489 37
    endloop
  endfacet
  facet normal -0.321493 -0.946912 -0
    outer loop
      vertex -39.9353 0.136292 37
      vertex -40.4307 0.304489 0
      vertex -39.9353 0.136292 0
    endloop
  endfacet
  facet normal 0.442238 0.896898 -0
    outer loop
      vertex 40.9 43.4641 0
      vertex 40.4307 43.6955 37
      vertex 40.9 43.4641 37
    endloop
  endfacet
  facet normal 0.442238 0.896898 0
    outer loop
      vertex 40.4307 43.6955 37
      vertex 40.9 43.4641 0
      vertex 40.4307 43.6955 0
    endloop
  endfacet
  facet normal -0.94691 0.321498 0
    outer loop
      vertex -42.7637 41.0353 0
      vertex -42.5955 41.5307 37
      vertex -42.5955 41.5307 0
    endloop
  endfacet
  facet normal -0.94691 0.321498 0
    outer loop
      vertex -42.5955 41.5307 37
      vertex -42.7637 41.0353 0
      vertex -42.7637 41.0353 37
    endloop
  endfacet
  facet normal -0.896898 0.442238 0
    outer loop
      vertex -42.5955 41.5307 0
      vertex -42.3641 42 37
      vertex -42.3641 42 0
    endloop
  endfacet
  facet normal -0.896898 0.442238 0
    outer loop
      vertex -42.3641 42 37
      vertex -42.5955 41.5307 0
      vertex -42.5955 41.5307 37
    endloop
  endfacet
  facet normal -0.555626 0.831432 0
    outer loop
      vertex -40.9 43.4641 0
      vertex -41.335 43.1734 37
      vertex -40.9 43.4641 37
    endloop
  endfacet
  facet normal -0.555626 0.831432 0
    outer loop
      vertex -41.335 43.1734 37
      vertex -40.9 43.4641 0
      vertex -41.335 43.1734 0
    endloop
  endfacet
  facet normal 0.555626 0.831432 -0
    outer loop
      vertex 41.335 43.1734 0
      vertex 40.9 43.4641 37
      vertex 41.335 43.1734 37
    endloop
  endfacet
  facet normal 0.555626 0.831432 0
    outer loop
      vertex 40.9 43.4641 37
      vertex 41.335 43.1734 0
      vertex 40.9 43.4641 0
    endloop
  endfacet
  facet normal 1 0 0
    outer loop
      vertex 42.9 18 37
      vertex 42.9 4 37
      vertex 42.9 18 35.8
    endloop
  endfacet
  facet normal 1 0 0
    outer loop
      vertex 42.9 26 35.8
      vertex 42.9 40 37
      vertex 42.9 26 37
    endloop
  endfacet
  facet normal 1 0 0
    outer loop
      vertex 42.9 40 37
      vertex 42.9 26 35.8
      vertex 42.9 40 0
    endloop
  endfacet
  facet normal 1 -0 0
    outer loop
      vertex 42.9 18 35.8
      vertex 42.9 40 0
      vertex 42.9 26 35.8
    endloop
  endfacet
  facet normal 1 0 0
    outer loop
      vertex 42.9 4 0
      vertex 42.9 18 35.8
      vertex 42.9 4 37
    endloop
  endfacet
  facet normal 1 0 0
    outer loop
      vertex 42.9 18 35.8
      vertex 42.9 4 0
      vertex 42.9 40 0
    endloop
  endfacet
  facet normal -1 0 0
    outer loop
      vertex -42.9 40 0
      vertex -42.9 26 35.8
      vertex -42.9 40 37
    endloop
  endfacet
  facet normal -1 0 0
    outer loop
      vertex -42.9 40 0
      vertex -42.9 18 35.8
      vertex -42.9 26 35.8
    endloop
  endfacet
  facet normal -1 0 0
    outer loop
      vertex -42.9 4 0
      vertex -42.9 18 35.8
      vertex -42.9 40 0
    endloop
  endfacet
  facet normal -1 0 0
    outer loop
      vertex -42.9 4 37
      vertex -42.9 18 35.8
      vertex -42.9 4 0
    endloop
  endfacet
  facet normal -1 0 0
    outer loop
      vertex -42.9 18 35.8
      vertex -42.9 4 37
      vertex -42.9 18 37
    endloop
  endfacet
  facet normal -1 -0 0
    outer loop
      vertex -42.9 40 37
      vertex -42.9 26 35.8
      vertex -42.9 26 37
    endloop
  endfacet
  facet normal -0.0653646 0.997861 0
    outer loop
      vertex -38.9 44 0
      vertex -39.4221 43.9658 37
      vertex -38.9 44 37
    endloop
  endfacet
  facet normal -0.0653646 0.997861 0
    outer loop
      vertex -39.4221 43.9658 37
      vertex -38.9 44 0
      vertex -39.4221 43.9658 0
    endloop
  endfacet
  facet normal 0.980776 -0.195135 0
    outer loop
      vertex 42.7637 2.96472 37
      vertex 42.8658 3.47789 0
      vertex 42.8658 3.47789 37
    endloop
  endfacet
  facet normal 0.980776 -0.195135 0
    outer loop
      vertex 42.8658 3.47789 0
      vertex 42.7637 2.96472 37
      vertex 42.7637 2.96472 0
    endloop
  endfacet
  facet normal 0.94691 0.321498 0
    outer loop
      vertex 42.7637 41.0353 37
      vertex 42.5955 41.5307 0
      vertex 42.5955 41.5307 37
    endloop
  endfacet
  facet normal 0.94691 0.321498 0
    outer loop
      vertex 42.5955 41.5307 0
      vertex 42.7637 41.0353 37
      vertex 42.7637 41.0353 0
    endloop
  endfacet
  facet normal -0.896887 -0.44226 0
    outer loop
      vertex -42.3641 2 0
      vertex -42.5955 2.46927 37
      vertex -42.5955 2.46927 0
    endloop
  endfacet
  facet normal -0.896887 -0.44226 0
    outer loop
      vertex -42.5955 2.46927 37
      vertex -42.3641 2 0
      vertex -42.3641 2 37
    endloop
  endfacet
  facet normal 0.831432 0.555626 0
    outer loop
      vertex 42.3641 42 37
      vertex 42.0734 42.435 0
      vertex 42.0734 42.435 37
    endloop
  endfacet
  facet normal 0.831432 0.555626 0
    outer loop
      vertex 42.0734 42.435 0
      vertex 42.3641 42 37
      vertex 42.3641 42 0
    endloop
  endfacet
  facet normal 0.896887 -0.44226 0
    outer loop
      vertex 42.3641 2 37
      vertex 42.5955 2.46927 0
      vertex 42.5955 2.46927 37
    endloop
  endfacet
  facet normal 0.896887 -0.44226 0
    outer loop
      vertex 42.5955 2.46927 0
      vertex 42.3641 2 37
      vertex 42.3641 2 0
    endloop
  endfacet
  facet normal -0.0654131 -0.997858 0
    outer loop
      vertex -39.4221 0.0342255 0
      vertex -38.9 0 37
      vertex -39.4221 0.0342255 37
    endloop
  endfacet
  facet normal -0.0654131 -0.997858 -0
    outer loop
      vertex -38.9 0 37
      vertex -39.4221 0.0342255 0
      vertex -38.9 0 0
    endloop
  endfacet
  facet normal 0.831456 -0.555591 0
    outer loop
      vertex 42.0734 1.56496 37
      vertex 42.3641 2 0
      vertex 42.3641 2 37
    endloop
  endfacet
  facet normal 0.831456 -0.555591 0
    outer loop
      vertex 42.3641 2 0
      vertex 42.0734 1.56496 37
      vertex 42.0734 1.56496 0
    endloop
  endfacet
  facet normal 0.0653646 0.997861 -0
    outer loop
      vertex 39.4221 43.9658 0
      vertex 38.9 44 37
      vertex 39.4221 43.9658 37
    endloop
  endfacet
  facet normal 0.0653646 0.997861 0
    outer loop
      vertex 38.9 44 37
      vertex 39.4221 43.9658 0
      vertex 38.9 44 0
    endloop
  endfacet
  facet normal 0.321498 0.94691 -0
    outer loop
      vertex 40.4307 43.6955 0
      vertex 39.9353 43.8637 37
      vertex 40.4307 43.6955 37
    endloop
  endfacet
  facet normal 0.321498 0.94691 0
    outer loop
      vertex 39.9353 43.8637 37
      vertex 40.4307 43.6955 0
      vertex 39.9353 43.8637 0
    endloop
  endfacet
  facet normal -0.442261 -0.896886 0
    outer loop
      vertex -40.9 0.535904 0
      vertex -40.4307 0.304489 37
      vertex -40.9 0.535904 37
    endloop
  endfacet
  facet normal -0.442261 -0.896886 -0
    outer loop
      vertex -40.4307 0.304489 37
      vertex -40.9 0.535904 0
      vertex -40.4307 0.304489 0
    endloop
  endfacet
  facet normal 0 1 -0
    outer loop
      vertex 13.7373 44 30.2627
      vertex -16 44 32.5254
      vertex 16 44 32.5254
    endloop
  endfacet
  facet normal 0 1 0
    outer loop
      vertex 13.7373 44 30.2627
      vertex -13.7373 44 30.2627
      vertex -16 44 32.5254
    endloop
  endfacet
  facet normal 0 1 -0
    outer loop
      vertex 13.4613 44 29.948
      vertex -13.7373 44 30.2627
      vertex 13.7373 44 30.2627
    endloop
  endfacet
  facet normal 0 1 0
    outer loop
      vertex 13.4613 44 29.948
      vertex -13.4613 44 29.948
      vertex -13.7373 44 30.2627
    endloop
  endfacet
  facet normal 0 1 -0
    outer loop
      vertex 13.2287 44 29.6
      vertex -13.4613 44 29.948
      vertex 13.4613 44 29.948
    endloop
  endfacet
  facet normal 0 1 0
    outer loop
      vertex 13.2287 44 29.6
      vertex -13.2287 44 29.6
      vertex -13.4613 44 29.948
    endloop
  endfacet
  facet normal 0 1 -0
    outer loop
      vertex 13.0436 44 29.2246
      vertex -13.2287 44 29.6
      vertex 13.2287 44 29.6
    endloop
  endfacet
  facet normal 0 1 0
    outer loop
      vertex 13.0436 44 29.2246
      vertex -13.0436 44 29.2246
      vertex -13.2287 44 29.6
    endloop
  endfacet
  facet normal 0 1 -0
    outer loop
      vertex 12.909 44 28.8282
      vertex -13.0436 44 29.2246
      vertex 13.0436 44 29.2246
    endloop
  endfacet
  facet normal 0 1 0
    outer loop
      vertex 12.909 44 28.8282
      vertex -12.909 44 28.8282
      vertex -13.0436 44 29.2246
    endloop
  endfacet
  facet normal 0 1 -0
    outer loop
      vertex 12.8274 44 28.4177
      vertex -12.909 44 28.8282
      vertex 12.909 44 28.8282
    endloop
  endfacet
  facet normal 0 1 0
    outer loop
      vertex 12.8274 44 28.4177
      vertex -12.8274 44 28.4177
      vertex -12.909 44 28.8282
    endloop
  endfacet
  facet normal 0 1 -0
    outer loop
      vertex 12.8 44 28
      vertex -12.8274 44 28.4177
      vertex 12.8274 44 28.4177
    endloop
  endfacet
  facet normal 0 1 0
    outer loop
      vertex 12.8 44 28
      vertex -12.8 44 28
      vertex -12.8274 44 28.4177
    endloop
  endfacet
  facet normal 0 1 0
    outer loop
      vertex 12.8274 44 27.5823
      vertex -12.8 44 28
      vertex 12.8 44 28
    endloop
  endfacet
  facet normal 0 1 0
    outer loop
      vertex 12.8274 44 27.5823
      vertex -12.8274 44 27.5823
      vertex -12.8 44 28
    endloop
  endfacet
  facet normal 0 1 0
    outer loop
      vertex 12.909 44 27.1718
      vertex -12.8274 44 27.5823
      vertex 12.8274 44 27.5823
    endloop
  endfacet
  facet normal 0 1 0
    outer loop
      vertex 12.909 44 27.1718
      vertex -12.909 44 27.1718
      vertex -12.8274 44 27.5823
    endloop
  endfacet
  facet normal 0 1 0
    outer loop
      vertex 13.0436 44 26.7754
      vertex -12.909 44 27.1718
      vertex 12.909 44 27.1718
    endloop
  endfacet
  facet normal 0 1 0
    outer loop
      vertex 13.0436 44 26.7754
      vertex -13.0436 44 26.7754
      vertex -12.909 44 27.1718
    endloop
  endfacet
  facet normal 0 1 0
    outer loop
      vertex 13.2287 44 26.4
      vertex -13.0436 44 26.7754
      vertex 13.0436 44 26.7754
    endloop
  endfacet
  facet normal 0 1 0
    outer loop
      vertex 13.2287 44 26.4
      vertex -13.2287 44 26.4
      vertex -13.0436 44 26.7754
    endloop
  endfacet
  facet normal 0 1 0
    outer loop
      vertex 13.4613 44 26.052
      vertex -13.2287 44 26.4
      vertex 13.2287 44 26.4
    endloop
  endfacet
  facet normal 0 1 0
    outer loop
      vertex 13.4613 44 26.052
      vertex -13.4613 44 26.052
      vertex -13.2287 44 26.4
    endloop
  endfacet
  facet normal 0 1 0
    outer loop
      vertex 13.7373 44 25.7373
      vertex -13.4613 44 26.052
      vertex 13.4613 44 26.052
    endloop
  endfacet
  facet normal 0 1 0
    outer loop
      vertex 13.7373 44 25.7373
      vertex -13.7373 44 25.7373
      vertex -13.4613 44 26.052
    endloop
  endfacet
  facet normal 0 1 0
    outer loop
      vertex 14.052 44 25.4613
      vertex -13.7373 44 25.7373
      vertex 13.7373 44 25.7373
    endloop
  endfacet
  facet normal 0 1 0
    outer loop
      vertex 14.052 44 25.4613
      vertex -14.052 44 25.4613
      vertex -13.7373 44 25.7373
    endloop
  endfacet
  facet normal 0 1 0
    outer loop
      vertex 14.4 44 25.2287
      vertex -14.052 44 25.4613
      vertex 14.052 44 25.4613
    endloop
  endfacet
  facet normal 0 1 0
    outer loop
      vertex 14.4 44 25.2287
      vertex -14.4 44 25.2287
      vertex -14.052 44 25.4613
    endloop
  endfacet
  facet normal 0 1 0
    outer loop
      vertex 14.7754 44 25.0436
      vertex -14.4 44 25.2287
      vertex 14.4 44 25.2287
    endloop
  endfacet
  facet normal 0 1 0
    outer loop
      vertex 14.7754 44 25.0436
      vertex -14.7754 44 25.0436
      vertex -14.4 44 25.2287
    endloop
  endfacet
  facet normal 0 1 0
    outer loop
      vertex 38.9 44 0
      vertex 14.7754 44 25.0436
      vertex 15.1718 44 24.909
    endloop
  endfacet
  facet normal 0 1 0
    outer loop
      vertex 14.7754 44 25.0436
      vertex 38.9 44 0
      vertex -14.7754 44 25.0436
    endloop
  endfacet
  facet normal 0 1 0
    outer loop
      vertex 38.9 44 0
      vertex 15.1718 44 24.909
      vertex 15.5823 44 24.8274
    endloop
  endfacet
  facet normal 0 1 0
    outer loop
      vertex -38.9 44 0
      vertex -14.7754 44 25.0436
      vertex 38.9 44 0
    endloop
  endfacet
  facet normal 0 1 0
    outer loop
      vertex 38.9 44 0
      vertex 15.5823 44 24.8274
      vertex 16 44 24.8
    endloop
  endfacet
  facet normal 0 1 0
    outer loop
      vertex -14.7754 44 25.0436
      vertex -38.9 44 0
      vertex -15.1718 44 24.909
    endloop
  endfacet
  facet normal 0 1 0
    outer loop
      vertex 38.9 44 37
      vertex 16 44 32.5254
      vertex -38.9 44 37
    endloop
  endfacet
  facet normal 0 1 0
    outer loop
      vertex 38.9 44 37
      vertex 18.2627 44 30.2627
      vertex 16 44 32.5254
    endloop
  endfacet
  facet normal 0 1 0
    outer loop
      vertex 38.9 44 37
      vertex 18.5387 44 29.948
      vertex 18.2627 44 30.2627
    endloop
  endfacet
  facet normal 0 1 0
    outer loop
      vertex 38.9 44 37
      vertex 18.7713 44 29.6
      vertex 18.5387 44 29.948
    endloop
  endfacet
  facet normal 0 1 0
    outer loop
      vertex 38.9 44 37
      vertex 18.9564 44 29.2246
      vertex 18.7713 44 29.6
    endloop
  endfacet
  facet normal 0 1 0
    outer loop
      vertex 38.9 44 37
      vertex 19.091 44 28.8282
      vertex 18.9564 44 29.2246
    endloop
  endfacet
  facet normal 0 1 0
    outer loop
      vertex 38.9 44 37
      vertex 19.1726 44 28.4177
      vertex 19.091 44 28.8282
    endloop
  endfacet
  facet normal 0 1 0
    outer loop
      vertex 38.9 44 37
      vertex 19.2 44 28
      vertex 19.1726 44 28.4177
    endloop
  endfacet
  facet normal 0 1 0
    outer loop
      vertex 38.9 44 37
      vertex 19.1726 44 27.5823
      vertex 19.2 44 28
    endloop
  endfacet
  facet normal 0 1 0
    outer loop
      vertex 38.9 44 37
      vertex 19.091 44 27.1718
      vertex 19.1726 44 27.5823
    endloop
  endfacet
  facet normal 0 1 0
    outer loop
      vertex 38.9 44 37
      vertex 18.9564 44 26.7754
      vertex 19.091 44 27.1718
    endloop
  endfacet
  facet normal 0 1 -0
    outer loop
      vertex 38.9 44 0
      vertex 18.9564 44 26.7754
      vertex 38.9 44 37
    endloop
  endfacet
  facet normal 0 1 0
    outer loop
      vertex 18.9564 44 26.7754
      vertex 38.9 44 0
      vertex 18.7713 44 26.4
    endloop
  endfacet
  facet normal 0 1 0
    outer loop
      vertex 18.7713 44 26.4
      vertex 38.9 44 0
      vertex 18.5387 44 26.052
    endloop
  endfacet
  facet normal 0 1 0
    outer loop
      vertex 18.5387 44 26.052
      vertex 38.9 44 0
      vertex 18.2627 44 25.7373
    endloop
  endfacet
  facet normal 0 1 0
    outer loop
      vertex 18.2627 44 25.7373
      vertex 38.9 44 0
      vertex 17.948 44 25.4613
    endloop
  endfacet
  facet normal 0 1 0
    outer loop
      vertex -15.1718 44 24.909
      vertex -38.9 44 0
      vertex -15.5823 44 24.8274
    endloop
  endfacet
  facet normal 0 1 0
    outer loop
      vertex 16.4177 44 24.8274
      vertex 38.9 44 0
      vertex 16 44 24.8
    endloop
  endfacet
  facet normal 0 1 0
    outer loop
      vertex 16.8282 44 24.909
      vertex 38.9 44 0
      vertex 16.4177 44 24.8274
    endloop
  endfacet
  facet normal 0 1 0
    outer loop
      vertex 17.2246 44 25.0436
      vertex 38.9 44 0
      vertex 16.8282 44 24.909
    endloop
  endfacet
  facet normal 0 1 0
    outer loop
      vertex 17.6 44 25.2287
      vertex 38.9 44 0
      vertex 17.2246 44 25.0436
    endloop
  endfacet
  facet normal 0 1 0
    outer loop
      vertex 17.948 44 25.4613
      vertex 38.9 44 0
      vertex 17.6 44 25.2287
    endloop
  endfacet
  facet normal 0 1 -0
    outer loop
      vertex -16 44 32.5254
      vertex -38.9 44 37
      vertex 16 44 32.5254
    endloop
  endfacet
  facet normal 0 1 -0
    outer loop
      vertex -18.2627 44 30.2627
      vertex -38.9 44 37
      vertex -16 44 32.5254
    endloop
  endfacet
  facet normal 0 1 -0
    outer loop
      vertex -18.5387 44 29.948
      vertex -38.9 44 37
      vertex -18.2627 44 30.2627
    endloop
  endfacet
  facet normal 0 1 -0
    outer loop
      vertex -18.7713 44 29.6
      vertex -38.9 44 37
      vertex -18.5387 44 29.948
    endloop
  endfacet
  facet normal 0 1 -0
    outer loop
      vertex -18.9564 44 29.2246
      vertex -38.9 44 37
      vertex -18.7713 44 29.6
    endloop
  endfacet
  facet normal 0 1 -0
    outer loop
      vertex -19.091 44 28.8282
      vertex -38.9 44 37
      vertex -18.9564 44 29.2246
    endloop
  endfacet
  facet normal 0 1 -0
    outer loop
      vertex -19.1726 44 28.4177
      vertex -38.9 44 37
      vertex -19.091 44 28.8282
    endloop
  endfacet
  facet normal 0 1 -0
    outer loop
      vertex -19.2 44 28
      vertex -38.9 44 37
      vertex -19.1726 44 28.4177
    endloop
  endfacet
  facet normal 0 1 0
    outer loop
      vertex -19.1726 44 27.5823
      vertex -38.9 44 37
      vertex -19.2 44 28
    endloop
  endfacet
  facet normal 0 1 0
    outer loop
      vertex -19.091 44 27.1718
      vertex -38.9 44 37
      vertex -19.1726 44 27.5823
    endloop
  endfacet
  facet normal 0 1 0
    outer loop
      vertex -18.9564 44 26.7754
      vertex -38.9 44 37
      vertex -19.091 44 27.1718
    endloop
  endfacet
  facet normal 0 1 0
    outer loop
      vertex -38.9 44 0
      vertex -18.9564 44 26.7754
      vertex -18.7713 44 26.4
    endloop
  endfacet
  facet normal 0 1 0
    outer loop
      vertex -38.9 44 0
      vertex -18.7713 44 26.4
      vertex -18.5387 44 26.052
    endloop
  endfacet
  facet normal 0 1 0
    outer loop
      vertex -38.9 44 0
      vertex -18.5387 44 26.052
      vertex -18.2627 44 25.7373
    endloop
  endfacet
  facet normal 0 1 0
    outer loop
      vertex -38.9 44 0
      vertex -18.2627 44 25.7373
      vertex -17.948 44 25.4613
    endloop
  endfacet
  facet normal 0 1 0
    outer loop
      vertex -38.9 44 0
      vertex -17.948 44 25.4613
      vertex -17.6 44 25.2287
    endloop
  endfacet
  facet normal 0 1 0
    outer loop
      vertex -15.5823 44 24.8274
      vertex -38.9 44 0
      vertex -16 44 24.8
    endloop
  endfacet
  facet normal 0 1 0
    outer loop
      vertex -16 44 24.8
      vertex -38.9 44 0
      vertex -16.4177 44 24.8274
    endloop
  endfacet
  facet normal 0 1 0
    outer loop
      vertex -16.4177 44 24.8274
      vertex -38.9 44 0
      vertex -16.8282 44 24.909
    endloop
  endfacet
  facet normal 0 1 0
    outer loop
      vertex -18.9564 44 26.7754
      vertex -38.9 44 0
      vertex -38.9 44 37
    endloop
  endfacet
  facet normal 0 1 0
    outer loop
      vertex -17.2246 44 25.0436
      vertex -38.9 44 0
      vertex -17.6 44 25.2287
    endloop
  endfacet
  facet normal 0 1 0
    outer loop
      vertex -16.8282 44 24.909
      vertex -38.9 44 0
      vertex -17.2246 44 25.0436
    endloop
  endfacet
  facet normal -0.442238 0.896898 0
    outer loop
      vertex -40.4307 43.6955 0
      vertex -40.9 43.4641 37
      vertex -40.4307 43.6955 37
    endloop
  endfacet
  facet normal -0.442238 0.896898 0
    outer loop
      vertex -40.9 43.4641 37
      vertex -40.4307 43.6955 0
      vertex -40.9 43.4641 0
    endloop
  endfacet
  facet normal 0.980779 0.195124 0
    outer loop
      vertex 42.8658 40.5221 37
      vertex 42.7637 41.0353 0
      vertex 42.7637 41.0353 37
    endloop
  endfacet
  facet normal 0.980779 0.195124 0
    outer loop
      vertex 42.7637 41.0353 0
      vertex 42.8658 40.5221 37
      vertex 42.8658 40.5221 0
    endloop
  endfacet
  facet normal 0.195124 0.980779 -0
    outer loop
      vertex 39.9353 43.8637 0
      vertex 39.4221 43.9658 37
      vertex 39.9353 43.8637 37
    endloop
  endfacet
  facet normal 0.195124 0.980779 0
    outer loop
      vertex 39.4221 43.9658 37
      vertex 39.9353 43.8637 0
      vertex 39.4221 43.9658 0
    endloop
  endfacet
  facet normal 0.5556 -0.83145 0
    outer loop
      vertex 40.9 0.535904 0
      vertex 41.335 0.826584 37
      vertex 40.9 0.535904 37
    endloop
  endfacet
  facet normal 0.5556 -0.83145 0
    outer loop
      vertex 41.335 0.826584 37
      vertex 40.9 0.535904 0
      vertex 41.335 0.826584 0
    endloop
  endfacet
  facet normal -0.195124 0.980779 0
    outer loop
      vertex -39.4221 43.9658 0
      vertex -39.9353 43.8637 37
      vertex -39.4221 43.9658 37
    endloop
  endfacet
  facet normal -0.195124 0.980779 0
    outer loop
      vertex -39.9353 43.8637 37
      vertex -39.4221 43.9658 0
      vertex -39.9353 43.8637 0
    endloop
  endfacet
  facet normal -0.659343 0.751842 0
    outer loop
      vertex -41.335 43.1734 0
      vertex -41.7284 42.8284 37
      vertex -41.335 43.1734 37
    endloop
  endfacet
  facet normal -0.659343 0.751842 0
    outer loop
      vertex -41.7284 42.8284 37
      vertex -41.335 43.1734 0
      vertex -41.7284 42.8284 0
    endloop
  endfacet
  facet normal -0.751842 0.659343 0
    outer loop
      vertex -42.0734 42.435 0
      vertex -41.7284 42.8284 37
      vertex -41.7284 42.8284 0
    endloop
  endfacet
  facet normal -0.751842 0.659343 0
    outer loop
      vertex -41.7284 42.8284 37
      vertex -42.0734 42.435 0
      vertex -42.0734 42.435 37
    endloop
  endfacet
  facet normal -0.321498 0.94691 0
    outer loop
      vertex -39.9353 43.8637 0
      vertex -40.4307 43.6955 37
      vertex -39.9353 43.8637 37
    endloop
  endfacet
  facet normal -0.321498 0.94691 0
    outer loop
      vertex -40.4307 43.6955 37
      vertex -39.9353 43.8637 0
      vertex -40.4307 43.6955 0
    endloop
  endfacet
  facet normal -0.831432 0.555626 0
    outer loop
      vertex -42.3641 42 0
      vertex -42.0734 42.435 37
      vertex -42.0734 42.435 0
    endloop
  endfacet
  facet normal -0.831432 0.555626 0
    outer loop
      vertex -42.0734 42.435 37
      vertex -42.3641 42 0
      vertex -42.3641 42 37
    endloop
  endfacet
  facet normal -0.5556 -0.83145 0
    outer loop
      vertex -41.335 0.826584 0
      vertex -40.9 0.535904 37
      vertex -41.335 0.826584 37
    endloop
  endfacet
  facet normal -0.5556 -0.83145 -0
    outer loop
      vertex -40.9 0.535904 37
      vertex -41.335 0.826584 0
      vertex -40.9 0.535904 0
    endloop
  endfacet
  facet normal 0.997861 0.0653646 0
    outer loop
      vertex 42.9 40 37
      vertex 42.8658 40.5221 0
      vertex 42.8658 40.5221 37
    endloop
  endfacet
  facet normal 0.997861 0.0653646 0
    outer loop
      vertex 42.8658 40.5221 0
      vertex 42.9 40 37
      vertex 42.9 40 0
    endloop
  endfacet
  facet normal 0.751834 -0.659353 0
    outer loop
      vertex 41.7284 1.17157 37
      vertex 42.0734 1.56496 0
      vertex 42.0734 1.56496 37
    endloop
  endfacet
  facet normal 0.751834 -0.659353 0
    outer loop
      vertex 42.0734 1.56496 0
      vertex 41.7284 1.17157 37
      vertex 41.7284 1.17157 0
    endloop
  endfacet
  facet normal 0.659328 -0.751855 0
    outer loop
      vertex 41.335 0.826584 0
      vertex 41.7284 1.17157 37
      vertex 41.335 0.826584 37
    endloop
  endfacet
  facet normal 0.659328 -0.751855 0
    outer loop
      vertex 41.7284 1.17157 37
      vertex 41.335 0.826584 0
      vertex 41.7284 1.17157 0
    endloop
  endfacet
  facet normal -0.659328 -0.751855 0
    outer loop
      vertex -41.7284 1.17157 0
      vertex -41.335 0.826584 37
      vertex -41.7284 1.17157 37
    endloop
  endfacet
  facet normal -0.659328 -0.751855 -0
    outer loop
      vertex -41.335 0.826584 37
      vertex -41.7284 1.17157 0
      vertex -41.335 0.826584 0
    endloop
  endfacet
  facet normal -0.997862 -0.0653634 0
    outer loop
      vertex -42.8658 3.47789 0
      vertex -42.9 4 37
      vertex -42.9 4 0
    endloop
  endfacet
  facet normal -0.997862 -0.0653634 0
    outer loop
      vertex -42.9 4 37
      vertex -42.8658 3.47789 0
      vertex -42.8658 3.47789 37
    endloop
  endfacet
  facet normal 0 0 1
    outer loop
      vertex 36.89 22.4493 37
      vertex 36.8699 22.1323 37
      vertex 36.89 16.8 37
    endloop
  endfacet
  facet normal 0 0 1
    outer loop
      vertex 39.79 27.2 37
      vertex 36.8266 32.0491 37
      vertex 36.9 30.8894 37
    endloop
  endfacet
  facet normal 0 0 1
    outer loop
      vertex 42.9 40 37
      vertex 36.7939 32.565 37
      vertex 36.8266 32.0491 37
    endloop
  endfacet
  facet normal 0 0 1
    outer loop
      vertex 42.9 40 37
      vertex 36.4775 34.212 37
      vertex 36.7939 32.565 37
    endloop
  endfacet
  facet normal 0 0 1
    outer loop
      vertex 42.9 40 37
      vertex 36.3135 34.712 37
      vertex 36.4775 34.212 37
    endloop
  endfacet
  facet normal 0 0 1
    outer loop
      vertex 42.9 40 37
      vertex 35.9561 35.8021 37
      vertex 36.3135 34.712 37
    endloop
  endfacet
  facet normal 0 0 1
    outer loop
      vertex 42.9 40 37
      vertex 35.7277 36.2815 37
      vertex 35.9561 35.8021 37
    endloop
  endfacet
  facet normal 0 0 1
    outer loop
      vertex 42.9 40 37
      vertex 35.2387 37.3081 37
      vertex 35.7277 36.2815 37
    endloop
  endfacet
  facet normal 0 0 1
    outer loop
      vertex 38.9 44 37
      vertex 34.6289 38.253 37
      vertex 35.2387 37.3081 37
    endloop
  endfacet
  facet normal 0 0 1
    outer loop
      vertex 38.9 44 37
      vertex 34.3376 38.7043 37
      vertex 34.6289 38.253 37
    endloop
  endfacet
  facet normal 0 0 1
    outer loop
      vertex 38.9 44 37
      vertex 33.2681 39.9668 37
      vertex 34.3376 38.7043 37
    endloop
  endfacet
  facet normal 0 0 1
    outer loop
      vertex 38.9 44 37
      vertex 32.0486 41.074 37
      vertex 33.2681 39.9668 37
    endloop
  endfacet
  facet normal 0 0 1
    outer loop
      vertex 38.9 44 37
      vertex 30.7 42.0069 37
      vertex 32.0486 41.074 37
    endloop
  endfacet
  facet normal 0 0 1
    outer loop
      vertex 38.9 44 37
      vertex 29.7308 42.5018 37
      vertex 30.7 42.0069 37
    endloop
  endfacet
  facet normal 0 0 1
    outer loop
      vertex 38.9 44 37
      vertex 29.2453 42.7496 37
      vertex 29.7308 42.5018 37
    endloop
  endfacet
  facet normal 0 0 1
    outer loop
      vertex 38.9 44 37
      vertex 28.7311 42.9303 37
      vertex 29.2453 42.7496 37
    endloop
  endfacet
  facet normal 0 0 1
    outer loop
      vertex 38.9 44 37
      vertex 27.7094 43.2894 37
      vertex 28.7311 42.9303 37
    endloop
  endfacet
  facet normal 0 0 1
    outer loop
      vertex 38.9 44 37
      vertex 26.6534 43.5068 37
      vertex 27.7094 43.2894 37
    endloop
  endfacet
  facet normal 0 0 1
    outer loop
      vertex 38.9 44 37
      vertex 26.1185 43.617 37
      vertex 26.6534 43.5068 37
    endloop
  endfacet
  facet normal 0 0 1
    outer loop
      vertex 38.9 44 37
      vertex 24.5 43.7268 37
      vertex 26.1185 43.617 37
    endloop
  endfacet
  facet normal 0 0 1
    outer loop
      vertex 38.9 44 37
      vertex -24.5 43.7268 37
      vertex 24.5 43.7268 37
    endloop
  endfacet
  facet normal 0 0 1
    outer loop
      vertex -38.9 44 37
      vertex -28.7311 42.9303 37
      vertex -27.7094 43.2894 37
    endloop
  endfacet
  facet normal 0 0 1
    outer loop
      vertex -38.9 44 37
      vertex -34.6289 38.253 37
      vertex -34.3376 38.7043 37
    endloop
  endfacet
  facet normal 0 0 1
    outer loop
      vertex -42.9 40 37
      vertex -35.7277 36.2815 37
      vertex -35.2387 37.3081 37
    endloop
  endfacet
  facet normal -0 0 1
    outer loop
      vertex -38.9 44 37
      vertex -24.5 43.7268 37
      vertex 38.9 44 37
    endloop
  endfacet
  facet normal 0 0 1
    outer loop
      vertex -38.9 44 37
      vertex -26.1185 43.617 37
      vertex -24.5 43.7268 37
    endloop
  endfacet
  facet normal 0 0 1
    outer loop
      vertex -38.9 44 37
      vertex -26.6534 43.5068 37
      vertex -26.1185 43.617 37
    endloop
  endfacet
  facet normal 0 0 1
    outer loop
      vertex -38.9 44 37
      vertex -27.7094 43.2894 37
      vertex -26.6534 43.5068 37
    endloop
  endfacet
  facet normal 0 0 1
    outer loop
      vertex -28.7311 42.9303 37
      vertex -38.9 44 37
      vertex -29.2453 42.7496 37
    endloop
  endfacet
  facet normal 0 0 1
    outer loop
      vertex -38.9 44 37
      vertex -29.7308 42.5018 37
      vertex -29.2453 42.7496 37
    endloop
  endfacet
  facet normal 0 0 1
    outer loop
      vertex -38.9 44 37
      vertex -30.7 42.0069 37
      vertex -29.7308 42.5018 37
    endloop
  endfacet
  facet normal 0 0 1
    outer loop
      vertex -38.9 44 37
      vertex -32.0486 41.074 37
      vertex -30.7 42.0069 37
    endloop
  endfacet
  facet normal 0 0 1
    outer loop
      vertex -38.9 44 37
      vertex -33.2681 39.9668 37
      vertex -32.0486 41.074 37
    endloop
  endfacet
  facet normal 0 0 1
    outer loop
      vertex -38.9 44 37
      vertex -34.3376 38.7043 37
      vertex -33.2681 39.9668 37
    endloop
  endfacet
  facet normal 0 0 1
    outer loop
      vertex -34.6289 38.253 37
      vertex -38.9 44 37
      vertex -35.2387 37.3081 37
    endloop
  endfacet
  facet normal -0 0 1
    outer loop
      vertex -42.9 40 37
      vertex -35.2387 37.3081 37
      vertex -38.9 44 37
    endloop
  endfacet
  facet normal 0 0 1
    outer loop
      vertex -35.7277 36.2815 37
      vertex -42.9 40 37
      vertex -35.9561 35.8021 37
    endloop
  endfacet
  facet normal 0 0 1
    outer loop
      vertex -35.9561 35.8021 37
      vertex -42.9 40 37
      vertex -36.3135 34.712 37
    endloop
  endfacet
  facet normal 0 0 1
    outer loop
      vertex -36.3135 34.712 37
      vertex -42.9 40 37
      vertex -36.4775 34.212 37
    endloop
  endfacet
  facet normal 0 0 1
    outer loop
      vertex -36.4775 34.212 37
      vertex -42.9 40 37
      vertex -36.7939 32.565 37
    endloop
  endfacet
  facet normal 0 -0 1
    outer loop
      vertex -39.79 27.2 37
      vertex -36.7939 32.565 37
      vertex -42.9 40 37
    endloop
  endfacet
  facet normal 0 0 1
    outer loop
      vertex -36.7939 32.565 37
      vertex -39.79 27.2 37
      vertex -36.8266 32.0491 37
    endloop
  endfacet
  facet normal 0 0 1
    outer loop
      vertex -42.9 40 37
      vertex -38.9 44 37
      vertex -39.4221 43.9658 37
    endloop
  endfacet
  facet normal 0 0 1
    outer loop
      vertex -36.8266 32.0491 37
      vertex -39.79 27.2 37
      vertex -36.9 30.8894 37
    endloop
  endfacet
  facet normal 0 0 1
    outer loop
      vertex -36.9 30.8894 37
      vertex -39.79 27.2 37
      vertex -36.9 27.2 37
    endloop
  endfacet
  facet normal 0 0 1
    outer loop
      vertex -42.9 40 37
      vertex -39.4221 43.9658 37
      vertex -39.9353 43.8637 37
    endloop
  endfacet
  facet normal -0 0 1
    outer loop
      vertex 34.3376 14.7923 37
      vertex 42.9 4 37
      vertex 39.79 16.8 37
    endloop
  endfacet
  facet normal -0 0 1
    outer loop
      vertex 32.9493 13.2403 37
      vertex 42.9 4 37
      vertex 33.2681 13.5298 37
    endloop
  endfacet
  facet normal 0 0 1
    outer loop
      vertex 42.9 4 37
      vertex 38.9 0 37
      vertex 39.9353 0.136292 37
    endloop
  endfacet
  facet normal 0 0 1
    outer loop
      vertex 34.3376 14.7923 37
      vertex 39.79 16.8 37
      vertex 36.89 16.8 37
    endloop
  endfacet
  facet normal -0 0 1
    outer loop
      vertex 36.7939 20.9316 37
      vertex 36.89 16.8 37
      vertex 36.8699 22.1323 37
    endloop
  endfacet
  facet normal -0 0 1
    outer loop
      vertex 36.5653 19.7417 37
      vertex 36.89 16.8 37
      vertex 36.7939 20.9316 37
    endloop
  endfacet
  facet normal -0 0 1
    outer loop
      vertex 36.4775 19.2846 37
      vertex 36.89 16.8 37
      vertex 36.5653 19.7417 37
    endloop
  endfacet
  facet normal -0 0 1
    outer loop
      vertex 35.9561 17.6945 37
      vertex 36.89 16.8 37
      vertex 36.4775 19.2846 37
    endloop
  endfacet
  facet normal 0 0 1
    outer loop
      vertex 35.2387 16.1885 37
      vertex 36.89 16.8 37
      vertex 35.9561 17.6945 37
    endloop
  endfacet
  facet normal 0 0 1
    outer loop
      vertex 34.5775 15.164 37
      vertex 36.89 16.8 37
      vertex 35.2387 16.1885 37
    endloop
  endfacet
  facet normal 0 0 1
    outer loop
      vertex 34.3376 14.7923 37
      vertex 36.89 16.8 37
      vertex 34.5775 15.164 37
    endloop
  endfacet
  facet normal 0 0 1
    outer loop
      vertex 42.9 4 37
      vertex 34.3376 14.7923 37
      vertex 33.2681 13.5298 37
    endloop
  endfacet
  facet normal 0 0 1
    outer loop
      vertex 39.9353 0.136292 37
      vertex 38.9 0 37
      vertex 39.4221 0.0342255 37
    endloop
  endfacet
  facet normal -0 0 1
    outer loop
      vertex 32.0486 12.4226 37
      vertex 42.9 4 37
      vertex 32.9493 13.2403 37
    endloop
  endfacet
  facet normal 0 0 1
    outer loop
      vertex 42.9 4 37
      vertex 32.0486 12.4226 37
      vertex 38.9 0 37
    endloop
  endfacet
  facet normal -0 0 1
    outer loop
      vertex 31.6995 12.1811 37
      vertex 38.9 0 37
      vertex 32.0486 12.4226 37
    endloop
  endfacet
  facet normal -0 0 1
    outer loop
      vertex 30.7 11.4897 37
      vertex 38.9 0 37
      vertex 31.6995 12.1811 37
    endloop
  endfacet
  facet normal -0 0 1
    outer loop
      vertex 29.2453 10.747 37
      vertex 38.9 0 37
      vertex 30.7 11.4897 37
    endloop
  endfacet
  facet normal -0 0 1
    outer loop
      vertex 28.1 10.3445 37
      vertex 38.9 0 37
      vertex 29.2453 10.747 37
    endloop
  endfacet
  facet normal -0 0 1
    outer loop
      vertex 27.7094 10.2072 37
      vertex 38.9 0 37
      vertex 28.1 10.3445 37
    endloop
  endfacet
  facet normal -0 0 1
    outer loop
      vertex 26.1185 9.87961 37
      vertex 38.9 0 37
      vertex 27.7094 10.2072 37
    endloop
  endfacet
  facet normal -0 0 1
    outer loop
      vertex 24.5 9.76979 37
      vertex 38.9 0 37
      vertex 26.1185 9.87961 37
    endloop
  endfacet
  facet normal 0 0 1
    outer loop
      vertex 3.2 0 37
      vertex 24.5 9.76979 37
      vertex 3.2 9.76979 37
    endloop
  endfacet
  facet normal 0 0 1
    outer loop
      vertex 24.5 9.76979 37
      vertex 3.2 0 37
      vertex 38.9 0 37
    endloop
  endfacet
  facet normal 0 0 1
    outer loop
      vertex 38.9 44 37
      vertex 42.9 40 37
      vertex 42.8658 40.5221 37
    endloop
  endfacet
  facet normal 0 0 1
    outer loop
      vertex 38.9 44 37
      vertex 42.8658 40.5221 37
      vertex 42.7637 41.0353 37
    endloop
  endfacet
  facet normal 0 0 1
    outer loop
      vertex 38.9 44 37
      vertex 42.7637 41.0353 37
      vertex 42.5955 41.5307 37
    endloop
  endfacet
  facet normal 0 0 1
    outer loop
      vertex 38.9 44 37
      vertex 42.5955 41.5307 37
      vertex 42.3641 42 37
    endloop
  endfacet
  facet normal 0 0 1
    outer loop
      vertex 38.9 44 37
      vertex 42.3641 42 37
      vertex 42.0734 42.435 37
    endloop
  endfacet
  facet normal 0 0 1
    outer loop
      vertex 41.335 43.1734 37
      vertex 42.0734 42.435 37
      vertex 41.7284 42.8284 37
    endloop
  endfacet
  facet normal 0 0 1
    outer loop
      vertex 42.9 40 37
      vertex 39.79 27.2 37
      vertex 42.9 26 37
    endloop
  endfacet
  facet normal 0 0 1
    outer loop
      vertex 42.9 26 37
      vertex 39.79 27.2 37
      vertex 41.7 26 37
    endloop
  endfacet
  facet normal 0 0 1
    outer loop
      vertex 38.9 44 37
      vertex 42.0734 42.435 37
      vertex 41.335 43.1734 37
    endloop
  endfacet
  facet normal 0 0 1
    outer loop
      vertex 39.79 16.8 37
      vertex 42.9 18 37
      vertex 41.7 18 37
    endloop
  endfacet
  facet normal 0 0 1
    outer loop
      vertex 42.9 18 37
      vertex 39.79 16.8 37
      vertex 42.9 4 37
    endloop
  endfacet
  facet normal 0 0 1
    outer loop
      vertex 42.9 4 37
      vertex 39.9353 0.136292 37
      vertex 42.8658 3.47789 37
    endloop
  endfacet
  facet normal 0 0 1
    outer loop
      vertex 42.8658 3.47789 37
      vertex 39.9353 0.136292 37
      vertex 42.7637 2.96472 37
    endloop
  endfacet
  facet normal 0 0 1
    outer loop
      vertex 42.7637 2.96472 37
      vertex 39.9353 0.136292 37
      vertex 42.5955 2.46927 37
    endloop
  endfacet
  facet normal 0 0 1
    outer loop
      vertex 42.5955 2.46927 37
      vertex 39.9353 0.136292 37
      vertex 42.3641 2 37
    endloop
  endfacet
  facet normal 0 0 1
    outer loop
      vertex 42.3641 2 37
      vertex 39.9353 0.136292 37
      vertex 42.0734 1.56496 37
    endloop
  endfacet
  facet normal 0 0 1
    outer loop
      vertex 41.7 26 37
      vertex 39.79 27.2 37
      vertex 41.7 18 37
    endloop
  endfacet
  facet normal 0 0 1
    outer loop
      vertex 39.79 16.8 37
      vertex 41.7 18 37
      vertex 39.79 27.2 37
    endloop
  endfacet
  facet normal 0 0 1
    outer loop
      vertex 38.9 44 37
      vertex 41.335 43.1734 37
      vertex 40.9 43.4641 37
    endloop
  endfacet
  facet normal 0 0 1
    outer loop
      vertex 42.0734 1.56496 37
      vertex 39.9353 0.136292 37
      vertex 41.7284 1.17157 37
    endloop
  endfacet
  facet normal 0 0 1
    outer loop
      vertex 38.9 44 37
      vertex 40.9 43.4641 37
      vertex 40.4307 43.6955 37
    endloop
  endfacet
  facet normal 0 0 1
    outer loop
      vertex 41.7284 1.17157 37
      vertex 39.9353 0.136292 37
      vertex 41.335 0.826584 37
    endloop
  endfacet
  facet normal 0 0 1
    outer loop
      vertex 38.9 44 37
      vertex 40.4307 43.6955 37
      vertex 39.9353 43.8637 37
    endloop
  endfacet
  facet normal 0 0 1
    outer loop
      vertex 41.335 0.826584 37
      vertex 39.9353 0.136292 37
      vertex 40.9 0.535904 37
    endloop
  endfacet
  facet normal 0 0 1
    outer loop
      vertex 40.9 0.535904 37
      vertex 39.9353 0.136292 37
      vertex 40.4307 0.304489 37
    endloop
  endfacet
  facet normal 0 0 1
    outer loop
      vertex 38.9 44 37
      vertex 39.9353 43.8637 37
      vertex 39.4221 43.9658 37
    endloop
  endfacet
  facet normal 0 0 1
    outer loop
      vertex 35.2387 37.3081 37
      vertex 42.9 40 37
      vertex 38.9 44 37
    endloop
  endfacet
  facet normal -0 0 1
    outer loop
      vertex 36.8266 32.0491 37
      vertex 39.79 27.2 37
      vertex 42.9 40 37
    endloop
  endfacet
  facet normal 0 0 1
    outer loop
      vertex 39.79 27.2 37
      vertex 36.9 30.8894 37
      vertex 36.9 27.2 37
    endloop
  endfacet
  facet normal -0 0 1
    outer loop
      vertex -24.5 9.76979 37
      vertex -3.2 0 37
      vertex -3.2 9.76979 37
    endloop
  endfacet
  facet normal 0 0 1
    outer loop
      vertex -38.9 0 37
      vertex -24.5 9.76979 37
      vertex -26.1185 9.87961 37
    endloop
  endfacet
  facet normal 0 0 1
    outer loop
      vertex -38.9 0 37
      vertex -26.1185 9.87961 37
      vertex -27.7094 10.2072 37
    endloop
  endfacet
  facet normal 0 0 1
    outer loop
      vertex -38.9 0 37
      vertex -27.7094 10.2072 37
      vertex -28.1 10.3445 37
    endloop
  endfacet
  facet normal 0 0 1
    outer loop
      vertex -38.9 0 37
      vertex -28.1 10.3445 37
      vertex -29.2453 10.747 37
    endloop
  endfacet
  facet normal 0 0 1
    outer loop
      vertex -36.89 16.8 37
      vertex -36.5653 19.7417 37
      vertex -36.7939 20.9316 37
    endloop
  endfacet
  facet normal 0 0 1
    outer loop
      vertex -36.89 16.8 37
      vertex -36.8699 22.1323 37
      vertex -36.89 22.4493 37
    endloop
  endfacet
  facet normal 0 0 1
    outer loop
      vertex -36.8699 22.1323 37
      vertex -36.89 16.8 37
      vertex -36.7939 20.9316 37
    endloop
  endfacet
  facet normal 0 0 1
    outer loop
      vertex -36.5653 19.7417 37
      vertex -36.89 16.8 37
      vertex -36.4775 19.2846 37
    endloop
  endfacet
  facet normal 0 0 1
    outer loop
      vertex -36.89 16.8 37
      vertex -35.9561 17.6945 37
      vertex -36.4775 19.2846 37
    endloop
  endfacet
  facet normal -0 0 1
    outer loop
      vertex -36.89 16.8 37
      vertex -35.2387 16.1885 37
      vertex -35.9561 17.6945 37
    endloop
  endfacet
  facet normal 0 0 1
    outer loop
      vertex -36.89 16.8 37
      vertex -34.5775 15.164 37
      vertex -35.2387 16.1885 37
    endloop
  endfacet
  facet normal 0 0 1
    outer loop
      vertex -36.89 16.8 37
      vertex -34.3376 14.7923 37
      vertex -34.5775 15.164 37
    endloop
  endfacet
  facet normal -0 0 1
    outer loop
      vertex -39.79 16.8 37
      vertex -34.3376 14.7923 37
      vertex -36.89 16.8 37
    endloop
  endfacet
  facet normal 0 0 1
    outer loop
      vertex -42.9 4 37
      vertex -34.3376 14.7923 37
      vertex -39.79 16.8 37
    endloop
  endfacet
  facet normal 0 0 1
    outer loop
      vertex -34.3376 14.7923 37
      vertex -42.9 4 37
      vertex -33.2681 13.5298 37
    endloop
  endfacet
  facet normal 0 0 1
    outer loop
      vertex -24.5 9.76979 37
      vertex -38.9 0 37
      vertex -3.2 0 37
    endloop
  endfacet
  facet normal 0 0 1
    outer loop
      vertex -30.7 11.4897 37
      vertex -38.9 0 37
      vertex -29.2453 10.747 37
    endloop
  endfacet
  facet normal 0 0 1
    outer loop
      vertex -31.6995 12.1811 37
      vertex -38.9 0 37
      vertex -30.7 11.4897 37
    endloop
  endfacet
  facet normal 0 0 1
    outer loop
      vertex -32.0486 12.4226 37
      vertex -38.9 0 37
      vertex -31.6995 12.1811 37
    endloop
  endfacet
  facet normal 0 0 1
    outer loop
      vertex -33.2681 13.5298 37
      vertex -42.9 4 37
      vertex -32.9493 13.2403 37
    endloop
  endfacet
  facet normal 0 0 1
    outer loop
      vertex -32.0486 12.4226 37
      vertex -42.9 4 37
      vertex -38.9 0 37
    endloop
  endfacet
  facet normal 0 0 1
    outer loop
      vertex -32.9493 13.2403 37
      vertex -42.9 4 37
      vertex -32.0486 12.4226 37
    endloop
  endfacet
  facet normal 0 0 1
    outer loop
      vertex -38.9 0 37
      vertex -42.9 4 37
      vertex -39.4221 0.0342255 37
    endloop
  endfacet
  facet normal 0 0 1
    outer loop
      vertex -39.79 27.2 37
      vertex -41.7 26 37
      vertex -39.79 16.8 37
    endloop
  endfacet
  facet normal 0 0 1
    outer loop
      vertex -42.9 40 37
      vertex -39.9353 43.8637 37
      vertex -40.4307 43.6955 37
    endloop
  endfacet
  facet normal -0 0 1
    outer loop
      vertex -41.7 18 37
      vertex -39.79 16.8 37
      vertex -41.7 26 37
    endloop
  endfacet
  facet normal 0 0 1
    outer loop
      vertex -42.9 40 37
      vertex -40.4307 43.6955 37
      vertex -40.9 43.4641 37
    endloop
  endfacet
  facet normal -0 0 1
    outer loop
      vertex -42.9 18 37
      vertex -39.79 16.8 37
      vertex -41.7 18 37
    endloop
  endfacet
  facet normal 0 0 1
    outer loop
      vertex -42.9 40 37
      vertex -40.9 43.4641 37
      vertex -41.335 43.1734 37
    endloop
  endfacet
  facet normal 0 0 1
    outer loop
      vertex -39.4221 0.0342255 37
      vertex -42.9 4 37
      vertex -39.9353 0.136292 37
    endloop
  endfacet
  facet normal 0 0 1
    outer loop
      vertex -39.9353 0.136292 37
      vertex -42.9 4 37
      vertex -40.4307 0.304489 37
    endloop
  endfacet
  facet normal 0 0 1
    outer loop
      vertex -42.9 40 37
      vertex -41.335 43.1734 37
      vertex -41.7284 42.8284 37
    endloop
  endfacet
  facet normal 0 0 1
    outer loop
      vertex -42.9 40 37
      vertex -41.7284 42.8284 37
      vertex -42.0734 42.435 37
    endloop
  endfacet
  facet normal 0 0 1
    outer loop
      vertex -42.9 40 37
      vertex -42.0734 42.435 37
      vertex -42.3641 42 37
    endloop
  endfacet
  facet normal 0 0 1
    outer loop
      vertex -42.9 40 37
      vertex -42.3641 42 37
      vertex -42.5955 41.5307 37
    endloop
  endfacet
  facet normal 0 0 1
    outer loop
      vertex -42.9 40 37
      vertex -42.5955 41.5307 37
      vertex -42.7637 41.0353 37
    endloop
  endfacet
  facet normal 0 0 1
    outer loop
      vertex -42.9 40 37
      vertex -42.7637 41.0353 37
      vertex -42.8658 40.5221 37
    endloop
  endfacet
  facet normal 0 0 1
    outer loop
      vertex -42.9 26 37
      vertex -39.79 27.2 37
      vertex -42.9 40 37
    endloop
  endfacet
  facet normal 0 0 1
    outer loop
      vertex -39.79 27.2 37
      vertex -42.9 26 37
      vertex -41.7 26 37
    endloop
  endfacet
  facet normal 0 0 1
    outer loop
      vertex -40.4307 0.304489 37
      vertex -42.9 4 37
      vertex -40.9 0.535904 37
    endloop
  endfacet
  facet normal 0 0 1
    outer loop
      vertex -40.9 0.535904 37
      vertex -42.9 4 37
      vertex -41.335 0.826584 37
    endloop
  endfacet
  facet normal 0 0 1
    outer loop
      vertex -41.335 0.826584 37
      vertex -42.9 4 37
      vertex -41.7284 1.17157 37
    endloop
  endfacet
  facet normal 0 0 1
    outer loop
      vertex -41.7284 1.17157 37
      vertex -42.9 4 37
      vertex -42.0734 1.56496 37
    endloop
  endfacet
  facet normal 0 0 1
    outer loop
      vertex -42.0734 1.56496 37
      vertex -42.9 4 37
      vertex -42.3641 2 37
    endloop
  endfacet
  facet normal 0 0 1
    outer loop
      vertex -42.3641 2 37
      vertex -42.9 4 37
      vertex -42.5955 2.46927 37
    endloop
  endfacet
  facet normal 0 0 1
    outer loop
      vertex -42.5955 2.46927 37
      vertex -42.9 4 37
      vertex -42.7637 2.96472 37
    endloop
  endfacet
  facet normal 0 0 1
    outer loop
      vertex -39.79 16.8 37
      vertex -42.9 18 37
      vertex -42.9 4 37
    endloop
  endfacet
  facet normal 0 0 1
    outer loop
      vertex -42.7637 2.96472 37
      vertex -42.9 4 37
      vertex -42.8658 3.47789 37
    endloop
  endfacet
  facet normal -0.980779 0.195124 0
    outer loop
      vertex -42.8658 40.5221 0
      vertex -42.7637 41.0353 37
      vertex -42.7637 41.0353 0
    endloop
  endfacet
  facet normal -0.980779 0.195124 0
    outer loop
      vertex -42.7637 41.0353 37
      vertex -42.8658 40.5221 0
      vertex -42.8658 40.5221 37
    endloop
  endfacet
  facet normal -0.997861 0.0653646 0
    outer loop
      vertex -42.9 40 0
      vertex -42.8658 40.5221 37
      vertex -42.8658 40.5221 0
    endloop
  endfacet
  facet normal -0.997861 0.0653646 0
    outer loop
      vertex -42.8658 40.5221 37
      vertex -42.9 40 0
      vertex -42.9 40 37
    endloop
  endfacet
  facet normal 0.751842 0.659343 0
    outer loop
      vertex 42.0734 42.435 37
      vertex 41.7284 42.8284 0
      vertex 41.7284 42.8284 37
    endloop
  endfacet
  facet normal 0.751842 0.659343 0
    outer loop
      vertex 41.7284 42.8284 0
      vertex 42.0734 42.435 37
      vertex 42.0734 42.435 0
    endloop
  endfacet
  facet normal 0.659343 0.751842 -0
    outer loop
      vertex 41.7284 42.8284 0
      vertex 41.335 43.1734 37
      vertex 41.7284 42.8284 37
    endloop
  endfacet
  facet normal 0.659343 0.751842 0
    outer loop
      vertex 41.335 43.1734 37
      vertex 41.7284 42.8284 0
      vertex 41.335 43.1734 0
    endloop
  endfacet
  facet normal 0.896898 0.442238 0
    outer loop
      vertex 42.5955 41.5307 37
      vertex 42.3641 42 0
      vertex 42.3641 42 37
    endloop
  endfacet
  facet normal 0.896898 0.442238 0
    outer loop
      vertex 42.3641 42 0
      vertex 42.5955 41.5307 37
      vertex 42.5955 41.5307 0
    endloop
  endfacet
  facet normal -0.980776 -0.195135 0
    outer loop
      vertex -42.7637 2.96472 0
      vertex -42.8658 3.47789 37
      vertex -42.8658 3.47789 0
    endloop
  endfacet
  facet normal -0.980776 -0.195135 0
    outer loop
      vertex -42.8658 3.47789 37
      vertex -42.7637 2.96472 0
      vertex -42.7637 2.96472 37
    endloop
  endfacet
  facet normal -0.94692 -0.321469 0
    outer loop
      vertex -42.5955 2.46927 0
      vertex -42.7637 2.96472 37
      vertex -42.7637 2.96472 0
    endloop
  endfacet
  facet normal -0.94692 -0.321469 0
    outer loop
      vertex -42.7637 2.96472 37
      vertex -42.5955 2.46927 0
      vertex -42.5955 2.46927 37
    endloop
  endfacet
  facet normal -0.831456 -0.555591 0
    outer loop
      vertex -42.0734 1.56496 0
      vertex -42.3641 2 37
      vertex -42.3641 2 0
    endloop
  endfacet
  facet normal -0.831456 -0.555591 0
    outer loop
      vertex -42.3641 2 37
      vertex -42.0734 1.56496 0
      vertex -42.0734 1.56496 37
    endloop
  endfacet
  facet normal -0.751834 -0.659353 0
    outer loop
      vertex -41.7284 1.17157 0
      vertex -42.0734 1.56496 37
      vertex -42.0734 1.56496 0
    endloop
  endfacet
  facet normal -0.751834 -0.659353 0
    outer loop
      vertex -42.0734 1.56496 37
      vertex -41.7284 1.17157 0
      vertex -41.7284 1.17157 37
    endloop
  endfacet
  facet normal 0 0 -1
    outer loop
      vertex 36.6616 3.29836 0
      vertex 42.9 4 0
      vertex 42.8658 3.47789 0
    endloop
  endfacet
  facet normal 0 0 -1
    outer loop
      vertex 42.9 4 0
      vertex 34.1595 21.178 0
      vertex 42.9 40 0
    endloop
  endfacet
  facet normal 0 0 -1
    outer loop
      vertex 36.6616 3.29836 0
      vertex 42.8658 3.47789 0
      vertex 42.7637 2.96472 0
    endloop
  endfacet
  facet normal 0 0 -1
    outer loop
      vertex 33.1815 28.1663 0
      vertex 42.9 40 0
      vertex 34.1595 21.178 0
    endloop
  endfacet
  facet normal 0 0 -1
    outer loop
      vertex 36.6616 3.29836 0
      vertex 42.7637 2.96472 0
      vertex 42.5955 2.46927 0
    endloop
  endfacet
  facet normal 0 -0 -1
    outer loop
      vertex 38.9 44 0
      vertex 42.9 40 0
      vertex 33.1815 28.1663 0
    endloop
  endfacet
  facet normal 0 0 -1
    outer loop
      vertex 36.6616 3.29836 0
      vertex 42.5955 2.46927 0
      vertex 42.3641 2 0
    endloop
  endfacet
  facet normal 0 0 -1
    outer loop
      vertex 42.9 40 0
      vertex 38.9 44 0
      vertex 42.8658 40.5221 0
    endloop
  endfacet
  facet normal 0 0 -1
    outer loop
      vertex 36.6616 3.29836 0
      vertex 42.3641 2 0
      vertex 42.0734 1.56496 0
    endloop
  endfacet
  facet normal 0 0 -1
    outer loop
      vertex 42.8658 40.5221 0
      vertex 38.9 44 0
      vertex 42.7637 41.0353 0
    endloop
  endfacet
  facet normal 0 0 -1
    outer loop
      vertex 36.6616 3.29836 0
      vertex 42.0734 1.56496 0
      vertex 41.7284 1.17157 0
    endloop
  endfacet
  facet normal 0 0 -1
    outer loop
      vertex 42.7637 41.0353 0
      vertex 38.9 44 0
      vertex 42.5955 41.5307 0
    endloop
  endfacet
  facet normal 0 0 -1
    outer loop
      vertex 36.6616 3.29836 0
      vertex 41.7284 1.17157 0
      vertex 41.335 0.826584 0
    endloop
  endfacet
  facet normal 0 0 -1
    outer loop
      vertex 42.5955 41.5307 0
      vertex 38.9 44 0
      vertex 42.3641 42 0
    endloop
  endfacet
  facet normal 0 0 -1
    outer loop
      vertex 36.6616 3.29836 0
      vertex 41.335 0.826584 0
      vertex 40.9 0.535904 0
    endloop
  endfacet
  facet normal 0 0 -1
    outer loop
      vertex 42.3641 42 0
      vertex 38.9 44 0
      vertex 42.0734 42.435 0
    endloop
  endfacet
  facet normal 0 0 -1
    outer loop
      vertex 36.6616 3.29836 0
      vertex 40.9 0.535904 0
      vertex 40.4307 0.304489 0
    endloop
  endfacet
  facet normal 0 0 -1
    outer loop
      vertex 42.0734 42.435 0
      vertex 38.9 44 0
      vertex 41.7284 42.8284 0
    endloop
  endfacet
  facet normal 0 0 -1
    outer loop
      vertex 36.6616 3.29836 0
      vertex 40.4307 0.304489 0
      vertex 39.9353 0.136292 0
    endloop
  endfacet
  facet normal 0 0 -1
    outer loop
      vertex 41.7284 42.8284 0
      vertex 38.9 44 0
      vertex 41.335 43.1734 0
    endloop
  endfacet
  facet normal 0 0 -1
    outer loop
      vertex 36.6616 3.29836 0
      vertex 39.9353 0.136292 0
      vertex 39.4221 0.0342255 0
    endloop
  endfacet
  facet normal 0 0 -1
    outer loop
      vertex 41.335 43.1734 0
      vertex 38.9 44 0
      vertex 40.9 43.4641 0
    endloop
  endfacet
  facet normal 0 0 -1
    outer loop
      vertex 36.6616 3.29836 0
      vertex 39.4221 0.0342255 0
      vertex 38.9 0 0
    endloop
  endfacet
  facet normal 0 0 -1
    outer loop
      vertex 40.9 43.4641 0
      vertex 38.9 44 0
      vertex 40.4307 43.6955 0
    endloop
  endfacet
  facet normal -0 0 -1
    outer loop
      vertex 42.9 4 0
      vertex 36.6616 3.29836 0
      vertex 34.1595 21.178 0
    endloop
  endfacet
  facet normal 0 0 -1
    outer loop
      vertex 38.9 0 0
      vertex -6.66164 3.29836 0
      vertex 36.6616 3.29836 0
    endloop
  endfacet
  facet normal 0 -0 -1
    outer loop
      vertex -6.66164 3.29836 0
      vertex 38.9 0 0
      vertex -38.9 0 0
    endloop
  endfacet
  facet normal 0 0 -1
    outer loop
      vertex 40.4307 43.6955 0
      vertex 38.9 44 0
      vertex 39.9353 43.8637 0
    endloop
  endfacet
  facet normal 0 0 -1
    outer loop
      vertex 39.9353 43.8637 0
      vertex 38.9 44 0
      vertex 39.4221 43.9658 0
    endloop
  endfacet
  facet normal 0 0 -1
    outer loop
      vertex -3.18155 28.1663 0
      vertex 38.9 44 0
      vertex 33.1815 28.1663 0
    endloop
  endfacet
  facet normal 0 0 -1
    outer loop
      vertex -38.9 0 0
      vertex -4.15951 21.178 0
      vertex -6.66164 3.29836 0
    endloop
  endfacet
  facet normal 0 0 -1
    outer loop
      vertex -42.9 4 0
      vertex -4.15951 21.178 0
      vertex -38.9 0 0
    endloop
  endfacet
  facet normal 0 0 -1
    outer loop
      vertex -3.18155 28.1663 0
      vertex -38.9 44 0
      vertex 38.9 44 0
    endloop
  endfacet
  facet normal 0 0 -1
    outer loop
      vertex -42.9 40 0
      vertex -4.15951 21.178 0
      vertex -42.9 4 0
    endloop
  endfacet
  facet normal 0 0 -1
    outer loop
      vertex -42.9 4 0
      vertex -38.9 0 0
      vertex -39.4221 0.0342255 0
    endloop
  endfacet
  facet normal 0 -0 -1
    outer loop
      vertex -38.9 44 0
      vertex -4.15951 21.178 0
      vertex -42.9 40 0
    endloop
  endfacet
  facet normal 0 0 -1
    outer loop
      vertex -42.9 4 0
      vertex -39.4221 0.0342255 0
      vertex -39.9353 0.136292 0
    endloop
  endfacet
  facet normal 0 0 -1
    outer loop
      vertex -4.15951 21.178 0
      vertex -38.9 44 0
      vertex -3.18155 28.1663 0
    endloop
  endfacet
  facet normal 0 0 -1
    outer loop
      vertex -42.9 4 0
      vertex -39.9353 0.136292 0
      vertex -40.4307 0.304489 0
    endloop
  endfacet
  facet normal 0 0 -1
    outer loop
      vertex -38.9 44 0
      vertex -42.9 40 0
      vertex -39.4221 43.9658 0
    endloop
  endfacet
  facet normal 0 0 -1
    outer loop
      vertex -42.9 4 0
      vertex -40.4307 0.304489 0
      vertex -40.9 0.535904 0
    endloop
  endfacet
  facet normal 0 0 -1
    outer loop
      vertex -39.4221 43.9658 0
      vertex -42.9 40 0
      vertex -39.9353 43.8637 0
    endloop
  endfacet
  facet normal 0 0 -1
    outer loop
      vertex -42.9 4 0
      vertex -40.9 0.535904 0
      vertex -41.335 0.826584 0
    endloop
  endfacet
  facet normal 0 0 -1
    outer loop
      vertex -39.9353 43.8637 0
      vertex -42.9 40 0
      vertex -40.4307 43.6955 0
    endloop
  endfacet
  facet normal 0 0 -1
    outer loop
      vertex -42.9 4 0
      vertex -41.335 0.826584 0
      vertex -41.7284 1.17157 0
    endloop
  endfacet
  facet normal 0 0 -1
    outer loop
      vertex -40.4307 43.6955 0
      vertex -42.9 40 0
      vertex -40.9 43.4641 0
    endloop
  endfacet
  facet normal 0 0 -1
    outer loop
      vertex -42.9 4 0
      vertex -41.7284 1.17157 0
      vertex -42.0734 1.56496 0
    endloop
  endfacet
  facet normal 0 0 -1
    outer loop
      vertex -40.9 43.4641 0
      vertex -42.9 40 0
      vertex -41.335 43.1734 0
    endloop
  endfacet
  facet normal 0 0 -1
    outer loop
      vertex -42.9 4 0
      vertex -42.0734 1.56496 0
      vertex -42.3641 2 0
    endloop
  endfacet
  facet normal 0 0 -1
    outer loop
      vertex -41.335 43.1734 0
      vertex -42.9 40 0
      vertex -41.7284 42.8284 0
    endloop
  endfacet
  facet normal 0 0 -1
    outer loop
      vertex -42.9 4 0
      vertex -42.3641 2 0
      vertex -42.5955 2.46927 0
    endloop
  endfacet
  facet normal 0 0 -1
    outer loop
      vertex -41.7284 42.8284 0
      vertex -42.9 40 0
      vertex -42.0734 42.435 0
    endloop
  endfacet
  facet normal 0 0 -1
    outer loop
      vertex -42.9 4 0
      vertex -42.5955 2.46927 0
      vertex -42.7637 2.96472 0
    endloop
  endfacet
  facet normal 0 0 -1
    outer loop
      vertex -42.0734 42.435 0
      vertex -42.9 40 0
      vertex -42.3641 42 0
    endloop
  endfacet
  facet normal 0 0 -1
    outer loop
      vertex -42.9 4 0
      vertex -42.7637 2.96472 0
      vertex -42.8658 3.47789 0
    endloop
  endfacet
  facet normal 0 0 -1
    outer loop
      vertex -42.3641 42 0
      vertex -42.9 40 0
      vertex -42.5955 41.5307 0
    endloop
  endfacet
  facet normal 0 0 -1
    outer loop
      vertex -42.5955 41.5307 0
      vertex -42.9 40 0
      vertex -42.7637 41.0353 0
    endloop
  endfacet
  facet normal 0 0 -1
    outer loop
      vertex -42.7637 41.0353 0
      vertex -42.9 40 0
      vertex -42.8658 40.5221 0
    endloop
  endfacet
  facet normal 0.94692 -0.321469 0
    outer loop
      vertex 42.5955 2.46927 37
      vertex 42.7637 2.96472 0
      vertex 42.7637 2.96472 37
    endloop
  endfacet
  facet normal 0.94692 -0.321469 0
    outer loop
      vertex 42.7637 2.96472 0
      vertex 42.5955 2.46927 37
      vertex 42.5955 2.46927 0
    endloop
  endfacet
  facet normal 0.997862 -0.0653634 0
    outer loop
      vertex 42.8658 3.47789 37
      vertex 42.9 4 0
      vertex 42.9 4 37
    endloop
  endfacet
  facet normal 0.997862 -0.0653634 0
    outer loop
      vertex 42.9 4 0
      vertex 42.8658 3.47789 37
      vertex 42.8658 3.47789 0
    endloop
  endfacet
  facet normal 0.442261 -0.896886 0
    outer loop
      vertex 40.4307 0.304489 0
      vertex 40.9 0.535904 37
      vertex 40.4307 0.304489 37
    endloop
  endfacet
  facet normal 0.442261 -0.896886 0
    outer loop
      vertex 40.9 0.535904 37
      vertex 40.4307 0.304489 0
      vertex 40.9 0.535904 0
    endloop
  endfacet
  facet normal 3.92336e-05 0.258632 0.965976
    outer loop
      vertex 27.7094 3.31824 11.29
      vertex 29.2453 3.82185 11.1551
      vertex 26.1185 3.01259 11.3719
    endloop
  endfacet
  facet normal 2.18593e-05 0.258885 0.965908
    outer loop
      vertex 30.7 32.9878 3.34008
      vertex 29.2453 33.6807 3.1544
      vertex 26.1185 34.49 2.93756
    endloop
  endfacet
  facet normal -0.0654006 0.963858 -0.258265
    outer loop
      vertex 26.1185 9.87961 37
      vertex 24.5 2.91012 11.3994
      vertex 24.5 9.76979 37
    endloop
  endfacet
  facet normal -0.0654116 0.963857 -0.258264
    outer loop
      vertex 24.5 2.91012 11.3994
      vertex 26.1185 9.87961 37
      vertex 26.1185 3.01259 11.3719
    endloop
  endfacet
  facet normal 0 0.258817 0.965926
    outer loop
      vertex 26.1185 34.49 2.93756
      vertex 27.659 27.895 4.70467
      vertex 28.801 27.895 4.70467
    endloop
  endfacet
  facet normal -7.41107e-06 0.258815 0.965927
    outer loop
      vertex 27.659 27.895 4.70467
      vertex 26.1185 34.49 2.93756
      vertex 24.5 34.5924 2.91011
    endloop
  endfacet
  facet normal 2.54092e-05 0.258829 0.965923
    outer loop
      vertex 30.7624 21.3154 6.46769
      vertex 35.9561 10.304 9.41817
      vertex 30.7624 23.0729 5.99675
    endloop
  endfacet
  facet normal 0.0654006 0.963858 -0.258265
    outer loop
      vertex -24.5 2.91012 11.3994
      vertex -26.1185 9.87961 37
      vertex -24.5 9.76979 37
    endloop
  endfacet
  facet normal 0.0654116 0.963857 -0.258264
    outer loop
      vertex -26.1185 9.87961 37
      vertex -24.5 2.91012 11.3994
      vertex -26.1185 3.01259 11.3719
    endloop
  endfacet
  facet normal -0.321445 0.914662 -0.245084
    outer loop
      vertex 29.2453 10.747 37
      vertex 27.7094 3.31824 11.29
      vertex 28.1 10.3445 37
    endloop
  endfacet
  facet normal -0.321438 0.914665 -0.245085
    outer loop
      vertex 27.7094 3.31824 11.29
      vertex 29.2453 10.747 37
      vertex 29.2453 3.82185 11.1551
    endloop
  endfacet
  facet normal 1.15231e-05 0.258836 0.965921
    outer loop
      vertex -32.0486 5.38522 10.7362
      vertex -29.2453 3.82185 11.1551
      vertex -35.9561 10.304 9.41817
    endloop
  endfacet
  facet normal -0.442191 -0.866359 0.23214
    outer loop
      vertex 29.7308 42.5018 37
      vertex 29.2453 42.7496 37
      vertex 29.2453 33.6807 3.1544
    endloop
  endfacet
  facet normal 3.82276e-05 0.258636 0.965975
    outer loop
      vertex 26.1185 3.01259 11.3719
      vertex 29.2453 3.82185 11.1551
      vertex 24.5 2.91012 11.3994
    endloop
  endfacet
  facet normal -3.60735e-06 0.258819 0.965926
    outer loop
      vertex 36.9 14.8876 8.19001
      vertex 36.7939 24.1784 5.70055
      vertex 36.4775 11.7876 9.02065
    endloop
  endfacet
  facet normal 0 0.258834 0.965922
    outer loop
      vertex 30.7624 9.60753 9.6048
      vertex 35.9561 10.304 9.41817
      vertex 30.7624 10.304 9.41817
    endloop
  endfacet
  facet normal 1.4665e-06 0.258824 0.965925
    outer loop
      vertex 30.7624 9.60753 9.6048
      vertex 29.2453 3.82185 11.1551
      vertex 35.9561 10.304 9.41817
    endloop
  endfacet
  facet normal -0 0.258824 0.965925
    outer loop
      vertex -0.762384 9.60753 9.6048
      vertex 29.2453 3.82185 11.1551
      vertex 30.7624 9.60753 9.6048
    endloop
  endfacet
  facet normal 0 0.258824 0.965925
    outer loop
      vertex -0.762384 9.60753 9.6048
      vertex -29.2453 3.82185 11.1551
      vertex 29.2453 3.82185 11.1551
    endloop
  endfacet
  facet normal -2.14328e-06 0.258834 0.965922
    outer loop
      vertex -0.762384 10.304 9.41817
      vertex -29.2453 3.82185 11.1551
      vertex -0.762384 9.60753 9.6048
    endloop
  endfacet
  facet normal 0 0.258825 0.965924
    outer loop
      vertex -29.2453 3.82185 11.1551
      vertex -0.762384 10.304 9.41817
      vertex -35.9561 10.304 9.41817
    endloop
  endfacet
  facet normal 0.946938 -0.310463 0.0831883
    outer loop
      vertex -36.3135 34.712 37
      vertex -35.9561 27.1986 4.8913
      vertex -35.9561 35.8021 37
    endloop
  endfacet
  facet normal 0.946926 -0.310498 0.0831964
    outer loop
      vertex -35.9561 27.1986 4.8913
      vertex -36.3135 34.712 37
      vertex -36.4775 25.715 5.28882
    endloop
  endfacet
  facet normal 7.37624e-06 0.258816 0.965927
    outer loop
      vertex -24.5 34.5924 2.91011
      vertex -26.1185 34.49 2.93756
      vertex -35.9561 10.304 9.41817
    endloop
  endfacet
  facet normal -1.15231e-05 0.258836 0.965921
    outer loop
      vertex 32.0486 5.38522 10.7362
      vertex 35.9561 10.304 9.41817
      vertex 29.2453 3.82185 11.1551
    endloop
  endfacet
  facet normal -1.12945e-06 0.258818 0.965926
    outer loop
      vertex 36.7939 24.1784 5.70055
      vertex 36.4775 25.715 5.28882
      vertex 26.1185 34.49 2.93756
    endloop
  endfacet
  facet normal -2.93652e-06 0.258819 0.965926
    outer loop
      vertex 30.7624 23.0729 5.99675
      vertex 36.7939 24.1784 5.70055
      vertex 30.7624 27.895 4.70467
    endloop
  endfacet
  facet normal 0 0.258817 0.965926
    outer loop
      vertex 30.7624 27.895 4.70467
      vertex 26.1185 34.49 2.93756
      vertex 28.801 27.895 4.70467
    endloop
  endfacet
  facet normal -8.04606e-06 0.258812 0.965928
    outer loop
      vertex 26.1185 34.49 2.93756
      vertex 30.7624 27.895 4.70467
      vertex 36.7939 24.1784 5.70055
    endloop
  endfacet
  facet normal -2.70354e-06 0.258818 0.965926
    outer loop
      vertex 36.7939 24.1784 5.70055
      vertex 30.7624 23.0729 5.99675
      vertex 35.9561 10.304 9.41817
    endloop
  endfacet
  facet normal -2.18593e-05 0.258885 0.965908
    outer loop
      vertex -26.1185 34.49 2.93756
      vertex -29.2453 33.6807 3.1544
      vertex -30.7 32.9878 3.34008
    endloop
  endfacet
  facet normal -0.442348 -0.866284 0.232119
    outer loop
      vertex 29.7308 42.5018 37
      vertex 30.7 32.9878 3.34008
      vertex 30.7 42.0069 37
    endloop
  endfacet
  facet normal -0.442273 -0.86632 0.232131
    outer loop
      vertex 30.7 32.9878 3.34008
      vertex 29.7308 42.5018 37
      vertex 29.2453 33.6807 3.1544
    endloop
  endfacet
  facet normal -1.64474e-05 0.258829 0.965923
    outer loop
      vertex -32.0486 32.1174 3.57331
      vertex -34.3376 29.9064 4.16573
      vertex -36.4775 25.715 5.28882
    endloop
  endfacet
  facet normal 0.83149 -0.53661 0.143785
    outer loop
      vertex -35.2387 37.3081 37
      vertex -34.3376 29.9064 4.16573
      vertex -34.6289 38.253 37
    endloop
  endfacet
  facet normal 0.831481 -0.536623 0.143788
    outer loop
      vertex -34.3376 29.9064 4.16573
      vertex -35.2387 37.3081 37
      vertex -35.2387 28.6037 4.51478
    endloop
  endfacet
  facet normal -3.82276e-05 0.258636 0.965975
    outer loop
      vertex -26.1185 3.01259 11.3719
      vertex -24.5 2.91012 11.3994
      vertex -29.2453 3.82185 11.1551
    endloop
  endfacet
  facet normal 0 0.258822 0.965925
    outer loop
      vertex 29.2453 3.82185 11.1551
      vertex -24.5 2.91012 11.3994
      vertex 24.5 2.91012 11.3994
    endloop
  endfacet
  facet normal 0 0.258822 0.965925
    outer loop
      vertex -24.5 2.91012 11.3994
      vertex 29.2453 3.82185 11.1551
      vertex -29.2453 3.82185 11.1551
    endloop
  endfacet
  facet normal 0.99786 0.0631609 -0.0169253
    outer loop
      vertex -36.7939 20.9316 37
      vertex -36.9 14.8876 8.19001
      vertex -36.8699 22.1323 37
    endloop
  endfacet
  facet normal 0.997858 0.0631833 -0.01693
    outer loop
      vertex -36.9 14.8876 8.19001
      vertex -36.7939 20.9316 37
      vertex -36.7939 13.3242 8.60891
    endloop
  endfacet
  facet normal 0 0.258819 0.965926
    outer loop
      vertex 24.5 34.5924 2.91011
      vertex -0.762384 27.895 4.70467
      vertex 27.659 27.895 4.70467
    endloop
  endfacet
  facet normal -0 0.258819 0.965926
    outer loop
      vertex -24.5 34.5924 2.91011
      vertex -0.762384 27.895 4.70467
      vertex 24.5 34.5924 2.91011
    endloop
  endfacet
  facet normal 5.26031e-07 0.25882 0.965925
    outer loop
      vertex -24.5 34.5924 2.91011
      vertex -0.762384 12.3942 8.85812
      vertex -0.762384 27.895 4.70467
    endloop
  endfacet
  facet normal -4.98268e-07 0.258819 0.965926
    outer loop
      vertex -35.9561 10.304 9.41817
      vertex -0.762384 12.3942 8.85812
      vertex -24.5 34.5924 2.91011
    endloop
  endfacet
  facet normal 0 0.258812 0.965928
    outer loop
      vertex -0.762384 12.3942 8.85812
      vertex -35.9561 10.304 9.41817
      vertex -0.762384 10.304 9.41817
    endloop
  endfacet
  facet normal 3.30896e-06 0.258819 0.965926
    outer loop
      vertex 30.7624 12.3942 8.85812
      vertex 35.9561 10.304 9.41817
      vertex 30.7624 21.3154 6.46769
    endloop
  endfacet
  facet normal 0 0.258812 0.965928
    outer loop
      vertex 35.9561 10.304 9.41817
      vertex 30.7624 12.3942 8.85812
      vertex 30.7624 10.304 9.41817
    endloop
  endfacet
  facet normal -0.195037 -0.947376 0.25385
    outer loop
      vertex 26.6534 43.5068 37
      vertex 27.7094 34.1843 3.01946
      vertex 27.7094 43.2894 37
    endloop
  endfacet
  facet normal -0.195109 -0.947363 0.253844
    outer loop
      vertex 27.7094 34.1843 3.01946
      vertex 26.6534 43.5068 37
      vertex 26.1185 34.49 2.93756
    endloop
  endfacet
  facet normal -0.195077 0.947368 -0.253846
    outer loop
      vertex 27.7094 10.2072 37
      vertex 26.1185 3.01259 11.3719
      vertex 26.1185 9.87961 37
    endloop
  endfacet
  facet normal -0.19508 0.947368 -0.253846
    outer loop
      vertex 26.1185 3.01259 11.3719
      vertex 27.7094 10.2072 37
      vertex 27.7094 3.31824 11.29
    endloop
  endfacet
  facet normal -1.96891e-06 0.258817 0.965926
    outer loop
      vertex 36.4775 25.715 5.28882
      vertex 30.7 32.9878 3.34008
      vertex 26.1185 34.49 2.93756
    endloop
  endfacet
  facet normal 1.76613e-05 0.258819 0.965926
    outer loop
      vertex -36.4775 11.7876 9.02065
      vertex -35.9561 10.304 9.41817
      vertex -36.7939 24.1784 5.70055
    endloop
  endfacet
  facet normal 0.831447 -0.536673 0.143801
    outer loop
      vertex -34.3376 29.9064 4.16573
      vertex -34.3376 38.7043 37
      vertex -34.6289 38.253 37
    endloop
  endfacet
  facet normal 0.65932 0.726243 -0.194597
    outer loop
      vertex -32.0486 5.38522 10.7362
      vertex -32.9493 13.2403 37
      vertex -32.0486 12.4226 37
    endloop
  endfacet
  facet normal 0.659342 0.726225 -0.19459
    outer loop
      vertex -32.9493 13.2403 37
      vertex -32.0486 5.38522 10.7362
      vertex -33.2681 6.41824 10.4594
    endloop
  endfacet
  facet normal 0.896841 -0.427281 0.11449
    outer loop
      vertex -35.7277 36.2815 37
      vertex -35.9561 35.8021 37
      vertex -35.9561 27.1986 4.8913
    endloop
  endfacet
  facet normal 0.000402084 0.258535 0.966002
    outer loop
      vertex 34.3376 7.59617 10.1437
      vertex 35.2387 8.89886 9.79468
      vertex 33.2681 6.41824 10.4594
    endloop
  endfacet
  facet normal 2.30503e-05 0.258811 0.965928
    outer loop
      vertex 35.2387 8.89886 9.79468
      vertex 35.9561 10.304 9.41817
      vertex 32.0486 5.38522 10.7362
    endloop
  endfacet
  facet normal 0.442348 -0.866284 0.232119
    outer loop
      vertex -30.7 32.9878 3.34008
      vertex -29.7308 42.5018 37
      vertex -30.7 42.0069 37
    endloop
  endfacet
  facet normal 0.442273 -0.86632 0.232131
    outer loop
      vertex -29.7308 42.5018 37
      vertex -30.7 32.9878 3.34008
      vertex -29.2453 33.6807 3.1544
    endloop
  endfacet
  facet normal -3.26432e-05 0.258858 0.965915
    outer loop
      vertex 33.2681 6.41824 10.4594
      vertex 35.2387 8.89886 9.79468
      vertex 32.0486 5.38522 10.7362
    endloop
  endfacet
  facet normal -0.321506 0.914642 -0.245077
    outer loop
      vertex 27.7094 10.2072 37
      vertex 28.1 10.3445 37
      vertex 27.7094 3.31824 11.29
    endloop
  endfacet
  facet normal -0.997855 0.0632354 -0.0169437
    outer loop
      vertex 36.9 19.2578 24.5
      vertex 36.9 14.8876 8.19001
      vertex 36.89 19.1 24.5
    endloop
  endfacet
  facet normal -0.997852 0.0632708 -0.016953
    outer loop
      vertex 36.89 19.1 24.5
      vertex 36.8699 22.1323 37
      vertex 36.89 22.4493 37
    endloop
  endfacet
  facet normal -0.997852 0.0632837 -0.0169562
    outer loop
      vertex 36.8699 22.1323 37
      vertex 36.89 19.1 24.5
      vertex 36.9 14.8876 8.19001
    endloop
  endfacet
  facet normal -0.555568 0.803139 -0.215201
    outer loop
      vertex 31.6995 12.1811 37
      vertex 30.7 4.5148 10.9694
      vertex 30.7 11.4897 37
    endloop
  endfacet
  facet normal -0.555575 0.803135 -0.2152
    outer loop
      vertex 30.7 4.5148 10.9694
      vertex 31.6995 12.1811 37
      vertex 32.0486 5.38522 10.7362
    endloop
  endfacet
  facet normal 0.195077 0.947368 -0.253846
    outer loop
      vertex -26.1185 3.01259 11.3719
      vertex -27.7094 10.2072 37
      vertex -26.1185 9.87961 37
    endloop
  endfacet
  facet normal 0.19508 0.947368 -0.253846
    outer loop
      vertex -27.7094 10.2072 37
      vertex -26.1185 3.01259 11.3719
      vertex -27.7094 3.31824 11.29
    endloop
  endfacet
  facet normal 0 -0.965925 0.258824
    outer loop
      vertex -13.7373 41.9216 30.2627
      vertex 16 42.5279 32.5254
      vertex -16 42.5279 32.5254
    endloop
  endfacet
  facet normal 0 -0.965925 0.258824
    outer loop
      vertex -13.7373 41.9216 30.2627
      vertex 13.7373 41.9216 30.2627
      vertex 16 42.5279 32.5254
    endloop
  endfacet
  facet normal 0 -0.965867 0.259038
    outer loop
      vertex -13.4613 41.8372 29.948
      vertex 13.7373 41.9216 30.2627
      vertex -13.7373 41.9216 30.2627
    endloop
  endfacet
  facet normal 0 -0.965867 0.259038
    outer loop
      vertex -13.4613 41.8372 29.948
      vertex 13.4613 41.8372 29.948
      vertex 13.7373 41.9216 30.2627
    endloop
  endfacet
  facet normal 0 -0.965958 0.258699
    outer loop
      vertex -13.2287 41.744 29.6
      vertex 13.4613 41.8372 29.948
      vertex -13.4613 41.8372 29.948
    endloop
  endfacet
  facet normal 0 -0.965958 0.258699
    outer loop
      vertex -13.2287 41.744 29.6
      vertex 13.2287 41.744 29.6
      vertex 13.4613 41.8372 29.948
    endloop
  endfacet
  facet normal 0 -0.965918 0.258848
    outer loop
      vertex -13.0436 41.6434 29.2246
      vertex 13.2287 41.744 29.6
      vertex -13.2287 41.744 29.6
    endloop
  endfacet
  facet normal 0 -0.965918 0.258848
    outer loop
      vertex -13.0436 41.6434 29.2246
      vertex 13.0436 41.6434 29.2246
      vertex 13.2287 41.744 29.6
    endloop
  endfacet
  facet normal 0 -0.965935 0.258785
    outer loop
      vertex -12.909 41.5372 28.8282
      vertex 13.0436 41.6434 29.2246
      vertex -13.0436 41.6434 29.2246
    endloop
  endfacet
  facet normal 0 -0.965935 0.258785
    outer loop
      vertex -12.909 41.5372 28.8282
      vertex 12.909 41.5372 28.8282
      vertex 13.0436 41.6434 29.2246
    endloop
  endfacet
  facet normal 0 -0.965922 0.258834
    outer loop
      vertex -12.8274 41.4272 28.4177
      vertex 12.909 41.5372 28.8282
      vertex -12.909 41.5372 28.8282
    endloop
  endfacet
  facet normal 0 -0.965922 0.258834
    outer loop
      vertex -12.8274 41.4272 28.4177
      vertex 12.8274 41.4272 28.4177
      vertex 12.909 41.5372 28.8282
    endloop
  endfacet
  facet normal 0 -0.965939 0.258771
    outer loop
      vertex -12.8 41.3153 28
      vertex 12.8274 41.4272 28.4177
      vertex -12.8274 41.4272 28.4177
    endloop
  endfacet
  facet normal 0 -0.965939 0.258771
    outer loop
      vertex -12.8 41.3153 28
      vertex 12.8 41.3153 28
      vertex 12.8274 41.4272 28.4177
    endloop
  endfacet
  facet normal 0 -0.965881 0.258987
    outer loop
      vertex -12.8274 41.2033 27.5823
      vertex 12.8 41.3153 28
      vertex -12.8 41.3153 28
    endloop
  endfacet
  facet normal 0 -0.965881 0.258987
    outer loop
      vertex -12.8274 41.2033 27.5823
      vertex 12.8274 41.2033 27.5823
      vertex 12.8 41.3153 28
    endloop
  endfacet
  facet normal 0 -0.965922 0.258834
    outer loop
      vertex -12.909 41.0933 27.1718
      vertex 12.8274 41.2033 27.5823
      vertex -12.8274 41.2033 27.5823
    endloop
  endfacet
  facet normal 0 -0.965922 0.258834
    outer loop
      vertex -12.909 41.0933 27.1718
      vertex 12.909 41.0933 27.1718
      vertex 12.8274 41.2033 27.5823
    endloop
  endfacet
  facet normal 0 -0.965935 0.258785
    outer loop
      vertex -13.0436 40.9871 26.7754
      vertex 12.909 41.0933 27.1718
      vertex -12.909 41.0933 27.1718
    endloop
  endfacet
  facet normal 0 -0.965935 0.258785
    outer loop
      vertex -13.0436 40.9871 26.7754
      vertex 13.0436 40.9871 26.7754
      vertex 12.909 41.0933 27.1718
    endloop
  endfacet
  facet normal 0 -0.965918 0.258848
    outer loop
      vertex -13.2287 40.8865 26.4
      vertex 13.0436 40.9871 26.7754
      vertex -13.0436 40.9871 26.7754
    endloop
  endfacet
  facet normal 0 -0.965918 0.258848
    outer loop
      vertex -13.2287 40.8865 26.4
      vertex 13.2287 40.8865 26.4
      vertex 13.0436 40.9871 26.7754
    endloop
  endfacet
  facet normal 0 -0.965958 0.258699
    outer loop
      vertex -13.4613 40.7933 26.052
      vertex 13.2287 40.8865 26.4
      vertex -13.2287 40.8865 26.4
    endloop
  endfacet
  facet normal 0 -0.965958 0.258699
    outer loop
      vertex -13.4613 40.7933 26.052
      vertex 13.4613 40.7933 26.052
      vertex 13.2287 40.8865 26.4
    endloop
  endfacet
  facet normal 0 -0.965944 0.258751
    outer loop
      vertex -13.7373 40.709 25.7373
      vertex 13.4613 40.7933 26.052
      vertex -13.4613 40.7933 26.052
    endloop
  endfacet
  facet normal 0 -0.965944 0.258751
    outer loop
      vertex -13.7373 40.709 25.7373
      vertex 13.7373 40.709 25.7373
      vertex 13.4613 40.7933 26.052
    endloop
  endfacet
  facet normal 0 -0.965886 0.258969
    outer loop
      vertex -14.052 40.635 25.4613
      vertex 13.7373 40.709 25.7373
      vertex -13.7373 40.709 25.7373
    endloop
  endfacet
  facet normal 0 -0.965886 0.258969
    outer loop
      vertex -14.052 40.635 25.4613
      vertex 14.052 40.635 25.4613
      vertex 13.7373 40.709 25.7373
    endloop
  endfacet
  facet normal -0.000101559 -0.965914 0.258864
    outer loop
      vertex -24.5 34.5924 2.91011
      vertex -14.052 40.635 25.4613
      vertex -14.4 40.5727 25.2287
    endloop
  endfacet
  facet normal 0 -0.965926 0.25882
    outer loop
      vertex -14.052 40.635 25.4613
      vertex -24.5 34.5924 2.91011
      vertex 14.052 40.635 25.4613
    endloop
  endfacet
  facet normal 7.2025e-06 -0.965926 0.258818
    outer loop
      vertex -24.5 34.5924 2.91011
      vertex -14.4 40.5727 25.2287
      vertex -14.7754 40.5231 25.0436
    endloop
  endfacet
  facet normal 0 -0.965926 0.25882
    outer loop
      vertex 24.5 34.5924 2.91011
      vertex 14.052 40.635 25.4613
      vertex -24.5 34.5924 2.91011
    endloop
  endfacet
  facet normal 1.15713e-05 -0.965927 0.258816
    outer loop
      vertex -24.5 34.5924 2.91011
      vertex -14.7754 40.5231 25.0436
      vertex -15.0293 40.5 24.9574
    endloop
  endfacet
  facet normal 0.000101559 -0.965914 0.258864
    outer loop
      vertex 14.052 40.635 25.4613
      vertex 24.5 34.5924 2.91011
      vertex 14.4 40.5727 25.2287
    endloop
  endfacet
  facet normal 0 -0.965929 0.258806
    outer loop
      vertex -24.5 43.7268 37
      vertex -16 42.5279 32.5254
      vertex 24.5 43.7268 37
    endloop
  endfacet
  facet normal 6.54586e-06 -0.965926 0.258817
    outer loop
      vertex -24.5 43.7268 37
      vertex -18.2627 41.9216 30.2627
      vertex -16 42.5279 32.5254
    endloop
  endfacet
  facet normal 0.000134353 -0.965897 0.258928
    outer loop
      vertex -24.5 43.7268 37
      vertex -18.5387 41.8372 29.948
      vertex -18.2627 41.9216 30.2627
    endloop
  endfacet
  facet normal -8.69519e-05 -0.965943 0.258753
    outer loop
      vertex -24.5 43.7268 37
      vertex -18.7713 41.744 29.6
      vertex -18.5387 41.8372 29.948
    endloop
  endfacet
  facet normal 2.65826e-05 -0.965921 0.258835
    outer loop
      vertex -24.5 43.7268 37
      vertex -18.9564 41.6434 29.2246
      vertex -18.7713 41.744 29.6
    endloop
  endfacet
  facet normal -3.34319e-05 -0.965932 0.258795
    outer loop
      vertex -24.5 43.7268 37
      vertex -19.091 41.5372 28.8282
      vertex -18.9564 41.6434 29.2246
    endloop
  endfacet
  facet normal 2.24819e-05 -0.965923 0.25883
    outer loop
      vertex -24.5 43.7268 37
      vertex -19.1726 41.4272 28.4177
      vertex -19.091 41.5372 28.8282
    endloop
  endfacet
  facet normal -7.20603e-05 -0.965938 0.258775
    outer loop
      vertex -24.5 43.7268 37
      vertex -19.2 41.3153 28
      vertex -19.1726 41.4272 28.4177
    endloop
  endfacet
  facet normal 0.000351768 -0.965875 0.259008
    outer loop
      vertex -24.5 43.7268 37
      vertex -19.1726 41.2033 27.5823
      vertex -19.2 41.3153 28
    endloop
  endfacet
  facet normal 3.42196e-05 -0.96592 0.25884
    outer loop
      vertex -24.5 43.7268 37
      vertex -19.091 41.0933 27.1718
      vertex -19.1726 41.2033 27.5823
    endloop
  endfacet
  facet normal -5.31824e-06 -0.965926 0.25882
    outer loop
      vertex -24.5 34.5924 2.91011
      vertex -19.091 41.0933 27.1718
      vertex -24.5 43.7268 37
    endloop
  endfacet
  facet normal 6.52223e-05 -0.965929 0.258805
    outer loop
      vertex -19.091 41.0933 27.1718
      vertex -24.5 34.5924 2.91011
      vertex -18.9564 40.9871 26.7754
    endloop
  endfacet
  facet normal 0 -0.965925 0.258821
    outer loop
      vertex -24.5 34.5924 2.91011
      vertex -15.0293 40.5 24.9574
      vertex -16.9707 40.5 24.9574
    endloop
  endfacet
  facet normal -7.2025e-06 -0.965926 0.258818
    outer loop
      vertex 14.4 40.5727 25.2287
      vertex 24.5 34.5924 2.91011
      vertex 14.7754 40.5231 25.0436
    endloop
  endfacet
  facet normal -1.15713e-05 -0.965927 0.258816
    outer loop
      vertex 14.7754 40.5231 25.0436
      vertex 24.5 34.5924 2.91011
      vertex 15.0293 40.5 24.9574
    endloop
  endfacet
  facet normal -8.85684e-06 -0.965925 0.258824
    outer loop
      vertex -17.2246 40.5231 25.0436
      vertex -24.5 34.5924 2.91011
      vertex -16.9707 40.5 24.9574
    endloop
  endfacet
  facet normal -4.85524e-06 -0.965925 0.258823
    outer loop
      vertex -17.6 40.5727 25.2287
      vertex -24.5 34.5924 2.91011
      vertex -17.2246 40.5231 25.0436
    endloop
  endfacet
  facet normal 5.87097e-05 -0.96593 0.258804
    outer loop
      vertex -17.948 40.635 25.4613
      vertex -24.5 34.5924 2.91011
      vertex -17.6 40.5727 25.2287
    endloop
  endfacet
  facet normal -0.00011177 -0.965917 0.25885
    outer loop
      vertex -18.2627 40.709 25.7373
      vertex -24.5 34.5924 2.91011
      vertex -17.948 40.635 25.4613
    endloop
  endfacet
  facet normal 6.5684e-05 -0.96593 0.258805
    outer loop
      vertex -18.5387 40.7933 26.052
      vertex -24.5 34.5924 2.91011
      vertex -18.2627 40.709 25.7373
    endloop
  endfacet
  facet normal 0.000141063 -0.965934 0.258787
    outer loop
      vertex -18.7713 40.8865 26.4
      vertex -24.5 34.5924 2.91011
      vertex -18.5387 40.7933 26.052
    endloop
  endfacet
  facet normal -4.12905e-05 -0.965923 0.258829
    outer loop
      vertex -18.9564 40.9871 26.7754
      vertex -24.5 34.5924 2.91011
      vertex -18.7713 40.8865 26.4
    endloop
  endfacet
  facet normal 0 -0.965929 0.258806
    outer loop
      vertex 16 42.5279 32.5254
      vertex 24.5 43.7268 37
      vertex -16 42.5279 32.5254
    endloop
  endfacet
  facet normal -6.54586e-06 -0.965926 0.258817
    outer loop
      vertex 18.2627 41.9216 30.2627
      vertex 24.5 43.7268 37
      vertex 16 42.5279 32.5254
    endloop
  endfacet
  facet normal -0.000134353 -0.965897 0.258928
    outer loop
      vertex 18.5387 41.8372 29.948
      vertex 24.5 43.7268 37
      vertex 18.2627 41.9216 30.2627
    endloop
  endfacet
  facet normal 8.69519e-05 -0.965943 0.258753
    outer loop
      vertex 18.7713 41.744 29.6
      vertex 24.5 43.7268 37
      vertex 18.5387 41.8372 29.948
    endloop
  endfacet
  facet normal -2.65826e-05 -0.965921 0.258835
    outer loop
      vertex 18.9564 41.6434 29.2246
      vertex 24.5 43.7268 37
      vertex 18.7713 41.744 29.6
    endloop
  endfacet
  facet normal 3.34319e-05 -0.965932 0.258795
    outer loop
      vertex 19.091 41.5372 28.8282
      vertex 24.5 43.7268 37
      vertex 18.9564 41.6434 29.2246
    endloop
  endfacet
  facet normal -2.24819e-05 -0.965923 0.25883
    outer loop
      vertex 19.1726 41.4272 28.4177
      vertex 24.5 43.7268 37
      vertex 19.091 41.5372 28.8282
    endloop
  endfacet
  facet normal 7.20603e-05 -0.965938 0.258775
    outer loop
      vertex 19.2 41.3153 28
      vertex 24.5 43.7268 37
      vertex 19.1726 41.4272 28.4177
    endloop
  endfacet
  facet normal -0.000351768 -0.965875 0.259008
    outer loop
      vertex 19.1726 41.2033 27.5823
      vertex 24.5 43.7268 37
      vertex 19.2 41.3153 28
    endloop
  endfacet
  facet normal -3.42196e-05 -0.96592 0.25884
    outer loop
      vertex 19.091 41.0933 27.1718
      vertex 24.5 43.7268 37
      vertex 19.1726 41.2033 27.5823
    endloop
  endfacet
  facet normal -6.52223e-05 -0.965929 0.258805
    outer loop
      vertex 24.5 34.5924 2.91011
      vertex 19.091 41.0933 27.1718
      vertex 18.9564 40.9871 26.7754
    endloop
  endfacet
  facet normal 4.12905e-05 -0.965923 0.258829
    outer loop
      vertex 24.5 34.5924 2.91011
      vertex 18.9564 40.9871 26.7754
      vertex 18.7713 40.8865 26.4
    endloop
  endfacet
  facet normal 0 -0.965925 0.258821
    outer loop
      vertex 15.0293 40.5 24.9574
      vertex 24.5 34.5924 2.91011
      vertex 16.9707 40.5 24.9574
    endloop
  endfacet
  facet normal 8.85684e-06 -0.965925 0.258824
    outer loop
      vertex 16.9707 40.5 24.9574
      vertex 24.5 34.5924 2.91011
      vertex 17.2246 40.5231 25.0436
    endloop
  endfacet
  facet normal 5.31824e-06 -0.965926 0.25882
    outer loop
      vertex 19.091 41.0933 27.1718
      vertex 24.5 34.5924 2.91011
      vertex 24.5 43.7268 37
    endloop
  endfacet
  facet normal -0.000141063 -0.965934 0.258787
    outer loop
      vertex 18.5387 40.7933 26.052
      vertex 24.5 34.5924 2.91011
      vertex 18.7713 40.8865 26.4
    endloop
  endfacet
  facet normal -6.5684e-05 -0.96593 0.258805
    outer loop
      vertex 18.2627 40.709 25.7373
      vertex 24.5 34.5924 2.91011
      vertex 18.5387 40.7933 26.052
    endloop
  endfacet
  facet normal 0.00011177 -0.965917 0.25885
    outer loop
      vertex 17.948 40.635 25.4613
      vertex 24.5 34.5924 2.91011
      vertex 18.2627 40.709 25.7373
    endloop
  endfacet
  facet normal -5.87097e-05 -0.96593 0.258804
    outer loop
      vertex 17.6 40.5727 25.2287
      vertex 24.5 34.5924 2.91011
      vertex 17.948 40.635 25.4613
    endloop
  endfacet
  facet normal 4.85524e-06 -0.965925 0.258823
    outer loop
      vertex 17.2246 40.5231 25.0436
      vertex 24.5 34.5924 2.91011
      vertex 17.6 40.5727 25.2287
    endloop
  endfacet
  facet normal 0.980791 -0.188417 0.0504862
    outer loop
      vertex -36.7939 32.565 37
      vertex -36.4775 25.715 5.28882
      vertex -36.4775 34.212 37
    endloop
  endfacet
  facet normal 0.980789 -0.188425 0.050488
    outer loop
      vertex -36.4775 25.715 5.28882
      vertex -36.7939 32.565 37
      vertex -36.7939 24.1784 5.70055
    endloop
  endfacet
  facet normal -0.321432 -0.914667 0.245084
    outer loop
      vertex 29.2453 33.6807 3.1544
      vertex 29.2453 42.7496 37
      vertex 28.7311 42.9303 37
    endloop
  endfacet
  facet normal 1.96891e-06 0.258817 0.965926
    outer loop
      vertex -26.1185 34.49 2.93756
      vertex -30.7 32.9878 3.34008
      vertex -36.4775 25.715 5.28882
    endloop
  endfacet
  facet normal 0.946897 -0.310582 0.0832204
    outer loop
      vertex -36.3135 34.712 37
      vertex -36.4775 34.212 37
      vertex -36.4775 25.715 5.28882
    endloop
  endfacet
  facet normal 0.555568 0.803139 -0.215201
    outer loop
      vertex -30.7 4.5148 10.9694
      vertex -31.6995 12.1811 37
      vertex -30.7 11.4897 37
    endloop
  endfacet
  facet normal 0.555575 0.803135 -0.2152
    outer loop
      vertex -31.6995 12.1811 37
      vertex -30.7 4.5148 10.9694
      vertex -32.0486 5.38522 10.7362
    endloop
  endfacet
  facet normal -2.30503e-05 0.258811 0.965928
    outer loop
      vertex -35.2387 8.89886 9.79468
      vertex -32.0486 5.38522 10.7362
      vertex -35.9561 10.304 9.41817
    endloop
  endfacet
  facet normal -0.195173 -0.94735 0.253842
    outer loop
      vertex 26.6534 43.5068 37
      vertex 26.1185 43.617 37
      vertex 26.1185 34.49 2.93756
    endloop
  endfacet
  facet normal -0.831447 -0.536673 0.143801
    outer loop
      vertex 34.6289 38.253 37
      vertex 34.3376 38.7043 37
      vertex 34.3376 29.9064 4.16573
    endloop
  endfacet
  facet normal -0.321476 -0.914653 0.24508
    outer loop
      vertex 27.7094 43.2894 37
      vertex 29.2453 33.6807 3.1544
      vertex 28.7311 42.9303 37
    endloop
  endfacet
  facet normal -0.321438 -0.914664 0.245085
    outer loop
      vertex 29.2453 33.6807 3.1544
      vertex 27.7094 43.2894 37
      vertex 27.7094 34.1843 3.01946
    endloop
  endfacet
  facet normal 1.84007e-05 0.258873 0.965911
    outer loop
      vertex 29.2453 33.6807 3.1544
      vertex 27.7094 34.1843 3.01946
      vertex 26.1185 34.49 2.93756
    endloop
  endfacet
  facet normal -0.0653887 -0.963859 0.258265
    outer loop
      vertex 24.5 43.7268 37
      vertex 26.1185 34.49 2.93756
      vertex 26.1185 43.617 37
    endloop
  endfacet
  facet normal -0.0653622 -0.96386 0.258267
    outer loop
      vertex 26.1185 34.49 2.93756
      vertex 24.5 43.7268 37
      vertex 24.5 34.5924 2.91011
    endloop
  endfacet
  facet normal 1.64474e-05 0.258829 0.965923
    outer loop
      vertex 36.4775 25.715 5.28882
      vertex 34.3376 29.9064 4.16573
      vertex 32.0486 32.1174 3.57331
    endloop
  endfacet
  facet normal -1.04787e-05 0.258811 0.965928
    outer loop
      vertex 36.4775 25.715 5.28882
      vertex 32.0486 32.1174 3.57331
      vertex 30.7 32.9878 3.34008
    endloop
  endfacet
  facet normal -4.97884e-05 0.258797 0.965932
    outer loop
      vertex 36.4775 25.715 5.28882
      vertex 35.9561 27.1986 4.8913
      vertex 34.3376 29.9064 4.16573
    endloop
  endfacet
  facet normal -0.946925 0.310501 -0.0831979
    outer loop
      vertex 36.4775 11.7876 9.02065
      vertex 35.9561 17.6945 37
      vertex 36.4775 19.2846 37
    endloop
  endfacet
  facet normal -0.946926 0.310498 -0.0831973
    outer loop
      vertex 35.9561 17.6945 37
      vertex 36.4775 11.7876 9.02065
      vertex 35.9561 10.304 9.41817
    endloop
  endfacet
  facet normal -1.76613e-05 0.258819 0.965926
    outer loop
      vertex 36.4775 11.7876 9.02065
      vertex 36.7939 24.1784 5.70055
      vertex 35.9561 10.304 9.41817
    endloop
  endfacet
  facet normal -0.000119562 0.258617 0.96598
    outer loop
      vertex -30.7 4.5148 10.9694
      vertex -29.2453 3.82185 11.1551
      vertex -32.0486 5.38522 10.7362
    endloop
  endfacet
  facet normal 0.65942 0.726159 -0.194574
    outer loop
      vertex -33.2681 13.5298 37
      vertex -32.9493 13.2403 37
      vertex -33.2681 6.41824 10.4594
    endloop
  endfacet
  facet normal 0.321445 0.914662 -0.245084
    outer loop
      vertex -27.7094 3.31824 11.29
      vertex -29.2453 10.747 37
      vertex -28.1 10.3445 37
    endloop
  endfacet
  facet normal 0.321438 0.914665 -0.245085
    outer loop
      vertex -29.2453 10.747 37
      vertex -27.7094 3.31824 11.29
      vertex -29.2453 3.82185 11.1551
    endloop
  endfacet
  facet normal -3.92336e-05 0.258632 0.965976
    outer loop
      vertex -27.7094 3.31824 11.29
      vertex -26.1185 3.01259 11.3719
      vertex -29.2453 3.82185 11.1551
    endloop
  endfacet
  facet normal 0.0653887 -0.963859 0.258265
    outer loop
      vertex -26.1185 34.49 2.93756
      vertex -24.5 43.7268 37
      vertex -26.1185 43.617 37
    endloop
  endfacet
  facet normal 0.0653622 -0.96386 0.258267
    outer loop
      vertex -24.5 43.7268 37
      vertex -26.1185 34.49 2.93756
      vertex -24.5 34.5924 2.91011
    endloop
  endfacet
  facet normal 0.896877 -0.427209 0.114471
    outer loop
      vertex -35.7277 36.2815 37
      vertex -35.2387 28.6037 4.51478
      vertex -35.2387 37.3081 37
    endloop
  endfacet
  facet normal 0.896864 -0.427235 0.114476
    outer loop
      vertex -35.2387 28.6037 4.51478
      vertex -35.7277 36.2815 37
      vertex -35.9561 27.1986 4.8913
    endloop
  endfacet
  facet normal 0.751826 -0.636894 0.170655
    outer loop
      vertex -34.3376 38.7043 37
      vertex -33.2681 31.0843 3.8501
      vertex -33.2681 39.9668 37
    endloop
  endfacet
  facet normal 0.751819 -0.636902 0.170657
    outer loop
      vertex -33.2681 31.0843 3.8501
      vertex -34.3376 38.7043 37
      vertex -34.3376 29.9064 4.16573
    endloop
  endfacet
  facet normal -0.000135211 0.258943 0.965893
    outer loop
      vertex -32.0486 32.1174 3.57331
      vertex -33.2681 31.0843 3.8501
      vertex -34.3376 29.9064 4.16573
    endloop
  endfacet
  facet normal 0.997854 -0.0632483 0.0169472
    outer loop
      vertex -36.7939 24.1784 5.70055
      vertex -36.7939 32.565 37
      vertex -36.8266 32.0491 37
    endloop
  endfacet
  facet normal 0.555587 0.803127 -0.215198
    outer loop
      vertex -32.0486 12.4226 37
      vertex -31.6995 12.1811 37
      vertex -32.0486 5.38522 10.7362
    endloop
  endfacet
  facet normal 3.26432e-05 0.258858 0.965915
    outer loop
      vertex -33.2681 6.41824 10.4594
      vertex -32.0486 5.38522 10.7362
      vertex -35.2387 8.89886 9.79468
    endloop
  endfacet
  facet normal -0.000402084 0.258535 0.966002
    outer loop
      vertex -34.3376 7.59617 10.1437
      vertex -33.2681 6.41824 10.4594
      vertex -35.2387 8.89886 9.79468
    endloop
  endfacet
  facet normal -0.831469 0.536641 -0.143793
    outer loop
      vertex 34.3376 14.7923 37
      vertex 34.5775 15.164 37
      vertex 34.3376 7.59617 10.1437
    endloop
  endfacet
  facet normal -0.442296 0.866309 -0.232128
    outer loop
      vertex 30.7 11.4897 37
      vertex 29.2453 3.82185 11.1551
      vertex 29.2453 10.747 37
    endloop
  endfacet
  facet normal -0.4423 0.866307 -0.232127
    outer loop
      vertex 29.2453 3.82185 11.1551
      vertex 30.7 11.4897 37
      vertex 30.7 4.5148 10.9694
    endloop
  endfacet
  facet normal 0.000119562 0.258617 0.96598
    outer loop
      vertex 30.7 4.5148 10.9694
      vertex 32.0486 5.38522 10.7362
      vertex 29.2453 3.82185 11.1551
    endloop
  endfacet
  facet normal -0.65932 0.726243 -0.194597
    outer loop
      vertex 32.9493 13.2403 37
      vertex 32.0486 5.38522 10.7362
      vertex 32.0486 12.4226 37
    endloop
  endfacet
  facet normal -0.659342 0.726225 -0.19459
    outer loop
      vertex 32.0486 5.38522 10.7362
      vertex 32.9493 13.2403 37
      vertex 33.2681 6.41824 10.4594
    endloop
  endfacet
  facet normal 0.000135211 0.258943 0.965893
    outer loop
      vertex 34.3376 29.9064 4.16573
      vertex 33.2681 31.0843 3.8501
      vertex 32.0486 32.1174 3.57331
    endloop
  endfacet
  facet normal -0.555573 -0.803136 0.215198
    outer loop
      vertex 30.7 42.0069 37
      vertex 32.0486 32.1174 3.57331
      vertex 32.0486 41.074 37
    endloop
  endfacet
  facet normal -0.55557 -0.803138 0.215199
    outer loop
      vertex 32.0486 32.1174 3.57331
      vertex 30.7 42.0069 37
      vertex 30.7 32.9878 3.34008
    endloop
  endfacet
  facet normal -0.659346 -0.726221 0.194591
    outer loop
      vertex 32.0486 41.074 37
      vertex 33.2681 31.0843 3.8501
      vertex 33.2681 39.9668 37
    endloop
  endfacet
  facet normal -0.659368 -0.726203 0.194584
    outer loop
      vertex 33.2681 31.0843 3.8501
      vertex 32.0486 41.074 37
      vertex 32.0486 32.1174 3.57331
    endloop
  endfacet
  facet normal 0.000123656 0.258894 0.965906
    outer loop
      vertex 35.9561 27.1986 4.8913
      vertex 35.2387 28.6037 4.51478
      vertex 34.3376 29.9064 4.16573
    endloop
  endfacet
  facet normal -0.946938 -0.310463 0.0831883
    outer loop
      vertex 35.9561 27.1986 4.8913
      vertex 36.3135 34.712 37
      vertex 35.9561 35.8021 37
    endloop
  endfacet
  facet normal -0.946926 -0.310498 0.0831964
    outer loop
      vertex 36.3135 34.712 37
      vertex 35.9561 27.1986 4.8913
      vertex 36.4775 25.715 5.28882
    endloop
  endfacet
  facet normal -0.980789 0.188426 -0.0504888
    outer loop
      vertex 36.7939 13.3242 8.60891
      vertex 36.5653 19.7417 37
      vertex 36.7939 20.9316 37
    endloop
  endfacet
  facet normal -0.980789 0.188425 -0.0504885
    outer loop
      vertex 36.5653 19.7417 37
      vertex 36.7939 13.3242 8.60891
      vertex 36.4775 11.7876 9.02065
    endloop
  endfacet
  facet normal -0.751826 0.636894 -0.170655
    outer loop
      vertex 34.3376 7.59617 10.1437
      vertex 33.2681 13.5298 37
      vertex 34.3376 14.7923 37
    endloop
  endfacet
  facet normal -0.751832 0.636887 -0.170654
    outer loop
      vertex 33.2681 13.5298 37
      vertex 34.3376 7.59617 10.1437
      vertex 33.2681 6.41824 10.4594
    endloop
  endfacet
  facet normal 0.831469 0.536641 -0.143793
    outer loop
      vertex -34.3376 14.7923 37
      vertex -34.3376 7.59617 10.1437
      vertex -34.5775 15.164 37
    endloop
  endfacet
  facet normal 0.321506 0.914642 -0.245077
    outer loop
      vertex -27.7094 10.2072 37
      vertex -27.7094 3.31824 11.29
      vertex -28.1 10.3445 37
    endloop
  endfacet
  facet normal 0 0.965926 -0.258819
    outer loop
      vertex 24.5 9.76979 37
      vertex 3.2 6.0185 23
      vertex 3.2 9.76979 37
    endloop
  endfacet
  facet normal 0 0.965926 -0.25882
    outer loop
      vertex 3.2 6.0185 23
      vertex 24.5 2.91012 11.3994
      vertex -3.2 6.0185 23
    endloop
  endfacet
  facet normal 1.86396e-07 0.965926 -0.258819
    outer loop
      vertex 24.5 2.91012 11.3994
      vertex 3.2 6.0185 23
      vertex 24.5 9.76979 37
    endloop
  endfacet
  facet normal 0 0.965926 -0.258819
    outer loop
      vertex -3.2 6.0185 23
      vertex -24.5 9.76979 37
      vertex -3.2 9.76979 37
    endloop
  endfacet
  facet normal -1.86396e-07 0.965926 -0.258819
    outer loop
      vertex -3.2 6.0185 23
      vertex -24.5 2.91012 11.3994
      vertex -24.5 9.76979 37
    endloop
  endfacet
  facet normal 0 0.965926 -0.25882
    outer loop
      vertex -24.5 2.91012 11.3994
      vertex -3.2 6.0185 23
      vertex 24.5 2.91012 11.3994
    endloop
  endfacet
  facet normal 1.12945e-06 0.258818 0.965926
    outer loop
      vertex -26.1185 34.49 2.93756
      vertex -36.4775 25.715 5.28882
      vertex -36.7939 24.1784 5.70055
    endloop
  endfacet
  facet normal 1.34372e-06 0.258818 0.965926
    outer loop
      vertex -35.9561 10.304 9.41817
      vertex -26.1185 34.49 2.93756
      vertex -36.7939 24.1784 5.70055
    endloop
  endfacet
  facet normal 0.442191 -0.866359 0.23214
    outer loop
      vertex -29.2453 33.6807 3.1544
      vertex -29.2453 42.7496 37
      vertex -29.7308 42.5018 37
    endloop
  endfacet
  facet normal 1.04787e-05 0.258811 0.965928
    outer loop
      vertex -30.7 32.9878 3.34008
      vertex -32.0486 32.1174 3.57331
      vertex -36.4775 25.715 5.28882
    endloop
  endfacet
  facet normal 0.659346 -0.726221 0.194591
    outer loop
      vertex -33.2681 31.0843 3.8501
      vertex -32.0486 41.074 37
      vertex -33.2681 39.9668 37
    endloop
  endfacet
  facet normal 0.659368 -0.726203 0.194584
    outer loop
      vertex -32.0486 41.074 37
      vertex -33.2681 31.0843 3.8501
      vertex -32.0486 32.1174 3.57331
    endloop
  endfacet
  facet normal 0.442296 0.866309 -0.232128
    outer loop
      vertex -29.2453 3.82185 11.1551
      vertex -30.7 11.4897 37
      vertex -29.2453 10.747 37
    endloop
  endfacet
  facet normal 0.4423 0.866307 -0.232127
    outer loop
      vertex -30.7 11.4897 37
      vertex -29.2453 3.82185 11.1551
      vertex -30.7 4.5148 10.9694
    endloop
  endfacet
  facet normal 0.751826 0.636894 -0.170655
    outer loop
      vertex -33.2681 13.5298 37
      vertex -34.3376 7.59617 10.1437
      vertex -34.3376 14.7923 37
    endloop
  endfacet
  facet normal 0.751832 0.636887 -0.170654
    outer loop
      vertex -34.3376 7.59617 10.1437
      vertex -33.2681 13.5298 37
      vertex -33.2681 6.41824 10.4594
    endloop
  endfacet
  facet normal -0.831479 0.536626 -0.143789
    outer loop
      vertex 35.2387 8.89886 9.79468
      vertex 34.5775 15.164 37
      vertex 35.2387 16.1885 37
    endloop
  endfacet
  facet normal -0.831478 0.536628 -0.143789
    outer loop
      vertex 34.5775 15.164 37
      vertex 35.2387 8.89886 9.79468
      vertex 34.3376 7.59617 10.1437
    endloop
  endfacet
  facet normal -0.980796 0.188392 -0.0504791
    outer loop
      vertex 36.4775 19.2846 37
      vertex 36.5653 19.7417 37
      vertex 36.4775 11.7876 9.02065
    endloop
  endfacet
  facet normal -1 0 0
    outer loop
      vertex 36.9 22.615 6.11946
      vertex 36.9 27.2 24.5
      vertex 36.9 30.8894 37
    endloop
  endfacet
  facet normal -1 0 0
    outer loop
      vertex 36.9 22.615 6.11946
      vertex 36.9 19.2578 24.5
      vertex 36.9 27.2 24.5
    endloop
  endfacet
  facet normal -1 0 -0
    outer loop
      vertex 36.9 19.2578 24.5
      vertex 36.9 22.615 6.11946
      vertex 36.9 14.8876 8.19001
    endloop
  endfacet
  facet normal -1 -0 0
    outer loop
      vertex 36.9 30.8894 37
      vertex 36.9 27.2 24.5
      vertex 36.9 27.2 37
    endloop
  endfacet
  facet normal -0.980791 -0.188417 0.0504862
    outer loop
      vertex 36.4775 25.715 5.28882
      vertex 36.7939 32.565 37
      vertex 36.4775 34.212 37
    endloop
  endfacet
  facet normal -0.980789 -0.188425 0.050488
    outer loop
      vertex 36.7939 32.565 37
      vertex 36.4775 25.715 5.28882
      vertex 36.7939 24.1784 5.70055
    endloop
  endfacet
  facet normal -0.946897 -0.310582 0.0832204
    outer loop
      vertex 36.4775 25.715 5.28882
      vertex 36.4775 34.212 37
      vertex 36.3135 34.712 37
    endloop
  endfacet
  facet normal 9.48842e-05 0.258806 0.965929
    outer loop
      vertex 36.7939 13.3242 8.60891
      vertex 36.9 14.8876 8.19001
      vertex 36.4775 11.7876 9.02065
    endloop
  endfacet
  facet normal -0.99786 0.0631609 -0.0169253
    outer loop
      vertex 36.9 14.8876 8.19001
      vertex 36.7939 20.9316 37
      vertex 36.8699 22.1323 37
    endloop
  endfacet
  facet normal -0.997858 0.0631833 -0.01693
    outer loop
      vertex 36.7939 20.9316 37
      vertex 36.9 14.8876 8.19001
      vertex 36.7939 13.3242 8.60891
    endloop
  endfacet
  facet normal 1 0 0
    outer loop
      vertex -36.9 27.2 24.5
      vertex -36.9 30.8894 37
      vertex -36.9 27.2 37
    endloop
  endfacet
  facet normal 1 -0 0
    outer loop
      vertex -36.9 27.2 24.5
      vertex -36.9 22.615 6.11946
      vertex -36.9 30.8894 37
    endloop
  endfacet
  facet normal 1 -0 0
    outer loop
      vertex -36.9 19.2578 24.5
      vertex -36.9 22.615 6.11946
      vertex -36.9 27.2 24.5
    endloop
  endfacet
  facet normal 1 0 0
    outer loop
      vertex -36.9 22.615 6.11946
      vertex -36.9 19.2578 24.5
      vertex -36.9 14.8876 8.19001
    endloop
  endfacet
  facet normal 0.831479 0.536626 -0.143789
    outer loop
      vertex -34.5775 15.164 37
      vertex -35.2387 8.89886 9.79468
      vertex -35.2387 16.1885 37
    endloop
  endfacet
  facet normal 0.831478 0.536628 -0.143789
    outer loop
      vertex -35.2387 8.89886 9.79468
      vertex -34.5775 15.164 37
      vertex -34.3376 7.59617 10.1437
    endloop
  endfacet
  facet normal 4.97884e-05 0.258797 0.965932
    outer loop
      vertex -34.3376 29.9064 4.16573
      vertex -35.9561 27.1986 4.8913
      vertex -36.4775 25.715 5.28882
    endloop
  endfacet
  facet normal -0.000123656 0.258894 0.965906
    outer loop
      vertex -34.3376 29.9064 4.16573
      vertex -35.2387 28.6037 4.51478
      vertex -35.9561 27.1986 4.8913
    endloop
  endfacet
  facet normal -0.896866 0.427232 -0.114476
    outer loop
      vertex 35.9561 10.304 9.41817
      vertex 35.2387 16.1885 37
      vertex 35.9561 17.6945 37
    endloop
  endfacet
  facet normal -0.896869 0.427226 -0.114475
    outer loop
      vertex 35.2387 16.1885 37
      vertex 35.9561 10.304 9.41817
      vertex 35.2387 8.89886 9.79468
    endloop
  endfacet
  facet normal -0.555587 0.803127 -0.215198
    outer loop
      vertex 32.0486 12.4226 37
      vertex 32.0486 5.38522 10.7362
      vertex 31.6995 12.1811 37
    endloop
  endfacet
  facet normal 1.50047e-05 0.258819 0.965926
    outer loop
      vertex 36.9 14.8876 8.19001
      vertex 36.9 22.615 6.11946
      vertex 36.7939 24.1784 5.70055
    endloop
  endfacet
  facet normal -0.896841 -0.427281 0.11449
    outer loop
      vertex 35.9561 27.1986 4.8913
      vertex 35.9561 35.8021 37
      vertex 35.7277 36.2815 37
    endloop
  endfacet
  facet normal -0.896877 -0.427209 0.114471
    outer loop
      vertex 35.2387 28.6037 4.51478
      vertex 35.7277 36.2815 37
      vertex 35.2387 37.3081 37
    endloop
  endfacet
  facet normal -0.896864 -0.427235 0.114476
    outer loop
      vertex 35.7277 36.2815 37
      vertex 35.2387 28.6037 4.51478
      vertex 35.9561 27.1986 4.8913
    endloop
  endfacet
  facet normal -1.50047e-05 0.258819 0.965926
    outer loop
      vertex -36.7939 24.1784 5.70055
      vertex -36.9 22.615 6.11946
      vertex -36.9 14.8876 8.19001
    endloop
  endfacet
  facet normal 3.60735e-06 0.258819 0.965926
    outer loop
      vertex -36.4775 11.7876 9.02065
      vertex -36.7939 24.1784 5.70055
      vertex -36.9 14.8876 8.19001
    endloop
  endfacet
  facet normal 0.195173 -0.94735 0.253842
    outer loop
      vertex -26.1185 34.49 2.93756
      vertex -26.1185 43.617 37
      vertex -26.6534 43.5068 37
    endloop
  endfacet
  facet normal 0.555573 -0.803136 0.215198
    outer loop
      vertex -32.0486 32.1174 3.57331
      vertex -30.7 42.0069 37
      vertex -32.0486 41.074 37
    endloop
  endfacet
  facet normal 0.55557 -0.803138 0.215199
    outer loop
      vertex -30.7 42.0069 37
      vertex -32.0486 32.1174 3.57331
      vertex -30.7 32.9878 3.34008
    endloop
  endfacet
  facet normal -0.65942 0.726159 -0.194574
    outer loop
      vertex 33.2681 13.5298 37
      vertex 33.2681 6.41824 10.4594
      vertex 32.9493 13.2403 37
    endloop
  endfacet
  facet normal -0.99786 -0.0631568 0.0169242
    outer loop
      vertex 36.7939 24.1784 5.70055
      vertex 36.9 30.8894 37
      vertex 36.8266 32.0491 37
    endloop
  endfacet
  facet normal -0.997858 -0.0631832 0.0169299
    outer loop
      vertex 36.9 30.8894 37
      vertex 36.7939 24.1784 5.70055
      vertex 36.9 22.615 6.11946
    endloop
  endfacet
  facet normal -0.997854 -0.0632483 0.0169472
    outer loop
      vertex 36.8266 32.0491 37
      vertex 36.7939 32.565 37
      vertex 36.7939 24.1784 5.70055
    endloop
  endfacet
  facet normal -0.83149 -0.53661 0.143785
    outer loop
      vertex 34.3376 29.9064 4.16573
      vertex 35.2387 37.3081 37
      vertex 34.6289 38.253 37
    endloop
  endfacet
  facet normal -0.831481 -0.536623 0.143788
    outer loop
      vertex 35.2387 37.3081 37
      vertex 34.3376 29.9064 4.16573
      vertex 35.2387 28.6037 4.51478
    endloop
  endfacet
  facet normal 0.997852 0.0632708 -0.016953
    outer loop
      vertex -36.8699 22.1323 37
      vertex -36.89 19.1 24.5
      vertex -36.89 22.4493 37
    endloop
  endfacet
  facet normal 0.997852 0.0632837 -0.0169562
    outer loop
      vertex -36.89 19.1 24.5
      vertex -36.8699 22.1323 37
      vertex -36.9 14.8876 8.19001
    endloop
  endfacet
  facet normal 0.997855 0.0632354 -0.0169437
    outer loop
      vertex -36.9 19.2578 24.5
      vertex -36.89 19.1 24.5
      vertex -36.9 14.8876 8.19001
    endloop
  endfacet
  facet normal 0.896866 0.427232 -0.114476
    outer loop
      vertex -35.2387 16.1885 37
      vertex -35.9561 10.304 9.41817
      vertex -35.9561 17.6945 37
    endloop
  endfacet
  facet normal 0.896869 0.427226 -0.114475
    outer loop
      vertex -35.9561 10.304 9.41817
      vertex -35.2387 16.1885 37
      vertex -35.2387 8.89886 9.79468
    endloop
  endfacet
  facet normal 0.99786 -0.0631568 0.0169242
    outer loop
      vertex -36.9 30.8894 37
      vertex -36.7939 24.1784 5.70055
      vertex -36.8266 32.0491 37
    endloop
  endfacet
  facet normal 0.997858 -0.0631832 0.0169299
    outer loop
      vertex -36.7939 24.1784 5.70055
      vertex -36.9 30.8894 37
      vertex -36.9 22.615 6.11946
    endloop
  endfacet
  facet normal 0.321432 -0.914667 0.245084
    outer loop
      vertex -28.7311 42.9303 37
      vertex -29.2453 42.7496 37
      vertex -29.2453 33.6807 3.1544
    endloop
  endfacet
  facet normal 0.321476 -0.914653 0.24508
    outer loop
      vertex -29.2453 33.6807 3.1544
      vertex -27.7094 43.2894 37
      vertex -28.7311 42.9303 37
    endloop
  endfacet
  facet normal 0.321438 -0.914664 0.245085
    outer loop
      vertex -27.7094 43.2894 37
      vertex -29.2453 33.6807 3.1544
      vertex -27.7094 34.1843 3.01946
    endloop
  endfacet
  facet normal -0.751826 -0.636894 0.170655
    outer loop
      vertex 33.2681 31.0843 3.8501
      vertex 34.3376 38.7043 37
      vertex 33.2681 39.9668 37
    endloop
  endfacet
  facet normal -0.751819 -0.636902 0.170657
    outer loop
      vertex 34.3376 38.7043 37
      vertex 33.2681 31.0843 3.8501
      vertex 34.3376 29.9064 4.16573
    endloop
  endfacet
  facet normal 0.980796 0.188392 -0.0504791
    outer loop
      vertex -36.4775 19.2846 37
      vertex -36.4775 11.7876 9.02065
      vertex -36.5653 19.7417 37
    endloop
  endfacet
  facet normal 0.946925 0.310501 -0.0831979
    outer loop
      vertex -35.9561 17.6945 37
      vertex -36.4775 11.7876 9.02065
      vertex -36.4775 19.2846 37
    endloop
  endfacet
  facet normal 0.946926 0.310498 -0.0831973
    outer loop
      vertex -36.4775 11.7876 9.02065
      vertex -35.9561 17.6945 37
      vertex -35.9561 10.304 9.41817
    endloop
  endfacet
  facet normal -9.48842e-05 0.258806 0.965929
    outer loop
      vertex -36.7939 13.3242 8.60891
      vertex -36.4775 11.7876 9.02065
      vertex -36.9 14.8876 8.19001
    endloop
  endfacet
  facet normal 0.980789 0.188426 -0.0504888
    outer loop
      vertex -36.5653 19.7417 37
      vertex -36.7939 13.3242 8.60891
      vertex -36.7939 20.9316 37
    endloop
  endfacet
  facet normal 0.980789 0.188425 -0.0504885
    outer loop
      vertex -36.7939 13.3242 8.60891
      vertex -36.5653 19.7417 37
      vertex -36.4775 11.7876 9.02065
    endloop
  endfacet
  facet normal 0.195037 -0.947376 0.25385
    outer loop
      vertex -27.7094 34.1843 3.01946
      vertex -26.6534 43.5068 37
      vertex -27.7094 43.2894 37
    endloop
  endfacet
  facet normal 0.195109 -0.947363 0.253844
    outer loop
      vertex -26.6534 43.5068 37
      vertex -27.7094 34.1843 3.01946
      vertex -26.1185 34.49 2.93756
    endloop
  endfacet
  facet normal -1.84007e-05 0.258873 0.965911
    outer loop
      vertex -26.1185 34.49 2.93756
      vertex -27.7094 34.1843 3.01946
      vertex -29.2453 33.6807 3.1544
    endloop
  endfacet
  facet normal 0.879648 -0.1231 -0.459418
    outer loop
      vertex -0.762384 27.895 4.70467
      vertex -4.15951 21.178 0
      vertex -3.18155 28.1663 0
    endloop
  endfacet
  facet normal 0.879649 -0.123101 -0.459417
    outer loop
      vertex -4.15951 21.178 0
      vertex -0.762384 27.895 4.70467
      vertex -0.762384 12.3942 8.85812
    endloop
  endfacet
  facet normal 0.879648 -0.123097 -0.45942
    outer loop
      vertex -6.66164 3.29836 0
      vertex -0.762384 12.3942 8.85812
      vertex -0.762384 10.304 9.41817
    endloop
  endfacet
  facet normal 0.87965 -0.123107 -0.459414
    outer loop
      vertex -6.66164 3.29836 0
      vertex -0.762384 10.304 9.41817
      vertex -0.762384 9.60753 9.6048
    endloop
  endfacet
  facet normal 0.879649 -0.123101 -0.459417
    outer loop
      vertex -0.762384 12.3942 8.85812
      vertex -6.66164 3.29836 0
      vertex -4.15951 21.178 0
    endloop
  endfacet
  facet normal 0 -0.998341 -0.0575705
    outer loop
      vertex -3.18155 28.1663 0
      vertex 27.659 27.895 4.70467
      vertex -0.762384 27.895 4.70467
    endloop
  endfacet
  facet normal -0 -0.998341 -0.0575705
    outer loop
      vertex 33.1815 28.1663 0
      vertex 27.659 27.895 4.70467
      vertex -3.18155 28.1663 0
    endloop
  endfacet
  facet normal 0 -0.998341 -0.0575705
    outer loop
      vertex 27.659 27.895 4.70467
      vertex 33.1815 28.1663 0
      vertex 28.801 27.895 4.70467
    endloop
  endfacet
  facet normal 0 -0.998341 -0.0575705
    outer loop
      vertex 28.801 27.895 4.70467
      vertex 33.1815 28.1663 0
      vertex 30.7624 27.895 4.70467
    endloop
  endfacet
  facet normal 0 0.835808 -0.549023
    outer loop
      vertex 36.6616 3.29836 0
      vertex -0.762384 9.60753 9.6048
      vertex 30.7624 9.60753 9.6048
    endloop
  endfacet
  facet normal 0 0.835808 -0.549023
    outer loop
      vertex -0.762384 9.60753 9.6048
      vertex 36.6616 3.29836 0
      vertex -6.66164 3.29836 0
    endloop
  endfacet
  facet normal -0.879651 -0.123099 -0.459414
    outer loop
      vertex 36.6616 3.29836 0
      vertex 30.7624 12.3942 8.85812
      vertex 34.1595 21.178 0
    endloop
  endfacet
  facet normal -0.87965 -0.123096 -0.459416
    outer loop
      vertex 30.7624 12.3942 8.85812
      vertex 36.6616 3.29836 0
      vertex 30.7624 10.304 9.41817
    endloop
  endfacet
  facet normal -0.879652 -0.123106 -0.45941
    outer loop
      vertex 30.7624 10.304 9.41817
      vertex 36.6616 3.29836 0
      vertex 30.7624 9.60753 9.6048
    endloop
  endfacet
  facet normal -0.879653 -0.123106 -0.459409
    outer loop
      vertex 34.1595 21.178 0
      vertex 30.7624 27.895 4.70467
      vertex 33.1815 28.1663 0
    endloop
  endfacet
  facet normal -0.87965 -0.1231 -0.459415
    outer loop
      vertex 30.7624 27.895 4.70467
      vertex 34.1595 21.178 0
      vertex 30.7624 23.0729 5.99675
    endloop
  endfacet
  facet normal -0.87965 -0.123105 -0.459414
    outer loop
      vertex 30.7624 23.0729 5.99675
      vertex 34.1595 21.178 0
      vertex 30.7624 21.3154 6.46769
    endloop
  endfacet
  facet normal -0.879651 -0.1231 -0.459414
    outer loop
      vertex 30.7624 21.3154 6.46769
      vertex 34.1595 21.178 0
      vertex 30.7624 12.3942 8.85812
    endloop
  endfacet
  facet normal 0.321352 -0.914673 -0.245165
    outer loop
      vertex 120.969 10.9383 3
      vertex 119.804 9.85581 5.51157
      vertex 119.841 10.542 3
    endloop
  endfacet
  facet normal 0.321515 -0.91464 -0.245075
    outer loop
      vertex 119.804 9.85581 5.51157
      vertex 120.969 10.9383 3
      vertex 120.969 10.2379 5.61395
    endloop
  endfacet
  facet normal 0.195066 -0.94737 -0.253848
    outer loop
      vertex 119.061 10.3256 3
      vertex 117.892 9.44166 5.4006
      vertex 117.892 10.0849 3
    endloop
  endfacet
  facet normal 0.195061 -0.947371 -0.25385
    outer loop
      vertex 117.892 9.44166 5.4006
      vertex 119.061 10.3256 3
      vertex 119.099 9.67353 5.46273
    endloop
  endfacet
  facet normal -0.195207 0.947344 0.253839
    outer loop
      vertex 65.7076 43.4117 3
      vertex 65.3493 40.4671 13.7139
      vertex 65.7076 40.536 13.7323
    endloop
  endfacet
  facet normal -0.195073 0.947368 0.25385
    outer loop
      vertex 65.3493 40.4671 13.7139
      vertex 65.7076 43.4117 3
      vertex 65.1831 43.3037 3
    endloop
  endfacet
  facet normal 0.321873 -0.914522 -0.245045
    outer loop
      vertex 119.841 10.542 3
      vertex 119.458 9.74237 5.48118
      vertex 119.458 10.4072 3
    endloop
  endfacet
  facet normal 0.321412 -0.914654 -0.245159
    outer loop
      vertex 119.458 9.74237 5.48118
      vertex 119.841 10.542 3
      vertex 119.804 9.85581 5.51157
    endloop
  endfacet
  facet normal 0.442425 0.866248 0.23211
    outer loop
      vertex 121.925 42.0702 3
      vertex 122.4 39.058 13.3363
      vertex 122.4 41.8276 3
    endloop
  endfacet
  facet normal 0.441954 0.866465 0.232195
    outer loop
      vertex 122.4 39.058 13.3363
      vertex 121.925 42.0702 3
      vertex 122.072 39.2141 13.3781
    endloop
  endfacet
  facet normal 0.194737 -0.947434 -0.253862
    outer loop
      vertex 119.458 10.4072 3
      vertex 119.099 9.67353 5.46273
      vertex 119.061 10.3256 3
    endloop
  endfacet
  facet normal 0.194722 -0.947436 -0.253865
    outer loop
      vertex 119.099 9.67353 5.46273
      vertex 119.458 10.4072 3
      vertex 119.458 9.74237 5.48118
    endloop
  endfacet
  facet normal 0.751895 -0.636819 -0.170632
    outer loop
      vertex 125.979 13.9513 6.60896
      vertex 124.927 13.6762 3
      vertex 125.979 14.9183 3
    endloop
  endfacet
  facet normal 0.751896 -0.636818 -0.170633
    outer loop
      vertex 124.927 13.6762 3
      vertex 125.979 13.9513 6.60896
      vertex 124.927 12.7924 6.29843
    endloop
  endfacet
  facet normal -0.195076 -0.947364 -0.253864
    outer loop
      vertex 64.5389 10.3256 3
      vertex 65.7076 9.44166 5.4006
      vertex 64.5007 9.67353 5.46273
    endloop
  endfacet
  facet normal -0.195114 -0.947361 -0.253845
    outer loop
      vertex 65.7076 9.44166 5.4006
      vertex 64.5389 10.3256 3
      vertex 65.7076 10.0849 3
    endloop
  endfacet
  facet normal 0.0653615 0.963863 0.258257
    outer loop
      vertex 117.358 43.4479 3
      vertex 116.3 40.6368 13.7593
      vertex 117.528 40.5591 13.7385
    endloop
  endfacet
  facet normal 0.0655017 0.96385 0.258268
    outer loop
      vertex 116.3 40.6368 13.7593
      vertex 117.358 43.4479 3
      vertex 116.3 43.5198 3
    endloop
  endfacet
  facet normal 0.321896 0.914518 0.245031
    outer loop
      vertex 119.458 43.0894 3
      vertex 119.804 40.1218 13.6213
      vertex 119.962 42.912 3
    endloop
  endfacet
  facet normal 0.321561 0.914625 0.245072
    outer loop
      vertex 119.804 40.1218 13.6213
      vertex 119.458 43.0894 3
      vertex 119.458 40.2353 13.6517
    endloop
  endfacet
  facet normal 0.0654236 -0.963857 -0.258264
    outer loop
      vertex 117.892 10.0849 3
      vertex 116.3 9.34084 5.37359
      vertex 116.3 9.97684 3
    endloop
  endfacet
  facet normal 0.0654219 -0.963856 -0.258265
    outer loop
      vertex 116.3 9.34084 5.37359
      vertex 117.892 10.0849 3
      vertex 117.892 9.44166 5.4006
    endloop
  endfacet
  facet normal -0.980789 0.188422 0.0504884
    outer loop
      vertex 55.2044 32.538 3
      vertex 55.5157 31.9025 11.419
      vertex 55.5157 34.1584 3
    endloop
  endfacet
  facet normal -0.980788 0.188429 0.0504889
    outer loop
      vertex 55.5157 31.9025 11.419
      vertex 55.2044 32.538 3
      vertex 55.2044 30.3907 11.0139
    endloop
  endfacet
  facet normal -0.0654056 -0.963857 -0.258265
    outer loop
      vertex 65.7076 10.0849 3
      vertex 67.3 9.34084 5.37359
      vertex 65.7076 9.44166 5.4006
    endloop
  endfacet
  facet normal -0.0654072 -0.963858 -0.258264
    outer loop
      vertex 67.3 9.34084 5.37359
      vertex 65.7076 10.0849 3
      vertex 67.3 9.97684 3
    endloop
  endfacet
  facet normal -0.659365 -0.726206 -0.194584
    outer loop
      vertex 58.6733 13.6762 3
      vertex 59.8731 11.776 6.0261
      vertex 58.6733 12.7924 6.29843
    endloop
  endfacet
  facet normal -0.659339 -0.726223 -0.194605
    outer loop
      vertex 59.8731 11.776 6.0261
      vertex 58.6733 13.6762 3
      vertex 59.8731 12.5869 3
    endloop
  endfacet
  facet normal -0.555572 -0.803133 -0.215214
    outer loop
      vertex 59.8731 12.5869 3
      vertex 61.2 10.9196 5.79663
      vertex 59.8731 11.776 6.0261
    endloop
  endfacet
  facet normal -0.555576 -0.803131 -0.215211
    outer loop
      vertex 61.2 10.9196 5.79663
      vertex 59.8731 12.5869 3
      vertex 61.2 11.669 3
    endloop
  endfacet
  facet normal 0.897082 0.426807 0.114362
    outer loop
      vertex 126.866 34.7447 12.1805
      vertex 127.571 35.7228 3
      vertex 126.866 37.2046 3
    endloop
  endfacet
  facet normal 0.897076 0.42682 0.114363
    outer loop
      vertex 127.571 35.7228 3
      vertex 126.866 34.7447 12.1805
      vertex 127.571 33.3622 11.8101
    endloop
  endfacet
  facet normal 0.897082 -0.426807 -0.114363
    outer loop
      vertex 127.571 16.6155 7.32282
      vertex 126.866 16.292 3
      vertex 127.571 17.7738 3
    endloop
  endfacet
  facet normal 0.897077 -0.426818 -0.114361
    outer loop
      vertex 126.866 16.292 3
      vertex 127.571 16.6155 7.32282
      vertex 126.866 15.233 6.95238
    endloop
  endfacet
  facet normal -0.321644 0.914597 0.245064
    outer loop
      vertex 64.1424 43.0894 3
      vertex 63.7965 40.1218 13.6213
      vertex 64.1424 40.2353 13.6517
    endloop
  endfacet
  facet normal -0.32138 0.914682 0.245097
    outer loop
      vertex 63.7965 40.1218 13.6213
      vertex 64.1424 43.0894 3
      vertex 63.6375 42.912 3
    endloop
  endfacet
  facet normal 0.321286 0.914716 0.245092
    outer loop
      vertex 119.962 42.912 3
      vertex 120.969 39.7398 13.519
      vertex 120.969 42.5583 3
    endloop
  endfacet
  facet normal 0.321437 0.91467 0.245064
    outer loop
      vertex 120.969 39.7398 13.519
      vertex 119.962 42.912 3
      vertex 119.804 40.1218 13.6213
    endloop
  endfacet
  facet normal 0.442303 0.866301 0.232145
    outer loop
      vertex 120.969 42.5583 3
      vertex 122.072 39.2141 13.3781
      vertex 121.925 42.0702 3
    endloop
  endfacet
  facet normal 0.442495 0.866215 0.232097
    outer loop
      vertex 122.072 39.2141 13.3781
      vertex 120.969 42.5583 3
      vertex 120.969 39.7398 13.519
    endloop
  endfacet
  facet normal -0.195038 0.947375 0.253852
    outer loop
      vertex 65.1831 43.3037 3
      vertex 64.1424 40.2353 13.6517
      vertex 65.3493 40.4671 13.7139
    endloop
  endfacet
  facet normal -0.195081 0.947368 0.253845
    outer loop
      vertex 64.1424 40.2353 13.6517
      vertex 65.1831 43.3037 3
      vertex 64.1424 43.0894 3
    endloop
  endfacet
  facet normal -0.751833 0.636888 0.170651
    outer loop
      vertex 57.6211 38.5783 3
      vertex 58.6733 37.1853 12.8345
      vertex 58.6733 39.8204 3
    endloop
  endfacet
  facet normal -0.751865 0.63685 0.170649
    outer loop
      vertex 58.6733 37.1853 12.8345
      vertex 57.6211 38.5783 3
      vertex 57.6211 36.0263 12.5239
    endloop
  endfacet
  facet normal -0.442245 -0.86633 -0.232146
    outer loop
      vertex 61.2 11.669 3
      vertex 62.6313 10.2379 5.61395
      vertex 61.2 10.9196 5.79663
    endloop
  endfacet
  facet normal -0.44227 -0.866322 -0.232128
    outer loop
      vertex 62.6313 10.2379 5.61395
      vertex 61.2 11.669 3
      vertex 62.6313 10.9383 3
    endloop
  endfacet
  facet normal -0.321496 -0.914649 -0.245067
    outer loop
      vertex 63.7588 10.542 3
      vertex 64.1424 9.74237 5.48118
      vertex 63.7965 9.85581 5.51157
    endloop
  endfacet
  facet normal -0.321422 -0.91467 -0.245085
    outer loop
      vertex 64.1424 9.74237 5.48118
      vertex 63.7588 10.542 3
      vertex 64.1424 10.4072 3
    endloop
  endfacet
  facet normal -0.321466 -0.914656 -0.245079
    outer loop
      vertex 62.6313 10.9383 3
      vertex 63.7965 9.85581 5.51157
      vertex 62.6313 10.2379 5.61395
    endloop
  endfacet
  facet normal -0.321487 -0.914652 -0.245068
    outer loop
      vertex 63.7965 9.85581 5.51157
      vertex 62.6313 10.9383 3
      vertex 63.7588 10.542 3
    endloop
  endfacet
  facet normal 0.195027 0.947378 0.253848
    outer loop
      vertex 118.417 43.3037 3
      vertex 119.458 40.2353 13.6517
      vertex 119.458 43.0894 3
    endloop
  endfacet
  facet normal 0.195022 0.947379 0.253849
    outer loop
      vertex 119.458 40.2353 13.6517
      vertex 118.417 43.3037 3
      vertex 118.251 40.4671 13.7139
    endloop
  endfacet
  facet normal 0.194895 0.947404 0.253853
    outer loop
      vertex 117.892 43.4117 3
      vertex 118.251 40.4671 13.7139
      vertex 118.417 43.3037 3
    endloop
  endfacet
  facet normal 0.194841 0.947414 0.253858
    outer loop
      vertex 118.251 40.4671 13.7139
      vertex 117.892 43.4117 3
      vertex 117.892 40.536 13.7323
    endloop
  endfacet
  facet normal -0.94692 -0.310515 -0.0832025
    outer loop
      vertex 56.0287 17.7738 3
      vertex 55.5157 18.0751 7.71394
      vertex 55.5157 19.3382 3
    endloop
  endfacet
  facet normal -0.94692 -0.310515 -0.0832025
    outer loop
      vertex 55.5157 18.0751 7.71394
      vertex 56.0287 17.7738 3
      vertex 56.0287 16.6155 7.32282
    endloop
  endfacet
  facet normal -0.195088 -0.947366 -0.253846
    outer loop
      vertex 64.1424 10.4072 3
      vertex 64.5007 9.67353 5.46273
      vertex 64.1424 9.74237 5.48118
    endloop
  endfacet
  facet normal -0.194972 -0.947384 -0.253868
    outer loop
      vertex 64.5007 9.67353 5.46273
      vertex 64.1424 10.4072 3
      vertex 64.5389 10.3256 3
    endloop
  endfacet
  facet normal 0.997874 0.0629497 0.0168672
    outer loop
      vertex 128.396 30.3907 11.0139
      vertex 128.5 30.8894 3
      vertex 128.396 32.538 3
    endloop
  endfacet
  facet normal 0.997874 0.0629478 0.0168671
    outer loop
      vertex 128.5 30.8894 3
      vertex 128.396 30.3907 11.0139
      vertex 128.5 28.8525 10.6017
    endloop
  endfacet
  facet normal 0.659279 0.726279 0.194602
    outer loop
      vertex 123.727 40.9097 3
      vertex 124.927 37.1853 12.8345
      vertex 124.927 39.8204 3
    endloop
  endfacet
  facet normal 0.659266 0.726289 0.194608
    outer loop
      vertex 124.927 37.1853 12.8345
      vertex 123.727 40.9097 3
      vertex 123.727 38.2016 13.1068
    endloop
  endfacet
  facet normal 0.0655662 0.963848 0.258261
    outer loop
      vertex 117.892 43.4117 3
      vertex 117.528 40.5591 13.7385
      vertex 117.892 40.536 13.7323
    endloop
  endfacet
  facet normal 0.0653406 0.963864 0.258258
    outer loop
      vertex 117.528 40.5591 13.7385
      vertex 117.892 43.4117 3
      vertex 117.358 43.4479 3
    endloop
  endfacet
  facet normal -0.0653668 0.963859 0.25827
    outer loop
      vertex 67.3 43.5198 3
      vertex 66.0721 40.5591 13.7385
      vertex 67.3 40.6368 13.7593
    endloop
  endfacet
  facet normal -0.0654835 0.963855 0.258256
    outer loop
      vertex 66.0721 40.5591 13.7385
      vertex 67.3 43.5198 3
      vertex 66.2417 43.4479 3
    endloop
  endfacet
  facet normal -0.0654767 0.963855 0.258256
    outer loop
      vertex 66.2417 43.4479 3
      vertex 65.7076 40.536 13.7323
      vertex 66.0721 40.5591 13.7385
    endloop
  endfacet
  facet normal -0.0653283 0.963863 0.258265
    outer loop
      vertex 65.7076 40.536 13.7323
      vertex 66.2417 43.4479 3
      vertex 65.7076 43.4117 3
    endloop
  endfacet
  facet normal -0.659328 0.726237 0.194594
    outer loop
      vertex 59.8731 40.9097 3
      vertex 58.6733 37.1853 12.8345
      vertex 59.8731 38.2016 13.1068
    endloop
  endfacet
  facet normal -0.659342 0.726226 0.194588
    outer loop
      vertex 58.6733 37.1853 12.8345
      vertex 59.8731 40.9097 3
      vertex 58.6733 39.8204 3
    endloop
  endfacet
  facet normal -0.44228 0.866317 0.232128
    outer loop
      vertex 61.6752 42.0702 3
      vertex 61.2 39.058 13.3363
      vertex 61.5277 39.2141 13.3781
    endloop
  endfacet
  facet normal -0.442275 0.866319 0.232129
    outer loop
      vertex 61.2 39.058 13.3363
      vertex 61.6752 42.0702 3
      vertex 61.2 41.8276 3
    endloop
  endfacet
  facet normal -0.442301 0.866308 0.232122
    outer loop
      vertex 62.6313 42.5583 3
      vertex 61.5277 39.2141 13.3781
      vertex 62.6313 39.7398 13.519
    endloop
  endfacet
  facet normal -0.442268 0.866323 0.23213
    outer loop
      vertex 61.5277 39.2141 13.3781
      vertex 62.6313 42.5583 3
      vertex 61.6752 42.0702 3
    endloop
  endfacet
  facet normal -0.321388 0.914679 0.245096
    outer loop
      vertex 63.6375 42.912 3
      vertex 62.6313 39.7398 13.519
      vertex 63.7965 40.1218 13.6213
    endloop
  endfacet
  facet normal -0.321515 0.914641 0.245072
    outer loop
      vertex 62.6313 39.7398 13.519
      vertex 63.6375 42.912 3
      vertex 62.6313 42.5583 3
    endloop
  endfacet
  facet normal -0.94692 0.310515 0.0832002
    outer loop
      vertex 55.5157 34.1584 3
      vertex 56.0287 33.3622 11.8101
      vertex 56.0287 35.7228 3
    endloop
  endfacet
  facet normal -0.946926 0.310498 0.083199
    outer loop
      vertex 56.0287 33.3622 11.8101
      vertex 55.5157 34.1584 3
      vertex 55.5157 31.9025 11.419
    endloop
  endfacet
  facet normal -0.831471 -0.53664 -0.143787
    outer loop
      vertex 57.6211 14.9183 3
      vertex 56.7345 15.233 6.95238
      vertex 56.7345 16.292 3
    endloop
  endfacet
  facet normal -0.831473 -0.536635 -0.143788
    outer loop
      vertex 56.7345 15.233 6.95238
      vertex 57.6211 14.9183 3
      vertex 57.6211 13.9513 6.60896
    endloop
  endfacet
  facet normal -0.98079 -0.188422 -0.0504862
    outer loop
      vertex 55.5157 19.3382 3
      vertex 55.2044 19.587 8.11903
      vertex 55.2044 20.9586 3
    endloop
  endfacet
  facet normal -0.98079 -0.188418 -0.0504865
    outer loop
      vertex 55.2044 19.587 8.11903
      vertex 55.5157 19.3382 3
      vertex 55.5157 18.0751 7.71394
    endloop
  endfacet
  facet normal 0.442345 -0.866286 -0.232119
    outer loop
      vertex 122.4 11.669 3
      vertex 120.969 10.2379 5.61395
      vertex 120.969 10.9383 3
    endloop
  endfacet
  facet normal 0.44232 -0.866294 -0.232137
    outer loop
      vertex 120.969 10.2379 5.61395
      vertex 122.4 11.669 3
      vertex 122.4 10.9196 5.79663
    endloop
  endfacet
  facet normal 0.555549 0.803152 0.215203
    outer loop
      vertex 122.4 41.8276 3
      vertex 123.727 38.2016 13.1068
      vertex 123.727 40.9097 3
    endloop
  endfacet
  facet normal 0.555546 0.803153 0.215204
    outer loop
      vertex 123.727 38.2016 13.1068
      vertex 122.4 41.8276 3
      vertex 122.4 39.058 13.3363
    endloop
  endfacet
  facet normal -0.751833 -0.636888 -0.17065
    outer loop
      vertex 58.6733 13.6762 3
      vertex 57.6211 13.9513 6.60896
      vertex 57.6211 14.9183 3
    endloop
  endfacet
  facet normal -0.751834 -0.636886 -0.170651
    outer loop
      vertex 57.6211 13.9513 6.60896
      vertex 58.6733 13.6762 3
      vertex 58.6733 12.7924 6.29843
    endloop
  endfacet
  facet normal -0.997858 0.0631908 0.0169318
    outer loop
      vertex 55.1 30.8894 3
      vertex 55.2044 30.3907 11.0139
      vertex 55.2044 32.538 3
    endloop
  endfacet
  facet normal -0.997858 0.0631889 0.0169317
    outer loop
      vertex 55.2044 30.3907 11.0139
      vertex 55.1 30.8894 3
      vertex 55.1 28.8525 10.6017
    endloop
  endfacet
  facet normal -0.997858 -0.0631908 -0.0169322
    outer loop
      vertex 55.2044 20.9586 3
      vertex 55.1 21.1251 8.53118
      vertex 55.1 22.6072 3
    endloop
  endfacet
  facet normal -0.997858 -0.0631934 -0.0169321
    outer loop
      vertex 55.1 21.1251 8.53118
      vertex 55.2044 20.9586 3
      vertex 55.2044 19.587 8.11903
    endloop
  endfacet
  facet normal -1 0 0
    outer loop
      vertex 55.1 22.6072 3
      vertex 55.1 28.8525 10.6017
      vertex 55.1 30.8894 3
    endloop
  endfacet
  facet normal -1 0 0
    outer loop
      vertex 55.1 28.8525 10.6017
      vertex 55.1 22.6072 3
      vertex 55.1 21.1251 8.53118
    endloop
  endfacet
  facet normal 0.555547 -0.80315 -0.215216
    outer loop
      vertex 123.727 12.5869 3
      vertex 122.4 10.9196 5.79663
      vertex 122.4 11.669 3
    endloop
  endfacet
  facet normal 0.555543 -0.803152 -0.215219
    outer loop
      vertex 122.4 10.9196 5.79663
      vertex 123.727 12.5869 3
      vertex 123.727 11.776 6.0261
    endloop
  endfacet
  facet normal 0.659277 -0.726276 -0.194619
    outer loop
      vertex 124.927 13.6762 3
      vertex 123.727 11.776 6.0261
      vertex 123.727 12.5869 3
    endloop
  endfacet
  facet normal 0.659303 -0.726258 -0.194598
    outer loop
      vertex 123.727 11.776 6.0261
      vertex 124.927 13.6762 3
      vertex 124.927 12.7924 6.29843
    endloop
  endfacet
  facet normal 0.831355 -0.536807 -0.143832
    outer loop
      vertex 126.866 15.233 6.95238
      vertex 125.979 14.9183 3
      vertex 126.866 16.292 3
    endloop
  endfacet
  facet normal 0.831358 -0.536802 -0.143833
    outer loop
      vertex 125.979 14.9183 3
      vertex 126.866 15.233 6.95238
      vertex 125.979 13.9513 6.60896
    endloop
  endfacet
  facet normal 0.831354 0.536806 0.143841
    outer loop
      vertex 125.979 36.0263 12.5239
      vertex 126.866 37.2046 3
      vertex 125.979 38.5783 3
    endloop
  endfacet
  facet normal 0.831338 0.53683 0.143843
    outer loop
      vertex 126.866 37.2046 3
      vertex 125.979 36.0263 12.5239
      vertex 126.866 34.7447 12.1805
    endloop
  endfacet
  facet normal -0.831469 0.536639 0.143796
    outer loop
      vertex 56.7345 37.2046 3
      vertex 57.6211 36.0263 12.5239
      vertex 57.6211 38.5783 3
    endloop
  endfacet
  facet normal -0.831454 0.536663 0.143798
    outer loop
      vertex 57.6211 36.0263 12.5239
      vertex 56.7345 37.2046 3
      vertex 56.7345 34.7447 12.1805
    endloop
  endfacet
  facet normal -0.555575 0.803135 0.215199
    outer loop
      vertex 61.2 41.8276 3
      vertex 59.8731 38.2016 13.1068
      vertex 61.2 39.058 13.3363
    endloop
  endfacet
  facet normal -0.555578 0.803133 0.215198
    outer loop
      vertex 59.8731 38.2016 13.1068
      vertex 61.2 41.8276 3
      vertex 59.8731 40.9097 3
    endloop
  endfacet
  facet normal 0.997874 -0.0629497 -0.0168676
    outer loop
      vertex 128.5 21.1251 8.53118
      vertex 128.396 20.9586 3
      vertex 128.5 22.6072 3
    endloop
  endfacet
  facet normal 0.997874 -0.0629523 -0.0168675
    outer loop
      vertex 128.396 20.9586 3
      vertex 128.5 21.1251 8.53118
      vertex 128.396 19.587 8.11903
    endloop
  endfacet
  facet normal 1 0 0
    outer loop
      vertex 128.5 28.8525 10.6017
      vertex 128.5 22.6072 3
      vertex 128.5 30.8894 3
    endloop
  endfacet
  facet normal 1 0 -0
    outer loop
      vertex 128.5 22.6072 3
      vertex 128.5 28.8525 10.6017
      vertex 128.5 21.1251 8.53118
    endloop
  endfacet
  facet normal 0.94692 0.310515 0.0832002
    outer loop
      vertex 127.571 33.3622 11.8101
      vertex 128.084 34.1584 3
      vertex 127.571 35.7228 3
    endloop
  endfacet
  facet normal 0.946926 0.310498 0.083199
    outer loop
      vertex 128.084 34.1584 3
      vertex 127.571 33.3622 11.8101
      vertex 128.084 31.9025 11.419
    endloop
  endfacet
  facet normal 0.751895 0.636819 0.170632
    outer loop
      vertex 124.927 37.1853 12.8345
      vertex 125.979 38.5783 3
      vertex 124.927 39.8204 3
    endloop
  endfacet
  facet normal 0.751927 0.636781 0.17063
    outer loop
      vertex 125.979 38.5783 3
      vertex 124.927 37.1853 12.8345
      vertex 125.979 36.0263 12.5239
    endloop
  endfacet
  facet normal -0.896884 0.427197 0.114467
    outer loop
      vertex 56.0287 35.7228 3
      vertex 56.7345 34.7447 12.1805
      vertex 56.7345 37.2046 3
    endloop
  endfacet
  facet normal -0.896877 0.42721 0.114468
    outer loop
      vertex 56.7345 34.7447 12.1805
      vertex 56.0287 35.7228 3
      vertex 56.0287 33.3622 11.8101
    endloop
  endfacet
  facet normal -0.896883 -0.427197 -0.114467
    outer loop
      vertex 56.7345 16.292 3
      vertex 56.0287 16.6155 7.32282
      vertex 56.0287 17.7738 3
    endloop
  endfacet
  facet normal -0.896879 -0.427207 -0.114466
    outer loop
      vertex 56.0287 16.6155 7.32282
      vertex 56.7345 16.292 3
      vertex 56.7345 15.233 6.95238
    endloop
  endfacet
  facet normal 0.94692 -0.310515 -0.0832025
    outer loop
      vertex 128.084 18.0751 7.71394
      vertex 127.571 17.7738 3
      vertex 128.084 19.3382 3
    endloop
  endfacet
  facet normal 0.94692 -0.310515 -0.0832025
    outer loop
      vertex 127.571 17.7738 3
      vertex 128.084 18.0751 7.71394
      vertex 127.571 16.6155 7.32282
    endloop
  endfacet
  facet normal 0.980706 -0.18883 -0.0505954
    outer loop
      vertex 128.396 19.587 8.11903
      vertex 128.084 19.3382 3
      vertex 128.396 20.9586 3
    endloop
  endfacet
  facet normal 0.980706 -0.188825 -0.0505957
    outer loop
      vertex 128.084 19.3382 3
      vertex 128.396 19.587 8.11903
      vertex 128.084 18.0751 7.71394
    endloop
  endfacet
  facet normal 0.980705 0.18883 0.0505976
    outer loop
      vertex 128.084 31.9025 11.419
      vertex 128.396 32.538 3
      vertex 128.084 34.1584 3
    endloop
  endfacet
  facet normal 0.980704 0.188836 0.0505981
    outer loop
      vertex 128.396 32.538 3
      vertex 128.084 31.9025 11.419
      vertex 128.396 30.3907 11.0139
    endloop
  endfacet
  facet normal 1.65782e-05 -0.258836 0.965921
    outer loop
      vertex 55.1 28.8525 10.6017
      vertex 67.3 40.6368 13.7593
      vertex 66.0721 40.5591 13.7385
    endloop
  endfacet
  facet normal -0.000122815 -0.257416 0.966301
    outer loop
      vertex 65.3493 40.4671 13.7139
      vertex 66.0721 40.5591 13.7385
      vertex 65.7076 40.536 13.7323
    endloop
  endfacet
  facet normal -1.01433e-06 -0.258819 0.965926
    outer loop
      vertex 67.3 40.6368 13.7593
      vertex 55.1 28.8525 10.6017
      vertex 67.3 9.34084 5.37359
    endloop
  endfacet
  facet normal 7.81892e-05 -0.258889 0.965907
    outer loop
      vertex 66.0721 40.5591 13.7385
      vertex 65.3493 40.4671 13.7139
      vertex 55.1 28.8525 10.6017
    endloop
  endfacet
  facet normal 4.25155e-06 -0.258815 0.965927
    outer loop
      vertex 55.1 21.1251 8.53118
      vertex 67.3 9.34084 5.37359
      vertex 55.1 28.8525 10.6017
    endloop
  endfacet
  facet normal -0.000220765 -0.258094 0.96612
    outer loop
      vertex 63.7965 40.1218 13.6213
      vertex 65.3493 40.4671 13.7139
      vertex 64.1424 40.2353 13.6517
    endloop
  endfacet
  facet normal -1.65882e-06 -0.258821 0.965925
    outer loop
      vertex 64.5007 9.67353 5.46273
      vertex 67.3 9.34084 5.37359
      vertex 55.1 21.1251 8.53118
    endloop
  endfacet
  facet normal -5.79253e-05 -0.258777 0.965937
    outer loop
      vertex 65.3493 40.4671 13.7139
      vertex 63.7965 40.1218 13.6213
      vertex 55.1 28.8525 10.6017
    endloop
  endfacet
  facet normal -4.43999e-06 -0.258843 0.965919
    outer loop
      vertex 67.3 9.34084 5.37359
      vertex 64.5007 9.67353 5.46273
      vertex 65.7076 9.44166 5.4006
    endloop
  endfacet
  facet normal 0.000226009 -0.259329 0.965789
    outer loop
      vertex 61.5277 39.2141 13.3781
      vertex 63.7965 40.1218 13.6213
      vertex 62.6313 39.7398 13.519
    endloop
  endfacet
  facet normal -3.40507e-06 -0.258823 0.965925
    outer loop
      vertex 63.7965 9.85581 5.51157
      vertex 64.5007 9.67353 5.46273
      vertex 55.1 21.1251 8.53118
    endloop
  endfacet
  facet normal 1.07753e-05 -0.258827 0.965924
    outer loop
      vertex 63.7965 40.1218 13.6213
      vertex 61.5277 39.2141 13.3781
      vertex 55.1 28.8525 10.6017
    endloop
  endfacet
  facet normal 0.000360361 -0.25937 0.965778
    outer loop
      vertex 59.8731 38.2016 13.1068
      vertex 61.5277 39.2141 13.3781
      vertex 61.2 39.058 13.3363
    endloop
  endfacet
  facet normal 5.28156e-05 -0.25862 0.965979
    outer loop
      vertex 64.5007 9.67353 5.46273
      vertex 63.7965 9.85581 5.51157
      vertex 64.1424 9.74237 5.48118
    endloop
  endfacet
  facet normal 2.65178e-07 -0.258821 0.965925
    outer loop
      vertex 61.5277 39.2141 13.3781
      vertex 59.8731 38.2016 13.1068
      vertex 55.1 28.8525 10.6017
    endloop
  endfacet
  facet normal -1.26793e-06 -0.258821 0.965925
    outer loop
      vertex 63.7965 9.85581 5.51157
      vertex 55.1 21.1251 8.53118
      vertex 62.6313 10.2379 5.61395
    endloop
  endfacet
  facet normal 2.62793e-05 -0.258833 0.965922
    outer loop
      vertex 55.1 28.8525 10.6017
      vertex 59.8731 38.2016 13.1068
      vertex 58.6733 37.1853 12.8345
    endloop
  endfacet
  facet normal 1.83044e-05 -0.258808 0.965929
    outer loop
      vertex 62.6313 10.2379 5.61395
      vertex 55.1 21.1251 8.53118
      vertex 61.2 10.9196 5.79663
    endloop
  endfacet
  facet normal -7.35946e-05 -0.258793 0.965933
    outer loop
      vertex 55.1 28.8525 10.6017
      vertex 58.6733 37.1853 12.8345
      vertex 57.6211 36.0263 12.5239
    endloop
  endfacet
  facet normal -1.45569e-06 -0.258819 0.965926
    outer loop
      vertex 61.2 10.9196 5.79663
      vertex 55.1 21.1251 8.53118
      vertex 59.8731 11.776 6.0261
    endloop
  endfacet
  facet normal 2.65462e-06 -0.258818 0.965926
    outer loop
      vertex 55.1 28.8525 10.6017
      vertex 57.6211 36.0263 12.5239
      vertex 56.7345 34.7447 12.1805
    endloop
  endfacet
  facet normal -1.86501e-05 -0.258828 0.965924
    outer loop
      vertex 59.8731 11.776 6.0261
      vertex 55.1 21.1251 8.53118
      vertex 58.6733 12.7924 6.29843
    endloop
  endfacet
  facet normal 0.000111962 -0.258846 0.965918
    outer loop
      vertex 55.1 28.8525 10.6017
      vertex 56.7345 34.7447 12.1805
      vertex 56.0287 33.3622 11.8101
    endloop
  endfacet
  facet normal 4.04111e-06 -0.258818 0.965926
    outer loop
      vertex 58.6733 12.7924 6.29843
      vertex 55.1 21.1251 8.53118
      vertex 57.6211 13.9513 6.60896
    endloop
  endfacet
  facet normal 0.000159138 -0.258856 0.965916
    outer loop
      vertex 55.1 28.8525 10.6017
      vertex 56.0287 33.3622 11.8101
      vertex 55.5157 31.9025 11.419
    endloop
  endfacet
  facet normal -2.56154e-05 -0.258828 0.965923
    outer loop
      vertex 57.6211 13.9513 6.60896
      vertex 55.1 21.1251 8.53118
      vertex 56.7345 15.233 6.95238
    endloop
  endfacet
  facet normal 0.000117772 -0.25885 0.965917
    outer loop
      vertex 55.1 28.8525 10.6017
      vertex 55.5157 31.9025 11.419
      vertex 55.2044 30.3907 11.0139
    endloop
  endfacet
  facet normal -1.0924e-05 -0.258824 0.965924
    outer loop
      vertex 56.7345 15.233 6.95238
      vertex 55.1 21.1251 8.53118
      vertex 56.0287 16.6155 7.32282
    endloop
  endfacet
  facet normal 7.31041e-05 -0.258808 0.965929
    outer loop
      vertex 56.0287 16.6155 7.32282
      vertex 55.1 21.1251 8.53118
      vertex 55.5157 18.0751 7.71394
    endloop
  endfacet
  facet normal -0.000182538 -0.258841 0.96592
    outer loop
      vertex 55.5157 18.0751 7.71394
      vertex 55.1 21.1251 8.53118
      vertex 55.2044 19.587 8.11903
    endloop
  endfacet
  facet normal -4.30928e-05 -0.258846 0.965919
    outer loop
      vertex 122.072 39.2141 13.3781
      vertex 128.5 28.8525 10.6017
      vertex 128.396 30.3907 11.0139
    endloop
  endfacet
  facet normal 4.19472e-06 -0.258815 0.965927
    outer loop
      vertex 128.5 28.8525 10.6017
      vertex 116.3 40.6368 13.7593
      vertex 128.5 21.1251 8.53118
    endloop
  endfacet
  facet normal -2.29544e-05 -0.258832 0.965922
    outer loop
      vertex 122.072 39.2141 13.3781
      vertex 128.396 30.3907 11.0139
      vertex 128.084 31.9025 11.419
    endloop
  endfacet
  facet normal -1.07117e-06 -0.258819 0.965926
    outer loop
      vertex 116.3 9.34084 5.37359
      vertex 128.5 21.1251 8.53118
      vertex 116.3 40.6368 13.7593
    endloop
  endfacet
  facet normal 2.52802e-05 -0.258795 0.965932
    outer loop
      vertex 122.072 39.2141 13.3781
      vertex 128.084 31.9025 11.419
      vertex 127.571 33.3622 11.8101
    endloop
  endfacet
  facet normal 1.65903e-06 -0.258821 0.965925
    outer loop
      vertex 119.099 9.67353 5.46273
      vertex 128.5 21.1251 8.53118
      vertex 116.3 9.34084 5.37359
    endloop
  endfacet
  facet normal 6.00772e-05 -0.258765 0.96594
    outer loop
      vertex 122.072 39.2141 13.3781
      vertex 127.571 33.3622 11.8101
      vertex 126.866 34.7447 12.1805
    endloop
  endfacet
  facet normal 1.39097e-05 -0.25883 0.965923
    outer loop
      vertex 128.5 21.1251 8.53118
      vertex 119.804 9.85581 5.51157
      vertex 128.396 19.587 8.11903
    endloop
  endfacet
  facet normal 2.31331e-05 -0.258802 0.965931
    outer loop
      vertex 122.072 39.2141 13.3781
      vertex 126.866 34.7447 12.1805
      vertex 125.979 36.0263 12.5239
    endloop
  endfacet
  facet normal -2.04767e-05 -0.258802 0.96593
    outer loop
      vertex 128.396 19.587 8.11903
      vertex 119.804 9.85581 5.51157
      vertex 128.084 18.0751 7.71394
    endloop
  endfacet
  facet normal -9.28195e-05 -0.258934 0.965895
    outer loop
      vertex 122.072 39.2141 13.3781
      vertex 125.979 36.0263 12.5239
      vertex 124.927 37.1853 12.8345
    endloop
  endfacet
  facet normal 1.83454e-05 -0.258838 0.965921
    outer loop
      vertex 128.084 18.0751 7.71394
      vertex 119.804 9.85581 5.51157
      vertex 127.571 16.6155 7.32282
    endloop
  endfacet
  facet normal 3.81431e-05 -0.258762 0.965941
    outer loop
      vertex 122.072 39.2141 13.3781
      vertex 124.927 37.1853 12.8345
      vertex 123.727 38.2016 13.1068
    endloop
  endfacet
  facet normal 1.04134e-06 -0.25882 0.965926
    outer loop
      vertex 127.571 16.6155 7.32282
      vertex 119.804 9.85581 5.51157
      vertex 126.866 15.233 6.95238
    endloop
  endfacet
  facet normal -0.000359182 -0.259368 0.965778
    outer loop
      vertex 122.072 39.2141 13.3781
      vertex 123.727 38.2016 13.1068
      vertex 122.4 39.058 13.3363
    endloop
  endfacet
  facet normal 1.57413e-06 -0.25882 0.965926
    outer loop
      vertex 128.5 28.8525 10.6017
      vertex 122.072 39.2141 13.3781
      vertex 117.528 40.5591 13.7385
    endloop
  endfacet
  facet normal -1.16375e-05 -0.258804 0.96593
    outer loop
      vertex 126.866 15.233 6.95238
      vertex 119.804 9.85581 5.51157
      vertex 125.979 13.9513 6.60896
    endloop
  endfacet
  facet normal -0.000225863 -0.259328 0.965789
    outer loop
      vertex 119.804 40.1218 13.6213
      vertex 122.072 39.2141 13.3781
      vertex 120.969 39.7398 13.519
    endloop
  endfacet
  facet normal 2.45528e-06 -0.258824 0.965925
    outer loop
      vertex 125.979 13.9513 6.60896
      vertex 119.804 9.85581 5.51157
      vertex 124.927 12.7924 6.29843
    endloop
  endfacet
  facet normal 2.79498e-05 -0.258737 0.965948
    outer loop
      vertex 117.528 40.5591 13.7385
      vertex 122.072 39.2141 13.3781
      vertex 119.804 40.1218 13.6213
    endloop
  endfacet
  facet normal -1.65768e-05 -0.258836 0.965921
    outer loop
      vertex 128.5 28.8525 10.6017
      vertex 117.528 40.5591 13.7385
      vertex 116.3 40.6368 13.7593
    endloop
  endfacet
  facet normal 0.000220811 -0.258094 0.96612
    outer loop
      vertex 118.251 40.4671 13.7139
      vertex 119.804 40.1218 13.6213
      vertex 119.458 40.2353 13.6517
    endloop
  endfacet
  facet normal -0.000224458 -0.259962 0.965619
    outer loop
      vertex 117.528 40.5591 13.7385
      vertex 119.804 40.1218 13.6213
      vertex 118.251 40.4671 13.7139
    endloop
  endfacet
  facet normal -5.2589e-05 -0.25862 0.965979
    outer loop
      vertex 119.804 9.85581 5.51157
      vertex 119.099 9.67353 5.46273
      vertex 119.458 9.74237 5.48118
    endloop
  endfacet
  facet normal -2.46486e-05 -0.25878 0.965936
    outer loop
      vertex 124.927 12.7924 6.29843
      vertex 119.804 9.85581 5.51157
      vertex 123.727 11.776 6.0261
    endloop
  endfacet
  facet normal 0.000123186 -0.257413 0.966302
    outer loop
      vertex 117.528 40.5591 13.7385
      vertex 118.251 40.4671 13.7139
      vertex 117.892 40.536 13.7323
    endloop
  endfacet
  facet normal 3.02768e-05 -0.258904 0.965903
    outer loop
      vertex 122.4 10.9196 5.79663
      vertex 119.804 9.85581 5.51157
      vertex 120.969 10.2379 5.61395
    endloop
  endfacet
  facet normal 3.40019e-06 -0.258823 0.965925
    outer loop
      vertex 128.5 21.1251 8.53118
      vertex 119.099 9.67353 5.46273
      vertex 119.804 9.85581 5.51157
    endloop
  endfacet
  facet normal -2.082e-05 -0.258787 0.965934
    outer loop
      vertex 123.727 11.776 6.0261
      vertex 119.804 9.85581 5.51157
      vertex 122.4 10.9196 5.79663
    endloop
  endfacet
  facet normal 4.44183e-06 -0.258843 0.965919
    outer loop
      vertex 119.099 9.67353 5.46273
      vertex 116.3 9.34084 5.37359
      vertex 117.892 9.44166 5.4006
    endloop
  endfacet
  facet normal -1 0 0
    outer loop
      vertex 116.3 9.97684 3
      vertex 116.3 40.6368 13.7593
      vertex 116.3 43.5198 3
    endloop
  endfacet
  facet normal -1 0 0
    outer loop
      vertex 116.3 40.6368 13.7593
      vertex 116.3 9.97684 3
      vertex 116.3 9.34084 5.37359
    endloop
  endfacet
  facet normal 1 0 0
    outer loop
      vertex 67.3 40.6368 13.7593
      vertex 67.3 9.97684 3
      vertex 67.3 43.5198 3
    endloop
  endfacet
  facet normal 1 0 -0
    outer loop
      vertex 67.3 9.97684 3
      vertex 67.3 40.6368 13.7593
      vertex 67.3 9.34084 5.37359
    endloop
  endfacet
  facet normal 0.321144 -0.94703 0
    outer loop
      vertex 131.735 0.136292 0
      vertex 132.231 0.304489 3
      vertex 131.735 0.136292 3
    endloop
  endfacet
  facet normal 0.321144 -0.94703 0
    outer loop
      vertex 132.231 0.304489 3
      vertex 131.735 0.136292 0
      vertex 132.231 0.304489 0
    endloop
  endfacet
  facet normal 0 -1 0
    outer loop
      vertex 52.9 0 0
      vertex 130.7 0 3
      vertex 52.9 0 3
    endloop
  endfacet
  facet normal 0 -1 -0
    outer loop
      vertex 130.7 0 3
      vertex 52.9 0 0
      vertex 130.7 0 0
    endloop
  endfacet
  facet normal 0.195135 -0.980776 0
    outer loop
      vertex 131.222 0.0342255 0
      vertex 131.735 0.136292 3
      vertex 131.222 0.0342255 3
    endloop
  endfacet
  facet normal 0.195135 -0.980776 0
    outer loop
      vertex 131.735 0.136292 3
      vertex 131.222 0.0342255 0
      vertex 131.735 0.136292 0
    endloop
  endfacet
  facet normal 0.0654256 -0.997857 0
    outer loop
      vertex 130.7 0 0
      vertex 131.222 0.0342255 3
      vertex 130.7 0 3
    endloop
  endfacet
  facet normal 0.0654256 -0.997857 0
    outer loop
      vertex 131.222 0.0342255 3
      vertex 130.7 0 0
      vertex 131.222 0.0342255 0
    endloop
  endfacet
  facet normal -0.195062 -0.980791 0
    outer loop
      vertex 51.8647 0.136292 0
      vertex 52.3779 0.0342255 3
      vertex 51.8647 0.136292 3
    endloop
  endfacet
  facet normal -0.195062 -0.980791 -0
    outer loop
      vertex 52.3779 0.0342255 3
      vertex 51.8647 0.136292 0
      vertex 52.3779 0.0342255 0
    endloop
  endfacet
  facet normal -0.321493 -0.946912 0
    outer loop
      vertex 51.3693 0.304489 0
      vertex 51.8647 0.136292 3
      vertex 51.3693 0.304489 3
    endloop
  endfacet
  facet normal -0.321493 -0.946912 -0
    outer loop
      vertex 51.8647 0.136292 3
      vertex 51.3693 0.304489 0
      vertex 51.8647 0.136292 0
    endloop
  endfacet
  facet normal 0.442465 0.896786 -0
    outer loop
      vertex 132.7 43.4641 0
      vertex 132.231 43.6955 3
      vertex 132.7 43.4641 3
    endloop
  endfacet
  facet normal 0.442465 0.896786 0
    outer loop
      vertex 132.231 43.6955 3
      vertex 132.7 43.4641 0
      vertex 132.231 43.6955 0
    endloop
  endfacet
  facet normal -0.94691 0.321498 0
    outer loop
      vertex 49.0363 41.0353 0
      vertex 49.2045 41.5307 3
      vertex 49.2045 41.5307 0
    endloop
  endfacet
  facet normal -0.94691 0.321498 0
    outer loop
      vertex 49.2045 41.5307 3
      vertex 49.0363 41.0353 0
      vertex 49.0363 41.0353 3
    endloop
  endfacet
  facet normal -0.896898 0.442238 0
    outer loop
      vertex 49.2045 41.5307 0
      vertex 49.4359 42 3
      vertex 49.4359 42 0
    endloop
  endfacet
  facet normal -0.896898 0.442238 0
    outer loop
      vertex 49.4359 42 3
      vertex 49.2045 41.5307 0
      vertex 49.2045 41.5307 3
    endloop
  endfacet
  facet normal -0.555626 0.831432 0
    outer loop
      vertex 50.9 43.4641 0
      vertex 50.465 43.1734 3
      vertex 50.9 43.4641 3
    endloop
  endfacet
  facet normal -0.555626 0.831432 0
    outer loop
      vertex 50.465 43.1734 3
      vertex 50.9 43.4641 0
      vertex 50.465 43.1734 0
    endloop
  endfacet
  facet normal 0.555626 0.831432 -0
    outer loop
      vertex 133.135 43.1734 0
      vertex 132.7 43.4641 3
      vertex 133.135 43.1734 3
    endloop
  endfacet
  facet normal 0.555626 0.831432 0
    outer loop
      vertex 132.7 43.4641 3
      vertex 133.135 43.1734 0
      vertex 132.7 43.4641 0
    endloop
  endfacet
  facet normal 1 -0 0
    outer loop
      vertex 134.7 4 3
      vertex 134.7 40 0
      vertex 134.7 40 3
    endloop
  endfacet
  facet normal 1 0 0
    outer loop
      vertex 134.7 40 0
      vertex 134.7 4 3
      vertex 134.7 4 0
    endloop
  endfacet
  facet normal -1 0 0
    outer loop
      vertex 48.9 4 0
      vertex 48.9 40 3
      vertex 48.9 40 0
    endloop
  endfacet
  facet normal -1 -0 0
    outer loop
      vertex 48.9 40 3
      vertex 48.9 4 0
      vertex 48.9 4 3
    endloop
  endfacet
  facet normal -0.0653646 0.997861 0
    outer loop
      vertex 52.9 44 0
      vertex 52.3779 43.9658 3
      vertex 52.9 44 3
    endloop
  endfacet
  facet normal -0.0653646 0.997861 0
    outer loop
      vertex 52.3779 43.9658 3
      vertex 52.9 44 0
      vertex 52.3779 43.9658 0
    endloop
  endfacet
  facet normal 0.980813 -0.194951 0
    outer loop
      vertex 134.564 2.96472 3
      vertex 134.666 3.47789 0
      vertex 134.666 3.47789 3
    endloop
  endfacet
  facet normal 0.980813 -0.194951 0
    outer loop
      vertex 134.666 3.47789 0
      vertex 134.564 2.96472 3
      vertex 134.564 2.96472 0
    endloop
  endfacet
  facet normal 0.947026 0.321156 0
    outer loop
      vertex 134.564 41.0353 3
      vertex 134.396 41.5307 0
      vertex 134.396 41.5307 3
    endloop
  endfacet
  facet normal 0.947026 0.321156 0
    outer loop
      vertex 134.396 41.5307 0
      vertex 134.564 41.0353 3
      vertex 134.564 41.0353 0
    endloop
  endfacet
  facet normal -0.896887 -0.44226 0
    outer loop
      vertex 49.4359 2 0
      vertex 49.2045 2.46927 3
      vertex 49.2045 2.46927 0
    endloop
  endfacet
  facet normal -0.896887 -0.44226 0
    outer loop
      vertex 49.2045 2.46927 3
      vertex 49.4359 2 0
      vertex 49.4359 2 3
    endloop
  endfacet
  facet normal 0.831167 0.556022 0
    outer loop
      vertex 134.164 42 3
      vertex 133.873 42.435 0
      vertex 133.873 42.435 3
    endloop
  endfacet
  facet normal 0.831167 0.556022 0
    outer loop
      vertex 133.873 42.435 0
      vertex 134.164 42 3
      vertex 134.164 42 0
    endloop
  endfacet
  facet normal 0.896432 -0.443182 0
    outer loop
      vertex 134.164 2 3
      vertex 134.396 2.46927 0
      vertex 134.396 2.46927 3
    endloop
  endfacet
  facet normal 0.896432 -0.443182 0
    outer loop
      vertex 134.396 2.46927 0
      vertex 134.164 2 3
      vertex 134.164 2 0
    endloop
  endfacet
  facet normal -0.0654131 -0.997858 0
    outer loop
      vertex 52.3779 0.0342255 0
      vertex 52.9 0 3
      vertex 52.3779 0.0342255 3
    endloop
  endfacet
  facet normal -0.0654131 -0.997858 -0
    outer loop
      vertex 52.9 0 3
      vertex 52.3779 0.0342255 0
      vertex 52.9 0 0
    endloop
  endfacet
  facet normal 0.831191 -0.555987 0
    outer loop
      vertex 133.873 1.56496 3
      vertex 134.164 2 0
      vertex 134.164 2 3
    endloop
  endfacet
  facet normal 0.831191 -0.555987 0
    outer loop
      vertex 134.164 2 0
      vertex 133.873 1.56496 3
      vertex 133.873 1.56496 0
    endloop
  endfacet
  facet normal 0.0653771 0.997861 -0
    outer loop
      vertex 131.222 43.9658 0
      vertex 130.7 44 3
      vertex 131.222 43.9658 3
    endloop
  endfacet
  facet normal 0.0653771 0.997861 0
    outer loop
      vertex 130.7 44 3
      vertex 131.222 43.9658 0
      vertex 130.7 44 0
    endloop
  endfacet
  facet normal 0.32115 0.947028 -0
    outer loop
      vertex 132.231 43.6955 0
      vertex 131.735 43.8637 3
      vertex 132.231 43.6955 3
    endloop
  endfacet
  facet normal 0.32115 0.947028 0
    outer loop
      vertex 131.735 43.8637 3
      vertex 132.231 43.6955 0
      vertex 131.735 43.8637 0
    endloop
  endfacet
  facet normal -0.442261 -0.896886 0
    outer loop
      vertex 50.9 0.535904 0
      vertex 51.3693 0.304489 3
      vertex 50.9 0.535904 3
    endloop
  endfacet
  facet normal -0.442261 -0.896886 -0
    outer loop
      vertex 51.3693 0.304489 3
      vertex 50.9 0.535904 0
      vertex 51.3693 0.304489 0
    endloop
  endfacet
  facet normal 0 1 -0
    outer loop
      vertex 130.7 44 0
      vertex 52.9 44 3
      vertex 130.7 44 3
    endloop
  endfacet
  facet normal 0 1 0
    outer loop
      vertex 52.9 44 3
      vertex 130.7 44 0
      vertex 52.9 44 0
    endloop
  endfacet
  facet normal -0.442238 0.896898 0
    outer loop
      vertex 51.3693 43.6955 0
      vertex 50.9 43.4641 3
      vertex 51.3693 43.6955 3
    endloop
  endfacet
  facet normal -0.442238 0.896898 0
    outer loop
      vertex 50.9 43.4641 3
      vertex 51.3693 43.6955 0
      vertex 50.9 43.4641 0
    endloop
  endfacet
  facet normal 0.980815 0.19494 0
    outer loop
      vertex 134.666 40.5221 3
      vertex 134.564 41.0353 0
      vertex 134.564 41.0353 3
    endloop
  endfacet
  facet normal 0.980815 0.19494 0
    outer loop
      vertex 134.564 41.0353 0
      vertex 134.666 40.5221 3
      vertex 134.666 40.5221 0
    endloop
  endfacet
  facet normal 0.195197 0.980764 -0
    outer loop
      vertex 131.735 43.8637 0
      vertex 131.222 43.9658 3
      vertex 131.735 43.8637 3
    endloop
  endfacet
  facet normal 0.195197 0.980764 0
    outer loop
      vertex 131.222 43.9658 3
      vertex 131.735 43.8637 0
      vertex 131.222 43.9658 0
    endloop
  endfacet
  facet normal 0.5556 -0.83145 0
    outer loop
      vertex 132.7 0.535904 0
      vertex 133.135 0.826584 3
      vertex 132.7 0.535904 3
    endloop
  endfacet
  facet normal 0.5556 -0.83145 0
    outer loop
      vertex 133.135 0.826584 3
      vertex 132.7 0.535904 0
      vertex 133.135 0.826584 0
    endloop
  endfacet
  facet normal -0.195124 0.980779 0
    outer loop
      vertex 52.3779 43.9658 0
      vertex 51.8647 43.8637 3
      vertex 52.3779 43.9658 3
    endloop
  endfacet
  facet normal -0.195124 0.980779 0
    outer loop
      vertex 51.8647 43.8637 3
      vertex 52.3779 43.9658 0
      vertex 51.8647 43.8637 0
    endloop
  endfacet
  facet normal -0.659343 0.751842 0
    outer loop
      vertex 50.465 43.1734 0
      vertex 50.0716 42.8284 3
      vertex 50.465 43.1734 3
    endloop
  endfacet
  facet normal -0.659343 0.751842 0
    outer loop
      vertex 50.0716 42.8284 3
      vertex 50.465 43.1734 0
      vertex 50.0716 42.8284 0
    endloop
  endfacet
  facet normal -0.751842 0.659343 0
    outer loop
      vertex 49.7266 42.435 0
      vertex 50.0716 42.8284 3
      vertex 50.0716 42.8284 0
    endloop
  endfacet
  facet normal -0.751842 0.659343 0
    outer loop
      vertex 50.0716 42.8284 3
      vertex 49.7266 42.435 0
      vertex 49.7266 42.435 3
    endloop
  endfacet
  facet normal -0.321498 0.94691 0
    outer loop
      vertex 51.8647 43.8637 0
      vertex 51.3693 43.6955 3
      vertex 51.8647 43.8637 3
    endloop
  endfacet
  facet normal -0.321498 0.94691 0
    outer loop
      vertex 51.3693 43.6955 3
      vertex 51.8647 43.8637 0
      vertex 51.3693 43.6955 0
    endloop
  endfacet
  facet normal -0.831432 0.555626 0
    outer loop
      vertex 49.4359 42 0
      vertex 49.7266 42.435 3
      vertex 49.7266 42.435 0
    endloop
  endfacet
  facet normal -0.831432 0.555626 0
    outer loop
      vertex 49.7266 42.435 3
      vertex 49.4359 42 0
      vertex 49.4359 42 3
    endloop
  endfacet
  facet normal -0.5556 -0.83145 0
    outer loop
      vertex 50.465 0.826584 0
      vertex 50.9 0.535904 3
      vertex 50.465 0.826584 3
    endloop
  endfacet
  facet normal -0.5556 -0.83145 -0
    outer loop
      vertex 50.9 0.535904 3
      vertex 50.465 0.826584 0
      vertex 50.9 0.535904 0
    endloop
  endfacet
  facet normal 0.997886 0.064984 0
    outer loop
      vertex 134.7 40 3
      vertex 134.666 40.5221 0
      vertex 134.666 40.5221 3
    endloop
  endfacet
  facet normal 0.997886 0.064984 0
    outer loop
      vertex 134.666 40.5221 0
      vertex 134.7 40 3
      vertex 134.7 40 0
    endloop
  endfacet
  facet normal 0.751834 -0.659353 0
    outer loop
      vertex 133.528 1.17157 3
      vertex 133.873 1.56496 0
      vertex 133.873 1.56496 3
    endloop
  endfacet
  facet normal 0.751834 -0.659353 0
    outer loop
      vertex 133.873 1.56496 0
      vertex 133.528 1.17157 3
      vertex 133.528 1.17157 0
    endloop
  endfacet
  facet normal 0.659707 -0.751523 0
    outer loop
      vertex 133.135 0.826584 0
      vertex 133.528 1.17157 3
      vertex 133.135 0.826584 3
    endloop
  endfacet
  facet normal 0.659707 -0.751523 0
    outer loop
      vertex 133.528 1.17157 3
      vertex 133.135 0.826584 0
      vertex 133.528 1.17157 0
    endloop
  endfacet
  facet normal -0.659328 -0.751855 0
    outer loop
      vertex 50.0716 1.17157 0
      vertex 50.465 0.826584 3
      vertex 50.0716 1.17157 3
    endloop
  endfacet
  facet normal -0.659328 -0.751855 -0
    outer loop
      vertex 50.465 0.826584 3
      vertex 50.0716 1.17157 0
      vertex 50.465 0.826584 0
    endloop
  endfacet
  facet normal -0.997862 -0.0653634 0
    outer loop
      vertex 48.9342 3.47789 0
      vertex 48.9 4 3
      vertex 48.9 4 0
    endloop
  endfacet
  facet normal -0.997862 -0.0653634 0
    outer loop
      vertex 48.9 4 3
      vertex 48.9342 3.47789 0
      vertex 48.9342 3.47789 3
    endloop
  endfacet
  facet normal 0 0 1
    outer loop
      vertex 130.7 44 3
      vertex 134.7 40 3
      vertex 134.666 40.5221 3
    endloop
  endfacet
  facet normal 0 0 1
    outer loop
      vertex 134.7 40 3
      vertex 131.4 27 3
      vertex 134.7 4 3
    endloop
  endfacet
  facet normal 0 0 1
    outer loop
      vertex 130.7 44 3
      vertex 134.666 40.5221 3
      vertex 134.564 41.0353 3
    endloop
  endfacet
  facet normal -0 0 1
    outer loop
      vertex 131.4 17 3
      vertex 134.7 4 3
      vertex 131.4 27 3
    endloop
  endfacet
  facet normal 0 0 1
    outer loop
      vertex 130.7 44 3
      vertex 134.564 41.0353 3
      vertex 134.396 41.5307 3
    endloop
  endfacet
  facet normal -0 0 1
    outer loop
      vertex 125.979 14.9183 3
      vertex 134.7 4 3
      vertex 131.4 17 3
    endloop
  endfacet
  facet normal 0 0 1
    outer loop
      vertex 130.7 44 3
      vertex 134.396 41.5307 3
      vertex 134.164 42 3
    endloop
  endfacet
  facet normal -0 0 1
    outer loop
      vertex 124.927 13.6762 3
      vertex 134.7 4 3
      vertex 125.979 14.9183 3
    endloop
  endfacet
  facet normal 0 0 1
    outer loop
      vertex 130.7 44 3
      vertex 134.164 42 3
      vertex 133.873 42.435 3
    endloop
  endfacet
  facet normal 0 -0 1
    outer loop
      vertex 130.7 0 3
      vertex 134.7 4 3
      vertex 123.727 12.5869 3
    endloop
  endfacet
  facet normal 0 0 1
    outer loop
      vertex 130.7 44 3
      vertex 133.873 42.435 3
      vertex 133.528 42.8284 3
    endloop
  endfacet
  facet normal 0 0 1
    outer loop
      vertex 134.7 4 3
      vertex 130.7 0 3
      vertex 134.666 3.47789 3
    endloop
  endfacet
  facet normal 0 0 1
    outer loop
      vertex 130.7 44 3
      vertex 133.528 42.8284 3
      vertex 133.135 43.1734 3
    endloop
  endfacet
  facet normal 0 0 1
    outer loop
      vertex 134.666 3.47789 3
      vertex 130.7 0 3
      vertex 134.564 2.96472 3
    endloop
  endfacet
  facet normal 0 0 1
    outer loop
      vertex 130.7 44 3
      vertex 133.135 43.1734 3
      vertex 132.7 43.4641 3
    endloop
  endfacet
  facet normal 0 0 1
    outer loop
      vertex 134.564 2.96472 3
      vertex 130.7 0 3
      vertex 134.396 2.46927 3
    endloop
  endfacet
  facet normal 0 0 1
    outer loop
      vertex 130.7 44 3
      vertex 132.7 43.4641 3
      vertex 132.231 43.6955 3
    endloop
  endfacet
  facet normal 0 0 1
    outer loop
      vertex 134.396 2.46927 3
      vertex 130.7 0 3
      vertex 134.164 2 3
    endloop
  endfacet
  facet normal 0 0 1
    outer loop
      vertex 130.7 44 3
      vertex 132.231 43.6955 3
      vertex 131.735 43.8637 3
    endloop
  endfacet
  facet normal 0 0 1
    outer loop
      vertex 134.164 2 3
      vertex 130.7 0 3
      vertex 133.873 1.56496 3
    endloop
  endfacet
  facet normal 0 0 1
    outer loop
      vertex 133.528 1.17157 3
      vertex 130.7 0 3
      vertex 133.135 0.826584 3
    endloop
  endfacet
  facet normal 0 0 1
    outer loop
      vertex 130.7 44 3
      vertex 131.735 43.8637 3
      vertex 131.222 43.9658 3
    endloop
  endfacet
  facet normal 0 0 1
    outer loop
      vertex 134.7 40 3
      vertex 130.7 44 3
      vertex 126.866 37.2046 3
    endloop
  endfacet
  facet normal 0 0 1
    outer loop
      vertex 134.7 40 3
      vertex 128.396 32.538 3
      vertex 131.4 27 3
    endloop
  endfacet
  facet normal 0 0 1
    outer loop
      vertex 128.5 22.6072 3
      vertex 129.8 27 3
      vertex 128.5 30.8894 3
    endloop
  endfacet
  facet normal -0 -0 1
    outer loop
      vertex 128.5 30.8894 3
      vertex 131.4 27 3
      vertex 128.396 32.538 3
    endloop
  endfacet
  facet normal 0 0 1
    outer loop
      vertex 131.4 27 3
      vertex 128.5 30.8894 3
      vertex 129.8 27 3
    endloop
  endfacet
  facet normal 0 0 1
    outer loop
      vertex 134.7 40 3
      vertex 128.084 34.1584 3
      vertex 128.396 32.538 3
    endloop
  endfacet
  facet normal 0 0 1
    outer loop
      vertex 134.7 40 3
      vertex 127.571 35.7228 3
      vertex 128.084 34.1584 3
    endloop
  endfacet
  facet normal 0 0 1
    outer loop
      vertex 134.7 40 3
      vertex 126.866 37.2046 3
      vertex 127.571 35.7228 3
    endloop
  endfacet
  facet normal 0 0 1
    outer loop
      vertex 130.7 44 3
      vertex 125.979 38.5783 3
      vertex 126.866 37.2046 3
    endloop
  endfacet
  facet normal 0 0 1
    outer loop
      vertex 130.7 44 3
      vertex 124.927 39.8204 3
      vertex 125.979 38.5783 3
    endloop
  endfacet
  facet normal 0 0 1
    outer loop
      vertex 130.7 44 3
      vertex 123.727 40.9097 3
      vertex 124.927 39.8204 3
    endloop
  endfacet
  facet normal 0 0 1
    outer loop
      vertex 130.7 44 3
      vertex 122.4 41.8276 3
      vertex 123.727 40.9097 3
    endloop
  endfacet
  facet normal 0 0 1
    outer loop
      vertex 130.7 44 3
      vertex 121.925 42.0702 3
      vertex 122.4 41.8276 3
    endloop
  endfacet
  facet normal 0 0 1
    outer loop
      vertex 130.7 44 3
      vertex 120.969 42.5583 3
      vertex 121.925 42.0702 3
    endloop
  endfacet
  facet normal 0 0 1
    outer loop
      vertex 130.7 44 3
      vertex 119.962 42.912 3
      vertex 120.969 42.5583 3
    endloop
  endfacet
  facet normal 0 0 1
    outer loop
      vertex 130.7 44 3
      vertex 119.458 43.0894 3
      vertex 119.962 42.912 3
    endloop
  endfacet
  facet normal 0 0 1
    outer loop
      vertex 130.7 44 3
      vertex 118.417 43.3037 3
      vertex 119.458 43.0894 3
    endloop
  endfacet
  facet normal 0 0 1
    outer loop
      vertex 130.7 44 3
      vertex 117.892 43.4117 3
      vertex 118.417 43.3037 3
    endloop
  endfacet
  facet normal 0 0 1
    outer loop
      vertex 130.7 44 3
      vertex 117.358 43.4479 3
      vertex 117.892 43.4117 3
    endloop
  endfacet
  facet normal 0 0 1
    outer loop
      vertex 130.7 44 3
      vertex 116.3 43.5198 3
      vertex 117.358 43.4479 3
    endloop
  endfacet
  facet normal 0 0 1
    outer loop
      vertex 116.3 43.5198 3
      vertex 67.3 43.5198 3
      vertex 116.3 9.97684 3
    endloop
  endfacet
  facet normal 0 0 1
    outer loop
      vertex 130.7 44 3
      vertex 67.3 43.5198 3
      vertex 116.3 43.5198 3
    endloop
  endfacet
  facet normal 0 0 1
    outer loop
      vertex 52.9 44 3
      vertex 66.2417 43.4479 3
      vertex 67.3 43.5198 3
    endloop
  endfacet
  facet normal 0 0 1
    outer loop
      vertex 52.9 44 3
      vertex 65.1831 43.3037 3
      vertex 65.7076 43.4117 3
    endloop
  endfacet
  facet normal 0 0 1
    outer loop
      vertex 52.9 44 3
      vertex 61.6752 42.0702 3
      vertex 62.6313 42.5583 3
    endloop
  endfacet
  facet normal 0 0 1
    outer loop
      vertex 55.1 30.8894 3
      vertex 53.8 27 3
      vertex 55.1 22.6072 3
    endloop
  endfacet
  facet normal 0 0 1
    outer loop
      vertex 52.2 27 3
      vertex 55.1 30.8894 3
      vertex 55.2044 32.538 3
    endloop
  endfacet
  facet normal 0 0 1
    outer loop
      vertex 48.9 40 3
      vertex 55.2044 32.538 3
      vertex 55.5157 34.1584 3
    endloop
  endfacet
  facet normal -0 0 1
    outer loop
      vertex 52.9 44 3
      vertex 67.3 43.5198 3
      vertex 130.7 44 3
    endloop
  endfacet
  facet normal 0 0 1
    outer loop
      vertex 66.2417 43.4479 3
      vertex 52.9 44 3
      vertex 65.7076 43.4117 3
    endloop
  endfacet
  facet normal 0 0 1
    outer loop
      vertex 65.1831 43.3037 3
      vertex 52.9 44 3
      vertex 64.1424 43.0894 3
    endloop
  endfacet
  facet normal 0 0 1
    outer loop
      vertex 52.9 44 3
      vertex 63.6375 42.912 3
      vertex 64.1424 43.0894 3
    endloop
  endfacet
  facet normal 0 0 1
    outer loop
      vertex 52.9 44 3
      vertex 62.6313 42.5583 3
      vertex 63.6375 42.912 3
    endloop
  endfacet
  facet normal 0 0 1
    outer loop
      vertex 61.6752 42.0702 3
      vertex 52.9 44 3
      vertex 61.2 41.8276 3
    endloop
  endfacet
  facet normal 0 0 1
    outer loop
      vertex 52.9 44 3
      vertex 59.8731 40.9097 3
      vertex 61.2 41.8276 3
    endloop
  endfacet
  facet normal 0 0 1
    outer loop
      vertex 52.9 44 3
      vertex 58.6733 39.8204 3
      vertex 59.8731 40.9097 3
    endloop
  endfacet
  facet normal 0 0 1
    outer loop
      vertex 52.9 44 3
      vertex 57.6211 38.5783 3
      vertex 58.6733 39.8204 3
    endloop
  endfacet
  facet normal 0 0 1
    outer loop
      vertex 52.9 44 3
      vertex 56.7345 37.2046 3
      vertex 57.6211 38.5783 3
    endloop
  endfacet
  facet normal -0 0 1
    outer loop
      vertex 48.9 40 3
      vertex 56.7345 37.2046 3
      vertex 52.9 44 3
    endloop
  endfacet
  facet normal 0 0 1
    outer loop
      vertex 56.7345 37.2046 3
      vertex 48.9 40 3
      vertex 56.0287 35.7228 3
    endloop
  endfacet
  facet normal 0 0 1
    outer loop
      vertex 56.0287 35.7228 3
      vertex 48.9 40 3
      vertex 55.5157 34.1584 3
    endloop
  endfacet
  facet normal 0 0 1
    outer loop
      vertex 48.9 40 3
      vertex 52.9 44 3
      vertex 52.3779 43.9658 3
    endloop
  endfacet
  facet normal 0 0 1
    outer loop
      vertex 55.2044 32.538 3
      vertex 48.9 40 3
      vertex 52.2 27 3
    endloop
  endfacet
  facet normal 0 0 1
    outer loop
      vertex 55.1 30.8894 3
      vertex 52.2 27 3
      vertex 53.8 27 3
    endloop
  endfacet
  facet normal 0 0 1
    outer loop
      vertex 48.9 40 3
      vertex 52.3779 43.9658 3
      vertex 51.8647 43.8637 3
    endloop
  endfacet
  facet normal 0 0 1
    outer loop
      vertex 133.135 0.826584 3
      vertex 130.7 0 3
      vertex 132.7 0.535904 3
    endloop
  endfacet
  facet normal 0 0 1
    outer loop
      vertex 132.7 0.535904 3
      vertex 130.7 0 3
      vertex 132.231 0.304489 3
    endloop
  endfacet
  facet normal 0 0 1
    outer loop
      vertex 132.231 0.304489 3
      vertex 130.7 0 3
      vertex 131.735 0.136292 3
    endloop
  endfacet
  facet normal 0 0 1
    outer loop
      vertex 125.979 14.9183 3
      vertex 131.4 17 3
      vertex 129.8 17 3
    endloop
  endfacet
  facet normal 0 0 1
    outer loop
      vertex 129.8 27 3
      vertex 128.5 22.6072 3
      vertex 129.8 17 3
    endloop
  endfacet
  facet normal -0 0 1
    outer loop
      vertex 128.396 20.9586 3
      vertex 129.8 17 3
      vertex 128.5 22.6072 3
    endloop
  endfacet
  facet normal -0 0 1
    outer loop
      vertex 128.084 19.3382 3
      vertex 129.8 17 3
      vertex 128.396 20.9586 3
    endloop
  endfacet
  facet normal -0 0 1
    outer loop
      vertex 127.571 17.7738 3
      vertex 129.8 17 3
      vertex 128.084 19.3382 3
    endloop
  endfacet
  facet normal 0 0 1
    outer loop
      vertex 126.866 16.292 3
      vertex 129.8 17 3
      vertex 127.571 17.7738 3
    endloop
  endfacet
  facet normal 0 0 1
    outer loop
      vertex 125.979 14.9183 3
      vertex 129.8 17 3
      vertex 126.866 16.292 3
    endloop
  endfacet
  facet normal -0 0 1
    outer loop
      vertex 123.727 12.5869 3
      vertex 134.7 4 3
      vertex 124.927 13.6762 3
    endloop
  endfacet
  facet normal 0 0 1
    outer loop
      vertex 131.735 0.136292 3
      vertex 130.7 0 3
      vertex 131.222 0.0342255 3
    endloop
  endfacet
  facet normal 0 0 1
    outer loop
      vertex 133.873 1.56496 3
      vertex 130.7 0 3
      vertex 133.528 1.17157 3
    endloop
  endfacet
  facet normal -0 0 1
    outer loop
      vertex 122.4 11.669 3
      vertex 130.7 0 3
      vertex 123.727 12.5869 3
    endloop
  endfacet
  facet normal -0 0 1
    outer loop
      vertex 120.969 10.9383 3
      vertex 130.7 0 3
      vertex 122.4 11.669 3
    endloop
  endfacet
  facet normal -0 0 1
    outer loop
      vertex 119.841 10.542 3
      vertex 130.7 0 3
      vertex 120.969 10.9383 3
    endloop
  endfacet
  facet normal -0 0 1
    outer loop
      vertex 119.458 10.4072 3
      vertex 130.7 0 3
      vertex 119.841 10.542 3
    endloop
  endfacet
  facet normal -0 0 1
    outer loop
      vertex 119.061 10.3256 3
      vertex 130.7 0 3
      vertex 119.458 10.4072 3
    endloop
  endfacet
  facet normal -0 0 1
    outer loop
      vertex 117.892 10.0849 3
      vertex 130.7 0 3
      vertex 119.061 10.3256 3
    endloop
  endfacet
  facet normal -0 0 1
    outer loop
      vertex 116.3 9.97684 3
      vertex 130.7 0 3
      vertex 117.892 10.0849 3
    endloop
  endfacet
  facet normal 0 0 1
    outer loop
      vertex 67.3 9.97684 3
      vertex 116.3 9.97684 3
      vertex 67.3 43.5198 3
    endloop
  endfacet
  facet normal 0 0 1
    outer loop
      vertex 116.3 9.97684 3
      vertex 67.3 9.97684 3
      vertex 130.7 0 3
    endloop
  endfacet
  facet normal 0 0 1
    outer loop
      vertex 52.9 0 3
      vertex 67.3 9.97684 3
      vertex 65.7076 10.0849 3
    endloop
  endfacet
  facet normal 0 0 1
    outer loop
      vertex 52.9 0 3
      vertex 63.7588 10.542 3
      vertex 62.6313 10.9383 3
    endloop
  endfacet
  facet normal 0 0 1
    outer loop
      vertex 53.8 17 3
      vertex 55.1 22.6072 3
      vertex 53.8 27 3
    endloop
  endfacet
  facet normal 0 0 1
    outer loop
      vertex 55.1 22.6072 3
      vertex 53.8 17 3
      vertex 55.2044 20.9586 3
    endloop
  endfacet
  facet normal 0 0 1
    outer loop
      vertex 55.2044 20.9586 3
      vertex 53.8 17 3
      vertex 55.5157 19.3382 3
    endloop
  endfacet
  facet normal 0 0 1
    outer loop
      vertex 53.8 17 3
      vertex 56.0287 17.7738 3
      vertex 55.5157 19.3382 3
    endloop
  endfacet
  facet normal -0 0 1
    outer loop
      vertex 53.8 17 3
      vertex 56.7345 16.292 3
      vertex 56.0287 17.7738 3
    endloop
  endfacet
  facet normal 0 0 1
    outer loop
      vertex 53.8 17 3
      vertex 57.6211 14.9183 3
      vertex 56.7345 16.292 3
    endloop
  endfacet
  facet normal -0 0 1
    outer loop
      vertex 52.2 17 3
      vertex 57.6211 14.9183 3
      vertex 53.8 17 3
    endloop
  endfacet
  facet normal 0 0 1
    outer loop
      vertex 48.9 4 3
      vertex 57.6211 14.9183 3
      vertex 52.2 17 3
    endloop
  endfacet
  facet normal 0 0 1
    outer loop
      vertex 67.3 9.97684 3
      vertex 52.9 0 3
      vertex 130.7 0 3
    endloop
  endfacet
  facet normal 0 0 1
    outer loop
      vertex 64.5389 10.3256 3
      vertex 52.9 0 3
      vertex 65.7076 10.0849 3
    endloop
  endfacet
  facet normal 0 0 1
    outer loop
      vertex 64.1424 10.4072 3
      vertex 52.9 0 3
      vertex 64.5389 10.3256 3
    endloop
  endfacet
  facet normal 0 0 1
    outer loop
      vertex 63.7588 10.542 3
      vertex 52.9 0 3
      vertex 64.1424 10.4072 3
    endloop
  endfacet
  facet normal 0 0 1
    outer loop
      vertex 61.2 11.669 3
      vertex 52.9 0 3
      vertex 62.6313 10.9383 3
    endloop
  endfacet
  facet normal 0 0 1
    outer loop
      vertex 59.8731 12.5869 3
      vertex 52.9 0 3
      vertex 61.2 11.669 3
    endloop
  endfacet
  facet normal 0 0 1
    outer loop
      vertex 58.6733 13.6762 3
      vertex 48.9 4 3
      vertex 59.8731 12.5869 3
    endloop
  endfacet
  facet normal 0 0 1
    outer loop
      vertex 59.8731 12.5869 3
      vertex 48.9 4 3
      vertex 52.9 0 3
    endloop
  endfacet
  facet normal 0 0 1
    outer loop
      vertex 57.6211 14.9183 3
      vertex 48.9 4 3
      vertex 58.6733 13.6762 3
    endloop
  endfacet
  facet normal 0 0 1
    outer loop
      vertex 52.2 27 3
      vertex 48.9 40 3
      vertex 52.2 17 3
    endloop
  endfacet
  facet normal 0 0 1
    outer loop
      vertex 48.9 4 3
      vertex 52.2 17 3
      vertex 48.9 40 3
    endloop
  endfacet
  facet normal 0 0 1
    outer loop
      vertex 48.9 40 3
      vertex 51.8647 43.8637 3
      vertex 51.3693 43.6955 3
    endloop
  endfacet
  facet normal 0 0 1
    outer loop
      vertex 52.9 0 3
      vertex 48.9 4 3
      vertex 52.3779 0.0342255 3
    endloop
  endfacet
  facet normal 0 0 1
    outer loop
      vertex 48.9 40 3
      vertex 51.3693 43.6955 3
      vertex 50.9 43.4641 3
    endloop
  endfacet
  facet normal 0 0 1
    outer loop
      vertex 52.3779 0.0342255 3
      vertex 48.9 4 3
      vertex 51.8647 0.136292 3
    endloop
  endfacet
  facet normal 0 0 1
    outer loop
      vertex 48.9 40 3
      vertex 50.9 43.4641 3
      vertex 50.465 43.1734 3
    endloop
  endfacet
  facet normal 0 0 1
    outer loop
      vertex 51.8647 0.136292 3
      vertex 48.9 4 3
      vertex 51.3693 0.304489 3
    endloop
  endfacet
  facet normal 0 0 1
    outer loop
      vertex 48.9 40 3
      vertex 50.465 43.1734 3
      vertex 50.0716 42.8284 3
    endloop
  endfacet
  facet normal 0 0 1
    outer loop
      vertex 51.3693 0.304489 3
      vertex 48.9 4 3
      vertex 50.9 0.535904 3
    endloop
  endfacet
  facet normal 0 0 1
    outer loop
      vertex 48.9 40 3
      vertex 50.0716 42.8284 3
      vertex 49.7266 42.435 3
    endloop
  endfacet
  facet normal 0 0 1
    outer loop
      vertex 50.9 0.535904 3
      vertex 48.9 4 3
      vertex 50.465 0.826584 3
    endloop
  endfacet
  facet normal 0 0 1
    outer loop
      vertex 48.9 40 3
      vertex 49.7266 42.435 3
      vertex 49.4359 42 3
    endloop
  endfacet
  facet normal 0 0 1
    outer loop
      vertex 50.465 0.826584 3
      vertex 48.9 4 3
      vertex 50.0716 1.17157 3
    endloop
  endfacet
  facet normal 0 0 1
    outer loop
      vertex 48.9 40 3
      vertex 49.4359 42 3
      vertex 49.2045 41.5307 3
    endloop
  endfacet
  facet normal 0 0 1
    outer loop
      vertex 50.0716 1.17157 3
      vertex 48.9 4 3
      vertex 49.7266 1.56496 3
    endloop
  endfacet
  facet normal 0 0 1
    outer loop
      vertex 48.9 40 3
      vertex 49.2045 41.5307 3
      vertex 49.0363 41.0353 3
    endloop
  endfacet
  facet normal 0 0 1
    outer loop
      vertex 49.7266 1.56496 3
      vertex 48.9 4 3
      vertex 49.4359 2 3
    endloop
  endfacet
  facet normal 0 0 1
    outer loop
      vertex 48.9 40 3
      vertex 49.0363 41.0353 3
      vertex 48.9342 40.5221 3
    endloop
  endfacet
  facet normal 0 0 1
    outer loop
      vertex 49.4359 2 3
      vertex 48.9 4 3
      vertex 49.2045 2.46927 3
    endloop
  endfacet
  facet normal 0 0 1
    outer loop
      vertex 49.2045 2.46927 3
      vertex 48.9 4 3
      vertex 49.0363 2.96472 3
    endloop
  endfacet
  facet normal 0 0 1
    outer loop
      vertex 49.0363 2.96472 3
      vertex 48.9 4 3
      vertex 48.9342 3.47789 3
    endloop
  endfacet
  facet normal -0.980779 0.195124 0
    outer loop
      vertex 48.9342 40.5221 0
      vertex 49.0363 41.0353 3
      vertex 49.0363 41.0353 0
    endloop
  endfacet
  facet normal -0.980779 0.195124 0
    outer loop
      vertex 49.0363 41.0353 3
      vertex 48.9342 40.5221 0
      vertex 48.9342 40.5221 3
    endloop
  endfacet
  facet normal -0.997861 0.0653646 0
    outer loop
      vertex 48.9 40 0
      vertex 48.9342 40.5221 3
      vertex 48.9342 40.5221 0
    endloop
  endfacet
  facet normal -0.997861 0.0653646 0
    outer loop
      vertex 48.9342 40.5221 3
      vertex 48.9 40 0
      vertex 48.9 40 3
    endloop
  endfacet
  facet normal 0.751842 0.659343 0
    outer loop
      vertex 133.873 42.435 3
      vertex 133.528 42.8284 0
      vertex 133.528 42.8284 3
    endloop
  endfacet
  facet normal 0.751842 0.659343 0
    outer loop
      vertex 133.528 42.8284 0
      vertex 133.873 42.435 3
      vertex 133.873 42.435 0
    endloop
  endfacet
  facet normal 0.659722 0.75151 -0
    outer loop
      vertex 133.528 42.8284 0
      vertex 133.135 43.1734 3
      vertex 133.528 42.8284 3
    endloop
  endfacet
  facet normal 0.659722 0.75151 0
    outer loop
      vertex 133.135 43.1734 3
      vertex 133.528 42.8284 0
      vertex 133.135 43.1734 0
    endloop
  endfacet
  facet normal 0.896443 0.443159 0
    outer loop
      vertex 134.396 41.5307 3
      vertex 134.164 42 0
      vertex 134.164 42 3
    endloop
  endfacet
  facet normal 0.896443 0.443159 0
    outer loop
      vertex 134.164 42 0
      vertex 134.396 41.5307 3
      vertex 134.396 41.5307 0
    endloop
  endfacet
  facet normal -0.980776 -0.195135 0
    outer loop
      vertex 49.0363 2.96472 0
      vertex 48.9342 3.47789 3
      vertex 48.9342 3.47789 0
    endloop
  endfacet
  facet normal -0.980776 -0.195135 0
    outer loop
      vertex 48.9342 3.47789 3
      vertex 49.0363 2.96472 0
      vertex 49.0363 2.96472 3
    endloop
  endfacet
  facet normal -0.94692 -0.321469 0
    outer loop
      vertex 49.2045 2.46927 0
      vertex 49.0363 2.96472 3
      vertex 49.0363 2.96472 0
    endloop
  endfacet
  facet normal -0.94692 -0.321469 0
    outer loop
      vertex 49.0363 2.96472 3
      vertex 49.2045 2.46927 0
      vertex 49.2045 2.46927 3
    endloop
  endfacet
  facet normal -0.831456 -0.555591 0
    outer loop
      vertex 49.7266 1.56496 0
      vertex 49.4359 2 3
      vertex 49.4359 2 0
    endloop
  endfacet
  facet normal -0.831456 -0.555591 0
    outer loop
      vertex 49.4359 2 3
      vertex 49.7266 1.56496 0
      vertex 49.7266 1.56496 3
    endloop
  endfacet
  facet normal -0.751834 -0.659353 0
    outer loop
      vertex 50.0716 1.17157 0
      vertex 49.7266 1.56496 3
      vertex 49.7266 1.56496 0
    endloop
  endfacet
  facet normal -0.751834 -0.659353 0
    outer loop
      vertex 49.7266 1.56496 3
      vertex 50.0716 1.17157 0
      vertex 50.0716 1.17157 3
    endloop
  endfacet
  facet normal 0 0 -1
    outer loop
      vertex 130.7 0 0
      vertex 134.7 4 0
      vertex 134.666 3.47789 0
    endloop
  endfacet
  facet normal -0 0 -1
    outer loop
      vertex 134.7 4 0
      vertex 130.7 0 0
      vertex 134.7 40 0
    endloop
  endfacet
  facet normal 0 0 -1
    outer loop
      vertex 130.7 0 0
      vertex 134.666 3.47789 0
      vertex 134.564 2.96472 0
    endloop
  endfacet
  facet normal 0 0 -1
    outer loop
      vertex 130.7 44 0
      vertex 134.7 40 0
      vertex 130.7 0 0
    endloop
  endfacet
  facet normal 0 0 -1
    outer loop
      vertex 130.7 0 0
      vertex 134.564 2.96472 0
      vertex 134.396 2.46927 0
    endloop
  endfacet
  facet normal 0 0 -1
    outer loop
      vertex 134.7 40 0
      vertex 130.7 44 0
      vertex 134.666 40.5221 0
    endloop
  endfacet
  facet normal 0 0 -1
    outer loop
      vertex 130.7 0 0
      vertex 134.396 2.46927 0
      vertex 134.164 2 0
    endloop
  endfacet
  facet normal 0 0 -1
    outer loop
      vertex 134.666 40.5221 0
      vertex 130.7 44 0
      vertex 134.564 41.0353 0
    endloop
  endfacet
  facet normal 0 0 -1
    outer loop
      vertex 130.7 0 0
      vertex 134.164 2 0
      vertex 133.873 1.56496 0
    endloop
  endfacet
  facet normal 0 0 -1
    outer loop
      vertex 134.564 41.0353 0
      vertex 130.7 44 0
      vertex 134.396 41.5307 0
    endloop
  endfacet
  facet normal 0 0 -1
    outer loop
      vertex 130.7 0 0
      vertex 133.873 1.56496 0
      vertex 133.528 1.17157 0
    endloop
  endfacet
  facet normal 0 0 -1
    outer loop
      vertex 134.396 41.5307 0
      vertex 130.7 44 0
      vertex 134.164 42 0
    endloop
  endfacet
  facet normal 0 0 -1
    outer loop
      vertex 130.7 0 0
      vertex 133.528 1.17157 0
      vertex 133.135 0.826584 0
    endloop
  endfacet
  facet normal 0 0 -1
    outer loop
      vertex 134.164 42 0
      vertex 130.7 44 0
      vertex 133.873 42.435 0
    endloop
  endfacet
  facet normal 0 0 -1
    outer loop
      vertex 130.7 0 0
      vertex 133.135 0.826584 0
      vertex 132.7 0.535904 0
    endloop
  endfacet
  facet normal 0 0 -1
    outer loop
      vertex 133.873 42.435 0
      vertex 130.7 44 0
      vertex 133.528 42.8284 0
    endloop
  endfacet
  facet normal 0 0 -1
    outer loop
      vertex 130.7 0 0
      vertex 132.7 0.535904 0
      vertex 132.231 0.304489 0
    endloop
  endfacet
  facet normal 0 0 -1
    outer loop
      vertex 133.528 42.8284 0
      vertex 130.7 44 0
      vertex 133.135 43.1734 0
    endloop
  endfacet
  facet normal 0 0 -1
    outer loop
      vertex 130.7 0 0
      vertex 132.231 0.304489 0
      vertex 131.735 0.136292 0
    endloop
  endfacet
  facet normal 0 0 -1
    outer loop
      vertex 133.135 43.1734 0
      vertex 130.7 44 0
      vertex 132.7 43.4641 0
    endloop
  endfacet
  facet normal 0 0 -1
    outer loop
      vertex 130.7 0 0
      vertex 131.735 0.136292 0
      vertex 131.222 0.0342255 0
    endloop
  endfacet
  facet normal 0 0 -1
    outer loop
      vertex 132.7 43.4641 0
      vertex 130.7 44 0
      vertex 132.231 43.6955 0
    endloop
  endfacet
  facet normal 0 0 -1
    outer loop
      vertex 132.231 43.6955 0
      vertex 130.7 44 0
      vertex 131.735 43.8637 0
    endloop
  endfacet
  facet normal 0 0 -1
    outer loop
      vertex 131.735 43.8637 0
      vertex 130.7 44 0
      vertex 131.222 43.9658 0
    endloop
  endfacet
  facet normal 0 0 -1
    outer loop
      vertex 52.9 0 0
      vertex 130.7 44 0
      vertex 130.7 0 0
    endloop
  endfacet
  facet normal 0 0 -1
    outer loop
      vertex 52.9 0 0
      vertex 52.9 44 0
      vertex 130.7 44 0
    endloop
  endfacet
  facet normal 0 0 -1
    outer loop
      vertex 48.9 4 0
      vertex 52.9 0 0
      vertex 52.3779 0.0342255 0
    endloop
  endfacet
  facet normal 0 0 -1
    outer loop
      vertex 52.9 0 0
      vertex 48.9 4 0
      vertex 52.9 44 0
    endloop
  endfacet
  facet normal 0 0 -1
    outer loop
      vertex 48.9 4 0
      vertex 52.3779 0.0342255 0
      vertex 51.8647 0.136292 0
    endloop
  endfacet
  facet normal 0 0 -1
    outer loop
      vertex 48.9 40 0
      vertex 52.9 44 0
      vertex 48.9 4 0
    endloop
  endfacet
  facet normal 0 0 -1
    outer loop
      vertex 48.9 4 0
      vertex 51.8647 0.136292 0
      vertex 51.3693 0.304489 0
    endloop
  endfacet
  facet normal 0 0 -1
    outer loop
      vertex 52.9 44 0
      vertex 48.9 40 0
      vertex 52.3779 43.9658 0
    endloop
  endfacet
  facet normal 0 0 -1
    outer loop
      vertex 48.9 4 0
      vertex 51.3693 0.304489 0
      vertex 50.9 0.535904 0
    endloop
  endfacet
  facet normal 0 0 -1
    outer loop
      vertex 52.3779 43.9658 0
      vertex 48.9 40 0
      vertex 51.8647 43.8637 0
    endloop
  endfacet
  facet normal 0 0 -1
    outer loop
      vertex 48.9 4 0
      vertex 50.9 0.535904 0
      vertex 50.465 0.826584 0
    endloop
  endfacet
  facet normal 0 0 -1
    outer loop
      vertex 51.8647 43.8637 0
      vertex 48.9 40 0
      vertex 51.3693 43.6955 0
    endloop
  endfacet
  facet normal 0 0 -1
    outer loop
      vertex 48.9 4 0
      vertex 50.465 0.826584 0
      vertex 50.0716 1.17157 0
    endloop
  endfacet
  facet normal 0 0 -1
    outer loop
      vertex 51.3693 43.6955 0
      vertex 48.9 40 0
      vertex 50.9 43.4641 0
    endloop
  endfacet
  facet normal 0 0 -1
    outer loop
      vertex 48.9 4 0
      vertex 50.0716 1.17157 0
      vertex 49.7266 1.56496 0
    endloop
  endfacet
  facet normal 0 0 -1
    outer loop
      vertex 50.9 43.4641 0
      vertex 48.9 40 0
      vertex 50.465 43.1734 0
    endloop
  endfacet
  facet normal 0 0 -1
    outer loop
      vertex 48.9 4 0
      vertex 49.7266 1.56496 0
      vertex 49.4359 2 0
    endloop
  endfacet
  facet normal 0 0 -1
    outer loop
      vertex 50.465 43.1734 0
      vertex 48.9 40 0
      vertex 50.0716 42.8284 0
    endloop
  endfacet
  facet normal 0 0 -1
    outer loop
      vertex 48.9 4 0
      vertex 49.4359 2 0
      vertex 49.2045 2.46927 0
    endloop
  endfacet
  facet normal 0 0 -1
    outer loop
      vertex 50.0716 42.8284 0
      vertex 48.9 40 0
      vertex 49.7266 42.435 0
    endloop
  endfacet
  facet normal 0 0 -1
    outer loop
      vertex 48.9 4 0
      vertex 49.2045 2.46927 0
      vertex 49.0363 2.96472 0
    endloop
  endfacet
  facet normal 0 0 -1
    outer loop
      vertex 49.7266 42.435 0
      vertex 48.9 40 0
      vertex 49.4359 42 0
    endloop
  endfacet
  facet normal 0 0 -1
    outer loop
      vertex 48.9 4 0
      vertex 49.0363 2.96472 0
      vertex 48.9342 3.47789 0
    endloop
  endfacet
  facet normal 0 0 -1
    outer loop
      vertex 49.4359 42 0
      vertex 48.9 40 0
      vertex 49.2045 41.5307 0
    endloop
  endfacet
  facet normal 0 0 -1
    outer loop
      vertex 49.2045 41.5307 0
      vertex 48.9 40 0
      vertex 49.0363 41.0353 0
    endloop
  endfacet
  facet normal 0 0 -1
    outer loop
      vertex 49.0363 41.0353 0
      vertex 48.9 40 0
      vertex 48.9342 40.5221 0
    endloop
  endfacet
  facet normal 0.947036 -0.321126 0
    outer loop
      vertex 134.396 2.46927 3
      vertex 134.564 2.96472 0
      vertex 134.564 2.96472 3
    endloop
  endfacet
  facet normal 0.947036 -0.321126 0
    outer loop
      vertex 134.564 2.96472 0
      vertex 134.396 2.46927 3
      vertex 134.396 2.46927 0
    endloop
  endfacet
  facet normal 0.997886 -0.0649827 0
    outer loop
      vertex 134.666 3.47789 3
      vertex 134.7 4 0
      vertex 134.7 4 3
    endloop
  endfacet
  facet normal 0.997886 -0.0649827 0
    outer loop
      vertex 134.7 4 0
      vertex 134.666 3.47789 3
      vertex 134.666 3.47789 0
    endloop
  endfacet
  facet normal 0.442488 -0.896774 0
    outer loop
      vertex 132.231 0.304489 0
      vertex 132.7 0.535904 3
      vertex 132.231 0.304489 3
    endloop
  endfacet
  facet normal 0.442488 -0.896774 0
    outer loop
      vertex 132.7 0.535904 3
      vertex 132.231 0.304489 0
      vertex 132.7 0.535904 0
    endloop
  endfacet
  facet normal 0 -1 0
    outer loop
      vertex 51.4 17 14.2
      vertex 53.8 17 15
      vertex 52.2 17 15
    endloop
  endfacet
  facet normal 0 -1 0
    outer loop
      vertex 51.4 17 12.6
      vertex 53.8 17 15
      vertex 51.4 17 14.2
    endloop
  endfacet
  facet normal 0 -1 0
    outer loop
      vertex 52.2 17 11.8
      vertex 53.8 17 15
      vertex 51.4 17 12.6
    endloop
  endfacet
  facet normal 0 -1 0
    outer loop
      vertex 53.8 17 3
      vertex 52.2 17 11.8
      vertex 52.2 17 3
    endloop
  endfacet
  facet normal 0 -1 0
    outer loop
      vertex 52.2 17 11.8
      vertex 53.8 17 3
      vertex 53.8 17 15
    endloop
  endfacet
  facet normal 0 1 0
    outer loop
      vertex 53.8 27 15
      vertex 51.4 27 14.2
      vertex 52.2 27 15
    endloop
  endfacet
  facet normal 0 1 0
    outer loop
      vertex 53.8 27 15
      vertex 51.4 27 12.6
      vertex 51.4 27 14.2
    endloop
  endfacet
  facet normal 0 1 0
    outer loop
      vertex 53.8 27 15
      vertex 52.2 27 11.8
      vertex 51.4 27 12.6
    endloop
  endfacet
  facet normal 0 1 -0
    outer loop
      vertex 53.8 27 3
      vertex 52.2 27 11.8
      vertex 53.8 27 15
    endloop
  endfacet
  facet normal 0 1 0
    outer loop
      vertex 52.2 27 11.8
      vertex 53.8 27 3
      vertex 52.2 27 3
    endloop
  endfacet
  facet normal -0.707107 0 -0.707107
    outer loop
      vertex 52.2 17 11.8
      vertex 51.4 27 12.6
      vertex 52.2 27 11.8
    endloop
  endfacet
  facet normal -0.707107 -0 -0.707107
    outer loop
      vertex 51.4 27 12.6
      vertex 52.2 17 11.8
      vertex 51.4 17 12.6
    endloop
  endfacet
  facet normal -1 0 0
    outer loop
      vertex 51.4 17 12.6
      vertex 51.4 27 14.2
      vertex 51.4 27 12.6
    endloop
  endfacet
  facet normal -1 -0 0
    outer loop
      vertex 51.4 27 14.2
      vertex 51.4 17 12.6
      vertex 51.4 17 14.2
    endloop
  endfacet
  facet normal -0.707107 0 0.707107
    outer loop
      vertex 51.4 17 14.2
      vertex 52.2 27 15
      vertex 51.4 27 14.2
    endloop
  endfacet
  facet normal -0.707107 0 0.707107
    outer loop
      vertex 52.2 27 15
      vertex 51.4 17 14.2
      vertex 52.2 17 15
    endloop
  endfacet
  facet normal -0 0 1
    outer loop
      vertex 52.2 27 15
      vertex 53.8 17 15
      vertex 53.8 27 15
    endloop
  endfacet
  facet normal 0 0 1
    outer loop
      vertex 53.8 17 15
      vertex 52.2 27 15
      vertex 52.2 17 15
    endloop
  endfacet
  facet normal 1 -0 0
    outer loop
      vertex 53.8 17 15
      vertex 53.8 27 3
      vertex 53.8 27 15
    endloop
  endfacet
  facet normal 1 0 0
    outer loop
      vertex 53.8 27 3
      vertex 53.8 17 15
      vertex 53.8 17 3
    endloop
  endfacet
  facet normal -1 0 0
    outer loop
      vertex 52.2 17 3
      vertex 52.2 27 11.8
      vertex 52.2 27 3
    endloop
  endfacet
  facet normal -1 -0 0
    outer loop
      vertex 52.2 27 11.8
      vertex 52.2 17 3
      vertex 52.2 17 11.8
    endloop
  endfacet
  facet normal 0 -1 0
    outer loop
      vertex 129.8 17 15
      vertex 132.2 17 14.2
      vertex 131.4 17 15
    endloop
  endfacet
  facet normal 0 -1 0
    outer loop
      vertex 129.8 17 15
      vertex 132.2 17 12.6
      vertex 132.2 17 14.2
    endloop
  endfacet
  facet normal 0 -1 0
    outer loop
      vertex 129.8 17 15
      vertex 131.4 17 11.8
      vertex 132.2 17 12.6
    endloop
  endfacet
  facet normal 0 -1 0
    outer loop
      vertex 129.8 17 3
      vertex 131.4 17 11.8
      vertex 129.8 17 15
    endloop
  endfacet
  facet normal 0 -1 -0
    outer loop
      vertex 131.4 17 11.8
      vertex 129.8 17 3
      vertex 131.4 17 3
    endloop
  endfacet
  facet normal 0 1 0
    outer loop
      vertex 132.2 27 14.2
      vertex 129.8 27 15
      vertex 131.4 27 15
    endloop
  endfacet
  facet normal 0 1 -0
    outer loop
      vertex 132.2 27 12.6
      vertex 129.8 27 15
      vertex 132.2 27 14.2
    endloop
  endfacet
  facet normal 0 1 -0
    outer loop
      vertex 131.4 27 11.8
      vertex 129.8 27 15
      vertex 132.2 27 12.6
    endloop
  endfacet
  facet normal 0 1 0
    outer loop
      vertex 129.8 27 3
      vertex 131.4 27 11.8
      vertex 131.4 27 3
    endloop
  endfacet
  facet normal 0 1 0
    outer loop
      vertex 131.4 27 11.8
      vertex 129.8 27 3
      vertex 129.8 27 15
    endloop
  endfacet
  facet normal 0.707107 0 -0.707107
    outer loop
      vertex 132.2 17 12.6
      vertex 131.4 27 11.8
      vertex 132.2 27 12.6
    endloop
  endfacet
  facet normal 0.707107 0 -0.707107
    outer loop
      vertex 131.4 27 11.8
      vertex 132.2 17 12.6
      vertex 131.4 17 11.8
    endloop
  endfacet
  facet normal 1 -0 0
    outer loop
      vertex 132.2 17 14.2
      vertex 132.2 27 12.6
      vertex 132.2 27 14.2
    endloop
  endfacet
  facet normal 1 0 0
    outer loop
      vertex 132.2 27 12.6
      vertex 132.2 17 14.2
      vertex 132.2 17 12.6
    endloop
  endfacet
  facet normal 0.707107 -0 0.707107
    outer loop
      vertex 131.4 17 15
      vertex 132.2 27 14.2
      vertex 131.4 27 15
    endloop
  endfacet
  facet normal 0.707107 0 0.707107
    outer loop
      vertex 132.2 27 14.2
      vertex 131.4 17 15
      vertex 132.2 17 14.2
    endloop
  endfacet
  facet normal -0 0 1
    outer loop
      vertex 129.8 27 15
      vertex 131.4 17 15
      vertex 131.4 27 15
    endloop
  endfacet
  facet normal 0 0 1
    outer loop
      vertex 131.4 17 15
      vertex 129.8 27 15
      vertex 129.8 17 15
    endloop
  endfacet
  facet normal -1 0 0
    outer loop
      vertex 129.8 17 3
      vertex 129.8 27 15
      vertex 129.8 27 3
    endloop
  endfacet
  facet normal -1 -0 0
    outer loop
      vertex 129.8 27 15
      vertex 129.8 17 3
      vertex 129.8 17 15
    endloop
  endfacet
  facet normal 1 -0 0
    outer loop
      vertex 131.4 17 11.8
      vertex 131.4 27 3
      vertex 131.4 27 11.8
    endloop
  endfacet
  facet normal 1 0 0
    outer loop
      vertex 131.4 27 3
      vertex 131.4 17 11.8
      vertex 131.4 17 3
    endloop
  endfacet
endsolid OpenSCAD_Model
