solid OpenSCAD_Model
  facet normal 0.321498 -0.94691 0
    outer loop
      vertex 17.0353 -19.8637 0
      vertex 17.5307 -19.6955 8
      vertex 17.0353 -19.8637 8
    endloop
  endfacet
  facet normal 0.321498 -0.94691 0
    outer loop
      vertex 17.5307 -19.6955 8
      vertex 17.0353 -19.8637 0
      vertex 17.5307 -19.6955 0
    endloop
  endfacet
  facet normal 0.751842 0.659343 0
    outer loop
      vertex 19.1734 18.435 8
      vertex 18.8284 18.8284 0
      vertex 18.8284 18.8284 8
    endloop
  endfacet
  facet normal 0.751842 0.659343 0
    outer loop
      vertex 18.8284 18.8284 0
      vertex 19.1734 18.435 8
      vertex 19.1734 18.435 0
    endloop
  endfacet
  facet normal 0 -1 0
    outer loop
      vertex -16 -20 8
      vertex -1.6 -20 6.4
      vertex -1.6 -20 8
    endloop
  endfacet
  facet normal 0 -1 0
    outer loop
      vertex -16 -20 8
      vertex -1.58631 -20 6.19116
      vertex -1.6 -20 6.4
    endloop
  endfacet
  facet normal 0 -1 0
    outer loop
      vertex -16 -20 8
      vertex -1.54548 -20 5.98589
      vertex -1.58631 -20 6.19116
    endloop
  endfacet
  facet normal 0 -1 0
    outer loop
      vertex -16 -20 0
      vertex -1.54548 -20 5.98589
      vertex -16 -20 8
    endloop
  endfacet
  facet normal 0 -1 -0
    outer loop
      vertex -1.54548 -20 5.98589
      vertex -16 -20 0
      vertex -1.47821 -20 5.78771
    endloop
  endfacet
  facet normal 0 -1 -0
    outer loop
      vertex -1.47821 -20 5.78771
      vertex -16 -20 0
      vertex -1.38564 -20 5.6
    endloop
  endfacet
  facet normal 0 -1 -0
    outer loop
      vertex -1.38564 -20 5.6
      vertex -16 -20 0
      vertex -1.26937 -20 5.42598
    endloop
  endfacet
  facet normal 0 -1 -0
    outer loop
      vertex -1.26937 -20 5.42598
      vertex -16 -20 0
      vertex -1.13137 -20 5.26863
    endloop
  endfacet
  facet normal 0 -1 -0
    outer loop
      vertex -1.13137 -20 5.26863
      vertex -16 -20 0
      vertex -0.974018 -20 5.13063
    endloop
  endfacet
  facet normal 0 -1 -0
    outer loop
      vertex -0.974018 -20 5.13063
      vertex -16 -20 0
      vertex -0.799999 -20 5.01436
    endloop
  endfacet
  facet normal 0 -1 -0
    outer loop
      vertex -0.799999 -20 5.01436
      vertex -16 -20 0
      vertex -0.612293 -20 4.92179
    endloop
  endfacet
  facet normal 0 -1 -0
    outer loop
      vertex -0.208841 -20 4.81369
      vertex -16 -20 0
      vertex 0 -20 4.8
    endloop
  endfacet
  facet normal 0 -1 -0
    outer loop
      vertex -0.41411 -20 4.85452
      vertex -16 -20 0
      vertex -0.208841 -20 4.81369
    endloop
  endfacet
  facet normal 0 -1 -0
    outer loop
      vertex -0.612293 -20 4.92179
      vertex -16 -20 0
      vertex -0.41411 -20 4.85452
    endloop
  endfacet
  facet normal 0 -1 0
    outer loop
      vertex 1.6 -20 6.4
      vertex 16 -20 8
      vertex 1.6 -20 8
    endloop
  endfacet
  facet normal 0 -1 0
    outer loop
      vertex 1.58631 -20 6.19116
      vertex 16 -20 8
      vertex 1.6 -20 6.4
    endloop
  endfacet
  facet normal 0 -1 0
    outer loop
      vertex 1.54548 -20 5.98589
      vertex 16 -20 8
      vertex 1.58631 -20 6.19116
    endloop
  endfacet
  facet normal 0 -1 0
    outer loop
      vertex 16 -20 0
      vertex 1.54548 -20 5.98589
      vertex 1.47821 -20 5.78771
    endloop
  endfacet
  facet normal 0 -1 0
    outer loop
      vertex 16 -20 0
      vertex 1.47821 -20 5.78771
      vertex 1.38564 -20 5.6
    endloop
  endfacet
  facet normal 0 -1 0
    outer loop
      vertex 16 -20 0
      vertex 1.38564 -20 5.6
      vertex 1.26937 -20 5.42598
    endloop
  endfacet
  facet normal 0 -1 0
    outer loop
      vertex 16 -20 0
      vertex 1.26937 -20 5.42598
      vertex 1.13137 -20 5.26863
    endloop
  endfacet
  facet normal 0 -1 0
    outer loop
      vertex 16 -20 0
      vertex 1.13137 -20 5.26863
      vertex 0.974018 -20 5.13063
    endloop
  endfacet
  facet normal 0 -1 0
    outer loop
      vertex 16 -20 0
      vertex 0.974018 -20 5.13063
      vertex 0.799999 -20 5.01436
    endloop
  endfacet
  facet normal 0 -1 0
    outer loop
      vertex 16 -20 0
      vertex 0.799999 -20 5.01436
      vertex 0.612293 -20 4.92179
    endloop
  endfacet
  facet normal 0 -1 0
    outer loop
      vertex 16 -20 0
      vertex 0.612293 -20 4.92179
      vertex 0.41411 -20 4.85452
    endloop
  endfacet
  facet normal 0 -1 0
    outer loop
      vertex 16 -20 0
      vertex 0 -20 4.8
      vertex -16 -20 0
    endloop
  endfacet
  facet normal 0 -1 0
    outer loop
      vertex 0 -20 4.8
      vertex 16 -20 0
      vertex 0.208841 -20 4.81369
    endloop
  endfacet
  facet normal 0 -1 0
    outer loop
      vertex 0.208841 -20 4.81369
      vertex 16 -20 0
      vertex 0.41411 -20 4.85452
    endloop
  endfacet
  facet normal 0 -1 0
    outer loop
      vertex 1.54548 -20 5.98589
      vertex 16 -20 0
      vertex 16 -20 8
    endloop
  endfacet
  facet normal 0.195124 -0.980779 0
    outer loop
      vertex 16.5221 -19.9658 0
      vertex 17.0353 -19.8637 8
      vertex 16.5221 -19.9658 8
    endloop
  endfacet
  facet normal 0.195124 -0.980779 0
    outer loop
      vertex 17.0353 -19.8637 8
      vertex 16.5221 -19.9658 0
      vertex 17.0353 -19.8637 0
    endloop
  endfacet
  facet normal 0.831432 0.555626 0
    outer loop
      vertex 19.4641 18 8
      vertex 19.1734 18.435 0
      vertex 19.1734 18.435 8
    endloop
  endfacet
  facet normal 0.831432 0.555626 0
    outer loop
      vertex 19.1734 18.435 0
      vertex 19.4641 18 8
      vertex 19.4641 18 0
    endloop
  endfacet
  facet normal 0.0653646 -0.997861 0
    outer loop
      vertex 16 -20 0
      vertex 16.5221 -19.9658 8
      vertex 16 -20 8
    endloop
  endfacet
  facet normal 0.0653646 -0.997861 0
    outer loop
      vertex 16.5221 -19.9658 8
      vertex 16 -20 0
      vertex 16.5221 -19.9658 0
    endloop
  endfacet
  facet normal -0.896898 -0.442238 0
    outer loop
      vertex -19.4641 -18 0
      vertex -19.6955 -17.5307 8
      vertex -19.6955 -17.5307 0
    endloop
  endfacet
  facet normal -0.896898 -0.442238 0
    outer loop
      vertex -19.6955 -17.5307 8
      vertex -19.4641 -18 0
      vertex -19.4641 -18 8
    endloop
  endfacet
  facet normal -0.94691 0.321498 0
    outer loop
      vertex -19.8637 17.0353 0
      vertex -19.6955 17.5307 8
      vertex -19.6955 17.5307 0
    endloop
  endfacet
  facet normal -0.94691 0.321498 0
    outer loop
      vertex -19.6955 17.5307 8
      vertex -19.8637 17.0353 0
      vertex -19.8637 17.0353 8
    endloop
  endfacet
  facet normal 0.980779 -0.195124 0
    outer loop
      vertex 19.8637 -17.0353 8
      vertex 19.9658 -16.5221 0
      vertex 19.9658 -16.5221 8
    endloop
  endfacet
  facet normal 0.980779 -0.195124 0
    outer loop
      vertex 19.9658 -16.5221 0
      vertex 19.8637 -17.0353 8
      vertex 19.8637 -17.0353 0
    endloop
  endfacet
  facet normal 0.195124 0.980779 -0
    outer loop
      vertex 17.0353 19.8637 0
      vertex 16.5221 19.9658 8
      vertex 17.0353 19.8637 8
    endloop
  endfacet
  facet normal 0.195124 0.980779 0
    outer loop
      vertex 16.5221 19.9658 8
      vertex 17.0353 19.8637 0
      vertex 16.5221 19.9658 0
    endloop
  endfacet
  facet normal -0.555626 0.831432 0
    outer loop
      vertex -18 19.4641 0
      vertex -18.435 19.1734 8
      vertex -18 19.4641 8
    endloop
  endfacet
  facet normal -0.555626 0.831432 0
    outer loop
      vertex -18.435 19.1734 8
      vertex -18 19.4641 0
      vertex -18.435 19.1734 0
    endloop
  endfacet
  facet normal 0.831432 -0.555626 0
    outer loop
      vertex 19.1734 -18.435 8
      vertex 19.4641 -18 0
      vertex 19.4641 -18 8
    endloop
  endfacet
  facet normal 0.831432 -0.555626 0
    outer loop
      vertex 19.4641 -18 0
      vertex 19.1734 -18.435 8
      vertex 19.1734 -18.435 0
    endloop
  endfacet
  facet normal 0.659343 0.751842 -0
    outer loop
      vertex 18.8284 18.8284 0
      vertex 18.435 19.1734 8
      vertex 18.8284 18.8284 8
    endloop
  endfacet
  facet normal 0.659343 0.751842 0
    outer loop
      vertex 18.435 19.1734 8
      vertex 18.8284 18.8284 0
      vertex 18.435 19.1734 0
    endloop
  endfacet
  facet normal -0.442238 -0.896898 0
    outer loop
      vertex -18 -19.4641 0
      vertex -17.5307 -19.6955 8
      vertex -18 -19.4641 8
    endloop
  endfacet
  facet normal -0.442238 -0.896898 -0
    outer loop
      vertex -17.5307 -19.6955 8
      vertex -18 -19.4641 0
      vertex -17.5307 -19.6955 0
    endloop
  endfacet
  facet normal 0.980779 0.195124 0
    outer loop
      vertex 19.9658 16.5221 8
      vertex 19.8637 17.0353 0
      vertex 19.8637 17.0353 8
    endloop
  endfacet
  facet normal 0.980779 0.195124 0
    outer loop
      vertex 19.8637 17.0353 0
      vertex 19.9658 16.5221 8
      vertex 19.9658 16.5221 0
    endloop
  endfacet
  facet normal 1 -0 0
    outer loop
      vertex 20 -16 8
      vertex 20 16 0
      vertex 20 16 8
    endloop
  endfacet
  facet normal 1 0 0
    outer loop
      vertex 20 16 0
      vertex 20 -16 8
      vertex 20 -16 0
    endloop
  endfacet
  facet normal -0.997861 -0.0653646 0
    outer loop
      vertex -19.9658 -16.5221 0
      vertex -20 -16 8
      vertex -20 -16 0
    endloop
  endfacet
  facet normal -0.997861 -0.0653646 0
    outer loop
      vertex -20 -16 8
      vertex -19.9658 -16.5221 0
      vertex -19.9658 -16.5221 8
    endloop
  endfacet
  facet normal -1 0 0
    outer loop
      vertex -20 -16 0
      vertex -20 16 8
      vertex -20 16 0
    endloop
  endfacet
  facet normal -1 -0 0
    outer loop
      vertex -20 16 8
      vertex -20 -16 0
      vertex -20 -16 8
    endloop
  endfacet
  facet normal 0.442238 0.896898 -0
    outer loop
      vertex 18 19.4641 0
      vertex 17.5307 19.6955 8
      vertex 18 19.4641 8
    endloop
  endfacet
  facet normal 0.442238 0.896898 0
    outer loop
      vertex 17.5307 19.6955 8
      vertex 18 19.4641 0
      vertex 17.5307 19.6955 0
    endloop
  endfacet
  facet normal -0.0653646 0.997861 0
    outer loop
      vertex -16 20 0
      vertex -16.5221 19.9658 8
      vertex -16 20 8
    endloop
  endfacet
  facet normal -0.0653646 0.997861 0
    outer loop
      vertex -16.5221 19.9658 8
      vertex -16 20 0
      vertex -16.5221 19.9658 0
    endloop
  endfacet
  facet normal 0.94691 0.321498 0
    outer loop
      vertex 19.8637 17.0353 8
      vertex 19.6955 17.5307 0
      vertex 19.6955 17.5307 8
    endloop
  endfacet
  facet normal 0.94691 0.321498 0
    outer loop
      vertex 19.6955 17.5307 0
      vertex 19.8637 17.0353 8
      vertex 19.8637 17.0353 0
    endloop
  endfacet
  facet normal -0.0653646 -0.997861 0
    outer loop
      vertex -16.5221 -19.9658 0
      vertex -16 -20 8
      vertex -16.5221 -19.9658 8
    endloop
  endfacet
  facet normal -0.0653646 -0.997861 -0
    outer loop
      vertex -16 -20 8
      vertex -16.5221 -19.9658 0
      vertex -16 -20 0
    endloop
  endfacet
  facet normal 0.321498 0.94691 -0
    outer loop
      vertex 17.5307 19.6955 0
      vertex 17.0353 19.8637 8
      vertex 17.5307 19.6955 8
    endloop
  endfacet
  facet normal 0.321498 0.94691 0
    outer loop
      vertex 17.0353 19.8637 8
      vertex 17.5307 19.6955 0
      vertex 17.0353 19.8637 0
    endloop
  endfacet
  facet normal -0.442238 0.896898 0
    outer loop
      vertex -17.5307 19.6955 0
      vertex -18 19.4641 8
      vertex -17.5307 19.6955 8
    endloop
  endfacet
  facet normal -0.442238 0.896898 0
    outer loop
      vertex -18 19.4641 8
      vertex -17.5307 19.6955 0
      vertex -18 19.4641 0
    endloop
  endfacet
  facet normal -0.751842 -0.659343 0
    outer loop
      vertex -18.8284 -18.8284 0
      vertex -19.1734 -18.435 8
      vertex -19.1734 -18.435 0
    endloop
  endfacet
  facet normal -0.751842 -0.659343 0
    outer loop
      vertex -19.1734 -18.435 8
      vertex -18.8284 -18.8284 0
      vertex -18.8284 -18.8284 8
    endloop
  endfacet
  facet normal 0 1 -0
    outer loop
      vertex 16 20 0
      vertex -16 20 8
      vertex 16 20 8
    endloop
  endfacet
  facet normal 0 1 0
    outer loop
      vertex -16 20 8
      vertex 16 20 0
      vertex -16 20 0
    endloop
  endfacet
  facet normal 0.896898 -0.442238 0
    outer loop
      vertex 19.4641 -18 8
      vertex 19.6955 -17.5307 0
      vertex 19.6955 -17.5307 8
    endloop
  endfacet
  facet normal 0.896898 -0.442238 0
    outer loop
      vertex 19.6955 -17.5307 0
      vertex 19.4641 -18 8
      vertex 19.4641 -18 0
    endloop
  endfacet
  facet normal -0.997861 0.0653646 0
    outer loop
      vertex -20 16 0
      vertex -19.9658 16.5221 8
      vertex -19.9658 16.5221 0
    endloop
  endfacet
  facet normal -0.997861 0.0653646 0
    outer loop
      vertex -19.9658 16.5221 8
      vertex -20 16 0
      vertex -20 16 8
    endloop
  endfacet
  facet normal -0.980779 0.195124 0
    outer loop
      vertex -19.9658 16.5221 0
      vertex -19.8637 17.0353 8
      vertex -19.8637 17.0353 0
    endloop
  endfacet
  facet normal -0.980779 0.195124 0
    outer loop
      vertex -19.8637 17.0353 8
      vertex -19.9658 16.5221 0
      vertex -19.9658 16.5221 8
    endloop
  endfacet
  facet normal -0.831432 -0.555626 0
    outer loop
      vertex -19.1734 -18.435 0
      vertex -19.4641 -18 8
      vertex -19.4641 -18 0
    endloop
  endfacet
  facet normal -0.831432 -0.555626 0
    outer loop
      vertex -19.4641 -18 8
      vertex -19.1734 -18.435 0
      vertex -19.1734 -18.435 8
    endloop
  endfacet
  facet normal -0.195124 -0.980779 0
    outer loop
      vertex -17.0353 -19.8637 0
      vertex -16.5221 -19.9658 8
      vertex -17.0353 -19.8637 8
    endloop
  endfacet
  facet normal -0.195124 -0.980779 -0
    outer loop
      vertex -16.5221 -19.9658 8
      vertex -17.0353 -19.8637 0
      vertex -16.5221 -19.9658 0
    endloop
  endfacet
  facet normal -0.659343 0.751842 0
    outer loop
      vertex -18.435 19.1734 0
      vertex -18.8284 18.8284 8
      vertex -18.435 19.1734 8
    endloop
  endfacet
  facet normal -0.659343 0.751842 0
    outer loop
      vertex -18.8284 18.8284 8
      vertex -18.435 19.1734 0
      vertex -18.8284 18.8284 0
    endloop
  endfacet
  facet normal -0.751842 0.659343 0
    outer loop
      vertex -19.1734 18.435 0
      vertex -18.8284 18.8284 8
      vertex -18.8284 18.8284 0
    endloop
  endfacet
  facet normal -0.751842 0.659343 0
    outer loop
      vertex -18.8284 18.8284 8
      vertex -19.1734 18.435 0
      vertex -19.1734 18.435 8
    endloop
  endfacet
  facet normal -0.195124 0.980779 0
    outer loop
      vertex -16.5221 19.9658 0
      vertex -17.0353 19.8637 8
      vertex -16.5221 19.9658 8
    endloop
  endfacet
  facet normal -0.195124 0.980779 0
    outer loop
      vertex -17.0353 19.8637 8
      vertex -16.5221 19.9658 0
      vertex -17.0353 19.8637 0
    endloop
  endfacet
  facet normal -0.321498 0.94691 0
    outer loop
      vertex -17.0353 19.8637 0
      vertex -17.5307 19.6955 8
      vertex -17.0353 19.8637 8
    endloop
  endfacet
  facet normal -0.321498 0.94691 0
    outer loop
      vertex -17.5307 19.6955 8
      vertex -17.0353 19.8637 0
      vertex -17.5307 19.6955 0
    endloop
  endfacet
  facet normal 0.997861 0.0653646 0
    outer loop
      vertex 20 16 8
      vertex 19.9658 16.5221 0
      vertex 19.9658 16.5221 8
    endloop
  endfacet
  facet normal 0.997861 0.0653646 0
    outer loop
      vertex 19.9658 16.5221 0
      vertex 20 16 8
      vertex 20 16 0
    endloop
  endfacet
  facet normal -0.831432 0.555626 0
    outer loop
      vertex -19.4641 18 0
      vertex -19.1734 18.435 8
      vertex -19.1734 18.435 0
    endloop
  endfacet
  facet normal -0.831432 0.555626 0
    outer loop
      vertex -19.1734 18.435 8
      vertex -19.4641 18 0
      vertex -19.4641 18 8
    endloop
  endfacet
  facet normal -0.659343 -0.751842 0
    outer loop
      vertex -18.8284 -18.8284 0
      vertex -18.435 -19.1734 8
      vertex -18.8284 -18.8284 8
    endloop
  endfacet
  facet normal -0.659343 -0.751842 -0
    outer loop
      vertex -18.435 -19.1734 8
      vertex -18.8284 -18.8284 0
      vertex -18.435 -19.1734 0
    endloop
  endfacet
  facet normal -0.555626 -0.831432 0
    outer loop
      vertex -18.435 -19.1734 0
      vertex -18 -19.4641 8
      vertex -18.435 -19.1734 8
    endloop
  endfacet
  facet normal -0.555626 -0.831432 -0
    outer loop
      vertex -18 -19.4641 8
      vertex -18.435 -19.1734 0
      vertex -18 -19.4641 0
    endloop
  endfacet
  facet normal -0.980779 -0.195124 0
    outer loop
      vertex -19.8637 -17.0353 0
      vertex -19.9658 -16.5221 8
      vertex -19.9658 -16.5221 0
    endloop
  endfacet
  facet normal -0.980779 -0.195124 0
    outer loop
      vertex -19.9658 -16.5221 8
      vertex -19.8637 -17.0353 0
      vertex -19.8637 -17.0353 8
    endloop
  endfacet
  facet normal 0.94691 -0.321498 0
    outer loop
      vertex 19.6955 -17.5307 8
      vertex 19.8637 -17.0353 0
      vertex 19.8637 -17.0353 8
    endloop
  endfacet
  facet normal 0.94691 -0.321498 0
    outer loop
      vertex 19.8637 -17.0353 0
      vertex 19.6955 -17.5307 8
      vertex 19.6955 -17.5307 0
    endloop
  endfacet
  facet normal 0.555626 0.831432 -0
    outer loop
      vertex 18.435 19.1734 0
      vertex 18 19.4641 8
      vertex 18.435 19.1734 8
    endloop
  endfacet
  facet normal 0.555626 0.831432 0
    outer loop
      vertex 18 19.4641 8
      vertex 18.435 19.1734 0
      vertex 18 19.4641 0
    endloop
  endfacet
  facet normal -0.321498 -0.94691 0
    outer loop
      vertex -17.5307 -19.6955 0
      vertex -17.0353 -19.8637 8
      vertex -17.5307 -19.6955 8
    endloop
  endfacet
  facet normal -0.321498 -0.94691 -0
    outer loop
      vertex -17.0353 -19.8637 8
      vertex -17.5307 -19.6955 0
      vertex -17.0353 -19.8637 0
    endloop
  endfacet
  facet normal -0.896898 0.442238 0
    outer loop
      vertex -19.6955 17.5307 0
      vertex -19.4641 18 8
      vertex -19.4641 18 0
    endloop
  endfacet
  facet normal -0.896898 0.442238 0
    outer loop
      vertex -19.4641 18 8
      vertex -19.6955 17.5307 0
      vertex -19.6955 17.5307 8
    endloop
  endfacet
  facet normal 0 0 -1
    outer loop
      vertex 16 -20 0
      vertex 20 -16 0
      vertex 19.9658 -16.5221 0
    endloop
  endfacet
  facet normal -0 0 -1
    outer loop
      vertex 20 -16 0
      vertex 16 -20 0
      vertex 20 16 0
    endloop
  endfacet
  facet normal 0 0 -1
    outer loop
      vertex 16 -20 0
      vertex 19.9658 -16.5221 0
      vertex 19.8637 -17.0353 0
    endloop
  endfacet
  facet normal 0 0 -1
    outer loop
      vertex 16 20 0
      vertex 20 16 0
      vertex 16 -20 0
    endloop
  endfacet
  facet normal 0 0 -1
    outer loop
      vertex 16 -20 0
      vertex 19.8637 -17.0353 0
      vertex 19.6955 -17.5307 0
    endloop
  endfacet
  facet normal 0 0 -1
    outer loop
      vertex 20 16 0
      vertex 16 20 0
      vertex 19.9658 16.5221 0
    endloop
  endfacet
  facet normal 0 0 -1
    outer loop
      vertex 16 -20 0
      vertex 19.6955 -17.5307 0
      vertex 19.4641 -18 0
    endloop
  endfacet
  facet normal 0 0 -1
    outer loop
      vertex 19.9658 16.5221 0
      vertex 16 20 0
      vertex 19.8637 17.0353 0
    endloop
  endfacet
  facet normal 0 0 -1
    outer loop
      vertex 16 -20 0
      vertex 19.4641 -18 0
      vertex 19.1734 -18.435 0
    endloop
  endfacet
  facet normal 0 0 -1
    outer loop
      vertex 19.8637 17.0353 0
      vertex 16 20 0
      vertex 19.6955 17.5307 0
    endloop
  endfacet
  facet normal 0 0 -1
    outer loop
      vertex 16 -20 0
      vertex 19.1734 -18.435 0
      vertex 18.8284 -18.8284 0
    endloop
  endfacet
  facet normal 0 0 -1
    outer loop
      vertex 19.6955 17.5307 0
      vertex 16 20 0
      vertex 19.4641 18 0
    endloop
  endfacet
  facet normal 0 0 -1
    outer loop
      vertex 16 -20 0
      vertex 18.8284 -18.8284 0
      vertex 18.435 -19.1734 0
    endloop
  endfacet
  facet normal 0 0 -1
    outer loop
      vertex 19.4641 18 0
      vertex 16 20 0
      vertex 19.1734 18.435 0
    endloop
  endfacet
  facet normal 0 0 -1
    outer loop
      vertex 16 -20 0
      vertex 18.435 -19.1734 0
      vertex 18 -19.4641 0
    endloop
  endfacet
  facet normal 0 0 -1
    outer loop
      vertex 19.1734 18.435 0
      vertex 16 20 0
      vertex 18.8284 18.8284 0
    endloop
  endfacet
  facet normal 0 0 -1
    outer loop
      vertex 16 -20 0
      vertex 18 -19.4641 0
      vertex 17.5307 -19.6955 0
    endloop
  endfacet
  facet normal 0 0 -1
    outer loop
      vertex 18.8284 18.8284 0
      vertex 16 20 0
      vertex 18.435 19.1734 0
    endloop
  endfacet
  facet normal 0 0 -1
    outer loop
      vertex 16 -20 0
      vertex 17.5307 -19.6955 0
      vertex 17.0353 -19.8637 0
    endloop
  endfacet
  facet normal 0 0 -1
    outer loop
      vertex 18.435 19.1734 0
      vertex 16 20 0
      vertex 18 19.4641 0
    endloop
  endfacet
  facet normal 0 0 -1
    outer loop
      vertex 16 -20 0
      vertex 17.0353 -19.8637 0
      vertex 16.5221 -19.9658 0
    endloop
  endfacet
  facet normal 0 0 -1
    outer loop
      vertex 18 19.4641 0
      vertex 16 20 0
      vertex 17.5307 19.6955 0
    endloop
  endfacet
  facet normal 0 0 -1
    outer loop
      vertex 17.5307 19.6955 0
      vertex 16 20 0
      vertex 17.0353 19.8637 0
    endloop
  endfacet
  facet normal 0 0 -1
    outer loop
      vertex 17.0353 19.8637 0
      vertex 16 20 0
      vertex 16.5221 19.9658 0
    endloop
  endfacet
  facet normal 0 0 -1
    outer loop
      vertex -16 -20 0
      vertex 16 20 0
      vertex 16 -20 0
    endloop
  endfacet
  facet normal 0 0 -1
    outer loop
      vertex -16 -20 0
      vertex -16 20 0
      vertex 16 20 0
    endloop
  endfacet
  facet normal 0 0 -1
    outer loop
      vertex -20 -16 0
      vertex -16 -20 0
      vertex -16.5221 -19.9658 0
    endloop
  endfacet
  facet normal 0 0 -1
    outer loop
      vertex -16 -20 0
      vertex -20 -16 0
      vertex -16 20 0
    endloop
  endfacet
  facet normal 0 0 -1
    outer loop
      vertex -20 -16 0
      vertex -16.5221 -19.9658 0
      vertex -17.0353 -19.8637 0
    endloop
  endfacet
  facet normal 0 0 -1
    outer loop
      vertex -20 16 0
      vertex -16 20 0
      vertex -20 -16 0
    endloop
  endfacet
  facet normal 0 0 -1
    outer loop
      vertex -20 -16 0
      vertex -17.0353 -19.8637 0
      vertex -17.5307 -19.6955 0
    endloop
  endfacet
  facet normal 0 0 -1
    outer loop
      vertex -16 20 0
      vertex -20 16 0
      vertex -16.5221 19.9658 0
    endloop
  endfacet
  facet normal 0 0 -1
    outer loop
      vertex -20 -16 0
      vertex -17.5307 -19.6955 0
      vertex -18 -19.4641 0
    endloop
  endfacet
  facet normal 0 0 -1
    outer loop
      vertex -16.5221 19.9658 0
      vertex -20 16 0
      vertex -17.0353 19.8637 0
    endloop
  endfacet
  facet normal 0 0 -1
    outer loop
      vertex -20 -16 0
      vertex -18 -19.4641 0
      vertex -18.435 -19.1734 0
    endloop
  endfacet
  facet normal 0 0 -1
    outer loop
      vertex -17.0353 19.8637 0
      vertex -20 16 0
      vertex -17.5307 19.6955 0
    endloop
  endfacet
  facet normal 0 0 -1
    outer loop
      vertex -20 -16 0
      vertex -18.435 -19.1734 0
      vertex -18.8284 -18.8284 0
    endloop
  endfacet
  facet normal 0 0 -1
    outer loop
      vertex -17.5307 19.6955 0
      vertex -20 16 0
      vertex -18 19.4641 0
    endloop
  endfacet
  facet normal 0 0 -1
    outer loop
      vertex -20 -16 0
      vertex -18.8284 -18.8284 0
      vertex -19.1734 -18.435 0
    endloop
  endfacet
  facet normal 0 0 -1
    outer loop
      vertex -18 19.4641 0
      vertex -20 16 0
      vertex -18.435 19.1734 0
    endloop
  endfacet
  facet normal 0 0 -1
    outer loop
      vertex -20 -16 0
      vertex -19.1734 -18.435 0
      vertex -19.4641 -18 0
    endloop
  endfacet
  facet normal 0 0 -1
    outer loop
      vertex -18.435 19.1734 0
      vertex -20 16 0
      vertex -18.8284 18.8284 0
    endloop
  endfacet
  facet normal 0 0 -1
    outer loop
      vertex -20 -16 0
      vertex -19.4641 -18 0
      vertex -19.6955 -17.5307 0
    endloop
  endfacet
  facet normal 0 0 -1
    outer loop
      vertex -18.8284 18.8284 0
      vertex -20 16 0
      vertex -19.1734 18.435 0
    endloop
  endfacet
  facet normal 0 0 -1
    outer loop
      vertex -20 -16 0
      vertex -19.6955 -17.5307 0
      vertex -19.8637 -17.0353 0
    endloop
  endfacet
  facet normal 0 0 -1
    outer loop
      vertex -19.1734 18.435 0
      vertex -20 16 0
      vertex -19.4641 18 0
    endloop
  endfacet
  facet normal 0 0 -1
    outer loop
      vertex -20 -16 0
      vertex -19.8637 -17.0353 0
      vertex -19.9658 -16.5221 0
    endloop
  endfacet
  facet normal 0 0 -1
    outer loop
      vertex -19.4641 18 0
      vertex -20 16 0
      vertex -19.6955 17.5307 0
    endloop
  endfacet
  facet normal 0 0 -1
    outer loop
      vertex -19.6955 17.5307 0
      vertex -20 16 0
      vertex -19.8637 17.0353 0
    endloop
  endfacet
  facet normal 0 0 -1
    outer loop
      vertex -19.8637 17.0353 0
      vertex -20 16 0
      vertex -19.9658 16.5221 0
    endloop
  endfacet
  facet normal 0.555626 -0.831432 0
    outer loop
      vertex 18 -19.4641 0
      vertex 18.435 -19.1734 8
      vertex 18 -19.4641 8
    endloop
  endfacet
  facet normal 0.555626 -0.831432 0
    outer loop
      vertex 18.435 -19.1734 8
      vertex 18 -19.4641 0
      vertex 18.435 -19.1734 0
    endloop
  endfacet
  facet normal 0.659343 -0.751842 0
    outer loop
      vertex 18.435 -19.1734 0
      vertex 18.8284 -18.8284 8
      vertex 18.435 -19.1734 8
    endloop
  endfacet
  facet normal 0.659343 -0.751842 0
    outer loop
      vertex 18.8284 -18.8284 8
      vertex 18.435 -19.1734 0
      vertex 18.8284 -18.8284 0
    endloop
  endfacet
  facet normal 0.896898 0.442238 0
    outer loop
      vertex 19.6955 17.5307 8
      vertex 19.4641 18 0
      vertex 19.4641 18 8
    endloop
  endfacet
  facet normal 0.896898 0.442238 0
    outer loop
      vertex 19.4641 18 0
      vertex 19.6955 17.5307 8
      vertex 19.6955 17.5307 0
    endloop
  endfacet
  facet normal 0.751842 -0.659343 0
    outer loop
      vertex 18.8284 -18.8284 8
      vertex 19.1734 -18.435 0
      vertex 19.1734 -18.435 8
    endloop
  endfacet
  facet normal 0.751842 -0.659343 0
    outer loop
      vertex 19.1734 -18.435 0
      vertex 18.8284 -18.8284 8
      vertex 18.8284 -18.8284 0
    endloop
  endfacet
  facet normal 0 0 1
    outer loop
      vertex 18.4 16 8
      vertex 20 16 8
      vertex 19.9658 16.5221 8
    endloop
  endfacet
  facet normal 0 0 1
    outer loop
      vertex 20 16 8
      vertex 18.4 16 8
      vertex 20 -16 8
    endloop
  endfacet
  facet normal 0 0 1
    outer loop
      vertex 18.3795 16.3133 8
      vertex 19.9658 16.5221 8
      vertex 19.8637 17.0353 8
    endloop
  endfacet
  facet normal 0 0 1
    outer loop
      vertex 18.4 -16 8
      vertex 20 -16 8
      vertex 18.4 16 8
    endloop
  endfacet
  facet normal 0 0 1
    outer loop
      vertex 18.3182 16.6212 8
      vertex 19.8637 17.0353 8
      vertex 19.6955 17.5307 8
    endloop
  endfacet
  facet normal 0 0 1
    outer loop
      vertex 20 -16 8
      vertex 18.4 -16 8
      vertex 19.9658 -16.5221 8
    endloop
  endfacet
  facet normal 0 0 1
    outer loop
      vertex 18.2173 16.9184 8
      vertex 19.6955 17.5307 8
      vertex 19.4641 18 8
    endloop
  endfacet
  facet normal -0 0 1
    outer loop
      vertex 18.3795 -16.3133 8
      vertex 19.9658 -16.5221 8
      vertex 18.4 -16 8
    endloop
  endfacet
  facet normal 0 0 1
    outer loop
      vertex 18.0785 17.2 8
      vertex 19.4641 18 8
      vertex 19.1734 18.435 8
    endloop
  endfacet
  facet normal 0 0 1
    outer loop
      vertex 19.9658 -16.5221 8
      vertex 18.3795 -16.3133 8
      vertex 19.8637 -17.0353 8
    endloop
  endfacet
  facet normal 0 0 1
    outer loop
      vertex 17.9041 17.461 8
      vertex 19.1734 18.435 8
      vertex 18.8284 18.8284 8
    endloop
  endfacet
  facet normal -0 0 1
    outer loop
      vertex 18.3182 -16.6212 8
      vertex 19.8637 -17.0353 8
      vertex 18.3795 -16.3133 8
    endloop
  endfacet
  facet normal 0 0 1
    outer loop
      vertex 17.6971 17.6971 8
      vertex 18.8284 18.8284 8
      vertex 18.435 19.1734 8
    endloop
  endfacet
  facet normal 0 0 1
    outer loop
      vertex 19.8637 -17.0353 8
      vertex 18.3182 -16.6212 8
      vertex 19.6955 -17.5307 8
    endloop
  endfacet
  facet normal -0 0 1
    outer loop
      vertex 18.2173 -16.9184 8
      vertex 19.6955 -17.5307 8
      vertex 18.3182 -16.6212 8
    endloop
  endfacet
  facet normal 0 0 1
    outer loop
      vertex 19.9658 16.5221 8
      vertex 18.3795 16.3133 8
      vertex 18.4 16 8
    endloop
  endfacet
  facet normal 0 0 1
    outer loop
      vertex 19.8637 17.0353 8
      vertex 18.3182 16.6212 8
      vertex 18.3795 16.3133 8
    endloop
  endfacet
  facet normal 0 0 1
    outer loop
      vertex 19.6955 17.5307 8
      vertex 18.2173 16.9184 8
      vertex 18.3182 16.6212 8
    endloop
  endfacet
  facet normal 0 0 1
    outer loop
      vertex 19.4641 18 8
      vertex 18.0785 17.2 8
      vertex 18.2173 16.9184 8
    endloop
  endfacet
  facet normal 0 0 1
    outer loop
      vertex 17.461 17.9041 8
      vertex 18.435 19.1734 8
      vertex 18 19.4641 8
    endloop
  endfacet
  facet normal 0 0 1
    outer loop
      vertex 19.1734 18.435 8
      vertex 17.9041 17.461 8
      vertex 18.0785 17.2 8
    endloop
  endfacet
  facet normal 0 0 1
    outer loop
      vertex 18.8284 18.8284 8
      vertex 17.6971 17.6971 8
      vertex 17.9041 17.461 8
    endloop
  endfacet
  facet normal 0 0 1
    outer loop
      vertex 17.2 18.0785 8
      vertex 18 19.4641 8
      vertex 17.5307 19.6955 8
    endloop
  endfacet
  facet normal 0 0 1
    outer loop
      vertex 18.435 19.1734 8
      vertex 17.461 17.9041 8
      vertex 17.6971 17.6971 8
    endloop
  endfacet
  facet normal 0 0 1
    outer loop
      vertex 18 19.4641 8
      vertex 17.2 18.0785 8
      vertex 17.461 17.9041 8
    endloop
  endfacet
  facet normal 0 0 1
    outer loop
      vertex 16.9184 18.2173 8
      vertex 17.5307 19.6955 8
      vertex 17.0353 19.8637 8
    endloop
  endfacet
  facet normal 0 0 1
    outer loop
      vertex 17.5307 19.6955 8
      vertex 16.9184 18.2173 8
      vertex 17.2 18.0785 8
    endloop
  endfacet
  facet normal 0 0 1
    outer loop
      vertex 17.0353 19.8637 8
      vertex 16.6212 18.3182 8
      vertex 16.9184 18.2173 8
    endloop
  endfacet
  facet normal 0 0 1
    outer loop
      vertex 16.5221 19.9658 8
      vertex 16.6212 18.3182 8
      vertex 17.0353 19.8637 8
    endloop
  endfacet
  facet normal 0 0 1
    outer loop
      vertex 16.5221 19.9658 8
      vertex 16.3133 18.3795 8
      vertex 16.6212 18.3182 8
    endloop
  endfacet
  facet normal 0 0 1
    outer loop
      vertex 16 20 8
      vertex 16.3133 18.3795 8
      vertex 16.5221 19.9658 8
    endloop
  endfacet
  facet normal 0 0 1
    outer loop
      vertex 16 20 8
      vertex 16 18.4 8
      vertex 16.3133 18.3795 8
    endloop
  endfacet
  facet normal -0 0 1
    outer loop
      vertex -16 20 8
      vertex 16 18.4 8
      vertex 16 20 8
    endloop
  endfacet
  facet normal 0 0 1
    outer loop
      vertex -16 20 8
      vertex -16 18.4 8
      vertex 16 18.4 8
    endloop
  endfacet
  facet normal 0 0 1
    outer loop
      vertex -16 20 8
      vertex -16.3133 18.3795 8
      vertex -16 18.4 8
    endloop
  endfacet
  facet normal -0 0 1
    outer loop
      vertex -16.5221 19.9658 8
      vertex -16.3133 18.3795 8
      vertex -16 20 8
    endloop
  endfacet
  facet normal 0 0 1
    outer loop
      vertex -16.5221 19.9658 8
      vertex -16.6212 18.3182 8
      vertex -16.3133 18.3795 8
    endloop
  endfacet
  facet normal -0 0 1
    outer loop
      vertex -17.0353 19.8637 8
      vertex -16.6212 18.3182 8
      vertex -16.5221 19.9658 8
    endloop
  endfacet
  facet normal 0 0 1
    outer loop
      vertex -16.6212 18.3182 8
      vertex -17.0353 19.8637 8
      vertex -16.9184 18.2173 8
    endloop
  endfacet
  facet normal -0 0 1
    outer loop
      vertex -17.5307 19.6955 8
      vertex -16.9184 18.2173 8
      vertex -17.0353 19.8637 8
    endloop
  endfacet
  facet normal 0 0 1
    outer loop
      vertex -16.9184 18.2173 8
      vertex -17.5307 19.6955 8
      vertex -17.2 18.0785 8
    endloop
  endfacet
  facet normal -0 0 1
    outer loop
      vertex -18 19.4641 8
      vertex -17.2 18.0785 8
      vertex -17.5307 19.6955 8
    endloop
  endfacet
  facet normal 0 0 1
    outer loop
      vertex -17.2 18.0785 8
      vertex -18 19.4641 8
      vertex -17.461 17.9041 8
    endloop
  endfacet
  facet normal -0 0 1
    outer loop
      vertex -18.435 19.1734 8
      vertex -17.461 17.9041 8
      vertex -18 19.4641 8
    endloop
  endfacet
  facet normal 0 0 1
    outer loop
      vertex -17.461 17.9041 8
      vertex -18.435 19.1734 8
      vertex -17.6971 17.6971 8
    endloop
  endfacet
  facet normal -0 0 1
    outer loop
      vertex -18.8284 18.8284 8
      vertex -17.6971 17.6971 8
      vertex -18.435 19.1734 8
    endloop
  endfacet
  facet normal 0 0 1
    outer loop
      vertex -17.6971 17.6971 8
      vertex -18.8284 18.8284 8
      vertex -17.9041 17.461 8
    endloop
  endfacet
  facet normal -0 0 1
    outer loop
      vertex -19.1734 18.435 8
      vertex -17.9041 17.461 8
      vertex -18.8284 18.8284 8
    endloop
  endfacet
  facet normal 0 0 1
    outer loop
      vertex -17.9041 17.461 8
      vertex -19.1734 18.435 8
      vertex -18.0785 17.2 8
    endloop
  endfacet
  facet normal -0 0 1
    outer loop
      vertex -19.6955 17.5307 8
      vertex -18.2173 16.9184 8
      vertex -19.4641 18 8
    endloop
  endfacet
  facet normal 0 0 1
    outer loop
      vertex -18.0785 17.2 8
      vertex -19.4641 18 8
      vertex -18.2173 16.9184 8
    endloop
  endfacet
  facet normal -0 0 1
    outer loop
      vertex -19.4641 18 8
      vertex -18.0785 17.2 8
      vertex -19.1734 18.435 8
    endloop
  endfacet
  facet normal 0 0 1
    outer loop
      vertex 19.6955 -17.5307 8
      vertex 18.2173 -16.9184 8
      vertex 19.4641 -18 8
    endloop
  endfacet
  facet normal -0 0 1
    outer loop
      vertex 18.0785 -17.2 8
      vertex 19.4641 -18 8
      vertex 18.2173 -16.9184 8
    endloop
  endfacet
  facet normal 0 0 1
    outer loop
      vertex 19.4641 -18 8
      vertex 18.0785 -17.2 8
      vertex 19.1734 -18.435 8
    endloop
  endfacet
  facet normal -0 0 1
    outer loop
      vertex 17.9041 -17.461 8
      vertex 19.1734 -18.435 8
      vertex 18.0785 -17.2 8
    endloop
  endfacet
  facet normal 0 0 1
    outer loop
      vertex 19.1734 -18.435 8
      vertex 17.9041 -17.461 8
      vertex 18.8284 -18.8284 8
    endloop
  endfacet
  facet normal -0 0 1
    outer loop
      vertex 17.6971 -17.6971 8
      vertex 18.8284 -18.8284 8
      vertex 17.9041 -17.461 8
    endloop
  endfacet
  facet normal 0 0 1
    outer loop
      vertex 18.8284 -18.8284 8
      vertex 17.6971 -17.6971 8
      vertex 18.435 -19.1734 8
    endloop
  endfacet
  facet normal -0 0 1
    outer loop
      vertex 17.461 -17.9041 8
      vertex 18.435 -19.1734 8
      vertex 17.6971 -17.6971 8
    endloop
  endfacet
  facet normal 0 0 1
    outer loop
      vertex 18.435 -19.1734 8
      vertex 17.461 -17.9041 8
      vertex 18 -19.4641 8
    endloop
  endfacet
  facet normal -0 0 1
    outer loop
      vertex 17.2 -18.0785 8
      vertex 18 -19.4641 8
      vertex 17.461 -17.9041 8
    endloop
  endfacet
  facet normal 0 0 1
    outer loop
      vertex 18 -19.4641 8
      vertex 17.2 -18.0785 8
      vertex 17.5307 -19.6955 8
    endloop
  endfacet
  facet normal -0 0 1
    outer loop
      vertex 16.9184 -18.2173 8
      vertex 17.5307 -19.6955 8
      vertex 17.2 -18.0785 8
    endloop
  endfacet
  facet normal 0 0 1
    outer loop
      vertex 17.5307 -19.6955 8
      vertex 16.9184 -18.2173 8
      vertex 17.0353 -19.8637 8
    endloop
  endfacet
  facet normal -0 0 1
    outer loop
      vertex 16.6212 -18.3182 8
      vertex 17.0353 -19.8637 8
      vertex 16.9184 -18.2173 8
    endloop
  endfacet
  facet normal 0 0 1
    outer loop
      vertex 16.6212 -18.3182 8
      vertex 16.5221 -19.9658 8
      vertex 17.0353 -19.8637 8
    endloop
  endfacet
  facet normal -0 0 1
    outer loop
      vertex 16.3133 -18.3795 8
      vertex 16.5221 -19.9658 8
      vertex 16.6212 -18.3182 8
    endloop
  endfacet
  facet normal -0 0 1
    outer loop
      vertex 16 -18.4 8
      vertex 16.5221 -19.9658 8
      vertex 16.3133 -18.3795 8
    endloop
  endfacet
  facet normal 0 0 1
    outer loop
      vertex 16 -18.4 8
      vertex 16 -20 8
      vertex 16.5221 -19.9658 8
    endloop
  endfacet
  facet normal -0 0 1
    outer loop
      vertex 1.6 -18.4 8
      vertex 16 -20 8
      vertex 16 -18.4 8
    endloop
  endfacet
  facet normal 0 0 1
    outer loop
      vertex 16 -20 8
      vertex 1.6 -18.4 8
      vertex 1.6 -20 8
    endloop
  endfacet
  facet normal -0 0 1
    outer loop
      vertex -16 -18.4 8
      vertex -1.6 -20 8
      vertex -1.6 -18.4 8
    endloop
  endfacet
  facet normal 0 0 1
    outer loop
      vertex -16 -18.4 8
      vertex -16 -20 8
      vertex -1.6 -20 8
    endloop
  endfacet
  facet normal 0 0 1
    outer loop
      vertex -16.3133 -18.3795 8
      vertex -16 -20 8
      vertex -16 -18.4 8
    endloop
  endfacet
  facet normal 0 0 1
    outer loop
      vertex -16.3133 -18.3795 8
      vertex -16.5221 -19.9658 8
      vertex -16 -20 8
    endloop
  endfacet
  facet normal 0 0 1
    outer loop
      vertex -16.6212 -18.3182 8
      vertex -16.5221 -19.9658 8
      vertex -16.3133 -18.3795 8
    endloop
  endfacet
  facet normal 0 0 1
    outer loop
      vertex -17.0353 -19.8637 8
      vertex -16.6212 -18.3182 8
      vertex -16.9184 -18.2173 8
    endloop
  endfacet
  facet normal 0 0 1
    outer loop
      vertex -16.6212 -18.3182 8
      vertex -17.0353 -19.8637 8
      vertex -16.5221 -19.9658 8
    endloop
  endfacet
  facet normal 0 0 1
    outer loop
      vertex -17.5307 -19.6955 8
      vertex -16.9184 -18.2173 8
      vertex -17.2 -18.0785 8
    endloop
  endfacet
  facet normal 0 0 1
    outer loop
      vertex -18 -19.4641 8
      vertex -17.2 -18.0785 8
      vertex -17.461 -17.9041 8
    endloop
  endfacet
  facet normal 0 0 1
    outer loop
      vertex -16.9184 -18.2173 8
      vertex -17.5307 -19.6955 8
      vertex -17.0353 -19.8637 8
    endloop
  endfacet
  facet normal 0 0 1
    outer loop
      vertex -18.435 -19.1734 8
      vertex -17.461 -17.9041 8
      vertex -17.6971 -17.6971 8
    endloop
  endfacet
  facet normal 0 0 1
    outer loop
      vertex -18.8284 -18.8284 8
      vertex -17.6971 -17.6971 8
      vertex -17.9041 -17.461 8
    endloop
  endfacet
  facet normal 0 0 1
    outer loop
      vertex -17.2 -18.0785 8
      vertex -18 -19.4641 8
      vertex -17.5307 -19.6955 8
    endloop
  endfacet
  facet normal 0 0 1
    outer loop
      vertex -19.1734 -18.435 8
      vertex -17.9041 -17.461 8
      vertex -18.0785 -17.2 8
    endloop
  endfacet
  facet normal 0 0 1
    outer loop
      vertex -19.4641 -18 8
      vertex -18.0785 -17.2 8
      vertex -18.2173 -16.9184 8
    endloop
  endfacet
  facet normal 0 0 1
    outer loop
      vertex -19.6955 -17.5307 8
      vertex -18.2173 -16.9184 8
      vertex -18.3182 -16.6212 8
    endloop
  endfacet
  facet normal 0 0 1
    outer loop
      vertex -19.8637 -17.0353 8
      vertex -18.3182 -16.6212 8
      vertex -18.3795 -16.3133 8
    endloop
  endfacet
  facet normal 0 0 1
    outer loop
      vertex -17.461 -17.9041 8
      vertex -18.435 -19.1734 8
      vertex -18 -19.4641 8
    endloop
  endfacet
  facet normal 0 0 1
    outer loop
      vertex -19.9658 -16.5221 8
      vertex -18.3795 -16.3133 8
      vertex -18.4 -16 8
    endloop
  endfacet
  facet normal 0 0 1
    outer loop
      vertex -18.4 16 8
      vertex -20 16 8
      vertex -18.4 -16 8
    endloop
  endfacet
  facet normal 0 0 1
    outer loop
      vertex -18.2173 16.9184 8
      vertex -19.6955 17.5307 8
      vertex -18.3182 16.6212 8
    endloop
  endfacet
  facet normal 0 0 1
    outer loop
      vertex -20 -16 8
      vertex -18.4 -16 8
      vertex -20 16 8
    endloop
  endfacet
  facet normal -0 0 1
    outer loop
      vertex -19.8637 17.0353 8
      vertex -18.3182 16.6212 8
      vertex -19.6955 17.5307 8
    endloop
  endfacet
  facet normal 0 -0 1
    outer loop
      vertex -19.9658 -16.5221 8
      vertex -18.4 -16 8
      vertex -20 -16 8
    endloop
  endfacet
  facet normal 0 0 1
    outer loop
      vertex -18.3182 16.6212 8
      vertex -19.8637 17.0353 8
      vertex -18.3795 16.3133 8
    endloop
  endfacet
  facet normal 0 0 1
    outer loop
      vertex -17.6971 -17.6971 8
      vertex -18.8284 -18.8284 8
      vertex -18.435 -19.1734 8
    endloop
  endfacet
  facet normal -0 0 1
    outer loop
      vertex -19.9658 16.5221 8
      vertex -18.3795 16.3133 8
      vertex -19.8637 17.0353 8
    endloop
  endfacet
  facet normal 0 0 1
    outer loop
      vertex -17.9041 -17.461 8
      vertex -19.1734 -18.435 8
      vertex -18.8284 -18.8284 8
    endloop
  endfacet
  facet normal 0 0 1
    outer loop
      vertex -18.3795 16.3133 8
      vertex -19.9658 16.5221 8
      vertex -18.4 16 8
    endloop
  endfacet
  facet normal 0 0 1
    outer loop
      vertex -18.0785 -17.2 8
      vertex -19.4641 -18 8
      vertex -19.1734 -18.435 8
    endloop
  endfacet
  facet normal 0 0 1
    outer loop
      vertex -18.4 16 8
      vertex -19.9658 16.5221 8
      vertex -20 16 8
    endloop
  endfacet
  facet normal 0 0 1
    outer loop
      vertex -18.2173 -16.9184 8
      vertex -19.6955 -17.5307 8
      vertex -19.4641 -18 8
    endloop
  endfacet
  facet normal 0 0 1
    outer loop
      vertex -18.3182 -16.6212 8
      vertex -19.8637 -17.0353 8
      vertex -19.6955 -17.5307 8
    endloop
  endfacet
  facet normal 0 0 1
    outer loop
      vertex -18.3795 -16.3133 8
      vertex -19.9658 -16.5221 8
      vertex -19.8637 -17.0353 8
    endloop
  endfacet
  facet normal -0.94691 -0.321498 0
    outer loop
      vertex -19.6955 -17.5307 0
      vertex -19.8637 -17.0353 8
      vertex -19.8637 -17.0353 0
    endloop
  endfacet
  facet normal -0.94691 -0.321498 0
    outer loop
      vertex -19.8637 -17.0353 8
      vertex -19.6955 -17.5307 0
      vertex -19.6955 -17.5307 8
    endloop
  endfacet
  facet normal 0.0653646 0.997861 -0
    outer loop
      vertex 16.5221 19.9658 0
      vertex 16 20 8
      vertex 16.5221 19.9658 8
    endloop
  endfacet
  facet normal 0.0653646 0.997861 0
    outer loop
      vertex 16 20 8
      vertex 16.5221 19.9658 0
      vertex 16 20 0
    endloop
  endfacet
  facet normal 0.997861 -0.0653646 0
    outer loop
      vertex 19.9658 -16.5221 8
      vertex 20 -16 0
      vertex 20 -16 8
    endloop
  endfacet
  facet normal 0.997861 -0.0653646 0
    outer loop
      vertex 20 -16 0
      vertex 19.9658 -16.5221 8
      vertex 19.9658 -16.5221 0
    endloop
  endfacet
  facet normal 0.442238 -0.896898 0
    outer loop
      vertex 17.5307 -19.6955 0
      vertex 18 -19.4641 8
      vertex 17.5307 -19.6955 8
    endloop
  endfacet
  facet normal 0.442238 -0.896898 0
    outer loop
      vertex 18 -19.4641 8
      vertex 17.5307 -19.6955 0
      vertex 18 -19.4641 0
    endloop
  endfacet
  facet normal -0.0652929 0.997866 0
    outer loop
      vertex 16.3133 -18.3795 0.599999
      vertex 16 -18.4 8
      vertex 16.3133 -18.3795 8
    endloop
  endfacet
  facet normal -0.0652929 0.997866 0
    outer loop
      vertex 16 -18.4 8
      vertex 16.3133 -18.3795 0.599999
      vertex 16 -18.4 0.599999
    endloop
  endfacet
  facet normal 0.946916 -0.32148 0
    outer loop
      vertex -18.3182 16.6212 8
      vertex -18.2173 16.9184 0.599999
      vertex -18.2173 16.9184 8
    endloop
  endfacet
  facet normal 0.946916 -0.32148 0
    outer loop
      vertex -18.2173 16.9184 0.599999
      vertex -18.3182 16.6212 8
      vertex -18.3182 16.6212 0.599999
    endloop
  endfacet
  facet normal 0.997866 -0.0652929 0
    outer loop
      vertex -18.4 16 8
      vertex -18.3795 16.3133 0.599999
      vertex -18.3795 16.3133 8
    endloop
  endfacet
  facet normal 0.997866 -0.0652929 0
    outer loop
      vertex -18.3795 16.3133 0.599999
      vertex -18.4 16 8
      vertex -18.4 16 0.599999
    endloop
  endfacet
  facet normal 0.32148 0.946916 -0
    outer loop
      vertex -16.6212 -18.3182 0.599999
      vertex -16.9184 -18.2173 8
      vertex -16.6212 -18.3182 8
    endloop
  endfacet
  facet normal 0.32148 0.946916 0
    outer loop
      vertex -16.9184 -18.2173 8
      vertex -16.6212 -18.3182 0.599999
      vertex -16.9184 -18.2173 0.599999
    endloop
  endfacet
  facet normal 0.44211 -0.896961 0
    outer loop
      vertex -17.2 18.0785 0.599999
      vertex -16.9184 18.2173 8
      vertex -17.2 18.0785 8
    endloop
  endfacet
  facet normal 0.44211 -0.896961 0
    outer loop
      vertex -16.9184 18.2173 8
      vertex -17.2 18.0785 0.599999
      vertex -16.9184 18.2173 0.599999
    endloop
  endfacet
  facet normal -0.0652929 -0.997866 0
    outer loop
      vertex 16 18.4 0.599999
      vertex 16.3133 18.3795 8
      vertex 16 18.4 8
    endloop
  endfacet
  facet normal -0.0652929 -0.997866 -0
    outer loop
      vertex 16.3133 18.3795 8
      vertex 16 18.4 0.599999
      vertex 16.3133 18.3795 0.599999
    endloop
  endfacet
  facet normal 1 -0 0
    outer loop
      vertex -18.4 -16 8
      vertex -18.4 16 0.599999
      vertex -18.4 16 8
    endloop
  endfacet
  facet normal 1 0 0
    outer loop
      vertex -18.4 16 0.599999
      vertex -18.4 -16 8
      vertex -18.4 -16 0.599999
    endloop
  endfacet
  facet normal -0.44211 -0.896961 0
    outer loop
      vertex 16.9184 18.2173 0.599999
      vertex 17.2 18.0785 8
      vertex 16.9184 18.2173 8
    endloop
  endfacet
  facet normal -0.44211 -0.896961 -0
    outer loop
      vertex 17.2 18.0785 8
      vertex 16.9184 18.2173 0.599999
      vertex 17.2 18.0785 0.599999
    endloop
  endfacet
  facet normal 0.195258 0.980752 -0
    outer loop
      vertex -16.3133 -18.3795 0.599999
      vertex -16.6212 -18.3182 8
      vertex -16.3133 -18.3795 8
    endloop
  endfacet
  facet normal 0.195258 0.980752 0
    outer loop
      vertex -16.6212 -18.3182 8
      vertex -16.3133 -18.3795 0.599999
      vertex -16.6212 -18.3182 0.599999
    endloop
  endfacet
  facet normal -0.751925 0.659248 0
    outer loop
      vertex 17.6971 -17.6971 0.599999
      vertex 17.9041 -17.461 8
      vertex 17.9041 -17.461 0.599999
    endloop
  endfacet
  facet normal -0.751925 0.659248 0
    outer loop
      vertex 17.9041 -17.461 8
      vertex 17.6971 -17.6971 0.599999
      vertex 17.6971 -17.6971 8
    endloop
  endfacet
  facet normal -0.195258 -0.980752 0
    outer loop
      vertex 16.3133 18.3795 0.599999
      vertex 16.6212 18.3182 8
      vertex 16.3133 18.3795 8
    endloop
  endfacet
  facet normal -0.195258 -0.980752 -0
    outer loop
      vertex 16.6212 18.3182 8
      vertex 16.3133 18.3795 0.599999
      vertex 16.6212 18.3182 0.599999
    endloop
  endfacet
  facet normal -0.997866 0.0652929 0
    outer loop
      vertex 18.3795 -16.3133 0.599999
      vertex 18.4 -16 8
      vertex 18.4 -16 0.599999
    endloop
  endfacet
  facet normal -0.997866 0.0652929 0
    outer loop
      vertex 18.4 -16 8
      vertex 18.3795 -16.3133 0.599999
      vertex 18.3795 -16.3133 8
    endloop
  endfacet
  facet normal 0.997866 0.0652929 0
    outer loop
      vertex -18.3795 -16.3133 8
      vertex -18.4 -16 0.599999
      vertex -18.4 -16 8
    endloop
  endfacet
  facet normal 0.997866 0.0652929 0
    outer loop
      vertex -18.4 -16 0.599999
      vertex -18.3795 -16.3133 8
      vertex -18.3795 -16.3133 0.599999
    endloop
  endfacet
  facet normal -0.946916 -0.32148 0
    outer loop
      vertex 18.3182 16.6212 0.599999
      vertex 18.2173 16.9184 8
      vertex 18.2173 16.9184 0.599999
    endloop
  endfacet
  facet normal -0.946916 -0.32148 0
    outer loop
      vertex 18.2173 16.9184 8
      vertex 18.3182 16.6212 0.599999
      vertex 18.3182 16.6212 8
    endloop
  endfacet
  facet normal 0 1 0
    outer loop
      vertex 16 -18.4 8
      vertex 1.6 -18.4 6.4
      vertex 1.6 -18.4 8
    endloop
  endfacet
  facet normal 0 1 0
    outer loop
      vertex 16 -18.4 8
      vertex 1.58631 -18.4 6.19116
      vertex 1.6 -18.4 6.4
    endloop
  endfacet
  facet normal 0 1 0
    outer loop
      vertex 16 -18.4 8
      vertex 1.54548 -18.4 5.98589
      vertex 1.58631 -18.4 6.19116
    endloop
  endfacet
  facet normal 0 1 -0
    outer loop
      vertex 16 -18.4 0.599999
      vertex 1.54548 -18.4 5.98589
      vertex 16 -18.4 8
    endloop
  endfacet
  facet normal 0 1 0
    outer loop
      vertex 1.54548 -18.4 5.98589
      vertex 16 -18.4 0.599999
      vertex 1.47821 -18.4 5.78771
    endloop
  endfacet
  facet normal 0 1 0
    outer loop
      vertex 1.47821 -18.4 5.78771
      vertex 16 -18.4 0.599999
      vertex 1.38564 -18.4 5.6
    endloop
  endfacet
  facet normal 0 1 0
    outer loop
      vertex 1.38564 -18.4 5.6
      vertex 16 -18.4 0.599999
      vertex 1.26937 -18.4 5.42598
    endloop
  endfacet
  facet normal 0 1 0
    outer loop
      vertex 1.26937 -18.4 5.42598
      vertex 16 -18.4 0.599999
      vertex 1.13137 -18.4 5.26863
    endloop
  endfacet
  facet normal 0 1 0
    outer loop
      vertex 1.13137 -18.4 5.26863
      vertex 16 -18.4 0.599999
      vertex 0.974018 -18.4 5.13063
    endloop
  endfacet
  facet normal 0 1 0
    outer loop
      vertex 0.974018 -18.4 5.13063
      vertex 16 -18.4 0.599999
      vertex 0.799999 -18.4 5.01436
    endloop
  endfacet
  facet normal 0 1 0
    outer loop
      vertex 0.799999 -18.4 5.01436
      vertex 16 -18.4 0.599999
      vertex 0.612293 -18.4 4.92179
    endloop
  endfacet
  facet normal 0 1 0
    outer loop
      vertex 0.208841 -18.4 4.81369
      vertex 16 -18.4 0.599999
      vertex 0 -18.4 4.8
    endloop
  endfacet
  facet normal 0 1 0
    outer loop
      vertex 0.41411 -18.4 4.85452
      vertex 16 -18.4 0.599999
      vertex 0.208841 -18.4 4.81369
    endloop
  endfacet
  facet normal 0 1 0
    outer loop
      vertex 0.612293 -18.4 4.92179
      vertex 16 -18.4 0.599999
      vertex 0.41411 -18.4 4.85452
    endloop
  endfacet
  facet normal 0 1 -0
    outer loop
      vertex -1.6 -18.4 6.4
      vertex -16 -18.4 8
      vertex -1.6 -18.4 8
    endloop
  endfacet
  facet normal 0 1 0
    outer loop
      vertex -1.58631 -18.4 6.19116
      vertex -16 -18.4 8
      vertex -1.6 -18.4 6.4
    endloop
  endfacet
  facet normal 0 1 0
    outer loop
      vertex -1.54548 -18.4 5.98589
      vertex -16 -18.4 8
      vertex -1.58631 -18.4 6.19116
    endloop
  endfacet
  facet normal 0 1 0
    outer loop
      vertex -16 -18.4 0.599999
      vertex -1.54548 -18.4 5.98589
      vertex -1.47821 -18.4 5.78771
    endloop
  endfacet
  facet normal 0 1 0
    outer loop
      vertex -16 -18.4 0.599999
      vertex -1.47821 -18.4 5.78771
      vertex -1.38564 -18.4 5.6
    endloop
  endfacet
  facet normal 0 1 0
    outer loop
      vertex -16 -18.4 0.599999
      vertex -1.38564 -18.4 5.6
      vertex -1.26937 -18.4 5.42598
    endloop
  endfacet
  facet normal 0 1 0
    outer loop
      vertex -16 -18.4 0.599999
      vertex -1.26937 -18.4 5.42598
      vertex -1.13137 -18.4 5.26863
    endloop
  endfacet
  facet normal 0 1 0
    outer loop
      vertex -16 -18.4 0.599999
      vertex -1.13137 -18.4 5.26863
      vertex -0.974018 -18.4 5.13063
    endloop
  endfacet
  facet normal 0 1 0
    outer loop
      vertex -16 -18.4 0.599999
      vertex -0.974018 -18.4 5.13063
      vertex -0.799999 -18.4 5.01436
    endloop
  endfacet
  facet normal 0 1 0
    outer loop
      vertex -16 -18.4 0.599999
      vertex -0.799999 -18.4 5.01436
      vertex -0.612293 -18.4 4.92179
    endloop
  endfacet
  facet normal 0 1 0
    outer loop
      vertex -16 -18.4 0.599999
      vertex -0.612293 -18.4 4.92179
      vertex -0.41411 -18.4 4.85452
    endloop
  endfacet
  facet normal 0 1 0
    outer loop
      vertex -16 -18.4 0.599999
      vertex 0 -18.4 4.8
      vertex 16 -18.4 0.599999
    endloop
  endfacet
  facet normal 0 1 0
    outer loop
      vertex 0 -18.4 4.8
      vertex -16 -18.4 0.599999
      vertex -0.208841 -18.4 4.81369
    endloop
  endfacet
  facet normal 0 1 0
    outer loop
      vertex -0.208841 -18.4 4.81369
      vertex -16 -18.4 0.599999
      vertex -0.41411 -18.4 4.85452
    endloop
  endfacet
  facet normal 0 1 0
    outer loop
      vertex -1.54548 -18.4 5.98589
      vertex -16 -18.4 0.599999
      vertex -16 -18.4 8
    endloop
  endfacet
  facet normal 0 -1 0
    outer loop
      vertex -16 18.4 0.599999
      vertex 16 18.4 8
      vertex -16 18.4 8
    endloop
  endfacet
  facet normal 0 -1 -0
    outer loop
      vertex 16 18.4 8
      vertex -16 18.4 0.599999
      vertex 16 18.4 0.599999
    endloop
  endfacet
  facet normal 0.0652929 0.997866 -0
    outer loop
      vertex -16 -18.4 0.599999
      vertex -16.3133 -18.3795 8
      vertex -16 -18.4 8
    endloop
  endfacet
  facet normal 0.0652929 0.997866 0
    outer loop
      vertex -16.3133 -18.3795 8
      vertex -16 -18.4 0.599999
      vertex -16.3133 -18.3795 0.599999
    endloop
  endfacet
  facet normal -0.555582 0.831462 0
    outer loop
      vertex 17.461 -17.9041 0.599999
      vertex 17.2 -18.0785 8
      vertex 17.461 -17.9041 8
    endloop
  endfacet
  facet normal -0.555582 0.831462 0
    outer loop
      vertex 17.2 -18.0785 8
      vertex 17.461 -17.9041 0.599999
      vertex 17.2 -18.0785 0.599999
    endloop
  endfacet
  facet normal 0.32148 -0.946916 0
    outer loop
      vertex -16.9184 18.2173 0.599999
      vertex -16.6212 18.3182 8
      vertex -16.9184 18.2173 8
    endloop
  endfacet
  facet normal 0.32148 -0.946916 0
    outer loop
      vertex -16.6212 18.3182 8
      vertex -16.9184 18.2173 0.599999
      vertex -16.6212 18.3182 0.599999
    endloop
  endfacet
  facet normal -0 0 1
    outer loop
      vertex -13.6349 14.55 0.599999
      vertex -8.7 6.7 0.599999
      vertex -13.4903 14.8433 0.599999
    endloop
  endfacet
  facet normal 0 0 1
    outer loop
      vertex -8.7 -2 0.599999
      vertex -13.3214 -15.4737 0.599999
      vertex -13.3 -15.8 0.599999
    endloop
  endfacet
  facet normal -0 0 1
    outer loop
      vertex -13.8166 14.2781 0.599999
      vertex -8.7 6.7 0.599999
      vertex -13.6349 14.55 0.599999
    endloop
  endfacet
  facet normal 0 0 1
    outer loop
      vertex -8.7 -2 0.599999
      vertex -13.3852 -15.153 0.599999
      vertex -13.3214 -15.4737 0.599999
    endloop
  endfacet
  facet normal -0 0 1
    outer loop
      vertex -14.0322 14.0322 0.599999
      vertex -8.7 6.7 0.599999
      vertex -13.8166 14.2781 0.599999
    endloop
  endfacet
  facet normal 0 0 1
    outer loop
      vertex -8.7 -2 0.599999
      vertex -13.4903 -14.8433 0.599999
      vertex -13.3852 -15.153 0.599999
    endloop
  endfacet
  facet normal -0 0 1
    outer loop
      vertex -14.2781 13.8166 0.599999
      vertex -8.7 6.7 0.599999
      vertex -14.0322 14.0322 0.599999
    endloop
  endfacet
  facet normal 0 0 1
    outer loop
      vertex -8.7 -2 0.599999
      vertex -13.6349 -14.55 0.599999
      vertex -13.4903 -14.8433 0.599999
    endloop
  endfacet
  facet normal -0 0 1
    outer loop
      vertex -14.55 13.6349 0.599999
      vertex -8.7 6.7 0.599999
      vertex -14.2781 13.8166 0.599999
    endloop
  endfacet
  facet normal 0 0 1
    outer loop
      vertex -8.7 -2 0.599999
      vertex -13.8166 -14.2781 0.599999
      vertex -13.6349 -14.55 0.599999
    endloop
  endfacet
  facet normal -0 0 1
    outer loop
      vertex -14.8433 13.4903 0.599999
      vertex -8.7 6.7 0.599999
      vertex -14.55 13.6349 0.599999
    endloop
  endfacet
  facet normal 0 0 1
    outer loop
      vertex -8.7 -2 0.599999
      vertex -14.0322 -14.0322 0.599999
      vertex -13.8166 -14.2781 0.599999
    endloop
  endfacet
  facet normal -0 0 1
    outer loop
      vertex -15.153 13.3852 0.599999
      vertex -8.7 6.7 0.599999
      vertex -14.8433 13.4903 0.599999
    endloop
  endfacet
  facet normal 0 0 1
    outer loop
      vertex -8.7 -2 0.599999
      vertex -14.2781 -13.8166 0.599999
      vertex -14.0322 -14.0322 0.599999
    endloop
  endfacet
  facet normal -0 0 1
    outer loop
      vertex -15.4737 13.3214 0.599999
      vertex -8.7 6.7 0.599999
      vertex -15.153 13.3852 0.599999
    endloop
  endfacet
  facet normal 0 0 1
    outer loop
      vertex -8.7 -2 0.599999
      vertex -14.55 -13.6349 0.599999
      vertex -14.2781 -13.8166 0.599999
    endloop
  endfacet
  facet normal -0 0 1
    outer loop
      vertex -15.8 13.3 0.599999
      vertex -8.7 6.7 0.599999
      vertex -15.4737 13.3214 0.599999
    endloop
  endfacet
  facet normal 0 0 1
    outer loop
      vertex -8.7 -2 0.599999
      vertex -14.8433 -13.4903 0.599999
      vertex -14.55 -13.6349 0.599999
    endloop
  endfacet
  facet normal 0 0 1
    outer loop
      vertex -16.1263 13.3214 0.599999
      vertex -8.7 6.7 0.599999
      vertex -15.8 13.3 0.599999
    endloop
  endfacet
  facet normal 0 0 1
    outer loop
      vertex -8.7 -2 0.599999
      vertex -15.153 -13.3852 0.599999
      vertex -14.8433 -13.4903 0.599999
    endloop
  endfacet
  facet normal 0 0 1
    outer loop
      vertex -8.7 6.7 0.599999
      vertex -16.1263 13.3214 0.599999
      vertex -8.7 2 0.599999
    endloop
  endfacet
  facet normal 0 0 1
    outer loop
      vertex -8.7 -2 0.599999
      vertex -15.4737 -13.3214 0.599999
      vertex -15.153 -13.3852 0.599999
    endloop
  endfacet
  facet normal 0 0 1
    outer loop
      vertex -16.447 13.3852 0.599999
      vertex -8.7 2 0.599999
      vertex -16.1263 13.3214 0.599999
    endloop
  endfacet
  facet normal 0 0 1
    outer loop
      vertex -8.7 -2 0.599999
      vertex -15.8 -13.3 0.599999
      vertex -15.4737 -13.3214 0.599999
    endloop
  endfacet
  facet normal 0 0 1
    outer loop
      vertex -16.7567 13.4903 0.599999
      vertex -8.7 2 0.599999
      vertex -16.447 13.3852 0.599999
    endloop
  endfacet
  facet normal 0 0 1
    outer loop
      vertex -8.7 -2 0.599999
      vertex -16.1263 -13.3214 0.599999
      vertex -15.8 -13.3 0.599999
    endloop
  endfacet
  facet normal 0 0 1
    outer loop
      vertex -17.05 13.6349 0.599999
      vertex -8.7 2 0.599999
      vertex -16.7567 13.4903 0.599999
    endloop
  endfacet
  facet normal 0 0 1
    outer loop
      vertex -8.7 -2 0.599999
      vertex -16.447 -13.3852 0.599999
      vertex -16.1263 -13.3214 0.599999
    endloop
  endfacet
  facet normal 0 0 1
    outer loop
      vertex -8.7 2 0.599999
      vertex -17.05 13.6349 0.599999
      vertex -8.7 -2 0.599999
    endloop
  endfacet
  facet normal 0 0 1
    outer loop
      vertex -8.7 -2 0.599999
      vertex -16.7567 -13.4903 0.599999
      vertex -16.447 -13.3852 0.599999
    endloop
  endfacet
  facet normal 0 0 1
    outer loop
      vertex -17.05 -13.6349 0.599999
      vertex -8.7 -2 0.599999
      vertex -17.05 13.6349 0.599999
    endloop
  endfacet
  facet normal 0 0 1
    outer loop
      vertex -8.7 -2 0.599999
      vertex -17.05 -13.6349 0.599999
      vertex -16.7567 -13.4903 0.599999
    endloop
  endfacet
  facet normal 0 0 1
    outer loop
      vertex -17.3219 13.8166 0.599999
      vertex -17.05 -13.6349 0.599999
      vertex -17.05 13.6349 0.599999
    endloop
  endfacet
  facet normal 0 0 1
    outer loop
      vertex -17.3219 13.8166 0.599999
      vertex -17.3219 -13.8166 0.599999
      vertex -17.05 -13.6349 0.599999
    endloop
  endfacet
  facet normal 0 0 1
    outer loop
      vertex -17.5678 14.0322 0.599999
      vertex -17.3219 -13.8166 0.599999
      vertex -17.3219 13.8166 0.599999
    endloop
  endfacet
  facet normal 0 0 1
    outer loop
      vertex -17.5678 14.0322 0.599999
      vertex -17.5678 -14.0322 0.599999
      vertex -17.3219 -13.8166 0.599999
    endloop
  endfacet
  facet normal 0 0 1
    outer loop
      vertex -17.7834 14.2781 0.599999
      vertex -17.5678 -14.0322 0.599999
      vertex -17.5678 14.0322 0.599999
    endloop
  endfacet
  facet normal 0 0 1
    outer loop
      vertex -17.7834 14.2781 0.599999
      vertex -17.7834 -14.2781 0.599999
      vertex -17.5678 -14.0322 0.599999
    endloop
  endfacet
  facet normal 0 0 1
    outer loop
      vertex -17.9651 14.55 0.599999
      vertex -17.7834 -14.2781 0.599999
      vertex -17.7834 14.2781 0.599999
    endloop
  endfacet
  facet normal 0 0 1
    outer loop
      vertex -17.9651 14.55 0.599999
      vertex -17.9651 -14.55 0.599999
      vertex -17.7834 -14.2781 0.599999
    endloop
  endfacet
  facet normal 0 0 1
    outer loop
      vertex -18.1097 14.8433 0.599999
      vertex -17.9651 -14.55 0.599999
      vertex -17.9651 14.55 0.599999
    endloop
  endfacet
  facet normal 0 0 1
    outer loop
      vertex -18.1097 14.8433 0.599999
      vertex -18.1097 -14.8433 0.599999
      vertex -17.9651 -14.55 0.599999
    endloop
  endfacet
  facet normal 0 0 1
    outer loop
      vertex -18.2148 15.153 0.599999
      vertex -18.1097 -14.8433 0.599999
      vertex -18.1097 14.8433 0.599999
    endloop
  endfacet
  facet normal 0 0 1
    outer loop
      vertex -18.2148 15.153 0.599999
      vertex -18.2148 -15.153 0.599999
      vertex -18.1097 -14.8433 0.599999
    endloop
  endfacet
  facet normal 0 0 1
    outer loop
      vertex -18.4 16 0.599999
      vertex -18.2148 15.153 0.599999
      vertex -18.2786 15.4737 0.599999
    endloop
  endfacet
  facet normal 0 0 1
    outer loop
      vertex -18.2148 15.153 0.599999
      vertex -18.4 16 0.599999
      vertex -18.2148 -15.153 0.599999
    endloop
  endfacet
  facet normal 0 0 1
    outer loop
      vertex -18.4 16 0.599999
      vertex -18.2786 15.4737 0.599999
      vertex -18.3 15.8 0.599999
    endloop
  endfacet
  facet normal 0 0 1
    outer loop
      vertex -18.4 -16 0.599999
      vertex -18.2148 -15.153 0.599999
      vertex -18.4 16 0.599999
    endloop
  endfacet
  facet normal -0 0 1
    outer loop
      vertex -8.7 2 0.599999
      vertex -7.89999 -2 0.599999
      vertex -7.89999 2 0.599999
    endloop
  endfacet
  facet normal 0 0 1
    outer loop
      vertex -7.89999 -2 0.599999
      vertex -8.7 2 0.599999
      vertex -8.7 -2 0.599999
    endloop
  endfacet
  facet normal 0 0 1
    outer loop
      vertex -7.89999 2 0.599999
      vertex 7.89999 2 0.599999
      vertex 7.89999 5.89999 0.599999
    endloop
  endfacet
  facet normal 0 0 1
    outer loop
      vertex 7.89999 2 0.599999
      vertex -7.89999 2 0.599999
      vertex 7.89999 -2 0.599999
    endloop
  endfacet
  facet normal 0 0 1
    outer loop
      vertex -7.89999 2 0.599999
      vertex 7.89999 5.89999 0.599999
      vertex -7.89999 5.89999 0.599999
    endloop
  endfacet
  facet normal 0 0 1
    outer loop
      vertex -7.89999 -2 0.599999
      vertex 7.89999 -2 0.599999
      vertex -7.89999 2 0.599999
    endloop
  endfacet
  facet normal 0 0 1
    outer loop
      vertex 7.89999 -2 0.599999
      vertex -7.89999 -2 0.599999
      vertex 7.89999 -5.89999 0.599999
    endloop
  endfacet
  facet normal 0 0 1
    outer loop
      vertex 7.89999 -5.89999 0.599999
      vertex -7.89999 -2 0.599999
      vertex -7.89999 -5.89999 0.599999
    endloop
  endfacet
  facet normal -0 0 1
    outer loop
      vertex 7.89999 2 0.599999
      vertex 8.7 -2 0.599999
      vertex 8.7 2 0.599999
    endloop
  endfacet
  facet normal 0 0 1
    outer loop
      vertex 8.7 -2 0.599999
      vertex 7.89999 2 0.599999
      vertex 7.89999 -2 0.599999
    endloop
  endfacet
  facet normal 0 0 1
    outer loop
      vertex 18.4 16 0.599999
      vertex 18.2148 15.153 0.599999
      vertex 18.4 -16 0.599999
    endloop
  endfacet
  facet normal 0 0 1
    outer loop
      vertex 18.4 -16 0.599999
      vertex 18.2786 -15.4737 0.599999
      vertex 18.3 -15.8 0.599999
    endloop
  endfacet
  facet normal -0 0 1
    outer loop
      vertex 18.2148 -15.153 0.599999
      vertex 18.4 -16 0.599999
      vertex 18.2148 15.153 0.599999
    endloop
  endfacet
  facet normal 0 0 1
    outer loop
      vertex 18.4 -16 0.599999
      vertex 18.2148 -15.153 0.599999
      vertex 18.2786 -15.4737 0.599999
    endloop
  endfacet
  facet normal -0 0 1
    outer loop
      vertex 18.1097 14.8433 0.599999
      vertex 18.2148 -15.153 0.599999
      vertex 18.2148 15.153 0.599999
    endloop
  endfacet
  facet normal 0 0 1
    outer loop
      vertex 18.1097 14.8433 0.599999
      vertex 18.1097 -14.8433 0.599999
      vertex 18.2148 -15.153 0.599999
    endloop
  endfacet
  facet normal -0 0 1
    outer loop
      vertex 17.9651 14.55 0.599999
      vertex 18.1097 -14.8433 0.599999
      vertex 18.1097 14.8433 0.599999
    endloop
  endfacet
  facet normal 0 0 1
    outer loop
      vertex 17.9651 14.55 0.599999
      vertex 17.9651 -14.55 0.599999
      vertex 18.1097 -14.8433 0.599999
    endloop
  endfacet
  facet normal -0 0 1
    outer loop
      vertex 17.7834 14.2781 0.599999
      vertex 17.9651 -14.55 0.599999
      vertex 17.9651 14.55 0.599999
    endloop
  endfacet
  facet normal 0 0 1
    outer loop
      vertex 17.7834 14.2781 0.599999
      vertex 17.7834 -14.2781 0.599999
      vertex 17.9651 -14.55 0.599999
    endloop
  endfacet
  facet normal -0 0 1
    outer loop
      vertex 17.5678 14.0322 0.599999
      vertex 17.7834 -14.2781 0.599999
      vertex 17.7834 14.2781 0.599999
    endloop
  endfacet
  facet normal 0 0 1
    outer loop
      vertex 17.5678 14.0322 0.599999
      vertex 17.5678 -14.0322 0.599999
      vertex 17.7834 -14.2781 0.599999
    endloop
  endfacet
  facet normal -0 0 1
    outer loop
      vertex 17.3219 13.8166 0.599999
      vertex 17.5678 -14.0322 0.599999
      vertex 17.5678 14.0322 0.599999
    endloop
  endfacet
  facet normal 0 0 1
    outer loop
      vertex 17.3219 13.8166 0.599999
      vertex 17.3219 -13.8166 0.599999
      vertex 17.5678 -14.0322 0.599999
    endloop
  endfacet
  facet normal -0 0 1
    outer loop
      vertex 17.05 13.6349 0.599999
      vertex 17.3219 -13.8166 0.599999
      vertex 17.3219 13.8166 0.599999
    endloop
  endfacet
  facet normal 0 0 1
    outer loop
      vertex 17.05 13.6349 0.599999
      vertex 17.05 -13.6349 0.599999
      vertex 17.3219 -13.8166 0.599999
    endloop
  endfacet
  facet normal 0 0 1
    outer loop
      vertex 8.7 2 0.599999
      vertex 17.05 13.6349 0.599999
      vertex 16.7567 13.4903 0.599999
    endloop
  endfacet
  facet normal 0 0 1
    outer loop
      vertex 17.05 13.6349 0.599999
      vertex 8.7 2 0.599999
      vertex 17.05 -13.6349 0.599999
    endloop
  endfacet
  facet normal 0 0 1
    outer loop
      vertex 8.7 2 0.599999
      vertex 16.7567 13.4903 0.599999
      vertex 16.447 13.3852 0.599999
    endloop
  endfacet
  facet normal -0 0 1
    outer loop
      vertex 8.7 -2 0.599999
      vertex 17.05 -13.6349 0.599999
      vertex 8.7 2 0.599999
    endloop
  endfacet
  facet normal 0 0 1
    outer loop
      vertex 8.7 2 0.599999
      vertex 16.447 13.3852 0.599999
      vertex 16.1263 13.3214 0.599999
    endloop
  endfacet
  facet normal 0 0 1
    outer loop
      vertex 17.05 -13.6349 0.599999
      vertex 8.7 -2 0.599999
      vertex 16.7567 -13.4903 0.599999
    endloop
  endfacet
  facet normal 0 0 1
    outer loop
      vertex 8.7 6.7 0.599999
      vertex 16.1263 13.3214 0.599999
      vertex 15.8 13.3 0.599999
    endloop
  endfacet
  facet normal 0 0 1
    outer loop
      vertex 16.7567 -13.4903 0.599999
      vertex 8.7 -2 0.599999
      vertex 16.447 -13.3852 0.599999
    endloop
  endfacet
  facet normal 0 0 1
    outer loop
      vertex 8.7 6.7 0.599999
      vertex 15.8 13.3 0.599999
      vertex 15.4737 13.3214 0.599999
    endloop
  endfacet
  facet normal 0 0 1
    outer loop
      vertex 16.447 -13.3852 0.599999
      vertex 8.7 -2 0.599999
      vertex 16.1263 -13.3214 0.599999
    endloop
  endfacet
  facet normal 0 0 1
    outer loop
      vertex 8.7 6.7 0.599999
      vertex 15.4737 13.3214 0.599999
      vertex 15.153 13.3852 0.599999
    endloop
  endfacet
  facet normal -0 0 1
    outer loop
      vertex 8.7 -6.7 0.599999
      vertex 16.1263 -13.3214 0.599999
      vertex 8.7 -2 0.599999
    endloop
  endfacet
  facet normal 0 0 1
    outer loop
      vertex 8.7 6.7 0.599999
      vertex 15.153 13.3852 0.599999
      vertex 14.8433 13.4903 0.599999
    endloop
  endfacet
  facet normal 0 0 1
    outer loop
      vertex 16.1263 -13.3214 0.599999
      vertex 8.7 -6.7 0.599999
      vertex 15.8 -13.3 0.599999
    endloop
  endfacet
  facet normal 0 0 1
    outer loop
      vertex 8.7 6.7 0.599999
      vertex 14.8433 13.4903 0.599999
      vertex 14.55 13.6349 0.599999
    endloop
  endfacet
  facet normal 0 0 1
    outer loop
      vertex 15.8 -13.3 0.599999
      vertex 8.7 -6.7 0.599999
      vertex 15.4737 -13.3214 0.599999
    endloop
  endfacet
  facet normal 0 0 1
    outer loop
      vertex 8.7 6.7 0.599999
      vertex 14.55 13.6349 0.599999
      vertex 14.2781 13.8166 0.599999
    endloop
  endfacet
  facet normal 0 0 1
    outer loop
      vertex 15.4737 -13.3214 0.599999
      vertex 8.7 -6.7 0.599999
      vertex 15.153 -13.3852 0.599999
    endloop
  endfacet
  facet normal 0 0 1
    outer loop
      vertex 8.7 6.7 0.599999
      vertex 14.2781 13.8166 0.599999
      vertex 14.0322 14.0322 0.599999
    endloop
  endfacet
  facet normal 0 0 1
    outer loop
      vertex 15.153 -13.3852 0.599999
      vertex 8.7 -6.7 0.599999
      vertex 14.8433 -13.4903 0.599999
    endloop
  endfacet
  facet normal 0 0 1
    outer loop
      vertex 8.7 6.7 0.599999
      vertex 14.0322 14.0322 0.599999
      vertex 13.8166 14.2781 0.599999
    endloop
  endfacet
  facet normal 0 0 1
    outer loop
      vertex 14.8433 -13.4903 0.599999
      vertex 8.7 -6.7 0.599999
      vertex 14.55 -13.6349 0.599999
    endloop
  endfacet
  facet normal 0 0 1
    outer loop
      vertex 8.7 6.7 0.599999
      vertex 13.8166 14.2781 0.599999
      vertex 13.6349 14.55 0.599999
    endloop
  endfacet
  facet normal 0 0 1
    outer loop
      vertex 14.55 -13.6349 0.599999
      vertex 8.7 -6.7 0.599999
      vertex 14.2781 -13.8166 0.599999
    endloop
  endfacet
  facet normal 0 0 1
    outer loop
      vertex 8.7 6.7 0.599999
      vertex 13.6349 14.55 0.599999
      vertex 13.4903 14.8433 0.599999
    endloop
  endfacet
  facet normal 0 0 1
    outer loop
      vertex 14.2781 -13.8166 0.599999
      vertex 8.7 -6.7 0.599999
      vertex 14.0322 -14.0322 0.599999
    endloop
  endfacet
  facet normal 0 0 1
    outer loop
      vertex 8.7 6.7 0.599999
      vertex 13.4903 14.8433 0.599999
      vertex 13.3852 15.153 0.599999
    endloop
  endfacet
  facet normal 0 0 1
    outer loop
      vertex 14.0322 -14.0322 0.599999
      vertex 8.7 -6.7 0.599999
      vertex 13.8166 -14.2781 0.599999
    endloop
  endfacet
  facet normal 0 0 1
    outer loop
      vertex 8.7 6.7 0.599999
      vertex 13.3852 15.153 0.599999
      vertex 13.3214 15.4737 0.599999
    endloop
  endfacet
  facet normal 0 0 1
    outer loop
      vertex 13.8166 -14.2781 0.599999
      vertex 8.7 -6.7 0.599999
      vertex 13.6349 -14.55 0.599999
    endloop
  endfacet
  facet normal 0 0 1
    outer loop
      vertex 8.7 6.7 0.599999
      vertex 13.3214 15.4737 0.599999
      vertex 13.3 15.8 0.599999
    endloop
  endfacet
  facet normal 0 0 1
    outer loop
      vertex 13.6349 -14.55 0.599999
      vertex 8.7 -6.7 0.599999
      vertex 13.4903 -14.8433 0.599999
    endloop
  endfacet
  facet normal -0 0 1
    outer loop
      vertex 18.2786 16.1263 0.599999
      vertex 18.4 16 0.599999
      vertex 18.3795 16.3133 0.599999
    endloop
  endfacet
  facet normal 0 0 1
    outer loop
      vertex 18.2786 15.4737 0.599999
      vertex 18.4 16 0.599999
      vertex 18.3 15.8 0.599999
    endloop
  endfacet
  facet normal -0 0 1
    outer loop
      vertex 18.2148 16.447 0.599999
      vertex 18.3795 16.3133 0.599999
      vertex 18.3182 16.6212 0.599999
    endloop
  endfacet
  facet normal 0 0 1
    outer loop
      vertex 18.2148 15.153 0.599999
      vertex 18.4 16 0.599999
      vertex 18.2786 15.4737 0.599999
    endloop
  endfacet
  facet normal 0 0 1
    outer loop
      vertex 18.2786 -16.1263 0.599999
      vertex 18.4 -16 0.599999
      vertex 18.3 -15.8 0.599999
    endloop
  endfacet
  facet normal 0 0 1
    outer loop
      vertex 18.4 16 0.599999
      vertex 18.2786 16.1263 0.599999
      vertex 18.3 15.8 0.599999
    endloop
  endfacet
  facet normal -0 0 1
    outer loop
      vertex 18.1097 16.7567 0.599999
      vertex 18.3182 16.6212 0.599999
      vertex 18.2173 16.9184 0.599999
    endloop
  endfacet
  facet normal 0 0 1
    outer loop
      vertex 18.3795 16.3133 0.599999
      vertex 18.2148 16.447 0.599999
      vertex 18.2786 16.1263 0.599999
    endloop
  endfacet
  facet normal 0 0 1
    outer loop
      vertex 18.3182 16.6212 0.599999
      vertex 18.1097 16.7567 0.599999
      vertex 18.2148 16.447 0.599999
    endloop
  endfacet
  facet normal -0 0 1
    outer loop
      vertex 17.9651 17.05 0.599999
      vertex 18.2173 16.9184 0.599999
      vertex 18.0785 17.2 0.599999
    endloop
  endfacet
  facet normal 0 0 1
    outer loop
      vertex 18.2173 16.9184 0.599999
      vertex 17.9651 17.05 0.599999
      vertex 18.1097 16.7567 0.599999
    endloop
  endfacet
  facet normal -0 0 1
    outer loop
      vertex 17.7834 17.3219 0.599999
      vertex 18.0785 17.2 0.599999
      vertex 17.9041 17.461 0.599999
    endloop
  endfacet
  facet normal 0 0 1
    outer loop
      vertex 18.0785 17.2 0.599999
      vertex 17.7834 17.3219 0.599999
      vertex 17.9651 17.05 0.599999
    endloop
  endfacet
  facet normal -0 0 1
    outer loop
      vertex 17.5678 17.5678 0.599999
      vertex 17.9041 17.461 0.599999
      vertex 17.6971 17.6971 0.599999
    endloop
  endfacet
  facet normal 0 0 1
    outer loop
      vertex 17.9041 17.461 0.599999
      vertex 17.5678 17.5678 0.599999
      vertex 17.7834 17.3219 0.599999
    endloop
  endfacet
  facet normal 0 0 1
    outer loop
      vertex 17.461 17.9041 0.599999
      vertex 17.5678 17.5678 0.599999
      vertex 17.6971 17.6971 0.599999
    endloop
  endfacet
  facet normal 0 0 1
    outer loop
      vertex 17.461 17.9041 0.599999
      vertex 17.3219 17.7834 0.599999
      vertex 17.5678 17.5678 0.599999
    endloop
  endfacet
  facet normal 0 0 1
    outer loop
      vertex 17.2 18.0785 0.599999
      vertex 17.3219 17.7834 0.599999
      vertex 17.461 17.9041 0.599999
    endloop
  endfacet
  facet normal 0 0 1
    outer loop
      vertex 17.2 18.0785 0.599999
      vertex 17.05 17.9651 0.599999
      vertex 17.3219 17.7834 0.599999
    endloop
  endfacet
  facet normal 0 0 1
    outer loop
      vertex 16.9184 18.2173 0.599999
      vertex 17.05 17.9651 0.599999
      vertex 17.2 18.0785 0.599999
    endloop
  endfacet
  facet normal 0 0 1
    outer loop
      vertex 16.9184 18.2173 0.599999
      vertex 16.7567 18.1097 0.599999
      vertex 17.05 17.9651 0.599999
    endloop
  endfacet
  facet normal 0 0 1
    outer loop
      vertex 16.6212 18.3182 0.599999
      vertex 16.7567 18.1097 0.599999
      vertex 16.9184 18.2173 0.599999
    endloop
  endfacet
  facet normal 0 0 1
    outer loop
      vertex 16.6212 18.3182 0.599999
      vertex 16.447 18.2148 0.599999
      vertex 16.7567 18.1097 0.599999
    endloop
  endfacet
  facet normal 0 0 1
    outer loop
      vertex 16.3133 18.3795 0.599999
      vertex 16.447 18.2148 0.599999
      vertex 16.6212 18.3182 0.599999
    endloop
  endfacet
  facet normal 0 0 1
    outer loop
      vertex 16.3133 18.3795 0.599999
      vertex 16.1263 18.2786 0.599999
      vertex 16.447 18.2148 0.599999
    endloop
  endfacet
  facet normal 0 0 1
    outer loop
      vertex 16 18.4 0.599999
      vertex 16.1263 18.2786 0.599999
      vertex 16.3133 18.3795 0.599999
    endloop
  endfacet
  facet normal 0 0 1
    outer loop
      vertex 16 18.4 0.599999
      vertex 15.8 18.3 0.599999
      vertex 16.1263 18.2786 0.599999
    endloop
  endfacet
  facet normal 0 0 1
    outer loop
      vertex 16 18.4 0.599999
      vertex 15.4737 18.2786 0.599999
      vertex 15.8 18.3 0.599999
    endloop
  endfacet
  facet normal 0 0 1
    outer loop
      vertex 16 18.4 0.599999
      vertex 15.153 18.2148 0.599999
      vertex 15.4737 18.2786 0.599999
    endloop
  endfacet
  facet normal 0 0 1
    outer loop
      vertex 16.1263 13.3214 0.599999
      vertex 8.7 6.7 0.599999
      vertex 8.7 2 0.599999
    endloop
  endfacet
  facet normal 0 0 1
    outer loop
      vertex 13.3214 16.1263 0.599999
      vertex 8.7 6.7 0.599999
      vertex 13.3 15.8 0.599999
    endloop
  endfacet
  facet normal 0 0 1
    outer loop
      vertex -13.3214 16.1263 0.599999
      vertex 13.3214 16.1263 0.599999
      vertex 13.3852 16.447 0.599999
    endloop
  endfacet
  facet normal 0 0 1
    outer loop
      vertex -13.3852 16.447 0.599999
      vertex 13.3852 16.447 0.599999
      vertex 13.4903 16.7567 0.599999
    endloop
  endfacet
  facet normal 0 0 1
    outer loop
      vertex 13.3214 16.1263 0.599999
      vertex -13.3214 16.1263 0.599999
      vertex 8.7 6.7 0.599999
    endloop
  endfacet
  facet normal 0 0 1
    outer loop
      vertex -13.4903 16.7567 0.599999
      vertex 13.4903 16.7567 0.599999
      vertex 13.6349 17.05 0.599999
    endloop
  endfacet
  facet normal 0 0 1
    outer loop
      vertex -13.6349 17.05 0.599999
      vertex 13.6349 17.05 0.599999
      vertex 13.8166 17.3219 0.599999
    endloop
  endfacet
  facet normal 0 0 1
    outer loop
      vertex -13.8166 17.3219 0.599999
      vertex 13.8166 17.3219 0.599999
      vertex 14.0322 17.5678 0.599999
    endloop
  endfacet
  facet normal 0 0 1
    outer loop
      vertex -14.0322 17.5678 0.599999
      vertex 14.0322 17.5678 0.599999
      vertex 14.2781 17.7834 0.599999
    endloop
  endfacet
  facet normal 0 0 1
    outer loop
      vertex -14.2781 17.7834 0.599999
      vertex 14.2781 17.7834 0.599999
      vertex 14.55 17.9651 0.599999
    endloop
  endfacet
  facet normal 0 0 1
    outer loop
      vertex -14.55 17.9651 0.599999
      vertex 14.55 17.9651 0.599999
      vertex 14.8433 18.1097 0.599999
    endloop
  endfacet
  facet normal -0 0 1
    outer loop
      vertex -13.3214 15.4737 0.599999
      vertex -8.7 6.7 0.599999
      vertex -13.3 15.8 0.599999
    endloop
  endfacet
  facet normal -0 0 1
    outer loop
      vertex -13.3852 15.153 0.599999
      vertex -8.7 6.7 0.599999
      vertex -13.3214 15.4737 0.599999
    endloop
  endfacet
  facet normal -0 0 1
    outer loop
      vertex -13.4903 14.8433 0.599999
      vertex -8.7 6.7 0.599999
      vertex -13.3852 15.153 0.599999
    endloop
  endfacet
  facet normal 0 0 1
    outer loop
      vertex 8.7 6.7 0.599999
      vertex -13.3214 16.1263 0.599999
      vertex -8.7 6.7 0.599999
    endloop
  endfacet
  facet normal 0 0 1
    outer loop
      vertex -14.8433 18.1097 0.599999
      vertex 14.8433 18.1097 0.599999
      vertex 15.153 18.2148 0.599999
    endloop
  endfacet
  facet normal 0 0 1
    outer loop
      vertex -15.153 18.2148 0.599999
      vertex 15.153 18.2148 0.599999
      vertex 16 18.4 0.599999
    endloop
  endfacet
  facet normal 0 0 1
    outer loop
      vertex -8.7 6.7 0.599999
      vertex -13.3214 16.1263 0.599999
      vertex -13.3 15.8 0.599999
    endloop
  endfacet
  facet normal 0 0 1
    outer loop
      vertex 13.3852 16.447 0.599999
      vertex -13.3852 16.447 0.599999
      vertex -13.3214 16.1263 0.599999
    endloop
  endfacet
  facet normal 0 0 1
    outer loop
      vertex 13.4903 16.7567 0.599999
      vertex -13.4903 16.7567 0.599999
      vertex -13.3852 16.447 0.599999
    endloop
  endfacet
  facet normal 0 0 1
    outer loop
      vertex 13.6349 17.05 0.599999
      vertex -13.6349 17.05 0.599999
      vertex -13.4903 16.7567 0.599999
    endloop
  endfacet
  facet normal 0 0 1
    outer loop
      vertex 13.8166 17.3219 0.599999
      vertex -13.8166 17.3219 0.599999
      vertex -13.6349 17.05 0.599999
    endloop
  endfacet
  facet normal 0 0 1
    outer loop
      vertex 14.0322 17.5678 0.599999
      vertex -14.0322 17.5678 0.599999
      vertex -13.8166 17.3219 0.599999
    endloop
  endfacet
  facet normal 0 0 1
    outer loop
      vertex 14.2781 17.7834 0.599999
      vertex -14.2781 17.7834 0.599999
      vertex -14.0322 17.5678 0.599999
    endloop
  endfacet
  facet normal 0 0 1
    outer loop
      vertex 14.55 17.9651 0.599999
      vertex -14.55 17.9651 0.599999
      vertex -14.2781 17.7834 0.599999
    endloop
  endfacet
  facet normal 0 0 1
    outer loop
      vertex 14.8433 18.1097 0.599999
      vertex -14.8433 18.1097 0.599999
      vertex -14.55 17.9651 0.599999
    endloop
  endfacet
  facet normal 0 0 1
    outer loop
      vertex 15.153 18.2148 0.599999
      vertex -15.153 18.2148 0.599999
      vertex -14.8433 18.1097 0.599999
    endloop
  endfacet
  facet normal -0 0 1
    outer loop
      vertex -16 18.4 0.599999
      vertex -15.153 18.2148 0.599999
      vertex 16 18.4 0.599999
    endloop
  endfacet
  facet normal 0 0 1
    outer loop
      vertex -15.153 18.2148 0.599999
      vertex -16 18.4 0.599999
      vertex -15.4737 18.2786 0.599999
    endloop
  endfacet
  facet normal 0 0 1
    outer loop
      vertex -15.4737 18.2786 0.599999
      vertex -16 18.4 0.599999
      vertex -15.8 18.3 0.599999
    endloop
  endfacet
  facet normal 0 0 1
    outer loop
      vertex -16 18.4 0.599999
      vertex -16.1263 18.2786 0.599999
      vertex -15.8 18.3 0.599999
    endloop
  endfacet
  facet normal -0 0 1
    outer loop
      vertex -16.3133 18.3795 0.599999
      vertex -16.1263 18.2786 0.599999
      vertex -16 18.4 0.599999
    endloop
  endfacet
  facet normal 0 0 1
    outer loop
      vertex -16.3133 18.3795 0.599999
      vertex -16.447 18.2148 0.599999
      vertex -16.1263 18.2786 0.599999
    endloop
  endfacet
  facet normal -0 0 1
    outer loop
      vertex -16.6212 18.3182 0.599999
      vertex -16.447 18.2148 0.599999
      vertex -16.3133 18.3795 0.599999
    endloop
  endfacet
  facet normal 0 0 1
    outer loop
      vertex -16.6212 18.3182 0.599999
      vertex -16.7567 18.1097 0.599999
      vertex -16.447 18.2148 0.599999
    endloop
  endfacet
  facet normal -0 0 1
    outer loop
      vertex -16.9184 18.2173 0.599999
      vertex -16.7567 18.1097 0.599999
      vertex -16.6212 18.3182 0.599999
    endloop
  endfacet
  facet normal 0 0 1
    outer loop
      vertex -16.9184 18.2173 0.599999
      vertex -17.05 17.9651 0.599999
      vertex -16.7567 18.1097 0.599999
    endloop
  endfacet
  facet normal -0 0 1
    outer loop
      vertex -17.2 18.0785 0.599999
      vertex -17.05 17.9651 0.599999
      vertex -16.9184 18.2173 0.599999
    endloop
  endfacet
  facet normal 0 0 1
    outer loop
      vertex -17.2 18.0785 0.599999
      vertex -17.3219 17.7834 0.599999
      vertex -17.05 17.9651 0.599999
    endloop
  endfacet
  facet normal -0 0 1
    outer loop
      vertex -17.461 17.9041 0.599999
      vertex -17.3219 17.7834 0.599999
      vertex -17.2 18.0785 0.599999
    endloop
  endfacet
  facet normal 0 0 1
    outer loop
      vertex -17.461 17.9041 0.599999
      vertex -17.5678 17.5678 0.599999
      vertex -17.3219 17.7834 0.599999
    endloop
  endfacet
  facet normal -0 0 1
    outer loop
      vertex -17.6971 17.6971 0.599999
      vertex -17.5678 17.5678 0.599999
      vertex -17.461 17.9041 0.599999
    endloop
  endfacet
  facet normal 0 0 1
    outer loop
      vertex -17.9041 17.461 0.599999
      vertex -17.5678 17.5678 0.599999
      vertex -17.6971 17.6971 0.599999
    endloop
  endfacet
  facet normal 0 0 1
    outer loop
      vertex -17.5678 17.5678 0.599999
      vertex -17.9041 17.461 0.599999
      vertex -17.7834 17.3219 0.599999
    endloop
  endfacet
  facet normal 0 0 1
    outer loop
      vertex -18.0785 17.2 0.599999
      vertex -17.7834 17.3219 0.599999
      vertex -17.9041 17.461 0.599999
    endloop
  endfacet
  facet normal 0 0 1
    outer loop
      vertex -17.7834 17.3219 0.599999
      vertex -18.0785 17.2 0.599999
      vertex -17.9651 17.05 0.599999
    endloop
  endfacet
  facet normal 0 0 1
    outer loop
      vertex -18.2173 16.9184 0.599999
      vertex -17.9651 17.05 0.599999
      vertex -18.0785 17.2 0.599999
    endloop
  endfacet
  facet normal 0 0 1
    outer loop
      vertex -17.9651 17.05 0.599999
      vertex -18.2173 16.9184 0.599999
      vertex -18.1097 16.7567 0.599999
    endloop
  endfacet
  facet normal 0 0 1
    outer loop
      vertex -18.3182 16.6212 0.599999
      vertex -18.1097 16.7567 0.599999
      vertex -18.2173 16.9184 0.599999
    endloop
  endfacet
  facet normal 0 0 1
    outer loop
      vertex -18.1097 16.7567 0.599999
      vertex -18.3182 16.6212 0.599999
      vertex -18.2148 16.447 0.599999
    endloop
  endfacet
  facet normal 0 0 1
    outer loop
      vertex -18.4 16 0.599999
      vertex -18.2786 16.1263 0.599999
      vertex -18.3795 16.3133 0.599999
    endloop
  endfacet
  facet normal 0 0 1
    outer loop
      vertex -18.2148 16.447 0.599999
      vertex -18.3795 16.3133 0.599999
      vertex -18.2786 16.1263 0.599999
    endloop
  endfacet
  facet normal 0 0 1
    outer loop
      vertex -18.3795 16.3133 0.599999
      vertex -18.2148 16.447 0.599999
      vertex -18.3182 16.6212 0.599999
    endloop
  endfacet
  facet normal 0 0 1
    outer loop
      vertex 18.4 -16 0.599999
      vertex 18.2786 -16.1263 0.599999
      vertex 18.3795 -16.3133 0.599999
    endloop
  endfacet
  facet normal 0 0 1
    outer loop
      vertex 18.2148 -16.447 0.599999
      vertex 18.3795 -16.3133 0.599999
      vertex 18.2786 -16.1263 0.599999
    endloop
  endfacet
  facet normal 0 0 1
    outer loop
      vertex 18.3795 -16.3133 0.599999
      vertex 18.2148 -16.447 0.599999
      vertex 18.3182 -16.6212 0.599999
    endloop
  endfacet
  facet normal 0 0 1
    outer loop
      vertex 18.1097 -16.7567 0.599999
      vertex 18.3182 -16.6212 0.599999
      vertex 18.2148 -16.447 0.599999
    endloop
  endfacet
  facet normal 0 0 1
    outer loop
      vertex 18.3182 -16.6212 0.599999
      vertex 18.1097 -16.7567 0.599999
      vertex 18.2173 -16.9184 0.599999
    endloop
  endfacet
  facet normal 0 0 1
    outer loop
      vertex 17.9651 -17.05 0.599999
      vertex 18.2173 -16.9184 0.599999
      vertex 18.1097 -16.7567 0.599999
    endloop
  endfacet
  facet normal 0 0 1
    outer loop
      vertex 18.2173 -16.9184 0.599999
      vertex 17.9651 -17.05 0.599999
      vertex 18.0785 -17.2 0.599999
    endloop
  endfacet
  facet normal 0 0 1
    outer loop
      vertex 17.7834 -17.3219 0.599999
      vertex 18.0785 -17.2 0.599999
      vertex 17.9651 -17.05 0.599999
    endloop
  endfacet
  facet normal 0 0 1
    outer loop
      vertex 18.0785 -17.2 0.599999
      vertex 17.7834 -17.3219 0.599999
      vertex 17.9041 -17.461 0.599999
    endloop
  endfacet
  facet normal 0 0 1
    outer loop
      vertex 17.5678 -17.5678 0.599999
      vertex 17.9041 -17.461 0.599999
      vertex 17.7834 -17.3219 0.599999
    endloop
  endfacet
  facet normal 0 0 1
    outer loop
      vertex 17.9041 -17.461 0.599999
      vertex 17.5678 -17.5678 0.599999
      vertex 17.6971 -17.6971 0.599999
    endloop
  endfacet
  facet normal 0 0 1
    outer loop
      vertex 17.5678 -17.5678 0.599999
      vertex 17.461 -17.9041 0.599999
      vertex 17.6971 -17.6971 0.599999
    endloop
  endfacet
  facet normal -0 0 1
    outer loop
      vertex 17.3219 -17.7834 0.599999
      vertex 17.461 -17.9041 0.599999
      vertex 17.5678 -17.5678 0.599999
    endloop
  endfacet
  facet normal 0 0 1
    outer loop
      vertex 17.3219 -17.7834 0.599999
      vertex 17.2 -18.0785 0.599999
      vertex 17.461 -17.9041 0.599999
    endloop
  endfacet
  facet normal -0 0 1
    outer loop
      vertex 17.05 -17.9651 0.599999
      vertex 17.2 -18.0785 0.599999
      vertex 17.3219 -17.7834 0.599999
    endloop
  endfacet
  facet normal 0 0 1
    outer loop
      vertex 17.05 -17.9651 0.599999
      vertex 16.9184 -18.2173 0.599999
      vertex 17.2 -18.0785 0.599999
    endloop
  endfacet
  facet normal -0 0 1
    outer loop
      vertex 16.7567 -18.1097 0.599999
      vertex 16.9184 -18.2173 0.599999
      vertex 17.05 -17.9651 0.599999
    endloop
  endfacet
  facet normal 0 0 1
    outer loop
      vertex 16.7567 -18.1097 0.599999
      vertex 16.6212 -18.3182 0.599999
      vertex 16.9184 -18.2173 0.599999
    endloop
  endfacet
  facet normal -0 0 1
    outer loop
      vertex 16.447 -18.2148 0.599999
      vertex 16.6212 -18.3182 0.599999
      vertex 16.7567 -18.1097 0.599999
    endloop
  endfacet
  facet normal 0 0 1
    outer loop
      vertex 16.447 -18.2148 0.599999
      vertex 16.3133 -18.3795 0.599999
      vertex 16.6212 -18.3182 0.599999
    endloop
  endfacet
  facet normal -0 0 1
    outer loop
      vertex 16.1263 -18.2786 0.599999
      vertex 16.3133 -18.3795 0.599999
      vertex 16.447 -18.2148 0.599999
    endloop
  endfacet
  facet normal 0 0 1
    outer loop
      vertex 16.1263 -18.2786 0.599999
      vertex 16 -18.4 0.599999
      vertex 16.3133 -18.3795 0.599999
    endloop
  endfacet
  facet normal -0 0 1
    outer loop
      vertex 15.8 -18.3 0.599999
      vertex 16 -18.4 0.599999
      vertex 16.1263 -18.2786 0.599999
    endloop
  endfacet
  facet normal 0 0 1
    outer loop
      vertex 15.4737 -18.2786 0.599999
      vertex 16 -18.4 0.599999
      vertex 15.8 -18.3 0.599999
    endloop
  endfacet
  facet normal 0 0 1
    outer loop
      vertex 15.153 -18.2148 0.599999
      vertex 16 -18.4 0.599999
      vertex 15.4737 -18.2786 0.599999
    endloop
  endfacet
  facet normal 0 0 1
    outer loop
      vertex 13.4903 -14.8433 0.599999
      vertex 8.7 -6.7 0.599999
      vertex 13.3852 -15.153 0.599999
    endloop
  endfacet
  facet normal 0 0 1
    outer loop
      vertex 13.3852 -15.153 0.599999
      vertex 8.7 -6.7 0.599999
      vertex 13.3214 -15.4737 0.599999
    endloop
  endfacet
  facet normal 0 0 1
    outer loop
      vertex 13.3214 -15.4737 0.599999
      vertex 8.7 -6.7 0.599999
      vertex 13.3 -15.8 0.599999
    endloop
  endfacet
  facet normal 0 0 1
    outer loop
      vertex 13.3 -15.8 0.599999
      vertex 8.7 -6.7 0.599999
      vertex 13.3214 -16.1263 0.599999
    endloop
  endfacet
  facet normal 0 0 1
    outer loop
      vertex -13.3214 -16.1263 0.599999
      vertex 13.3214 -16.1263 0.599999
      vertex 8.7 -6.7 0.599999
    endloop
  endfacet
  facet normal 0 0 1
    outer loop
      vertex 13.3214 -16.1263 0.599999
      vertex -13.3214 -16.1263 0.599999
      vertex 13.3852 -16.447 0.599999
    endloop
  endfacet
  facet normal 0 0 1
    outer loop
      vertex -13.3214 -16.1263 0.599999
      vertex 8.7 -6.7 0.599999
      vertex -8.7 -6.7 0.599999
    endloop
  endfacet
  facet normal 0 0 1
    outer loop
      vertex -13.3852 -16.447 0.599999
      vertex 13.3852 -16.447 0.599999
      vertex -13.3214 -16.1263 0.599999
    endloop
  endfacet
  facet normal 0 0 1
    outer loop
      vertex 13.3852 -16.447 0.599999
      vertex -13.3852 -16.447 0.599999
      vertex 13.4903 -16.7567 0.599999
    endloop
  endfacet
  facet normal 0 0 1
    outer loop
      vertex -13.4903 -16.7567 0.599999
      vertex 13.4903 -16.7567 0.599999
      vertex -13.3852 -16.447 0.599999
    endloop
  endfacet
  facet normal 0 0 1
    outer loop
      vertex 13.4903 -16.7567 0.599999
      vertex -13.4903 -16.7567 0.599999
      vertex 13.6349 -17.05 0.599999
    endloop
  endfacet
  facet normal 0 0 1
    outer loop
      vertex -13.6349 -17.05 0.599999
      vertex 13.6349 -17.05 0.599999
      vertex -13.4903 -16.7567 0.599999
    endloop
  endfacet
  facet normal 0 0 1
    outer loop
      vertex 13.6349 -17.05 0.599999
      vertex -13.6349 -17.05 0.599999
      vertex 13.8166 -17.3219 0.599999
    endloop
  endfacet
  facet normal 0 0 1
    outer loop
      vertex -8.7 -2 0.599999
      vertex -13.3 -15.8 0.599999
      vertex -8.7 -6.7 0.599999
    endloop
  endfacet
  facet normal 0 0 1
    outer loop
      vertex -13.3214 -16.1263 0.599999
      vertex -8.7 -6.7 0.599999
      vertex -13.3 -15.8 0.599999
    endloop
  endfacet
  facet normal 0 0 1
    outer loop
      vertex -13.8166 -17.3219 0.599999
      vertex 13.8166 -17.3219 0.599999
      vertex -13.6349 -17.05 0.599999
    endloop
  endfacet
  facet normal 0 0 1
    outer loop
      vertex 13.8166 -17.3219 0.599999
      vertex -13.8166 -17.3219 0.599999
      vertex 14.0322 -17.5678 0.599999
    endloop
  endfacet
  facet normal 0 0 1
    outer loop
      vertex -14.0322 -17.5678 0.599999
      vertex 14.0322 -17.5678 0.599999
      vertex -13.8166 -17.3219 0.599999
    endloop
  endfacet
  facet normal 0 0 1
    outer loop
      vertex 14.0322 -17.5678 0.599999
      vertex -14.0322 -17.5678 0.599999
      vertex 14.2781 -17.7834 0.599999
    endloop
  endfacet
  facet normal 0 0 1
    outer loop
      vertex -14.2781 -17.7834 0.599999
      vertex 14.2781 -17.7834 0.599999
      vertex -14.0322 -17.5678 0.599999
    endloop
  endfacet
  facet normal 0 0 1
    outer loop
      vertex 14.2781 -17.7834 0.599999
      vertex -14.2781 -17.7834 0.599999
      vertex 14.55 -17.9651 0.599999
    endloop
  endfacet
  facet normal 0 0 1
    outer loop
      vertex -14.55 -17.9651 0.599999
      vertex 14.55 -17.9651 0.599999
      vertex -14.2781 -17.7834 0.599999
    endloop
  endfacet
  facet normal 0 0 1
    outer loop
      vertex 14.55 -17.9651 0.599999
      vertex -14.55 -17.9651 0.599999
      vertex 14.8433 -18.1097 0.599999
    endloop
  endfacet
  facet normal 0 0 1
    outer loop
      vertex -14.8433 -18.1097 0.599999
      vertex 14.8433 -18.1097 0.599999
      vertex -14.55 -17.9651 0.599999
    endloop
  endfacet
  facet normal 0 0 1
    outer loop
      vertex 14.8433 -18.1097 0.599999
      vertex -14.8433 -18.1097 0.599999
      vertex 15.153 -18.2148 0.599999
    endloop
  endfacet
  facet normal 0 0 1
    outer loop
      vertex -15.153 -18.2148 0.599999
      vertex 15.153 -18.2148 0.599999
      vertex -14.8433 -18.1097 0.599999
    endloop
  endfacet
  facet normal 0 0 1
    outer loop
      vertex 15.153 -18.2148 0.599999
      vertex -15.153 -18.2148 0.599999
      vertex 16 -18.4 0.599999
    endloop
  endfacet
  facet normal 0 0 1
    outer loop
      vertex -16 -18.4 0.599999
      vertex -15.153 -18.2148 0.599999
      vertex -15.4737 -18.2786 0.599999
    endloop
  endfacet
  facet normal 0 0 1
    outer loop
      vertex -16 -18.4 0.599999
      vertex -15.4737 -18.2786 0.599999
      vertex -15.8 -18.3 0.599999
    endloop
  endfacet
  facet normal 0 0 1
    outer loop
      vertex -15.153 -18.2148 0.599999
      vertex -16 -18.4 0.599999
      vertex 16 -18.4 0.599999
    endloop
  endfacet
  facet normal 0 0 1
    outer loop
      vertex -16.1263 -18.2786 0.599999
      vertex -16 -18.4 0.599999
      vertex -15.8 -18.3 0.599999
    endloop
  endfacet
  facet normal 0 0 1
    outer loop
      vertex -16.1263 -18.2786 0.599999
      vertex -16.3133 -18.3795 0.599999
      vertex -16 -18.4 0.599999
    endloop
  endfacet
  facet normal 0 0 1
    outer loop
      vertex -16.447 -18.2148 0.599999
      vertex -16.3133 -18.3795 0.599999
      vertex -16.1263 -18.2786 0.599999
    endloop
  endfacet
  facet normal 0 0 1
    outer loop
      vertex -16.447 -18.2148 0.599999
      vertex -16.6212 -18.3182 0.599999
      vertex -16.3133 -18.3795 0.599999
    endloop
  endfacet
  facet normal 0 0 1
    outer loop
      vertex -16.7567 -18.1097 0.599999
      vertex -16.6212 -18.3182 0.599999
      vertex -16.447 -18.2148 0.599999
    endloop
  endfacet
  facet normal 0 0 1
    outer loop
      vertex -16.7567 -18.1097 0.599999
      vertex -16.9184 -18.2173 0.599999
      vertex -16.6212 -18.3182 0.599999
    endloop
  endfacet
  facet normal 0 0 1
    outer loop
      vertex -17.05 -17.9651 0.599999
      vertex -16.9184 -18.2173 0.599999
      vertex -16.7567 -18.1097 0.599999
    endloop
  endfacet
  facet normal 0 0 1
    outer loop
      vertex -17.05 -17.9651 0.599999
      vertex -17.2 -18.0785 0.599999
      vertex -16.9184 -18.2173 0.599999
    endloop
  endfacet
  facet normal 0 0 1
    outer loop
      vertex -17.3219 -17.7834 0.599999
      vertex -17.2 -18.0785 0.599999
      vertex -17.05 -17.9651 0.599999
    endloop
  endfacet
  facet normal 0 0 1
    outer loop
      vertex -17.3219 -17.7834 0.599999
      vertex -17.461 -17.9041 0.599999
      vertex -17.2 -18.0785 0.599999
    endloop
  endfacet
  facet normal 0 0 1
    outer loop
      vertex -17.5678 -17.5678 0.599999
      vertex -17.461 -17.9041 0.599999
      vertex -17.3219 -17.7834 0.599999
    endloop
  endfacet
  facet normal 0 0 1
    outer loop
      vertex -17.5678 -17.5678 0.599999
      vertex -17.6971 -17.6971 0.599999
      vertex -17.461 -17.9041 0.599999
    endloop
  endfacet
  facet normal -0 0 1
    outer loop
      vertex -17.9041 -17.461 0.599999
      vertex -17.5678 -17.5678 0.599999
      vertex -17.7834 -17.3219 0.599999
    endloop
  endfacet
  facet normal 0 0 1
    outer loop
      vertex -17.5678 -17.5678 0.599999
      vertex -17.9041 -17.461 0.599999
      vertex -17.6971 -17.6971 0.599999
    endloop
  endfacet
  facet normal -0 0 1
    outer loop
      vertex -18.0785 -17.2 0.599999
      vertex -17.7834 -17.3219 0.599999
      vertex -17.9651 -17.05 0.599999
    endloop
  endfacet
  facet normal 0 0 1
    outer loop
      vertex -17.7834 -17.3219 0.599999
      vertex -18.0785 -17.2 0.599999
      vertex -17.9041 -17.461 0.599999
    endloop
  endfacet
  facet normal -0 0 1
    outer loop
      vertex -18.2173 -16.9184 0.599999
      vertex -17.9651 -17.05 0.599999
      vertex -18.1097 -16.7567 0.599999
    endloop
  endfacet
  facet normal -0 0 1
    outer loop
      vertex -18.3182 -16.6212 0.599999
      vertex -18.1097 -16.7567 0.599999
      vertex -18.2148 -16.447 0.599999
    endloop
  endfacet
  facet normal 0 0 1
    outer loop
      vertex -17.9651 -17.05 0.599999
      vertex -18.2173 -16.9184 0.599999
      vertex -18.0785 -17.2 0.599999
    endloop
  endfacet
  facet normal -0 0 1
    outer loop
      vertex -18.3795 -16.3133 0.599999
      vertex -18.2148 -16.447 0.599999
      vertex -18.2786 -16.1263 0.599999
    endloop
  endfacet
  facet normal 0 0 1
    outer loop
      vertex -18.1097 -16.7567 0.599999
      vertex -18.3182 -16.6212 0.599999
      vertex -18.2173 -16.9184 0.599999
    endloop
  endfacet
  facet normal -0 0 1
    outer loop
      vertex -18.4 -16 0.599999
      vertex -18.2786 -16.1263 0.599999
      vertex -18.3 -15.8 0.599999
    endloop
  endfacet
  facet normal 0 0 1
    outer loop
      vertex -18.2148 -15.153 0.599999
      vertex -18.4 -16 0.599999
      vertex -18.2786 -15.4737 0.599999
    endloop
  endfacet
  facet normal 0 0 1
    outer loop
      vertex -18.2786 16.1263 0.599999
      vertex -18.4 16 0.599999
      vertex -18.3 15.8 0.599999
    endloop
  endfacet
  facet normal 0 0 1
    outer loop
      vertex -18.2786 -15.4737 0.599999
      vertex -18.4 -16 0.599999
      vertex -18.3 -15.8 0.599999
    endloop
  endfacet
  facet normal 0 0 1
    outer loop
      vertex -18.2786 -16.1263 0.599999
      vertex -18.4 -16 0.599999
      vertex -18.3795 -16.3133 0.599999
    endloop
  endfacet
  facet normal 0 0 1
    outer loop
      vertex -18.2148 -16.447 0.599999
      vertex -18.3795 -16.3133 0.599999
      vertex -18.3182 -16.6212 0.599999
    endloop
  endfacet
  facet normal -0.946916 0.32148 0
    outer loop
      vertex 18.2173 -16.9184 0.599999
      vertex 18.3182 -16.6212 8
      vertex 18.3182 -16.6212 0.599999
    endloop
  endfacet
  facet normal -0.946916 0.32148 0
    outer loop
      vertex 18.3182 -16.6212 8
      vertex 18.2173 -16.9184 0.599999
      vertex 18.2173 -16.9184 8
    endloop
  endfacet
  facet normal -0.980752 -0.195258 0
    outer loop
      vertex 18.3795 16.3133 0.599999
      vertex 18.3182 16.6212 8
      vertex 18.3182 16.6212 0.599999
    endloop
  endfacet
  facet normal -0.980752 -0.195258 0
    outer loop
      vertex 18.3182 16.6212 8
      vertex 18.3795 16.3133 0.599999
      vertex 18.3795 16.3133 8
    endloop
  endfacet
  facet normal 0.44211 0.896961 -0
    outer loop
      vertex -16.9184 -18.2173 0.599999
      vertex -17.2 -18.0785 8
      vertex -16.9184 -18.2173 8
    endloop
  endfacet
  facet normal 0.44211 0.896961 0
    outer loop
      vertex -17.2 -18.0785 8
      vertex -16.9184 -18.2173 0.599999
      vertex -17.2 -18.0785 0.599999
    endloop
  endfacet
  facet normal 0.659248 0.751925 -0
    outer loop
      vertex -17.461 -17.9041 0.599999
      vertex -17.6971 -17.6971 8
      vertex -17.461 -17.9041 8
    endloop
  endfacet
  facet normal 0.659248 0.751925 0
    outer loop
      vertex -17.6971 -17.6971 8
      vertex -17.461 -17.9041 0.599999
      vertex -17.6971 -17.6971 0.599999
    endloop
  endfacet
  facet normal 0.195258 -0.980752 0
    outer loop
      vertex -16.6212 18.3182 0.599999
      vertex -16.3133 18.3795 8
      vertex -16.6212 18.3182 8
    endloop
  endfacet
  facet normal 0.195258 -0.980752 0
    outer loop
      vertex -16.3133 18.3795 8
      vertex -16.6212 18.3182 0.599999
      vertex -16.3133 18.3795 0.599999
    endloop
  endfacet
  facet normal 0.0652929 -0.997866 0
    outer loop
      vertex -16.3133 18.3795 0.599999
      vertex -16 18.4 8
      vertex -16.3133 18.3795 8
    endloop
  endfacet
  facet normal 0.0652929 -0.997866 0
    outer loop
      vertex -16 18.4 8
      vertex -16.3133 18.3795 0.599999
      vertex -16 18.4 0.599999
    endloop
  endfacet
  facet normal 0.659248 -0.751925 0
    outer loop
      vertex -17.6971 17.6971 0.599999
      vertex -17.461 17.9041 8
      vertex -17.6971 17.6971 8
    endloop
  endfacet
  facet normal 0.659248 -0.751925 0
    outer loop
      vertex -17.461 17.9041 8
      vertex -17.6971 17.6971 0.599999
      vertex -17.461 17.9041 0.599999
    endloop
  endfacet
  facet normal -0.659248 0.751925 0
    outer loop
      vertex 17.6971 -17.6971 0.599999
      vertex 17.461 -17.9041 8
      vertex 17.6971 -17.6971 8
    endloop
  endfacet
  facet normal -0.659248 0.751925 0
    outer loop
      vertex 17.461 -17.9041 8
      vertex 17.6971 -17.6971 0.599999
      vertex 17.461 -17.9041 0.599999
    endloop
  endfacet
  facet normal -1 0 0
    outer loop
      vertex 18.4 -16 0.599999
      vertex 18.4 16 8
      vertex 18.4 16 0.599999
    endloop
  endfacet
  facet normal -1 -0 0
    outer loop
      vertex 18.4 16 8
      vertex 18.4 -16 0.599999
      vertex 18.4 -16 8
    endloop
  endfacet
  facet normal -0.659248 -0.751925 0
    outer loop
      vertex 17.461 17.9041 0.599999
      vertex 17.6971 17.6971 8
      vertex 17.461 17.9041 8
    endloop
  endfacet
  facet normal -0.659248 -0.751925 -0
    outer loop
      vertex 17.6971 17.6971 8
      vertex 17.461 17.9041 0.599999
      vertex 17.6971 17.6971 0.599999
    endloop
  endfacet
  facet normal 0.751925 0.659248 0
    outer loop
      vertex -17.6971 -17.6971 8
      vertex -17.9041 -17.461 0.599999
      vertex -17.9041 -17.461 8
    endloop
  endfacet
  facet normal 0.751925 0.659248 0
    outer loop
      vertex -17.9041 -17.461 0.599999
      vertex -17.6971 -17.6971 8
      vertex -17.6971 -17.6971 0.599999
    endloop
  endfacet
  facet normal 0.980752 -0.195258 0
    outer loop
      vertex -18.3795 16.3133 8
      vertex -18.3182 16.6212 0.599999
      vertex -18.3182 16.6212 8
    endloop
  endfacet
  facet normal 0.980752 -0.195258 0
    outer loop
      vertex -18.3182 16.6212 0.599999
      vertex -18.3795 16.3133 8
      vertex -18.3795 16.3133 0.599999
    endloop
  endfacet
  facet normal -0.997866 -0.0652929 0
    outer loop
      vertex 18.4 16 0.599999
      vertex 18.3795 16.3133 8
      vertex 18.3795 16.3133 0.599999
    endloop
  endfacet
  facet normal -0.997866 -0.0652929 0
    outer loop
      vertex 18.3795 16.3133 8
      vertex 18.4 16 0.599999
      vertex 18.4 16 8
    endloop
  endfacet
  facet normal 0.831462 0.555582 0
    outer loop
      vertex -17.9041 -17.461 8
      vertex -18.0785 -17.2 0.599999
      vertex -18.0785 -17.2 8
    endloop
  endfacet
  facet normal 0.831462 0.555582 0
    outer loop
      vertex -18.0785 -17.2 0.599999
      vertex -17.9041 -17.461 8
      vertex -17.9041 -17.461 0.599999
    endloop
  endfacet
  facet normal 0.896961 -0.44211 0
    outer loop
      vertex -18.2173 16.9184 8
      vertex -18.0785 17.2 0.599999
      vertex -18.0785 17.2 8
    endloop
  endfacet
  facet normal 0.896961 -0.44211 0
    outer loop
      vertex -18.0785 17.2 0.599999
      vertex -18.2173 16.9184 8
      vertex -18.2173 16.9184 0.599999
    endloop
  endfacet
  facet normal 0.555582 -0.831462 0
    outer loop
      vertex -17.461 17.9041 0.599999
      vertex -17.2 18.0785 8
      vertex -17.461 17.9041 8
    endloop
  endfacet
  facet normal 0.555582 -0.831462 0
    outer loop
      vertex -17.2 18.0785 8
      vertex -17.461 17.9041 0.599999
      vertex -17.2 18.0785 0.599999
    endloop
  endfacet
  facet normal 0.555582 0.831462 -0
    outer loop
      vertex -17.2 -18.0785 0.599999
      vertex -17.461 -17.9041 8
      vertex -17.2 -18.0785 8
    endloop
  endfacet
  facet normal 0.555582 0.831462 0
    outer loop
      vertex -17.461 -17.9041 8
      vertex -17.2 -18.0785 0.599999
      vertex -17.461 -17.9041 0.599999
    endloop
  endfacet
  facet normal -0.32148 -0.946916 0
    outer loop
      vertex 16.6212 18.3182 0.599999
      vertex 16.9184 18.2173 8
      vertex 16.6212 18.3182 8
    endloop
  endfacet
  facet normal -0.32148 -0.946916 -0
    outer loop
      vertex 16.9184 18.2173 8
      vertex 16.6212 18.3182 0.599999
      vertex 16.9184 18.2173 0.599999
    endloop
  endfacet
  facet normal -0.555582 -0.831462 0
    outer loop
      vertex 17.2 18.0785 0.599999
      vertex 17.461 17.9041 8
      vertex 17.2 18.0785 8
    endloop
  endfacet
  facet normal -0.555582 -0.831462 -0
    outer loop
      vertex 17.461 17.9041 8
      vertex 17.2 18.0785 0.599999
      vertex 17.461 17.9041 0.599999
    endloop
  endfacet
  facet normal 0.831462 -0.555582 0
    outer loop
      vertex -18.0785 17.2 8
      vertex -17.9041 17.461 0.599999
      vertex -17.9041 17.461 8
    endloop
  endfacet
  facet normal 0.831462 -0.555582 0
    outer loop
      vertex -17.9041 17.461 0.599999
      vertex -18.0785 17.2 8
      vertex -18.0785 17.2 0.599999
    endloop
  endfacet
  facet normal 0.980752 0.195258 0
    outer loop
      vertex -18.3182 -16.6212 8
      vertex -18.3795 -16.3133 0.599999
      vertex -18.3795 -16.3133 8
    endloop
  endfacet
  facet normal 0.980752 0.195258 0
    outer loop
      vertex -18.3795 -16.3133 0.599999
      vertex -18.3182 -16.6212 8
      vertex -18.3182 -16.6212 0.599999
    endloop
  endfacet
  facet normal -0.32148 0.946916 0
    outer loop
      vertex 16.9184 -18.2173 0.599999
      vertex 16.6212 -18.3182 8
      vertex 16.9184 -18.2173 8
    endloop
  endfacet
  facet normal -0.32148 0.946916 0
    outer loop
      vertex 16.6212 -18.3182 8
      vertex 16.9184 -18.2173 0.599999
      vertex 16.6212 -18.3182 0.599999
    endloop
  endfacet
  facet normal 0.751925 -0.659248 0
    outer loop
      vertex -17.9041 17.461 8
      vertex -17.6971 17.6971 0.599999
      vertex -17.6971 17.6971 8
    endloop
  endfacet
  facet normal 0.751925 -0.659248 0
    outer loop
      vertex -17.6971 17.6971 0.599999
      vertex -17.9041 17.461 8
      vertex -17.9041 17.461 0.599999
    endloop
  endfacet
  facet normal 0.896961 0.44211 0
    outer loop
      vertex -18.0785 -17.2 8
      vertex -18.2173 -16.9184 0.599999
      vertex -18.2173 -16.9184 8
    endloop
  endfacet
  facet normal 0.896961 0.44211 0
    outer loop
      vertex -18.2173 -16.9184 0.599999
      vertex -18.0785 -17.2 8
      vertex -18.0785 -17.2 0.599999
    endloop
  endfacet
  facet normal -0.896961 0.44211 0
    outer loop
      vertex 18.0785 -17.2 0.599999
      vertex 18.2173 -16.9184 8
      vertex 18.2173 -16.9184 0.599999
    endloop
  endfacet
  facet normal -0.896961 0.44211 0
    outer loop
      vertex 18.2173 -16.9184 8
      vertex 18.0785 -17.2 0.599999
      vertex 18.0785 -17.2 8
    endloop
  endfacet
  facet normal 0.946916 0.32148 0
    outer loop
      vertex -18.2173 -16.9184 8
      vertex -18.3182 -16.6212 0.599999
      vertex -18.3182 -16.6212 8
    endloop
  endfacet
  facet normal 0.946916 0.32148 0
    outer loop
      vertex -18.3182 -16.6212 0.599999
      vertex -18.2173 -16.9184 8
      vertex -18.2173 -16.9184 0.599999
    endloop
  endfacet
  facet normal -0.896961 -0.44211 0
    outer loop
      vertex 18.2173 16.9184 0.599999
      vertex 18.0785 17.2 8
      vertex 18.0785 17.2 0.599999
    endloop
  endfacet
  facet normal -0.896961 -0.44211 0
    outer loop
      vertex 18.0785 17.2 8
      vertex 18.2173 16.9184 0.599999
      vertex 18.2173 16.9184 8
    endloop
  endfacet
  facet normal -0.195258 0.980752 0
    outer loop
      vertex 16.6212 -18.3182 0.599999
      vertex 16.3133 -18.3795 8
      vertex 16.6212 -18.3182 8
    endloop
  endfacet
  facet normal -0.195258 0.980752 0
    outer loop
      vertex 16.3133 -18.3795 8
      vertex 16.6212 -18.3182 0.599999
      vertex 16.3133 -18.3795 0.599999
    endloop
  endfacet
  facet normal -0.751925 -0.659248 0
    outer loop
      vertex 17.9041 17.461 0.599999
      vertex 17.6971 17.6971 8
      vertex 17.6971 17.6971 0.599999
    endloop
  endfacet
  facet normal -0.751925 -0.659248 0
    outer loop
      vertex 17.6971 17.6971 8
      vertex 17.9041 17.461 0.599999
      vertex 17.9041 17.461 8
    endloop
  endfacet
  facet normal -0.980752 0.195258 0
    outer loop
      vertex 18.3182 -16.6212 0.599999
      vertex 18.3795 -16.3133 8
      vertex 18.3795 -16.3133 0.599999
    endloop
  endfacet
  facet normal -0.980752 0.195258 0
    outer loop
      vertex 18.3795 -16.3133 8
      vertex 18.3182 -16.6212 0.599999
      vertex 18.3182 -16.6212 8
    endloop
  endfacet
  facet normal -0.831462 0.555582 0
    outer loop
      vertex 17.9041 -17.461 0.599999
      vertex 18.0785 -17.2 8
      vertex 18.0785 -17.2 0.599999
    endloop
  endfacet
  facet normal -0.831462 0.555582 0
    outer loop
      vertex 18.0785 -17.2 8
      vertex 17.9041 -17.461 0.599999
      vertex 17.9041 -17.461 8
    endloop
  endfacet
  facet normal -0.44211 0.896961 0
    outer loop
      vertex 17.2 -18.0785 0.599999
      vertex 16.9184 -18.2173 8
      vertex 17.2 -18.0785 8
    endloop
  endfacet
  facet normal -0.44211 0.896961 0
    outer loop
      vertex 16.9184 -18.2173 8
      vertex 17.2 -18.0785 0.599999
      vertex 16.9184 -18.2173 0.599999
    endloop
  endfacet
  facet normal -0.831462 -0.555582 0
    outer loop
      vertex 18.0785 17.2 0.599999
      vertex 17.9041 17.461 8
      vertex 17.9041 17.461 0.599999
    endloop
  endfacet
  facet normal -0.831462 -0.555582 0
    outer loop
      vertex 17.9041 17.461 8
      vertex 18.0785 17.2 0.599999
      vertex 18.0785 17.2 8
    endloop
  endfacet
  facet normal 0.555617 -0.831438 0
    outer loop
      vertex -14.55 -17.9651 0.599999
      vertex -14.2781 -17.7834 8
      vertex -14.55 -17.9651 8
    endloop
  endfacet
  facet normal 0.555617 -0.831438 0
    outer loop
      vertex -14.2781 -17.7834 8
      vertex -14.55 -17.9651 0.599999
      vertex -14.2781 -17.7834 0.599999
    endloop
  endfacet
  facet normal 0.751913 -0.659262 0
    outer loop
      vertex -14.0322 -17.5678 8
      vertex -13.8166 -17.3219 0.599999
      vertex -13.8166 -17.3219 8
    endloop
  endfacet
  facet normal 0.751913 -0.659262 0
    outer loop
      vertex -13.8166 -17.3219 0.599999
      vertex -14.0322 -17.5678 8
      vertex -14.0322 -17.5678 0.599999
    endloop
  endfacet
  facet normal 0.896921 0.442191 0
    outer loop
      vertex -13.4903 -14.8433 8
      vertex -13.6349 -14.55 0.599999
      vertex -13.6349 -14.55 8
    endloop
  endfacet
  facet normal 0.896921 0.442191 0
    outer loop
      vertex -13.6349 -14.55 0.599999
      vertex -13.4903 -14.8433 8
      vertex -13.4903 -14.8433 0.599999
    endloop
  endfacet
  facet normal 0.831438 0.555617 0
    outer loop
      vertex -13.6349 -14.55 8
      vertex -13.8166 -14.2781 0.599999
      vertex -13.8166 -14.2781 8
    endloop
  endfacet
  facet normal 0.831438 0.555617 0
    outer loop
      vertex -13.8166 -14.2781 0.599999
      vertex -13.6349 -14.55 8
      vertex -13.6349 -14.55 0.599999
    endloop
  endfacet
  facet normal 0.98078 0.195116 0
    outer loop
      vertex -13.3214 -15.4737 8
      vertex -13.3852 -15.153 0.599999
      vertex -13.3852 -15.153 8
    endloop
  endfacet
  facet normal 0.98078 0.195116 0
    outer loop
      vertex -13.3852 -15.153 0.599999
      vertex -13.3214 -15.4737 8
      vertex -13.3214 -15.4737 0.599999
    endloop
  endfacet
  facet normal 0.659262 0.751913 -0
    outer loop
      vertex -14.0322 -14.0322 0.599999
      vertex -14.2781 -13.8166 8
      vertex -14.0322 -14.0322 8
    endloop
  endfacet
  facet normal 0.659262 0.751913 0
    outer loop
      vertex -14.2781 -13.8166 8
      vertex -14.0322 -14.0322 0.599999
      vertex -14.2781 -13.8166 0.599999
    endloop
  endfacet
  facet normal 0.195116 0.98078 -0
    outer loop
      vertex -15.153 -13.3852 0.599999
      vertex -15.4737 -13.3214 8
      vertex -15.153 -13.3852 8
    endloop
  endfacet
  facet normal 0.195116 0.98078 0
    outer loop
      vertex -15.4737 -13.3214 8
      vertex -15.153 -13.3852 0.599999
      vertex -15.4737 -13.3214 0.599999
    endloop
  endfacet
  facet normal 0.195116 -0.98078 0
    outer loop
      vertex -15.4737 -18.2786 0.599999
      vertex -15.153 -18.2148 8
      vertex -15.4737 -18.2786 8
    endloop
  endfacet
  facet normal 0.195116 -0.98078 0
    outer loop
      vertex -15.153 -18.2148 8
      vertex -15.4737 -18.2786 0.599999
      vertex -15.153 -18.2148 0.599999
    endloop
  endfacet
  facet normal 0.997856 0.0654432 0
    outer loop
      vertex -13.3 -15.8 8
      vertex -13.3214 -15.4737 0.599999
      vertex -13.3214 -15.4737 8
    endloop
  endfacet
  facet normal 0.997856 0.0654432 0
    outer loop
      vertex -13.3214 -15.4737 0.599999
      vertex -13.3 -15.8 8
      vertex -13.3 -15.8 0.599999
    endloop
  endfacet
  facet normal -0.896921 -0.442191 0
    outer loop
      vertex -17.9651 -17.05 0.599999
      vertex -18.1097 -16.7567 8
      vertex -18.1097 -16.7567 0.599999
    endloop
  endfacet
  facet normal -0.896921 -0.442191 0
    outer loop
      vertex -18.1097 -16.7567 8
      vertex -17.9651 -17.05 0.599999
      vertex -17.9651 -17.05 8
    endloop
  endfacet
  facet normal -0.997856 0.0654432 0
    outer loop
      vertex -18.3 -15.8 0.599999
      vertex -18.2786 -15.4737 8
      vertex -18.2786 -15.4737 0.599999
    endloop
  endfacet
  facet normal -0.997856 0.0654432 0
    outer loop
      vertex -18.2786 -15.4737 8
      vertex -18.3 -15.8 0.599999
      vertex -18.3 -15.8 8
    endloop
  endfacet
  facet normal -0.195116 0.98078 0
    outer loop
      vertex -16.1263 -13.3214 0.599999
      vertex -16.447 -13.3852 8
      vertex -16.1263 -13.3214 8
    endloop
  endfacet
  facet normal -0.195116 0.98078 0
    outer loop
      vertex -16.447 -13.3852 8
      vertex -16.1263 -13.3214 0.599999
      vertex -16.447 -13.3852 0.599999
    endloop
  endfacet
  facet normal -0.997856 -0.0654432 0
    outer loop
      vertex -18.2786 -16.1263 0.599999
      vertex -18.3 -15.8 8
      vertex -18.3 -15.8 0.599999
    endloop
  endfacet
  facet normal -0.997856 -0.0654432 0
    outer loop
      vertex -18.3 -15.8 8
      vertex -18.2786 -16.1263 0.599999
      vertex -18.2786 -16.1263 8
    endloop
  endfacet
  facet normal 0.0654432 0.997856 -0
    outer loop
      vertex -15.4737 -13.3214 0.599999
      vertex -15.8 -13.3 8
      vertex -15.4737 -13.3214 8
    endloop
  endfacet
  facet normal 0.0654432 0.997856 0
    outer loop
      vertex -15.8 -13.3 8
      vertex -15.4737 -13.3214 0.599999
      vertex -15.8 -13.3 0.599999
    endloop
  endfacet
  facet normal 0.946957 -0.32136 0
    outer loop
      vertex -13.4903 -16.7567 8
      vertex -13.3852 -16.447 0.599999
      vertex -13.3852 -16.447 8
    endloop
  endfacet
  facet normal 0.946957 -0.32136 0
    outer loop
      vertex -13.3852 -16.447 0.599999
      vertex -13.4903 -16.7567 8
      vertex -13.4903 -16.7567 0.599999
    endloop
  endfacet
  facet normal -0.831438 0.555617 0
    outer loop
      vertex -17.9651 -14.55 0.599999
      vertex -17.7834 -14.2781 8
      vertex -17.7834 -14.2781 0.599999
    endloop
  endfacet
  facet normal -0.831438 0.555617 0
    outer loop
      vertex -17.7834 -14.2781 8
      vertex -17.9651 -14.55 0.599999
      vertex -17.9651 -14.55 8
    endloop
  endfacet
  facet normal -0.659262 0.751913 0
    outer loop
      vertex -17.3219 -13.8166 0.599999
      vertex -17.5678 -14.0322 8
      vertex -17.3219 -13.8166 8
    endloop
  endfacet
  facet normal -0.659262 0.751913 0
    outer loop
      vertex -17.5678 -14.0322 8
      vertex -17.3219 -13.8166 0.599999
      vertex -17.5678 -14.0322 0.599999
    endloop
  endfacet
  facet normal 0.751913 0.659262 0
    outer loop
      vertex -13.8166 -14.2781 8
      vertex -14.0322 -14.0322 0.599999
      vertex -14.0322 -14.0322 8
    endloop
  endfacet
  facet normal 0.751913 0.659262 0
    outer loop
      vertex -14.0322 -14.0322 0.599999
      vertex -13.8166 -14.2781 8
      vertex -13.8166 -14.2781 0.599999
    endloop
  endfacet
  facet normal 0.32136 -0.946957 0
    outer loop
      vertex -15.153 -18.2148 0.599999
      vertex -14.8433 -18.1097 8
      vertex -15.153 -18.2148 8
    endloop
  endfacet
  facet normal 0.32136 -0.946957 0
    outer loop
      vertex -14.8433 -18.1097 8
      vertex -15.153 -18.2148 0.599999
      vertex -14.8433 -18.1097 0.599999
    endloop
  endfacet
  facet normal -0.32136 0.946957 0
    outer loop
      vertex -16.447 -13.3852 0.599999
      vertex -16.7567 -13.4903 8
      vertex -16.447 -13.3852 8
    endloop
  endfacet
  facet normal -0.32136 0.946957 0
    outer loop
      vertex -16.7567 -13.4903 8
      vertex -16.447 -13.3852 0.599999
      vertex -16.7567 -13.4903 0.599999
    endloop
  endfacet
  facet normal 0.32136 0.946957 -0
    outer loop
      vertex -14.8433 -13.4903 0.599999
      vertex -15.153 -13.3852 8
      vertex -14.8433 -13.4903 8
    endloop
  endfacet
  facet normal 0.32136 0.946957 0
    outer loop
      vertex -15.153 -13.3852 8
      vertex -14.8433 -13.4903 0.599999
      vertex -15.153 -13.3852 0.599999
    endloop
  endfacet
  facet normal -0.195116 -0.98078 0
    outer loop
      vertex -16.447 -18.2148 0.599999
      vertex -16.1263 -18.2786 8
      vertex -16.447 -18.2148 8
    endloop
  endfacet
  facet normal -0.195116 -0.98078 -0
    outer loop
      vertex -16.1263 -18.2786 8
      vertex -16.447 -18.2148 0.599999
      vertex -16.1263 -18.2786 0.599999
    endloop
  endfacet
  facet normal 0.0654432 -0.997856 0
    outer loop
      vertex -15.8 -18.3 0.599999
      vertex -15.4737 -18.2786 8
      vertex -15.8 -18.3 8
    endloop
  endfacet
  facet normal 0.0654432 -0.997856 0
    outer loop
      vertex -15.4737 -18.2786 8
      vertex -15.8 -18.3 0.599999
      vertex -15.4737 -18.2786 0.599999
    endloop
  endfacet
  facet normal -0.0654432 -0.997856 0
    outer loop
      vertex -16.1263 -18.2786 0.599999
      vertex -15.8 -18.3 8
      vertex -16.1263 -18.2786 8
    endloop
  endfacet
  facet normal -0.0654432 -0.997856 -0
    outer loop
      vertex -15.8 -18.3 8
      vertex -16.1263 -18.2786 0.599999
      vertex -15.8 -18.3 0.599999
    endloop
  endfacet
  facet normal 0.442191 -0.896921 0
    outer loop
      vertex -14.8433 -18.1097 0.599999
      vertex -14.55 -17.9651 8
      vertex -14.8433 -18.1097 8
    endloop
  endfacet
  facet normal 0.442191 -0.896921 0
    outer loop
      vertex -14.55 -17.9651 8
      vertex -14.8433 -18.1097 0.599999
      vertex -14.55 -17.9651 0.599999
    endloop
  endfacet
  facet normal 0.442191 0.896921 -0
    outer loop
      vertex -14.55 -13.6349 0.599999
      vertex -14.8433 -13.4903 8
      vertex -14.55 -13.6349 8
    endloop
  endfacet
  facet normal 0.442191 0.896921 0
    outer loop
      vertex -14.8433 -13.4903 8
      vertex -14.55 -13.6349 0.599999
      vertex -14.8433 -13.4903 0.599999
    endloop
  endfacet
  facet normal 0.555617 0.831438 -0
    outer loop
      vertex -14.2781 -13.8166 0.599999
      vertex -14.55 -13.6349 8
      vertex -14.2781 -13.8166 8
    endloop
  endfacet
  facet normal 0.555617 0.831438 0
    outer loop
      vertex -14.55 -13.6349 8
      vertex -14.2781 -13.8166 0.599999
      vertex -14.55 -13.6349 0.599999
    endloop
  endfacet
  facet normal -0.946957 -0.32136 0
    outer loop
      vertex -18.1097 -16.7567 0.599999
      vertex -18.2148 -16.447 8
      vertex -18.2148 -16.447 0.599999
    endloop
  endfacet
  facet normal -0.946957 -0.32136 0
    outer loop
      vertex -18.2148 -16.447 8
      vertex -18.1097 -16.7567 0.599999
      vertex -18.1097 -16.7567 8
    endloop
  endfacet
  facet normal 0.831438 -0.555617 0
    outer loop
      vertex -13.8166 -17.3219 8
      vertex -13.6349 -17.05 0.599999
      vertex -13.6349 -17.05 8
    endloop
  endfacet
  facet normal 0.831438 -0.555617 0
    outer loop
      vertex -13.6349 -17.05 0.599999
      vertex -13.8166 -17.3219 8
      vertex -13.8166 -17.3219 0.599999
    endloop
  endfacet
  facet normal -0.98078 0.195116 0
    outer loop
      vertex -18.2786 -15.4737 0.599999
      vertex -18.2148 -15.153 8
      vertex -18.2148 -15.153 0.599999
    endloop
  endfacet
  facet normal -0.98078 0.195116 0
    outer loop
      vertex -18.2148 -15.153 8
      vertex -18.2786 -15.4737 0.599999
      vertex -18.2786 -15.4737 8
    endloop
  endfacet
  facet normal 0.896921 -0.442191 0
    outer loop
      vertex -13.6349 -17.05 8
      vertex -13.4903 -16.7567 0.599999
      vertex -13.4903 -16.7567 8
    endloop
  endfacet
  facet normal 0.896921 -0.442191 0
    outer loop
      vertex -13.4903 -16.7567 0.599999
      vertex -13.6349 -17.05 8
      vertex -13.6349 -17.05 0.599999
    endloop
  endfacet
  facet normal 0.946957 0.32136 0
    outer loop
      vertex -13.3852 -15.153 8
      vertex -13.4903 -14.8433 0.599999
      vertex -13.4903 -14.8433 8
    endloop
  endfacet
  facet normal 0.946957 0.32136 0
    outer loop
      vertex -13.4903 -14.8433 0.599999
      vertex -13.3852 -15.153 8
      vertex -13.3852 -15.153 0.599999
    endloop
  endfacet
  facet normal -0.751913 -0.659262 0
    outer loop
      vertex -17.5678 -17.5678 0.599999
      vertex -17.7834 -17.3219 8
      vertex -17.7834 -17.3219 0.599999
    endloop
  endfacet
  facet normal -0.751913 -0.659262 0
    outer loop
      vertex -17.7834 -17.3219 8
      vertex -17.5678 -17.5678 0.599999
      vertex -17.5678 -17.5678 8
    endloop
  endfacet
  facet normal 0.659262 -0.751913 0
    outer loop
      vertex -14.2781 -17.7834 0.599999
      vertex -14.0322 -17.5678 8
      vertex -14.2781 -17.7834 8
    endloop
  endfacet
  facet normal 0.659262 -0.751913 0
    outer loop
      vertex -14.0322 -17.5678 8
      vertex -14.2781 -17.7834 0.599999
      vertex -14.0322 -17.5678 0.599999
    endloop
  endfacet
  facet normal -0.555617 0.831438 0
    outer loop
      vertex -17.05 -13.6349 0.599999
      vertex -17.3219 -13.8166 8
      vertex -17.05 -13.6349 8
    endloop
  endfacet
  facet normal -0.555617 0.831438 0
    outer loop
      vertex -17.3219 -13.8166 8
      vertex -17.05 -13.6349 0.599999
      vertex -17.3219 -13.8166 0.599999
    endloop
  endfacet
  facet normal -0.0654432 0.997856 0
    outer loop
      vertex -15.8 -13.3 0.599999
      vertex -16.1263 -13.3214 8
      vertex -15.8 -13.3 8
    endloop
  endfacet
  facet normal -0.0654432 0.997856 0
    outer loop
      vertex -16.1263 -13.3214 8
      vertex -15.8 -13.3 0.599999
      vertex -16.1263 -13.3214 0.599999
    endloop
  endfacet
  facet normal -0.442191 0.896921 0
    outer loop
      vertex -16.7567 -13.4903 0.599999
      vertex -17.05 -13.6349 8
      vertex -16.7567 -13.4903 8
    endloop
  endfacet
  facet normal -0.442191 0.896921 0
    outer loop
      vertex -17.05 -13.6349 8
      vertex -16.7567 -13.4903 0.599999
      vertex -17.05 -13.6349 0.599999
    endloop
  endfacet
  facet normal -0.831438 -0.555617 0
    outer loop
      vertex -17.7834 -17.3219 0.599999
      vertex -17.9651 -17.05 8
      vertex -17.9651 -17.05 0.599999
    endloop
  endfacet
  facet normal -0.831438 -0.555617 0
    outer loop
      vertex -17.9651 -17.05 8
      vertex -17.7834 -17.3219 0.599999
      vertex -17.7834 -17.3219 8
    endloop
  endfacet
  facet normal -0.555617 -0.831438 0
    outer loop
      vertex -17.3219 -17.7834 0.599999
      vertex -17.05 -17.9651 8
      vertex -17.3219 -17.7834 8
    endloop
  endfacet
  facet normal -0.555617 -0.831438 -0
    outer loop
      vertex -17.05 -17.9651 8
      vertex -17.3219 -17.7834 0.599999
      vertex -17.05 -17.9651 0.599999
    endloop
  endfacet
  facet normal 0.997856 -0.0654432 0
    outer loop
      vertex -13.3214 -16.1263 8
      vertex -13.3 -15.8 0.599999
      vertex -13.3 -15.8 8
    endloop
  endfacet
  facet normal 0.997856 -0.0654432 0
    outer loop
      vertex -13.3 -15.8 0.599999
      vertex -13.3214 -16.1263 8
      vertex -13.3214 -16.1263 0.599999
    endloop
  endfacet
  facet normal 0.98078 -0.195116 0
    outer loop
      vertex -13.3852 -16.447 8
      vertex -13.3214 -16.1263 0.599999
      vertex -13.3214 -16.1263 8
    endloop
  endfacet
  facet normal 0.98078 -0.195116 0
    outer loop
      vertex -13.3214 -16.1263 0.599999
      vertex -13.3852 -16.447 8
      vertex -13.3852 -16.447 0.599999
    endloop
  endfacet
  facet normal -0.98078 -0.195116 0
    outer loop
      vertex -18.2148 -16.447 0.599999
      vertex -18.2786 -16.1263 8
      vertex -18.2786 -16.1263 0.599999
    endloop
  endfacet
  facet normal -0.98078 -0.195116 0
    outer loop
      vertex -18.2786 -16.1263 8
      vertex -18.2148 -16.447 0.599999
      vertex -18.2148 -16.447 8
    endloop
  endfacet
  facet normal -0.751913 0.659262 0
    outer loop
      vertex -17.7834 -14.2781 0.599999
      vertex -17.5678 -14.0322 8
      vertex -17.5678 -14.0322 0.599999
    endloop
  endfacet
  facet normal -0.751913 0.659262 0
    outer loop
      vertex -17.5678 -14.0322 8
      vertex -17.7834 -14.2781 0.599999
      vertex -17.7834 -14.2781 8
    endloop
  endfacet
  facet normal -0.946957 0.32136 0
    outer loop
      vertex -18.2148 -15.153 0.599999
      vertex -18.1097 -14.8433 8
      vertex -18.1097 -14.8433 0.599999
    endloop
  endfacet
  facet normal -0.946957 0.32136 0
    outer loop
      vertex -18.1097 -14.8433 8
      vertex -18.2148 -15.153 0.599999
      vertex -18.2148 -15.153 8
    endloop
  endfacet
  facet normal -0.896921 0.442191 0
    outer loop
      vertex -18.1097 -14.8433 0.599999
      vertex -17.9651 -14.55 8
      vertex -17.9651 -14.55 0.599999
    endloop
  endfacet
  facet normal -0.896921 0.442191 0
    outer loop
      vertex -17.9651 -14.55 8
      vertex -18.1097 -14.8433 0.599999
      vertex -18.1097 -14.8433 8
    endloop
  endfacet
  facet normal -0.659262 -0.751913 0
    outer loop
      vertex -17.5678 -17.5678 0.599999
      vertex -17.3219 -17.7834 8
      vertex -17.5678 -17.5678 8
    endloop
  endfacet
  facet normal -0.659262 -0.751913 -0
    outer loop
      vertex -17.3219 -17.7834 8
      vertex -17.5678 -17.5678 0.599999
      vertex -17.3219 -17.7834 0.599999
    endloop
  endfacet
  facet normal -0.32136 -0.946957 0
    outer loop
      vertex -16.7567 -18.1097 0.599999
      vertex -16.447 -18.2148 8
      vertex -16.7567 -18.1097 8
    endloop
  endfacet
  facet normal -0.32136 -0.946957 -0
    outer loop
      vertex -16.447 -18.2148 8
      vertex -16.7567 -18.1097 0.599999
      vertex -16.447 -18.2148 0.599999
    endloop
  endfacet
  facet normal 0 0 1
    outer loop
      vertex -15 -15.8 8
      vertex -13.3 -15.8 8
      vertex -13.3214 -15.4737 8
    endloop
  endfacet
  facet normal 0 0 1
    outer loop
      vertex -15.0068 -15.6956 8
      vertex -13.3214 -15.4737 8
      vertex -13.3852 -15.153 8
    endloop
  endfacet
  facet normal 0 0 1
    outer loop
      vertex -13.3 -15.8 8
      vertex -15 -15.8 8
      vertex -13.3214 -16.1263 8
    endloop
  endfacet
  facet normal 0 0 1
    outer loop
      vertex -15.0273 -15.5929 8
      vertex -13.3852 -15.153 8
      vertex -13.4903 -14.8433 8
    endloop
  endfacet
  facet normal -0 0 1
    outer loop
      vertex -15.0068 -15.9044 8
      vertex -13.3214 -16.1263 8
      vertex -15 -15.8 8
    endloop
  endfacet
  facet normal 0 0 1
    outer loop
      vertex -15.0609 -15.4939 8
      vertex -13.4903 -14.8433 8
      vertex -13.6349 -14.55 8
    endloop
  endfacet
  facet normal 0 0 1
    outer loop
      vertex -13.3214 -16.1263 8
      vertex -15.0068 -15.9044 8
      vertex -13.3852 -16.447 8
    endloop
  endfacet
  facet normal 0 0 1
    outer loop
      vertex -15.1072 -15.4 8
      vertex -13.6349 -14.55 8
      vertex -13.8166 -14.2781 8
    endloop
  endfacet
  facet normal -0 0 1
    outer loop
      vertex -15.0273 -16.0071 8
      vertex -13.3852 -16.447 8
      vertex -15.0068 -15.9044 8
    endloop
  endfacet
  facet normal 0 0 1
    outer loop
      vertex -15.1653 -15.313 8
      vertex -13.8166 -14.2781 8
      vertex -14.0322 -14.0322 8
    endloop
  endfacet
  facet normal 0 0 1
    outer loop
      vertex -13.3852 -16.447 8
      vertex -15.0273 -16.0071 8
      vertex -13.4903 -16.7567 8
    endloop
  endfacet
  facet normal 0 0 1
    outer loop
      vertex -15.2343 -15.2343 8
      vertex -14.0322 -14.0322 8
      vertex -14.2781 -13.8166 8
    endloop
  endfacet
  facet normal -0 0 1
    outer loop
      vertex -15.0609 -16.1061 8
      vertex -13.4903 -16.7567 8
      vertex -15.0273 -16.0071 8
    endloop
  endfacet
  facet normal 0 0 1
    outer loop
      vertex -15.313 -15.1653 8
      vertex -14.2781 -13.8166 8
      vertex -14.55 -13.6349 8
    endloop
  endfacet
  facet normal 0 0 1
    outer loop
      vertex -13.4903 -16.7567 8
      vertex -15.0609 -16.1061 8
      vertex -13.6349 -17.05 8
    endloop
  endfacet
  facet normal 0 0 1
    outer loop
      vertex -15.4 -15.1072 8
      vertex -14.55 -13.6349 8
      vertex -14.8433 -13.4903 8
    endloop
  endfacet
  facet normal -0 0 1
    outer loop
      vertex -15.1072 -16.2 8
      vertex -13.6349 -17.05 8
      vertex -15.0609 -16.1061 8
    endloop
  endfacet
  facet normal 0 0 1
    outer loop
      vertex -13.6349 -17.05 8
      vertex -15.1072 -16.2 8
      vertex -13.8166 -17.3219 8
    endloop
  endfacet
  facet normal 0 0 1
    outer loop
      vertex -13.3214 -15.4737 8
      vertex -15.0068 -15.6956 8
      vertex -15 -15.8 8
    endloop
  endfacet
  facet normal 0 0 1
    outer loop
      vertex -13.3852 -15.153 8
      vertex -15.0273 -15.5929 8
      vertex -15.0068 -15.6956 8
    endloop
  endfacet
  facet normal 0 0 1
    outer loop
      vertex -13.4903 -14.8433 8
      vertex -15.0609 -15.4939 8
      vertex -15.0273 -15.5929 8
    endloop
  endfacet
  facet normal 0 0 1
    outer loop
      vertex -13.6349 -14.55 8
      vertex -15.1072 -15.4 8
      vertex -15.0609 -15.4939 8
    endloop
  endfacet
  facet normal 0 0 1
    outer loop
      vertex -15.4939 -15.0609 8
      vertex -14.8433 -13.4903 8
      vertex -15.153 -13.3852 8
    endloop
  endfacet
  facet normal 0 0 1
    outer loop
      vertex -13.8166 -14.2781 8
      vertex -15.1653 -15.313 8
      vertex -15.1072 -15.4 8
    endloop
  endfacet
  facet normal 0 0 1
    outer loop
      vertex -14.0322 -14.0322 8
      vertex -15.2343 -15.2343 8
      vertex -15.1653 -15.313 8
    endloop
  endfacet
  facet normal 0 0 1
    outer loop
      vertex -14.2781 -13.8166 8
      vertex -15.313 -15.1653 8
      vertex -15.2343 -15.2343 8
    endloop
  endfacet
  facet normal 0 0 1
    outer loop
      vertex -14.55 -13.6349 8
      vertex -15.4 -15.1072 8
      vertex -15.313 -15.1653 8
    endloop
  endfacet
  facet normal 0 0 1
    outer loop
      vertex -15.5929 -15.0273 8
      vertex -15.153 -13.3852 8
      vertex -15.4737 -13.3214 8
    endloop
  endfacet
  facet normal 0 0 1
    outer loop
      vertex -14.8433 -13.4903 8
      vertex -15.4939 -15.0609 8
      vertex -15.4 -15.1072 8
    endloop
  endfacet
  facet normal 0 0 1
    outer loop
      vertex -15.153 -13.3852 8
      vertex -15.5929 -15.0273 8
      vertex -15.4939 -15.0609 8
    endloop
  endfacet
  facet normal 0 0 1
    outer loop
      vertex -15.4737 -13.3214 8
      vertex -15.6956 -15.0068 8
      vertex -15.5929 -15.0273 8
    endloop
  endfacet
  facet normal 0 0 1
    outer loop
      vertex -15.8 -13.3 8
      vertex -15.6956 -15.0068 8
      vertex -15.4737 -13.3214 8
    endloop
  endfacet
  facet normal 0 0 1
    outer loop
      vertex -15.8 -13.3 8
      vertex -15.8 -15 8
      vertex -15.6956 -15.0068 8
    endloop
  endfacet
  facet normal 0 0 1
    outer loop
      vertex -15.8 -13.3 8
      vertex -15.9044 -15.0068 8
      vertex -15.8 -15 8
    endloop
  endfacet
  facet normal -0 0 1
    outer loop
      vertex -16.1263 -13.3214 8
      vertex -15.9044 -15.0068 8
      vertex -15.8 -13.3 8
    endloop
  endfacet
  facet normal 0 0 1
    outer loop
      vertex -15.9044 -15.0068 8
      vertex -16.1263 -13.3214 8
      vertex -16.0071 -15.0273 8
    endloop
  endfacet
  facet normal -0 0 1
    outer loop
      vertex -16.447 -13.3852 8
      vertex -16.0071 -15.0273 8
      vertex -16.1263 -13.3214 8
    endloop
  endfacet
  facet normal 0 0 1
    outer loop
      vertex -16.0071 -15.0273 8
      vertex -16.447 -13.3852 8
      vertex -16.1061 -15.0609 8
    endloop
  endfacet
  facet normal -0 0 1
    outer loop
      vertex -16.7567 -13.4903 8
      vertex -16.1061 -15.0609 8
      vertex -16.447 -13.3852 8
    endloop
  endfacet
  facet normal 0 0 1
    outer loop
      vertex -16.1061 -15.0609 8
      vertex -16.7567 -13.4903 8
      vertex -16.2 -15.1072 8
    endloop
  endfacet
  facet normal -0 0 1
    outer loop
      vertex -17.05 -13.6349 8
      vertex -16.2 -15.1072 8
      vertex -16.7567 -13.4903 8
    endloop
  endfacet
  facet normal 0 0 1
    outer loop
      vertex -16.2 -15.1072 8
      vertex -17.05 -13.6349 8
      vertex -16.287 -15.1653 8
    endloop
  endfacet
  facet normal -0 0 1
    outer loop
      vertex -17.3219 -13.8166 8
      vertex -16.287 -15.1653 8
      vertex -17.05 -13.6349 8
    endloop
  endfacet
  facet normal 0 0 1
    outer loop
      vertex -16.287 -15.1653 8
      vertex -17.3219 -13.8166 8
      vertex -16.3657 -15.2343 8
    endloop
  endfacet
  facet normal -0 0 1
    outer loop
      vertex -17.5678 -14.0322 8
      vertex -16.3657 -15.2343 8
      vertex -17.3219 -13.8166 8
    endloop
  endfacet
  facet normal 0 0 1
    outer loop
      vertex -16.3657 -15.2343 8
      vertex -17.5678 -14.0322 8
      vertex -16.4347 -15.313 8
    endloop
  endfacet
  facet normal -0 0 1
    outer loop
      vertex -17.7834 -14.2781 8
      vertex -16.4347 -15.313 8
      vertex -17.5678 -14.0322 8
    endloop
  endfacet
  facet normal 0 0 1
    outer loop
      vertex -16.4347 -15.313 8
      vertex -17.7834 -14.2781 8
      vertex -16.4928 -15.4 8
    endloop
  endfacet
  facet normal -0 0 1
    outer loop
      vertex -15.1653 -16.287 8
      vertex -13.8166 -17.3219 8
      vertex -15.1072 -16.2 8
    endloop
  endfacet
  facet normal 0 0 1
    outer loop
      vertex -13.8166 -17.3219 8
      vertex -15.1653 -16.287 8
      vertex -14.0322 -17.5678 8
    endloop
  endfacet
  facet normal -0 0 1
    outer loop
      vertex -15.2343 -16.3657 8
      vertex -14.0322 -17.5678 8
      vertex -15.1653 -16.287 8
    endloop
  endfacet
  facet normal 0 0 1
    outer loop
      vertex -14.0322 -17.5678 8
      vertex -15.2343 -16.3657 8
      vertex -14.2781 -17.7834 8
    endloop
  endfacet
  facet normal -0 0 1
    outer loop
      vertex -15.313 -16.4347 8
      vertex -14.2781 -17.7834 8
      vertex -15.2343 -16.3657 8
    endloop
  endfacet
  facet normal 0 0 1
    outer loop
      vertex -14.2781 -17.7834 8
      vertex -15.313 -16.4347 8
      vertex -14.55 -17.9651 8
    endloop
  endfacet
  facet normal -0 0 1
    outer loop
      vertex -15.4 -16.4928 8
      vertex -14.55 -17.9651 8
      vertex -15.313 -16.4347 8
    endloop
  endfacet
  facet normal 0 0 1
    outer loop
      vertex -14.55 -17.9651 8
      vertex -15.4 -16.4928 8
      vertex -14.8433 -18.1097 8
    endloop
  endfacet
  facet normal -0 0 1
    outer loop
      vertex -15.4939 -16.5391 8
      vertex -14.8433 -18.1097 8
      vertex -15.4 -16.4928 8
    endloop
  endfacet
  facet normal 0 0 1
    outer loop
      vertex -14.8433 -18.1097 8
      vertex -15.4939 -16.5391 8
      vertex -15.153 -18.2148 8
    endloop
  endfacet
  facet normal -0 0 1
    outer loop
      vertex -15.5929 -16.5727 8
      vertex -15.153 -18.2148 8
      vertex -15.4939 -16.5391 8
    endloop
  endfacet
  facet normal 0 0 1
    outer loop
      vertex -15.153 -18.2148 8
      vertex -15.5929 -16.5727 8
      vertex -15.4737 -18.2786 8
    endloop
  endfacet
  facet normal -0 0 1
    outer loop
      vertex -15.6956 -16.5932 8
      vertex -15.4737 -18.2786 8
      vertex -15.5929 -16.5727 8
    endloop
  endfacet
  facet normal -0 0 1
    outer loop
      vertex -15.8 -16.6 8
      vertex -15.4737 -18.2786 8
      vertex -15.6956 -16.5932 8
    endloop
  endfacet
  facet normal 0 0 1
    outer loop
      vertex -15.8 -16.6 8
      vertex -15.8 -18.3 8
      vertex -15.4737 -18.2786 8
    endloop
  endfacet
  facet normal 0 0 1
    outer loop
      vertex -15.9044 -16.5932 8
      vertex -15.8 -18.3 8
      vertex -15.8 -16.6 8
    endloop
  endfacet
  facet normal 0 0 1
    outer loop
      vertex -16.1263 -18.2786 8
      vertex -15.9044 -16.5932 8
      vertex -16.0071 -16.5727 8
    endloop
  endfacet
  facet normal 0 0 1
    outer loop
      vertex -16.447 -18.2148 8
      vertex -16.0071 -16.5727 8
      vertex -16.1061 -16.5391 8
    endloop
  endfacet
  facet normal 0 0 1
    outer loop
      vertex -15.9044 -16.5932 8
      vertex -16.1263 -18.2786 8
      vertex -15.8 -18.3 8
    endloop
  endfacet
  facet normal 0 0 1
    outer loop
      vertex -16.7567 -18.1097 8
      vertex -16.1061 -16.5391 8
      vertex -16.2 -16.4928 8
    endloop
  endfacet
  facet normal 0 0 1
    outer loop
      vertex -17.05 -17.9651 8
      vertex -16.2 -16.4928 8
      vertex -16.287 -16.4347 8
    endloop
  endfacet
  facet normal 0 0 1
    outer loop
      vertex -17.3219 -17.7834 8
      vertex -16.287 -16.4347 8
      vertex -16.3657 -16.3657 8
    endloop
  endfacet
  facet normal 0 0 1
    outer loop
      vertex -17.5678 -17.5678 8
      vertex -16.3657 -16.3657 8
      vertex -16.4347 -16.287 8
    endloop
  endfacet
  facet normal 0 0 1
    outer loop
      vertex -16.0071 -16.5727 8
      vertex -16.447 -18.2148 8
      vertex -16.1263 -18.2786 8
    endloop
  endfacet
  facet normal 0 0 1
    outer loop
      vertex -17.7834 -17.3219 8
      vertex -16.4347 -16.287 8
      vertex -16.4928 -16.2 8
    endloop
  endfacet
  facet normal 0 0 1
    outer loop
      vertex -17.9651 -17.05 8
      vertex -16.4928 -16.2 8
      vertex -16.5391 -16.1061 8
    endloop
  endfacet
  facet normal 0 0 1
    outer loop
      vertex -18.1097 -16.7567 8
      vertex -16.5391 -16.1061 8
      vertex -16.5727 -16.0071 8
    endloop
  endfacet
  facet normal 0 0 1
    outer loop
      vertex -18.2148 -16.447 8
      vertex -16.5727 -16.0071 8
      vertex -16.5932 -15.9044 8
    endloop
  endfacet
  facet normal 0 0 1
    outer loop
      vertex -18.2786 -16.1263 8
      vertex -16.5932 -15.9044 8
      vertex -16.6 -15.8 8
    endloop
  endfacet
  facet normal -0 0 1
    outer loop
      vertex -17.9651 -14.55 8
      vertex -16.4928 -15.4 8
      vertex -17.7834 -14.2781 8
    endloop
  endfacet
  facet normal 0 0 1
    outer loop
      vertex -16.1061 -16.5391 8
      vertex -16.7567 -18.1097 8
      vertex -16.447 -18.2148 8
    endloop
  endfacet
  facet normal 0 0 1
    outer loop
      vertex -16.4928 -15.4 8
      vertex -17.9651 -14.55 8
      vertex -16.5391 -15.4939 8
    endloop
  endfacet
  facet normal 0 0 1
    outer loop
      vertex -16.2 -16.4928 8
      vertex -17.05 -17.9651 8
      vertex -16.7567 -18.1097 8
    endloop
  endfacet
  facet normal -0 0 1
    outer loop
      vertex -18.1097 -14.8433 8
      vertex -16.5391 -15.4939 8
      vertex -17.9651 -14.55 8
    endloop
  endfacet
  facet normal 0 0 1
    outer loop
      vertex -16.287 -16.4347 8
      vertex -17.3219 -17.7834 8
      vertex -17.05 -17.9651 8
    endloop
  endfacet
  facet normal 0 0 1
    outer loop
      vertex -16.5391 -15.4939 8
      vertex -18.1097 -14.8433 8
      vertex -16.5727 -15.5929 8
    endloop
  endfacet
  facet normal 0 0 1
    outer loop
      vertex -16.3657 -16.3657 8
      vertex -17.5678 -17.5678 8
      vertex -17.3219 -17.7834 8
    endloop
  endfacet
  facet normal -0 0 1
    outer loop
      vertex -18.2148 -15.153 8
      vertex -16.5727 -15.5929 8
      vertex -18.1097 -14.8433 8
    endloop
  endfacet
  facet normal 0 0 1
    outer loop
      vertex -16.4347 -16.287 8
      vertex -17.7834 -17.3219 8
      vertex -17.5678 -17.5678 8
    endloop
  endfacet
  facet normal 0 0 1
    outer loop
      vertex -16.5727 -15.5929 8
      vertex -18.2148 -15.153 8
      vertex -16.5932 -15.6956 8
    endloop
  endfacet
  facet normal 0 0 1
    outer loop
      vertex -16.4928 -16.2 8
      vertex -17.9651 -17.05 8
      vertex -17.7834 -17.3219 8
    endloop
  endfacet
  facet normal -0 0 1
    outer loop
      vertex -18.2786 -15.4737 8
      vertex -16.5932 -15.6956 8
      vertex -18.2148 -15.153 8
    endloop
  endfacet
  facet normal 0 0 1
    outer loop
      vertex -16.5391 -16.1061 8
      vertex -18.1097 -16.7567 8
      vertex -17.9651 -17.05 8
    endloop
  endfacet
  facet normal 0 0 1
    outer loop
      vertex -16.5932 -15.6956 8
      vertex -18.2786 -15.4737 8
      vertex -16.6 -15.8 8
    endloop
  endfacet
  facet normal 0 0 1
    outer loop
      vertex -16.5727 -16.0071 8
      vertex -18.2148 -16.447 8
      vertex -18.1097 -16.7567 8
    endloop
  endfacet
  facet normal 0 0 1
    outer loop
      vertex -18.3 -15.8 8
      vertex -16.6 -15.8 8
      vertex -18.2786 -15.4737 8
    endloop
  endfacet
  facet normal 0 0 1
    outer loop
      vertex -16.5932 -15.9044 8
      vertex -18.2786 -16.1263 8
      vertex -18.2148 -16.447 8
    endloop
  endfacet
  facet normal 0 0 1
    outer loop
      vertex -16.6 -15.8 8
      vertex -18.3 -15.8 8
      vertex -18.2786 -16.1263 8
    endloop
  endfacet
  facet normal -0.442191 -0.896921 0
    outer loop
      vertex -17.05 -17.9651 0.599999
      vertex -16.7567 -18.1097 8
      vertex -17.05 -17.9651 8
    endloop
  endfacet
  facet normal -0.442191 -0.896921 -0
    outer loop
      vertex -16.7567 -18.1097 8
      vertex -17.05 -17.9651 0.599999
      vertex -16.7567 -18.1097 0.599999
    endloop
  endfacet
  facet normal 0.98078 0.195116 0
    outer loop
      vertex -13.3214 16.1263 8
      vertex -13.3852 16.447 0.599999
      vertex -13.3852 16.447 8
    endloop
  endfacet
  facet normal 0.98078 0.195116 0
    outer loop
      vertex -13.3852 16.447 0.599999
      vertex -13.3214 16.1263 8
      vertex -13.3214 16.1263 0.599999
    endloop
  endfacet
  facet normal 0.997856 0.0654432 0
    outer loop
      vertex -13.3 15.8 8
      vertex -13.3214 16.1263 0.599999
      vertex -13.3214 16.1263 8
    endloop
  endfacet
  facet normal 0.997856 0.0654432 0
    outer loop
      vertex -13.3214 16.1263 0.599999
      vertex -13.3 15.8 8
      vertex -13.3 15.8 0.599999
    endloop
  endfacet
  facet normal 0.946957 0.32136 0
    outer loop
      vertex -13.3852 16.447 8
      vertex -13.4903 16.7567 0.599999
      vertex -13.4903 16.7567 8
    endloop
  endfacet
  facet normal 0.946957 0.32136 0
    outer loop
      vertex -13.4903 16.7567 0.599999
      vertex -13.3852 16.447 8
      vertex -13.3852 16.447 0.599999
    endloop
  endfacet
  facet normal -0.659262 -0.751913 0
    outer loop
      vertex -17.5678 14.0322 0.599999
      vertex -17.3219 13.8166 8
      vertex -17.5678 14.0322 8
    endloop
  endfacet
  facet normal -0.659262 -0.751913 -0
    outer loop
      vertex -17.3219 13.8166 8
      vertex -17.5678 14.0322 0.599999
      vertex -17.3219 13.8166 0.599999
    endloop
  endfacet
  facet normal -0.195116 0.98078 0
    outer loop
      vertex -16.1263 18.2786 0.599999
      vertex -16.447 18.2148 8
      vertex -16.1263 18.2786 8
    endloop
  endfacet
  facet normal -0.195116 0.98078 0
    outer loop
      vertex -16.447 18.2148 8
      vertex -16.1263 18.2786 0.599999
      vertex -16.447 18.2148 0.599999
    endloop
  endfacet
  facet normal 0.751913 0.659262 0
    outer loop
      vertex -13.8166 17.3219 8
      vertex -14.0322 17.5678 0.599999
      vertex -14.0322 17.5678 8
    endloop
  endfacet
  facet normal 0.751913 0.659262 0
    outer loop
      vertex -14.0322 17.5678 0.599999
      vertex -13.8166 17.3219 8
      vertex -13.8166 17.3219 0.599999
    endloop
  endfacet
  facet normal 0.946957 -0.32136 0
    outer loop
      vertex -13.4903 14.8433 8
      vertex -13.3852 15.153 0.599999
      vertex -13.3852 15.153 8
    endloop
  endfacet
  facet normal 0.946957 -0.32136 0
    outer loop
      vertex -13.3852 15.153 0.599999
      vertex -13.4903 14.8433 8
      vertex -13.4903 14.8433 0.599999
    endloop
  endfacet
  facet normal 0.442191 0.896921 -0
    outer loop
      vertex -14.55 17.9651 0.599999
      vertex -14.8433 18.1097 8
      vertex -14.55 17.9651 8
    endloop
  endfacet
  facet normal 0.442191 0.896921 0
    outer loop
      vertex -14.8433 18.1097 8
      vertex -14.55 17.9651 0.599999
      vertex -14.8433 18.1097 0.599999
    endloop
  endfacet
  facet normal -0.442191 0.896921 0
    outer loop
      vertex -16.7567 18.1097 0.599999
      vertex -17.05 17.9651 8
      vertex -16.7567 18.1097 8
    endloop
  endfacet
  facet normal -0.442191 0.896921 0
    outer loop
      vertex -17.05 17.9651 8
      vertex -16.7567 18.1097 0.599999
      vertex -17.05 17.9651 0.599999
    endloop
  endfacet
  facet normal -0.32136 0.946957 0
    outer loop
      vertex -16.447 18.2148 0.599999
      vertex -16.7567 18.1097 8
      vertex -16.447 18.2148 8
    endloop
  endfacet
  facet normal -0.32136 0.946957 0
    outer loop
      vertex -16.7567 18.1097 8
      vertex -16.447 18.2148 0.599999
      vertex -16.7567 18.1097 0.599999
    endloop
  endfacet
  facet normal 0.831438 0.555617 0
    outer loop
      vertex -13.6349 17.05 8
      vertex -13.8166 17.3219 0.599999
      vertex -13.8166 17.3219 8
    endloop
  endfacet
  facet normal 0.831438 0.555617 0
    outer loop
      vertex -13.8166 17.3219 0.599999
      vertex -13.6349 17.05 8
      vertex -13.6349 17.05 0.599999
    endloop
  endfacet
  facet normal 0.896921 0.442191 0
    outer loop
      vertex -13.4903 16.7567 8
      vertex -13.6349 17.05 0.599999
      vertex -13.6349 17.05 8
    endloop
  endfacet
  facet normal 0.896921 0.442191 0
    outer loop
      vertex -13.6349 17.05 0.599999
      vertex -13.4903 16.7567 8
      vertex -13.4903 16.7567 0.599999
    endloop
  endfacet
  facet normal 0.659262 0.751913 -0
    outer loop
      vertex -14.0322 17.5678 0.599999
      vertex -14.2781 17.7834 8
      vertex -14.0322 17.5678 8
    endloop
  endfacet
  facet normal 0.659262 0.751913 0
    outer loop
      vertex -14.2781 17.7834 8
      vertex -14.0322 17.5678 0.599999
      vertex -14.2781 17.7834 0.599999
    endloop
  endfacet
  facet normal -0.195116 -0.98078 0
    outer loop
      vertex -16.447 13.3852 0.599999
      vertex -16.1263 13.3214 8
      vertex -16.447 13.3852 8
    endloop
  endfacet
  facet normal -0.195116 -0.98078 -0
    outer loop
      vertex -16.1263 13.3214 8
      vertex -16.447 13.3852 0.599999
      vertex -16.1263 13.3214 0.599999
    endloop
  endfacet
  facet normal 0.32136 -0.946957 0
    outer loop
      vertex -15.153 13.3852 0.599999
      vertex -14.8433 13.4903 8
      vertex -15.153 13.3852 8
    endloop
  endfacet
  facet normal 0.32136 -0.946957 0
    outer loop
      vertex -14.8433 13.4903 8
      vertex -15.153 13.3852 0.599999
      vertex -14.8433 13.4903 0.599999
    endloop
  endfacet
  facet normal 0.659262 -0.751913 0
    outer loop
      vertex -14.2781 13.8166 0.599999
      vertex -14.0322 14.0322 8
      vertex -14.2781 13.8166 8
    endloop
  endfacet
  facet normal 0.659262 -0.751913 0
    outer loop
      vertex -14.0322 14.0322 8
      vertex -14.2781 13.8166 0.599999
      vertex -14.0322 14.0322 0.599999
    endloop
  endfacet
  facet normal -0.946957 -0.32136 0
    outer loop
      vertex -18.1097 14.8433 0.599999
      vertex -18.2148 15.153 8
      vertex -18.2148 15.153 0.599999
    endloop
  endfacet
  facet normal -0.946957 -0.32136 0
    outer loop
      vertex -18.2148 15.153 8
      vertex -18.1097 14.8433 0.599999
      vertex -18.1097 14.8433 8
    endloop
  endfacet
  facet normal 0.555617 -0.831438 0
    outer loop
      vertex -14.55 13.6349 0.599999
      vertex -14.2781 13.8166 8
      vertex -14.55 13.6349 8
    endloop
  endfacet
  facet normal 0.555617 -0.831438 0
    outer loop
      vertex -14.2781 13.8166 8
      vertex -14.55 13.6349 0.599999
      vertex -14.2781 13.8166 0.599999
    endloop
  endfacet
  facet normal 0.751913 -0.659262 0
    outer loop
      vertex -14.0322 14.0322 8
      vertex -13.8166 14.2781 0.599999
      vertex -13.8166 14.2781 8
    endloop
  endfacet
  facet normal 0.751913 -0.659262 0
    outer loop
      vertex -13.8166 14.2781 0.599999
      vertex -14.0322 14.0322 8
      vertex -14.0322 14.0322 0.599999
    endloop
  endfacet
  facet normal 0.98078 -0.195116 0
    outer loop
      vertex -13.3852 15.153 8
      vertex -13.3214 15.4737 0.599999
      vertex -13.3214 15.4737 8
    endloop
  endfacet
  facet normal 0.98078 -0.195116 0
    outer loop
      vertex -13.3214 15.4737 0.599999
      vertex -13.3852 15.153 8
      vertex -13.3852 15.153 0.599999
    endloop
  endfacet
  facet normal -0.831438 -0.555617 0
    outer loop
      vertex -17.7834 14.2781 0.599999
      vertex -17.9651 14.55 8
      vertex -17.9651 14.55 0.599999
    endloop
  endfacet
  facet normal -0.831438 -0.555617 0
    outer loop
      vertex -17.9651 14.55 8
      vertex -17.7834 14.2781 0.599999
      vertex -17.7834 14.2781 8
    endloop
  endfacet
  facet normal 0.555617 0.831438 -0
    outer loop
      vertex -14.2781 17.7834 0.599999
      vertex -14.55 17.9651 8
      vertex -14.2781 17.7834 8
    endloop
  endfacet
  facet normal 0.555617 0.831438 0
    outer loop
      vertex -14.55 17.9651 8
      vertex -14.2781 17.7834 0.599999
      vertex -14.55 17.9651 0.599999
    endloop
  endfacet
  facet normal 0.831438 -0.555617 0
    outer loop
      vertex -13.8166 14.2781 8
      vertex -13.6349 14.55 0.599999
      vertex -13.6349 14.55 8
    endloop
  endfacet
  facet normal 0.831438 -0.555617 0
    outer loop
      vertex -13.6349 14.55 0.599999
      vertex -13.8166 14.2781 8
      vertex -13.8166 14.2781 0.599999
    endloop
  endfacet
  facet normal -0.659262 0.751913 0
    outer loop
      vertex -17.3219 17.7834 0.599999
      vertex -17.5678 17.5678 8
      vertex -17.3219 17.7834 8
    endloop
  endfacet
  facet normal -0.659262 0.751913 0
    outer loop
      vertex -17.5678 17.5678 8
      vertex -17.3219 17.7834 0.599999
      vertex -17.5678 17.5678 0.599999
    endloop
  endfacet
  facet normal 0.442191 -0.896921 0
    outer loop
      vertex -14.8433 13.4903 0.599999
      vertex -14.55 13.6349 8
      vertex -14.8433 13.4903 8
    endloop
  endfacet
  facet normal 0.442191 -0.896921 0
    outer loop
      vertex -14.55 13.6349 8
      vertex -14.8433 13.4903 0.599999
      vertex -14.55 13.6349 0.599999
    endloop
  endfacet
  facet normal 0.195116 0.98078 -0
    outer loop
      vertex -15.153 18.2148 0.599999
      vertex -15.4737 18.2786 8
      vertex -15.153 18.2148 8
    endloop
  endfacet
  facet normal 0.195116 0.98078 0
    outer loop
      vertex -15.4737 18.2786 8
      vertex -15.153 18.2148 0.599999
      vertex -15.4737 18.2786 0.599999
    endloop
  endfacet
  facet normal 0.0654432 0.997856 -0
    outer loop
      vertex -15.4737 18.2786 0.599999
      vertex -15.8 18.3 8
      vertex -15.4737 18.2786 8
    endloop
  endfacet
  facet normal 0.0654432 0.997856 0
    outer loop
      vertex -15.8 18.3 8
      vertex -15.4737 18.2786 0.599999
      vertex -15.8 18.3 0.599999
    endloop
  endfacet
  facet normal -0.997856 0.0654432 0
    outer loop
      vertex -18.3 15.8 0.599999
      vertex -18.2786 16.1263 8
      vertex -18.2786 16.1263 0.599999
    endloop
  endfacet
  facet normal -0.997856 0.0654432 0
    outer loop
      vertex -18.2786 16.1263 8
      vertex -18.3 15.8 0.599999
      vertex -18.3 15.8 8
    endloop
  endfacet
  facet normal -0.997856 -0.0654432 0
    outer loop
      vertex -18.2786 15.4737 0.599999
      vertex -18.3 15.8 8
      vertex -18.3 15.8 0.599999
    endloop
  endfacet
  facet normal -0.997856 -0.0654432 0
    outer loop
      vertex -18.3 15.8 8
      vertex -18.2786 15.4737 0.599999
      vertex -18.2786 15.4737 8
    endloop
  endfacet
  facet normal -0.555617 0.831438 0
    outer loop
      vertex -17.05 17.9651 0.599999
      vertex -17.3219 17.7834 8
      vertex -17.05 17.9651 8
    endloop
  endfacet
  facet normal -0.555617 0.831438 0
    outer loop
      vertex -17.3219 17.7834 8
      vertex -17.05 17.9651 0.599999
      vertex -17.3219 17.7834 0.599999
    endloop
  endfacet
  facet normal -0.751913 -0.659262 0
    outer loop
      vertex -17.5678 14.0322 0.599999
      vertex -17.7834 14.2781 8
      vertex -17.7834 14.2781 0.599999
    endloop
  endfacet
  facet normal -0.751913 -0.659262 0
    outer loop
      vertex -17.7834 14.2781 8
      vertex -17.5678 14.0322 0.599999
      vertex -17.5678 14.0322 8
    endloop
  endfacet
  facet normal 0.32136 0.946957 -0
    outer loop
      vertex -14.8433 18.1097 0.599999
      vertex -15.153 18.2148 8
      vertex -14.8433 18.1097 8
    endloop
  endfacet
  facet normal 0.32136 0.946957 0
    outer loop
      vertex -15.153 18.2148 8
      vertex -14.8433 18.1097 0.599999
      vertex -15.153 18.2148 0.599999
    endloop
  endfacet
  facet normal -0.0654432 -0.997856 0
    outer loop
      vertex -16.1263 13.3214 0.599999
      vertex -15.8 13.3 8
      vertex -16.1263 13.3214 8
    endloop
  endfacet
  facet normal -0.0654432 -0.997856 -0
    outer loop
      vertex -15.8 13.3 8
      vertex -16.1263 13.3214 0.599999
      vertex -15.8 13.3 0.599999
    endloop
  endfacet
  facet normal 0.997856 -0.0654432 0
    outer loop
      vertex -13.3214 15.4737 8
      vertex -13.3 15.8 0.599999
      vertex -13.3 15.8 8
    endloop
  endfacet
  facet normal 0.997856 -0.0654432 0
    outer loop
      vertex -13.3 15.8 0.599999
      vertex -13.3214 15.4737 8
      vertex -13.3214 15.4737 0.599999
    endloop
  endfacet
  facet normal -0.896921 -0.442191 0
    outer loop
      vertex -17.9651 14.55 0.599999
      vertex -18.1097 14.8433 8
      vertex -18.1097 14.8433 0.599999
    endloop
  endfacet
  facet normal -0.896921 -0.442191 0
    outer loop
      vertex -18.1097 14.8433 8
      vertex -17.9651 14.55 0.599999
      vertex -17.9651 14.55 8
    endloop
  endfacet
  facet normal 0.195116 -0.98078 0
    outer loop
      vertex -15.4737 13.3214 0.599999
      vertex -15.153 13.3852 8
      vertex -15.4737 13.3214 8
    endloop
  endfacet
  facet normal 0.195116 -0.98078 0
    outer loop
      vertex -15.153 13.3852 8
      vertex -15.4737 13.3214 0.599999
      vertex -15.153 13.3852 0.599999
    endloop
  endfacet
  facet normal 0.896921 -0.442191 0
    outer loop
      vertex -13.6349 14.55 8
      vertex -13.4903 14.8433 0.599999
      vertex -13.4903 14.8433 8
    endloop
  endfacet
  facet normal 0.896921 -0.442191 0
    outer loop
      vertex -13.4903 14.8433 0.599999
      vertex -13.6349 14.55 8
      vertex -13.6349 14.55 0.599999
    endloop
  endfacet
  facet normal 0.0654432 -0.997856 0
    outer loop
      vertex -15.8 13.3 0.599999
      vertex -15.4737 13.3214 8
      vertex -15.8 13.3 8
    endloop
  endfacet
  facet normal 0.0654432 -0.997856 0
    outer loop
      vertex -15.4737 13.3214 8
      vertex -15.8 13.3 0.599999
      vertex -15.4737 13.3214 0.599999
    endloop
  endfacet
  facet normal -0.98078 0.195116 0
    outer loop
      vertex -18.2786 16.1263 0.599999
      vertex -18.2148 16.447 8
      vertex -18.2148 16.447 0.599999
    endloop
  endfacet
  facet normal -0.98078 0.195116 0
    outer loop
      vertex -18.2148 16.447 8
      vertex -18.2786 16.1263 0.599999
      vertex -18.2786 16.1263 8
    endloop
  endfacet
  facet normal -0.831438 0.555617 0
    outer loop
      vertex -17.9651 17.05 0.599999
      vertex -17.7834 17.3219 8
      vertex -17.7834 17.3219 0.599999
    endloop
  endfacet
  facet normal -0.831438 0.555617 0
    outer loop
      vertex -17.7834 17.3219 8
      vertex -17.9651 17.05 0.599999
      vertex -17.9651 17.05 8
    endloop
  endfacet
  facet normal -0.98078 -0.195116 0
    outer loop
      vertex -18.2148 15.153 0.599999
      vertex -18.2786 15.4737 8
      vertex -18.2786 15.4737 0.599999
    endloop
  endfacet
  facet normal -0.98078 -0.195116 0
    outer loop
      vertex -18.2786 15.4737 8
      vertex -18.2148 15.153 0.599999
      vertex -18.2148 15.153 8
    endloop
  endfacet
  facet normal 0 0 1
    outer loop
      vertex -15 15.8 8
      vertex -13.3 15.8 8
      vertex -13.3214 16.1263 8
    endloop
  endfacet
  facet normal 0 0 1
    outer loop
      vertex -15.0068 15.9044 8
      vertex -13.3214 16.1263 8
      vertex -13.3852 16.447 8
    endloop
  endfacet
  facet normal 0 0 1
    outer loop
      vertex -13.3 15.8 8
      vertex -15 15.8 8
      vertex -13.3214 15.4737 8
    endloop
  endfacet
  facet normal 0 0 1
    outer loop
      vertex -15.0273 16.0071 8
      vertex -13.3852 16.447 8
      vertex -13.4903 16.7567 8
    endloop
  endfacet
  facet normal -0 0 1
    outer loop
      vertex -15.0068 15.6956 8
      vertex -13.3214 15.4737 8
      vertex -15 15.8 8
    endloop
  endfacet
  facet normal 0 0 1
    outer loop
      vertex -15.0609 16.1061 8
      vertex -13.4903 16.7567 8
      vertex -13.6349 17.05 8
    endloop
  endfacet
  facet normal 0 0 1
    outer loop
      vertex -13.3214 15.4737 8
      vertex -15.0068 15.6956 8
      vertex -13.3852 15.153 8
    endloop
  endfacet
  facet normal 0 0 1
    outer loop
      vertex -15.1072 16.2 8
      vertex -13.6349 17.05 8
      vertex -13.8166 17.3219 8
    endloop
  endfacet
  facet normal -0 0 1
    outer loop
      vertex -15.0273 15.5929 8
      vertex -13.3852 15.153 8
      vertex -15.0068 15.6956 8
    endloop
  endfacet
  facet normal 0 0 1
    outer loop
      vertex -15.1653 16.287 8
      vertex -13.8166 17.3219 8
      vertex -14.0322 17.5678 8
    endloop
  endfacet
  facet normal 0 0 1
    outer loop
      vertex -13.3852 15.153 8
      vertex -15.0273 15.5929 8
      vertex -13.4903 14.8433 8
    endloop
  endfacet
  facet normal 0 0 1
    outer loop
      vertex -15.2343 16.3657 8
      vertex -14.0322 17.5678 8
      vertex -14.2781 17.7834 8
    endloop
  endfacet
  facet normal -0 0 1
    outer loop
      vertex -15.0609 15.4939 8
      vertex -13.4903 14.8433 8
      vertex -15.0273 15.5929 8
    endloop
  endfacet
  facet normal 0 0 1
    outer loop
      vertex -15.313 16.4347 8
      vertex -14.2781 17.7834 8
      vertex -14.55 17.9651 8
    endloop
  endfacet
  facet normal 0 0 1
    outer loop
      vertex -13.4903 14.8433 8
      vertex -15.0609 15.4939 8
      vertex -13.6349 14.55 8
    endloop
  endfacet
  facet normal 0 0 1
    outer loop
      vertex -15.4 16.4928 8
      vertex -14.55 17.9651 8
      vertex -14.8433 18.1097 8
    endloop
  endfacet
  facet normal -0 0 1
    outer loop
      vertex -15.1072 15.4 8
      vertex -13.6349 14.55 8
      vertex -15.0609 15.4939 8
    endloop
  endfacet
  facet normal 0 0 1
    outer loop
      vertex -13.6349 14.55 8
      vertex -15.1072 15.4 8
      vertex -13.8166 14.2781 8
    endloop
  endfacet
  facet normal 0 0 1
    outer loop
      vertex -13.3214 16.1263 8
      vertex -15.0068 15.9044 8
      vertex -15 15.8 8
    endloop
  endfacet
  facet normal 0 0 1
    outer loop
      vertex -13.3852 16.447 8
      vertex -15.0273 16.0071 8
      vertex -15.0068 15.9044 8
    endloop
  endfacet
  facet normal 0 0 1
    outer loop
      vertex -13.4903 16.7567 8
      vertex -15.0609 16.1061 8
      vertex -15.0273 16.0071 8
    endloop
  endfacet
  facet normal 0 0 1
    outer loop
      vertex -13.6349 17.05 8
      vertex -15.1072 16.2 8
      vertex -15.0609 16.1061 8
    endloop
  endfacet
  facet normal 0 0 1
    outer loop
      vertex -15.4939 16.5391 8
      vertex -14.8433 18.1097 8
      vertex -15.153 18.2148 8
    endloop
  endfacet
  facet normal 0 0 1
    outer loop
      vertex -13.8166 17.3219 8
      vertex -15.1653 16.287 8
      vertex -15.1072 16.2 8
    endloop
  endfacet
  facet normal 0 0 1
    outer loop
      vertex -14.0322 17.5678 8
      vertex -15.2343 16.3657 8
      vertex -15.1653 16.287 8
    endloop
  endfacet
  facet normal 0 0 1
    outer loop
      vertex -14.2781 17.7834 8
      vertex -15.313 16.4347 8
      vertex -15.2343 16.3657 8
    endloop
  endfacet
  facet normal 0 0 1
    outer loop
      vertex -14.55 17.9651 8
      vertex -15.4 16.4928 8
      vertex -15.313 16.4347 8
    endloop
  endfacet
  facet normal 0 0 1
    outer loop
      vertex -15.5929 16.5727 8
      vertex -15.153 18.2148 8
      vertex -15.4737 18.2786 8
    endloop
  endfacet
  facet normal 0 0 1
    outer loop
      vertex -14.8433 18.1097 8
      vertex -15.4939 16.5391 8
      vertex -15.4 16.4928 8
    endloop
  endfacet
  facet normal 0 0 1
    outer loop
      vertex -15.153 18.2148 8
      vertex -15.5929 16.5727 8
      vertex -15.4939 16.5391 8
    endloop
  endfacet
  facet normal 0 0 1
    outer loop
      vertex -15.4737 18.2786 8
      vertex -15.6956 16.5932 8
      vertex -15.5929 16.5727 8
    endloop
  endfacet
  facet normal 0 0 1
    outer loop
      vertex -15.8 18.3 8
      vertex -15.6956 16.5932 8
      vertex -15.4737 18.2786 8
    endloop
  endfacet
  facet normal 0 0 1
    outer loop
      vertex -15.8 18.3 8
      vertex -15.8 16.6 8
      vertex -15.6956 16.5932 8
    endloop
  endfacet
  facet normal 0 0 1
    outer loop
      vertex -15.8 18.3 8
      vertex -15.9044 16.5932 8
      vertex -15.8 16.6 8
    endloop
  endfacet
  facet normal -0 0 1
    outer loop
      vertex -16.1263 18.2786 8
      vertex -15.9044 16.5932 8
      vertex -15.8 18.3 8
    endloop
  endfacet
  facet normal 0 0 1
    outer loop
      vertex -15.9044 16.5932 8
      vertex -16.1263 18.2786 8
      vertex -16.0071 16.5727 8
    endloop
  endfacet
  facet normal -0 0 1
    outer loop
      vertex -16.447 18.2148 8
      vertex -16.0071 16.5727 8
      vertex -16.1263 18.2786 8
    endloop
  endfacet
  facet normal 0 0 1
    outer loop
      vertex -16.0071 16.5727 8
      vertex -16.447 18.2148 8
      vertex -16.1061 16.5391 8
    endloop
  endfacet
  facet normal -0 0 1
    outer loop
      vertex -16.7567 18.1097 8
      vertex -16.1061 16.5391 8
      vertex -16.447 18.2148 8
    endloop
  endfacet
  facet normal 0 0 1
    outer loop
      vertex -16.1061 16.5391 8
      vertex -16.7567 18.1097 8
      vertex -16.2 16.4928 8
    endloop
  endfacet
  facet normal -0 0 1
    outer loop
      vertex -17.05 17.9651 8
      vertex -16.2 16.4928 8
      vertex -16.7567 18.1097 8
    endloop
  endfacet
  facet normal 0 0 1
    outer loop
      vertex -16.2 16.4928 8
      vertex -17.05 17.9651 8
      vertex -16.287 16.4347 8
    endloop
  endfacet
  facet normal -0 0 1
    outer loop
      vertex -17.3219 17.7834 8
      vertex -16.287 16.4347 8
      vertex -17.05 17.9651 8
    endloop
  endfacet
  facet normal 0 0 1
    outer loop
      vertex -16.287 16.4347 8
      vertex -17.3219 17.7834 8
      vertex -16.3657 16.3657 8
    endloop
  endfacet
  facet normal -0 0 1
    outer loop
      vertex -17.5678 17.5678 8
      vertex -16.3657 16.3657 8
      vertex -17.3219 17.7834 8
    endloop
  endfacet
  facet normal 0 0 1
    outer loop
      vertex -16.3657 16.3657 8
      vertex -17.5678 17.5678 8
      vertex -16.4347 16.287 8
    endloop
  endfacet
  facet normal -0 0 1
    outer loop
      vertex -17.7834 17.3219 8
      vertex -16.4347 16.287 8
      vertex -17.5678 17.5678 8
    endloop
  endfacet
  facet normal 0 0 1
    outer loop
      vertex -16.4347 16.287 8
      vertex -17.7834 17.3219 8
      vertex -16.4928 16.2 8
    endloop
  endfacet
  facet normal -0 0 1
    outer loop
      vertex -15.1653 15.313 8
      vertex -13.8166 14.2781 8
      vertex -15.1072 15.4 8
    endloop
  endfacet
  facet normal 0 0 1
    outer loop
      vertex -13.8166 14.2781 8
      vertex -15.1653 15.313 8
      vertex -14.0322 14.0322 8
    endloop
  endfacet
  facet normal -0 0 1
    outer loop
      vertex -15.2343 15.2343 8
      vertex -14.0322 14.0322 8
      vertex -15.1653 15.313 8
    endloop
  endfacet
  facet normal 0 0 1
    outer loop
      vertex -14.0322 14.0322 8
      vertex -15.2343 15.2343 8
      vertex -14.2781 13.8166 8
    endloop
  endfacet
  facet normal -0 0 1
    outer loop
      vertex -15.313 15.1653 8
      vertex -14.2781 13.8166 8
      vertex -15.2343 15.2343 8
    endloop
  endfacet
  facet normal 0 0 1
    outer loop
      vertex -14.2781 13.8166 8
      vertex -15.313 15.1653 8
      vertex -14.55 13.6349 8
    endloop
  endfacet
  facet normal -0 0 1
    outer loop
      vertex -15.4 15.1072 8
      vertex -14.55 13.6349 8
      vertex -15.313 15.1653 8
    endloop
  endfacet
  facet normal 0 0 1
    outer loop
      vertex -14.55 13.6349 8
      vertex -15.4 15.1072 8
      vertex -14.8433 13.4903 8
    endloop
  endfacet
  facet normal -0 0 1
    outer loop
      vertex -15.4939 15.0609 8
      vertex -14.8433 13.4903 8
      vertex -15.4 15.1072 8
    endloop
  endfacet
  facet normal 0 0 1
    outer loop
      vertex -14.8433 13.4903 8
      vertex -15.4939 15.0609 8
      vertex -15.153 13.3852 8
    endloop
  endfacet
  facet normal -0 0 1
    outer loop
      vertex -15.5929 15.0273 8
      vertex -15.153 13.3852 8
      vertex -15.4939 15.0609 8
    endloop
  endfacet
  facet normal 0 0 1
    outer loop
      vertex -15.153 13.3852 8
      vertex -15.5929 15.0273 8
      vertex -15.4737 13.3214 8
    endloop
  endfacet
  facet normal -0 0 1
    outer loop
      vertex -15.6956 15.0068 8
      vertex -15.4737 13.3214 8
      vertex -15.5929 15.0273 8
    endloop
  endfacet
  facet normal -0 0 1
    outer loop
      vertex -15.8 15 8
      vertex -15.4737 13.3214 8
      vertex -15.6956 15.0068 8
    endloop
  endfacet
  facet normal 0 0 1
    outer loop
      vertex -15.8 15 8
      vertex -15.8 13.3 8
      vertex -15.4737 13.3214 8
    endloop
  endfacet
  facet normal 0 0 1
    outer loop
      vertex -15.9044 15.0068 8
      vertex -15.8 13.3 8
      vertex -15.8 15 8
    endloop
  endfacet
  facet normal 0 0 1
    outer loop
      vertex -16.1263 13.3214 8
      vertex -15.9044 15.0068 8
      vertex -16.0071 15.0273 8
    endloop
  endfacet
  facet normal 0 0 1
    outer loop
      vertex -16.447 13.3852 8
      vertex -16.0071 15.0273 8
      vertex -16.1061 15.0609 8
    endloop
  endfacet
  facet normal 0 0 1
    outer loop
      vertex -15.9044 15.0068 8
      vertex -16.1263 13.3214 8
      vertex -15.8 13.3 8
    endloop
  endfacet
  facet normal 0 0 1
    outer loop
      vertex -16.7567 13.4903 8
      vertex -16.1061 15.0609 8
      vertex -16.2 15.1072 8
    endloop
  endfacet
  facet normal 0 0 1
    outer loop
      vertex -17.05 13.6349 8
      vertex -16.2 15.1072 8
      vertex -16.287 15.1653 8
    endloop
  endfacet
  facet normal 0 0 1
    outer loop
      vertex -17.3219 13.8166 8
      vertex -16.287 15.1653 8
      vertex -16.3657 15.2343 8
    endloop
  endfacet
  facet normal 0 0 1
    outer loop
      vertex -17.5678 14.0322 8
      vertex -16.3657 15.2343 8
      vertex -16.4347 15.313 8
    endloop
  endfacet
  facet normal 0 0 1
    outer loop
      vertex -16.0071 15.0273 8
      vertex -16.447 13.3852 8
      vertex -16.1263 13.3214 8
    endloop
  endfacet
  facet normal 0 0 1
    outer loop
      vertex -17.7834 14.2781 8
      vertex -16.4347 15.313 8
      vertex -16.4928 15.4 8
    endloop
  endfacet
  facet normal 0 0 1
    outer loop
      vertex -17.9651 14.55 8
      vertex -16.4928 15.4 8
      vertex -16.5391 15.4939 8
    endloop
  endfacet
  facet normal 0 0 1
    outer loop
      vertex -18.1097 14.8433 8
      vertex -16.5391 15.4939 8
      vertex -16.5727 15.5929 8
    endloop
  endfacet
  facet normal 0 0 1
    outer loop
      vertex -18.2148 15.153 8
      vertex -16.5727 15.5929 8
      vertex -16.5932 15.6956 8
    endloop
  endfacet
  facet normal 0 0 1
    outer loop
      vertex -18.2786 15.4737 8
      vertex -16.5932 15.6956 8
      vertex -16.6 15.8 8
    endloop
  endfacet
  facet normal -0 0 1
    outer loop
      vertex -17.9651 17.05 8
      vertex -16.4928 16.2 8
      vertex -17.7834 17.3219 8
    endloop
  endfacet
  facet normal 0 0 1
    outer loop
      vertex -16.1061 15.0609 8
      vertex -16.7567 13.4903 8
      vertex -16.447 13.3852 8
    endloop
  endfacet
  facet normal 0 0 1
    outer loop
      vertex -16.4928 16.2 8
      vertex -17.9651 17.05 8
      vertex -16.5391 16.1061 8
    endloop
  endfacet
  facet normal 0 0 1
    outer loop
      vertex -16.2 15.1072 8
      vertex -17.05 13.6349 8
      vertex -16.7567 13.4903 8
    endloop
  endfacet
  facet normal -0 0 1
    outer loop
      vertex -18.1097 16.7567 8
      vertex -16.5391 16.1061 8
      vertex -17.9651 17.05 8
    endloop
  endfacet
  facet normal 0 0 1
    outer loop
      vertex -16.287 15.1653 8
      vertex -17.3219 13.8166 8
      vertex -17.05 13.6349 8
    endloop
  endfacet
  facet normal 0 0 1
    outer loop
      vertex -16.5391 16.1061 8
      vertex -18.1097 16.7567 8
      vertex -16.5727 16.0071 8
    endloop
  endfacet
  facet normal 0 0 1
    outer loop
      vertex -16.3657 15.2343 8
      vertex -17.5678 14.0322 8
      vertex -17.3219 13.8166 8
    endloop
  endfacet
  facet normal -0 0 1
    outer loop
      vertex -18.2148 16.447 8
      vertex -16.5727 16.0071 8
      vertex -18.1097 16.7567 8
    endloop
  endfacet
  facet normal 0 0 1
    outer loop
      vertex -16.4347 15.313 8
      vertex -17.7834 14.2781 8
      vertex -17.5678 14.0322 8
    endloop
  endfacet
  facet normal 0 0 1
    outer loop
      vertex -16.5727 16.0071 8
      vertex -18.2148 16.447 8
      vertex -16.5932 15.9044 8
    endloop
  endfacet
  facet normal 0 0 1
    outer loop
      vertex -16.4928 15.4 8
      vertex -17.9651 14.55 8
      vertex -17.7834 14.2781 8
    endloop
  endfacet
  facet normal -0 0 1
    outer loop
      vertex -18.2786 16.1263 8
      vertex -16.5932 15.9044 8
      vertex -18.2148 16.447 8
    endloop
  endfacet
  facet normal 0 0 1
    outer loop
      vertex -16.5391 15.4939 8
      vertex -18.1097 14.8433 8
      vertex -17.9651 14.55 8
    endloop
  endfacet
  facet normal 0 0 1
    outer loop
      vertex -16.5932 15.9044 8
      vertex -18.2786 16.1263 8
      vertex -16.6 15.8 8
    endloop
  endfacet
  facet normal 0 0 1
    outer loop
      vertex -16.5727 15.5929 8
      vertex -18.2148 15.153 8
      vertex -18.1097 14.8433 8
    endloop
  endfacet
  facet normal 0 0 1
    outer loop
      vertex -18.3 15.8 8
      vertex -16.6 15.8 8
      vertex -18.2786 16.1263 8
    endloop
  endfacet
  facet normal 0 0 1
    outer loop
      vertex -16.5932 15.6956 8
      vertex -18.2786 15.4737 8
      vertex -18.2148 15.153 8
    endloop
  endfacet
  facet normal 0 0 1
    outer loop
      vertex -16.6 15.8 8
      vertex -18.3 15.8 8
      vertex -18.2786 15.4737 8
    endloop
  endfacet
  facet normal -0.751913 0.659262 0
    outer loop
      vertex -17.7834 17.3219 0.599999
      vertex -17.5678 17.5678 8
      vertex -17.5678 17.5678 0.599999
    endloop
  endfacet
  facet normal -0.751913 0.659262 0
    outer loop
      vertex -17.5678 17.5678 8
      vertex -17.7834 17.3219 0.599999
      vertex -17.7834 17.3219 8
    endloop
  endfacet
  facet normal -0.555617 -0.831438 0
    outer loop
      vertex -17.3219 13.8166 0.599999
      vertex -17.05 13.6349 8
      vertex -17.3219 13.8166 8
    endloop
  endfacet
  facet normal -0.555617 -0.831438 -0
    outer loop
      vertex -17.05 13.6349 8
      vertex -17.3219 13.8166 0.599999
      vertex -17.05 13.6349 0.599999
    endloop
  endfacet
  facet normal -0.32136 -0.946957 0
    outer loop
      vertex -16.7567 13.4903 0.599999
      vertex -16.447 13.3852 8
      vertex -16.7567 13.4903 8
    endloop
  endfacet
  facet normal -0.32136 -0.946957 -0
    outer loop
      vertex -16.447 13.3852 8
      vertex -16.7567 13.4903 0.599999
      vertex -16.447 13.3852 0.599999
    endloop
  endfacet
  facet normal -0.442191 -0.896921 0
    outer loop
      vertex -17.05 13.6349 0.599999
      vertex -16.7567 13.4903 8
      vertex -17.05 13.6349 8
    endloop
  endfacet
  facet normal -0.442191 -0.896921 -0
    outer loop
      vertex -16.7567 13.4903 8
      vertex -17.05 13.6349 0.599999
      vertex -16.7567 13.4903 0.599999
    endloop
  endfacet
  facet normal -0.946957 0.32136 0
    outer loop
      vertex -18.2148 16.447 0.599999
      vertex -18.1097 16.7567 8
      vertex -18.1097 16.7567 0.599999
    endloop
  endfacet
  facet normal -0.946957 0.32136 0
    outer loop
      vertex -18.1097 16.7567 8
      vertex -18.2148 16.447 0.599999
      vertex -18.2148 16.447 8
    endloop
  endfacet
  facet normal -0.0654432 0.997856 0
    outer loop
      vertex -15.8 18.3 0.599999
      vertex -16.1263 18.2786 8
      vertex -15.8 18.3 8
    endloop
  endfacet
  facet normal -0.0654432 0.997856 0
    outer loop
      vertex -16.1263 18.2786 8
      vertex -15.8 18.3 0.599999
      vertex -16.1263 18.2786 0.599999
    endloop
  endfacet
  facet normal -0.896921 0.442191 0
    outer loop
      vertex -18.1097 16.7567 0.599999
      vertex -17.9651 17.05 8
      vertex -17.9651 17.05 0.599999
    endloop
  endfacet
  facet normal -0.896921 0.442191 0
    outer loop
      vertex -17.9651 17.05 8
      vertex -18.1097 16.7567 0.599999
      vertex -18.1097 16.7567 8
    endloop
  endfacet
  facet normal 0.98078 0.195116 0
    outer loop
      vertex 18.2786 -15.4737 8
      vertex 18.2148 -15.153 0.599999
      vertex 18.2148 -15.153 8
    endloop
  endfacet
  facet normal 0.98078 0.195116 0
    outer loop
      vertex 18.2148 -15.153 0.599999
      vertex 18.2786 -15.4737 8
      vertex 18.2786 -15.4737 0.599999
    endloop
  endfacet
  facet normal 0.997856 0.0654432 0
    outer loop
      vertex 18.3 -15.8 8
      vertex 18.2786 -15.4737 0.599999
      vertex 18.2786 -15.4737 8
    endloop
  endfacet
  facet normal 0.997856 0.0654432 0
    outer loop
      vertex 18.2786 -15.4737 0.599999
      vertex 18.3 -15.8 8
      vertex 18.3 -15.8 0.599999
    endloop
  endfacet
  facet normal 0.32136 -0.946957 0
    outer loop
      vertex 16.447 -18.2148 0.599999
      vertex 16.7567 -18.1097 8
      vertex 16.447 -18.2148 8
    endloop
  endfacet
  facet normal 0.32136 -0.946957 0
    outer loop
      vertex 16.7567 -18.1097 8
      vertex 16.447 -18.2148 0.599999
      vertex 16.7567 -18.1097 0.599999
    endloop
  endfacet
  facet normal 0.659262 0.751913 -0
    outer loop
      vertex 17.5678 -14.0322 0.599999
      vertex 17.3219 -13.8166 8
      vertex 17.5678 -14.0322 8
    endloop
  endfacet
  facet normal 0.659262 0.751913 0
    outer loop
      vertex 17.3219 -13.8166 8
      vertex 17.5678 -14.0322 0.599999
      vertex 17.3219 -13.8166 0.599999
    endloop
  endfacet
  facet normal 0.0654432 0.997856 -0
    outer loop
      vertex 16.1263 -13.3214 0.599999
      vertex 15.8 -13.3 8
      vertex 16.1263 -13.3214 8
    endloop
  endfacet
  facet normal 0.0654432 0.997856 0
    outer loop
      vertex 15.8 -13.3 8
      vertex 16.1263 -13.3214 0.599999
      vertex 15.8 -13.3 0.599999
    endloop
  endfacet
  facet normal -0.997856 -0.0654432 0
    outer loop
      vertex 13.3214 -16.1263 0.599999
      vertex 13.3 -15.8 8
      vertex 13.3 -15.8 0.599999
    endloop
  endfacet
  facet normal -0.997856 -0.0654432 0
    outer loop
      vertex 13.3 -15.8 8
      vertex 13.3214 -16.1263 0.599999
      vertex 13.3214 -16.1263 8
    endloop
  endfacet
  facet normal 0.997856 -0.0654432 0
    outer loop
      vertex 18.2786 -16.1263 8
      vertex 18.3 -15.8 0.599999
      vertex 18.3 -15.8 8
    endloop
  endfacet
  facet normal 0.997856 -0.0654432 0
    outer loop
      vertex 18.3 -15.8 0.599999
      vertex 18.2786 -16.1263 8
      vertex 18.2786 -16.1263 0.599999
    endloop
  endfacet
  facet normal 0.831438 0.555617 0
    outer loop
      vertex 17.9651 -14.55 8
      vertex 17.7834 -14.2781 0.599999
      vertex 17.7834 -14.2781 8
    endloop
  endfacet
  facet normal 0.831438 0.555617 0
    outer loop
      vertex 17.7834 -14.2781 0.599999
      vertex 17.9651 -14.55 8
      vertex 17.9651 -14.55 0.599999
    endloop
  endfacet
  facet normal -0.946957 0.32136 0
    outer loop
      vertex 13.3852 -15.153 0.599999
      vertex 13.4903 -14.8433 8
      vertex 13.4903 -14.8433 0.599999
    endloop
  endfacet
  facet normal -0.946957 0.32136 0
    outer loop
      vertex 13.4903 -14.8433 8
      vertex 13.3852 -15.153 0.599999
      vertex 13.3852 -15.153 8
    endloop
  endfacet
  facet normal -0.442191 -0.896921 0
    outer loop
      vertex 14.55 -17.9651 0.599999
      vertex 14.8433 -18.1097 8
      vertex 14.55 -17.9651 8
    endloop
  endfacet
  facet normal -0.442191 -0.896921 -0
    outer loop
      vertex 14.8433 -18.1097 8
      vertex 14.55 -17.9651 0.599999
      vertex 14.8433 -18.1097 0.599999
    endloop
  endfacet
  facet normal 0.751913 -0.659262 0
    outer loop
      vertex 17.5678 -17.5678 8
      vertex 17.7834 -17.3219 0.599999
      vertex 17.7834 -17.3219 8
    endloop
  endfacet
  facet normal 0.751913 -0.659262 0
    outer loop
      vertex 17.7834 -17.3219 0.599999
      vertex 17.5678 -17.5678 8
      vertex 17.5678 -17.5678 0.599999
    endloop
  endfacet
  facet normal 0.32136 0.946957 -0
    outer loop
      vertex 16.7567 -13.4903 0.599999
      vertex 16.447 -13.3852 8
      vertex 16.7567 -13.4903 8
    endloop
  endfacet
  facet normal 0.32136 0.946957 0
    outer loop
      vertex 16.447 -13.3852 8
      vertex 16.7567 -13.4903 0.599999
      vertex 16.447 -13.3852 0.599999
    endloop
  endfacet
  facet normal 0.831438 -0.555617 0
    outer loop
      vertex 17.7834 -17.3219 8
      vertex 17.9651 -17.05 0.599999
      vertex 17.9651 -17.05 8
    endloop
  endfacet
  facet normal 0.831438 -0.555617 0
    outer loop
      vertex 17.9651 -17.05 0.599999
      vertex 17.7834 -17.3219 8
      vertex 17.7834 -17.3219 0.599999
    endloop
  endfacet
  facet normal -0.659262 0.751913 0
    outer loop
      vertex 14.2781 -13.8166 0.599999
      vertex 14.0322 -14.0322 8
      vertex 14.2781 -13.8166 8
    endloop
  endfacet
  facet normal -0.659262 0.751913 0
    outer loop
      vertex 14.0322 -14.0322 8
      vertex 14.2781 -13.8166 0.599999
      vertex 14.0322 -14.0322 0.599999
    endloop
  endfacet
  facet normal -0.98078 -0.195116 0
    outer loop
      vertex 13.3852 -16.447 0.599999
      vertex 13.3214 -16.1263 8
      vertex 13.3214 -16.1263 0.599999
    endloop
  endfacet
  facet normal -0.98078 -0.195116 0
    outer loop
      vertex 13.3214 -16.1263 8
      vertex 13.3852 -16.447 0.599999
      vertex 13.3852 -16.447 8
    endloop
  endfacet
  facet normal 0.896921 0.442191 0
    outer loop
      vertex 18.1097 -14.8433 8
      vertex 17.9651 -14.55 0.599999
      vertex 17.9651 -14.55 8
    endloop
  endfacet
  facet normal 0.896921 0.442191 0
    outer loop
      vertex 17.9651 -14.55 0.599999
      vertex 18.1097 -14.8433 8
      vertex 18.1097 -14.8433 0.599999
    endloop
  endfacet
  facet normal 0.946957 0.32136 0
    outer loop
      vertex 18.2148 -15.153 8
      vertex 18.1097 -14.8433 0.599999
      vertex 18.1097 -14.8433 8
    endloop
  endfacet
  facet normal 0.946957 0.32136 0
    outer loop
      vertex 18.1097 -14.8433 0.599999
      vertex 18.2148 -15.153 8
      vertex 18.2148 -15.153 0.599999
    endloop
  endfacet
  facet normal -0.442191 0.896921 0
    outer loop
      vertex 14.8433 -13.4903 0.599999
      vertex 14.55 -13.6349 8
      vertex 14.8433 -13.4903 8
    endloop
  endfacet
  facet normal -0.442191 0.896921 0
    outer loop
      vertex 14.55 -13.6349 8
      vertex 14.8433 -13.4903 0.599999
      vertex 14.55 -13.6349 0.599999
    endloop
  endfacet
  facet normal 0.946957 -0.32136 0
    outer loop
      vertex 18.1097 -16.7567 8
      vertex 18.2148 -16.447 0.599999
      vertex 18.2148 -16.447 8
    endloop
  endfacet
  facet normal 0.946957 -0.32136 0
    outer loop
      vertex 18.2148 -16.447 0.599999
      vertex 18.1097 -16.7567 8
      vertex 18.1097 -16.7567 0.599999
    endloop
  endfacet
  facet normal -0.831438 -0.555617 0
    outer loop
      vertex 13.8166 -17.3219 0.599999
      vertex 13.6349 -17.05 8
      vertex 13.6349 -17.05 0.599999
    endloop
  endfacet
  facet normal -0.831438 -0.555617 0
    outer loop
      vertex 13.6349 -17.05 8
      vertex 13.8166 -17.3219 0.599999
      vertex 13.8166 -17.3219 8
    endloop
  endfacet
  facet normal 0.442191 0.896921 -0
    outer loop
      vertex 17.05 -13.6349 0.599999
      vertex 16.7567 -13.4903 8
      vertex 17.05 -13.6349 8
    endloop
  endfacet
  facet normal 0.442191 0.896921 0
    outer loop
      vertex 16.7567 -13.4903 8
      vertex 17.05 -13.6349 0.599999
      vertex 16.7567 -13.4903 0.599999
    endloop
  endfacet
  facet normal -0.195116 -0.98078 0
    outer loop
      vertex 15.153 -18.2148 0.599999
      vertex 15.4737 -18.2786 8
      vertex 15.153 -18.2148 8
    endloop
  endfacet
  facet normal -0.195116 -0.98078 -0
    outer loop
      vertex 15.4737 -18.2786 8
      vertex 15.153 -18.2148 0.599999
      vertex 15.4737 -18.2786 0.599999
    endloop
  endfacet
  facet normal -0.946957 -0.32136 0
    outer loop
      vertex 13.4903 -16.7567 0.599999
      vertex 13.3852 -16.447 8
      vertex 13.3852 -16.447 0.599999
    endloop
  endfacet
  facet normal -0.946957 -0.32136 0
    outer loop
      vertex 13.3852 -16.447 8
      vertex 13.4903 -16.7567 0.599999
      vertex 13.4903 -16.7567 8
    endloop
  endfacet
  facet normal -0.555617 0.831438 0
    outer loop
      vertex 14.55 -13.6349 0.599999
      vertex 14.2781 -13.8166 8
      vertex 14.55 -13.6349 8
    endloop
  endfacet
  facet normal -0.555617 0.831438 0
    outer loop
      vertex 14.2781 -13.8166 8
      vertex 14.55 -13.6349 0.599999
      vertex 14.2781 -13.8166 0.599999
    endloop
  endfacet
  facet normal -0.0654432 -0.997856 0
    outer loop
      vertex 15.4737 -18.2786 0.599999
      vertex 15.8 -18.3 8
      vertex 15.4737 -18.2786 8
    endloop
  endfacet
  facet normal -0.0654432 -0.997856 -0
    outer loop
      vertex 15.8 -18.3 8
      vertex 15.4737 -18.2786 0.599999
      vertex 15.8 -18.3 0.599999
    endloop
  endfacet
  facet normal 0.442191 -0.896921 0
    outer loop
      vertex 16.7567 -18.1097 0.599999
      vertex 17.05 -17.9651 8
      vertex 16.7567 -18.1097 8
    endloop
  endfacet
  facet normal 0.442191 -0.896921 0
    outer loop
      vertex 17.05 -17.9651 8
      vertex 16.7567 -18.1097 0.599999
      vertex 17.05 -17.9651 0.599999
    endloop
  endfacet
  facet normal 0.195116 -0.98078 0
    outer loop
      vertex 16.1263 -18.2786 0.599999
      vertex 16.447 -18.2148 8
      vertex 16.1263 -18.2786 8
    endloop
  endfacet
  facet normal 0.195116 -0.98078 0
    outer loop
      vertex 16.447 -18.2148 8
      vertex 16.1263 -18.2786 0.599999
      vertex 16.447 -18.2148 0.599999
    endloop
  endfacet
  facet normal 0.896921 -0.442191 0
    outer loop
      vertex 17.9651 -17.05 8
      vertex 18.1097 -16.7567 0.599999
      vertex 18.1097 -16.7567 8
    endloop
  endfacet
  facet normal 0.896921 -0.442191 0
    outer loop
      vertex 18.1097 -16.7567 0.599999
      vertex 17.9651 -17.05 8
      vertex 17.9651 -17.05 0.599999
    endloop
  endfacet
  facet normal -0.0654432 0.997856 0
    outer loop
      vertex 15.8 -13.3 0.599999
      vertex 15.4737 -13.3214 8
      vertex 15.8 -13.3 8
    endloop
  endfacet
  facet normal -0.0654432 0.997856 0
    outer loop
      vertex 15.4737 -13.3214 8
      vertex 15.8 -13.3 0.599999
      vertex 15.4737 -13.3214 0.599999
    endloop
  endfacet
  facet normal 0.555617 0.831438 -0
    outer loop
      vertex 17.3219 -13.8166 0.599999
      vertex 17.05 -13.6349 8
      vertex 17.3219 -13.8166 8
    endloop
  endfacet
  facet normal 0.555617 0.831438 0
    outer loop
      vertex 17.05 -13.6349 8
      vertex 17.3219 -13.8166 0.599999
      vertex 17.05 -13.6349 0.599999
    endloop
  endfacet
  facet normal 0.659262 -0.751913 0
    outer loop
      vertex 17.3219 -17.7834 0.599999
      vertex 17.5678 -17.5678 8
      vertex 17.3219 -17.7834 8
    endloop
  endfacet
  facet normal 0.659262 -0.751913 0
    outer loop
      vertex 17.5678 -17.5678 8
      vertex 17.3219 -17.7834 0.599999
      vertex 17.5678 -17.5678 0.599999
    endloop
  endfacet
  facet normal -0.896921 0.442191 0
    outer loop
      vertex 13.4903 -14.8433 0.599999
      vertex 13.6349 -14.55 8
      vertex 13.6349 -14.55 0.599999
    endloop
  endfacet
  facet normal -0.896921 0.442191 0
    outer loop
      vertex 13.6349 -14.55 8
      vertex 13.4903 -14.8433 0.599999
      vertex 13.4903 -14.8433 8
    endloop
  endfacet
  facet normal -0.751913 -0.659262 0
    outer loop
      vertex 14.0322 -17.5678 0.599999
      vertex 13.8166 -17.3219 8
      vertex 13.8166 -17.3219 0.599999
    endloop
  endfacet
  facet normal -0.751913 -0.659262 0
    outer loop
      vertex 13.8166 -17.3219 8
      vertex 14.0322 -17.5678 0.599999
      vertex 14.0322 -17.5678 8
    endloop
  endfacet
  facet normal 0.195116 0.98078 -0
    outer loop
      vertex 16.447 -13.3852 0.599999
      vertex 16.1263 -13.3214 8
      vertex 16.447 -13.3852 8
    endloop
  endfacet
  facet normal 0.195116 0.98078 0
    outer loop
      vertex 16.1263 -13.3214 8
      vertex 16.447 -13.3852 0.599999
      vertex 16.1263 -13.3214 0.599999
    endloop
  endfacet
  facet normal -0.896921 -0.442191 0
    outer loop
      vertex 13.6349 -17.05 0.599999
      vertex 13.4903 -16.7567 8
      vertex 13.4903 -16.7567 0.599999
    endloop
  endfacet
  facet normal -0.896921 -0.442191 0
    outer loop
      vertex 13.4903 -16.7567 8
      vertex 13.6349 -17.05 0.599999
      vertex 13.6349 -17.05 8
    endloop
  endfacet
  facet normal 0.98078 -0.195116 0
    outer loop
      vertex 18.2148 -16.447 8
      vertex 18.2786 -16.1263 0.599999
      vertex 18.2786 -16.1263 8
    endloop
  endfacet
  facet normal 0.98078 -0.195116 0
    outer loop
      vertex 18.2786 -16.1263 0.599999
      vertex 18.2148 -16.447 8
      vertex 18.2148 -16.447 0.599999
    endloop
  endfacet
  facet normal -0.195116 0.98078 0
    outer loop
      vertex 15.4737 -13.3214 0.599999
      vertex 15.153 -13.3852 8
      vertex 15.4737 -13.3214 8
    endloop
  endfacet
  facet normal -0.195116 0.98078 0
    outer loop
      vertex 15.153 -13.3852 8
      vertex 15.4737 -13.3214 0.599999
      vertex 15.153 -13.3852 0.599999
    endloop
  endfacet
  facet normal 0.751913 0.659262 0
    outer loop
      vertex 17.7834 -14.2781 8
      vertex 17.5678 -14.0322 0.599999
      vertex 17.5678 -14.0322 8
    endloop
  endfacet
  facet normal 0.751913 0.659262 0
    outer loop
      vertex 17.5678 -14.0322 0.599999
      vertex 17.7834 -14.2781 8
      vertex 17.7834 -14.2781 0.599999
    endloop
  endfacet
  facet normal -0.32136 0.946957 0
    outer loop
      vertex 15.153 -13.3852 0.599999
      vertex 14.8433 -13.4903 8
      vertex 15.153 -13.3852 8
    endloop
  endfacet
  facet normal -0.32136 0.946957 0
    outer loop
      vertex 14.8433 -13.4903 8
      vertex 15.153 -13.3852 0.599999
      vertex 14.8433 -13.4903 0.599999
    endloop
  endfacet
  facet normal 0.0654432 -0.997856 0
    outer loop
      vertex 15.8 -18.3 0.599999
      vertex 16.1263 -18.2786 8
      vertex 15.8 -18.3 8
    endloop
  endfacet
  facet normal 0.0654432 -0.997856 0
    outer loop
      vertex 16.1263 -18.2786 8
      vertex 15.8 -18.3 0.599999
      vertex 16.1263 -18.2786 0.599999
    endloop
  endfacet
  facet normal -0.997856 0.0654432 0
    outer loop
      vertex 13.3 -15.8 0.599999
      vertex 13.3214 -15.4737 8
      vertex 13.3214 -15.4737 0.599999
    endloop
  endfacet
  facet normal -0.997856 0.0654432 0
    outer loop
      vertex 13.3214 -15.4737 8
      vertex 13.3 -15.8 0.599999
      vertex 13.3 -15.8 8
    endloop
  endfacet
  facet normal 0 0 1
    outer loop
      vertex 16.6 -15.8 8
      vertex 18.3 -15.8 8
      vertex 18.2786 -15.4737 8
    endloop
  endfacet
  facet normal 0 0 1
    outer loop
      vertex 16.5932 -15.6956 8
      vertex 18.2786 -15.4737 8
      vertex 18.2148 -15.153 8
    endloop
  endfacet
  facet normal 0 0 1
    outer loop
      vertex 18.3 -15.8 8
      vertex 16.6 -15.8 8
      vertex 18.2786 -16.1263 8
    endloop
  endfacet
  facet normal 0 0 1
    outer loop
      vertex 16.5727 -15.5929 8
      vertex 18.2148 -15.153 8
      vertex 18.1097 -14.8433 8
    endloop
  endfacet
  facet normal -0 0 1
    outer loop
      vertex 16.5932 -15.9044 8
      vertex 18.2786 -16.1263 8
      vertex 16.6 -15.8 8
    endloop
  endfacet
  facet normal 0 0 1
    outer loop
      vertex 16.5391 -15.4939 8
      vertex 18.1097 -14.8433 8
      vertex 17.9651 -14.55 8
    endloop
  endfacet
  facet normal 0 0 1
    outer loop
      vertex 18.2786 -16.1263 8
      vertex 16.5932 -15.9044 8
      vertex 18.2148 -16.447 8
    endloop
  endfacet
  facet normal 0 0 1
    outer loop
      vertex 16.4928 -15.4 8
      vertex 17.9651 -14.55 8
      vertex 17.7834 -14.2781 8
    endloop
  endfacet
  facet normal -0 0 1
    outer loop
      vertex 16.5727 -16.0071 8
      vertex 18.2148 -16.447 8
      vertex 16.5932 -15.9044 8
    endloop
  endfacet
  facet normal 0 0 1
    outer loop
      vertex 16.4347 -15.313 8
      vertex 17.7834 -14.2781 8
      vertex 17.5678 -14.0322 8
    endloop
  endfacet
  facet normal 0 0 1
    outer loop
      vertex 18.2148 -16.447 8
      vertex 16.5727 -16.0071 8
      vertex 18.1097 -16.7567 8
    endloop
  endfacet
  facet normal 0 0 1
    outer loop
      vertex 16.3657 -15.2343 8
      vertex 17.5678 -14.0322 8
      vertex 17.3219 -13.8166 8
    endloop
  endfacet
  facet normal -0 0 1
    outer loop
      vertex 16.5391 -16.1061 8
      vertex 18.1097 -16.7567 8
      vertex 16.5727 -16.0071 8
    endloop
  endfacet
  facet normal 0 0 1
    outer loop
      vertex 16.287 -15.1653 8
      vertex 17.3219 -13.8166 8
      vertex 17.05 -13.6349 8
    endloop
  endfacet
  facet normal 0 0 1
    outer loop
      vertex 18.1097 -16.7567 8
      vertex 16.5391 -16.1061 8
      vertex 17.9651 -17.05 8
    endloop
  endfacet
  facet normal 0 0 1
    outer loop
      vertex 16.2 -15.1072 8
      vertex 17.05 -13.6349 8
      vertex 16.7567 -13.4903 8
    endloop
  endfacet
  facet normal -0 0 1
    outer loop
      vertex 16.4928 -16.2 8
      vertex 17.9651 -17.05 8
      vertex 16.5391 -16.1061 8
    endloop
  endfacet
  facet normal 0 0 1
    outer loop
      vertex 17.9651 -17.05 8
      vertex 16.4928 -16.2 8
      vertex 17.7834 -17.3219 8
    endloop
  endfacet
  facet normal 0 0 1
    outer loop
      vertex 18.2786 -15.4737 8
      vertex 16.5932 -15.6956 8
      vertex 16.6 -15.8 8
    endloop
  endfacet
  facet normal 0 0 1
    outer loop
      vertex 18.2148 -15.153 8
      vertex 16.5727 -15.5929 8
      vertex 16.5932 -15.6956 8
    endloop
  endfacet
  facet normal 0 0 1
    outer loop
      vertex 18.1097 -14.8433 8
      vertex 16.5391 -15.4939 8
      vertex 16.5727 -15.5929 8
    endloop
  endfacet
  facet normal 0 0 1
    outer loop
      vertex 17.9651 -14.55 8
      vertex 16.4928 -15.4 8
      vertex 16.5391 -15.4939 8
    endloop
  endfacet
  facet normal 0 0 1
    outer loop
      vertex 16.1061 -15.0609 8
      vertex 16.7567 -13.4903 8
      vertex 16.447 -13.3852 8
    endloop
  endfacet
  facet normal 0 0 1
    outer loop
      vertex 17.7834 -14.2781 8
      vertex 16.4347 -15.313 8
      vertex 16.4928 -15.4 8
    endloop
  endfacet
  facet normal 0 0 1
    outer loop
      vertex 17.5678 -14.0322 8
      vertex 16.3657 -15.2343 8
      vertex 16.4347 -15.313 8
    endloop
  endfacet
  facet normal 0 0 1
    outer loop
      vertex 17.3219 -13.8166 8
      vertex 16.287 -15.1653 8
      vertex 16.3657 -15.2343 8
    endloop
  endfacet
  facet normal 0 0 1
    outer loop
      vertex 17.05 -13.6349 8
      vertex 16.2 -15.1072 8
      vertex 16.287 -15.1653 8
    endloop
  endfacet
  facet normal 0 0 1
    outer loop
      vertex 16.0071 -15.0273 8
      vertex 16.447 -13.3852 8
      vertex 16.1263 -13.3214 8
    endloop
  endfacet
  facet normal 0 0 1
    outer loop
      vertex 16.7567 -13.4903 8
      vertex 16.1061 -15.0609 8
      vertex 16.2 -15.1072 8
    endloop
  endfacet
  facet normal 0 0 1
    outer loop
      vertex 16.447 -13.3852 8
      vertex 16.0071 -15.0273 8
      vertex 16.1061 -15.0609 8
    endloop
  endfacet
  facet normal 0 0 1
    outer loop
      vertex 16.1263 -13.3214 8
      vertex 15.9044 -15.0068 8
      vertex 16.0071 -15.0273 8
    endloop
  endfacet
  facet normal 0 0 1
    outer loop
      vertex 15.8 -13.3 8
      vertex 15.9044 -15.0068 8
      vertex 16.1263 -13.3214 8
    endloop
  endfacet
  facet normal 0 0 1
    outer loop
      vertex 15.8 -13.3 8
      vertex 15.8 -15 8
      vertex 15.9044 -15.0068 8
    endloop
  endfacet
  facet normal 0 0 1
    outer loop
      vertex 15.8 -13.3 8
      vertex 15.6956 -15.0068 8
      vertex 15.8 -15 8
    endloop
  endfacet
  facet normal -0 0 1
    outer loop
      vertex 15.4737 -13.3214 8
      vertex 15.6956 -15.0068 8
      vertex 15.8 -13.3 8
    endloop
  endfacet
  facet normal 0 0 1
    outer loop
      vertex 15.6956 -15.0068 8
      vertex 15.4737 -13.3214 8
      vertex 15.5929 -15.0273 8
    endloop
  endfacet
  facet normal -0 0 1
    outer loop
      vertex 15.153 -13.3852 8
      vertex 15.5929 -15.0273 8
      vertex 15.4737 -13.3214 8
    endloop
  endfacet
  facet normal 0 0 1
    outer loop
      vertex 15.5929 -15.0273 8
      vertex 15.153 -13.3852 8
      vertex 15.4939 -15.0609 8
    endloop
  endfacet
  facet normal -0 0 1
    outer loop
      vertex 14.8433 -13.4903 8
      vertex 15.4939 -15.0609 8
      vertex 15.153 -13.3852 8
    endloop
  endfacet
  facet normal 0 0 1
    outer loop
      vertex 15.4939 -15.0609 8
      vertex 14.8433 -13.4903 8
      vertex 15.4 -15.1072 8
    endloop
  endfacet
  facet normal -0 0 1
    outer loop
      vertex 14.55 -13.6349 8
      vertex 15.4 -15.1072 8
      vertex 14.8433 -13.4903 8
    endloop
  endfacet
  facet normal 0 0 1
    outer loop
      vertex 15.4 -15.1072 8
      vertex 14.55 -13.6349 8
      vertex 15.313 -15.1653 8
    endloop
  endfacet
  facet normal -0 0 1
    outer loop
      vertex 14.2781 -13.8166 8
      vertex 15.313 -15.1653 8
      vertex 14.55 -13.6349 8
    endloop
  endfacet
  facet normal 0 0 1
    outer loop
      vertex 15.313 -15.1653 8
      vertex 14.2781 -13.8166 8
      vertex 15.2343 -15.2343 8
    endloop
  endfacet
  facet normal -0 0 1
    outer loop
      vertex 14.0322 -14.0322 8
      vertex 15.2343 -15.2343 8
      vertex 14.2781 -13.8166 8
    endloop
  endfacet
  facet normal 0 0 1
    outer loop
      vertex 15.2343 -15.2343 8
      vertex 14.0322 -14.0322 8
      vertex 15.1653 -15.313 8
    endloop
  endfacet
  facet normal -0 0 1
    outer loop
      vertex 13.8166 -14.2781 8
      vertex 15.1653 -15.313 8
      vertex 14.0322 -14.0322 8
    endloop
  endfacet
  facet normal 0 0 1
    outer loop
      vertex 15.1653 -15.313 8
      vertex 13.8166 -14.2781 8
      vertex 15.1072 -15.4 8
    endloop
  endfacet
  facet normal -0 0 1
    outer loop
      vertex 16.4347 -16.287 8
      vertex 17.7834 -17.3219 8
      vertex 16.4928 -16.2 8
    endloop
  endfacet
  facet normal 0 0 1
    outer loop
      vertex 17.7834 -17.3219 8
      vertex 16.4347 -16.287 8
      vertex 17.5678 -17.5678 8
    endloop
  endfacet
  facet normal -0 0 1
    outer loop
      vertex 16.3657 -16.3657 8
      vertex 17.5678 -17.5678 8
      vertex 16.4347 -16.287 8
    endloop
  endfacet
  facet normal 0 0 1
    outer loop
      vertex 17.5678 -17.5678 8
      vertex 16.3657 -16.3657 8
      vertex 17.3219 -17.7834 8
    endloop
  endfacet
  facet normal -0 0 1
    outer loop
      vertex 16.287 -16.4347 8
      vertex 17.3219 -17.7834 8
      vertex 16.3657 -16.3657 8
    endloop
  endfacet
  facet normal 0 0 1
    outer loop
      vertex 17.3219 -17.7834 8
      vertex 16.287 -16.4347 8
      vertex 17.05 -17.9651 8
    endloop
  endfacet
  facet normal -0 0 1
    outer loop
      vertex 16.2 -16.4928 8
      vertex 17.05 -17.9651 8
      vertex 16.287 -16.4347 8
    endloop
  endfacet
  facet normal 0 0 1
    outer loop
      vertex 17.05 -17.9651 8
      vertex 16.2 -16.4928 8
      vertex 16.7567 -18.1097 8
    endloop
  endfacet
  facet normal -0 0 1
    outer loop
      vertex 16.1061 -16.5391 8
      vertex 16.7567 -18.1097 8
      vertex 16.2 -16.4928 8
    endloop
  endfacet
  facet normal 0 0 1
    outer loop
      vertex 16.7567 -18.1097 8
      vertex 16.1061 -16.5391 8
      vertex 16.447 -18.2148 8
    endloop
  endfacet
  facet normal -0 0 1
    outer loop
      vertex 16.0071 -16.5727 8
      vertex 16.447 -18.2148 8
      vertex 16.1061 -16.5391 8
    endloop
  endfacet
  facet normal 0 0 1
    outer loop
      vertex 16.447 -18.2148 8
      vertex 16.0071 -16.5727 8
      vertex 16.1263 -18.2786 8
    endloop
  endfacet
  facet normal -0 0 1
    outer loop
      vertex 15.9044 -16.5932 8
      vertex 16.1263 -18.2786 8
      vertex 16.0071 -16.5727 8
    endloop
  endfacet
  facet normal -0 0 1
    outer loop
      vertex 15.8 -16.6 8
      vertex 16.1263 -18.2786 8
      vertex 15.9044 -16.5932 8
    endloop
  endfacet
  facet normal 0 0 1
    outer loop
      vertex 15.8 -16.6 8
      vertex 15.8 -18.3 8
      vertex 16.1263 -18.2786 8
    endloop
  endfacet
  facet normal 0 0 1
    outer loop
      vertex 15.6956 -16.5932 8
      vertex 15.8 -18.3 8
      vertex 15.8 -16.6 8
    endloop
  endfacet
  facet normal 0 0 1
    outer loop
      vertex 15.4737 -18.2786 8
      vertex 15.6956 -16.5932 8
      vertex 15.5929 -16.5727 8
    endloop
  endfacet
  facet normal 0 0 1
    outer loop
      vertex 15.153 -18.2148 8
      vertex 15.5929 -16.5727 8
      vertex 15.4939 -16.5391 8
    endloop
  endfacet
  facet normal 0 0 1
    outer loop
      vertex 15.6956 -16.5932 8
      vertex 15.4737 -18.2786 8
      vertex 15.8 -18.3 8
    endloop
  endfacet
  facet normal 0 0 1
    outer loop
      vertex 14.8433 -18.1097 8
      vertex 15.4939 -16.5391 8
      vertex 15.4 -16.4928 8
    endloop
  endfacet
  facet normal 0 0 1
    outer loop
      vertex 14.55 -17.9651 8
      vertex 15.4 -16.4928 8
      vertex 15.313 -16.4347 8
    endloop
  endfacet
  facet normal 0 0 1
    outer loop
      vertex 14.2781 -17.7834 8
      vertex 15.313 -16.4347 8
      vertex 15.2343 -16.3657 8
    endloop
  endfacet
  facet normal 0 0 1
    outer loop
      vertex 14.0322 -17.5678 8
      vertex 15.2343 -16.3657 8
      vertex 15.1653 -16.287 8
    endloop
  endfacet
  facet normal 0 0 1
    outer loop
      vertex 15.5929 -16.5727 8
      vertex 15.153 -18.2148 8
      vertex 15.4737 -18.2786 8
    endloop
  endfacet
  facet normal 0 0 1
    outer loop
      vertex 13.8166 -17.3219 8
      vertex 15.1653 -16.287 8
      vertex 15.1072 -16.2 8
    endloop
  endfacet
  facet normal 0 0 1
    outer loop
      vertex 13.6349 -17.05 8
      vertex 15.1072 -16.2 8
      vertex 15.0609 -16.1061 8
    endloop
  endfacet
  facet normal 0 0 1
    outer loop
      vertex 13.4903 -16.7567 8
      vertex 15.0609 -16.1061 8
      vertex 15.0273 -16.0071 8
    endloop
  endfacet
  facet normal 0 0 1
    outer loop
      vertex 13.3852 -16.447 8
      vertex 15.0273 -16.0071 8
      vertex 15.0068 -15.9044 8
    endloop
  endfacet
  facet normal 0 0 1
    outer loop
      vertex 13.3214 -16.1263 8
      vertex 15.0068 -15.9044 8
      vertex 15 -15.8 8
    endloop
  endfacet
  facet normal -0 0 1
    outer loop
      vertex 13.6349 -14.55 8
      vertex 15.1072 -15.4 8
      vertex 13.8166 -14.2781 8
    endloop
  endfacet
  facet normal 0 0 1
    outer loop
      vertex 15.4939 -16.5391 8
      vertex 14.8433 -18.1097 8
      vertex 15.153 -18.2148 8
    endloop
  endfacet
  facet normal 0 0 1
    outer loop
      vertex 15.1072 -15.4 8
      vertex 13.6349 -14.55 8
      vertex 15.0609 -15.4939 8
    endloop
  endfacet
  facet normal 0 0 1
    outer loop
      vertex 15.4 -16.4928 8
      vertex 14.55 -17.9651 8
      vertex 14.8433 -18.1097 8
    endloop
  endfacet
  facet normal -0 0 1
    outer loop
      vertex 13.4903 -14.8433 8
      vertex 15.0609 -15.4939 8
      vertex 13.6349 -14.55 8
    endloop
  endfacet
  facet normal 0 0 1
    outer loop
      vertex 15.313 -16.4347 8
      vertex 14.2781 -17.7834 8
      vertex 14.55 -17.9651 8
    endloop
  endfacet
  facet normal 0 0 1
    outer loop
      vertex 15.0609 -15.4939 8
      vertex 13.4903 -14.8433 8
      vertex 15.0273 -15.5929 8
    endloop
  endfacet
  facet normal 0 0 1
    outer loop
      vertex 15.2343 -16.3657 8
      vertex 14.0322 -17.5678 8
      vertex 14.2781 -17.7834 8
    endloop
  endfacet
  facet normal -0 0 1
    outer loop
      vertex 13.3852 -15.153 8
      vertex 15.0273 -15.5929 8
      vertex 13.4903 -14.8433 8
    endloop
  endfacet
  facet normal 0 0 1
    outer loop
      vertex 15.1653 -16.287 8
      vertex 13.8166 -17.3219 8
      vertex 14.0322 -17.5678 8
    endloop
  endfacet
  facet normal 0 0 1
    outer loop
      vertex 15.0273 -15.5929 8
      vertex 13.3852 -15.153 8
      vertex 15.0068 -15.6956 8
    endloop
  endfacet
  facet normal 0 0 1
    outer loop
      vertex 15.1072 -16.2 8
      vertex 13.6349 -17.05 8
      vertex 13.8166 -17.3219 8
    endloop
  endfacet
  facet normal -0 0 1
    outer loop
      vertex 13.3214 -15.4737 8
      vertex 15.0068 -15.6956 8
      vertex 13.3852 -15.153 8
    endloop
  endfacet
  facet normal 0 0 1
    outer loop
      vertex 15.0609 -16.1061 8
      vertex 13.4903 -16.7567 8
      vertex 13.6349 -17.05 8
    endloop
  endfacet
  facet normal 0 0 1
    outer loop
      vertex 15.0068 -15.6956 8
      vertex 13.3214 -15.4737 8
      vertex 15 -15.8 8
    endloop
  endfacet
  facet normal 0 0 1
    outer loop
      vertex 15.0273 -16.0071 8
      vertex 13.3852 -16.447 8
      vertex 13.4903 -16.7567 8
    endloop
  endfacet
  facet normal 0 0 1
    outer loop
      vertex 13.3 -15.8 8
      vertex 15 -15.8 8
      vertex 13.3214 -15.4737 8
    endloop
  endfacet
  facet normal 0 0 1
    outer loop
      vertex 15.0068 -15.9044 8
      vertex 13.3214 -16.1263 8
      vertex 13.3852 -16.447 8
    endloop
  endfacet
  facet normal 0 0 1
    outer loop
      vertex 15 -15.8 8
      vertex 13.3 -15.8 8
      vertex 13.3214 -16.1263 8
    endloop
  endfacet
  facet normal -0.98078 0.195116 0
    outer loop
      vertex 13.3214 -15.4737 0.599999
      vertex 13.3852 -15.153 8
      vertex 13.3852 -15.153 0.599999
    endloop
  endfacet
  facet normal -0.98078 0.195116 0
    outer loop
      vertex 13.3852 -15.153 8
      vertex 13.3214 -15.4737 0.599999
      vertex 13.3214 -15.4737 8
    endloop
  endfacet
  facet normal 0.555617 -0.831438 0
    outer loop
      vertex 17.05 -17.9651 0.599999
      vertex 17.3219 -17.7834 8
      vertex 17.05 -17.9651 8
    endloop
  endfacet
  facet normal 0.555617 -0.831438 0
    outer loop
      vertex 17.3219 -17.7834 8
      vertex 17.05 -17.9651 0.599999
      vertex 17.3219 -17.7834 0.599999
    endloop
  endfacet
  facet normal -0.659262 -0.751913 0
    outer loop
      vertex 14.0322 -17.5678 0.599999
      vertex 14.2781 -17.7834 8
      vertex 14.0322 -17.5678 8
    endloop
  endfacet
  facet normal -0.659262 -0.751913 -0
    outer loop
      vertex 14.2781 -17.7834 8
      vertex 14.0322 -17.5678 0.599999
      vertex 14.2781 -17.7834 0.599999
    endloop
  endfacet
  facet normal -0.32136 -0.946957 0
    outer loop
      vertex 14.8433 -18.1097 0.599999
      vertex 15.153 -18.2148 8
      vertex 14.8433 -18.1097 8
    endloop
  endfacet
  facet normal -0.32136 -0.946957 -0
    outer loop
      vertex 15.153 -18.2148 8
      vertex 14.8433 -18.1097 0.599999
      vertex 15.153 -18.2148 0.599999
    endloop
  endfacet
  facet normal -0.555617 -0.831438 0
    outer loop
      vertex 14.2781 -17.7834 0.599999
      vertex 14.55 -17.9651 8
      vertex 14.2781 -17.7834 8
    endloop
  endfacet
  facet normal -0.555617 -0.831438 -0
    outer loop
      vertex 14.55 -17.9651 8
      vertex 14.2781 -17.7834 0.599999
      vertex 14.55 -17.9651 0.599999
    endloop
  endfacet
  facet normal -0.831438 0.555617 0
    outer loop
      vertex 13.6349 -14.55 0.599999
      vertex 13.8166 -14.2781 8
      vertex 13.8166 -14.2781 0.599999
    endloop
  endfacet
  facet normal -0.831438 0.555617 0
    outer loop
      vertex 13.8166 -14.2781 8
      vertex 13.6349 -14.55 0.599999
      vertex 13.6349 -14.55 8
    endloop
  endfacet
  facet normal -0.751913 0.659262 0
    outer loop
      vertex 13.8166 -14.2781 0.599999
      vertex 14.0322 -14.0322 8
      vertex 14.0322 -14.0322 0.599999
    endloop
  endfacet
  facet normal -0.751913 0.659262 0
    outer loop
      vertex 14.0322 -14.0322 8
      vertex 13.8166 -14.2781 0.599999
      vertex 13.8166 -14.2781 8
    endloop
  endfacet
  facet normal 0.0654432 -0.997856 0
    outer loop
      vertex 15.8 13.3 0.599999
      vertex 16.1263 13.3214 8
      vertex 15.8 13.3 8
    endloop
  endfacet
  facet normal 0.0654432 -0.997856 0
    outer loop
      vertex 16.1263 13.3214 8
      vertex 15.8 13.3 0.599999
      vertex 16.1263 13.3214 0.599999
    endloop
  endfacet
  facet normal 0.98078 0.195116 0
    outer loop
      vertex 18.2786 16.1263 8
      vertex 18.2148 16.447 0.599999
      vertex 18.2148 16.447 8
    endloop
  endfacet
  facet normal 0.98078 0.195116 0
    outer loop
      vertex 18.2148 16.447 0.599999
      vertex 18.2786 16.1263 8
      vertex 18.2786 16.1263 0.599999
    endloop
  endfacet
  facet normal 0.997856 0.0654432 0
    outer loop
      vertex 18.3 15.8 8
      vertex 18.2786 16.1263 0.599999
      vertex 18.2786 16.1263 8
    endloop
  endfacet
  facet normal 0.997856 0.0654432 0
    outer loop
      vertex 18.2786 16.1263 0.599999
      vertex 18.3 15.8 8
      vertex 18.3 15.8 0.599999
    endloop
  endfacet
  facet normal 0.946957 0.32136 0
    outer loop
      vertex 18.2148 16.447 8
      vertex 18.1097 16.7567 0.599999
      vertex 18.1097 16.7567 8
    endloop
  endfacet
  facet normal 0.946957 0.32136 0
    outer loop
      vertex 18.1097 16.7567 0.599999
      vertex 18.2148 16.447 8
      vertex 18.2148 16.447 0.599999
    endloop
  endfacet
  facet normal -0.997856 -0.0654432 0
    outer loop
      vertex 13.3214 15.4737 0.599999
      vertex 13.3 15.8 8
      vertex 13.3 15.8 0.599999
    endloop
  endfacet
  facet normal -0.997856 -0.0654432 0
    outer loop
      vertex 13.3 15.8 8
      vertex 13.3214 15.4737 0.599999
      vertex 13.3214 15.4737 8
    endloop
  endfacet
  facet normal 0.896921 0.442191 0
    outer loop
      vertex 18.1097 16.7567 8
      vertex 17.9651 17.05 0.599999
      vertex 17.9651 17.05 8
    endloop
  endfacet
  facet normal 0.896921 0.442191 0
    outer loop
      vertex 17.9651 17.05 0.599999
      vertex 18.1097 16.7567 8
      vertex 18.1097 16.7567 0.599999
    endloop
  endfacet
  facet normal 0.195116 -0.98078 0
    outer loop
      vertex 16.1263 13.3214 0.599999
      vertex 16.447 13.3852 8
      vertex 16.1263 13.3214 8
    endloop
  endfacet
  facet normal 0.195116 -0.98078 0
    outer loop
      vertex 16.447 13.3852 8
      vertex 16.1263 13.3214 0.599999
      vertex 16.447 13.3852 0.599999
    endloop
  endfacet
  facet normal 0.555617 0.831438 -0
    outer loop
      vertex 17.3219 17.7834 0.599999
      vertex 17.05 17.9651 8
      vertex 17.3219 17.7834 8
    endloop
  endfacet
  facet normal 0.555617 0.831438 0
    outer loop
      vertex 17.05 17.9651 8
      vertex 17.3219 17.7834 0.599999
      vertex 17.05 17.9651 0.599999
    endloop
  endfacet
  facet normal 0.751913 -0.659262 0
    outer loop
      vertex 17.5678 14.0322 8
      vertex 17.7834 14.2781 0.599999
      vertex 17.7834 14.2781 8
    endloop
  endfacet
  facet normal 0.751913 -0.659262 0
    outer loop
      vertex 17.7834 14.2781 0.599999
      vertex 17.5678 14.0322 8
      vertex 17.5678 14.0322 0.599999
    endloop
  endfacet
  facet normal 0.946957 -0.32136 0
    outer loop
      vertex 18.1097 14.8433 8
      vertex 18.2148 15.153 0.599999
      vertex 18.2148 15.153 8
    endloop
  endfacet
  facet normal 0.946957 -0.32136 0
    outer loop
      vertex 18.2148 15.153 0.599999
      vertex 18.1097 14.8433 8
      vertex 18.1097 14.8433 0.599999
    endloop
  endfacet
  facet normal 0.831438 0.555617 0
    outer loop
      vertex 17.9651 17.05 8
      vertex 17.7834 17.3219 0.599999
      vertex 17.7834 17.3219 8
    endloop
  endfacet
  facet normal 0.831438 0.555617 0
    outer loop
      vertex 17.7834 17.3219 0.599999
      vertex 17.9651 17.05 8
      vertex 17.9651 17.05 0.599999
    endloop
  endfacet
  facet normal 0.751913 0.659262 0
    outer loop
      vertex 17.7834 17.3219 8
      vertex 17.5678 17.5678 0.599999
      vertex 17.5678 17.5678 8
    endloop
  endfacet
  facet normal 0.751913 0.659262 0
    outer loop
      vertex 17.5678 17.5678 0.599999
      vertex 17.7834 17.3219 8
      vertex 17.7834 17.3219 0.599999
    endloop
  endfacet
  facet normal -0.442191 0.896921 0
    outer loop
      vertex 14.8433 18.1097 0.599999
      vertex 14.55 17.9651 8
      vertex 14.8433 18.1097 8
    endloop
  endfacet
  facet normal -0.442191 0.896921 0
    outer loop
      vertex 14.55 17.9651 8
      vertex 14.8433 18.1097 0.599999
      vertex 14.55 17.9651 0.599999
    endloop
  endfacet
  facet normal -0.555617 0.831438 0
    outer loop
      vertex 14.55 17.9651 0.599999
      vertex 14.2781 17.7834 8
      vertex 14.55 17.9651 8
    endloop
  endfacet
  facet normal -0.555617 0.831438 0
    outer loop
      vertex 14.2781 17.7834 8
      vertex 14.55 17.9651 0.599999
      vertex 14.2781 17.7834 0.599999
    endloop
  endfacet
  facet normal 0.32136 -0.946957 0
    outer loop
      vertex 16.447 13.3852 0.599999
      vertex 16.7567 13.4903 8
      vertex 16.447 13.3852 8
    endloop
  endfacet
  facet normal 0.32136 -0.946957 0
    outer loop
      vertex 16.7567 13.4903 8
      vertex 16.447 13.3852 0.599999
      vertex 16.7567 13.4903 0.599999
    endloop
  endfacet
  facet normal 0.442191 -0.896921 0
    outer loop
      vertex 16.7567 13.4903 0.599999
      vertex 17.05 13.6349 8
      vertex 16.7567 13.4903 8
    endloop
  endfacet
  facet normal 0.442191 -0.896921 0
    outer loop
      vertex 17.05 13.6349 8
      vertex 16.7567 13.4903 0.599999
      vertex 17.05 13.6349 0.599999
    endloop
  endfacet
  facet normal 0.442191 0.896921 -0
    outer loop
      vertex 17.05 17.9651 0.599999
      vertex 16.7567 18.1097 8
      vertex 17.05 17.9651 8
    endloop
  endfacet
  facet normal 0.442191 0.896921 0
    outer loop
      vertex 16.7567 18.1097 8
      vertex 17.05 17.9651 0.599999
      vertex 16.7567 18.1097 0.599999
    endloop
  endfacet
  facet normal 0.659262 -0.751913 0
    outer loop
      vertex 17.3219 13.8166 0.599999
      vertex 17.5678 14.0322 8
      vertex 17.3219 13.8166 8
    endloop
  endfacet
  facet normal 0.659262 -0.751913 0
    outer loop
      vertex 17.5678 14.0322 8
      vertex 17.3219 13.8166 0.599999
      vertex 17.5678 14.0322 0.599999
    endloop
  endfacet
  facet normal 0.997856 -0.0654432 0
    outer loop
      vertex 18.2786 15.4737 8
      vertex 18.3 15.8 0.599999
      vertex 18.3 15.8 8
    endloop
  endfacet
  facet normal 0.997856 -0.0654432 0
    outer loop
      vertex 18.3 15.8 0.599999
      vertex 18.2786 15.4737 8
      vertex 18.2786 15.4737 0.599999
    endloop
  endfacet
  facet normal -0.946957 -0.32136 0
    outer loop
      vertex 13.4903 14.8433 0.599999
      vertex 13.3852 15.153 8
      vertex 13.3852 15.153 0.599999
    endloop
  endfacet
  facet normal -0.946957 -0.32136 0
    outer loop
      vertex 13.3852 15.153 8
      vertex 13.4903 14.8433 0.599999
      vertex 13.4903 14.8433 8
    endloop
  endfacet
  facet normal -0.751913 0.659262 0
    outer loop
      vertex 13.8166 17.3219 0.599999
      vertex 14.0322 17.5678 8
      vertex 14.0322 17.5678 0.599999
    endloop
  endfacet
  facet normal -0.751913 0.659262 0
    outer loop
      vertex 14.0322 17.5678 8
      vertex 13.8166 17.3219 0.599999
      vertex 13.8166 17.3219 8
    endloop
  endfacet
  facet normal 0.32136 0.946957 -0
    outer loop
      vertex 16.7567 18.1097 0.599999
      vertex 16.447 18.2148 8
      vertex 16.7567 18.1097 8
    endloop
  endfacet
  facet normal 0.32136 0.946957 0
    outer loop
      vertex 16.447 18.2148 8
      vertex 16.7567 18.1097 0.599999
      vertex 16.447 18.2148 0.599999
    endloop
  endfacet
  facet normal -0.195116 -0.98078 0
    outer loop
      vertex 15.153 13.3852 0.599999
      vertex 15.4737 13.3214 8
      vertex 15.153 13.3852 8
    endloop
  endfacet
  facet normal -0.195116 -0.98078 -0
    outer loop
      vertex 15.4737 13.3214 8
      vertex 15.153 13.3852 0.599999
      vertex 15.4737 13.3214 0.599999
    endloop
  endfacet
  facet normal -0.32136 0.946957 0
    outer loop
      vertex 15.153 18.2148 0.599999
      vertex 14.8433 18.1097 8
      vertex 15.153 18.2148 8
    endloop
  endfacet
  facet normal -0.32136 0.946957 0
    outer loop
      vertex 14.8433 18.1097 8
      vertex 15.153 18.2148 0.599999
      vertex 14.8433 18.1097 0.599999
    endloop
  endfacet
  facet normal 0.555617 -0.831438 0
    outer loop
      vertex 17.05 13.6349 0.599999
      vertex 17.3219 13.8166 8
      vertex 17.05 13.6349 8
    endloop
  endfacet
  facet normal 0.555617 -0.831438 0
    outer loop
      vertex 17.3219 13.8166 8
      vertex 17.05 13.6349 0.599999
      vertex 17.3219 13.8166 0.599999
    endloop
  endfacet
  facet normal -0.0654432 -0.997856 0
    outer loop
      vertex 15.4737 13.3214 0.599999
      vertex 15.8 13.3 8
      vertex 15.4737 13.3214 8
    endloop
  endfacet
  facet normal -0.0654432 -0.997856 -0
    outer loop
      vertex 15.8 13.3 8
      vertex 15.4737 13.3214 0.599999
      vertex 15.8 13.3 0.599999
    endloop
  endfacet
  facet normal -0.831438 -0.555617 0
    outer loop
      vertex 13.8166 14.2781 0.599999
      vertex 13.6349 14.55 8
      vertex 13.6349 14.55 0.599999
    endloop
  endfacet
  facet normal -0.831438 -0.555617 0
    outer loop
      vertex 13.6349 14.55 8
      vertex 13.8166 14.2781 0.599999
      vertex 13.8166 14.2781 8
    endloop
  endfacet
  facet normal -0.195116 0.98078 0
    outer loop
      vertex 15.4737 18.2786 0.599999
      vertex 15.153 18.2148 8
      vertex 15.4737 18.2786 8
    endloop
  endfacet
  facet normal -0.195116 0.98078 0
    outer loop
      vertex 15.153 18.2148 8
      vertex 15.4737 18.2786 0.599999
      vertex 15.153 18.2148 0.599999
    endloop
  endfacet
  facet normal -0.896921 -0.442191 0
    outer loop
      vertex 13.6349 14.55 0.599999
      vertex 13.4903 14.8433 8
      vertex 13.4903 14.8433 0.599999
    endloop
  endfacet
  facet normal -0.896921 -0.442191 0
    outer loop
      vertex 13.4903 14.8433 8
      vertex 13.6349 14.55 0.599999
      vertex 13.6349 14.55 8
    endloop
  endfacet
  facet normal 0.659262 0.751913 -0
    outer loop
      vertex 17.5678 17.5678 0.599999
      vertex 17.3219 17.7834 8
      vertex 17.5678 17.5678 8
    endloop
  endfacet
  facet normal 0.659262 0.751913 0
    outer loop
      vertex 17.3219 17.7834 8
      vertex 17.5678 17.5678 0.599999
      vertex 17.3219 17.7834 0.599999
    endloop
  endfacet
  facet normal -0.946957 0.32136 0
    outer loop
      vertex 13.3852 16.447 0.599999
      vertex 13.4903 16.7567 8
      vertex 13.4903 16.7567 0.599999
    endloop
  endfacet
  facet normal -0.946957 0.32136 0
    outer loop
      vertex 13.4903 16.7567 8
      vertex 13.3852 16.447 0.599999
      vertex 13.3852 16.447 8
    endloop
  endfacet
  facet normal -0.98078 0.195116 0
    outer loop
      vertex 13.3214 16.1263 0.599999
      vertex 13.3852 16.447 8
      vertex 13.3852 16.447 0.599999
    endloop
  endfacet
  facet normal -0.98078 0.195116 0
    outer loop
      vertex 13.3852 16.447 8
      vertex 13.3214 16.1263 0.599999
      vertex 13.3214 16.1263 8
    endloop
  endfacet
  facet normal 0.896921 -0.442191 0
    outer loop
      vertex 17.9651 14.55 8
      vertex 18.1097 14.8433 0.599999
      vertex 18.1097 14.8433 8
    endloop
  endfacet
  facet normal 0.896921 -0.442191 0
    outer loop
      vertex 18.1097 14.8433 0.599999
      vertex 17.9651 14.55 8
      vertex 17.9651 14.55 0.599999
    endloop
  endfacet
  facet normal 0.831438 -0.555617 0
    outer loop
      vertex 17.7834 14.2781 8
      vertex 17.9651 14.55 0.599999
      vertex 17.9651 14.55 8
    endloop
  endfacet
  facet normal 0.831438 -0.555617 0
    outer loop
      vertex 17.9651 14.55 0.599999
      vertex 17.7834 14.2781 8
      vertex 17.7834 14.2781 0.599999
    endloop
  endfacet
  facet normal -0.442191 -0.896921 0
    outer loop
      vertex 14.55 13.6349 0.599999
      vertex 14.8433 13.4903 8
      vertex 14.55 13.6349 8
    endloop
  endfacet
  facet normal -0.442191 -0.896921 -0
    outer loop
      vertex 14.8433 13.4903 8
      vertex 14.55 13.6349 0.599999
      vertex 14.8433 13.4903 0.599999
    endloop
  endfacet
  facet normal 0.195116 0.98078 -0
    outer loop
      vertex 16.447 18.2148 0.599999
      vertex 16.1263 18.2786 8
      vertex 16.447 18.2148 8
    endloop
  endfacet
  facet normal 0.195116 0.98078 0
    outer loop
      vertex 16.1263 18.2786 8
      vertex 16.447 18.2148 0.599999
      vertex 16.1263 18.2786 0.599999
    endloop
  endfacet
  facet normal -0.32136 -0.946957 0
    outer loop
      vertex 14.8433 13.4903 0.599999
      vertex 15.153 13.3852 8
      vertex 14.8433 13.4903 8
    endloop
  endfacet
  facet normal -0.32136 -0.946957 -0
    outer loop
      vertex 15.153 13.3852 8
      vertex 14.8433 13.4903 0.599999
      vertex 15.153 13.3852 0.599999
    endloop
  endfacet
  facet normal -0.98078 -0.195116 0
    outer loop
      vertex 13.3852 15.153 0.599999
      vertex 13.3214 15.4737 8
      vertex 13.3214 15.4737 0.599999
    endloop
  endfacet
  facet normal -0.98078 -0.195116 0
    outer loop
      vertex 13.3214 15.4737 8
      vertex 13.3852 15.153 0.599999
      vertex 13.3852 15.153 8
    endloop
  endfacet
  facet normal -0.896921 0.442191 0
    outer loop
      vertex 13.4903 16.7567 0.599999
      vertex 13.6349 17.05 8
      vertex 13.6349 17.05 0.599999
    endloop
  endfacet
  facet normal -0.896921 0.442191 0
    outer loop
      vertex 13.6349 17.05 8
      vertex 13.4903 16.7567 0.599999
      vertex 13.4903 16.7567 8
    endloop
  endfacet
  facet normal -0.997856 0.0654432 0
    outer loop
      vertex 13.3 15.8 0.599999
      vertex 13.3214 16.1263 8
      vertex 13.3214 16.1263 0.599999
    endloop
  endfacet
  facet normal -0.997856 0.0654432 0
    outer loop
      vertex 13.3214 16.1263 8
      vertex 13.3 15.8 0.599999
      vertex 13.3 15.8 8
    endloop
  endfacet
  facet normal -0.659262 -0.751913 0
    outer loop
      vertex 14.0322 14.0322 0.599999
      vertex 14.2781 13.8166 8
      vertex 14.0322 14.0322 8
    endloop
  endfacet
  facet normal -0.659262 -0.751913 -0
    outer loop
      vertex 14.2781 13.8166 8
      vertex 14.0322 14.0322 0.599999
      vertex 14.2781 13.8166 0.599999
    endloop
  endfacet
  facet normal -0.751913 -0.659262 0
    outer loop
      vertex 14.0322 14.0322 0.599999
      vertex 13.8166 14.2781 8
      vertex 13.8166 14.2781 0.599999
    endloop
  endfacet
  facet normal -0.751913 -0.659262 0
    outer loop
      vertex 13.8166 14.2781 8
      vertex 14.0322 14.0322 0.599999
      vertex 14.0322 14.0322 8
    endloop
  endfacet
  facet normal 0.0654432 0.997856 -0
    outer loop
      vertex 16.1263 18.2786 0.599999
      vertex 15.8 18.3 8
      vertex 16.1263 18.2786 8
    endloop
  endfacet
  facet normal 0.0654432 0.997856 0
    outer loop
      vertex 15.8 18.3 8
      vertex 16.1263 18.2786 0.599999
      vertex 15.8 18.3 0.599999
    endloop
  endfacet
  facet normal 0 0 1
    outer loop
      vertex 16.6 15.8 8
      vertex 18.3 15.8 8
      vertex 18.2786 16.1263 8
    endloop
  endfacet
  facet normal 0 0 1
    outer loop
      vertex 16.5932 15.9044 8
      vertex 18.2786 16.1263 8
      vertex 18.2148 16.447 8
    endloop
  endfacet
  facet normal 0 0 1
    outer loop
      vertex 18.3 15.8 8
      vertex 16.6 15.8 8
      vertex 18.2786 15.4737 8
    endloop
  endfacet
  facet normal 0 0 1
    outer loop
      vertex 16.5727 16.0071 8
      vertex 18.2148 16.447 8
      vertex 18.1097 16.7567 8
    endloop
  endfacet
  facet normal -0 0 1
    outer loop
      vertex 16.5932 15.6956 8
      vertex 18.2786 15.4737 8
      vertex 16.6 15.8 8
    endloop
  endfacet
  facet normal 0 0 1
    outer loop
      vertex 16.5391 16.1061 8
      vertex 18.1097 16.7567 8
      vertex 17.9651 17.05 8
    endloop
  endfacet
  facet normal 0 0 1
    outer loop
      vertex 18.2786 15.4737 8
      vertex 16.5932 15.6956 8
      vertex 18.2148 15.153 8
    endloop
  endfacet
  facet normal 0 0 1
    outer loop
      vertex 16.4928 16.2 8
      vertex 17.9651 17.05 8
      vertex 17.7834 17.3219 8
    endloop
  endfacet
  facet normal -0 0 1
    outer loop
      vertex 16.5727 15.5929 8
      vertex 18.2148 15.153 8
      vertex 16.5932 15.6956 8
    endloop
  endfacet
  facet normal 0 0 1
    outer loop
      vertex 16.4347 16.287 8
      vertex 17.7834 17.3219 8
      vertex 17.5678 17.5678 8
    endloop
  endfacet
  facet normal 0 0 1
    outer loop
      vertex 18.2148 15.153 8
      vertex 16.5727 15.5929 8
      vertex 18.1097 14.8433 8
    endloop
  endfacet
  facet normal 0 0 1
    outer loop
      vertex 16.3657 16.3657 8
      vertex 17.5678 17.5678 8
      vertex 17.3219 17.7834 8
    endloop
  endfacet
  facet normal -0 0 1
    outer loop
      vertex 16.5391 15.4939 8
      vertex 18.1097 14.8433 8
      vertex 16.5727 15.5929 8
    endloop
  endfacet
  facet normal 0 0 1
    outer loop
      vertex 16.287 16.4347 8
      vertex 17.3219 17.7834 8
      vertex 17.05 17.9651 8
    endloop
  endfacet
  facet normal 0 0 1
    outer loop
      vertex 18.1097 14.8433 8
      vertex 16.5391 15.4939 8
      vertex 17.9651 14.55 8
    endloop
  endfacet
  facet normal 0 0 1
    outer loop
      vertex 16.2 16.4928 8
      vertex 17.05 17.9651 8
      vertex 16.7567 18.1097 8
    endloop
  endfacet
  facet normal -0 0 1
    outer loop
      vertex 16.4928 15.4 8
      vertex 17.9651 14.55 8
      vertex 16.5391 15.4939 8
    endloop
  endfacet
  facet normal 0 0 1
    outer loop
      vertex 17.9651 14.55 8
      vertex 16.4928 15.4 8
      vertex 17.7834 14.2781 8
    endloop
  endfacet
  facet normal 0 0 1
    outer loop
      vertex 18.2786 16.1263 8
      vertex 16.5932 15.9044 8
      vertex 16.6 15.8 8
    endloop
  endfacet
  facet normal 0 0 1
    outer loop
      vertex 18.2148 16.447 8
      vertex 16.5727 16.0071 8
      vertex 16.5932 15.9044 8
    endloop
  endfacet
  facet normal 0 0 1
    outer loop
      vertex 18.1097 16.7567 8
      vertex 16.5391 16.1061 8
      vertex 16.5727 16.0071 8
    endloop
  endfacet
  facet normal 0 0 1
    outer loop
      vertex 17.9651 17.05 8
      vertex 16.4928 16.2 8
      vertex 16.5391 16.1061 8
    endloop
  endfacet
  facet normal 0 0 1
    outer loop
      vertex 16.1061 16.5391 8
      vertex 16.7567 18.1097 8
      vertex 16.447 18.2148 8
    endloop
  endfacet
  facet normal 0 0 1
    outer loop
      vertex 17.7834 17.3219 8
      vertex 16.4347 16.287 8
      vertex 16.4928 16.2 8
    endloop
  endfacet
  facet normal 0 0 1
    outer loop
      vertex 17.5678 17.5678 8
      vertex 16.3657 16.3657 8
      vertex 16.4347 16.287 8
    endloop
  endfacet
  facet normal 0 0 1
    outer loop
      vertex 17.3219 17.7834 8
      vertex 16.287 16.4347 8
      vertex 16.3657 16.3657 8
    endloop
  endfacet
  facet normal 0 0 1
    outer loop
      vertex 17.05 17.9651 8
      vertex 16.2 16.4928 8
      vertex 16.287 16.4347 8
    endloop
  endfacet
  facet normal 0 0 1
    outer loop
      vertex 16.0071 16.5727 8
      vertex 16.447 18.2148 8
      vertex 16.1263 18.2786 8
    endloop
  endfacet
  facet normal 0 0 1
    outer loop
      vertex 16.7567 18.1097 8
      vertex 16.1061 16.5391 8
      vertex 16.2 16.4928 8
    endloop
  endfacet
  facet normal 0 0 1
    outer loop
      vertex 16.447 18.2148 8
      vertex 16.0071 16.5727 8
      vertex 16.1061 16.5391 8
    endloop
  endfacet
  facet normal 0 0 1
    outer loop
      vertex 16.1263 18.2786 8
      vertex 15.9044 16.5932 8
      vertex 16.0071 16.5727 8
    endloop
  endfacet
  facet normal 0 0 1
    outer loop
      vertex 15.8 18.3 8
      vertex 15.9044 16.5932 8
      vertex 16.1263 18.2786 8
    endloop
  endfacet
  facet normal 0 0 1
    outer loop
      vertex 15.8 18.3 8
      vertex 15.8 16.6 8
      vertex 15.9044 16.5932 8
    endloop
  endfacet
  facet normal 0 0 1
    outer loop
      vertex 15.8 18.3 8
      vertex 15.6956 16.5932 8
      vertex 15.8 16.6 8
    endloop
  endfacet
  facet normal -0 0 1
    outer loop
      vertex 15.4737 18.2786 8
      vertex 15.6956 16.5932 8
      vertex 15.8 18.3 8
    endloop
  endfacet
  facet normal 0 0 1
    outer loop
      vertex 15.6956 16.5932 8
      vertex 15.4737 18.2786 8
      vertex 15.5929 16.5727 8
    endloop
  endfacet
  facet normal -0 0 1
    outer loop
      vertex 15.153 18.2148 8
      vertex 15.5929 16.5727 8
      vertex 15.4737 18.2786 8
    endloop
  endfacet
  facet normal 0 0 1
    outer loop
      vertex 15.5929 16.5727 8
      vertex 15.153 18.2148 8
      vertex 15.4939 16.5391 8
    endloop
  endfacet
  facet normal -0 0 1
    outer loop
      vertex 14.8433 18.1097 8
      vertex 15.4939 16.5391 8
      vertex 15.153 18.2148 8
    endloop
  endfacet
  facet normal 0 0 1
    outer loop
      vertex 15.4939 16.5391 8
      vertex 14.8433 18.1097 8
      vertex 15.4 16.4928 8
    endloop
  endfacet
  facet normal -0 0 1
    outer loop
      vertex 14.55 17.9651 8
      vertex 15.4 16.4928 8
      vertex 14.8433 18.1097 8
    endloop
  endfacet
  facet normal 0 0 1
    outer loop
      vertex 15.4 16.4928 8
      vertex 14.55 17.9651 8
      vertex 15.313 16.4347 8
    endloop
  endfacet
  facet normal -0 0 1
    outer loop
      vertex 14.2781 17.7834 8
      vertex 15.313 16.4347 8
      vertex 14.55 17.9651 8
    endloop
  endfacet
  facet normal 0 0 1
    outer loop
      vertex 15.313 16.4347 8
      vertex 14.2781 17.7834 8
      vertex 15.2343 16.3657 8
    endloop
  endfacet
  facet normal -0 0 1
    outer loop
      vertex 14.0322 17.5678 8
      vertex 15.2343 16.3657 8
      vertex 14.2781 17.7834 8
    endloop
  endfacet
  facet normal 0 0 1
    outer loop
      vertex 15.2343 16.3657 8
      vertex 14.0322 17.5678 8
      vertex 15.1653 16.287 8
    endloop
  endfacet
  facet normal -0 0 1
    outer loop
      vertex 13.8166 17.3219 8
      vertex 15.1653 16.287 8
      vertex 14.0322 17.5678 8
    endloop
  endfacet
  facet normal 0 0 1
    outer loop
      vertex 15.1653 16.287 8
      vertex 13.8166 17.3219 8
      vertex 15.1072 16.2 8
    endloop
  endfacet
  facet normal -0 0 1
    outer loop
      vertex 16.4347 15.313 8
      vertex 17.7834 14.2781 8
      vertex 16.4928 15.4 8
    endloop
  endfacet
  facet normal 0 0 1
    outer loop
      vertex 17.7834 14.2781 8
      vertex 16.4347 15.313 8
      vertex 17.5678 14.0322 8
    endloop
  endfacet
  facet normal -0 0 1
    outer loop
      vertex 16.3657 15.2343 8
      vertex 17.5678 14.0322 8
      vertex 16.4347 15.313 8
    endloop
  endfacet
  facet normal 0 0 1
    outer loop
      vertex 17.5678 14.0322 8
      vertex 16.3657 15.2343 8
      vertex 17.3219 13.8166 8
    endloop
  endfacet
  facet normal -0 0 1
    outer loop
      vertex 16.287 15.1653 8
      vertex 17.3219 13.8166 8
      vertex 16.3657 15.2343 8
    endloop
  endfacet
  facet normal 0 0 1
    outer loop
      vertex 17.3219 13.8166 8
      vertex 16.287 15.1653 8
      vertex 17.05 13.6349 8
    endloop
  endfacet
  facet normal -0 0 1
    outer loop
      vertex 16.2 15.1072 8
      vertex 17.05 13.6349 8
      vertex 16.287 15.1653 8
    endloop
  endfacet
  facet normal 0 0 1
    outer loop
      vertex 17.05 13.6349 8
      vertex 16.2 15.1072 8
      vertex 16.7567 13.4903 8
    endloop
  endfacet
  facet normal -0 0 1
    outer loop
      vertex 16.1061 15.0609 8
      vertex 16.7567 13.4903 8
      vertex 16.2 15.1072 8
    endloop
  endfacet
  facet normal 0 0 1
    outer loop
      vertex 16.7567 13.4903 8
      vertex 16.1061 15.0609 8
      vertex 16.447 13.3852 8
    endloop
  endfacet
  facet normal -0 0 1
    outer loop
      vertex 16.0071 15.0273 8
      vertex 16.447 13.3852 8
      vertex 16.1061 15.0609 8
    endloop
  endfacet
  facet normal 0 0 1
    outer loop
      vertex 16.447 13.3852 8
      vertex 16.0071 15.0273 8
      vertex 16.1263 13.3214 8
    endloop
  endfacet
  facet normal -0 0 1
    outer loop
      vertex 15.9044 15.0068 8
      vertex 16.1263 13.3214 8
      vertex 16.0071 15.0273 8
    endloop
  endfacet
  facet normal -0 0 1
    outer loop
      vertex 15.8 15 8
      vertex 16.1263 13.3214 8
      vertex 15.9044 15.0068 8
    endloop
  endfacet
  facet normal 0 0 1
    outer loop
      vertex 15.8 15 8
      vertex 15.8 13.3 8
      vertex 16.1263 13.3214 8
    endloop
  endfacet
  facet normal 0 0 1
    outer loop
      vertex 15.6956 15.0068 8
      vertex 15.8 13.3 8
      vertex 15.8 15 8
    endloop
  endfacet
  facet normal 0 0 1
    outer loop
      vertex 15.4737 13.3214 8
      vertex 15.6956 15.0068 8
      vertex 15.5929 15.0273 8
    endloop
  endfacet
  facet normal 0 0 1
    outer loop
      vertex 15.153 13.3852 8
      vertex 15.5929 15.0273 8
      vertex 15.4939 15.0609 8
    endloop
  endfacet
  facet normal 0 0 1
    outer loop
      vertex 15.6956 15.0068 8
      vertex 15.4737 13.3214 8
      vertex 15.8 13.3 8
    endloop
  endfacet
  facet normal 0 0 1
    outer loop
      vertex 14.8433 13.4903 8
      vertex 15.4939 15.0609 8
      vertex 15.4 15.1072 8
    endloop
  endfacet
  facet normal 0 0 1
    outer loop
      vertex 14.55 13.6349 8
      vertex 15.4 15.1072 8
      vertex 15.313 15.1653 8
    endloop
  endfacet
  facet normal 0 0 1
    outer loop
      vertex 14.2781 13.8166 8
      vertex 15.313 15.1653 8
      vertex 15.2343 15.2343 8
    endloop
  endfacet
  facet normal 0 0 1
    outer loop
      vertex 14.0322 14.0322 8
      vertex 15.2343 15.2343 8
      vertex 15.1653 15.313 8
    endloop
  endfacet
  facet normal 0 0 1
    outer loop
      vertex 15.5929 15.0273 8
      vertex 15.153 13.3852 8
      vertex 15.4737 13.3214 8
    endloop
  endfacet
  facet normal 0 0 1
    outer loop
      vertex 13.8166 14.2781 8
      vertex 15.1653 15.313 8
      vertex 15.1072 15.4 8
    endloop
  endfacet
  facet normal 0 0 1
    outer loop
      vertex 13.6349 14.55 8
      vertex 15.1072 15.4 8
      vertex 15.0609 15.4939 8
    endloop
  endfacet
  facet normal 0 0 1
    outer loop
      vertex 13.4903 14.8433 8
      vertex 15.0609 15.4939 8
      vertex 15.0273 15.5929 8
    endloop
  endfacet
  facet normal 0 0 1
    outer loop
      vertex 13.3852 15.153 8
      vertex 15.0273 15.5929 8
      vertex 15.0068 15.6956 8
    endloop
  endfacet
  facet normal 0 0 1
    outer loop
      vertex 13.3214 15.4737 8
      vertex 15.0068 15.6956 8
      vertex 15 15.8 8
    endloop
  endfacet
  facet normal -0 0 1
    outer loop
      vertex 13.6349 17.05 8
      vertex 15.1072 16.2 8
      vertex 13.8166 17.3219 8
    endloop
  endfacet
  facet normal 0 0 1
    outer loop
      vertex 15.4939 15.0609 8
      vertex 14.8433 13.4903 8
      vertex 15.153 13.3852 8
    endloop
  endfacet
  facet normal 0 0 1
    outer loop
      vertex 15.1072 16.2 8
      vertex 13.6349 17.05 8
      vertex 15.0609 16.1061 8
    endloop
  endfacet
  facet normal 0 0 1
    outer loop
      vertex 15.4 15.1072 8
      vertex 14.55 13.6349 8
      vertex 14.8433 13.4903 8
    endloop
  endfacet
  facet normal -0 0 1
    outer loop
      vertex 13.4903 16.7567 8
      vertex 15.0609 16.1061 8
      vertex 13.6349 17.05 8
    endloop
  endfacet
  facet normal 0 0 1
    outer loop
      vertex 15.313 15.1653 8
      vertex 14.2781 13.8166 8
      vertex 14.55 13.6349 8
    endloop
  endfacet
  facet normal 0 0 1
    outer loop
      vertex 15.0609 16.1061 8
      vertex 13.4903 16.7567 8
      vertex 15.0273 16.0071 8
    endloop
  endfacet
  facet normal 0 0 1
    outer loop
      vertex 15.2343 15.2343 8
      vertex 14.0322 14.0322 8
      vertex 14.2781 13.8166 8
    endloop
  endfacet
  facet normal -0 0 1
    outer loop
      vertex 13.3852 16.447 8
      vertex 15.0273 16.0071 8
      vertex 13.4903 16.7567 8
    endloop
  endfacet
  facet normal 0 0 1
    outer loop
      vertex 15.1653 15.313 8
      vertex 13.8166 14.2781 8
      vertex 14.0322 14.0322 8
    endloop
  endfacet
  facet normal 0 0 1
    outer loop
      vertex 15.0273 16.0071 8
      vertex 13.3852 16.447 8
      vertex 15.0068 15.9044 8
    endloop
  endfacet
  facet normal 0 0 1
    outer loop
      vertex 15.1072 15.4 8
      vertex 13.6349 14.55 8
      vertex 13.8166 14.2781 8
    endloop
  endfacet
  facet normal -0 0 1
    outer loop
      vertex 13.3214 16.1263 8
      vertex 15.0068 15.9044 8
      vertex 13.3852 16.447 8
    endloop
  endfacet
  facet normal 0 0 1
    outer loop
      vertex 15.0609 15.4939 8
      vertex 13.4903 14.8433 8
      vertex 13.6349 14.55 8
    endloop
  endfacet
  facet normal 0 0 1
    outer loop
      vertex 15.0068 15.9044 8
      vertex 13.3214 16.1263 8
      vertex 15 15.8 8
    endloop
  endfacet
  facet normal 0 0 1
    outer loop
      vertex 15.0273 15.5929 8
      vertex 13.3852 15.153 8
      vertex 13.4903 14.8433 8
    endloop
  endfacet
  facet normal 0 0 1
    outer loop
      vertex 13.3 15.8 8
      vertex 15 15.8 8
      vertex 13.3214 16.1263 8
    endloop
  endfacet
  facet normal 0 0 1
    outer loop
      vertex 15.0068 15.6956 8
      vertex 13.3214 15.4737 8
      vertex 13.3852 15.153 8
    endloop
  endfacet
  facet normal 0 0 1
    outer loop
      vertex 15 15.8 8
      vertex 13.3 15.8 8
      vertex 13.3214 15.4737 8
    endloop
  endfacet
  facet normal -0.0654432 0.997856 0
    outer loop
      vertex 15.8 18.3 0.599999
      vertex 15.4737 18.2786 8
      vertex 15.8 18.3 8
    endloop
  endfacet
  facet normal -0.0654432 0.997856 0
    outer loop
      vertex 15.4737 18.2786 8
      vertex 15.8 18.3 0.599999
      vertex 15.4737 18.2786 0.599999
    endloop
  endfacet
  facet normal -0.659262 0.751913 0
    outer loop
      vertex 14.2781 17.7834 0.599999
      vertex 14.0322 17.5678 8
      vertex 14.2781 17.7834 8
    endloop
  endfacet
  facet normal -0.659262 0.751913 0
    outer loop
      vertex 14.0322 17.5678 8
      vertex 14.2781 17.7834 0.599999
      vertex 14.0322 17.5678 0.599999
    endloop
  endfacet
  facet normal 0.98078 -0.195116 0
    outer loop
      vertex 18.2148 15.153 8
      vertex 18.2786 15.4737 0.599999
      vertex 18.2786 15.4737 8
    endloop
  endfacet
  facet normal 0.98078 -0.195116 0
    outer loop
      vertex 18.2786 15.4737 0.599999
      vertex 18.2148 15.153 8
      vertex 18.2148 15.153 0.599999
    endloop
  endfacet
  facet normal -0.555617 -0.831438 0
    outer loop
      vertex 14.2781 13.8166 0.599999
      vertex 14.55 13.6349 8
      vertex 14.2781 13.8166 8
    endloop
  endfacet
  facet normal -0.555617 -0.831438 -0
    outer loop
      vertex 14.55 13.6349 8
      vertex 14.2781 13.8166 0.599999
      vertex 14.55 13.6349 0.599999
    endloop
  endfacet
  facet normal -0.831438 0.555617 0
    outer loop
      vertex 13.6349 17.05 0.599999
      vertex 13.8166 17.3219 8
      vertex 13.8166 17.3219 0.599999
    endloop
  endfacet
  facet normal -0.831438 0.555617 0
    outer loop
      vertex 13.8166 17.3219 8
      vertex 13.6349 17.05 0.599999
      vertex 13.6349 17.05 8
    endloop
  endfacet
  facet normal 0 0 1
    outer loop
      vertex 8.7 6.7 1.59
      vertex 7.89999 5.89999 1.59
      vertex 8.7 2 1.59
    endloop
  endfacet
  facet normal 0 0 1
    outer loop
      vertex 8.7 6.7 1.59
      vertex -7.89999 5.89999 1.59
      vertex 7.89999 5.89999 1.59
    endloop
  endfacet
  facet normal -0 0 1
    outer loop
      vertex -8.7 6.7 1.59
      vertex -7.89999 5.89999 1.59
      vertex 8.7 6.7 1.59
    endloop
  endfacet
  facet normal 0 0 1
    outer loop
      vertex -8.7 2 1.59
      vertex -7.89999 5.89999 1.59
      vertex -8.7 6.7 1.59
    endloop
  endfacet
  facet normal 0 0 1
    outer loop
      vertex -7.89999 5.89999 1.59
      vertex -8.7 2 1.59
      vertex -7.89999 2 1.59
    endloop
  endfacet
  facet normal 0 0 1
    outer loop
      vertex 8.7 2 1.59
      vertex 7.89999 5.89999 1.59
      vertex 7.89999 2 1.59
    endloop
  endfacet
  facet normal 0 0 1
    outer loop
      vertex -7.89999 -2 1.59
      vertex -8.7 -2 1.59
      vertex -7.89999 -5.89999 1.59
    endloop
  endfacet
  facet normal 0 0 1
    outer loop
      vertex 7.89999 -5.89999 1.59
      vertex 8.7 -2 1.59
      vertex 7.89999 -2 1.59
    endloop
  endfacet
  facet normal 0 0 1
    outer loop
      vertex 8.7 -2 1.59
      vertex 7.89999 -5.89999 1.59
      vertex 8.7 -6.7 1.59
    endloop
  endfacet
  facet normal -0 0 1
    outer loop
      vertex -7.89999 -5.89999 1.59
      vertex 8.7 -6.7 1.59
      vertex 7.89999 -5.89999 1.59
    endloop
  endfacet
  facet normal 0 0 1
    outer loop
      vertex -7.89999 -5.89999 1.59
      vertex -8.7 -6.7 1.59
      vertex 8.7 -6.7 1.59
    endloop
  endfacet
  facet normal 0 0 1
    outer loop
      vertex -8.7 -6.7 1.59
      vertex -7.89999 -5.89999 1.59
      vertex -8.7 -2 1.59
    endloop
  endfacet
  facet normal 0 -1 0
    outer loop
      vertex -7.89999 5.89999 0.599999
      vertex 7.89999 5.89999 1.59
      vertex -7.89999 5.89999 1.59
    endloop
  endfacet
  facet normal 0 -1 -0
    outer loop
      vertex 7.89999 5.89999 1.59
      vertex -7.89999 5.89999 0.599999
      vertex 7.89999 5.89999 0.599999
    endloop
  endfacet
  facet normal -1 0 0
    outer loop
      vertex 7.89999 2 0.599999
      vertex 7.89999 5.89999 1.59
      vertex 7.89999 5.89999 0.599999
    endloop
  endfacet
  facet normal -1 -0 0
    outer loop
      vertex 7.89999 5.89999 1.59
      vertex 7.89999 2 0.599999
      vertex 7.89999 2 1.59
    endloop
  endfacet
  facet normal 0 -1 0
    outer loop
      vertex 7.89999 2 0.599999
      vertex 8.7 2 1.59
      vertex 7.89999 2 1.59
    endloop
  endfacet
  facet normal 0 -1 -0
    outer loop
      vertex 8.7 2 1.59
      vertex 7.89999 2 0.599999
      vertex 8.7 2 0.599999
    endloop
  endfacet
  facet normal 1 -0 0
    outer loop
      vertex 8.7 2 1.59
      vertex 8.7 6.7 0.599999
      vertex 8.7 6.7 1.59
    endloop
  endfacet
  facet normal 1 0 0
    outer loop
      vertex 8.7 6.7 0.599999
      vertex 8.7 2 1.59
      vertex 8.7 2 0.599999
    endloop
  endfacet
  facet normal 0 1 -0
    outer loop
      vertex 8.7 6.7 0.599999
      vertex -8.7 6.7 1.59
      vertex 8.7 6.7 1.59
    endloop
  endfacet
  facet normal 0 1 0
    outer loop
      vertex -8.7 6.7 1.59
      vertex 8.7 6.7 0.599999
      vertex -8.7 6.7 0.599999
    endloop
  endfacet
  facet normal -1 0 0
    outer loop
      vertex -8.7 2 0.599999
      vertex -8.7 6.7 1.59
      vertex -8.7 6.7 0.599999
    endloop
  endfacet
  facet normal -1 -0 0
    outer loop
      vertex -8.7 6.7 1.59
      vertex -8.7 2 0.599999
      vertex -8.7 2 1.59
    endloop
  endfacet
  facet normal 0 -1 0
    outer loop
      vertex -8.7 2 0.599999
      vertex -7.89999 2 1.59
      vertex -8.7 2 1.59
    endloop
  endfacet
  facet normal 0 -1 -0
    outer loop
      vertex -7.89999 2 1.59
      vertex -8.7 2 0.599999
      vertex -7.89999 2 0.599999
    endloop
  endfacet
  facet normal 1 -0 0
    outer loop
      vertex -7.89999 2 1.59
      vertex -7.89999 5.89999 0.599999
      vertex -7.89999 5.89999 1.59
    endloop
  endfacet
  facet normal 1 0 0
    outer loop
      vertex -7.89999 5.89999 0.599999
      vertex -7.89999 2 1.59
      vertex -7.89999 2 0.599999
    endloop
  endfacet
  facet normal 0 1 -0
    outer loop
      vertex 8.7 -2 0.599999
      vertex 7.89999 -2 1.59
      vertex 8.7 -2 1.59
    endloop
  endfacet
  facet normal 0 1 0
    outer loop
      vertex 7.89999 -2 1.59
      vertex 8.7 -2 0.599999
      vertex 7.89999 -2 0.599999
    endloop
  endfacet
  facet normal -1 0 0
    outer loop
      vertex 7.89999 -5.89999 0.599999
      vertex 7.89999 -2 1.59
      vertex 7.89999 -2 0.599999
    endloop
  endfacet
  facet normal -1 -0 0
    outer loop
      vertex 7.89999 -2 1.59
      vertex 7.89999 -5.89999 0.599999
      vertex 7.89999 -5.89999 1.59
    endloop
  endfacet
  facet normal 0 1 -0
    outer loop
      vertex 7.89999 -5.89999 0.599999
      vertex -7.89999 -5.89999 1.59
      vertex 7.89999 -5.89999 1.59
    endloop
  endfacet
  facet normal 0 1 0
    outer loop
      vertex -7.89999 -5.89999 1.59
      vertex 7.89999 -5.89999 0.599999
      vertex -7.89999 -5.89999 0.599999
    endloop
  endfacet
  facet normal 1 -0 0
    outer loop
      vertex -7.89999 -5.89999 1.59
      vertex -7.89999 -2 0.599999
      vertex -7.89999 -2 1.59
    endloop
  endfacet
  facet normal 1 0 0
    outer loop
      vertex -7.89999 -2 0.599999
      vertex -7.89999 -5.89999 1.59
      vertex -7.89999 -5.89999 0.599999
    endloop
  endfacet
  facet normal 0 1 -0
    outer loop
      vertex -7.89999 -2 0.599999
      vertex -8.7 -2 1.59
      vertex -7.89999 -2 1.59
    endloop
  endfacet
  facet normal 0 1 0
    outer loop
      vertex -8.7 -2 1.59
      vertex -7.89999 -2 0.599999
      vertex -8.7 -2 0.599999
    endloop
  endfacet
  facet normal -1 0 0
    outer loop
      vertex -8.7 -6.7 0.599999
      vertex -8.7 -2 1.59
      vertex -8.7 -2 0.599999
    endloop
  endfacet
  facet normal -1 -0 0
    outer loop
      vertex -8.7 -2 1.59
      vertex -8.7 -6.7 0.599999
      vertex -8.7 -6.7 1.59
    endloop
  endfacet
  facet normal 0 -1 0
    outer loop
      vertex -8.7 -6.7 0.599999
      vertex 8.7 -6.7 1.59
      vertex -8.7 -6.7 1.59
    endloop
  endfacet
  facet normal 0 -1 -0
    outer loop
      vertex 8.7 -6.7 1.59
      vertex -8.7 -6.7 0.599999
      vertex 8.7 -6.7 0.599999
    endloop
  endfacet
  facet normal 1 -0 0
    outer loop
      vertex 8.7 -6.7 1.59
      vertex 8.7 -2 0.599999
      vertex 8.7 -2 1.59
    endloop
  endfacet
  facet normal 1 0 0
    outer loop
      vertex 8.7 -2 0.599999
      vertex 8.7 -6.7 1.59
      vertex 8.7 -6.7 0.599999
    endloop
  endfacet
  facet normal -0.980654 -0.195749 0
    outer loop
      vertex -15.0068 -15.6956 1.2
      vertex -15.0273 -15.5929 8
      vertex -15.0273 -15.5929 1.2
    endloop
  endfacet
  facet normal -0.980654 -0.195749 0
    outer loop
      vertex -15.0273 -15.5929 8
      vertex -15.0068 -15.6956 1.2
      vertex -15.0068 -15.6956 8
    endloop
  endfacet
  facet normal -0.997886 -0.0649964 0
    outer loop
      vertex -15 -15.8 1.2
      vertex -15.0068 -15.6956 8
      vertex -15.0068 -15.6956 1.2
    endloop
  endfacet
  facet normal -0.997886 -0.0649964 0
    outer loop
      vertex -15.0068 -15.6956 8
      vertex -15 -15.8 1.2
      vertex -15 -15.8 8
    endloop
  endfacet
  facet normal -0.946948 -0.321388 0
    outer loop
      vertex -15.0273 -15.5929 1.2
      vertex -15.0609 -15.4939 8
      vertex -15.0609 -15.4939 1.2
    endloop
  endfacet
  facet normal -0.946948 -0.321388 0
    outer loop
      vertex -15.0609 -15.4939 8
      vertex -15.0273 -15.5929 1.2
      vertex -15.0273 -15.5929 8
    endloop
  endfacet
  facet normal -0.831609 -0.555362 0
    outer loop
      vertex -15.1072 -15.4 1.2
      vertex -15.1653 -15.313 8
      vertex -15.1653 -15.313 1.2
    endloop
  endfacet
  facet normal -0.831609 -0.555362 0
    outer loop
      vertex -15.1653 -15.313 8
      vertex -15.1072 -15.4 1.2
      vertex -15.1072 -15.4 8
    endloop
  endfacet
  facet normal -0.980654 0.195749 0
    outer loop
      vertex -15.0273 -16.0071 1.2
      vertex -15.0068 -15.9044 8
      vertex -15.0068 -15.9044 1.2
    endloop
  endfacet
  facet normal -0.980654 0.195749 0
    outer loop
      vertex -15.0068 -15.9044 8
      vertex -15.0273 -16.0071 1.2
      vertex -15.0273 -16.0071 8
    endloop
  endfacet
  facet normal -0.195749 0.980654 0
    outer loop
      vertex -15.5929 -16.5727 1.2
      vertex -15.6956 -16.5932 8
      vertex -15.5929 -16.5727 8
    endloop
  endfacet
  facet normal -0.195749 0.980654 0
    outer loop
      vertex -15.6956 -16.5932 8
      vertex -15.5929 -16.5727 1.2
      vertex -15.6956 -16.5932 1.2
    endloop
  endfacet
  facet normal -0.321388 -0.946948 0
    outer loop
      vertex -15.5929 -15.0273 1.2
      vertex -15.4939 -15.0609 8
      vertex -15.5929 -15.0273 8
    endloop
  endfacet
  facet normal -0.321388 -0.946948 -0
    outer loop
      vertex -15.4939 -15.0609 8
      vertex -15.5929 -15.0273 1.2
      vertex -15.4939 -15.0609 1.2
    endloop
  endfacet
  facet normal -0.946948 0.321388 0
    outer loop
      vertex -15.0609 -16.1061 1.2
      vertex -15.0273 -16.0071 8
      vertex -15.0273 -16.0071 1.2
    endloop
  endfacet
  facet normal -0.946948 0.321388 0
    outer loop
      vertex -15.0273 -16.0071 8
      vertex -15.0609 -16.1061 1.2
      vertex -15.0609 -16.1061 8
    endloop
  endfacet
  facet normal -0.44224 0.896897 0
    outer loop
      vertex -15.4 -16.4928 1.2
      vertex -15.4939 -16.5391 8
      vertex -15.4 -16.4928 8
    endloop
  endfacet
  facet normal -0.44224 0.896897 0
    outer loop
      vertex -15.4939 -16.5391 8
      vertex -15.4 -16.4928 1.2
      vertex -15.4939 -16.5391 1.2
    endloop
  endfacet
  facet normal 0.997886 -0.0649964 0
    outer loop
      vertex -16.6 -15.8 8
      vertex -16.5932 -15.6956 1.2
      vertex -16.5932 -15.6956 8
    endloop
  endfacet
  facet normal 0.997886 -0.0649964 0
    outer loop
      vertex -16.5932 -15.6956 1.2
      vertex -16.6 -15.8 8
      vertex -16.6 -15.8 1.2
    endloop
  endfacet
  facet normal 0.659248 -0.751925 0
    outer loop
      vertex -16.3657 -15.2343 1.2
      vertex -16.287 -15.1653 8
      vertex -16.3657 -15.2343 8
    endloop
  endfacet
  facet normal 0.659248 -0.751925 0
    outer loop
      vertex -16.287 -15.1653 8
      vertex -16.3657 -15.2343 1.2
      vertex -16.287 -15.1653 1.2
    endloop
  endfacet
  facet normal -0.896897 -0.44224 0
    outer loop
      vertex -15.0609 -15.4939 1.2
      vertex -15.1072 -15.4 8
      vertex -15.1072 -15.4 1.2
    endloop
  endfacet
  facet normal -0.896897 -0.44224 0
    outer loop
      vertex -15.1072 -15.4 8
      vertex -15.0609 -15.4939 1.2
      vertex -15.0609 -15.4939 8
    endloop
  endfacet
  facet normal 0.0649964 -0.997886 0
    outer loop
      vertex -15.9044 -15.0068 1.2
      vertex -15.8 -15 8
      vertex -15.9044 -15.0068 8
    endloop
  endfacet
  facet normal 0.0649964 -0.997886 0
    outer loop
      vertex -15.8 -15 8
      vertex -15.9044 -15.0068 1.2
      vertex -15.8 -15 1.2
    endloop
  endfacet
  facet normal 0.195749 -0.980654 0
    outer loop
      vertex -16.0071 -15.0273 1.2
      vertex -15.9044 -15.0068 8
      vertex -16.0071 -15.0273 8
    endloop
  endfacet
  facet normal 0.195749 -0.980654 0
    outer loop
      vertex -15.9044 -15.0068 8
      vertex -16.0071 -15.0273 1.2
      vertex -15.9044 -15.0068 1.2
    endloop
  endfacet
  facet normal -0.195749 -0.980654 0
    outer loop
      vertex -15.6956 -15.0068 1.2
      vertex -15.5929 -15.0273 8
      vertex -15.6956 -15.0068 8
    endloop
  endfacet
  facet normal -0.195749 -0.980654 -0
    outer loop
      vertex -15.5929 -15.0273 8
      vertex -15.6956 -15.0068 1.2
      vertex -15.5929 -15.0273 1.2
    endloop
  endfacet
  facet normal 0.896897 0.44224 0
    outer loop
      vertex -16.4928 -16.2 8
      vertex -16.5391 -16.1061 1.2
      vertex -16.5391 -16.1061 8
    endloop
  endfacet
  facet normal 0.896897 0.44224 0
    outer loop
      vertex -16.5391 -16.1061 1.2
      vertex -16.4928 -16.2 8
      vertex -16.4928 -16.2 1.2
    endloop
  endfacet
  facet normal -0.44224 -0.896897 0
    outer loop
      vertex -15.4939 -15.0609 1.2
      vertex -15.4 -15.1072 8
      vertex -15.4939 -15.0609 8
    endloop
  endfacet
  facet normal -0.44224 -0.896897 -0
    outer loop
      vertex -15.4 -15.1072 8
      vertex -15.4939 -15.0609 1.2
      vertex -15.4 -15.1072 1.2
    endloop
  endfacet
  facet normal 0.659248 0.751925 -0
    outer loop
      vertex -16.287 -16.4347 1.2
      vertex -16.3657 -16.3657 8
      vertex -16.287 -16.4347 8
    endloop
  endfacet
  facet normal 0.659248 0.751925 0
    outer loop
      vertex -16.3657 -16.3657 8
      vertex -16.287 -16.4347 1.2
      vertex -16.3657 -16.3657 1.2
    endloop
  endfacet
  facet normal -0.0649964 -0.997886 0
    outer loop
      vertex -15.8 -15 1.2
      vertex -15.6956 -15.0068 8
      vertex -15.8 -15 8
    endloop
  endfacet
  facet normal -0.0649964 -0.997886 -0
    outer loop
      vertex -15.6956 -15.0068 8
      vertex -15.8 -15 1.2
      vertex -15.6956 -15.0068 1.2
    endloop
  endfacet
  facet normal 0.946948 0.321388 0
    outer loop
      vertex -16.5391 -16.1061 8
      vertex -16.5727 -16.0071 1.2
      vertex -16.5727 -16.0071 8
    endloop
  endfacet
  facet normal 0.946948 0.321388 0
    outer loop
      vertex -16.5727 -16.0071 1.2
      vertex -16.5391 -16.1061 8
      vertex -16.5391 -16.1061 1.2
    endloop
  endfacet
  facet normal 0.555362 -0.831609 0
    outer loop
      vertex -16.287 -15.1653 1.2
      vertex -16.2 -15.1072 8
      vertex -16.287 -15.1653 8
    endloop
  endfacet
  facet normal 0.555362 -0.831609 0
    outer loop
      vertex -16.2 -15.1072 8
      vertex -16.287 -15.1653 1.2
      vertex -16.2 -15.1072 1.2
    endloop
  endfacet
  facet normal 0.44224 -0.896897 0
    outer loop
      vertex -16.2 -15.1072 1.2
      vertex -16.1061 -15.0609 8
      vertex -16.2 -15.1072 8
    endloop
  endfacet
  facet normal 0.44224 -0.896897 0
    outer loop
      vertex -16.1061 -15.0609 8
      vertex -16.2 -15.1072 1.2
      vertex -16.1061 -15.0609 1.2
    endloop
  endfacet
  facet normal -0.751925 0.659248 0
    outer loop
      vertex -15.2343 -16.3657 1.2
      vertex -15.1653 -16.287 8
      vertex -15.1653 -16.287 1.2
    endloop
  endfacet
  facet normal -0.751925 0.659248 0
    outer loop
      vertex -15.1653 -16.287 8
      vertex -15.2343 -16.3657 1.2
      vertex -15.2343 -16.3657 8
    endloop
  endfacet
  facet normal -0.896897 0.44224 0
    outer loop
      vertex -15.1072 -16.2 1.2
      vertex -15.0609 -16.1061 8
      vertex -15.0609 -16.1061 1.2
    endloop
  endfacet
  facet normal -0.896897 0.44224 0
    outer loop
      vertex -15.0609 -16.1061 8
      vertex -15.1072 -16.2 1.2
      vertex -15.1072 -16.2 8
    endloop
  endfacet
  facet normal -0.0649964 0.997886 0
    outer loop
      vertex -15.6956 -16.5932 1.2
      vertex -15.8 -16.6 8
      vertex -15.6956 -16.5932 8
    endloop
  endfacet
  facet normal -0.0649964 0.997886 0
    outer loop
      vertex -15.8 -16.6 8
      vertex -15.6956 -16.5932 1.2
      vertex -15.8 -16.6 1.2
    endloop
  endfacet
  facet normal 0.751925 -0.659248 0
    outer loop
      vertex -16.4347 -15.313 8
      vertex -16.3657 -15.2343 1.2
      vertex -16.3657 -15.2343 8
    endloop
  endfacet
  facet normal 0.751925 -0.659248 0
    outer loop
      vertex -16.3657 -15.2343 1.2
      vertex -16.4347 -15.313 8
      vertex -16.4347 -15.313 1.2
    endloop
  endfacet
  facet normal -0.997886 0.0649964 0
    outer loop
      vertex -15.0068 -15.9044 1.2
      vertex -15 -15.8 8
      vertex -15 -15.8 1.2
    endloop
  endfacet
  facet normal -0.997886 0.0649964 0
    outer loop
      vertex -15 -15.8 8
      vertex -15.0068 -15.9044 1.2
      vertex -15.0068 -15.9044 8
    endloop
  endfacet
  facet normal -0.831609 0.555362 0
    outer loop
      vertex -15.1653 -16.287 1.2
      vertex -15.1072 -16.2 8
      vertex -15.1072 -16.2 1.2
    endloop
  endfacet
  facet normal -0.831609 0.555362 0
    outer loop
      vertex -15.1072 -16.2 8
      vertex -15.1653 -16.287 1.2
      vertex -15.1653 -16.287 8
    endloop
  endfacet
  facet normal -0.659248 0.751925 0
    outer loop
      vertex -15.2343 -16.3657 1.2
      vertex -15.313 -16.4347 8
      vertex -15.2343 -16.3657 8
    endloop
  endfacet
  facet normal -0.659248 0.751925 0
    outer loop
      vertex -15.313 -16.4347 8
      vertex -15.2343 -16.3657 1.2
      vertex -15.313 -16.4347 1.2
    endloop
  endfacet
  facet normal 0.321388 0.946948 -0
    outer loop
      vertex -16.0071 -16.5727 1.2
      vertex -16.1061 -16.5391 8
      vertex -16.0071 -16.5727 8
    endloop
  endfacet
  facet normal 0.321388 0.946948 0
    outer loop
      vertex -16.1061 -16.5391 8
      vertex -16.0071 -16.5727 1.2
      vertex -16.1061 -16.5391 1.2
    endloop
  endfacet
  facet normal -0.555362 0.831609 0
    outer loop
      vertex -15.313 -16.4347 1.2
      vertex -15.4 -16.4928 8
      vertex -15.313 -16.4347 8
    endloop
  endfacet
  facet normal -0.555362 0.831609 0
    outer loop
      vertex -15.4 -16.4928 8
      vertex -15.313 -16.4347 1.2
      vertex -15.4 -16.4928 1.2
    endloop
  endfacet
  facet normal 0.0649964 0.997886 -0
    outer loop
      vertex -15.8 -16.6 1.2
      vertex -15.9044 -16.5932 8
      vertex -15.8 -16.6 8
    endloop
  endfacet
  facet normal 0.0649964 0.997886 0
    outer loop
      vertex -15.9044 -16.5932 8
      vertex -15.8 -16.6 1.2
      vertex -15.9044 -16.5932 1.2
    endloop
  endfacet
  facet normal 0.831609 0.555362 0
    outer loop
      vertex -16.4347 -16.287 8
      vertex -16.4928 -16.2 1.2
      vertex -16.4928 -16.2 8
    endloop
  endfacet
  facet normal 0.831609 0.555362 0
    outer loop
      vertex -16.4928 -16.2 1.2
      vertex -16.4347 -16.287 8
      vertex -16.4347 -16.287 1.2
    endloop
  endfacet
  facet normal 0 0 1
    outer loop
      vertex -15.0068 -15.6956 1.2
      vertex -15.0068 -15.9044 1.2
      vertex -15 -15.8 1.2
    endloop
  endfacet
  facet normal 0 0 1
    outer loop
      vertex -15.0273 -15.5929 1.2
      vertex -15.0068 -15.9044 1.2
      vertex -15.0068 -15.6956 1.2
    endloop
  endfacet
  facet normal 0 0 1
    outer loop
      vertex -15.0273 -15.5929 1.2
      vertex -15.0273 -16.0071 1.2
      vertex -15.0068 -15.9044 1.2
    endloop
  endfacet
  facet normal 0 0 1
    outer loop
      vertex -15.0609 -15.4939 1.2
      vertex -15.0273 -16.0071 1.2
      vertex -15.0273 -15.5929 1.2
    endloop
  endfacet
  facet normal 0 0 1
    outer loop
      vertex -15.0609 -15.4939 1.2
      vertex -15.0609 -16.1061 1.2
      vertex -15.0273 -16.0071 1.2
    endloop
  endfacet
  facet normal 0 0 1
    outer loop
      vertex -15.1072 -15.4 1.2
      vertex -15.0609 -16.1061 1.2
      vertex -15.0609 -15.4939 1.2
    endloop
  endfacet
  facet normal 0 0 1
    outer loop
      vertex -15.1072 -15.4 1.2
      vertex -15.1072 -16.2 1.2
      vertex -15.0609 -16.1061 1.2
    endloop
  endfacet
  facet normal 0 0 1
    outer loop
      vertex -15.1653 -15.313 1.2
      vertex -15.1072 -16.2 1.2
      vertex -15.1072 -15.4 1.2
    endloop
  endfacet
  facet normal 0 0 1
    outer loop
      vertex -15.1653 -15.313 1.2
      vertex -15.1653 -16.287 1.2
      vertex -15.1072 -16.2 1.2
    endloop
  endfacet
  facet normal 0 0 1
    outer loop
      vertex -15.2343 -15.2343 1.2
      vertex -15.1653 -16.287 1.2
      vertex -15.1653 -15.313 1.2
    endloop
  endfacet
  facet normal 0 0 1
    outer loop
      vertex -15.2343 -15.2343 1.2
      vertex -15.2343 -16.3657 1.2
      vertex -15.1653 -16.287 1.2
    endloop
  endfacet
  facet normal 0 0 1
    outer loop
      vertex -15.313 -15.1653 1.2
      vertex -15.2343 -16.3657 1.2
      vertex -15.2343 -15.2343 1.2
    endloop
  endfacet
  facet normal 0 0 1
    outer loop
      vertex -15.313 -15.1653 1.2
      vertex -15.313 -16.4347 1.2
      vertex -15.2343 -16.3657 1.2
    endloop
  endfacet
  facet normal 0 0 1
    outer loop
      vertex -15.4 -15.1072 1.2
      vertex -15.313 -16.4347 1.2
      vertex -15.313 -15.1653 1.2
    endloop
  endfacet
  facet normal 0 0 1
    outer loop
      vertex -15.4 -15.1072 1.2
      vertex -15.4 -16.4928 1.2
      vertex -15.313 -16.4347 1.2
    endloop
  endfacet
  facet normal 0 0 1
    outer loop
      vertex -15.4939 -15.0609 1.2
      vertex -15.4 -16.4928 1.2
      vertex -15.4 -15.1072 1.2
    endloop
  endfacet
  facet normal 0 0 1
    outer loop
      vertex -15.4939 -15.0609 1.2
      vertex -15.4939 -16.5391 1.2
      vertex -15.4 -16.4928 1.2
    endloop
  endfacet
  facet normal 0 0 1
    outer loop
      vertex -15.5929 -15.0273 1.2
      vertex -15.4939 -16.5391 1.2
      vertex -15.4939 -15.0609 1.2
    endloop
  endfacet
  facet normal 0 0 1
    outer loop
      vertex -15.5929 -15.0273 1.2
      vertex -15.5929 -16.5727 1.2
      vertex -15.4939 -16.5391 1.2
    endloop
  endfacet
  facet normal 0 0 1
    outer loop
      vertex -15.6956 -15.0068 1.2
      vertex -15.5929 -16.5727 1.2
      vertex -15.5929 -15.0273 1.2
    endloop
  endfacet
  facet normal 0 0 1
    outer loop
      vertex -15.6956 -15.0068 1.2
      vertex -15.6956 -16.5932 1.2
      vertex -15.5929 -16.5727 1.2
    endloop
  endfacet
  facet normal 0 0 1
    outer loop
      vertex -15.8 -15 1.2
      vertex -15.6956 -16.5932 1.2
      vertex -15.6956 -15.0068 1.2
    endloop
  endfacet
  facet normal 0 0 1
    outer loop
      vertex -15.8 -15 1.2
      vertex -15.8 -16.6 1.2
      vertex -15.6956 -16.5932 1.2
    endloop
  endfacet
  facet normal -0 0 1
    outer loop
      vertex -15.9044 -15.0068 1.2
      vertex -15.8 -16.6 1.2
      vertex -15.8 -15 1.2
    endloop
  endfacet
  facet normal 0 0 1
    outer loop
      vertex -15.9044 -15.0068 1.2
      vertex -15.9044 -16.5932 1.2
      vertex -15.8 -16.6 1.2
    endloop
  endfacet
  facet normal -0 0 1
    outer loop
      vertex -16.0071 -15.0273 1.2
      vertex -15.9044 -16.5932 1.2
      vertex -15.9044 -15.0068 1.2
    endloop
  endfacet
  facet normal 0 0 1
    outer loop
      vertex -16.0071 -15.0273 1.2
      vertex -16.0071 -16.5727 1.2
      vertex -15.9044 -16.5932 1.2
    endloop
  endfacet
  facet normal -0 0 1
    outer loop
      vertex -16.1061 -15.0609 1.2
      vertex -16.0071 -16.5727 1.2
      vertex -16.0071 -15.0273 1.2
    endloop
  endfacet
  facet normal 0 0 1
    outer loop
      vertex -16.1061 -15.0609 1.2
      vertex -16.1061 -16.5391 1.2
      vertex -16.0071 -16.5727 1.2
    endloop
  endfacet
  facet normal -0 0 1
    outer loop
      vertex -16.2 -15.1072 1.2
      vertex -16.1061 -16.5391 1.2
      vertex -16.1061 -15.0609 1.2
    endloop
  endfacet
  facet normal 0 0 1
    outer loop
      vertex -16.2 -15.1072 1.2
      vertex -16.2 -16.4928 1.2
      vertex -16.1061 -16.5391 1.2
    endloop
  endfacet
  facet normal -0 0 1
    outer loop
      vertex -16.287 -15.1653 1.2
      vertex -16.2 -16.4928 1.2
      vertex -16.2 -15.1072 1.2
    endloop
  endfacet
  facet normal 0 0 1
    outer loop
      vertex -16.287 -15.1653 1.2
      vertex -16.287 -16.4347 1.2
      vertex -16.2 -16.4928 1.2
    endloop
  endfacet
  facet normal -0 0 1
    outer loop
      vertex -16.3657 -15.2343 1.2
      vertex -16.287 -16.4347 1.2
      vertex -16.287 -15.1653 1.2
    endloop
  endfacet
  facet normal 0 0 1
    outer loop
      vertex -16.3657 -15.2343 1.2
      vertex -16.3657 -16.3657 1.2
      vertex -16.287 -16.4347 1.2
    endloop
  endfacet
  facet normal -0 0 1
    outer loop
      vertex -16.4347 -15.313 1.2
      vertex -16.3657 -16.3657 1.2
      vertex -16.3657 -15.2343 1.2
    endloop
  endfacet
  facet normal 0 0 1
    outer loop
      vertex -16.4347 -15.313 1.2
      vertex -16.4347 -16.287 1.2
      vertex -16.3657 -16.3657 1.2
    endloop
  endfacet
  facet normal -0 0 1
    outer loop
      vertex -16.4928 -15.4 1.2
      vertex -16.4347 -16.287 1.2
      vertex -16.4347 -15.313 1.2
    endloop
  endfacet
  facet normal 0 0 1
    outer loop
      vertex -16.4928 -15.4 1.2
      vertex -16.4928 -16.2 1.2
      vertex -16.4347 -16.287 1.2
    endloop
  endfacet
  facet normal -0 0 1
    outer loop
      vertex -16.5391 -15.4939 1.2
      vertex -16.4928 -16.2 1.2
      vertex -16.4928 -15.4 1.2
    endloop
  endfacet
  facet normal 0 0 1
    outer loop
      vertex -16.5391 -15.4939 1.2
      vertex -16.5391 -16.1061 1.2
      vertex -16.4928 -16.2 1.2
    endloop
  endfacet
  facet normal -0 0 1
    outer loop
      vertex -16.5727 -15.5929 1.2
      vertex -16.5391 -16.1061 1.2
      vertex -16.5391 -15.4939 1.2
    endloop
  endfacet
  facet normal 0 0 1
    outer loop
      vertex -16.5727 -15.5929 1.2
      vertex -16.5727 -16.0071 1.2
      vertex -16.5391 -16.1061 1.2
    endloop
  endfacet
  facet normal -0 0 1
    outer loop
      vertex -16.5932 -15.6956 1.2
      vertex -16.5727 -16.0071 1.2
      vertex -16.5727 -15.5929 1.2
    endloop
  endfacet
  facet normal 0 0 1
    outer loop
      vertex -16.5932 -15.6956 1.2
      vertex -16.5932 -15.9044 1.2
      vertex -16.5727 -16.0071 1.2
    endloop
  endfacet
  facet normal 0 -0 1
    outer loop
      vertex -16.5932 -15.9044 1.2
      vertex -16.5932 -15.6956 1.2
      vertex -16.6 -15.8 1.2
    endloop
  endfacet
  facet normal 0.980654 -0.195749 0
    outer loop
      vertex -16.5932 -15.6956 8
      vertex -16.5727 -15.5929 1.2
      vertex -16.5727 -15.5929 8
    endloop
  endfacet
  facet normal 0.980654 -0.195749 0
    outer loop
      vertex -16.5727 -15.5929 1.2
      vertex -16.5932 -15.6956 8
      vertex -16.5932 -15.6956 1.2
    endloop
  endfacet
  facet normal -0.321388 0.946948 0
    outer loop
      vertex -15.4939 -16.5391 1.2
      vertex -15.5929 -16.5727 8
      vertex -15.4939 -16.5391 8
    endloop
  endfacet
  facet normal -0.321388 0.946948 0
    outer loop
      vertex -15.5929 -16.5727 8
      vertex -15.4939 -16.5391 1.2
      vertex -15.5929 -16.5727 1.2
    endloop
  endfacet
  facet normal -0.555362 -0.831609 0
    outer loop
      vertex -15.4 -15.1072 1.2
      vertex -15.313 -15.1653 8
      vertex -15.4 -15.1072 8
    endloop
  endfacet
  facet normal -0.555362 -0.831609 -0
    outer loop
      vertex -15.313 -15.1653 8
      vertex -15.4 -15.1072 1.2
      vertex -15.313 -15.1653 1.2
    endloop
  endfacet
  facet normal 0.195749 0.980654 -0
    outer loop
      vertex -15.9044 -16.5932 1.2
      vertex -16.0071 -16.5727 8
      vertex -15.9044 -16.5932 8
    endloop
  endfacet
  facet normal 0.195749 0.980654 0
    outer loop
      vertex -16.0071 -16.5727 8
      vertex -15.9044 -16.5932 1.2
      vertex -16.0071 -16.5727 1.2
    endloop
  endfacet
  facet normal 0.321388 -0.946948 0
    outer loop
      vertex -16.1061 -15.0609 1.2
      vertex -16.0071 -15.0273 8
      vertex -16.1061 -15.0609 8
    endloop
  endfacet
  facet normal 0.321388 -0.946948 0
    outer loop
      vertex -16.0071 -15.0273 8
      vertex -16.1061 -15.0609 1.2
      vertex -16.0071 -15.0273 1.2
    endloop
  endfacet
  facet normal 0.980654 0.195749 0
    outer loop
      vertex -16.5727 -16.0071 8
      vertex -16.5932 -15.9044 1.2
      vertex -16.5932 -15.9044 8
    endloop
  endfacet
  facet normal 0.980654 0.195749 0
    outer loop
      vertex -16.5932 -15.9044 1.2
      vertex -16.5727 -16.0071 8
      vertex -16.5727 -16.0071 1.2
    endloop
  endfacet
  facet normal -0.659248 -0.751925 0
    outer loop
      vertex -15.313 -15.1653 1.2
      vertex -15.2343 -15.2343 8
      vertex -15.313 -15.1653 8
    endloop
  endfacet
  facet normal -0.659248 -0.751925 -0
    outer loop
      vertex -15.2343 -15.2343 8
      vertex -15.313 -15.1653 1.2
      vertex -15.2343 -15.2343 1.2
    endloop
  endfacet
  facet normal 0.896897 -0.44224 0
    outer loop
      vertex -16.5391 -15.4939 8
      vertex -16.4928 -15.4 1.2
      vertex -16.4928 -15.4 8
    endloop
  endfacet
  facet normal 0.896897 -0.44224 0
    outer loop
      vertex -16.4928 -15.4 1.2
      vertex -16.5391 -15.4939 8
      vertex -16.5391 -15.4939 1.2
    endloop
  endfacet
  facet normal -0.751925 -0.659248 0
    outer loop
      vertex -15.1653 -15.313 1.2
      vertex -15.2343 -15.2343 8
      vertex -15.2343 -15.2343 1.2
    endloop
  endfacet
  facet normal -0.751925 -0.659248 0
    outer loop
      vertex -15.2343 -15.2343 8
      vertex -15.1653 -15.313 1.2
      vertex -15.1653 -15.313 8
    endloop
  endfacet
  facet normal 0.831609 -0.555362 0
    outer loop
      vertex -16.4928 -15.4 8
      vertex -16.4347 -15.313 1.2
      vertex -16.4347 -15.313 8
    endloop
  endfacet
  facet normal 0.831609 -0.555362 0
    outer loop
      vertex -16.4347 -15.313 1.2
      vertex -16.4928 -15.4 8
      vertex -16.4928 -15.4 1.2
    endloop
  endfacet
  facet normal 0.946948 -0.321388 0
    outer loop
      vertex -16.5727 -15.5929 8
      vertex -16.5391 -15.4939 1.2
      vertex -16.5391 -15.4939 8
    endloop
  endfacet
  facet normal 0.946948 -0.321388 0
    outer loop
      vertex -16.5391 -15.4939 1.2
      vertex -16.5727 -15.5929 8
      vertex -16.5727 -15.5929 1.2
    endloop
  endfacet
  facet normal 0.751925 0.659248 0
    outer loop
      vertex -16.3657 -16.3657 8
      vertex -16.4347 -16.287 1.2
      vertex -16.4347 -16.287 8
    endloop
  endfacet
  facet normal 0.751925 0.659248 0
    outer loop
      vertex -16.4347 -16.287 1.2
      vertex -16.3657 -16.3657 8
      vertex -16.3657 -16.3657 1.2
    endloop
  endfacet
  facet normal 0.555362 0.831609 -0
    outer loop
      vertex -16.2 -16.4928 1.2
      vertex -16.287 -16.4347 8
      vertex -16.2 -16.4928 8
    endloop
  endfacet
  facet normal 0.555362 0.831609 0
    outer loop
      vertex -16.287 -16.4347 8
      vertex -16.2 -16.4928 1.2
      vertex -16.287 -16.4347 1.2
    endloop
  endfacet
  facet normal 0.44224 0.896897 -0
    outer loop
      vertex -16.1061 -16.5391 1.2
      vertex -16.2 -16.4928 8
      vertex -16.1061 -16.5391 8
    endloop
  endfacet
  facet normal 0.44224 0.896897 0
    outer loop
      vertex -16.2 -16.4928 8
      vertex -16.1061 -16.5391 1.2
      vertex -16.2 -16.4928 1.2
    endloop
  endfacet
  facet normal 0.997886 0.0649964 0
    outer loop
      vertex -16.5932 -15.9044 8
      vertex -16.6 -15.8 1.2
      vertex -16.6 -15.8 8
    endloop
  endfacet
  facet normal 0.997886 0.0649964 0
    outer loop
      vertex -16.6 -15.8 1.2
      vertex -16.5932 -15.9044 8
      vertex -16.5932 -15.9044 1.2
    endloop
  endfacet
  facet normal -0.195749 -0.980654 0
    outer loop
      vertex -15.6956 16.5932 1.2
      vertex -15.5929 16.5727 8
      vertex -15.6956 16.5932 8
    endloop
  endfacet
  facet normal -0.195749 -0.980654 -0
    outer loop
      vertex -15.5929 16.5727 8
      vertex -15.6956 16.5932 1.2
      vertex -15.5929 16.5727 1.2
    endloop
  endfacet
  facet normal 0.0649964 -0.997886 0
    outer loop
      vertex -15.9044 16.5932 1.2
      vertex -15.8 16.6 8
      vertex -15.9044 16.5932 8
    endloop
  endfacet
  facet normal 0.0649964 -0.997886 0
    outer loop
      vertex -15.8 16.6 8
      vertex -15.9044 16.5932 1.2
      vertex -15.8 16.6 1.2
    endloop
  endfacet
  facet normal -0.980654 -0.195749 0
    outer loop
      vertex -15.0068 15.9044 1.2
      vertex -15.0273 16.0071 8
      vertex -15.0273 16.0071 1.2
    endloop
  endfacet
  facet normal -0.980654 -0.195749 0
    outer loop
      vertex -15.0273 16.0071 8
      vertex -15.0068 15.9044 1.2
      vertex -15.0068 15.9044 8
    endloop
  endfacet
  facet normal -0.997886 -0.0649964 0
    outer loop
      vertex -15 15.8 1.2
      vertex -15.0068 15.9044 8
      vertex -15.0068 15.9044 1.2
    endloop
  endfacet
  facet normal -0.997886 -0.0649964 0
    outer loop
      vertex -15.0068 15.9044 8
      vertex -15 15.8 1.2
      vertex -15 15.8 8
    endloop
  endfacet
  facet normal -0.946948 -0.321388 0
    outer loop
      vertex -15.0273 16.0071 1.2
      vertex -15.0609 16.1061 8
      vertex -15.0609 16.1061 1.2
    endloop
  endfacet
  facet normal -0.946948 -0.321388 0
    outer loop
      vertex -15.0609 16.1061 8
      vertex -15.0273 16.0071 1.2
      vertex -15.0273 16.0071 8
    endloop
  endfacet
  facet normal -0.831609 -0.555362 0
    outer loop
      vertex -15.1072 16.2 1.2
      vertex -15.1653 16.287 8
      vertex -15.1653 16.287 1.2
    endloop
  endfacet
  facet normal -0.831609 -0.555362 0
    outer loop
      vertex -15.1653 16.287 8
      vertex -15.1072 16.2 1.2
      vertex -15.1072 16.2 8
    endloop
  endfacet
  facet normal 0.321388 0.946948 -0
    outer loop
      vertex -16.0071 15.0273 1.2
      vertex -16.1061 15.0609 8
      vertex -16.0071 15.0273 8
    endloop
  endfacet
  facet normal 0.321388 0.946948 0
    outer loop
      vertex -16.1061 15.0609 8
      vertex -16.0071 15.0273 1.2
      vertex -16.1061 15.0609 1.2
    endloop
  endfacet
  facet normal -0.321388 -0.946948 0
    outer loop
      vertex -15.5929 16.5727 1.2
      vertex -15.4939 16.5391 8
      vertex -15.5929 16.5727 8
    endloop
  endfacet
  facet normal -0.321388 -0.946948 -0
    outer loop
      vertex -15.4939 16.5391 8
      vertex -15.5929 16.5727 1.2
      vertex -15.4939 16.5391 1.2
    endloop
  endfacet
  facet normal -0.831609 0.555362 0
    outer loop
      vertex -15.1653 15.313 1.2
      vertex -15.1072 15.4 8
      vertex -15.1072 15.4 1.2
    endloop
  endfacet
  facet normal -0.831609 0.555362 0
    outer loop
      vertex -15.1072 15.4 8
      vertex -15.1653 15.313 1.2
      vertex -15.1653 15.313 8
    endloop
  endfacet
  facet normal 0.997886 0.0649964 0
    outer loop
      vertex -16.5932 15.6956 8
      vertex -16.6 15.8 1.2
      vertex -16.6 15.8 8
    endloop
  endfacet
  facet normal 0.997886 0.0649964 0
    outer loop
      vertex -16.6 15.8 1.2
      vertex -16.5932 15.6956 8
      vertex -16.5932 15.6956 1.2
    endloop
  endfacet
  facet normal 0.659248 0.751925 -0
    outer loop
      vertex -16.287 15.1653 1.2
      vertex -16.3657 15.2343 8
      vertex -16.287 15.1653 8
    endloop
  endfacet
  facet normal 0.659248 0.751925 0
    outer loop
      vertex -16.3657 15.2343 8
      vertex -16.287 15.1653 1.2
      vertex -16.3657 15.2343 1.2
    endloop
  endfacet
  facet normal 0.946948 -0.321388 0
    outer loop
      vertex -16.5727 16.0071 8
      vertex -16.5391 16.1061 1.2
      vertex -16.5391 16.1061 8
    endloop
  endfacet
  facet normal 0.946948 -0.321388 0
    outer loop
      vertex -16.5391 16.1061 1.2
      vertex -16.5727 16.0071 8
      vertex -16.5727 16.0071 1.2
    endloop
  endfacet
  facet normal -0.896897 0.44224 0
    outer loop
      vertex -15.1072 15.4 1.2
      vertex -15.0609 15.4939 8
      vertex -15.0609 15.4939 1.2
    endloop
  endfacet
  facet normal -0.896897 0.44224 0
    outer loop
      vertex -15.0609 15.4939 8
      vertex -15.1072 15.4 1.2
      vertex -15.1072 15.4 8
    endloop
  endfacet
  facet normal 0.195749 0.980654 -0
    outer loop
      vertex -15.9044 15.0068 1.2
      vertex -16.0071 15.0273 8
      vertex -15.9044 15.0068 8
    endloop
  endfacet
  facet normal 0.195749 0.980654 0
    outer loop
      vertex -16.0071 15.0273 8
      vertex -15.9044 15.0068 1.2
      vertex -16.0071 15.0273 1.2
    endloop
  endfacet
  facet normal -0.946948 0.321388 0
    outer loop
      vertex -15.0609 15.4939 1.2
      vertex -15.0273 15.5929 8
      vertex -15.0273 15.5929 1.2
    endloop
  endfacet
  facet normal -0.946948 0.321388 0
    outer loop
      vertex -15.0273 15.5929 8
      vertex -15.0609 15.4939 1.2
      vertex -15.0609 15.4939 8
    endloop
  endfacet
  facet normal 0.751925 0.659248 0
    outer loop
      vertex -16.3657 15.2343 8
      vertex -16.4347 15.313 1.2
      vertex -16.4347 15.313 8
    endloop
  endfacet
  facet normal 0.751925 0.659248 0
    outer loop
      vertex -16.4347 15.313 1.2
      vertex -16.3657 15.2343 8
      vertex -16.3657 15.2343 1.2
    endloop
  endfacet
  facet normal 0.555362 -0.831609 0
    outer loop
      vertex -16.287 16.4347 1.2
      vertex -16.2 16.4928 8
      vertex -16.287 16.4347 8
    endloop
  endfacet
  facet normal 0.555362 -0.831609 0
    outer loop
      vertex -16.2 16.4928 8
      vertex -16.287 16.4347 1.2
      vertex -16.2 16.4928 1.2
    endloop
  endfacet
  facet normal 0.751925 -0.659248 0
    outer loop
      vertex -16.4347 16.287 8
      vertex -16.3657 16.3657 1.2
      vertex -16.3657 16.3657 8
    endloop
  endfacet
  facet normal 0.751925 -0.659248 0
    outer loop
      vertex -16.3657 16.3657 1.2
      vertex -16.4347 16.287 8
      vertex -16.4347 16.287 1.2
    endloop
  endfacet
  facet normal -0.0649964 -0.997886 0
    outer loop
      vertex -15.8 16.6 1.2
      vertex -15.6956 16.5932 8
      vertex -15.8 16.6 8
    endloop
  endfacet
  facet normal -0.0649964 -0.997886 -0
    outer loop
      vertex -15.6956 16.5932 8
      vertex -15.8 16.6 1.2
      vertex -15.6956 16.5932 1.2
    endloop
  endfacet
  facet normal -0.44224 -0.896897 0
    outer loop
      vertex -15.4939 16.5391 1.2
      vertex -15.4 16.4928 8
      vertex -15.4939 16.5391 8
    endloop
  endfacet
  facet normal -0.44224 -0.896897 -0
    outer loop
      vertex -15.4 16.4928 8
      vertex -15.4939 16.5391 1.2
      vertex -15.4 16.4928 1.2
    endloop
  endfacet
  facet normal 0.44224 -0.896897 0
    outer loop
      vertex -16.2 16.4928 1.2
      vertex -16.1061 16.5391 8
      vertex -16.2 16.4928 8
    endloop
  endfacet
  facet normal 0.44224 -0.896897 0
    outer loop
      vertex -16.1061 16.5391 8
      vertex -16.2 16.4928 1.2
      vertex -16.1061 16.5391 1.2
    endloop
  endfacet
  facet normal -0.896897 -0.44224 0
    outer loop
      vertex -15.0609 16.1061 1.2
      vertex -15.1072 16.2 8
      vertex -15.1072 16.2 1.2
    endloop
  endfacet
  facet normal -0.896897 -0.44224 0
    outer loop
      vertex -15.1072 16.2 8
      vertex -15.0609 16.1061 1.2
      vertex -15.0609 16.1061 8
    endloop
  endfacet
  facet normal -0.751925 -0.659248 0
    outer loop
      vertex -15.1653 16.287 1.2
      vertex -15.2343 16.3657 8
      vertex -15.2343 16.3657 1.2
    endloop
  endfacet
  facet normal -0.751925 -0.659248 0
    outer loop
      vertex -15.2343 16.3657 8
      vertex -15.1653 16.287 1.2
      vertex -15.1653 16.287 8
    endloop
  endfacet
  facet normal -0.321388 0.946948 0
    outer loop
      vertex -15.4939 15.0609 1.2
      vertex -15.5929 15.0273 8
      vertex -15.4939 15.0609 8
    endloop
  endfacet
  facet normal -0.321388 0.946948 0
    outer loop
      vertex -15.5929 15.0273 8
      vertex -15.4939 15.0609 1.2
      vertex -15.5929 15.0273 1.2
    endloop
  endfacet
  facet normal 0.659248 -0.751925 0
    outer loop
      vertex -16.3657 16.3657 1.2
      vertex -16.287 16.4347 8
      vertex -16.3657 16.3657 8
    endloop
  endfacet
  facet normal 0.659248 -0.751925 0
    outer loop
      vertex -16.287 16.4347 8
      vertex -16.3657 16.3657 1.2
      vertex -16.287 16.4347 1.2
    endloop
  endfacet
  facet normal -0.980654 0.195749 0
    outer loop
      vertex -15.0273 15.5929 1.2
      vertex -15.0068 15.6956 8
      vertex -15.0068 15.6956 1.2
    endloop
  endfacet
  facet normal -0.980654 0.195749 0
    outer loop
      vertex -15.0068 15.6956 8
      vertex -15.0273 15.5929 1.2
      vertex -15.0273 15.5929 8
    endloop
  endfacet
  facet normal 0.896897 -0.44224 0
    outer loop
      vertex -16.5391 16.1061 8
      vertex -16.4928 16.2 1.2
      vertex -16.4928 16.2 8
    endloop
  endfacet
  facet normal 0.896897 -0.44224 0
    outer loop
      vertex -16.4928 16.2 1.2
      vertex -16.5391 16.1061 8
      vertex -16.5391 16.1061 1.2
    endloop
  endfacet
  facet normal 0.44224 0.896897 -0
    outer loop
      vertex -16.1061 15.0609 1.2
      vertex -16.2 15.1072 8
      vertex -16.1061 15.0609 8
    endloop
  endfacet
  facet normal 0.44224 0.896897 0
    outer loop
      vertex -16.2 15.1072 8
      vertex -16.1061 15.0609 1.2
      vertex -16.2 15.1072 1.2
    endloop
  endfacet
  facet normal -0.555362 0.831609 0
    outer loop
      vertex -15.313 15.1653 1.2
      vertex -15.4 15.1072 8
      vertex -15.313 15.1653 8
    endloop
  endfacet
  facet normal -0.555362 0.831609 0
    outer loop
      vertex -15.4 15.1072 8
      vertex -15.313 15.1653 1.2
      vertex -15.4 15.1072 1.2
    endloop
  endfacet
  facet normal -0.195749 0.980654 0
    outer loop
      vertex -15.5929 15.0273 1.2
      vertex -15.6956 15.0068 8
      vertex -15.5929 15.0273 8
    endloop
  endfacet
  facet normal -0.195749 0.980654 0
    outer loop
      vertex -15.6956 15.0068 8
      vertex -15.5929 15.0273 1.2
      vertex -15.6956 15.0068 1.2
    endloop
  endfacet
  facet normal 0.321388 -0.946948 0
    outer loop
      vertex -16.1061 16.5391 1.2
      vertex -16.0071 16.5727 8
      vertex -16.1061 16.5391 8
    endloop
  endfacet
  facet normal 0.321388 -0.946948 0
    outer loop
      vertex -16.0071 16.5727 8
      vertex -16.1061 16.5391 1.2
      vertex -16.0071 16.5727 1.2
    endloop
  endfacet
  facet normal -0.997886 0.0649964 0
    outer loop
      vertex -15.0068 15.6956 1.2
      vertex -15 15.8 8
      vertex -15 15.8 1.2
    endloop
  endfacet
  facet normal -0.997886 0.0649964 0
    outer loop
      vertex -15 15.8 8
      vertex -15.0068 15.6956 1.2
      vertex -15.0068 15.6956 8
    endloop
  endfacet
  facet normal 0.980654 0.195749 0
    outer loop
      vertex -16.5727 15.5929 8
      vertex -16.5932 15.6956 1.2
      vertex -16.5932 15.6956 8
    endloop
  endfacet
  facet normal 0.980654 0.195749 0
    outer loop
      vertex -16.5932 15.6956 1.2
      vertex -16.5727 15.5929 8
      vertex -16.5727 15.5929 1.2
    endloop
  endfacet
  facet normal -0.44224 0.896897 0
    outer loop
      vertex -15.4 15.1072 1.2
      vertex -15.4939 15.0609 8
      vertex -15.4 15.1072 8
    endloop
  endfacet
  facet normal -0.44224 0.896897 0
    outer loop
      vertex -15.4939 15.0609 8
      vertex -15.4 15.1072 1.2
      vertex -15.4939 15.0609 1.2
    endloop
  endfacet
  facet normal -0.659248 -0.751925 0
    outer loop
      vertex -15.313 16.4347 1.2
      vertex -15.2343 16.3657 8
      vertex -15.313 16.4347 8
    endloop
  endfacet
  facet normal -0.659248 -0.751925 -0
    outer loop
      vertex -15.2343 16.3657 8
      vertex -15.313 16.4347 1.2
      vertex -15.2343 16.3657 1.2
    endloop
  endfacet
  facet normal 0.831609 -0.555362 0
    outer loop
      vertex -16.4928 16.2 8
      vertex -16.4347 16.287 1.2
      vertex -16.4347 16.287 8
    endloop
  endfacet
  facet normal 0.831609 -0.555362 0
    outer loop
      vertex -16.4347 16.287 1.2
      vertex -16.4928 16.2 8
      vertex -16.4928 16.2 1.2
    endloop
  endfacet
  facet normal -0.555362 -0.831609 0
    outer loop
      vertex -15.4 16.4928 1.2
      vertex -15.313 16.4347 8
      vertex -15.4 16.4928 8
    endloop
  endfacet
  facet normal -0.555362 -0.831609 -0
    outer loop
      vertex -15.313 16.4347 8
      vertex -15.4 16.4928 1.2
      vertex -15.313 16.4347 1.2
    endloop
  endfacet
  facet normal 0.555362 0.831609 -0
    outer loop
      vertex -16.2 15.1072 1.2
      vertex -16.287 15.1653 8
      vertex -16.2 15.1072 8
    endloop
  endfacet
  facet normal 0.555362 0.831609 0
    outer loop
      vertex -16.287 15.1653 8
      vertex -16.2 15.1072 1.2
      vertex -16.287 15.1653 1.2
    endloop
  endfacet
  facet normal 0.980654 -0.195749 0
    outer loop
      vertex -16.5932 15.9044 8
      vertex -16.5727 16.0071 1.2
      vertex -16.5727 16.0071 8
    endloop
  endfacet
  facet normal 0.980654 -0.195749 0
    outer loop
      vertex -16.5727 16.0071 1.2
      vertex -16.5932 15.9044 8
      vertex -16.5932 15.9044 1.2
    endloop
  endfacet
  facet normal 0 0 1
    outer loop
      vertex -15.0068 15.9044 1.2
      vertex -15.0068 15.6956 1.2
      vertex -15 15.8 1.2
    endloop
  endfacet
  facet normal 0 0 1
    outer loop
      vertex -15.0273 16.0071 1.2
      vertex -15.0068 15.6956 1.2
      vertex -15.0068 15.9044 1.2
    endloop
  endfacet
  facet normal 0 0 1
    outer loop
      vertex -15.0273 16.0071 1.2
      vertex -15.0273 15.5929 1.2
      vertex -15.0068 15.6956 1.2
    endloop
  endfacet
  facet normal 0 0 1
    outer loop
      vertex -15.0609 16.1061 1.2
      vertex -15.0273 15.5929 1.2
      vertex -15.0273 16.0071 1.2
    endloop
  endfacet
  facet normal 0 0 1
    outer loop
      vertex -15.0609 16.1061 1.2
      vertex -15.0609 15.4939 1.2
      vertex -15.0273 15.5929 1.2
    endloop
  endfacet
  facet normal 0 0 1
    outer loop
      vertex -15.1072 16.2 1.2
      vertex -15.0609 15.4939 1.2
      vertex -15.0609 16.1061 1.2
    endloop
  endfacet
  facet normal 0 0 1
    outer loop
      vertex -15.1072 16.2 1.2
      vertex -15.1072 15.4 1.2
      vertex -15.0609 15.4939 1.2
    endloop
  endfacet
  facet normal 0 0 1
    outer loop
      vertex -15.1653 16.287 1.2
      vertex -15.1072 15.4 1.2
      vertex -15.1072 16.2 1.2
    endloop
  endfacet
  facet normal 0 0 1
    outer loop
      vertex -15.1653 16.287 1.2
      vertex -15.1653 15.313 1.2
      vertex -15.1072 15.4 1.2
    endloop
  endfacet
  facet normal 0 0 1
    outer loop
      vertex -15.2343 16.3657 1.2
      vertex -15.1653 15.313 1.2
      vertex -15.1653 16.287 1.2
    endloop
  endfacet
  facet normal 0 0 1
    outer loop
      vertex -15.2343 16.3657 1.2
      vertex -15.2343 15.2343 1.2
      vertex -15.1653 15.313 1.2
    endloop
  endfacet
  facet normal 0 0 1
    outer loop
      vertex -15.313 16.4347 1.2
      vertex -15.2343 15.2343 1.2
      vertex -15.2343 16.3657 1.2
    endloop
  endfacet
  facet normal 0 0 1
    outer loop
      vertex -15.313 16.4347 1.2
      vertex -15.313 15.1653 1.2
      vertex -15.2343 15.2343 1.2
    endloop
  endfacet
  facet normal 0 0 1
    outer loop
      vertex -15.4 16.4928 1.2
      vertex -15.313 15.1653 1.2
      vertex -15.313 16.4347 1.2
    endloop
  endfacet
  facet normal 0 0 1
    outer loop
      vertex -15.4 16.4928 1.2
      vertex -15.4 15.1072 1.2
      vertex -15.313 15.1653 1.2
    endloop
  endfacet
  facet normal 0 0 1
    outer loop
      vertex -15.4939 16.5391 1.2
      vertex -15.4 15.1072 1.2
      vertex -15.4 16.4928 1.2
    endloop
  endfacet
  facet normal 0 0 1
    outer loop
      vertex -15.4939 16.5391 1.2
      vertex -15.4939 15.0609 1.2
      vertex -15.4 15.1072 1.2
    endloop
  endfacet
  facet normal 0 0 1
    outer loop
      vertex -15.5929 16.5727 1.2
      vertex -15.4939 15.0609 1.2
      vertex -15.4939 16.5391 1.2
    endloop
  endfacet
  facet normal 0 0 1
    outer loop
      vertex -15.5929 16.5727 1.2
      vertex -15.5929 15.0273 1.2
      vertex -15.4939 15.0609 1.2
    endloop
  endfacet
  facet normal 0 0 1
    outer loop
      vertex -15.6956 16.5932 1.2
      vertex -15.5929 15.0273 1.2
      vertex -15.5929 16.5727 1.2
    endloop
  endfacet
  facet normal 0 0 1
    outer loop
      vertex -15.6956 16.5932 1.2
      vertex -15.6956 15.0068 1.2
      vertex -15.5929 15.0273 1.2
    endloop
  endfacet
  facet normal 0 0 1
    outer loop
      vertex -15.8 16.6 1.2
      vertex -15.6956 15.0068 1.2
      vertex -15.6956 16.5932 1.2
    endloop
  endfacet
  facet normal 0 0 1
    outer loop
      vertex -15.8 16.6 1.2
      vertex -15.8 15 1.2
      vertex -15.6956 15.0068 1.2
    endloop
  endfacet
  facet normal -0 0 1
    outer loop
      vertex -15.9044 16.5932 1.2
      vertex -15.8 15 1.2
      vertex -15.8 16.6 1.2
    endloop
  endfacet
  facet normal 0 0 1
    outer loop
      vertex -15.9044 16.5932 1.2
      vertex -15.9044 15.0068 1.2
      vertex -15.8 15 1.2
    endloop
  endfacet
  facet normal -0 0 1
    outer loop
      vertex -16.0071 16.5727 1.2
      vertex -15.9044 15.0068 1.2
      vertex -15.9044 16.5932 1.2
    endloop
  endfacet
  facet normal 0 0 1
    outer loop
      vertex -16.0071 16.5727 1.2
      vertex -16.0071 15.0273 1.2
      vertex -15.9044 15.0068 1.2
    endloop
  endfacet
  facet normal -0 0 1
    outer loop
      vertex -16.1061 16.5391 1.2
      vertex -16.0071 15.0273 1.2
      vertex -16.0071 16.5727 1.2
    endloop
  endfacet
  facet normal 0 0 1
    outer loop
      vertex -16.1061 16.5391 1.2
      vertex -16.1061 15.0609 1.2
      vertex -16.0071 15.0273 1.2
    endloop
  endfacet
  facet normal -0 0 1
    outer loop
      vertex -16.2 16.4928 1.2
      vertex -16.1061 15.0609 1.2
      vertex -16.1061 16.5391 1.2
    endloop
  endfacet
  facet normal 0 0 1
    outer loop
      vertex -16.2 16.4928 1.2
      vertex -16.2 15.1072 1.2
      vertex -16.1061 15.0609 1.2
    endloop
  endfacet
  facet normal -0 0 1
    outer loop
      vertex -16.287 16.4347 1.2
      vertex -16.2 15.1072 1.2
      vertex -16.2 16.4928 1.2
    endloop
  endfacet
  facet normal 0 0 1
    outer loop
      vertex -16.287 16.4347 1.2
      vertex -16.287 15.1653 1.2
      vertex -16.2 15.1072 1.2
    endloop
  endfacet
  facet normal -0 0 1
    outer loop
      vertex -16.3657 16.3657 1.2
      vertex -16.287 15.1653 1.2
      vertex -16.287 16.4347 1.2
    endloop
  endfacet
  facet normal 0 0 1
    outer loop
      vertex -16.3657 16.3657 1.2
      vertex -16.3657 15.2343 1.2
      vertex -16.287 15.1653 1.2
    endloop
  endfacet
  facet normal -0 0 1
    outer loop
      vertex -16.4347 16.287 1.2
      vertex -16.3657 15.2343 1.2
      vertex -16.3657 16.3657 1.2
    endloop
  endfacet
  facet normal 0 0 1
    outer loop
      vertex -16.4347 16.287 1.2
      vertex -16.4347 15.313 1.2
      vertex -16.3657 15.2343 1.2
    endloop
  endfacet
  facet normal -0 0 1
    outer loop
      vertex -16.4928 16.2 1.2
      vertex -16.4347 15.313 1.2
      vertex -16.4347 16.287 1.2
    endloop
  endfacet
  facet normal 0 0 1
    outer loop
      vertex -16.4928 16.2 1.2
      vertex -16.4928 15.4 1.2
      vertex -16.4347 15.313 1.2
    endloop
  endfacet
  facet normal -0 0 1
    outer loop
      vertex -16.5391 16.1061 1.2
      vertex -16.4928 15.4 1.2
      vertex -16.4928 16.2 1.2
    endloop
  endfacet
  facet normal 0 0 1
    outer loop
      vertex -16.5391 16.1061 1.2
      vertex -16.5391 15.4939 1.2
      vertex -16.4928 15.4 1.2
    endloop
  endfacet
  facet normal -0 0 1
    outer loop
      vertex -16.5727 16.0071 1.2
      vertex -16.5391 15.4939 1.2
      vertex -16.5391 16.1061 1.2
    endloop
  endfacet
  facet normal 0 0 1
    outer loop
      vertex -16.5727 16.0071 1.2
      vertex -16.5727 15.5929 1.2
      vertex -16.5391 15.4939 1.2
    endloop
  endfacet
  facet normal -0 0 1
    outer loop
      vertex -16.5932 15.9044 1.2
      vertex -16.5727 15.5929 1.2
      vertex -16.5727 16.0071 1.2
    endloop
  endfacet
  facet normal 0 0 1
    outer loop
      vertex -16.5932 15.9044 1.2
      vertex -16.5932 15.6956 1.2
      vertex -16.5727 15.5929 1.2
    endloop
  endfacet
  facet normal 0 -0 1
    outer loop
      vertex -16.5932 15.6956 1.2
      vertex -16.5932 15.9044 1.2
      vertex -16.6 15.8 1.2
    endloop
  endfacet
  facet normal 0.0649964 0.997886 -0
    outer loop
      vertex -15.8 15 1.2
      vertex -15.9044 15.0068 8
      vertex -15.8 15 8
    endloop
  endfacet
  facet normal 0.0649964 0.997886 0
    outer loop
      vertex -15.9044 15.0068 8
      vertex -15.8 15 1.2
      vertex -15.9044 15.0068 1.2
    endloop
  endfacet
  facet normal 0.946948 0.321388 0
    outer loop
      vertex -16.5391 15.4939 8
      vertex -16.5727 15.5929 1.2
      vertex -16.5727 15.5929 8
    endloop
  endfacet
  facet normal 0.946948 0.321388 0
    outer loop
      vertex -16.5727 15.5929 1.2
      vertex -16.5391 15.4939 8
      vertex -16.5391 15.4939 1.2
    endloop
  endfacet
  facet normal 0.195749 -0.980654 0
    outer loop
      vertex -16.0071 16.5727 1.2
      vertex -15.9044 16.5932 8
      vertex -16.0071 16.5727 8
    endloop
  endfacet
  facet normal 0.195749 -0.980654 0
    outer loop
      vertex -15.9044 16.5932 8
      vertex -16.0071 16.5727 1.2
      vertex -15.9044 16.5932 1.2
    endloop
  endfacet
  facet normal 0.997886 -0.0649964 0
    outer loop
      vertex -16.6 15.8 8
      vertex -16.5932 15.9044 1.2
      vertex -16.5932 15.9044 8
    endloop
  endfacet
  facet normal 0.997886 -0.0649964 0
    outer loop
      vertex -16.5932 15.9044 1.2
      vertex -16.6 15.8 8
      vertex -16.6 15.8 1.2
    endloop
  endfacet
  facet normal -0.0649964 0.997886 0
    outer loop
      vertex -15.6956 15.0068 1.2
      vertex -15.8 15 8
      vertex -15.6956 15.0068 8
    endloop
  endfacet
  facet normal -0.0649964 0.997886 0
    outer loop
      vertex -15.8 15 8
      vertex -15.6956 15.0068 1.2
      vertex -15.8 15 1.2
    endloop
  endfacet
  facet normal -0.751925 0.659248 0
    outer loop
      vertex -15.2343 15.2343 1.2
      vertex -15.1653 15.313 8
      vertex -15.1653 15.313 1.2
    endloop
  endfacet
  facet normal -0.751925 0.659248 0
    outer loop
      vertex -15.1653 15.313 8
      vertex -15.2343 15.2343 1.2
      vertex -15.2343 15.2343 8
    endloop
  endfacet
  facet normal -0.659248 0.751925 0
    outer loop
      vertex -15.2343 15.2343 1.2
      vertex -15.313 15.1653 8
      vertex -15.2343 15.2343 8
    endloop
  endfacet
  facet normal -0.659248 0.751925 0
    outer loop
      vertex -15.313 15.1653 8
      vertex -15.2343 15.2343 1.2
      vertex -15.313 15.1653 1.2
    endloop
  endfacet
  facet normal 0.831609 0.555362 0
    outer loop
      vertex -16.4347 15.313 8
      vertex -16.4928 15.4 1.2
      vertex -16.4928 15.4 8
    endloop
  endfacet
  facet normal 0.831609 0.555362 0
    outer loop
      vertex -16.4928 15.4 1.2
      vertex -16.4347 15.313 8
      vertex -16.4347 15.313 1.2
    endloop
  endfacet
  facet normal 0.896897 0.44224 0
    outer loop
      vertex -16.4928 15.4 8
      vertex -16.5391 15.4939 1.2
      vertex -16.5391 15.4939 8
    endloop
  endfacet
  facet normal 0.896897 0.44224 0
    outer loop
      vertex -16.5391 15.4939 1.2
      vertex -16.4928 15.4 8
      vertex -16.4928 15.4 1.2
    endloop
  endfacet
  facet normal 0.0649964 0.997886 -0
    outer loop
      vertex 15.8 -16.6 1.2
      vertex 15.6956 -16.5932 8
      vertex 15.8 -16.6 8
    endloop
  endfacet
  facet normal 0.0649964 0.997886 0
    outer loop
      vertex 15.6956 -16.5932 8
      vertex 15.8 -16.6 1.2
      vertex 15.6956 -16.5932 1.2
    endloop
  endfacet
  facet normal -0.980654 -0.195749 0
    outer loop
      vertex 16.5932 -15.6956 1.2
      vertex 16.5727 -15.5929 8
      vertex 16.5727 -15.5929 1.2
    endloop
  endfacet
  facet normal -0.980654 -0.195749 0
    outer loop
      vertex 16.5727 -15.5929 8
      vertex 16.5932 -15.6956 1.2
      vertex 16.5932 -15.6956 8
    endloop
  endfacet
  facet normal -0.997886 -0.0649964 0
    outer loop
      vertex 16.6 -15.8 1.2
      vertex 16.5932 -15.6956 8
      vertex 16.5932 -15.6956 1.2
    endloop
  endfacet
  facet normal -0.997886 -0.0649964 0
    outer loop
      vertex 16.5932 -15.6956 8
      vertex 16.6 -15.8 1.2
      vertex 16.6 -15.8 8
    endloop
  endfacet
  facet normal -0.946948 -0.321388 0
    outer loop
      vertex 16.5727 -15.5929 1.2
      vertex 16.5391 -15.4939 8
      vertex 16.5391 -15.4939 1.2
    endloop
  endfacet
  facet normal -0.946948 -0.321388 0
    outer loop
      vertex 16.5391 -15.4939 8
      vertex 16.5727 -15.5929 1.2
      vertex 16.5727 -15.5929 8
    endloop
  endfacet
  facet normal -0.321388 -0.946948 0
    outer loop
      vertex 16.0071 -15.0273 1.2
      vertex 16.1061 -15.0609 8
      vertex 16.0071 -15.0273 8
    endloop
  endfacet
  facet normal -0.321388 -0.946948 -0
    outer loop
      vertex 16.1061 -15.0609 8
      vertex 16.0071 -15.0273 1.2
      vertex 16.1061 -15.0609 1.2
    endloop
  endfacet
  facet normal 0.0649964 -0.997886 0
    outer loop
      vertex 15.6956 -15.0068 1.2
      vertex 15.8 -15 8
      vertex 15.6956 -15.0068 8
    endloop
  endfacet
  facet normal 0.0649964 -0.997886 0
    outer loop
      vertex 15.8 -15 8
      vertex 15.6956 -15.0068 1.2
      vertex 15.8 -15 1.2
    endloop
  endfacet
  facet normal -0.980654 0.195749 0
    outer loop
      vertex 16.5727 -16.0071 1.2
      vertex 16.5932 -15.9044 8
      vertex 16.5932 -15.9044 1.2
    endloop
  endfacet
  facet normal -0.980654 0.195749 0
    outer loop
      vertex 16.5932 -15.9044 8
      vertex 16.5727 -16.0071 1.2
      vertex 16.5727 -16.0071 8
    endloop
  endfacet
  facet normal -0.44224 0.896897 0
    outer loop
      vertex 16.2 -16.4928 1.2
      vertex 16.1061 -16.5391 8
      vertex 16.2 -16.4928 8
    endloop
  endfacet
  facet normal -0.44224 0.896897 0
    outer loop
      vertex 16.1061 -16.5391 8
      vertex 16.2 -16.4928 1.2
      vertex 16.1061 -16.5391 1.2
    endloop
  endfacet
  facet normal 0.751925 -0.659248 0
    outer loop
      vertex 15.1653 -15.313 8
      vertex 15.2343 -15.2343 1.2
      vertex 15.2343 -15.2343 8
    endloop
  endfacet
  facet normal 0.751925 -0.659248 0
    outer loop
      vertex 15.2343 -15.2343 1.2
      vertex 15.1653 -15.313 8
      vertex 15.1653 -15.313 1.2
    endloop
  endfacet
  facet normal -0.896897 -0.44224 0
    outer loop
      vertex 16.5391 -15.4939 1.2
      vertex 16.4928 -15.4 8
      vertex 16.4928 -15.4 1.2
    endloop
  endfacet
  facet normal -0.896897 -0.44224 0
    outer loop
      vertex 16.4928 -15.4 8
      vertex 16.5391 -15.4939 1.2
      vertex 16.5391 -15.4939 8
    endloop
  endfacet
  facet normal -0.659248 -0.751925 0
    outer loop
      vertex 16.287 -15.1653 1.2
      vertex 16.3657 -15.2343 8
      vertex 16.287 -15.1653 8
    endloop
  endfacet
  facet normal -0.659248 -0.751925 -0
    outer loop
      vertex 16.3657 -15.2343 8
      vertex 16.287 -15.1653 1.2
      vertex 16.3657 -15.2343 1.2
    endloop
  endfacet
  facet normal -0.831609 0.555362 0
    outer loop
      vertex 16.4347 -16.287 1.2
      vertex 16.4928 -16.2 8
      vertex 16.4928 -16.2 1.2
    endloop
  endfacet
  facet normal -0.831609 0.555362 0
    outer loop
      vertex 16.4928 -16.2 8
      vertex 16.4347 -16.287 1.2
      vertex 16.4347 -16.287 8
    endloop
  endfacet
  facet normal 0.195749 0.980654 -0
    outer loop
      vertex 15.6956 -16.5932 1.2
      vertex 15.5929 -16.5727 8
      vertex 15.6956 -16.5932 8
    endloop
  endfacet
  facet normal 0.195749 0.980654 0
    outer loop
      vertex 15.5929 -16.5727 8
      vertex 15.6956 -16.5932 1.2
      vertex 15.5929 -16.5727 1.2
    endloop
  endfacet
  facet normal -0.555362 -0.831609 0
    outer loop
      vertex 16.2 -15.1072 1.2
      vertex 16.287 -15.1653 8
      vertex 16.2 -15.1072 8
    endloop
  endfacet
  facet normal -0.555362 -0.831609 -0
    outer loop
      vertex 16.287 -15.1653 8
      vertex 16.2 -15.1072 1.2
      vertex 16.287 -15.1653 1.2
    endloop
  endfacet
  facet normal 0.896897 0.44224 0
    outer loop
      vertex 15.1072 -16.2 8
      vertex 15.0609 -16.1061 1.2
      vertex 15.0609 -16.1061 8
    endloop
  endfacet
  facet normal 0.896897 0.44224 0
    outer loop
      vertex 15.0609 -16.1061 1.2
      vertex 15.1072 -16.2 8
      vertex 15.1072 -16.2 1.2
    endloop
  endfacet
  facet normal 0.946948 0.321388 0
    outer loop
      vertex 15.0609 -16.1061 8
      vertex 15.0273 -16.0071 1.2
      vertex 15.0273 -16.0071 8
    endloop
  endfacet
  facet normal 0.946948 0.321388 0
    outer loop
      vertex 15.0273 -16.0071 1.2
      vertex 15.0609 -16.1061 8
      vertex 15.0609 -16.1061 1.2
    endloop
  endfacet
  facet normal -0.896897 0.44224 0
    outer loop
      vertex 16.4928 -16.2 1.2
      vertex 16.5391 -16.1061 8
      vertex 16.5391 -16.1061 1.2
    endloop
  endfacet
  facet normal -0.896897 0.44224 0
    outer loop
      vertex 16.5391 -16.1061 8
      vertex 16.4928 -16.2 1.2
      vertex 16.4928 -16.2 8
    endloop
  endfacet
  facet normal -0.0649964 -0.997886 0
    outer loop
      vertex 15.8 -15 1.2
      vertex 15.9044 -15.0068 8
      vertex 15.8 -15 8
    endloop
  endfacet
  facet normal -0.0649964 -0.997886 -0
    outer loop
      vertex 15.9044 -15.0068 8
      vertex 15.8 -15 1.2
      vertex 15.9044 -15.0068 1.2
    endloop
  endfacet
  facet normal -0.44224 -0.896897 0
    outer loop
      vertex 16.1061 -15.0609 1.2
      vertex 16.2 -15.1072 8
      vertex 16.1061 -15.0609 8
    endloop
  endfacet
  facet normal -0.44224 -0.896897 -0
    outer loop
      vertex 16.2 -15.1072 8
      vertex 16.1061 -15.0609 1.2
      vertex 16.2 -15.1072 1.2
    endloop
  endfacet
  facet normal -0.751925 0.659248 0
    outer loop
      vertex 16.3657 -16.3657 1.2
      vertex 16.4347 -16.287 8
      vertex 16.4347 -16.287 1.2
    endloop
  endfacet
  facet normal -0.751925 0.659248 0
    outer loop
      vertex 16.4347 -16.287 8
      vertex 16.3657 -16.3657 1.2
      vertex 16.3657 -16.3657 8
    endloop
  endfacet
  facet normal -0.659248 0.751925 0
    outer loop
      vertex 16.3657 -16.3657 1.2
      vertex 16.287 -16.4347 8
      vertex 16.3657 -16.3657 8
    endloop
  endfacet
  facet normal -0.659248 0.751925 0
    outer loop
      vertex 16.287 -16.4347 8
      vertex 16.3657 -16.3657 1.2
      vertex 16.287 -16.4347 1.2
    endloop
  endfacet
  facet normal -0.555362 0.831609 0
    outer loop
      vertex 16.287 -16.4347 1.2
      vertex 16.2 -16.4928 8
      vertex 16.287 -16.4347 8
    endloop
  endfacet
  facet normal -0.555362 0.831609 0
    outer loop
      vertex 16.2 -16.4928 8
      vertex 16.287 -16.4347 1.2
      vertex 16.2 -16.4928 1.2
    endloop
  endfacet
  facet normal 0.555362 -0.831609 0
    outer loop
      vertex 15.313 -15.1653 1.2
      vertex 15.4 -15.1072 8
      vertex 15.313 -15.1653 8
    endloop
  endfacet
  facet normal 0.555362 -0.831609 0
    outer loop
      vertex 15.4 -15.1072 8
      vertex 15.313 -15.1653 1.2
      vertex 15.4 -15.1072 1.2
    endloop
  endfacet
  facet normal -0.195749 0.980654 0
    outer loop
      vertex 16.0071 -16.5727 1.2
      vertex 15.9044 -16.5932 8
      vertex 16.0071 -16.5727 8
    endloop
  endfacet
  facet normal -0.195749 0.980654 0
    outer loop
      vertex 15.9044 -16.5932 8
      vertex 16.0071 -16.5727 1.2
      vertex 15.9044 -16.5932 1.2
    endloop
  endfacet
  facet normal -0.831609 -0.555362 0
    outer loop
      vertex 16.4928 -15.4 1.2
      vertex 16.4347 -15.313 8
      vertex 16.4347 -15.313 1.2
    endloop
  endfacet
  facet normal -0.831609 -0.555362 0
    outer loop
      vertex 16.4347 -15.313 8
      vertex 16.4928 -15.4 1.2
      vertex 16.4928 -15.4 8
    endloop
  endfacet
  facet normal 0.751925 0.659248 0
    outer loop
      vertex 15.2343 -16.3657 8
      vertex 15.1653 -16.287 1.2
      vertex 15.1653 -16.287 8
    endloop
  endfacet
  facet normal 0.751925 0.659248 0
    outer loop
      vertex 15.1653 -16.287 1.2
      vertex 15.2343 -16.3657 8
      vertex 15.2343 -16.3657 1.2
    endloop
  endfacet
  facet normal 0.321388 -0.946948 0
    outer loop
      vertex 15.4939 -15.0609 1.2
      vertex 15.5929 -15.0273 8
      vertex 15.4939 -15.0609 8
    endloop
  endfacet
  facet normal 0.321388 -0.946948 0
    outer loop
      vertex 15.5929 -15.0273 8
      vertex 15.4939 -15.0609 1.2
      vertex 15.5929 -15.0273 1.2
    endloop
  endfacet
  facet normal -0.997886 0.0649964 0
    outer loop
      vertex 16.5932 -15.9044 1.2
      vertex 16.6 -15.8 8
      vertex 16.6 -15.8 1.2
    endloop
  endfacet
  facet normal -0.997886 0.0649964 0
    outer loop
      vertex 16.6 -15.8 8
      vertex 16.5932 -15.9044 1.2
      vertex 16.5932 -15.9044 8
    endloop
  endfacet
  facet normal 0.321388 0.946948 -0
    outer loop
      vertex 15.5929 -16.5727 1.2
      vertex 15.4939 -16.5391 8
      vertex 15.5929 -16.5727 8
    endloop
  endfacet
  facet normal 0.321388 0.946948 0
    outer loop
      vertex 15.4939 -16.5391 8
      vertex 15.5929 -16.5727 1.2
      vertex 15.4939 -16.5391 1.2
    endloop
  endfacet
  facet normal 0.195749 -0.980654 0
    outer loop
      vertex 15.5929 -15.0273 1.2
      vertex 15.6956 -15.0068 8
      vertex 15.5929 -15.0273 8
    endloop
  endfacet
  facet normal 0.195749 -0.980654 0
    outer loop
      vertex 15.6956 -15.0068 8
      vertex 15.5929 -15.0273 1.2
      vertex 15.6956 -15.0068 1.2
    endloop
  endfacet
  facet normal 0.44224 -0.896897 0
    outer loop
      vertex 15.4 -15.1072 1.2
      vertex 15.4939 -15.0609 8
      vertex 15.4 -15.1072 8
    endloop
  endfacet
  facet normal 0.44224 -0.896897 0
    outer loop
      vertex 15.4939 -15.0609 8
      vertex 15.4 -15.1072 1.2
      vertex 15.4939 -15.0609 1.2
    endloop
  endfacet
  facet normal -0.321388 0.946948 0
    outer loop
      vertex 16.1061 -16.5391 1.2
      vertex 16.0071 -16.5727 8
      vertex 16.1061 -16.5391 8
    endloop
  endfacet
  facet normal -0.321388 0.946948 0
    outer loop
      vertex 16.0071 -16.5727 8
      vertex 16.1061 -16.5391 1.2
      vertex 16.0071 -16.5727 1.2
    endloop
  endfacet
  facet normal 0.831609 0.555362 0
    outer loop
      vertex 15.1653 -16.287 8
      vertex 15.1072 -16.2 1.2
      vertex 15.1072 -16.2 8
    endloop
  endfacet
  facet normal 0.831609 0.555362 0
    outer loop
      vertex 15.1072 -16.2 1.2
      vertex 15.1653 -16.287 8
      vertex 15.1653 -16.287 1.2
    endloop
  endfacet
  facet normal 0.555362 0.831609 -0
    outer loop
      vertex 15.4 -16.4928 1.2
      vertex 15.313 -16.4347 8
      vertex 15.4 -16.4928 8
    endloop
  endfacet
  facet normal 0.555362 0.831609 0
    outer loop
      vertex 15.313 -16.4347 8
      vertex 15.4 -16.4928 1.2
      vertex 15.313 -16.4347 1.2
    endloop
  endfacet
  facet normal -0.0649964 0.997886 0
    outer loop
      vertex 15.9044 -16.5932 1.2
      vertex 15.8 -16.6 8
      vertex 15.9044 -16.5932 8
    endloop
  endfacet
  facet normal -0.0649964 0.997886 0
    outer loop
      vertex 15.8 -16.6 8
      vertex 15.9044 -16.5932 1.2
      vertex 15.8 -16.6 1.2
    endloop
  endfacet
  facet normal -0.751925 -0.659248 0
    outer loop
      vertex 16.4347 -15.313 1.2
      vertex 16.3657 -15.2343 8
      vertex 16.3657 -15.2343 1.2
    endloop
  endfacet
  facet normal -0.751925 -0.659248 0
    outer loop
      vertex 16.3657 -15.2343 8
      vertex 16.4347 -15.313 1.2
      vertex 16.4347 -15.313 8
    endloop
  endfacet
  facet normal 0.44224 0.896897 -0
    outer loop
      vertex 15.4939 -16.5391 1.2
      vertex 15.4 -16.4928 8
      vertex 15.4939 -16.5391 8
    endloop
  endfacet
  facet normal 0.44224 0.896897 0
    outer loop
      vertex 15.4 -16.4928 8
      vertex 15.4939 -16.5391 1.2
      vertex 15.4 -16.4928 1.2
    endloop
  endfacet
  facet normal 0.980654 0.195749 0
    outer loop
      vertex 15.0273 -16.0071 8
      vertex 15.0068 -15.9044 1.2
      vertex 15.0068 -15.9044 8
    endloop
  endfacet
  facet normal 0.980654 0.195749 0
    outer loop
      vertex 15.0068 -15.9044 1.2
      vertex 15.0273 -16.0071 8
      vertex 15.0273 -16.0071 1.2
    endloop
  endfacet
  facet normal 0.659248 -0.751925 0
    outer loop
      vertex 15.2343 -15.2343 1.2
      vertex 15.313 -15.1653 8
      vertex 15.2343 -15.2343 8
    endloop
  endfacet
  facet normal 0.659248 -0.751925 0
    outer loop
      vertex 15.313 -15.1653 8
      vertex 15.2343 -15.2343 1.2
      vertex 15.313 -15.1653 1.2
    endloop
  endfacet
  facet normal 0 0 1
    outer loop
      vertex 16.5932 -15.6956 1.2
      vertex 16.5932 -15.9044 1.2
      vertex 16.6 -15.8 1.2
    endloop
  endfacet
  facet normal 0 0 1
    outer loop
      vertex 16.5727 -15.5929 1.2
      vertex 16.5932 -15.9044 1.2
      vertex 16.5932 -15.6956 1.2
    endloop
  endfacet
  facet normal 0 0 1
    outer loop
      vertex 16.5727 -15.5929 1.2
      vertex 16.5727 -16.0071 1.2
      vertex 16.5932 -15.9044 1.2
    endloop
  endfacet
  facet normal 0 0 1
    outer loop
      vertex 16.5391 -15.4939 1.2
      vertex 16.5727 -16.0071 1.2
      vertex 16.5727 -15.5929 1.2
    endloop
  endfacet
  facet normal 0 0 1
    outer loop
      vertex 16.5391 -15.4939 1.2
      vertex 16.5391 -16.1061 1.2
      vertex 16.5727 -16.0071 1.2
    endloop
  endfacet
  facet normal 0 0 1
    outer loop
      vertex 16.4928 -15.4 1.2
      vertex 16.5391 -16.1061 1.2
      vertex 16.5391 -15.4939 1.2
    endloop
  endfacet
  facet normal 0 0 1
    outer loop
      vertex 16.4928 -15.4 1.2
      vertex 16.4928 -16.2 1.2
      vertex 16.5391 -16.1061 1.2
    endloop
  endfacet
  facet normal 0 0 1
    outer loop
      vertex 16.4347 -15.313 1.2
      vertex 16.4928 -16.2 1.2
      vertex 16.4928 -15.4 1.2
    endloop
  endfacet
  facet normal 0 0 1
    outer loop
      vertex 16.4347 -15.313 1.2
      vertex 16.4347 -16.287 1.2
      vertex 16.4928 -16.2 1.2
    endloop
  endfacet
  facet normal 0 0 1
    outer loop
      vertex 16.3657 -15.2343 1.2
      vertex 16.4347 -16.287 1.2
      vertex 16.4347 -15.313 1.2
    endloop
  endfacet
  facet normal 0 0 1
    outer loop
      vertex 16.3657 -15.2343 1.2
      vertex 16.3657 -16.3657 1.2
      vertex 16.4347 -16.287 1.2
    endloop
  endfacet
  facet normal 0 0 1
    outer loop
      vertex 16.287 -15.1653 1.2
      vertex 16.3657 -16.3657 1.2
      vertex 16.3657 -15.2343 1.2
    endloop
  endfacet
  facet normal 0 0 1
    outer loop
      vertex 16.287 -15.1653 1.2
      vertex 16.287 -16.4347 1.2
      vertex 16.3657 -16.3657 1.2
    endloop
  endfacet
  facet normal 0 0 1
    outer loop
      vertex 16.2 -15.1072 1.2
      vertex 16.287 -16.4347 1.2
      vertex 16.287 -15.1653 1.2
    endloop
  endfacet
  facet normal 0 0 1
    outer loop
      vertex 16.2 -15.1072 1.2
      vertex 16.2 -16.4928 1.2
      vertex 16.287 -16.4347 1.2
    endloop
  endfacet
  facet normal 0 0 1
    outer loop
      vertex 16.1061 -15.0609 1.2
      vertex 16.2 -16.4928 1.2
      vertex 16.2 -15.1072 1.2
    endloop
  endfacet
  facet normal 0 0 1
    outer loop
      vertex 16.1061 -15.0609 1.2
      vertex 16.1061 -16.5391 1.2
      vertex 16.2 -16.4928 1.2
    endloop
  endfacet
  facet normal 0 0 1
    outer loop
      vertex 16.0071 -15.0273 1.2
      vertex 16.1061 -16.5391 1.2
      vertex 16.1061 -15.0609 1.2
    endloop
  endfacet
  facet normal 0 0 1
    outer loop
      vertex 16.0071 -15.0273 1.2
      vertex 16.0071 -16.5727 1.2
      vertex 16.1061 -16.5391 1.2
    endloop
  endfacet
  facet normal 0 0 1
    outer loop
      vertex 15.9044 -15.0068 1.2
      vertex 16.0071 -16.5727 1.2
      vertex 16.0071 -15.0273 1.2
    endloop
  endfacet
  facet normal 0 0 1
    outer loop
      vertex 15.9044 -15.0068 1.2
      vertex 15.9044 -16.5932 1.2
      vertex 16.0071 -16.5727 1.2
    endloop
  endfacet
  facet normal 0 0 1
    outer loop
      vertex 15.8 -15 1.2
      vertex 15.9044 -16.5932 1.2
      vertex 15.9044 -15.0068 1.2
    endloop
  endfacet
  facet normal 0 0 1
    outer loop
      vertex 15.8 -15 1.2
      vertex 15.8 -16.6 1.2
      vertex 15.9044 -16.5932 1.2
    endloop
  endfacet
  facet normal -0 0 1
    outer loop
      vertex 15.6956 -15.0068 1.2
      vertex 15.8 -16.6 1.2
      vertex 15.8 -15 1.2
    endloop
  endfacet
  facet normal 0 0 1
    outer loop
      vertex 15.6956 -15.0068 1.2
      vertex 15.6956 -16.5932 1.2
      vertex 15.8 -16.6 1.2
    endloop
  endfacet
  facet normal -0 0 1
    outer loop
      vertex 15.5929 -15.0273 1.2
      vertex 15.6956 -16.5932 1.2
      vertex 15.6956 -15.0068 1.2
    endloop
  endfacet
  facet normal 0 0 1
    outer loop
      vertex 15.5929 -15.0273 1.2
      vertex 15.5929 -16.5727 1.2
      vertex 15.6956 -16.5932 1.2
    endloop
  endfacet
  facet normal -0 0 1
    outer loop
      vertex 15.4939 -15.0609 1.2
      vertex 15.5929 -16.5727 1.2
      vertex 15.5929 -15.0273 1.2
    endloop
  endfacet
  facet normal 0 0 1
    outer loop
      vertex 15.4939 -15.0609 1.2
      vertex 15.4939 -16.5391 1.2
      vertex 15.5929 -16.5727 1.2
    endloop
  endfacet
  facet normal -0 0 1
    outer loop
      vertex 15.4 -15.1072 1.2
      vertex 15.4939 -16.5391 1.2
      vertex 15.4939 -15.0609 1.2
    endloop
  endfacet
  facet normal 0 0 1
    outer loop
      vertex 15.4 -15.1072 1.2
      vertex 15.4 -16.4928 1.2
      vertex 15.4939 -16.5391 1.2
    endloop
  endfacet
  facet normal -0 0 1
    outer loop
      vertex 15.313 -15.1653 1.2
      vertex 15.4 -16.4928 1.2
      vertex 15.4 -15.1072 1.2
    endloop
  endfacet
  facet normal 0 0 1
    outer loop
      vertex 15.313 -15.1653 1.2
      vertex 15.313 -16.4347 1.2
      vertex 15.4 -16.4928 1.2
    endloop
  endfacet
  facet normal -0 0 1
    outer loop
      vertex 15.2343 -15.2343 1.2
      vertex 15.313 -16.4347 1.2
      vertex 15.313 -15.1653 1.2
    endloop
  endfacet
  facet normal 0 0 1
    outer loop
      vertex 15.2343 -15.2343 1.2
      vertex 15.2343 -16.3657 1.2
      vertex 15.313 -16.4347 1.2
    endloop
  endfacet
  facet normal -0 0 1
    outer loop
      vertex 15.1653 -15.313 1.2
      vertex 15.2343 -16.3657 1.2
      vertex 15.2343 -15.2343 1.2
    endloop
  endfacet
  facet normal 0 0 1
    outer loop
      vertex 15.1653 -15.313 1.2
      vertex 15.1653 -16.287 1.2
      vertex 15.2343 -16.3657 1.2
    endloop
  endfacet
  facet normal -0 0 1
    outer loop
      vertex 15.1072 -15.4 1.2
      vertex 15.1653 -16.287 1.2
      vertex 15.1653 -15.313 1.2
    endloop
  endfacet
  facet normal 0 0 1
    outer loop
      vertex 15.1072 -15.4 1.2
      vertex 15.1072 -16.2 1.2
      vertex 15.1653 -16.287 1.2
    endloop
  endfacet
  facet normal -0 0 1
    outer loop
      vertex 15.0609 -15.4939 1.2
      vertex 15.1072 -16.2 1.2
      vertex 15.1072 -15.4 1.2
    endloop
  endfacet
  facet normal 0 0 1
    outer loop
      vertex 15.0609 -15.4939 1.2
      vertex 15.0609 -16.1061 1.2
      vertex 15.1072 -16.2 1.2
    endloop
  endfacet
  facet normal -0 0 1
    outer loop
      vertex 15.0273 -15.5929 1.2
      vertex 15.0609 -16.1061 1.2
      vertex 15.0609 -15.4939 1.2
    endloop
  endfacet
  facet normal 0 0 1
    outer loop
      vertex 15.0273 -15.5929 1.2
      vertex 15.0273 -16.0071 1.2
      vertex 15.0609 -16.1061 1.2
    endloop
  endfacet
  facet normal -0 0 1
    outer loop
      vertex 15.0068 -15.6956 1.2
      vertex 15.0273 -16.0071 1.2
      vertex 15.0273 -15.5929 1.2
    endloop
  endfacet
  facet normal 0 0 1
    outer loop
      vertex 15.0068 -15.6956 1.2
      vertex 15.0068 -15.9044 1.2
      vertex 15.0273 -16.0071 1.2
    endloop
  endfacet
  facet normal 0 -0 1
    outer loop
      vertex 15.0068 -15.9044 1.2
      vertex 15.0068 -15.6956 1.2
      vertex 15 -15.8 1.2
    endloop
  endfacet
  facet normal -0.195749 -0.980654 0
    outer loop
      vertex 15.9044 -15.0068 1.2
      vertex 16.0071 -15.0273 8
      vertex 15.9044 -15.0068 8
    endloop
  endfacet
  facet normal -0.195749 -0.980654 -0
    outer loop
      vertex 16.0071 -15.0273 8
      vertex 15.9044 -15.0068 1.2
      vertex 16.0071 -15.0273 1.2
    endloop
  endfacet
  facet normal 0.980654 -0.195749 0
    outer loop
      vertex 15.0068 -15.6956 8
      vertex 15.0273 -15.5929 1.2
      vertex 15.0273 -15.5929 8
    endloop
  endfacet
  facet normal 0.980654 -0.195749 0
    outer loop
      vertex 15.0273 -15.5929 1.2
      vertex 15.0068 -15.6956 8
      vertex 15.0068 -15.6956 1.2
    endloop
  endfacet
  facet normal 0.896897 -0.44224 0
    outer loop
      vertex 15.0609 -15.4939 8
      vertex 15.1072 -15.4 1.2
      vertex 15.1072 -15.4 8
    endloop
  endfacet
  facet normal 0.896897 -0.44224 0
    outer loop
      vertex 15.1072 -15.4 1.2
      vertex 15.0609 -15.4939 8
      vertex 15.0609 -15.4939 1.2
    endloop
  endfacet
  facet normal 0.997886 -0.0649964 0
    outer loop
      vertex 15 -15.8 8
      vertex 15.0068 -15.6956 1.2
      vertex 15.0068 -15.6956 8
    endloop
  endfacet
  facet normal 0.997886 -0.0649964 0
    outer loop
      vertex 15.0068 -15.6956 1.2
      vertex 15 -15.8 8
      vertex 15 -15.8 1.2
    endloop
  endfacet
  facet normal -0.946948 0.321388 0
    outer loop
      vertex 16.5391 -16.1061 1.2
      vertex 16.5727 -16.0071 8
      vertex 16.5727 -16.0071 1.2
    endloop
  endfacet
  facet normal -0.946948 0.321388 0
    outer loop
      vertex 16.5727 -16.0071 8
      vertex 16.5391 -16.1061 1.2
      vertex 16.5391 -16.1061 8
    endloop
  endfacet
  facet normal 0.659248 0.751925 -0
    outer loop
      vertex 15.313 -16.4347 1.2
      vertex 15.2343 -16.3657 8
      vertex 15.313 -16.4347 8
    endloop
  endfacet
  facet normal 0.659248 0.751925 0
    outer loop
      vertex 15.2343 -16.3657 8
      vertex 15.313 -16.4347 1.2
      vertex 15.2343 -16.3657 1.2
    endloop
  endfacet
  facet normal 0.997886 0.0649964 0
    outer loop
      vertex 15.0068 -15.9044 8
      vertex 15 -15.8 1.2
      vertex 15 -15.8 8
    endloop
  endfacet
  facet normal 0.997886 0.0649964 0
    outer loop
      vertex 15 -15.8 1.2
      vertex 15.0068 -15.9044 8
      vertex 15.0068 -15.9044 1.2
    endloop
  endfacet
  facet normal 0.946948 -0.321388 0
    outer loop
      vertex 15.0273 -15.5929 8
      vertex 15.0609 -15.4939 1.2
      vertex 15.0609 -15.4939 8
    endloop
  endfacet
  facet normal 0.946948 -0.321388 0
    outer loop
      vertex 15.0609 -15.4939 1.2
      vertex 15.0273 -15.5929 8
      vertex 15.0273 -15.5929 1.2
    endloop
  endfacet
  facet normal 0.831609 -0.555362 0
    outer loop
      vertex 15.1072 -15.4 8
      vertex 15.1653 -15.313 1.2
      vertex 15.1653 -15.313 8
    endloop
  endfacet
  facet normal 0.831609 -0.555362 0
    outer loop
      vertex 15.1653 -15.313 1.2
      vertex 15.1072 -15.4 8
      vertex 15.1072 -15.4 1.2
    endloop
  endfacet
  facet normal -0.980654 -0.195749 0
    outer loop
      vertex 16.5932 15.9044 1.2
      vertex 16.5727 16.0071 8
      vertex 16.5727 16.0071 1.2
    endloop
  endfacet
  facet normal -0.980654 -0.195749 0
    outer loop
      vertex 16.5727 16.0071 8
      vertex 16.5932 15.9044 1.2
      vertex 16.5932 15.9044 8
    endloop
  endfacet
  facet normal -0.997886 -0.0649964 0
    outer loop
      vertex 16.6 15.8 1.2
      vertex 16.5932 15.9044 8
      vertex 16.5932 15.9044 1.2
    endloop
  endfacet
  facet normal -0.997886 -0.0649964 0
    outer loop
      vertex 16.5932 15.9044 8
      vertex 16.6 15.8 1.2
      vertex 16.6 15.8 8
    endloop
  endfacet
  facet normal -0.946948 -0.321388 0
    outer loop
      vertex 16.5727 16.0071 1.2
      vertex 16.5391 16.1061 8
      vertex 16.5391 16.1061 1.2
    endloop
  endfacet
  facet normal -0.946948 -0.321388 0
    outer loop
      vertex 16.5391 16.1061 8
      vertex 16.5727 16.0071 1.2
      vertex 16.5727 16.0071 8
    endloop
  endfacet
  facet normal 0.659248 -0.751925 0
    outer loop
      vertex 15.2343 16.3657 1.2
      vertex 15.313 16.4347 8
      vertex 15.2343 16.3657 8
    endloop
  endfacet
  facet normal 0.659248 -0.751925 0
    outer loop
      vertex 15.313 16.4347 8
      vertex 15.2343 16.3657 1.2
      vertex 15.313 16.4347 1.2
    endloop
  endfacet
  facet normal 0.44224 0.896897 -0
    outer loop
      vertex 15.4939 15.0609 1.2
      vertex 15.4 15.1072 8
      vertex 15.4939 15.0609 8
    endloop
  endfacet
  facet normal 0.44224 0.896897 0
    outer loop
      vertex 15.4 15.1072 8
      vertex 15.4939 15.0609 1.2
      vertex 15.4 15.1072 1.2
    endloop
  endfacet
  facet normal -0.751925 0.659248 0
    outer loop
      vertex 16.3657 15.2343 1.2
      vertex 16.4347 15.313 8
      vertex 16.4347 15.313 1.2
    endloop
  endfacet
  facet normal -0.751925 0.659248 0
    outer loop
      vertex 16.4347 15.313 8
      vertex 16.3657 15.2343 1.2
      vertex 16.3657 15.2343 8
    endloop
  endfacet
  facet normal 0.946948 0.321388 0
    outer loop
      vertex 15.0609 15.4939 8
      vertex 15.0273 15.5929 1.2
      vertex 15.0273 15.5929 8
    endloop
  endfacet
  facet normal 0.946948 0.321388 0
    outer loop
      vertex 15.0273 15.5929 1.2
      vertex 15.0609 15.4939 8
      vertex 15.0609 15.4939 1.2
    endloop
  endfacet
  facet normal 0.0649964 0.997886 -0
    outer loop
      vertex 15.8 15 1.2
      vertex 15.6956 15.0068 8
      vertex 15.8 15 8
    endloop
  endfacet
  facet normal 0.0649964 0.997886 0
    outer loop
      vertex 15.6956 15.0068 8
      vertex 15.8 15 1.2
      vertex 15.6956 15.0068 1.2
    endloop
  endfacet
  facet normal 0 0 1
    outer loop
      vertex 16.5932 15.9044 1.2
      vertex 16.5932 15.6956 1.2
      vertex 16.6 15.8 1.2
    endloop
  endfacet
  facet normal 0 0 1
    outer loop
      vertex 16.5727 16.0071 1.2
      vertex 16.5932 15.6956 1.2
      vertex 16.5932 15.9044 1.2
    endloop
  endfacet
  facet normal 0 0 1
    outer loop
      vertex 16.5727 16.0071 1.2
      vertex 16.5727 15.5929 1.2
      vertex 16.5932 15.6956 1.2
    endloop
  endfacet
  facet normal 0 0 1
    outer loop
      vertex 16.5391 16.1061 1.2
      vertex 16.5727 15.5929 1.2
      vertex 16.5727 16.0071 1.2
    endloop
  endfacet
  facet normal 0 0 1
    outer loop
      vertex 16.5391 16.1061 1.2
      vertex 16.5391 15.4939 1.2
      vertex 16.5727 15.5929 1.2
    endloop
  endfacet
  facet normal 0 0 1
    outer loop
      vertex 16.4928 16.2 1.2
      vertex 16.5391 15.4939 1.2
      vertex 16.5391 16.1061 1.2
    endloop
  endfacet
  facet normal 0 0 1
    outer loop
      vertex 16.4928 16.2 1.2
      vertex 16.4928 15.4 1.2
      vertex 16.5391 15.4939 1.2
    endloop
  endfacet
  facet normal 0 0 1
    outer loop
      vertex 16.4347 16.287 1.2
      vertex 16.4928 15.4 1.2
      vertex 16.4928 16.2 1.2
    endloop
  endfacet
  facet normal 0 0 1
    outer loop
      vertex 16.4347 16.287 1.2
      vertex 16.4347 15.313 1.2
      vertex 16.4928 15.4 1.2
    endloop
  endfacet
  facet normal 0 0 1
    outer loop
      vertex 16.3657 16.3657 1.2
      vertex 16.4347 15.313 1.2
      vertex 16.4347 16.287 1.2
    endloop
  endfacet
  facet normal 0 0 1
    outer loop
      vertex 16.3657 16.3657 1.2
      vertex 16.3657 15.2343 1.2
      vertex 16.4347 15.313 1.2
    endloop
  endfacet
  facet normal 0 0 1
    outer loop
      vertex 16.287 16.4347 1.2
      vertex 16.3657 15.2343 1.2
      vertex 16.3657 16.3657 1.2
    endloop
  endfacet
  facet normal 0 0 1
    outer loop
      vertex 16.287 16.4347 1.2
      vertex 16.287 15.1653 1.2
      vertex 16.3657 15.2343 1.2
    endloop
  endfacet
  facet normal 0 0 1
    outer loop
      vertex 16.2 16.4928 1.2
      vertex 16.287 15.1653 1.2
      vertex 16.287 16.4347 1.2
    endloop
  endfacet
  facet normal 0 0 1
    outer loop
      vertex 16.2 16.4928 1.2
      vertex 16.2 15.1072 1.2
      vertex 16.287 15.1653 1.2
    endloop
  endfacet
  facet normal 0 0 1
    outer loop
      vertex 16.1061 16.5391 1.2
      vertex 16.2 15.1072 1.2
      vertex 16.2 16.4928 1.2
    endloop
  endfacet
  facet normal 0 0 1
    outer loop
      vertex 16.1061 16.5391 1.2
      vertex 16.1061 15.0609 1.2
      vertex 16.2 15.1072 1.2
    endloop
  endfacet
  facet normal 0 0 1
    outer loop
      vertex 16.0071 16.5727 1.2
      vertex 16.1061 15.0609 1.2
      vertex 16.1061 16.5391 1.2
    endloop
  endfacet
  facet normal 0 0 1
    outer loop
      vertex 16.0071 16.5727 1.2
      vertex 16.0071 15.0273 1.2
      vertex 16.1061 15.0609 1.2
    endloop
  endfacet
  facet normal 0 0 1
    outer loop
      vertex 15.9044 16.5932 1.2
      vertex 16.0071 15.0273 1.2
      vertex 16.0071 16.5727 1.2
    endloop
  endfacet
  facet normal 0 0 1
    outer loop
      vertex 15.9044 16.5932 1.2
      vertex 15.9044 15.0068 1.2
      vertex 16.0071 15.0273 1.2
    endloop
  endfacet
  facet normal 0 0 1
    outer loop
      vertex 15.8 16.6 1.2
      vertex 15.9044 15.0068 1.2
      vertex 15.9044 16.5932 1.2
    endloop
  endfacet
  facet normal 0 0 1
    outer loop
      vertex 15.8 16.6 1.2
      vertex 15.8 15 1.2
      vertex 15.9044 15.0068 1.2
    endloop
  endfacet
  facet normal -0 0 1
    outer loop
      vertex 15.6956 16.5932 1.2
      vertex 15.8 15 1.2
      vertex 15.8 16.6 1.2
    endloop
  endfacet
  facet normal 0 0 1
    outer loop
      vertex 15.6956 16.5932 1.2
      vertex 15.6956 15.0068 1.2
      vertex 15.8 15 1.2
    endloop
  endfacet
  facet normal -0 0 1
    outer loop
      vertex 15.5929 16.5727 1.2
      vertex 15.6956 15.0068 1.2
      vertex 15.6956 16.5932 1.2
    endloop
  endfacet
  facet normal 0 0 1
    outer loop
      vertex 15.5929 16.5727 1.2
      vertex 15.5929 15.0273 1.2
      vertex 15.6956 15.0068 1.2
    endloop
  endfacet
  facet normal -0 0 1
    outer loop
      vertex 15.4939 16.5391 1.2
      vertex 15.5929 15.0273 1.2
      vertex 15.5929 16.5727 1.2
    endloop
  endfacet
  facet normal 0 0 1
    outer loop
      vertex 15.4939 16.5391 1.2
      vertex 15.4939 15.0609 1.2
      vertex 15.5929 15.0273 1.2
    endloop
  endfacet
  facet normal -0 0 1
    outer loop
      vertex 15.4 16.4928 1.2
      vertex 15.4939 15.0609 1.2
      vertex 15.4939 16.5391 1.2
    endloop
  endfacet
  facet normal 0 0 1
    outer loop
      vertex 15.4 16.4928 1.2
      vertex 15.4 15.1072 1.2
      vertex 15.4939 15.0609 1.2
    endloop
  endfacet
  facet normal -0 0 1
    outer loop
      vertex 15.313 16.4347 1.2
      vertex 15.4 15.1072 1.2
      vertex 15.4 16.4928 1.2
    endloop
  endfacet
  facet normal 0 0 1
    outer loop
      vertex 15.313 16.4347 1.2
      vertex 15.313 15.1653 1.2
      vertex 15.4 15.1072 1.2
    endloop
  endfacet
  facet normal -0 0 1
    outer loop
      vertex 15.2343 16.3657 1.2
      vertex 15.313 15.1653 1.2
      vertex 15.313 16.4347 1.2
    endloop
  endfacet
  facet normal 0 0 1
    outer loop
      vertex 15.2343 16.3657 1.2
      vertex 15.2343 15.2343 1.2
      vertex 15.313 15.1653 1.2
    endloop
  endfacet
  facet normal -0 0 1
    outer loop
      vertex 15.1653 16.287 1.2
      vertex 15.2343 15.2343 1.2
      vertex 15.2343 16.3657 1.2
    endloop
  endfacet
  facet normal 0 0 1
    outer loop
      vertex 15.1653 16.287 1.2
      vertex 15.1653 15.313 1.2
      vertex 15.2343 15.2343 1.2
    endloop
  endfacet
  facet normal -0 0 1
    outer loop
      vertex 15.1072 16.2 1.2
      vertex 15.1653 15.313 1.2
      vertex 15.1653 16.287 1.2
    endloop
  endfacet
  facet normal 0 0 1
    outer loop
      vertex 15.1072 16.2 1.2
      vertex 15.1072 15.4 1.2
      vertex 15.1653 15.313 1.2
    endloop
  endfacet
  facet normal -0 0 1
    outer loop
      vertex 15.0609 16.1061 1.2
      vertex 15.1072 15.4 1.2
      vertex 15.1072 16.2 1.2
    endloop
  endfacet
  facet normal 0 0 1
    outer loop
      vertex 15.0609 16.1061 1.2
      vertex 15.0609 15.4939 1.2
      vertex 15.1072 15.4 1.2
    endloop
  endfacet
  facet normal -0 0 1
    outer loop
      vertex 15.0273 16.0071 1.2
      vertex 15.0609 15.4939 1.2
      vertex 15.0609 16.1061 1.2
    endloop
  endfacet
  facet normal 0 0 1
    outer loop
      vertex 15.0273 16.0071 1.2
      vertex 15.0273 15.5929 1.2
      vertex 15.0609 15.4939 1.2
    endloop
  endfacet
  facet normal -0 0 1
    outer loop
      vertex 15.0068 15.9044 1.2
      vertex 15.0273 15.5929 1.2
      vertex 15.0273 16.0071 1.2
    endloop
  endfacet
  facet normal 0 0 1
    outer loop
      vertex 15.0068 15.9044 1.2
      vertex 15.0068 15.6956 1.2
      vertex 15.0273 15.5929 1.2
    endloop
  endfacet
  facet normal 0 -0 1
    outer loop
      vertex 15.0068 15.6956 1.2
      vertex 15.0068 15.9044 1.2
      vertex 15 15.8 1.2
    endloop
  endfacet
  facet normal -0.896897 -0.44224 0
    outer loop
      vertex 16.5391 16.1061 1.2
      vertex 16.4928 16.2 8
      vertex 16.4928 16.2 1.2
    endloop
  endfacet
  facet normal -0.896897 -0.44224 0
    outer loop
      vertex 16.4928 16.2 8
      vertex 16.5391 16.1061 1.2
      vertex 16.5391 16.1061 8
    endloop
  endfacet
  facet normal -0.44224 -0.896897 0
    outer loop
      vertex 16.1061 16.5391 1.2
      vertex 16.2 16.4928 8
      vertex 16.1061 16.5391 8
    endloop
  endfacet
  facet normal -0.44224 -0.896897 -0
    outer loop
      vertex 16.2 16.4928 8
      vertex 16.1061 16.5391 1.2
      vertex 16.2 16.4928 1.2
    endloop
  endfacet
  facet normal -0.946948 0.321388 0
    outer loop
      vertex 16.5391 15.4939 1.2
      vertex 16.5727 15.5929 8
      vertex 16.5727 15.5929 1.2
    endloop
  endfacet
  facet normal -0.946948 0.321388 0
    outer loop
      vertex 16.5727 15.5929 8
      vertex 16.5391 15.4939 1.2
      vertex 16.5391 15.4939 8
    endloop
  endfacet
  facet normal 0.751925 0.659248 0
    outer loop
      vertex 15.2343 15.2343 8
      vertex 15.1653 15.313 1.2
      vertex 15.1653 15.313 8
    endloop
  endfacet
  facet normal 0.751925 0.659248 0
    outer loop
      vertex 15.1653 15.313 1.2
      vertex 15.2343 15.2343 8
      vertex 15.2343 15.2343 1.2
    endloop
  endfacet
  facet normal 0.997886 0.0649964 0
    outer loop
      vertex 15.0068 15.6956 8
      vertex 15 15.8 1.2
      vertex 15 15.8 8
    endloop
  endfacet
  facet normal 0.997886 0.0649964 0
    outer loop
      vertex 15 15.8 1.2
      vertex 15.0068 15.6956 8
      vertex 15.0068 15.6956 1.2
    endloop
  endfacet
  facet normal -0.831609 -0.555362 0
    outer loop
      vertex 16.4928 16.2 1.2
      vertex 16.4347 16.287 8
      vertex 16.4347 16.287 1.2
    endloop
  endfacet
  facet normal -0.831609 -0.555362 0
    outer loop
      vertex 16.4347 16.287 8
      vertex 16.4928 16.2 1.2
      vertex 16.4928 16.2 8
    endloop
  endfacet
  facet normal -0.321388 0.946948 0
    outer loop
      vertex 16.1061 15.0609 1.2
      vertex 16.0071 15.0273 8
      vertex 16.1061 15.0609 8
    endloop
  endfacet
  facet normal -0.321388 0.946948 0
    outer loop
      vertex 16.0071 15.0273 8
      vertex 16.1061 15.0609 1.2
      vertex 16.0071 15.0273 1.2
    endloop
  endfacet
  facet normal -0.555362 -0.831609 0
    outer loop
      vertex 16.2 16.4928 1.2
      vertex 16.287 16.4347 8
      vertex 16.2 16.4928 8
    endloop
  endfacet
  facet normal -0.555362 -0.831609 -0
    outer loop
      vertex 16.287 16.4347 8
      vertex 16.2 16.4928 1.2
      vertex 16.287 16.4347 1.2
    endloop
  endfacet
  facet normal 0.555362 0.831609 -0
    outer loop
      vertex 15.4 15.1072 1.2
      vertex 15.313 15.1653 8
      vertex 15.4 15.1072 8
    endloop
  endfacet
  facet normal 0.555362 0.831609 0
    outer loop
      vertex 15.313 15.1653 8
      vertex 15.4 15.1072 1.2
      vertex 15.313 15.1653 1.2
    endloop
  endfacet
  facet normal -0.44224 0.896897 0
    outer loop
      vertex 16.2 15.1072 1.2
      vertex 16.1061 15.0609 8
      vertex 16.2 15.1072 8
    endloop
  endfacet
  facet normal -0.44224 0.896897 0
    outer loop
      vertex 16.1061 15.0609 8
      vertex 16.2 15.1072 1.2
      vertex 16.1061 15.0609 1.2
    endloop
  endfacet
  facet normal 0.44224 -0.896897 0
    outer loop
      vertex 15.4 16.4928 1.2
      vertex 15.4939 16.5391 8
      vertex 15.4 16.4928 8
    endloop
  endfacet
  facet normal 0.44224 -0.896897 0
    outer loop
      vertex 15.4939 16.5391 8
      vertex 15.4 16.4928 1.2
      vertex 15.4939 16.5391 1.2
    endloop
  endfacet
  facet normal -0.555362 0.831609 0
    outer loop
      vertex 16.287 15.1653 1.2
      vertex 16.2 15.1072 8
      vertex 16.287 15.1653 8
    endloop
  endfacet
  facet normal -0.555362 0.831609 0
    outer loop
      vertex 16.2 15.1072 8
      vertex 16.287 15.1653 1.2
      vertex 16.2 15.1072 1.2
    endloop
  endfacet
  facet normal 0.896897 -0.44224 0
    outer loop
      vertex 15.0609 16.1061 8
      vertex 15.1072 16.2 1.2
      vertex 15.1072 16.2 8
    endloop
  endfacet
  facet normal 0.896897 -0.44224 0
    outer loop
      vertex 15.1072 16.2 1.2
      vertex 15.0609 16.1061 8
      vertex 15.0609 16.1061 1.2
    endloop
  endfacet
  facet normal -0.659248 -0.751925 0
    outer loop
      vertex 16.287 16.4347 1.2
      vertex 16.3657 16.3657 8
      vertex 16.287 16.4347 8
    endloop
  endfacet
  facet normal -0.659248 -0.751925 -0
    outer loop
      vertex 16.3657 16.3657 8
      vertex 16.287 16.4347 1.2
      vertex 16.3657 16.3657 1.2
    endloop
  endfacet
  facet normal 0.555362 -0.831609 0
    outer loop
      vertex 15.313 16.4347 1.2
      vertex 15.4 16.4928 8
      vertex 15.313 16.4347 8
    endloop
  endfacet
  facet normal 0.555362 -0.831609 0
    outer loop
      vertex 15.4 16.4928 8
      vertex 15.313 16.4347 1.2
      vertex 15.4 16.4928 1.2
    endloop
  endfacet
  facet normal -0.195749 0.980654 0
    outer loop
      vertex 16.0071 15.0273 1.2
      vertex 15.9044 15.0068 8
      vertex 16.0071 15.0273 8
    endloop
  endfacet
  facet normal -0.195749 0.980654 0
    outer loop
      vertex 15.9044 15.0068 8
      vertex 16.0071 15.0273 1.2
      vertex 15.9044 15.0068 1.2
    endloop
  endfacet
  facet normal 0.997886 -0.0649964 0
    outer loop
      vertex 15 15.8 8
      vertex 15.0068 15.9044 1.2
      vertex 15.0068 15.9044 8
    endloop
  endfacet
  facet normal 0.997886 -0.0649964 0
    outer loop
      vertex 15.0068 15.9044 1.2
      vertex 15 15.8 8
      vertex 15 15.8 1.2
    endloop
  endfacet
  facet normal -0.980654 0.195749 0
    outer loop
      vertex 16.5727 15.5929 1.2
      vertex 16.5932 15.6956 8
      vertex 16.5932 15.6956 1.2
    endloop
  endfacet
  facet normal -0.980654 0.195749 0
    outer loop
      vertex 16.5932 15.6956 8
      vertex 16.5727 15.5929 1.2
      vertex 16.5727 15.5929 8
    endloop
  endfacet
  facet normal -0.997886 0.0649964 0
    outer loop
      vertex 16.5932 15.6956 1.2
      vertex 16.6 15.8 8
      vertex 16.6 15.8 1.2
    endloop
  endfacet
  facet normal -0.997886 0.0649964 0
    outer loop
      vertex 16.6 15.8 8
      vertex 16.5932 15.6956 1.2
      vertex 16.5932 15.6956 8
    endloop
  endfacet
  facet normal -0.831609 0.555362 0
    outer loop
      vertex 16.4347 15.313 1.2
      vertex 16.4928 15.4 8
      vertex 16.4928 15.4 1.2
    endloop
  endfacet
  facet normal -0.831609 0.555362 0
    outer loop
      vertex 16.4928 15.4 8
      vertex 16.4347 15.313 1.2
      vertex 16.4347 15.313 8
    endloop
  endfacet
  facet normal 0.321388 -0.946948 0
    outer loop
      vertex 15.4939 16.5391 1.2
      vertex 15.5929 16.5727 8
      vertex 15.4939 16.5391 8
    endloop
  endfacet
  facet normal 0.321388 -0.946948 0
    outer loop
      vertex 15.5929 16.5727 8
      vertex 15.4939 16.5391 1.2
      vertex 15.5929 16.5727 1.2
    endloop
  endfacet
  facet normal 0.980654 0.195749 0
    outer loop
      vertex 15.0273 15.5929 8
      vertex 15.0068 15.6956 1.2
      vertex 15.0068 15.6956 8
    endloop
  endfacet
  facet normal 0.980654 0.195749 0
    outer loop
      vertex 15.0068 15.6956 1.2
      vertex 15.0273 15.5929 8
      vertex 15.0273 15.5929 1.2
    endloop
  endfacet
  facet normal 0.195749 0.980654 -0
    outer loop
      vertex 15.6956 15.0068 1.2
      vertex 15.5929 15.0273 8
      vertex 15.6956 15.0068 8
    endloop
  endfacet
  facet normal 0.195749 0.980654 0
    outer loop
      vertex 15.5929 15.0273 8
      vertex 15.6956 15.0068 1.2
      vertex 15.5929 15.0273 1.2
    endloop
  endfacet
  facet normal -0.0649964 -0.997886 0
    outer loop
      vertex 15.8 16.6 1.2
      vertex 15.9044 16.5932 8
      vertex 15.8 16.6 8
    endloop
  endfacet
  facet normal -0.0649964 -0.997886 -0
    outer loop
      vertex 15.9044 16.5932 8
      vertex 15.8 16.6 1.2
      vertex 15.9044 16.5932 1.2
    endloop
  endfacet
  facet normal -0.321388 -0.946948 0
    outer loop
      vertex 16.0071 16.5727 1.2
      vertex 16.1061 16.5391 8
      vertex 16.0071 16.5727 8
    endloop
  endfacet
  facet normal -0.321388 -0.946948 -0
    outer loop
      vertex 16.1061 16.5391 8
      vertex 16.0071 16.5727 1.2
      vertex 16.1061 16.5391 1.2
    endloop
  endfacet
  facet normal 0.946948 -0.321388 0
    outer loop
      vertex 15.0273 16.0071 8
      vertex 15.0609 16.1061 1.2
      vertex 15.0609 16.1061 8
    endloop
  endfacet
  facet normal 0.946948 -0.321388 0
    outer loop
      vertex 15.0609 16.1061 1.2
      vertex 15.0273 16.0071 8
      vertex 15.0273 16.0071 1.2
    endloop
  endfacet
  facet normal -0.0649964 0.997886 0
    outer loop
      vertex 15.9044 15.0068 1.2
      vertex 15.8 15 8
      vertex 15.9044 15.0068 8
    endloop
  endfacet
  facet normal -0.0649964 0.997886 0
    outer loop
      vertex 15.8 15 8
      vertex 15.9044 15.0068 1.2
      vertex 15.8 15 1.2
    endloop
  endfacet
  facet normal 0.659248 0.751925 -0
    outer loop
      vertex 15.313 15.1653 1.2
      vertex 15.2343 15.2343 8
      vertex 15.313 15.1653 8
    endloop
  endfacet
  facet normal 0.659248 0.751925 0
    outer loop
      vertex 15.2343 15.2343 8
      vertex 15.313 15.1653 1.2
      vertex 15.2343 15.2343 1.2
    endloop
  endfacet
  facet normal 0.195749 -0.980654 0
    outer loop
      vertex 15.5929 16.5727 1.2
      vertex 15.6956 16.5932 8
      vertex 15.5929 16.5727 8
    endloop
  endfacet
  facet normal 0.195749 -0.980654 0
    outer loop
      vertex 15.6956 16.5932 8
      vertex 15.5929 16.5727 1.2
      vertex 15.6956 16.5932 1.2
    endloop
  endfacet
  facet normal 0.751925 -0.659248 0
    outer loop
      vertex 15.1653 16.287 8
      vertex 15.2343 16.3657 1.2
      vertex 15.2343 16.3657 8
    endloop
  endfacet
  facet normal 0.751925 -0.659248 0
    outer loop
      vertex 15.2343 16.3657 1.2
      vertex 15.1653 16.287 8
      vertex 15.1653 16.287 1.2
    endloop
  endfacet
  facet normal -0.896897 0.44224 0
    outer loop
      vertex 16.4928 15.4 1.2
      vertex 16.5391 15.4939 8
      vertex 16.5391 15.4939 1.2
    endloop
  endfacet
  facet normal -0.896897 0.44224 0
    outer loop
      vertex 16.5391 15.4939 8
      vertex 16.4928 15.4 1.2
      vertex 16.4928 15.4 8
    endloop
  endfacet
  facet normal -0.751925 -0.659248 0
    outer loop
      vertex 16.4347 16.287 1.2
      vertex 16.3657 16.3657 8
      vertex 16.3657 16.3657 1.2
    endloop
  endfacet
  facet normal -0.751925 -0.659248 0
    outer loop
      vertex 16.3657 16.3657 8
      vertex 16.4347 16.287 1.2
      vertex 16.4347 16.287 8
    endloop
  endfacet
  facet normal -0.195749 -0.980654 0
    outer loop
      vertex 15.9044 16.5932 1.2
      vertex 16.0071 16.5727 8
      vertex 15.9044 16.5932 8
    endloop
  endfacet
  facet normal -0.195749 -0.980654 -0
    outer loop
      vertex 16.0071 16.5727 8
      vertex 15.9044 16.5932 1.2
      vertex 16.0071 16.5727 1.2
    endloop
  endfacet
  facet normal 0.896897 0.44224 0
    outer loop
      vertex 15.1072 15.4 8
      vertex 15.0609 15.4939 1.2
      vertex 15.0609 15.4939 8
    endloop
  endfacet
  facet normal 0.896897 0.44224 0
    outer loop
      vertex 15.0609 15.4939 1.2
      vertex 15.1072 15.4 8
      vertex 15.1072 15.4 1.2
    endloop
  endfacet
  facet normal 0.980654 -0.195749 0
    outer loop
      vertex 15.0068 15.9044 8
      vertex 15.0273 16.0071 1.2
      vertex 15.0273 16.0071 8
    endloop
  endfacet
  facet normal 0.980654 -0.195749 0
    outer loop
      vertex 15.0273 16.0071 1.2
      vertex 15.0068 15.9044 8
      vertex 15.0068 15.9044 1.2
    endloop
  endfacet
  facet normal 0.321388 0.946948 -0
    outer loop
      vertex 15.5929 15.0273 1.2
      vertex 15.4939 15.0609 8
      vertex 15.5929 15.0273 8
    endloop
  endfacet
  facet normal 0.321388 0.946948 0
    outer loop
      vertex 15.4939 15.0609 8
      vertex 15.5929 15.0273 1.2
      vertex 15.4939 15.0609 1.2
    endloop
  endfacet
  facet normal 0.0649964 -0.997886 0
    outer loop
      vertex 15.6956 16.5932 1.2
      vertex 15.8 16.6 8
      vertex 15.6956 16.5932 8
    endloop
  endfacet
  facet normal 0.0649964 -0.997886 0
    outer loop
      vertex 15.8 16.6 8
      vertex 15.6956 16.5932 1.2
      vertex 15.8 16.6 1.2
    endloop
  endfacet
  facet normal -0.659248 0.751925 0
    outer loop
      vertex 16.3657 15.2343 1.2
      vertex 16.287 15.1653 8
      vertex 16.3657 15.2343 8
    endloop
  endfacet
  facet normal -0.659248 0.751925 0
    outer loop
      vertex 16.287 15.1653 8
      vertex 16.3657 15.2343 1.2
      vertex 16.287 15.1653 1.2
    endloop
  endfacet
  facet normal 0.831609 -0.555362 0
    outer loop
      vertex 15.1072 16.2 8
      vertex 15.1653 16.287 1.2
      vertex 15.1653 16.287 8
    endloop
  endfacet
  facet normal 0.831609 -0.555362 0
    outer loop
      vertex 15.1653 16.287 1.2
      vertex 15.1072 16.2 8
      vertex 15.1072 16.2 1.2
    endloop
  endfacet
  facet normal 0.831609 0.555362 0
    outer loop
      vertex 15.1653 15.313 8
      vertex 15.1072 15.4 1.2
      vertex 15.1072 15.4 8
    endloop
  endfacet
  facet normal 0.831609 0.555362 0
    outer loop
      vertex 15.1072 15.4 1.2
      vertex 15.1653 15.313 8
      vertex 15.1653 15.313 1.2
    endloop
  endfacet
  facet normal -0.321422 0 0.946936
    outer loop
      vertex 0.41411 -18.4 4.85452
      vertex 0.612293 -20 4.92179
      vertex 0.612293 -18.4 4.92179
    endloop
  endfacet
  facet normal -0.321422 0 0.946936
    outer loop
      vertex 0.612293 -20 4.92179
      vertex 0.41411 -18.4 4.85452
      vertex 0.41411 -20 4.85452
    endloop
  endfacet
  facet normal 1 -0 0
    outer loop
      vertex -1.6 -20 8
      vertex -1.6 -18.4 6.4
      vertex -1.6 -18.4 8
    endloop
  endfacet
  facet normal 1 0 0
    outer loop
      vertex -1.6 -18.4 6.4
      vertex -1.6 -20 8
      vertex -1.6 -20 6.4
    endloop
  endfacet
  facet normal 0.997858 -0 0.0654122
    outer loop
      vertex -1.6 -20 6.4
      vertex -1.58631 -18.4 6.19116
      vertex -1.6 -18.4 6.4
    endloop
  endfacet
  facet normal 0.997858 0 0.0654122
    outer loop
      vertex -1.58631 -18.4 6.19116
      vertex -1.6 -20 6.4
      vertex -1.58631 -20 6.19116
    endloop
  endfacet
  facet normal 0.555551 0 0.831482
    outer loop
      vertex -0.974018 -18.4 5.13063
      vertex -0.799999 -20 5.01436
      vertex -0.799999 -18.4 5.01436
    endloop
  endfacet
  facet normal 0.555551 0 0.831482
    outer loop
      vertex -0.799999 -20 5.01436
      vertex -0.974018 -18.4 5.13063
      vertex -0.974018 -20 5.13063
    endloop
  endfacet
  facet normal -0.980786 0 0.195087
    outer loop
      vertex 1.54548 -20 5.98589
      vertex 1.58631 -18.4 6.19116
      vertex 1.54548 -18.4 5.98589
    endloop
  endfacet
  facet normal -0.980786 0 0.195087
    outer loop
      vertex 1.58631 -18.4 6.19116
      vertex 1.54548 -20 5.98589
      vertex 1.58631 -20 6.19116
    endloop
  endfacet
  facet normal -0.831484 0 0.555549
    outer loop
      vertex 1.26937 -20 5.42598
      vertex 1.38564 -18.4 5.6
      vertex 1.26937 -18.4 5.42598
    endloop
  endfacet
  facet normal -0.831484 0 0.555549
    outer loop
      vertex 1.38564 -18.4 5.6
      vertex 1.26937 -20 5.42598
      vertex 1.38564 -20 5.6
    endloop
  endfacet
  facet normal 0.946935 -0 0.321426
    outer loop
      vertex -1.54548 -20 5.98589
      vertex -1.47821 -18.4 5.78771
      vertex -1.54548 -18.4 5.98589
    endloop
  endfacet
  facet normal 0.946935 0 0.321426
    outer loop
      vertex -1.47821 -18.4 5.78771
      vertex -1.54548 -20 5.98589
      vertex -1.47821 -20 5.78771
    endloop
  endfacet
  facet normal 0.751821 -0 0.659367
    outer loop
      vertex -1.26937 -20 5.42598
      vertex -1.13137 -18.4 5.26863
      vertex -1.26937 -18.4 5.42598
    endloop
  endfacet
  facet normal 0.751821 0 0.659367
    outer loop
      vertex -1.13137 -18.4 5.26863
      vertex -1.26937 -20 5.42598
      vertex -1.13137 -20 5.26863
    endloop
  endfacet
  facet normal 0.195088 0 0.980786
    outer loop
      vertex -0.41411 -18.4 4.85452
      vertex -0.208841 -20 4.81369
      vertex -0.208841 -18.4 4.81369
    endloop
  endfacet
  facet normal 0.195088 0 0.980786
    outer loop
      vertex -0.208841 -20 4.81369
      vertex -0.41411 -18.4 4.85452
      vertex -0.41411 -20 4.85452
    endloop
  endfacet
  facet normal 0.89687 -0 0.442295
    outer loop
      vertex -1.47821 -20 5.78771
      vertex -1.38564 -18.4 5.6
      vertex -1.47821 -18.4 5.78771
    endloop
  endfacet
  facet normal 0.89687 0 0.442295
    outer loop
      vertex -1.38564 -18.4 5.6
      vertex -1.47821 -20 5.78771
      vertex -1.38564 -20 5.6
    endloop
  endfacet
  facet normal -0.751821 0 0.659367
    outer loop
      vertex 1.13137 -20 5.26863
      vertex 1.26937 -18.4 5.42598
      vertex 1.13137 -18.4 5.26863
    endloop
  endfacet
  facet normal -0.751821 0 0.659367
    outer loop
      vertex 1.26937 -18.4 5.42598
      vertex 1.13137 -20 5.26863
      vertex 1.26937 -20 5.42598
    endloop
  endfacet
  facet normal 0.659362 0 0.751826
    outer loop
      vertex -1.13137 -18.4 5.26863
      vertex -0.974018 -20 5.13063
      vertex -0.974018 -18.4 5.13063
    endloop
  endfacet
  facet normal 0.659362 0 0.751826
    outer loop
      vertex -0.974018 -20 5.13063
      vertex -1.13137 -18.4 5.26863
      vertex -1.13137 -20 5.26863
    endloop
  endfacet
  facet normal -0.555551 0 0.831482
    outer loop
      vertex 0.799999 -18.4 5.01436
      vertex 0.974018 -20 5.13063
      vertex 0.974018 -18.4 5.13063
    endloop
  endfacet
  facet normal -0.555551 0 0.831482
    outer loop
      vertex 0.974018 -20 5.13063
      vertex 0.799999 -18.4 5.01436
      vertex 0.799999 -20 5.01436
    endloop
  endfacet
  facet normal -1 0 0
    outer loop
      vertex 1.6 -20 6.4
      vertex 1.6 -18.4 8
      vertex 1.6 -18.4 6.4
    endloop
  endfacet
  facet normal -1 -0 0
    outer loop
      vertex 1.6 -18.4 8
      vertex 1.6 -20 6.4
      vertex 1.6 -20 8
    endloop
  endfacet
  facet normal -0.0654119 0 0.997858
    outer loop
      vertex 0 -18.4 4.8
      vertex 0.208841 -20 4.81369
      vertex 0.208841 -18.4 4.81369
    endloop
  endfacet
  facet normal -0.0654119 0 0.997858
    outer loop
      vertex 0.208841 -20 4.81369
      vertex 0 -18.4 4.8
      vertex 0 -20 4.8
    endloop
  endfacet
  facet normal 0.831484 -0 0.555549
    outer loop
      vertex -1.38564 -20 5.6
      vertex -1.26937 -18.4 5.42598
      vertex -1.38564 -18.4 5.6
    endloop
  endfacet
  facet normal 0.831484 0 0.555549
    outer loop
      vertex -1.26937 -18.4 5.42598
      vertex -1.38564 -20 5.6
      vertex -1.26937 -20 5.42598
    endloop
  endfacet
  facet normal -0.195088 0 0.980786
    outer loop
      vertex 0.208841 -18.4 4.81369
      vertex 0.41411 -20 4.85452
      vertex 0.41411 -18.4 4.85452
    endloop
  endfacet
  facet normal -0.195088 0 0.980786
    outer loop
      vertex 0.41411 -20 4.85452
      vertex 0.208841 -18.4 4.81369
      vertex 0.208841 -20 4.81369
    endloop
  endfacet
  facet normal -0.442303 0 0.896866
    outer loop
      vertex 0.612293 -18.4 4.92179
      vertex 0.799999 -20 5.01436
      vertex 0.799999 -18.4 5.01436
    endloop
  endfacet
  facet normal -0.442303 0 0.896866
    outer loop
      vertex 0.799999 -20 5.01436
      vertex 0.612293 -18.4 4.92179
      vertex 0.612293 -20 4.92179
    endloop
  endfacet
  facet normal -0.997858 0 0.0654122
    outer loop
      vertex 1.58631 -20 6.19116
      vertex 1.6 -18.4 6.4
      vertex 1.58631 -18.4 6.19116
    endloop
  endfacet
  facet normal -0.997858 0 0.0654122
    outer loop
      vertex 1.6 -18.4 6.4
      vertex 1.58631 -20 6.19116
      vertex 1.6 -20 6.4
    endloop
  endfacet
  facet normal 0.980786 -0 0.195087
    outer loop
      vertex -1.58631 -20 6.19116
      vertex -1.54548 -18.4 5.98589
      vertex -1.58631 -18.4 6.19116
    endloop
  endfacet
  facet normal 0.980786 0 0.195087
    outer loop
      vertex -1.54548 -18.4 5.98589
      vertex -1.58631 -20 6.19116
      vertex -1.54548 -20 5.98589
    endloop
  endfacet
  facet normal 0.442303 0 0.896866
    outer loop
      vertex -0.799999 -18.4 5.01436
      vertex -0.612293 -20 4.92179
      vertex -0.612293 -18.4 4.92179
    endloop
  endfacet
  facet normal 0.442303 0 0.896866
    outer loop
      vertex -0.612293 -20 4.92179
      vertex -0.799999 -18.4 5.01436
      vertex -0.799999 -20 5.01436
    endloop
  endfacet
  facet normal 0.321422 0 0.946936
    outer loop
      vertex -0.612293 -18.4 4.92179
      vertex -0.41411 -20 4.85452
      vertex -0.41411 -18.4 4.85452
    endloop
  endfacet
  facet normal 0.321422 0 0.946936
    outer loop
      vertex -0.41411 -20 4.85452
      vertex -0.612293 -18.4 4.92179
      vertex -0.612293 -20 4.92179
    endloop
  endfacet
  facet normal -0.659362 0 0.751826
    outer loop
      vertex 0.974018 -18.4 5.13063
      vertex 1.13137 -20 5.26863
      vertex 1.13137 -18.4 5.26863
    endloop
  endfacet
  facet normal -0.659362 0 0.751826
    outer loop
      vertex 1.13137 -20 5.26863
      vertex 0.974018 -18.4 5.13063
      vertex 0.974018 -20 5.13063
    endloop
  endfacet
  facet normal -0.946935 0 0.321426
    outer loop
      vertex 1.47821 -20 5.78771
      vertex 1.54548 -18.4 5.98589
      vertex 1.47821 -18.4 5.78771
    endloop
  endfacet
  facet normal -0.946935 0 0.321426
    outer loop
      vertex 1.54548 -18.4 5.98589
      vertex 1.47821 -20 5.78771
      vertex 1.54548 -20 5.98589
    endloop
  endfacet
  facet normal 0.0654119 0 0.997858
    outer loop
      vertex -0.208841 -18.4 4.81369
      vertex 0 -20 4.8
      vertex 0 -18.4 4.8
    endloop
  endfacet
  facet normal 0.0654119 0 0.997858
    outer loop
      vertex 0 -20 4.8
      vertex -0.208841 -18.4 4.81369
      vertex -0.208841 -20 4.81369
    endloop
  endfacet
  facet normal -0.89687 0 0.442295
    outer loop
      vertex 1.38564 -20 5.6
      vertex 1.47821 -18.4 5.78771
      vertex 1.38564 -18.4 5.6
    endloop
  endfacet
  facet normal -0.89687 0 0.442295
    outer loop
      vertex 1.47821 -18.4 5.78771
      vertex 1.38564 -20 5.6
      vertex 1.47821 -20 5.78771
    endloop
  endfacet
  facet normal -0.997845 0.0656183 0
    outer loop
      vertex 38.7 -4.1 2
      vertex 38.7103 -3.94337 8
      vertex 38.7103 -3.94337 2
    endloop
  endfacet
  facet normal -0.997845 0.0656183 0
    outer loop
      vertex 38.7103 -3.94337 8
      vertex 38.7 -4.1 2
      vertex 38.7 -4.1 8
    endloop
  endfacet
  facet normal 0.980813 0.194952 0
    outer loop
      vertex 41.0897 -3.94337 8
      vertex 41.0591 -3.78942 2
      vertex 41.0591 -3.78942 8
    endloop
  endfacet
  facet normal 0.980813 0.194952 0
    outer loop
      vertex 41.0591 -3.78942 2
      vertex 41.0897 -3.94337 8
      vertex 41.0897 -3.94337 2
    endloop
  endfacet
  facet normal 0.997845 0.0656183 0
    outer loop
      vertex 41.1 -4.1 8
      vertex 41.0897 -3.94337 2
      vertex 41.0897 -3.94337 8
    endloop
  endfacet
  facet normal 0.997845 0.0656183 0
    outer loop
      vertex 41.0897 -3.94337 2
      vertex 41.1 -4.1 8
      vertex 41.1 -4.1 2
    endloop
  endfacet
  facet normal 0.980813 -0.194952 0
    outer loop
      vertex 41.0591 -4.41058 8
      vertex 41.0897 -4.25663 2
      vertex 41.0897 -4.25663 8
    endloop
  endfacet
  facet normal 0.980813 -0.194952 0
    outer loop
      vertex 41.0897 -4.25663 2
      vertex 41.0591 -4.41058 8
      vertex 41.0591 -4.41058 2
    endloop
  endfacet
  facet normal -0.195014 0.980801 0
    outer loop
      vertex 39.7434 -2.91027 2
      vertex 39.5894 -2.94089 8
      vertex 39.7434 -2.91027 8
    endloop
  endfacet
  facet normal -0.195014 0.980801 0
    outer loop
      vertex 39.5894 -2.94089 8
      vertex 39.7434 -2.91027 2
      vertex 39.5894 -2.94089 2
    endloop
  endfacet
  facet normal -0.831481 0.555553 0
    outer loop
      vertex 38.8608 -3.5 2
      vertex 38.948 -3.36949 8
      vertex 38.948 -3.36949 2
    endloop
  endfacet
  facet normal -0.831481 0.555553 0
    outer loop
      vertex 38.948 -3.36949 8
      vertex 38.8608 -3.5 2
      vertex 38.8608 -3.5 8
    endloop
  endfacet
  facet normal 0.65937 -0.751818 0
    outer loop
      vertex 40.6305 -5.05202 2
      vertex 40.7485 -4.94853 8
      vertex 40.6305 -5.05202 8
    endloop
  endfacet
  facet normal 0.65937 -0.751818 0
    outer loop
      vertex 40.7485 -4.94853 8
      vertex 40.6305 -5.05202 2
      vertex 40.7485 -4.94853 2
    endloop
  endfacet
  facet normal 0.0654405 -0.997856 0
    outer loop
      vertex 39.9 -5.3 2
      vertex 40.0566 -5.28973 8
      vertex 39.9 -5.3 8
    endloop
  endfacet
  facet normal 0.0654405 -0.997856 0
    outer loop
      vertex 40.0566 -5.28973 8
      vertex 39.9 -5.3 2
      vertex 40.0566 -5.28973 2
    endloop
  endfacet
  facet normal -0.442264 0.896885 0
    outer loop
      vertex 39.4408 -2.99134 2
      vertex 39.3 -3.06077 8
      vertex 39.4408 -2.99134 8
    endloop
  endfacet
  facet normal -0.442264 0.896885 0
    outer loop
      vertex 39.3 -3.06077 8
      vertex 39.4408 -2.99134 2
      vertex 39.3 -3.06077 2
    endloop
  endfacet
  facet normal -0.555626 0.831432 0
    outer loop
      vertex 39.3 -3.06077 2
      vertex 39.1695 -3.14798 8
      vertex 39.3 -3.06077 8
    endloop
  endfacet
  facet normal -0.555626 0.831432 0
    outer loop
      vertex 39.1695 -3.14798 8
      vertex 39.3 -3.06077 2
      vertex 39.1695 -3.14798 2
    endloop
  endfacet
  facet normal -0.195014 -0.980801 0
    outer loop
      vertex 39.5894 -5.25911 2
      vertex 39.7434 -5.28973 8
      vertex 39.5894 -5.25911 8
    endloop
  endfacet
  facet normal -0.195014 -0.980801 -0
    outer loop
      vertex 39.7434 -5.28973 8
      vertex 39.5894 -5.25911 2
      vertex 39.7434 -5.28973 2
    endloop
  endfacet
  facet normal -0.0654405 -0.997856 0
    outer loop
      vertex 39.7434 -5.28973 2
      vertex 39.9 -5.3 8
      vertex 39.7434 -5.28973 8
    endloop
  endfacet
  facet normal -0.0654405 -0.997856 -0
    outer loop
      vertex 39.9 -5.3 8
      vertex 39.7434 -5.28973 2
      vertex 39.9 -5.3 2
    endloop
  endfacet
  facet normal -0.94704 -0.321117 0
    outer loop
      vertex 38.7913 -4.55922 2
      vertex 38.7409 -4.41058 8
      vertex 38.7409 -4.41058 2
    endloop
  endfacet
  facet normal -0.94704 -0.321117 0
    outer loop
      vertex 38.7409 -4.41058 8
      vertex 38.7913 -4.55922 2
      vertex 38.7913 -4.55922 8
    endloop
  endfacet
  facet normal 0.32148 -0.946916 0
    outer loop
      vertex 40.2106 -5.25911 2
      vertex 40.3592 -5.20866 8
      vertex 40.2106 -5.25911 8
    endloop
  endfacet
  facet normal 0.32148 -0.946916 0
    outer loop
      vertex 40.3592 -5.20866 8
      vertex 40.2106 -5.25911 2
      vertex 40.3592 -5.20866 2
    endloop
  endfacet
  facet normal -0.980813 0.194952 0
    outer loop
      vertex 38.7103 -3.94337 2
      vertex 38.7409 -3.78942 8
      vertex 38.7409 -3.78942 2
    endloop
  endfacet
  facet normal -0.980813 0.194952 0
    outer loop
      vertex 38.7409 -3.78942 8
      vertex 38.7103 -3.94337 2
      vertex 38.7103 -3.94337 8
    endloop
  endfacet
  facet normal -0.751842 0.659343 0
    outer loop
      vertex 38.948 -3.36949 2
      vertex 39.0515 -3.25147 8
      vertex 39.0515 -3.25147 2
    endloop
  endfacet
  facet normal -0.751842 0.659343 0
    outer loop
      vertex 39.0515 -3.25147 8
      vertex 38.948 -3.36949 2
      vertex 38.948 -3.36949 8
    endloop
  endfacet
  facet normal -0.32148 0.946916 0
    outer loop
      vertex 39.5894 -2.94089 2
      vertex 39.4408 -2.99134 8
      vertex 39.5894 -2.94089 8
    endloop
  endfacet
  facet normal -0.32148 0.946916 0
    outer loop
      vertex 39.4408 -2.99134 8
      vertex 39.5894 -2.94089 2
      vertex 39.4408 -2.99134 2
    endloop
  endfacet
  facet normal -0.980813 -0.194952 0
    outer loop
      vertex 38.7409 -4.41058 2
      vertex 38.7103 -4.25663 8
      vertex 38.7103 -4.25663 2
    endloop
  endfacet
  facet normal -0.980813 -0.194952 0
    outer loop
      vertex 38.7103 -4.25663 8
      vertex 38.7409 -4.41058 2
      vertex 38.7409 -4.41058 8
    endloop
  endfacet
  facet normal 0.0654405 0.997856 -0
    outer loop
      vertex 40.0566 -2.91027 2
      vertex 39.9 -2.9 8
      vertex 40.0566 -2.91027 8
    endloop
  endfacet
  facet normal 0.0654405 0.997856 0
    outer loop
      vertex 39.9 -2.9 8
      vertex 40.0566 -2.91027 2
      vertex 39.9 -2.9 2
    endloop
  endfacet
  facet normal -0.94704 0.321117 0
    outer loop
      vertex 38.7409 -3.78942 2
      vertex 38.7913 -3.64078 8
      vertex 38.7913 -3.64078 2
    endloop
  endfacet
  facet normal -0.94704 0.321117 0
    outer loop
      vertex 38.7913 -3.64078 8
      vertex 38.7409 -3.78942 2
      vertex 38.7409 -3.78942 8
    endloop
  endfacet
  facet normal 0.751842 -0.659343 0
    outer loop
      vertex 40.7485 -4.94853 8
      vertex 40.852 -4.83051 2
      vertex 40.852 -4.83051 8
    endloop
  endfacet
  facet normal 0.751842 -0.659343 0
    outer loop
      vertex 40.852 -4.83051 2
      vertex 40.7485 -4.94853 8
      vertex 40.7485 -4.94853 2
    endloop
  endfacet
  facet normal -0.751842 -0.659343 0
    outer loop
      vertex 39.0515 -4.94853 2
      vertex 38.948 -4.83051 8
      vertex 38.948 -4.83051 2
    endloop
  endfacet
  facet normal -0.751842 -0.659343 0
    outer loop
      vertex 38.948 -4.83051 8
      vertex 39.0515 -4.94853 2
      vertex 39.0515 -4.94853 8
    endloop
  endfacet
  facet normal 0.831481 0.555553 0
    outer loop
      vertex 40.9392 -3.5 8
      vertex 40.852 -3.36949 2
      vertex 40.852 -3.36949 8
    endloop
  endfacet
  facet normal 0.831481 0.555553 0
    outer loop
      vertex 40.852 -3.36949 2
      vertex 40.9392 -3.5 8
      vertex 40.9392 -3.5 2
    endloop
  endfacet
  facet normal 0.831481 -0.555553 0
    outer loop
      vertex 40.852 -4.83051 8
      vertex 40.9392 -4.7 2
      vertex 40.9392 -4.7 8
    endloop
  endfacet
  facet normal 0.831481 -0.555553 0
    outer loop
      vertex 40.9392 -4.7 2
      vertex 40.852 -4.83051 8
      vertex 40.852 -4.83051 2
    endloop
  endfacet
  facet normal 0.195014 0.980801 -0
    outer loop
      vertex 40.2106 -2.94089 2
      vertex 40.0566 -2.91027 8
      vertex 40.2106 -2.94089 8
    endloop
  endfacet
  facet normal 0.195014 0.980801 0
    outer loop
      vertex 40.0566 -2.91027 8
      vertex 40.2106 -2.94089 2
      vertex 40.0566 -2.91027 2
    endloop
  endfacet
  facet normal 0.65937 0.751818 -0
    outer loop
      vertex 40.7485 -3.25147 2
      vertex 40.6305 -3.14798 8
      vertex 40.7485 -3.25147 8
    endloop
  endfacet
  facet normal 0.65937 0.751818 0
    outer loop
      vertex 40.6305 -3.14798 8
      vertex 40.7485 -3.25147 2
      vertex 40.6305 -3.14798 2
    endloop
  endfacet
  facet normal 0.997845 -0.0656183 0
    outer loop
      vertex 41.0897 -4.25663 8
      vertex 41.1 -4.1 2
      vertex 41.1 -4.1 8
    endloop
  endfacet
  facet normal 0.997845 -0.0656183 0
    outer loop
      vertex 41.1 -4.1 2
      vertex 41.0897 -4.25663 8
      vertex 41.0897 -4.25663 2
    endloop
  endfacet
  facet normal 0.442264 0.896885 -0
    outer loop
      vertex 40.5 -3.06077 2
      vertex 40.3592 -2.99134 8
      vertex 40.5 -3.06077 8
    endloop
  endfacet
  facet normal 0.442264 0.896885 0
    outer loop
      vertex 40.3592 -2.99134 8
      vertex 40.5 -3.06077 2
      vertex 40.3592 -2.99134 2
    endloop
  endfacet
  facet normal 0.751842 0.659343 0
    outer loop
      vertex 40.852 -3.36949 8
      vertex 40.7485 -3.25147 2
      vertex 40.7485 -3.25147 8
    endloop
  endfacet
  facet normal 0.751842 0.659343 0
    outer loop
      vertex 40.7485 -3.25147 2
      vertex 40.852 -3.36949 8
      vertex 40.852 -3.36949 2
    endloop
  endfacet
  facet normal -0.0654405 0.997856 0
    outer loop
      vertex 39.9 -2.9 2
      vertex 39.7434 -2.91027 8
      vertex 39.9 -2.9 8
    endloop
  endfacet
  facet normal -0.0654405 0.997856 0
    outer loop
      vertex 39.7434 -2.91027 8
      vertex 39.9 -2.9 2
      vertex 39.7434 -2.91027 2
    endloop
  endfacet
  facet normal -0.32148 -0.946916 0
    outer loop
      vertex 39.4408 -5.20866 2
      vertex 39.5894 -5.25911 8
      vertex 39.4408 -5.20866 8
    endloop
  endfacet
  facet normal -0.32148 -0.946916 -0
    outer loop
      vertex 39.5894 -5.25911 8
      vertex 39.4408 -5.20866 2
      vertex 39.5894 -5.25911 2
    endloop
  endfacet
  facet normal -0.896683 -0.442673 0
    outer loop
      vertex 38.8608 -4.7 2
      vertex 38.7913 -4.55922 8
      vertex 38.7913 -4.55922 2
    endloop
  endfacet
  facet normal -0.896683 -0.442673 0
    outer loop
      vertex 38.7913 -4.55922 8
      vertex 38.8608 -4.7 2
      vertex 38.8608 -4.7 8
    endloop
  endfacet
  facet normal 0.94704 -0.321117 0
    outer loop
      vertex 41.0087 -4.55922 8
      vertex 41.0591 -4.41058 2
      vertex 41.0591 -4.41058 8
    endloop
  endfacet
  facet normal 0.94704 -0.321117 0
    outer loop
      vertex 41.0591 -4.41058 2
      vertex 41.0087 -4.55922 8
      vertex 41.0087 -4.55922 2
    endloop
  endfacet
  facet normal 0.896683 -0.442673 0
    outer loop
      vertex 40.9392 -4.7 8
      vertex 41.0087 -4.55922 2
      vertex 41.0087 -4.55922 8
    endloop
  endfacet
  facet normal 0.896683 -0.442673 0
    outer loop
      vertex 41.0087 -4.55922 2
      vertex 40.9392 -4.7 8
      vertex 40.9392 -4.7 2
    endloop
  endfacet
  facet normal 0.555626 0.831432 -0
    outer loop
      vertex 40.6305 -3.14798 2
      vertex 40.5 -3.06077 8
      vertex 40.6305 -3.14798 8
    endloop
  endfacet
  facet normal 0.555626 0.831432 0
    outer loop
      vertex 40.5 -3.06077 8
      vertex 40.6305 -3.14798 2
      vertex 40.5 -3.06077 2
    endloop
  endfacet
  facet normal 0.195014 -0.980801 0
    outer loop
      vertex 40.0566 -5.28973 2
      vertex 40.2106 -5.25911 8
      vertex 40.0566 -5.28973 8
    endloop
  endfacet
  facet normal 0.195014 -0.980801 0
    outer loop
      vertex 40.2106 -5.25911 8
      vertex 40.0566 -5.28973 2
      vertex 40.2106 -5.25911 2
    endloop
  endfacet
  facet normal -0.997845 -0.0656183 0
    outer loop
      vertex 38.7103 -4.25663 2
      vertex 38.7 -4.1 8
      vertex 38.7 -4.1 2
    endloop
  endfacet
  facet normal -0.997845 -0.0656183 0
    outer loop
      vertex 38.7 -4.1 8
      vertex 38.7103 -4.25663 2
      vertex 38.7103 -4.25663 8
    endloop
  endfacet
  facet normal -0.65937 -0.751818 0
    outer loop
      vertex 39.0515 -4.94853 2
      vertex 39.1695 -5.05202 8
      vertex 39.0515 -4.94853 8
    endloop
  endfacet
  facet normal -0.65937 -0.751818 -0
    outer loop
      vertex 39.1695 -5.05202 8
      vertex 39.0515 -4.94853 2
      vertex 39.1695 -5.05202 2
    endloop
  endfacet
  facet normal -0.65937 0.751818 0
    outer loop
      vertex 39.1695 -3.14798 2
      vertex 39.0515 -3.25147 8
      vertex 39.1695 -3.14798 8
    endloop
  endfacet
  facet normal -0.65937 0.751818 0
    outer loop
      vertex 39.0515 -3.25147 8
      vertex 39.1695 -3.14798 2
      vertex 39.0515 -3.25147 2
    endloop
  endfacet
  facet normal 0.896683 0.442673 0
    outer loop
      vertex 41.0087 -3.64078 8
      vertex 40.9392 -3.5 2
      vertex 40.9392 -3.5 8
    endloop
  endfacet
  facet normal 0.896683 0.442673 0
    outer loop
      vertex 40.9392 -3.5 2
      vertex 41.0087 -3.64078 8
      vertex 41.0087 -3.64078 2
    endloop
  endfacet
  facet normal 0.32148 0.946916 -0
    outer loop
      vertex 40.3592 -2.99134 2
      vertex 40.2106 -2.94089 8
      vertex 40.3592 -2.99134 8
    endloop
  endfacet
  facet normal 0.32148 0.946916 0
    outer loop
      vertex 40.2106 -2.94089 8
      vertex 40.3592 -2.99134 2
      vertex 40.2106 -2.94089 2
    endloop
  endfacet
  facet normal -0.831481 -0.555553 0
    outer loop
      vertex 38.948 -4.83051 2
      vertex 38.8608 -4.7 8
      vertex 38.8608 -4.7 2
    endloop
  endfacet
  facet normal -0.831481 -0.555553 0
    outer loop
      vertex 38.8608 -4.7 8
      vertex 38.948 -4.83051 2
      vertex 38.948 -4.83051 8
    endloop
  endfacet
  facet normal 0.94704 0.321117 0
    outer loop
      vertex 41.0591 -3.78942 8
      vertex 41.0087 -3.64078 2
      vertex 41.0087 -3.64078 8
    endloop
  endfacet
  facet normal 0.94704 0.321117 0
    outer loop
      vertex 41.0087 -3.64078 2
      vertex 41.0591 -3.78942 8
      vertex 41.0591 -3.78942 2
    endloop
  endfacet
  facet normal 0.555626 -0.831432 0
    outer loop
      vertex 40.5 -5.13923 2
      vertex 40.6305 -5.05202 8
      vertex 40.5 -5.13923 8
    endloop
  endfacet
  facet normal 0.555626 -0.831432 0
    outer loop
      vertex 40.6305 -5.05202 8
      vertex 40.5 -5.13923 2
      vertex 40.6305 -5.05202 2
    endloop
  endfacet
  facet normal 0.442264 -0.896885 0
    outer loop
      vertex 40.3592 -5.20866 2
      vertex 40.5 -5.13923 8
      vertex 40.3592 -5.20866 8
    endloop
  endfacet
  facet normal 0.442264 -0.896885 0
    outer loop
      vertex 40.5 -5.13923 8
      vertex 40.3592 -5.20866 2
      vertex 40.5 -5.13923 2
    endloop
  endfacet
  facet normal -0.442264 -0.896885 0
    outer loop
      vertex 39.3 -5.13923 2
      vertex 39.4408 -5.20866 8
      vertex 39.3 -5.13923 8
    endloop
  endfacet
  facet normal -0.442264 -0.896885 -0
    outer loop
      vertex 39.4408 -5.20866 8
      vertex 39.3 -5.13923 2
      vertex 39.4408 -5.20866 2
    endloop
  endfacet
  facet normal -0.896683 0.442673 0
    outer loop
      vertex 38.7913 -3.64078 2
      vertex 38.8608 -3.5 8
      vertex 38.8608 -3.5 2
    endloop
  endfacet
  facet normal -0.896683 0.442673 0
    outer loop
      vertex 38.8608 -3.5 8
      vertex 38.7913 -3.64078 2
      vertex 38.7913 -3.64078 8
    endloop
  endfacet
  facet normal -0.555626 -0.831432 0
    outer loop
      vertex 39.1695 -5.05202 2
      vertex 39.3 -5.13923 8
      vertex 39.1695 -5.05202 8
    endloop
  endfacet
  facet normal -0.555626 -0.831432 -0
    outer loop
      vertex 39.3 -5.13923 8
      vertex 39.1695 -5.05202 2
      vertex 39.3 -5.13923 2
    endloop
  endfacet
  facet normal 0 0 1
    outer loop
      vertex 41.0897 -3.94337 8
      vertex 41.0897 -4.25663 8
      vertex 41.1 -4.1 8
    endloop
  endfacet
  facet normal 0 0 1
    outer loop
      vertex 41.0591 -3.78942 8
      vertex 41.0897 -4.25663 8
      vertex 41.0897 -3.94337 8
    endloop
  endfacet
  facet normal 0 0 1
    outer loop
      vertex 41.0591 -3.78942 8
      vertex 41.0591 -4.41058 8
      vertex 41.0897 -4.25663 8
    endloop
  endfacet
  facet normal 0 0 1
    outer loop
      vertex 41.0087 -3.64078 8
      vertex 41.0591 -4.41058 8
      vertex 41.0591 -3.78942 8
    endloop
  endfacet
  facet normal 0 0 1
    outer loop
      vertex 41.0087 -3.64078 8
      vertex 41.0087 -4.55922 8
      vertex 41.0591 -4.41058 8
    endloop
  endfacet
  facet normal 0 0 1
    outer loop
      vertex 40.9392 -3.5 8
      vertex 41.0087 -4.55922 8
      vertex 41.0087 -3.64078 8
    endloop
  endfacet
  facet normal 0 0 1
    outer loop
      vertex 40.9392 -3.5 8
      vertex 40.9392 -4.7 8
      vertex 41.0087 -4.55922 8
    endloop
  endfacet
  facet normal 0 0 1
    outer loop
      vertex 40.852 -3.36949 8
      vertex 40.9392 -4.7 8
      vertex 40.9392 -3.5 8
    endloop
  endfacet
  facet normal 0 0 1
    outer loop
      vertex 40.852 -3.36949 8
      vertex 40.852 -4.83051 8
      vertex 40.9392 -4.7 8
    endloop
  endfacet
  facet normal 0 0 1
    outer loop
      vertex 40.7485 -3.25147 8
      vertex 40.852 -4.83051 8
      vertex 40.852 -3.36949 8
    endloop
  endfacet
  facet normal 0 0 1
    outer loop
      vertex 40.7485 -3.25147 8
      vertex 40.7485 -4.94853 8
      vertex 40.852 -4.83051 8
    endloop
  endfacet
  facet normal 0 0 1
    outer loop
      vertex 40.6305 -3.14798 8
      vertex 40.7485 -4.94853 8
      vertex 40.7485 -3.25147 8
    endloop
  endfacet
  facet normal 0 0 1
    outer loop
      vertex 40.6305 -3.14798 8
      vertex 40.6305 -5.05202 8
      vertex 40.7485 -4.94853 8
    endloop
  endfacet
  facet normal 0 0 1
    outer loop
      vertex 40.5 -3.06077 8
      vertex 40.6305 -5.05202 8
      vertex 40.6305 -3.14798 8
    endloop
  endfacet
  facet normal 0 0 1
    outer loop
      vertex 40.5 -3.06077 8
      vertex 40.5 -5.13923 8
      vertex 40.6305 -5.05202 8
    endloop
  endfacet
  facet normal 0 0 1
    outer loop
      vertex 40.3592 -2.99134 8
      vertex 40.5 -5.13923 8
      vertex 40.5 -3.06077 8
    endloop
  endfacet
  facet normal 0 0 1
    outer loop
      vertex 40.3592 -2.99134 8
      vertex 40.3592 -5.20866 8
      vertex 40.5 -5.13923 8
    endloop
  endfacet
  facet normal 0 0 1
    outer loop
      vertex 40.2106 -2.94089 8
      vertex 40.3592 -5.20866 8
      vertex 40.3592 -2.99134 8
    endloop
  endfacet
  facet normal 0 0 1
    outer loop
      vertex 40.2106 -2.94089 8
      vertex 40.2106 -5.25911 8
      vertex 40.3592 -5.20866 8
    endloop
  endfacet
  facet normal 0 0 1
    outer loop
      vertex 40.0566 -2.91027 8
      vertex 40.2106 -5.25911 8
      vertex 40.2106 -2.94089 8
    endloop
  endfacet
  facet normal 0 0 1
    outer loop
      vertex 40.0566 -2.91027 8
      vertex 40.0566 -5.28973 8
      vertex 40.2106 -5.25911 8
    endloop
  endfacet
  facet normal 0 0 1
    outer loop
      vertex 39.9 -2.9 8
      vertex 40.0566 -5.28973 8
      vertex 40.0566 -2.91027 8
    endloop
  endfacet
  facet normal 0 0 1
    outer loop
      vertex 39.9 -2.9 8
      vertex 39.9 -5.3 8
      vertex 40.0566 -5.28973 8
    endloop
  endfacet
  facet normal -0 0 1
    outer loop
      vertex 39.7434 -2.91027 8
      vertex 39.9 -5.3 8
      vertex 39.9 -2.9 8
    endloop
  endfacet
  facet normal 0 0 1
    outer loop
      vertex 39.7434 -2.91027 8
      vertex 39.7434 -5.28973 8
      vertex 39.9 -5.3 8
    endloop
  endfacet
  facet normal -0 0 1
    outer loop
      vertex 39.5894 -2.94089 8
      vertex 39.7434 -5.28973 8
      vertex 39.7434 -2.91027 8
    endloop
  endfacet
  facet normal 0 0 1
    outer loop
      vertex 39.5894 -2.94089 8
      vertex 39.5894 -5.25911 8
      vertex 39.7434 -5.28973 8
    endloop
  endfacet
  facet normal -0 0 1
    outer loop
      vertex 39.4408 -2.99134 8
      vertex 39.5894 -5.25911 8
      vertex 39.5894 -2.94089 8
    endloop
  endfacet
  facet normal 0 0 1
    outer loop
      vertex 39.4408 -2.99134 8
      vertex 39.4408 -5.20866 8
      vertex 39.5894 -5.25911 8
    endloop
  endfacet
  facet normal -0 0 1
    outer loop
      vertex 39.3 -3.06077 8
      vertex 39.4408 -5.20866 8
      vertex 39.4408 -2.99134 8
    endloop
  endfacet
  facet normal 0 0 1
    outer loop
      vertex 39.3 -3.06077 8
      vertex 39.3 -5.13923 8
      vertex 39.4408 -5.20866 8
    endloop
  endfacet
  facet normal -0 0 1
    outer loop
      vertex 39.1695 -3.14798 8
      vertex 39.3 -5.13923 8
      vertex 39.3 -3.06077 8
    endloop
  endfacet
  facet normal 0 0 1
    outer loop
      vertex 39.1695 -3.14798 8
      vertex 39.1695 -5.05202 8
      vertex 39.3 -5.13923 8
    endloop
  endfacet
  facet normal -0 0 1
    outer loop
      vertex 39.0515 -3.25147 8
      vertex 39.1695 -5.05202 8
      vertex 39.1695 -3.14798 8
    endloop
  endfacet
  facet normal 0 0 1
    outer loop
      vertex 39.0515 -3.25147 8
      vertex 39.0515 -4.94853 8
      vertex 39.1695 -5.05202 8
    endloop
  endfacet
  facet normal -0 0 1
    outer loop
      vertex 38.948 -3.36949 8
      vertex 39.0515 -4.94853 8
      vertex 39.0515 -3.25147 8
    endloop
  endfacet
  facet normal 0 0 1
    outer loop
      vertex 38.948 -3.36949 8
      vertex 38.948 -4.83051 8
      vertex 39.0515 -4.94853 8
    endloop
  endfacet
  facet normal -0 0 1
    outer loop
      vertex 38.8608 -3.5 8
      vertex 38.948 -4.83051 8
      vertex 38.948 -3.36949 8
    endloop
  endfacet
  facet normal 0 0 1
    outer loop
      vertex 38.8608 -3.5 8
      vertex 38.8608 -4.7 8
      vertex 38.948 -4.83051 8
    endloop
  endfacet
  facet normal -0 0 1
    outer loop
      vertex 38.7913 -3.64078 8
      vertex 38.8608 -4.7 8
      vertex 38.8608 -3.5 8
    endloop
  endfacet
  facet normal 0 0 1
    outer loop
      vertex 38.7913 -3.64078 8
      vertex 38.7913 -4.55922 8
      vertex 38.8608 -4.7 8
    endloop
  endfacet
  facet normal -0 0 1
    outer loop
      vertex 38.7409 -3.78942 8
      vertex 38.7913 -4.55922 8
      vertex 38.7913 -3.64078 8
    endloop
  endfacet
  facet normal 0 0 1
    outer loop
      vertex 38.7409 -3.78942 8
      vertex 38.7409 -4.41058 8
      vertex 38.7913 -4.55922 8
    endloop
  endfacet
  facet normal -0 0 1
    outer loop
      vertex 38.7103 -3.94337 8
      vertex 38.7409 -4.41058 8
      vertex 38.7409 -3.78942 8
    endloop
  endfacet
  facet normal 0 0 1
    outer loop
      vertex 38.7103 -3.94337 8
      vertex 38.7103 -4.25663 8
      vertex 38.7409 -4.41058 8
    endloop
  endfacet
  facet normal 0 -0 1
    outer loop
      vertex 38.7103 -4.25663 8
      vertex 38.7103 -3.94337 8
      vertex 38.7 -4.1 8
    endloop
  endfacet
  facet normal 0.980813 -0.194952 0
    outer loop
      vertex 41.0591 3.78942 8
      vertex 41.0897 3.94337 2
      vertex 41.0897 3.94337 8
    endloop
  endfacet
  facet normal 0.980813 -0.194952 0
    outer loop
      vertex 41.0897 3.94337 2
      vertex 41.0591 3.78942 8
      vertex 41.0591 3.78942 2
    endloop
  endfacet
  facet normal 0.980813 0.194952 0
    outer loop
      vertex 41.0897 4.25663 8
      vertex 41.0591 4.41058 2
      vertex 41.0591 4.41058 8
    endloop
  endfacet
  facet normal 0.980813 0.194952 0
    outer loop
      vertex 41.0591 4.41058 2
      vertex 41.0897 4.25663 8
      vertex 41.0897 4.25663 2
    endloop
  endfacet
  facet normal 0.997845 0.0656183 0
    outer loop
      vertex 41.1 4.1 8
      vertex 41.0897 4.25663 2
      vertex 41.0897 4.25663 8
    endloop
  endfacet
  facet normal 0.997845 0.0656183 0
    outer loop
      vertex 41.0897 4.25663 2
      vertex 41.1 4.1 8
      vertex 41.1 4.1 2
    endloop
  endfacet
  facet normal 0.195014 -0.980801 0
    outer loop
      vertex 40.0566 2.91027 2
      vertex 40.2106 2.94089 8
      vertex 40.0566 2.91027 8
    endloop
  endfacet
  facet normal 0.195014 -0.980801 0
    outer loop
      vertex 40.2106 2.94089 8
      vertex 40.0566 2.91027 2
      vertex 40.2106 2.94089 2
    endloop
  endfacet
  facet normal -0.997845 0.0656183 0
    outer loop
      vertex 38.7 4.1 2
      vertex 38.7103 4.25663 8
      vertex 38.7103 4.25663 2
    endloop
  endfacet
  facet normal -0.997845 0.0656183 0
    outer loop
      vertex 38.7103 4.25663 8
      vertex 38.7 4.1 2
      vertex 38.7 4.1 8
    endloop
  endfacet
  facet normal -0.65937 0.751818 0
    outer loop
      vertex 39.1695 5.05202 2
      vertex 39.0515 4.94853 8
      vertex 39.1695 5.05202 8
    endloop
  endfacet
  facet normal -0.65937 0.751818 0
    outer loop
      vertex 39.0515 4.94853 8
      vertex 39.1695 5.05202 2
      vertex 39.0515 4.94853 2
    endloop
  endfacet
  facet normal 0.442264 -0.896885 0
    outer loop
      vertex 40.3592 2.99134 2
      vertex 40.5 3.06077 8
      vertex 40.3592 2.99134 8
    endloop
  endfacet
  facet normal 0.442264 -0.896885 0
    outer loop
      vertex 40.5 3.06077 8
      vertex 40.3592 2.99134 2
      vertex 40.5 3.06077 2
    endloop
  endfacet
  facet normal 0.65937 -0.751818 0
    outer loop
      vertex 40.6305 3.14798 2
      vertex 40.7485 3.25147 8
      vertex 40.6305 3.14798 8
    endloop
  endfacet
  facet normal 0.65937 -0.751818 0
    outer loop
      vertex 40.7485 3.25147 8
      vertex 40.6305 3.14798 2
      vertex 40.7485 3.25147 2
    endloop
  endfacet
  facet normal 0.751842 -0.659343 0
    outer loop
      vertex 40.7485 3.25147 8
      vertex 40.852 3.36949 2
      vertex 40.852 3.36949 8
    endloop
  endfacet
  facet normal 0.751842 -0.659343 0
    outer loop
      vertex 40.852 3.36949 2
      vertex 40.7485 3.25147 8
      vertex 40.7485 3.25147 2
    endloop
  endfacet
  facet normal 0.94704 -0.321117 0
    outer loop
      vertex 41.0087 3.64078 8
      vertex 41.0591 3.78942 2
      vertex 41.0591 3.78942 8
    endloop
  endfacet
  facet normal 0.94704 -0.321117 0
    outer loop
      vertex 41.0591 3.78942 2
      vertex 41.0087 3.64078 8
      vertex 41.0087 3.64078 2
    endloop
  endfacet
  facet normal -0.94704 -0.321117 0
    outer loop
      vertex 38.7913 3.64078 2
      vertex 38.7409 3.78942 8
      vertex 38.7409 3.78942 2
    endloop
  endfacet
  facet normal -0.94704 -0.321117 0
    outer loop
      vertex 38.7409 3.78942 8
      vertex 38.7913 3.64078 2
      vertex 38.7913 3.64078 8
    endloop
  endfacet
  facet normal -0.980813 -0.194952 0
    outer loop
      vertex 38.7409 3.78942 2
      vertex 38.7103 3.94337 8
      vertex 38.7103 3.94337 2
    endloop
  endfacet
  facet normal -0.980813 -0.194952 0
    outer loop
      vertex 38.7103 3.94337 8
      vertex 38.7409 3.78942 2
      vertex 38.7409 3.78942 8
    endloop
  endfacet
  facet normal 0.32148 -0.946916 0
    outer loop
      vertex 40.2106 2.94089 2
      vertex 40.3592 2.99134 8
      vertex 40.2106 2.94089 8
    endloop
  endfacet
  facet normal 0.32148 -0.946916 0
    outer loop
      vertex 40.3592 2.99134 8
      vertex 40.2106 2.94089 2
      vertex 40.3592 2.99134 2
    endloop
  endfacet
  facet normal -0.65937 -0.751818 0
    outer loop
      vertex 39.0515 3.25147 2
      vertex 39.1695 3.14798 8
      vertex 39.0515 3.25147 8
    endloop
  endfacet
  facet normal -0.65937 -0.751818 -0
    outer loop
      vertex 39.1695 3.14798 8
      vertex 39.0515 3.25147 2
      vertex 39.1695 3.14798 2
    endloop
  endfacet
  facet normal -0.32148 0.946916 0
    outer loop
      vertex 39.5894 5.25911 2
      vertex 39.4408 5.20866 8
      vertex 39.5894 5.25911 8
    endloop
  endfacet
  facet normal -0.32148 0.946916 0
    outer loop
      vertex 39.4408 5.20866 8
      vertex 39.5894 5.25911 2
      vertex 39.4408 5.20866 2
    endloop
  endfacet
  facet normal 0.831481 0.555553 0
    outer loop
      vertex 40.9392 4.7 8
      vertex 40.852 4.83051 2
      vertex 40.852 4.83051 8
    endloop
  endfacet
  facet normal 0.831481 0.555553 0
    outer loop
      vertex 40.852 4.83051 2
      vertex 40.9392 4.7 8
      vertex 40.9392 4.7 2
    endloop
  endfacet
  facet normal 0.831481 -0.555553 0
    outer loop
      vertex 40.852 3.36949 8
      vertex 40.9392 3.5 2
      vertex 40.9392 3.5 8
    endloop
  endfacet
  facet normal 0.831481 -0.555553 0
    outer loop
      vertex 40.9392 3.5 2
      vertex 40.852 3.36949 8
      vertex 40.852 3.36949 2
    endloop
  endfacet
  facet normal -0.94704 0.321117 0
    outer loop
      vertex 38.7409 4.41058 2
      vertex 38.7913 4.55922 8
      vertex 38.7913 4.55922 2
    endloop
  endfacet
  facet normal -0.94704 0.321117 0
    outer loop
      vertex 38.7913 4.55922 8
      vertex 38.7409 4.41058 2
      vertex 38.7409 4.41058 8
    endloop
  endfacet
  facet normal -0.980813 0.194952 0
    outer loop
      vertex 38.7103 4.25663 2
      vertex 38.7409 4.41058 8
      vertex 38.7409 4.41058 2
    endloop
  endfacet
  facet normal -0.980813 0.194952 0
    outer loop
      vertex 38.7409 4.41058 8
      vertex 38.7103 4.25663 2
      vertex 38.7103 4.25663 8
    endloop
  endfacet
  facet normal 0.997845 -0.0656183 0
    outer loop
      vertex 41.0897 3.94337 8
      vertex 41.1 4.1 2
      vertex 41.1 4.1 8
    endloop
  endfacet
  facet normal 0.997845 -0.0656183 0
    outer loop
      vertex 41.1 4.1 2
      vertex 41.0897 3.94337 8
      vertex 41.0897 3.94337 2
    endloop
  endfacet
  facet normal -0.442264 -0.896885 0
    outer loop
      vertex 39.3 3.06077 2
      vertex 39.4408 2.99134 8
      vertex 39.3 3.06077 8
    endloop
  endfacet
  facet normal -0.442264 -0.896885 -0
    outer loop
      vertex 39.4408 2.99134 8
      vertex 39.3 3.06077 2
      vertex 39.4408 2.99134 2
    endloop
  endfacet
  facet normal 0.442264 0.896885 -0
    outer loop
      vertex 40.5 5.13923 2
      vertex 40.3592 5.20866 8
      vertex 40.5 5.13923 8
    endloop
  endfacet
  facet normal 0.442264 0.896885 0
    outer loop
      vertex 40.3592 5.20866 8
      vertex 40.5 5.13923 2
      vertex 40.3592 5.20866 2
    endloop
  endfacet
  facet normal 0.65937 0.751818 -0
    outer loop
      vertex 40.7485 4.94853 2
      vertex 40.6305 5.05202 8
      vertex 40.7485 4.94853 8
    endloop
  endfacet
  facet normal 0.65937 0.751818 0
    outer loop
      vertex 40.6305 5.05202 8
      vertex 40.7485 4.94853 2
      vertex 40.6305 5.05202 2
    endloop
  endfacet
  facet normal -0.831481 -0.555553 0
    outer loop
      vertex 38.948 3.36949 2
      vertex 38.8608 3.5 8
      vertex 38.8608 3.5 2
    endloop
  endfacet
  facet normal -0.831481 -0.555553 0
    outer loop
      vertex 38.8608 3.5 8
      vertex 38.948 3.36949 2
      vertex 38.948 3.36949 8
    endloop
  endfacet
  facet normal 0.555626 0.831432 -0
    outer loop
      vertex 40.6305 5.05202 2
      vertex 40.5 5.13923 8
      vertex 40.6305 5.05202 8
    endloop
  endfacet
  facet normal 0.555626 0.831432 0
    outer loop
      vertex 40.5 5.13923 8
      vertex 40.6305 5.05202 2
      vertex 40.5 5.13923 2
    endloop
  endfacet
  facet normal 0.896683 -0.442673 0
    outer loop
      vertex 40.9392 3.5 8
      vertex 41.0087 3.64078 2
      vertex 41.0087 3.64078 8
    endloop
  endfacet
  facet normal 0.896683 -0.442673 0
    outer loop
      vertex 41.0087 3.64078 2
      vertex 40.9392 3.5 8
      vertex 40.9392 3.5 2
    endloop
  endfacet
  facet normal 0.0654405 -0.997856 0
    outer loop
      vertex 39.9 2.9 2
      vertex 40.0566 2.91027 8
      vertex 39.9 2.9 8
    endloop
  endfacet
  facet normal 0.0654405 -0.997856 0
    outer loop
      vertex 40.0566 2.91027 8
      vertex 39.9 2.9 2
      vertex 40.0566 2.91027 2
    endloop
  endfacet
  facet normal -0.896683 -0.442673 0
    outer loop
      vertex 38.8608 3.5 2
      vertex 38.7913 3.64078 8
      vertex 38.7913 3.64078 2
    endloop
  endfacet
  facet normal -0.896683 -0.442673 0
    outer loop
      vertex 38.7913 3.64078 8
      vertex 38.8608 3.5 2
      vertex 38.8608 3.5 8
    endloop
  endfacet
  facet normal 0.195014 0.980801 -0
    outer loop
      vertex 40.2106 5.25911 2
      vertex 40.0566 5.28973 8
      vertex 40.2106 5.25911 8
    endloop
  endfacet
  facet normal 0.195014 0.980801 0
    outer loop
      vertex 40.0566 5.28973 8
      vertex 40.2106 5.25911 2
      vertex 40.0566 5.28973 2
    endloop
  endfacet
  facet normal -0.751842 0.659343 0
    outer loop
      vertex 38.948 4.83051 2
      vertex 39.0515 4.94853 8
      vertex 39.0515 4.94853 2
    endloop
  endfacet
  facet normal -0.751842 0.659343 0
    outer loop
      vertex 39.0515 4.94853 8
      vertex 38.948 4.83051 2
      vertex 38.948 4.83051 8
    endloop
  endfacet
  facet normal -0.751842 -0.659343 0
    outer loop
      vertex 39.0515 3.25147 2
      vertex 38.948 3.36949 8
      vertex 38.948 3.36949 2
    endloop
  endfacet
  facet normal -0.751842 -0.659343 0
    outer loop
      vertex 38.948 3.36949 8
      vertex 39.0515 3.25147 2
      vertex 39.0515 3.25147 8
    endloop
  endfacet
  facet normal -0.997845 -0.0656183 0
    outer loop
      vertex 38.7103 3.94337 2
      vertex 38.7 4.1 8
      vertex 38.7 4.1 2
    endloop
  endfacet
  facet normal -0.997845 -0.0656183 0
    outer loop
      vertex 38.7 4.1 8
      vertex 38.7103 3.94337 2
      vertex 38.7103 3.94337 8
    endloop
  endfacet
  facet normal -0.555626 -0.831432 0
    outer loop
      vertex 39.1695 3.14798 2
      vertex 39.3 3.06077 8
      vertex 39.1695 3.14798 8
    endloop
  endfacet
  facet normal -0.555626 -0.831432 -0
    outer loop
      vertex 39.3 3.06077 8
      vertex 39.1695 3.14798 2
      vertex 39.3 3.06077 2
    endloop
  endfacet
  facet normal -0.555626 0.831432 0
    outer loop
      vertex 39.3 5.13923 2
      vertex 39.1695 5.05202 8
      vertex 39.3 5.13923 8
    endloop
  endfacet
  facet normal -0.555626 0.831432 0
    outer loop
      vertex 39.1695 5.05202 8
      vertex 39.3 5.13923 2
      vertex 39.1695 5.05202 2
    endloop
  endfacet
  facet normal 0.896683 0.442673 0
    outer loop
      vertex 41.0087 4.55922 8
      vertex 40.9392 4.7 2
      vertex 40.9392 4.7 8
    endloop
  endfacet
  facet normal 0.896683 0.442673 0
    outer loop
      vertex 40.9392 4.7 2
      vertex 41.0087 4.55922 8
      vertex 41.0087 4.55922 2
    endloop
  endfacet
  facet normal -0.896683 0.442673 0
    outer loop
      vertex 38.7913 4.55922 2
      vertex 38.8608 4.7 8
      vertex 38.8608 4.7 2
    endloop
  endfacet
  facet normal -0.896683 0.442673 0
    outer loop
      vertex 38.8608 4.7 8
      vertex 38.7913 4.55922 2
      vertex 38.7913 4.55922 8
    endloop
  endfacet
  facet normal 0.32148 0.946916 -0
    outer loop
      vertex 40.3592 5.20866 2
      vertex 40.2106 5.25911 8
      vertex 40.3592 5.20866 8
    endloop
  endfacet
  facet normal 0.32148 0.946916 0
    outer loop
      vertex 40.2106 5.25911 8
      vertex 40.3592 5.20866 2
      vertex 40.2106 5.25911 2
    endloop
  endfacet
  facet normal -0.831481 0.555553 0
    outer loop
      vertex 38.8608 4.7 2
      vertex 38.948 4.83051 8
      vertex 38.948 4.83051 2
    endloop
  endfacet
  facet normal -0.831481 0.555553 0
    outer loop
      vertex 38.948 4.83051 8
      vertex 38.8608 4.7 2
      vertex 38.8608 4.7 8
    endloop
  endfacet
  facet normal 0.751842 0.659343 0
    outer loop
      vertex 40.852 4.83051 8
      vertex 40.7485 4.94853 2
      vertex 40.7485 4.94853 8
    endloop
  endfacet
  facet normal 0.751842 0.659343 0
    outer loop
      vertex 40.7485 4.94853 2
      vertex 40.852 4.83051 8
      vertex 40.852 4.83051 2
    endloop
  endfacet
  facet normal 0.94704 0.321117 0
    outer loop
      vertex 41.0591 4.41058 8
      vertex 41.0087 4.55922 2
      vertex 41.0087 4.55922 8
    endloop
  endfacet
  facet normal 0.94704 0.321117 0
    outer loop
      vertex 41.0087 4.55922 2
      vertex 41.0591 4.41058 8
      vertex 41.0591 4.41058 2
    endloop
  endfacet
  facet normal -0.195014 0.980801 0
    outer loop
      vertex 39.7434 5.28973 2
      vertex 39.5894 5.25911 8
      vertex 39.7434 5.28973 8
    endloop
  endfacet
  facet normal -0.195014 0.980801 0
    outer loop
      vertex 39.5894 5.25911 8
      vertex 39.7434 5.28973 2
      vertex 39.5894 5.25911 2
    endloop
  endfacet
  facet normal -0.0654405 0.997856 0
    outer loop
      vertex 39.9 5.3 2
      vertex 39.7434 5.28973 8
      vertex 39.9 5.3 8
    endloop
  endfacet
  facet normal -0.0654405 0.997856 0
    outer loop
      vertex 39.7434 5.28973 8
      vertex 39.9 5.3 2
      vertex 39.7434 5.28973 2
    endloop
  endfacet
  facet normal 0 0 1
    outer loop
      vertex 41.0897 4.25663 8
      vertex 41.0897 3.94337 8
      vertex 41.1 4.1 8
    endloop
  endfacet
  facet normal 0 0 1
    outer loop
      vertex 41.0591 4.41058 8
      vertex 41.0897 3.94337 8
      vertex 41.0897 4.25663 8
    endloop
  endfacet
  facet normal 0 0 1
    outer loop
      vertex 41.0591 4.41058 8
      vertex 41.0591 3.78942 8
      vertex 41.0897 3.94337 8
    endloop
  endfacet
  facet normal 0 0 1
    outer loop
      vertex 41.0087 4.55922 8
      vertex 41.0591 3.78942 8
      vertex 41.0591 4.41058 8
    endloop
  endfacet
  facet normal 0 0 1
    outer loop
      vertex 41.0087 4.55922 8
      vertex 41.0087 3.64078 8
      vertex 41.0591 3.78942 8
    endloop
  endfacet
  facet normal 0 0 1
    outer loop
      vertex 40.9392 4.7 8
      vertex 41.0087 3.64078 8
      vertex 41.0087 4.55922 8
    endloop
  endfacet
  facet normal 0 0 1
    outer loop
      vertex 40.9392 4.7 8
      vertex 40.9392 3.5 8
      vertex 41.0087 3.64078 8
    endloop
  endfacet
  facet normal 0 0 1
    outer loop
      vertex 40.852 4.83051 8
      vertex 40.9392 3.5 8
      vertex 40.9392 4.7 8
    endloop
  endfacet
  facet normal 0 0 1
    outer loop
      vertex 40.852 4.83051 8
      vertex 40.852 3.36949 8
      vertex 40.9392 3.5 8
    endloop
  endfacet
  facet normal 0 0 1
    outer loop
      vertex 40.7485 4.94853 8
      vertex 40.852 3.36949 8
      vertex 40.852 4.83051 8
    endloop
  endfacet
  facet normal 0 0 1
    outer loop
      vertex 40.7485 4.94853 8
      vertex 40.7485 3.25147 8
      vertex 40.852 3.36949 8
    endloop
  endfacet
  facet normal 0 0 1
    outer loop
      vertex 40.6305 5.05202 8
      vertex 40.7485 3.25147 8
      vertex 40.7485 4.94853 8
    endloop
  endfacet
  facet normal 0 0 1
    outer loop
      vertex 40.6305 5.05202 8
      vertex 40.6305 3.14798 8
      vertex 40.7485 3.25147 8
    endloop
  endfacet
  facet normal 0 0 1
    outer loop
      vertex 40.5 5.13923 8
      vertex 40.6305 3.14798 8
      vertex 40.6305 5.05202 8
    endloop
  endfacet
  facet normal 0 0 1
    outer loop
      vertex 40.5 5.13923 8
      vertex 40.5 3.06077 8
      vertex 40.6305 3.14798 8
    endloop
  endfacet
  facet normal 0 0 1
    outer loop
      vertex 40.3592 5.20866 8
      vertex 40.5 3.06077 8
      vertex 40.5 5.13923 8
    endloop
  endfacet
  facet normal 0 0 1
    outer loop
      vertex 40.3592 5.20866 8
      vertex 40.3592 2.99134 8
      vertex 40.5 3.06077 8
    endloop
  endfacet
  facet normal 0 0 1
    outer loop
      vertex 40.2106 5.25911 8
      vertex 40.3592 2.99134 8
      vertex 40.3592 5.20866 8
    endloop
  endfacet
  facet normal 0 0 1
    outer loop
      vertex 40.2106 5.25911 8
      vertex 40.2106 2.94089 8
      vertex 40.3592 2.99134 8
    endloop
  endfacet
  facet normal 0 0 1
    outer loop
      vertex 40.0566 5.28973 8
      vertex 40.2106 2.94089 8
      vertex 40.2106 5.25911 8
    endloop
  endfacet
  facet normal 0 0 1
    outer loop
      vertex 40.0566 5.28973 8
      vertex 40.0566 2.91027 8
      vertex 40.2106 2.94089 8
    endloop
  endfacet
  facet normal 0 0 1
    outer loop
      vertex 39.9 5.3 8
      vertex 40.0566 2.91027 8
      vertex 40.0566 5.28973 8
    endloop
  endfacet
  facet normal 0 0 1
    outer loop
      vertex 39.9 5.3 8
      vertex 39.9 2.9 8
      vertex 40.0566 2.91027 8
    endloop
  endfacet
  facet normal -0 0 1
    outer loop
      vertex 39.7434 5.28973 8
      vertex 39.9 2.9 8
      vertex 39.9 5.3 8
    endloop
  endfacet
  facet normal 0 0 1
    outer loop
      vertex 39.7434 5.28973 8
      vertex 39.7434 2.91027 8
      vertex 39.9 2.9 8
    endloop
  endfacet
  facet normal -0 0 1
    outer loop
      vertex 39.5894 5.25911 8
      vertex 39.7434 2.91027 8
      vertex 39.7434 5.28973 8
    endloop
  endfacet
  facet normal 0 0 1
    outer loop
      vertex 39.5894 5.25911 8
      vertex 39.5894 2.94089 8
      vertex 39.7434 2.91027 8
    endloop
  endfacet
  facet normal -0 0 1
    outer loop
      vertex 39.4408 5.20866 8
      vertex 39.5894 2.94089 8
      vertex 39.5894 5.25911 8
    endloop
  endfacet
  facet normal 0 0 1
    outer loop
      vertex 39.4408 5.20866 8
      vertex 39.4408 2.99134 8
      vertex 39.5894 2.94089 8
    endloop
  endfacet
  facet normal -0 0 1
    outer loop
      vertex 39.3 5.13923 8
      vertex 39.4408 2.99134 8
      vertex 39.4408 5.20866 8
    endloop
  endfacet
  facet normal 0 0 1
    outer loop
      vertex 39.3 5.13923 8
      vertex 39.3 3.06077 8
      vertex 39.4408 2.99134 8
    endloop
  endfacet
  facet normal -0 0 1
    outer loop
      vertex 39.1695 5.05202 8
      vertex 39.3 3.06077 8
      vertex 39.3 5.13923 8
    endloop
  endfacet
  facet normal 0 0 1
    outer loop
      vertex 39.1695 5.05202 8
      vertex 39.1695 3.14798 8
      vertex 39.3 3.06077 8
    endloop
  endfacet
  facet normal -0 0 1
    outer loop
      vertex 39.0515 4.94853 8
      vertex 39.1695 3.14798 8
      vertex 39.1695 5.05202 8
    endloop
  endfacet
  facet normal 0 0 1
    outer loop
      vertex 39.0515 4.94853 8
      vertex 39.0515 3.25147 8
      vertex 39.1695 3.14798 8
    endloop
  endfacet
  facet normal -0 0 1
    outer loop
      vertex 38.948 4.83051 8
      vertex 39.0515 3.25147 8
      vertex 39.0515 4.94853 8
    endloop
  endfacet
  facet normal 0 0 1
    outer loop
      vertex 38.948 4.83051 8
      vertex 38.948 3.36949 8
      vertex 39.0515 3.25147 8
    endloop
  endfacet
  facet normal -0 0 1
    outer loop
      vertex 38.8608 4.7 8
      vertex 38.948 3.36949 8
      vertex 38.948 4.83051 8
    endloop
  endfacet
  facet normal 0 0 1
    outer loop
      vertex 38.8608 4.7 8
      vertex 38.8608 3.5 8
      vertex 38.948 3.36949 8
    endloop
  endfacet
  facet normal -0 0 1
    outer loop
      vertex 38.7913 4.55922 8
      vertex 38.8608 3.5 8
      vertex 38.8608 4.7 8
    endloop
  endfacet
  facet normal 0 0 1
    outer loop
      vertex 38.7913 4.55922 8
      vertex 38.7913 3.64078 8
      vertex 38.8608 3.5 8
    endloop
  endfacet
  facet normal -0 0 1
    outer loop
      vertex 38.7409 4.41058 8
      vertex 38.7913 3.64078 8
      vertex 38.7913 4.55922 8
    endloop
  endfacet
  facet normal 0 0 1
    outer loop
      vertex 38.7409 4.41058 8
      vertex 38.7409 3.78942 8
      vertex 38.7913 3.64078 8
    endloop
  endfacet
  facet normal -0 0 1
    outer loop
      vertex 38.7103 4.25663 8
      vertex 38.7409 3.78942 8
      vertex 38.7409 4.41058 8
    endloop
  endfacet
  facet normal 0 0 1
    outer loop
      vertex 38.7103 4.25663 8
      vertex 38.7103 3.94337 8
      vertex 38.7409 3.78942 8
    endloop
  endfacet
  facet normal 0 -0 1
    outer loop
      vertex 38.7103 3.94337 8
      vertex 38.7103 4.25663 8
      vertex 38.7 4.1 8
    endloop
  endfacet
  facet normal -0.32148 -0.946916 0
    outer loop
      vertex 39.4408 2.99134 2
      vertex 39.5894 2.94089 8
      vertex 39.4408 2.99134 8
    endloop
  endfacet
  facet normal -0.32148 -0.946916 -0
    outer loop
      vertex 39.5894 2.94089 8
      vertex 39.4408 2.99134 2
      vertex 39.5894 2.94089 2
    endloop
  endfacet
  facet normal 0.0654405 0.997856 -0
    outer loop
      vertex 40.0566 5.28973 2
      vertex 39.9 5.3 8
      vertex 40.0566 5.28973 8
    endloop
  endfacet
  facet normal 0.0654405 0.997856 0
    outer loop
      vertex 39.9 5.3 8
      vertex 40.0566 5.28973 2
      vertex 39.9 5.3 2
    endloop
  endfacet
  facet normal -0.442264 0.896885 0
    outer loop
      vertex 39.4408 5.20866 2
      vertex 39.3 5.13923 8
      vertex 39.4408 5.20866 8
    endloop
  endfacet
  facet normal -0.442264 0.896885 0
    outer loop
      vertex 39.3 5.13923 8
      vertex 39.4408 5.20866 2
      vertex 39.3 5.13923 2
    endloop
  endfacet
  facet normal -0.195014 -0.980801 0
    outer loop
      vertex 39.5894 2.94089 2
      vertex 39.7434 2.91027 8
      vertex 39.5894 2.94089 8
    endloop
  endfacet
  facet normal -0.195014 -0.980801 -0
    outer loop
      vertex 39.7434 2.91027 8
      vertex 39.5894 2.94089 2
      vertex 39.7434 2.91027 2
    endloop
  endfacet
  facet normal -0.0654405 -0.997856 0
    outer loop
      vertex 39.7434 2.91027 2
      vertex 39.9 2.9 8
      vertex 39.7434 2.91027 8
    endloop
  endfacet
  facet normal -0.0654405 -0.997856 -0
    outer loop
      vertex 39.9 2.9 8
      vertex 39.7434 2.91027 2
      vertex 39.9 2.9 2
    endloop
  endfacet
  facet normal 0.555626 -0.831432 0
    outer loop
      vertex 40.5 3.06077 2
      vertex 40.6305 3.14798 8
      vertex 40.5 3.06077 8
    endloop
  endfacet
  facet normal 0.555626 -0.831432 0
    outer loop
      vertex 40.6305 3.14798 8
      vertex 40.5 3.06077 2
      vertex 40.6305 3.14798 2
    endloop
  endfacet
  facet normal 0.980813 0.194952 0
    outer loop
      vertex 53.2897 -3.94337 8
      vertex 53.2591 -3.78942 2
      vertex 53.2591 -3.78942 8
    endloop
  endfacet
  facet normal 0.980813 0.194952 0
    outer loop
      vertex 53.2591 -3.78942 2
      vertex 53.2897 -3.94337 8
      vertex 53.2897 -3.94337 2
    endloop
  endfacet
  facet normal 0.997845 0.0656183 0
    outer loop
      vertex 53.3 -4.1 8
      vertex 53.2897 -3.94337 2
      vertex 53.2897 -3.94337 8
    endloop
  endfacet
  facet normal 0.997845 0.0656183 0
    outer loop
      vertex 53.2897 -3.94337 2
      vertex 53.3 -4.1 8
      vertex 53.3 -4.1 2
    endloop
  endfacet
  facet normal 0.94704 0.321117 0
    outer loop
      vertex 53.2591 -3.78942 8
      vertex 53.2087 -3.64078 2
      vertex 53.2087 -3.64078 8
    endloop
  endfacet
  facet normal 0.94704 0.321117 0
    outer loop
      vertex 53.2087 -3.64078 2
      vertex 53.2591 -3.78942 8
      vertex 53.2591 -3.78942 2
    endloop
  endfacet
  facet normal 0.32148 -0.946916 0
    outer loop
      vertex 52.4106 -5.25911 2
      vertex 52.5592 -5.20866 8
      vertex 52.4106 -5.25911 8
    endloop
  endfacet
  facet normal 0.32148 -0.946916 0
    outer loop
      vertex 52.5592 -5.20866 8
      vertex 52.4106 -5.25911 2
      vertex 52.5592 -5.20866 2
    endloop
  endfacet
  facet normal 0.32148 0.946916 -0
    outer loop
      vertex 52.5592 -2.99134 2
      vertex 52.4106 -2.94089 8
      vertex 52.5592 -2.99134 8
    endloop
  endfacet
  facet normal 0.32148 0.946916 0
    outer loop
      vertex 52.4106 -2.94089 8
      vertex 52.5592 -2.99134 2
      vertex 52.4106 -2.94089 2
    endloop
  endfacet
  facet normal 0.65937 0.751818 -0
    outer loop
      vertex 52.9485 -3.25147 2
      vertex 52.8305 -3.14798 8
      vertex 52.9485 -3.25147 8
    endloop
  endfacet
  facet normal 0.65937 0.751818 0
    outer loop
      vertex 52.8305 -3.14798 8
      vertex 52.9485 -3.25147 2
      vertex 52.8305 -3.14798 2
    endloop
  endfacet
  facet normal -0.65937 0.751818 0
    outer loop
      vertex 51.3695 -3.14798 2
      vertex 51.2515 -3.25147 8
      vertex 51.3695 -3.14798 8
    endloop
  endfacet
  facet normal -0.65937 0.751818 0
    outer loop
      vertex 51.2515 -3.25147 8
      vertex 51.3695 -3.14798 2
      vertex 51.2515 -3.25147 2
    endloop
  endfacet
  facet normal -0.32148 0.946916 0
    outer loop
      vertex 51.7894 -2.94089 2
      vertex 51.6408 -2.99134 8
      vertex 51.7894 -2.94089 8
    endloop
  endfacet
  facet normal -0.32148 0.946916 0
    outer loop
      vertex 51.6408 -2.99134 8
      vertex 51.7894 -2.94089 2
      vertex 51.6408 -2.99134 2
    endloop
  endfacet
  facet normal -0.32148 -0.946916 0
    outer loop
      vertex 51.6408 -5.20866 2
      vertex 51.7894 -5.25911 8
      vertex 51.6408 -5.20866 8
    endloop
  endfacet
  facet normal -0.32148 -0.946916 -0
    outer loop
      vertex 51.7894 -5.25911 8
      vertex 51.6408 -5.20866 2
      vertex 51.7894 -5.25911 2
    endloop
  endfacet
  facet normal -0.831481 -0.555553 0
    outer loop
      vertex 51.148 -4.83051 2
      vertex 51.0608 -4.7 8
      vertex 51.0608 -4.7 2
    endloop
  endfacet
  facet normal -0.831481 -0.555553 0
    outer loop
      vertex 51.0608 -4.7 8
      vertex 51.148 -4.83051 2
      vertex 51.148 -4.83051 8
    endloop
  endfacet
  facet normal -0.94704 -0.321117 0
    outer loop
      vertex 50.9913 -4.55922 2
      vertex 50.9409 -4.41058 8
      vertex 50.9409 -4.41058 2
    endloop
  endfacet
  facet normal -0.94704 -0.321117 0
    outer loop
      vertex 50.9409 -4.41058 8
      vertex 50.9913 -4.55922 2
      vertex 50.9913 -4.55922 8
    endloop
  endfacet
  facet normal 0.997845 -0.0656183 0
    outer loop
      vertex 53.2897 -4.25663 8
      vertex 53.3 -4.1 2
      vertex 53.3 -4.1 8
    endloop
  endfacet
  facet normal 0.997845 -0.0656183 0
    outer loop
      vertex 53.3 -4.1 2
      vertex 53.2897 -4.25663 8
      vertex 53.2897 -4.25663 2
    endloop
  endfacet
  facet normal 0.195014 -0.980801 0
    outer loop
      vertex 52.2566 -5.28973 2
      vertex 52.4106 -5.25911 8
      vertex 52.2566 -5.28973 8
    endloop
  endfacet
  facet normal 0.195014 -0.980801 0
    outer loop
      vertex 52.4106 -5.25911 8
      vertex 52.2566 -5.28973 2
      vertex 52.4106 -5.25911 2
    endloop
  endfacet
  facet normal -0.195014 0.980801 0
    outer loop
      vertex 51.9434 -2.91027 2
      vertex 51.7894 -2.94089 8
      vertex 51.9434 -2.91027 8
    endloop
  endfacet
  facet normal -0.195014 0.980801 0
    outer loop
      vertex 51.7894 -2.94089 8
      vertex 51.9434 -2.91027 2
      vertex 51.7894 -2.94089 2
    endloop
  endfacet
  facet normal -0.442264 0.896885 0
    outer loop
      vertex 51.6408 -2.99134 2
      vertex 51.5 -3.06077 8
      vertex 51.6408 -2.99134 8
    endloop
  endfacet
  facet normal -0.442264 0.896885 0
    outer loop
      vertex 51.5 -3.06077 8
      vertex 51.6408 -2.99134 2
      vertex 51.5 -3.06077 2
    endloop
  endfacet
  facet normal -0.980813 0.194952 0
    outer loop
      vertex 50.9103 -3.94337 2
      vertex 50.9409 -3.78942 8
      vertex 50.9409 -3.78942 2
    endloop
  endfacet
  facet normal -0.980813 0.194952 0
    outer loop
      vertex 50.9409 -3.78942 8
      vertex 50.9103 -3.94337 2
      vertex 50.9103 -3.94337 8
    endloop
  endfacet
  facet normal 0.442264 0.896885 -0
    outer loop
      vertex 52.7 -3.06077 2
      vertex 52.5592 -2.99134 8
      vertex 52.7 -3.06077 8
    endloop
  endfacet
  facet normal 0.442264 0.896885 0
    outer loop
      vertex 52.5592 -2.99134 8
      vertex 52.7 -3.06077 2
      vertex 52.5592 -2.99134 2
    endloop
  endfacet
  facet normal -0.555626 -0.831432 0
    outer loop
      vertex 51.3695 -5.05202 2
      vertex 51.5 -5.13923 8
      vertex 51.3695 -5.05202 8
    endloop
  endfacet
  facet normal -0.555626 -0.831432 -0
    outer loop
      vertex 51.5 -5.13923 8
      vertex 51.3695 -5.05202 2
      vertex 51.5 -5.13923 2
    endloop
  endfacet
  facet normal 0.896683 0.442673 0
    outer loop
      vertex 53.2087 -3.64078 8
      vertex 53.1392 -3.5 2
      vertex 53.1392 -3.5 8
    endloop
  endfacet
  facet normal 0.896683 0.442673 0
    outer loop
      vertex 53.1392 -3.5 2
      vertex 53.2087 -3.64078 8
      vertex 53.2087 -3.64078 2
    endloop
  endfacet
  facet normal -0.751842 -0.659343 0
    outer loop
      vertex 51.2515 -4.94853 2
      vertex 51.148 -4.83051 8
      vertex 51.148 -4.83051 2
    endloop
  endfacet
  facet normal -0.751842 -0.659343 0
    outer loop
      vertex 51.148 -4.83051 8
      vertex 51.2515 -4.94853 2
      vertex 51.2515 -4.94853 8
    endloop
  endfacet
  facet normal 0.751842 0.659343 0
    outer loop
      vertex 53.052 -3.36949 8
      vertex 52.9485 -3.25147 2
      vertex 52.9485 -3.25147 8
    endloop
  endfacet
  facet normal 0.751842 0.659343 0
    outer loop
      vertex 52.9485 -3.25147 2
      vertex 53.052 -3.36949 8
      vertex 53.052 -3.36949 2
    endloop
  endfacet
  facet normal 0.442264 -0.896885 0
    outer loop
      vertex 52.5592 -5.20866 2
      vertex 52.7 -5.13923 8
      vertex 52.5592 -5.20866 8
    endloop
  endfacet
  facet normal 0.442264 -0.896885 0
    outer loop
      vertex 52.7 -5.13923 8
      vertex 52.5592 -5.20866 2
      vertex 52.7 -5.13923 2
    endloop
  endfacet
  facet normal 0 0 1
    outer loop
      vertex 53.2897 -3.94337 8
      vertex 53.2897 -4.25663 8
      vertex 53.3 -4.1 8
    endloop
  endfacet
  facet normal 0 0 1
    outer loop
      vertex 53.2591 -3.78942 8
      vertex 53.2897 -4.25663 8
      vertex 53.2897 -3.94337 8
    endloop
  endfacet
  facet normal 0 0 1
    outer loop
      vertex 53.2591 -3.78942 8
      vertex 53.2591 -4.41058 8
      vertex 53.2897 -4.25663 8
    endloop
  endfacet
  facet normal 0 0 1
    outer loop
      vertex 53.2087 -3.64078 8
      vertex 53.2591 -4.41058 8
      vertex 53.2591 -3.78942 8
    endloop
  endfacet
  facet normal 0 0 1
    outer loop
      vertex 53.2087 -3.64078 8
      vertex 53.2087 -4.55922 8
      vertex 53.2591 -4.41058 8
    endloop
  endfacet
  facet normal 0 0 1
    outer loop
      vertex 53.1392 -3.5 8
      vertex 53.2087 -4.55922 8
      vertex 53.2087 -3.64078 8
    endloop
  endfacet
  facet normal 0 0 1
    outer loop
      vertex 53.1392 -3.5 8
      vertex 53.1392 -4.7 8
      vertex 53.2087 -4.55922 8
    endloop
  endfacet
  facet normal 0 0 1
    outer loop
      vertex 53.052 -3.36949 8
      vertex 53.1392 -4.7 8
      vertex 53.1392 -3.5 8
    endloop
  endfacet
  facet normal 0 0 1
    outer loop
      vertex 53.052 -3.36949 8
      vertex 53.052 -4.83051 8
      vertex 53.1392 -4.7 8
    endloop
  endfacet
  facet normal 0 0 1
    outer loop
      vertex 52.9485 -3.25147 8
      vertex 53.052 -4.83051 8
      vertex 53.052 -3.36949 8
    endloop
  endfacet
  facet normal 0 0 1
    outer loop
      vertex 52.9485 -3.25147 8
      vertex 52.9485 -4.94853 8
      vertex 53.052 -4.83051 8
    endloop
  endfacet
  facet normal 0 0 1
    outer loop
      vertex 52.8305 -3.14798 8
      vertex 52.9485 -4.94853 8
      vertex 52.9485 -3.25147 8
    endloop
  endfacet
  facet normal 0 0 1
    outer loop
      vertex 52.8305 -3.14798 8
      vertex 52.8305 -5.05202 8
      vertex 52.9485 -4.94853 8
    endloop
  endfacet
  facet normal 0 0 1
    outer loop
      vertex 52.7 -3.06077 8
      vertex 52.8305 -5.05202 8
      vertex 52.8305 -3.14798 8
    endloop
  endfacet
  facet normal 0 0 1
    outer loop
      vertex 52.7 -3.06077 8
      vertex 52.7 -5.13923 8
      vertex 52.8305 -5.05202 8
    endloop
  endfacet
  facet normal 0 0 1
    outer loop
      vertex 52.5592 -2.99134 8
      vertex 52.7 -5.13923 8
      vertex 52.7 -3.06077 8
    endloop
  endfacet
  facet normal 0 0 1
    outer loop
      vertex 52.5592 -2.99134 8
      vertex 52.5592 -5.20866 8
      vertex 52.7 -5.13923 8
    endloop
  endfacet
  facet normal 0 0 1
    outer loop
      vertex 52.4106 -2.94089 8
      vertex 52.5592 -5.20866 8
      vertex 52.5592 -2.99134 8
    endloop
  endfacet
  facet normal 0 0 1
    outer loop
      vertex 52.4106 -2.94089 8
      vertex 52.4106 -5.25911 8
      vertex 52.5592 -5.20866 8
    endloop
  endfacet
  facet normal 0 0 1
    outer loop
      vertex 52.2566 -2.91027 8
      vertex 52.4106 -5.25911 8
      vertex 52.4106 -2.94089 8
    endloop
  endfacet
  facet normal 0 0 1
    outer loop
      vertex 52.2566 -2.91027 8
      vertex 52.2566 -5.28973 8
      vertex 52.4106 -5.25911 8
    endloop
  endfacet
  facet normal 0 0 1
    outer loop
      vertex 52.1 -2.9 8
      vertex 52.2566 -5.28973 8
      vertex 52.2566 -2.91027 8
    endloop
  endfacet
  facet normal 0 0 1
    outer loop
      vertex 52.1 -2.9 8
      vertex 52.1 -5.3 8
      vertex 52.2566 -5.28973 8
    endloop
  endfacet
  facet normal -0 0 1
    outer loop
      vertex 51.9434 -2.91027 8
      vertex 52.1 -5.3 8
      vertex 52.1 -2.9 8
    endloop
  endfacet
  facet normal 0 0 1
    outer loop
      vertex 51.9434 -2.91027 8
      vertex 51.9434 -5.28973 8
      vertex 52.1 -5.3 8
    endloop
  endfacet
  facet normal -0 0 1
    outer loop
      vertex 51.7894 -2.94089 8
      vertex 51.9434 -5.28973 8
      vertex 51.9434 -2.91027 8
    endloop
  endfacet
  facet normal 0 0 1
    outer loop
      vertex 51.7894 -2.94089 8
      vertex 51.7894 -5.25911 8
      vertex 51.9434 -5.28973 8
    endloop
  endfacet
  facet normal -0 0 1
    outer loop
      vertex 51.6408 -2.99134 8
      vertex 51.7894 -5.25911 8
      vertex 51.7894 -2.94089 8
    endloop
  endfacet
  facet normal 0 0 1
    outer loop
      vertex 51.6408 -2.99134 8
      vertex 51.6408 -5.20866 8
      vertex 51.7894 -5.25911 8
    endloop
  endfacet
  facet normal -0 0 1
    outer loop
      vertex 51.5 -3.06077 8
      vertex 51.6408 -5.20866 8
      vertex 51.6408 -2.99134 8
    endloop
  endfacet
  facet normal 0 0 1
    outer loop
      vertex 51.5 -3.06077 8
      vertex 51.5 -5.13923 8
      vertex 51.6408 -5.20866 8
    endloop
  endfacet
  facet normal -0 0 1
    outer loop
      vertex 51.3695 -3.14798 8
      vertex 51.5 -5.13923 8
      vertex 51.5 -3.06077 8
    endloop
  endfacet
  facet normal 0 0 1
    outer loop
      vertex 51.3695 -3.14798 8
      vertex 51.3695 -5.05202 8
      vertex 51.5 -5.13923 8
    endloop
  endfacet
  facet normal -0 0 1
    outer loop
      vertex 51.2515 -3.25147 8
      vertex 51.3695 -5.05202 8
      vertex 51.3695 -3.14798 8
    endloop
  endfacet
  facet normal 0 0 1
    outer loop
      vertex 51.2515 -3.25147 8
      vertex 51.2515 -4.94853 8
      vertex 51.3695 -5.05202 8
    endloop
  endfacet
  facet normal -0 0 1
    outer loop
      vertex 51.148 -3.36949 8
      vertex 51.2515 -4.94853 8
      vertex 51.2515 -3.25147 8
    endloop
  endfacet
  facet normal 0 0 1
    outer loop
      vertex 51.148 -3.36949 8
      vertex 51.148 -4.83051 8
      vertex 51.2515 -4.94853 8
    endloop
  endfacet
  facet normal -0 0 1
    outer loop
      vertex 51.0608 -3.5 8
      vertex 51.148 -4.83051 8
      vertex 51.148 -3.36949 8
    endloop
  endfacet
  facet normal 0 0 1
    outer loop
      vertex 51.0608 -3.5 8
      vertex 51.0608 -4.7 8
      vertex 51.148 -4.83051 8
    endloop
  endfacet
  facet normal -0 0 1
    outer loop
      vertex 50.9913 -3.64078 8
      vertex 51.0608 -4.7 8
      vertex 51.0608 -3.5 8
    endloop
  endfacet
  facet normal 0 0 1
    outer loop
      vertex 50.9913 -3.64078 8
      vertex 50.9913 -4.55922 8
      vertex 51.0608 -4.7 8
    endloop
  endfacet
  facet normal -0 0 1
    outer loop
      vertex 50.9409 -3.78942 8
      vertex 50.9913 -4.55922 8
      vertex 50.9913 -3.64078 8
    endloop
  endfacet
  facet normal 0 0 1
    outer loop
      vertex 50.9409 -3.78942 8
      vertex 50.9409 -4.41058 8
      vertex 50.9913 -4.55922 8
    endloop
  endfacet
  facet normal -0 0 1
    outer loop
      vertex 50.9103 -3.94337 8
      vertex 50.9409 -4.41058 8
      vertex 50.9409 -3.78942 8
    endloop
  endfacet
  facet normal 0 0 1
    outer loop
      vertex 50.9103 -3.94337 8
      vertex 50.9103 -4.25663 8
      vertex 50.9409 -4.41058 8
    endloop
  endfacet
  facet normal 0 -0 1
    outer loop
      vertex 50.9103 -4.25663 8
      vertex 50.9103 -3.94337 8
      vertex 50.9 -4.1 8
    endloop
  endfacet
  facet normal 0.751842 -0.659343 0
    outer loop
      vertex 52.9485 -4.94853 8
      vertex 53.052 -4.83051 2
      vertex 53.052 -4.83051 8
    endloop
  endfacet
  facet normal 0.751842 -0.659343 0
    outer loop
      vertex 53.052 -4.83051 2
      vertex 52.9485 -4.94853 8
      vertex 52.9485 -4.94853 2
    endloop
  endfacet
  facet normal 0.980813 -0.194952 0
    outer loop
      vertex 53.2591 -4.41058 8
      vertex 53.2897 -4.25663 2
      vertex 53.2897 -4.25663 8
    endloop
  endfacet
  facet normal 0.980813 -0.194952 0
    outer loop
      vertex 53.2897 -4.25663 2
      vertex 53.2591 -4.41058 8
      vertex 53.2591 -4.41058 2
    endloop
  endfacet
  facet normal 0.0654405 -0.997856 0
    outer loop
      vertex 52.1 -5.3 2
      vertex 52.2566 -5.28973 8
      vertex 52.1 -5.3 8
    endloop
  endfacet
  facet normal 0.0654405 -0.997856 0
    outer loop
      vertex 52.2566 -5.28973 8
      vertex 52.1 -5.3 2
      vertex 52.2566 -5.28973 2
    endloop
  endfacet
  facet normal 0.831481 -0.555553 0
    outer loop
      vertex 53.052 -4.83051 8
      vertex 53.1392 -4.7 2
      vertex 53.1392 -4.7 8
    endloop
  endfacet
  facet normal 0.831481 -0.555553 0
    outer loop
      vertex 53.1392 -4.7 2
      vertex 53.052 -4.83051 8
      vertex 53.052 -4.83051 2
    endloop
  endfacet
  facet normal 0.195014 0.980801 -0
    outer loop
      vertex 52.4106 -2.94089 2
      vertex 52.2566 -2.91027 8
      vertex 52.4106 -2.94089 8
    endloop
  endfacet
  facet normal 0.195014 0.980801 0
    outer loop
      vertex 52.2566 -2.91027 8
      vertex 52.4106 -2.94089 2
      vertex 52.2566 -2.91027 2
    endloop
  endfacet
  facet normal -0.896683 -0.442673 0
    outer loop
      vertex 51.0608 -4.7 2
      vertex 50.9913 -4.55922 8
      vertex 50.9913 -4.55922 2
    endloop
  endfacet
  facet normal -0.896683 -0.442673 0
    outer loop
      vertex 50.9913 -4.55922 8
      vertex 51.0608 -4.7 2
      vertex 51.0608 -4.7 8
    endloop
  endfacet
  facet normal 0.94704 -0.321117 0
    outer loop
      vertex 53.2087 -4.55922 8
      vertex 53.2591 -4.41058 2
      vertex 53.2591 -4.41058 8
    endloop
  endfacet
  facet normal 0.94704 -0.321117 0
    outer loop
      vertex 53.2591 -4.41058 2
      vertex 53.2087 -4.55922 8
      vertex 53.2087 -4.55922 2
    endloop
  endfacet
  facet normal 0.0654405 0.997856 -0
    outer loop
      vertex 52.2566 -2.91027 2
      vertex 52.1 -2.9 8
      vertex 52.2566 -2.91027 8
    endloop
  endfacet
  facet normal 0.0654405 0.997856 0
    outer loop
      vertex 52.1 -2.9 8
      vertex 52.2566 -2.91027 2
      vertex 52.1 -2.9 2
    endloop
  endfacet
  facet normal 0.831481 0.555553 0
    outer loop
      vertex 53.1392 -3.5 8
      vertex 53.052 -3.36949 2
      vertex 53.052 -3.36949 8
    endloop
  endfacet
  facet normal 0.831481 0.555553 0
    outer loop
      vertex 53.052 -3.36949 2
      vertex 53.1392 -3.5 8
      vertex 53.1392 -3.5 2
    endloop
  endfacet
  facet normal -0.555626 0.831432 0
    outer loop
      vertex 51.5 -3.06077 2
      vertex 51.3695 -3.14798 8
      vertex 51.5 -3.06077 8
    endloop
  endfacet
  facet normal -0.555626 0.831432 0
    outer loop
      vertex 51.3695 -3.14798 8
      vertex 51.5 -3.06077 2
      vertex 51.3695 -3.14798 2
    endloop
  endfacet
  facet normal 0.555626 0.831432 -0
    outer loop
      vertex 52.8305 -3.14798 2
      vertex 52.7 -3.06077 8
      vertex 52.8305 -3.14798 8
    endloop
  endfacet
  facet normal 0.555626 0.831432 0
    outer loop
      vertex 52.7 -3.06077 8
      vertex 52.8305 -3.14798 2
      vertex 52.7 -3.06077 2
    endloop
  endfacet
  facet normal 0.896683 -0.442673 0
    outer loop
      vertex 53.1392 -4.7 8
      vertex 53.2087 -4.55922 2
      vertex 53.2087 -4.55922 8
    endloop
  endfacet
  facet normal 0.896683 -0.442673 0
    outer loop
      vertex 53.2087 -4.55922 2
      vertex 53.1392 -4.7 8
      vertex 53.1392 -4.7 2
    endloop
  endfacet
  facet normal -0.980813 -0.194952 0
    outer loop
      vertex 50.9409 -4.41058 2
      vertex 50.9103 -4.25663 8
      vertex 50.9103 -4.25663 2
    endloop
  endfacet
  facet normal -0.980813 -0.194952 0
    outer loop
      vertex 50.9103 -4.25663 8
      vertex 50.9409 -4.41058 2
      vertex 50.9409 -4.41058 8
    endloop
  endfacet
  facet normal -0.997845 0.0656183 0
    outer loop
      vertex 50.9 -4.1 2
      vertex 50.9103 -3.94337 8
      vertex 50.9103 -3.94337 2
    endloop
  endfacet
  facet normal -0.997845 0.0656183 0
    outer loop
      vertex 50.9103 -3.94337 8
      vertex 50.9 -4.1 2
      vertex 50.9 -4.1 8
    endloop
  endfacet
  facet normal -0.751842 0.659343 0
    outer loop
      vertex 51.148 -3.36949 2
      vertex 51.2515 -3.25147 8
      vertex 51.2515 -3.25147 2
    endloop
  endfacet
  facet normal -0.751842 0.659343 0
    outer loop
      vertex 51.2515 -3.25147 8
      vertex 51.148 -3.36949 2
      vertex 51.148 -3.36949 8
    endloop
  endfacet
  facet normal -0.0654405 0.997856 0
    outer loop
      vertex 52.1 -2.9 2
      vertex 51.9434 -2.91027 8
      vertex 52.1 -2.9 8
    endloop
  endfacet
  facet normal -0.0654405 0.997856 0
    outer loop
      vertex 51.9434 -2.91027 8
      vertex 52.1 -2.9 2
      vertex 51.9434 -2.91027 2
    endloop
  endfacet
  facet normal -0.442264 -0.896885 0
    outer loop
      vertex 51.5 -5.13923 2
      vertex 51.6408 -5.20866 8
      vertex 51.5 -5.13923 8
    endloop
  endfacet
  facet normal -0.442264 -0.896885 -0
    outer loop
      vertex 51.6408 -5.20866 8
      vertex 51.5 -5.13923 2
      vertex 51.6408 -5.20866 2
    endloop
  endfacet
  facet normal -0.94704 0.321117 0
    outer loop
      vertex 50.9409 -3.78942 2
      vertex 50.9913 -3.64078 8
      vertex 50.9913 -3.64078 2
    endloop
  endfacet
  facet normal -0.94704 0.321117 0
    outer loop
      vertex 50.9913 -3.64078 8
      vertex 50.9409 -3.78942 2
      vertex 50.9409 -3.78942 8
    endloop
  endfacet
  facet normal -0.0654405 -0.997856 0
    outer loop
      vertex 51.9434 -5.28973 2
      vertex 52.1 -5.3 8
      vertex 51.9434 -5.28973 8
    endloop
  endfacet
  facet normal -0.0654405 -0.997856 -0
    outer loop
      vertex 52.1 -5.3 8
      vertex 51.9434 -5.28973 2
      vertex 52.1 -5.3 2
    endloop
  endfacet
  facet normal -0.997845 -0.0656183 0
    outer loop
      vertex 50.9103 -4.25663 2
      vertex 50.9 -4.1 8
      vertex 50.9 -4.1 2
    endloop
  endfacet
  facet normal -0.997845 -0.0656183 0
    outer loop
      vertex 50.9 -4.1 8
      vertex 50.9103 -4.25663 2
      vertex 50.9103 -4.25663 8
    endloop
  endfacet
  facet normal 0.555626 -0.831432 0
    outer loop
      vertex 52.7 -5.13923 2
      vertex 52.8305 -5.05202 8
      vertex 52.7 -5.13923 8
    endloop
  endfacet
  facet normal 0.555626 -0.831432 0
    outer loop
      vertex 52.8305 -5.05202 8
      vertex 52.7 -5.13923 2
      vertex 52.8305 -5.05202 2
    endloop
  endfacet
  facet normal -0.65937 -0.751818 0
    outer loop
      vertex 51.2515 -4.94853 2
      vertex 51.3695 -5.05202 8
      vertex 51.2515 -4.94853 8
    endloop
  endfacet
  facet normal -0.65937 -0.751818 -0
    outer loop
      vertex 51.3695 -5.05202 8
      vertex 51.2515 -4.94853 2
      vertex 51.3695 -5.05202 2
    endloop
  endfacet
  facet normal -0.831481 0.555553 0
    outer loop
      vertex 51.0608 -3.5 2
      vertex 51.148 -3.36949 8
      vertex 51.148 -3.36949 2
    endloop
  endfacet
  facet normal -0.831481 0.555553 0
    outer loop
      vertex 51.148 -3.36949 8
      vertex 51.0608 -3.5 2
      vertex 51.0608 -3.5 8
    endloop
  endfacet
  facet normal -0.896683 0.442673 0
    outer loop
      vertex 50.9913 -3.64078 2
      vertex 51.0608 -3.5 8
      vertex 51.0608 -3.5 2
    endloop
  endfacet
  facet normal -0.896683 0.442673 0
    outer loop
      vertex 51.0608 -3.5 8
      vertex 50.9913 -3.64078 2
      vertex 50.9913 -3.64078 8
    endloop
  endfacet
  facet normal -0.195014 -0.980801 0
    outer loop
      vertex 51.7894 -5.25911 2
      vertex 51.9434 -5.28973 8
      vertex 51.7894 -5.25911 8
    endloop
  endfacet
  facet normal -0.195014 -0.980801 -0
    outer loop
      vertex 51.9434 -5.28973 8
      vertex 51.7894 -5.25911 2
      vertex 51.9434 -5.28973 2
    endloop
  endfacet
  facet normal 0.65937 -0.751818 0
    outer loop
      vertex 52.8305 -5.05202 2
      vertex 52.9485 -4.94853 8
      vertex 52.8305 -5.05202 8
    endloop
  endfacet
  facet normal 0.65937 -0.751818 0
    outer loop
      vertex 52.9485 -4.94853 8
      vertex 52.8305 -5.05202 2
      vertex 52.9485 -4.94853 2
    endloop
  endfacet
  facet normal -0.980813 0.194952 0
    outer loop
      vertex 50.9103 4.25663 2
      vertex 50.9409 4.41058 8
      vertex 50.9409 4.41058 2
    endloop
  endfacet
  facet normal -0.980813 0.194952 0
    outer loop
      vertex 50.9409 4.41058 8
      vertex 50.9103 4.25663 2
      vertex 50.9103 4.25663 8
    endloop
  endfacet
  facet normal 0.980813 0.194952 0
    outer loop
      vertex 53.2897 4.25663 8
      vertex 53.2591 4.41058 2
      vertex 53.2591 4.41058 8
    endloop
  endfacet
  facet normal 0.980813 0.194952 0
    outer loop
      vertex 53.2591 4.41058 2
      vertex 53.2897 4.25663 8
      vertex 53.2897 4.25663 2
    endloop
  endfacet
  facet normal 0.997845 0.0656183 0
    outer loop
      vertex 53.3 4.1 8
      vertex 53.2897 4.25663 2
      vertex 53.2897 4.25663 8
    endloop
  endfacet
  facet normal 0.997845 0.0656183 0
    outer loop
      vertex 53.2897 4.25663 2
      vertex 53.3 4.1 8
      vertex 53.3 4.1 2
    endloop
  endfacet
  facet normal 0.94704 0.321117 0
    outer loop
      vertex 53.2591 4.41058 8
      vertex 53.2087 4.55922 2
      vertex 53.2087 4.55922 8
    endloop
  endfacet
  facet normal 0.94704 0.321117 0
    outer loop
      vertex 53.2087 4.55922 2
      vertex 53.2591 4.41058 8
      vertex 53.2591 4.41058 2
    endloop
  endfacet
  facet normal 0.442264 0.896885 -0
    outer loop
      vertex 52.7 5.13923 2
      vertex 52.5592 5.20866 8
      vertex 52.7 5.13923 8
    endloop
  endfacet
  facet normal 0.442264 0.896885 0
    outer loop
      vertex 52.5592 5.20866 8
      vertex 52.7 5.13923 2
      vertex 52.5592 5.20866 2
    endloop
  endfacet
  facet normal 0.896683 0.442673 0
    outer loop
      vertex 53.2087 4.55922 8
      vertex 53.1392 4.7 2
      vertex 53.1392 4.7 8
    endloop
  endfacet
  facet normal 0.896683 0.442673 0
    outer loop
      vertex 53.1392 4.7 2
      vertex 53.2087 4.55922 8
      vertex 53.2087 4.55922 2
    endloop
  endfacet
  facet normal 0.831481 0.555553 0
    outer loop
      vertex 53.1392 4.7 8
      vertex 53.052 4.83051 2
      vertex 53.052 4.83051 8
    endloop
  endfacet
  facet normal 0.831481 0.555553 0
    outer loop
      vertex 53.052 4.83051 2
      vertex 53.1392 4.7 8
      vertex 53.1392 4.7 2
    endloop
  endfacet
  facet normal 0.0654405 0.997856 -0
    outer loop
      vertex 52.2566 5.28973 2
      vertex 52.1 5.3 8
      vertex 52.2566 5.28973 8
    endloop
  endfacet
  facet normal 0.0654405 0.997856 0
    outer loop
      vertex 52.1 5.3 8
      vertex 52.2566 5.28973 2
      vertex 52.1 5.3 2
    endloop
  endfacet
  facet normal 0.195014 -0.980801 0
    outer loop
      vertex 52.2566 2.91027 2
      vertex 52.4106 2.94089 8
      vertex 52.2566 2.91027 8
    endloop
  endfacet
  facet normal 0.195014 -0.980801 0
    outer loop
      vertex 52.4106 2.94089 8
      vertex 52.2566 2.91027 2
      vertex 52.4106 2.94089 2
    endloop
  endfacet
  facet normal -0.65937 0.751818 0
    outer loop
      vertex 51.3695 5.05202 2
      vertex 51.2515 4.94853 8
      vertex 51.3695 5.05202 8
    endloop
  endfacet
  facet normal -0.65937 0.751818 0
    outer loop
      vertex 51.2515 4.94853 8
      vertex 51.3695 5.05202 2
      vertex 51.2515 4.94853 2
    endloop
  endfacet
  facet normal 0.751842 0.659343 0
    outer loop
      vertex 53.052 4.83051 8
      vertex 52.9485 4.94853 2
      vertex 52.9485 4.94853 8
    endloop
  endfacet
  facet normal 0.751842 0.659343 0
    outer loop
      vertex 52.9485 4.94853 2
      vertex 53.052 4.83051 8
      vertex 53.052 4.83051 2
    endloop
  endfacet
  facet normal 0.0654405 -0.997856 0
    outer loop
      vertex 52.1 2.9 2
      vertex 52.2566 2.91027 8
      vertex 52.1 2.9 8
    endloop
  endfacet
  facet normal 0.0654405 -0.997856 0
    outer loop
      vertex 52.2566 2.91027 8
      vertex 52.1 2.9 2
      vertex 52.2566 2.91027 2
    endloop
  endfacet
  facet normal -0.94704 -0.321117 0
    outer loop
      vertex 50.9913 3.64078 2
      vertex 50.9409 3.78942 8
      vertex 50.9409 3.78942 2
    endloop
  endfacet
  facet normal -0.94704 -0.321117 0
    outer loop
      vertex 50.9409 3.78942 8
      vertex 50.9913 3.64078 2
      vertex 50.9913 3.64078 8
    endloop
  endfacet
  facet normal 0.555626 0.831432 -0
    outer loop
      vertex 52.8305 5.05202 2
      vertex 52.7 5.13923 8
      vertex 52.8305 5.05202 8
    endloop
  endfacet
  facet normal 0.555626 0.831432 0
    outer loop
      vertex 52.7 5.13923 8
      vertex 52.8305 5.05202 2
      vertex 52.7 5.13923 2
    endloop
  endfacet
  facet normal -0.555626 0.831432 0
    outer loop
      vertex 51.5 5.13923 2
      vertex 51.3695 5.05202 8
      vertex 51.5 5.13923 8
    endloop
  endfacet
  facet normal -0.555626 0.831432 0
    outer loop
      vertex 51.3695 5.05202 8
      vertex 51.5 5.13923 2
      vertex 51.3695 5.05202 2
    endloop
  endfacet
  facet normal 0.555626 -0.831432 0
    outer loop
      vertex 52.7 3.06077 2
      vertex 52.8305 3.14798 8
      vertex 52.7 3.06077 8
    endloop
  endfacet
  facet normal 0.555626 -0.831432 0
    outer loop
      vertex 52.8305 3.14798 8
      vertex 52.7 3.06077 2
      vertex 52.8305 3.14798 2
    endloop
  endfacet
  facet normal 0.442264 -0.896885 0
    outer loop
      vertex 52.5592 2.99134 2
      vertex 52.7 3.06077 8
      vertex 52.5592 2.99134 8
    endloop
  endfacet
  facet normal 0.442264 -0.896885 0
    outer loop
      vertex 52.7 3.06077 8
      vertex 52.5592 2.99134 2
      vertex 52.7 3.06077 2
    endloop
  endfacet
  facet normal -0.555626 -0.831432 0
    outer loop
      vertex 51.3695 3.14798 2
      vertex 51.5 3.06077 8
      vertex 51.3695 3.14798 8
    endloop
  endfacet
  facet normal -0.555626 -0.831432 -0
    outer loop
      vertex 51.5 3.06077 8
      vertex 51.3695 3.14798 2
      vertex 51.5 3.06077 2
    endloop
  endfacet
  facet normal -0.195014 -0.980801 0
    outer loop
      vertex 51.7894 2.94089 2
      vertex 51.9434 2.91027 8
      vertex 51.7894 2.94089 8
    endloop
  endfacet
  facet normal -0.195014 -0.980801 -0
    outer loop
      vertex 51.9434 2.91027 8
      vertex 51.7894 2.94089 2
      vertex 51.9434 2.91027 2
    endloop
  endfacet
  facet normal 0.831481 -0.555553 0
    outer loop
      vertex 53.052 3.36949 8
      vertex 53.1392 3.5 2
      vertex 53.1392 3.5 8
    endloop
  endfacet
  facet normal 0.831481 -0.555553 0
    outer loop
      vertex 53.1392 3.5 2
      vertex 53.052 3.36949 8
      vertex 53.052 3.36949 2
    endloop
  endfacet
  facet normal 0.997845 -0.0656183 0
    outer loop
      vertex 53.2897 3.94337 8
      vertex 53.3 4.1 2
      vertex 53.3 4.1 8
    endloop
  endfacet
  facet normal 0.997845 -0.0656183 0
    outer loop
      vertex 53.3 4.1 2
      vertex 53.2897 3.94337 8
      vertex 53.2897 3.94337 2
    endloop
  endfacet
  facet normal -0.997845 -0.0656183 0
    outer loop
      vertex 50.9103 3.94337 2
      vertex 50.9 4.1 8
      vertex 50.9 4.1 2
    endloop
  endfacet
  facet normal -0.997845 -0.0656183 0
    outer loop
      vertex 50.9 4.1 8
      vertex 50.9103 3.94337 2
      vertex 50.9103 3.94337 8
    endloop
  endfacet
  facet normal 0.32148 -0.946916 0
    outer loop
      vertex 52.4106 2.94089 2
      vertex 52.5592 2.99134 8
      vertex 52.4106 2.94089 8
    endloop
  endfacet
  facet normal 0.32148 -0.946916 0
    outer loop
      vertex 52.5592 2.99134 8
      vertex 52.4106 2.94089 2
      vertex 52.5592 2.99134 2
    endloop
  endfacet
  facet normal 0.65937 0.751818 -0
    outer loop
      vertex 52.9485 4.94853 2
      vertex 52.8305 5.05202 8
      vertex 52.9485 4.94853 8
    endloop
  endfacet
  facet normal 0.65937 0.751818 0
    outer loop
      vertex 52.8305 5.05202 8
      vertex 52.9485 4.94853 2
      vertex 52.8305 5.05202 2
    endloop
  endfacet
  facet normal -0.442264 0.896885 0
    outer loop
      vertex 51.6408 5.20866 2
      vertex 51.5 5.13923 8
      vertex 51.6408 5.20866 8
    endloop
  endfacet
  facet normal -0.442264 0.896885 0
    outer loop
      vertex 51.5 5.13923 8
      vertex 51.6408 5.20866 2
      vertex 51.5 5.13923 2
    endloop
  endfacet
  facet normal -0.32148 0.946916 0
    outer loop
      vertex 51.7894 5.25911 2
      vertex 51.6408 5.20866 8
      vertex 51.7894 5.25911 8
    endloop
  endfacet
  facet normal -0.32148 0.946916 0
    outer loop
      vertex 51.6408 5.20866 8
      vertex 51.7894 5.25911 2
      vertex 51.6408 5.20866 2
    endloop
  endfacet
  facet normal -0.751842 0.659343 0
    outer loop
      vertex 51.148 4.83051 2
      vertex 51.2515 4.94853 8
      vertex 51.2515 4.94853 2
    endloop
  endfacet
  facet normal -0.751842 0.659343 0
    outer loop
      vertex 51.2515 4.94853 8
      vertex 51.148 4.83051 2
      vertex 51.148 4.83051 8
    endloop
  endfacet
  facet normal -0.980813 -0.194952 0
    outer loop
      vertex 50.9409 3.78942 2
      vertex 50.9103 3.94337 8
      vertex 50.9103 3.94337 2
    endloop
  endfacet
  facet normal -0.980813 -0.194952 0
    outer loop
      vertex 50.9103 3.94337 8
      vertex 50.9409 3.78942 2
      vertex 50.9409 3.78942 8
    endloop
  endfacet
  facet normal 0.65937 -0.751818 0
    outer loop
      vertex 52.8305 3.14798 2
      vertex 52.9485 3.25147 8
      vertex 52.8305 3.14798 8
    endloop
  endfacet
  facet normal 0.65937 -0.751818 0
    outer loop
      vertex 52.9485 3.25147 8
      vertex 52.8305 3.14798 2
      vertex 52.9485 3.25147 2
    endloop
  endfacet
  facet normal -0.896683 -0.442673 0
    outer loop
      vertex 51.0608 3.5 2
      vertex 50.9913 3.64078 8
      vertex 50.9913 3.64078 2
    endloop
  endfacet
  facet normal -0.896683 -0.442673 0
    outer loop
      vertex 50.9913 3.64078 8
      vertex 51.0608 3.5 2
      vertex 51.0608 3.5 8
    endloop
  endfacet
  facet normal -0.442264 -0.896885 0
    outer loop
      vertex 51.5 3.06077 2
      vertex 51.6408 2.99134 8
      vertex 51.5 3.06077 8
    endloop
  endfacet
  facet normal -0.442264 -0.896885 -0
    outer loop
      vertex 51.6408 2.99134 8
      vertex 51.5 3.06077 2
      vertex 51.6408 2.99134 2
    endloop
  endfacet
  facet normal -0.0654405 -0.997856 0
    outer loop
      vertex 51.9434 2.91027 2
      vertex 52.1 2.9 8
      vertex 51.9434 2.91027 8
    endloop
  endfacet
  facet normal -0.0654405 -0.997856 -0
    outer loop
      vertex 52.1 2.9 8
      vertex 51.9434 2.91027 2
      vertex 52.1 2.9 2
    endloop
  endfacet
  facet normal 0.751842 -0.659343 0
    outer loop
      vertex 52.9485 3.25147 8
      vertex 53.052 3.36949 2
      vertex 53.052 3.36949 8
    endloop
  endfacet
  facet normal 0.751842 -0.659343 0
    outer loop
      vertex 53.052 3.36949 2
      vertex 52.9485 3.25147 8
      vertex 52.9485 3.25147 2
    endloop
  endfacet
  facet normal 0 0 1
    outer loop
      vertex 53.2897 4.25663 8
      vertex 53.2897 3.94337 8
      vertex 53.3 4.1 8
    endloop
  endfacet
  facet normal 0 0 1
    outer loop
      vertex 53.2591 4.41058 8
      vertex 53.2897 3.94337 8
      vertex 53.2897 4.25663 8
    endloop
  endfacet
  facet normal 0 0 1
    outer loop
      vertex 53.2591 4.41058 8
      vertex 53.2591 3.78942 8
      vertex 53.2897 3.94337 8
    endloop
  endfacet
  facet normal 0 0 1
    outer loop
      vertex 53.2087 4.55922 8
      vertex 53.2591 3.78942 8
      vertex 53.2591 4.41058 8
    endloop
  endfacet
  facet normal 0 0 1
    outer loop
      vertex 53.2087 4.55922 8
      vertex 53.2087 3.64078 8
      vertex 53.2591 3.78942 8
    endloop
  endfacet
  facet normal 0 0 1
    outer loop
      vertex 53.1392 4.7 8
      vertex 53.2087 3.64078 8
      vertex 53.2087 4.55922 8
    endloop
  endfacet
  facet normal 0 0 1
    outer loop
      vertex 53.1392 4.7 8
      vertex 53.1392 3.5 8
      vertex 53.2087 3.64078 8
    endloop
  endfacet
  facet normal 0 0 1
    outer loop
      vertex 53.052 4.83051 8
      vertex 53.1392 3.5 8
      vertex 53.1392 4.7 8
    endloop
  endfacet
  facet normal 0 0 1
    outer loop
      vertex 53.052 4.83051 8
      vertex 53.052 3.36949 8
      vertex 53.1392 3.5 8
    endloop
  endfacet
  facet normal 0 0 1
    outer loop
      vertex 52.9485 4.94853 8
      vertex 53.052 3.36949 8
      vertex 53.052 4.83051 8
    endloop
  endfacet
  facet normal 0 0 1
    outer loop
      vertex 52.9485 4.94853 8
      vertex 52.9485 3.25147 8
      vertex 53.052 3.36949 8
    endloop
  endfacet
  facet normal 0 0 1
    outer loop
      vertex 52.8305 5.05202 8
      vertex 52.9485 3.25147 8
      vertex 52.9485 4.94853 8
    endloop
  endfacet
  facet normal 0 0 1
    outer loop
      vertex 52.8305 5.05202 8
      vertex 52.8305 3.14798 8
      vertex 52.9485 3.25147 8
    endloop
  endfacet
  facet normal 0 0 1
    outer loop
      vertex 52.7 5.13923 8
      vertex 52.8305 3.14798 8
      vertex 52.8305 5.05202 8
    endloop
  endfacet
  facet normal 0 0 1
    outer loop
      vertex 52.7 5.13923 8
      vertex 52.7 3.06077 8
      vertex 52.8305 3.14798 8
    endloop
  endfacet
  facet normal 0 0 1
    outer loop
      vertex 52.5592 5.20866 8
      vertex 52.7 3.06077 8
      vertex 52.7 5.13923 8
    endloop
  endfacet
  facet normal 0 0 1
    outer loop
      vertex 52.5592 5.20866 8
      vertex 52.5592 2.99134 8
      vertex 52.7 3.06077 8
    endloop
  endfacet
  facet normal 0 0 1
    outer loop
      vertex 52.4106 5.25911 8
      vertex 52.5592 2.99134 8
      vertex 52.5592 5.20866 8
    endloop
  endfacet
  facet normal 0 0 1
    outer loop
      vertex 52.4106 5.25911 8
      vertex 52.4106 2.94089 8
      vertex 52.5592 2.99134 8
    endloop
  endfacet
  facet normal 0 0 1
    outer loop
      vertex 52.2566 5.28973 8
      vertex 52.4106 2.94089 8
      vertex 52.4106 5.25911 8
    endloop
  endfacet
  facet normal 0 0 1
    outer loop
      vertex 52.2566 5.28973 8
      vertex 52.2566 2.91027 8
      vertex 52.4106 2.94089 8
    endloop
  endfacet
  facet normal 0 0 1
    outer loop
      vertex 52.1 5.3 8
      vertex 52.2566 2.91027 8
      vertex 52.2566 5.28973 8
    endloop
  endfacet
  facet normal 0 0 1
    outer loop
      vertex 52.1 5.3 8
      vertex 52.1 2.9 8
      vertex 52.2566 2.91027 8
    endloop
  endfacet
  facet normal -0 0 1
    outer loop
      vertex 51.9434 5.28973 8
      vertex 52.1 2.9 8
      vertex 52.1 5.3 8
    endloop
  endfacet
  facet normal 0 0 1
    outer loop
      vertex 51.9434 5.28973 8
      vertex 51.9434 2.91027 8
      vertex 52.1 2.9 8
    endloop
  endfacet
  facet normal -0 0 1
    outer loop
      vertex 51.7894 5.25911 8
      vertex 51.9434 2.91027 8
      vertex 51.9434 5.28973 8
    endloop
  endfacet
  facet normal 0 0 1
    outer loop
      vertex 51.7894 5.25911 8
      vertex 51.7894 2.94089 8
      vertex 51.9434 2.91027 8
    endloop
  endfacet
  facet normal -0 0 1
    outer loop
      vertex 51.6408 5.20866 8
      vertex 51.7894 2.94089 8
      vertex 51.7894 5.25911 8
    endloop
  endfacet
  facet normal 0 0 1
    outer loop
      vertex 51.6408 5.20866 8
      vertex 51.6408 2.99134 8
      vertex 51.7894 2.94089 8
    endloop
  endfacet
  facet normal -0 0 1
    outer loop
      vertex 51.5 5.13923 8
      vertex 51.6408 2.99134 8
      vertex 51.6408 5.20866 8
    endloop
  endfacet
  facet normal 0 0 1
    outer loop
      vertex 51.5 5.13923 8
      vertex 51.5 3.06077 8
      vertex 51.6408 2.99134 8
    endloop
  endfacet
  facet normal -0 0 1
    outer loop
      vertex 51.3695 5.05202 8
      vertex 51.5 3.06077 8
      vertex 51.5 5.13923 8
    endloop
  endfacet
  facet normal 0 0 1
    outer loop
      vertex 51.3695 5.05202 8
      vertex 51.3695 3.14798 8
      vertex 51.5 3.06077 8
    endloop
  endfacet
  facet normal -0 0 1
    outer loop
      vertex 51.2515 4.94853 8
      vertex 51.3695 3.14798 8
      vertex 51.3695 5.05202 8
    endloop
  endfacet
  facet normal 0 0 1
    outer loop
      vertex 51.2515 4.94853 8
      vertex 51.2515 3.25147 8
      vertex 51.3695 3.14798 8
    endloop
  endfacet
  facet normal -0 0 1
    outer loop
      vertex 51.148 4.83051 8
      vertex 51.2515 3.25147 8
      vertex 51.2515 4.94853 8
    endloop
  endfacet
  facet normal 0 0 1
    outer loop
      vertex 51.148 4.83051 8
      vertex 51.148 3.36949 8
      vertex 51.2515 3.25147 8
    endloop
  endfacet
  facet normal -0 0 1
    outer loop
      vertex 51.0608 4.7 8
      vertex 51.148 3.36949 8
      vertex 51.148 4.83051 8
    endloop
  endfacet
  facet normal 0 0 1
    outer loop
      vertex 51.0608 4.7 8
      vertex 51.0608 3.5 8
      vertex 51.148 3.36949 8
    endloop
  endfacet
  facet normal -0 0 1
    outer loop
      vertex 50.9913 4.55922 8
      vertex 51.0608 3.5 8
      vertex 51.0608 4.7 8
    endloop
  endfacet
  facet normal 0 0 1
    outer loop
      vertex 50.9913 4.55922 8
      vertex 50.9913 3.64078 8
      vertex 51.0608 3.5 8
    endloop
  endfacet
  facet normal -0 0 1
    outer loop
      vertex 50.9409 4.41058 8
      vertex 50.9913 3.64078 8
      vertex 50.9913 4.55922 8
    endloop
  endfacet
  facet normal 0 0 1
    outer loop
      vertex 50.9409 4.41058 8
      vertex 50.9409 3.78942 8
      vertex 50.9913 3.64078 8
    endloop
  endfacet
  facet normal -0 0 1
    outer loop
      vertex 50.9103 4.25663 8
      vertex 50.9409 3.78942 8
      vertex 50.9409 4.41058 8
    endloop
  endfacet
  facet normal 0 0 1
    outer loop
      vertex 50.9103 4.25663 8
      vertex 50.9103 3.94337 8
      vertex 50.9409 3.78942 8
    endloop
  endfacet
  facet normal 0 -0 1
    outer loop
      vertex 50.9103 3.94337 8
      vertex 50.9103 4.25663 8
      vertex 50.9 4.1 8
    endloop
  endfacet
  facet normal 0.94704 -0.321117 0
    outer loop
      vertex 53.2087 3.64078 8
      vertex 53.2591 3.78942 2
      vertex 53.2591 3.78942 8
    endloop
  endfacet
  facet normal 0.94704 -0.321117 0
    outer loop
      vertex 53.2591 3.78942 2
      vertex 53.2087 3.64078 8
      vertex 53.2087 3.64078 2
    endloop
  endfacet
  facet normal -0.94704 0.321117 0
    outer loop
      vertex 50.9409 4.41058 2
      vertex 50.9913 4.55922 8
      vertex 50.9913 4.55922 2
    endloop
  endfacet
  facet normal -0.94704 0.321117 0
    outer loop
      vertex 50.9913 4.55922 8
      vertex 50.9409 4.41058 2
      vertex 50.9409 4.41058 8
    endloop
  endfacet
  facet normal -0.751842 -0.659343 0
    outer loop
      vertex 51.2515 3.25147 2
      vertex 51.148 3.36949 8
      vertex 51.148 3.36949 2
    endloop
  endfacet
  facet normal -0.751842 -0.659343 0
    outer loop
      vertex 51.148 3.36949 8
      vertex 51.2515 3.25147 2
      vertex 51.2515 3.25147 8
    endloop
  endfacet
  facet normal 0.980813 -0.194952 0
    outer loop
      vertex 53.2591 3.78942 8
      vertex 53.2897 3.94337 2
      vertex 53.2897 3.94337 8
    endloop
  endfacet
  facet normal 0.980813 -0.194952 0
    outer loop
      vertex 53.2897 3.94337 2
      vertex 53.2591 3.78942 8
      vertex 53.2591 3.78942 2
    endloop
  endfacet
  facet normal 0.32148 0.946916 -0
    outer loop
      vertex 52.5592 5.20866 2
      vertex 52.4106 5.25911 8
      vertex 52.5592 5.20866 8
    endloop
  endfacet
  facet normal 0.32148 0.946916 0
    outer loop
      vertex 52.4106 5.25911 8
      vertex 52.5592 5.20866 2
      vertex 52.4106 5.25911 2
    endloop
  endfacet
  facet normal -0.32148 -0.946916 0
    outer loop
      vertex 51.6408 2.99134 2
      vertex 51.7894 2.94089 8
      vertex 51.6408 2.99134 8
    endloop
  endfacet
  facet normal -0.32148 -0.946916 -0
    outer loop
      vertex 51.7894 2.94089 8
      vertex 51.6408 2.99134 2
      vertex 51.7894 2.94089 2
    endloop
  endfacet
  facet normal -0.0654405 0.997856 0
    outer loop
      vertex 52.1 5.3 2
      vertex 51.9434 5.28973 8
      vertex 52.1 5.3 8
    endloop
  endfacet
  facet normal -0.0654405 0.997856 0
    outer loop
      vertex 51.9434 5.28973 8
      vertex 52.1 5.3 2
      vertex 51.9434 5.28973 2
    endloop
  endfacet
  facet normal -0.195014 0.980801 0
    outer loop
      vertex 51.9434 5.28973 2
      vertex 51.7894 5.25911 8
      vertex 51.9434 5.28973 8
    endloop
  endfacet
  facet normal -0.195014 0.980801 0
    outer loop
      vertex 51.7894 5.25911 8
      vertex 51.9434 5.28973 2
      vertex 51.7894 5.25911 2
    endloop
  endfacet
  facet normal -0.831481 -0.555553 0
    outer loop
      vertex 51.148 3.36949 2
      vertex 51.0608 3.5 8
      vertex 51.0608 3.5 2
    endloop
  endfacet
  facet normal -0.831481 -0.555553 0
    outer loop
      vertex 51.0608 3.5 8
      vertex 51.148 3.36949 2
      vertex 51.148 3.36949 8
    endloop
  endfacet
  facet normal 0.896683 -0.442673 0
    outer loop
      vertex 53.1392 3.5 8
      vertex 53.2087 3.64078 2
      vertex 53.2087 3.64078 8
    endloop
  endfacet
  facet normal 0.896683 -0.442673 0
    outer loop
      vertex 53.2087 3.64078 2
      vertex 53.1392 3.5 8
      vertex 53.1392 3.5 2
    endloop
  endfacet
  facet normal 0.195014 0.980801 -0
    outer loop
      vertex 52.4106 5.25911 2
      vertex 52.2566 5.28973 8
      vertex 52.4106 5.25911 8
    endloop
  endfacet
  facet normal 0.195014 0.980801 0
    outer loop
      vertex 52.2566 5.28973 8
      vertex 52.4106 5.25911 2
      vertex 52.2566 5.28973 2
    endloop
  endfacet
  facet normal -0.997845 0.0656183 0
    outer loop
      vertex 50.9 4.1 2
      vertex 50.9103 4.25663 8
      vertex 50.9103 4.25663 2
    endloop
  endfacet
  facet normal -0.997845 0.0656183 0
    outer loop
      vertex 50.9103 4.25663 8
      vertex 50.9 4.1 2
      vertex 50.9 4.1 8
    endloop
  endfacet
  facet normal -0.896683 0.442673 0
    outer loop
      vertex 50.9913 4.55922 2
      vertex 51.0608 4.7 8
      vertex 51.0608 4.7 2
    endloop
  endfacet
  facet normal -0.896683 0.442673 0
    outer loop
      vertex 51.0608 4.7 8
      vertex 50.9913 4.55922 2
      vertex 50.9913 4.55922 8
    endloop
  endfacet
  facet normal -0.831481 0.555553 0
    outer loop
      vertex 51.0608 4.7 2
      vertex 51.148 4.83051 8
      vertex 51.148 4.83051 2
    endloop
  endfacet
  facet normal -0.831481 0.555553 0
    outer loop
      vertex 51.148 4.83051 8
      vertex 51.0608 4.7 2
      vertex 51.0608 4.7 8
    endloop
  endfacet
  facet normal -0.65937 -0.751818 0
    outer loop
      vertex 51.2515 3.25147 2
      vertex 51.3695 3.14798 8
      vertex 51.2515 3.25147 8
    endloop
  endfacet
  facet normal -0.65937 -0.751818 -0
    outer loop
      vertex 51.3695 3.14798 8
      vertex 51.2515 3.25147 2
      vertex 51.3695 3.14798 2
    endloop
  endfacet
  facet normal 0.321498 -0.94691 0
    outer loop
      vertex 63.0353 -19.8637 0
      vertex 63.5307 -19.6955 2
      vertex 63.0353 -19.8637 2
    endloop
  endfacet
  facet normal 0.321498 -0.94691 0
    outer loop
      vertex 63.5307 -19.6955 2
      vertex 63.0353 -19.8637 0
      vertex 63.5307 -19.6955 0
    endloop
  endfacet
  facet normal 0 -1 0
    outer loop
      vertex 30 -20 0
      vertex 62 -20 2
      vertex 30 -20 2
    endloop
  endfacet
  facet normal 0 -1 -0
    outer loop
      vertex 62 -20 2
      vertex 30 -20 0
      vertex 62 -20 0
    endloop
  endfacet
  facet normal 0.195124 -0.980779 0
    outer loop
      vertex 62.5221 -19.9658 0
      vertex 63.0353 -19.8637 2
      vertex 62.5221 -19.9658 2
    endloop
  endfacet
  facet normal 0.195124 -0.980779 0
    outer loop
      vertex 63.0353 -19.8637 2
      vertex 62.5221 -19.9658 0
      vertex 63.0353 -19.8637 0
    endloop
  endfacet
  facet normal 0.831432 0.555626 0
    outer loop
      vertex 65.4641 18 2
      vertex 65.1734 18.435 0
      vertex 65.1734 18.435 2
    endloop
  endfacet
  facet normal 0.831432 0.555626 0
    outer loop
      vertex 65.1734 18.435 0
      vertex 65.4641 18 2
      vertex 65.4641 18 0
    endloop
  endfacet
  facet normal 0.0653646 -0.997861 0
    outer loop
      vertex 62 -20 0
      vertex 62.5221 -19.9658 2
      vertex 62 -20 2
    endloop
  endfacet
  facet normal 0.0653646 -0.997861 0
    outer loop
      vertex 62.5221 -19.9658 2
      vertex 62 -20 0
      vertex 62.5221 -19.9658 0
    endloop
  endfacet
  facet normal -0.896898 -0.442238 0
    outer loop
      vertex 26.5359 -18 0
      vertex 26.3045 -17.5307 2
      vertex 26.3045 -17.5307 0
    endloop
  endfacet
  facet normal -0.896898 -0.442238 0
    outer loop
      vertex 26.3045 -17.5307 2
      vertex 26.5359 -18 0
      vertex 26.5359 -18 2
    endloop
  endfacet
  facet normal -0.94691 0.321498 0
    outer loop
      vertex 26.1363 17.0353 0
      vertex 26.3045 17.5307 2
      vertex 26.3045 17.5307 0
    endloop
  endfacet
  facet normal -0.94691 0.321498 0
    outer loop
      vertex 26.3045 17.5307 2
      vertex 26.1363 17.0353 0
      vertex 26.1363 17.0353 2
    endloop
  endfacet
  facet normal 0.980779 -0.195124 0
    outer loop
      vertex 65.8637 -17.0353 2
      vertex 65.9658 -16.5221 0
      vertex 65.9658 -16.5221 2
    endloop
  endfacet
  facet normal 0.980779 -0.195124 0
    outer loop
      vertex 65.9658 -16.5221 0
      vertex 65.8637 -17.0353 2
      vertex 65.8637 -17.0353 0
    endloop
  endfacet
  facet normal -0.555626 -0.831432 0
    outer loop
      vertex 27.565 -19.1734 0
      vertex 28 -19.4641 2
      vertex 27.565 -19.1734 2
    endloop
  endfacet
  facet normal -0.555626 -0.831432 -0
    outer loop
      vertex 28 -19.4641 2
      vertex 27.565 -19.1734 0
      vertex 28 -19.4641 0
    endloop
  endfacet
  facet normal 0.195124 0.980779 -0
    outer loop
      vertex 63.0353 19.8637 0
      vertex 62.5221 19.9658 2
      vertex 63.0353 19.8637 2
    endloop
  endfacet
  facet normal 0.195124 0.980779 0
    outer loop
      vertex 62.5221 19.9658 2
      vertex 63.0353 19.8637 0
      vertex 62.5221 19.9658 0
    endloop
  endfacet
  facet normal -0.555626 0.831432 0
    outer loop
      vertex 28 19.4641 0
      vertex 27.565 19.1734 2
      vertex 28 19.4641 2
    endloop
  endfacet
  facet normal -0.555626 0.831432 0
    outer loop
      vertex 27.565 19.1734 2
      vertex 28 19.4641 0
      vertex 27.565 19.1734 0
    endloop
  endfacet
  facet normal 0.831432 -0.555626 0
    outer loop
      vertex 65.1734 -18.435 2
      vertex 65.4641 -18 0
      vertex 65.4641 -18 2
    endloop
  endfacet
  facet normal 0.831432 -0.555626 0
    outer loop
      vertex 65.4641 -18 0
      vertex 65.1734 -18.435 2
      vertex 65.1734 -18.435 0
    endloop
  endfacet
  facet normal -0.442238 -0.896898 0
    outer loop
      vertex 28 -19.4641 0
      vertex 28.4693 -19.6955 2
      vertex 28 -19.4641 2
    endloop
  endfacet
  facet normal -0.442238 -0.896898 -0
    outer loop
      vertex 28.4693 -19.6955 2
      vertex 28 -19.4641 0
      vertex 28.4693 -19.6955 0
    endloop
  endfacet
  facet normal 0.980779 0.195124 0
    outer loop
      vertex 65.9658 16.5221 2
      vertex 65.8637 17.0353 0
      vertex 65.8637 17.0353 2
    endloop
  endfacet
  facet normal 0.980779 0.195124 0
    outer loop
      vertex 65.8637 17.0353 0
      vertex 65.9658 16.5221 2
      vertex 65.9658 16.5221 0
    endloop
  endfacet
  facet normal 1 -0 0
    outer loop
      vertex 66 -16 2
      vertex 66 16 0
      vertex 66 16 2
    endloop
  endfacet
  facet normal 1 0 0
    outer loop
      vertex 66 16 0
      vertex 66 -16 2
      vertex 66 -16 0
    endloop
  endfacet
  facet normal -0.997861 -0.0653646 0
    outer loop
      vertex 26.0342 -16.5221 0
      vertex 26 -16 2
      vertex 26 -16 0
    endloop
  endfacet
  facet normal -0.997861 -0.0653646 0
    outer loop
      vertex 26 -16 2
      vertex 26.0342 -16.5221 0
      vertex 26.0342 -16.5221 2
    endloop
  endfacet
  facet normal -1 0 0
    outer loop
      vertex 26 -16 0
      vertex 26 16 2
      vertex 26 16 0
    endloop
  endfacet
  facet normal -1 -0 0
    outer loop
      vertex 26 16 2
      vertex 26 -16 0
      vertex 26 -16 2
    endloop
  endfacet
  facet normal 0.442238 0.896898 -0
    outer loop
      vertex 64 19.4641 0
      vertex 63.5307 19.6955 2
      vertex 64 19.4641 2
    endloop
  endfacet
  facet normal 0.442238 0.896898 0
    outer loop
      vertex 63.5307 19.6955 2
      vertex 64 19.4641 0
      vertex 63.5307 19.6955 0
    endloop
  endfacet
  facet normal -0.0653646 0.997861 0
    outer loop
      vertex 30 20 0
      vertex 29.4779 19.9658 2
      vertex 30 20 2
    endloop
  endfacet
  facet normal -0.0653646 0.997861 0
    outer loop
      vertex 29.4779 19.9658 2
      vertex 30 20 0
      vertex 29.4779 19.9658 0
    endloop
  endfacet
  facet normal 0.94691 0.321498 0
    outer loop
      vertex 65.8637 17.0353 2
      vertex 65.6955 17.5307 0
      vertex 65.6955 17.5307 2
    endloop
  endfacet
  facet normal 0.94691 0.321498 0
    outer loop
      vertex 65.6955 17.5307 0
      vertex 65.8637 17.0353 2
      vertex 65.8637 17.0353 0
    endloop
  endfacet
  facet normal -0.0653646 -0.997861 0
    outer loop
      vertex 29.4779 -19.9658 0
      vertex 30 -20 2
      vertex 29.4779 -19.9658 2
    endloop
  endfacet
  facet normal -0.0653646 -0.997861 -0
    outer loop
      vertex 30 -20 2
      vertex 29.4779 -19.9658 0
      vertex 30 -20 0
    endloop
  endfacet
  facet normal 0.321498 0.94691 -0
    outer loop
      vertex 63.5307 19.6955 0
      vertex 63.0353 19.8637 2
      vertex 63.5307 19.6955 2
    endloop
  endfacet
  facet normal 0.321498 0.94691 0
    outer loop
      vertex 63.0353 19.8637 2
      vertex 63.5307 19.6955 0
      vertex 63.0353 19.8637 0
    endloop
  endfacet
  facet normal -0.442238 0.896898 0
    outer loop
      vertex 28.4693 19.6955 0
      vertex 28 19.4641 2
      vertex 28.4693 19.6955 2
    endloop
  endfacet
  facet normal -0.442238 0.896898 0
    outer loop
      vertex 28 19.4641 2
      vertex 28.4693 19.6955 0
      vertex 28 19.4641 0
    endloop
  endfacet
  facet normal -0.751842 -0.659343 0
    outer loop
      vertex 27.1716 -18.8284 0
      vertex 26.8266 -18.435 2
      vertex 26.8266 -18.435 0
    endloop
  endfacet
  facet normal -0.751842 -0.659343 0
    outer loop
      vertex 26.8266 -18.435 2
      vertex 27.1716 -18.8284 0
      vertex 27.1716 -18.8284 2
    endloop
  endfacet
  facet normal 0 1 -0
    outer loop
      vertex 62 20 0
      vertex 30 20 2
      vertex 62 20 2
    endloop
  endfacet
  facet normal 0 1 0
    outer loop
      vertex 30 20 2
      vertex 62 20 0
      vertex 30 20 0
    endloop
  endfacet
  facet normal 0.896898 -0.442238 0
    outer loop
      vertex 65.4641 -18 2
      vertex 65.6955 -17.5307 0
      vertex 65.6955 -17.5307 2
    endloop
  endfacet
  facet normal 0.896898 -0.442238 0
    outer loop
      vertex 65.6955 -17.5307 0
      vertex 65.4641 -18 2
      vertex 65.4641 -18 0
    endloop
  endfacet
  facet normal -0.997861 0.0653646 0
    outer loop
      vertex 26 16 0
      vertex 26.0342 16.5221 2
      vertex 26.0342 16.5221 0
    endloop
  endfacet
  facet normal -0.997861 0.0653646 0
    outer loop
      vertex 26.0342 16.5221 2
      vertex 26 16 0
      vertex 26 16 2
    endloop
  endfacet
  facet normal -0.980779 0.195124 0
    outer loop
      vertex 26.0342 16.5221 0
      vertex 26.1363 17.0353 2
      vertex 26.1363 17.0353 0
    endloop
  endfacet
  facet normal -0.980779 0.195124 0
    outer loop
      vertex 26.1363 17.0353 2
      vertex 26.0342 16.5221 0
      vertex 26.0342 16.5221 2
    endloop
  endfacet
  facet normal -0.831432 -0.555626 0
    outer loop
      vertex 26.8266 -18.435 0
      vertex 26.5359 -18 2
      vertex 26.5359 -18 0
    endloop
  endfacet
  facet normal -0.831432 -0.555626 0
    outer loop
      vertex 26.5359 -18 2
      vertex 26.8266 -18.435 0
      vertex 26.8266 -18.435 2
    endloop
  endfacet
  facet normal -0.195124 -0.980779 0
    outer loop
      vertex 28.9647 -19.8637 0
      vertex 29.4779 -19.9658 2
      vertex 28.9647 -19.8637 2
    endloop
  endfacet
  facet normal -0.195124 -0.980779 -0
    outer loop
      vertex 29.4779 -19.9658 2
      vertex 28.9647 -19.8637 0
      vertex 29.4779 -19.9658 0
    endloop
  endfacet
  facet normal -0.659343 0.751842 0
    outer loop
      vertex 27.565 19.1734 0
      vertex 27.1716 18.8284 2
      vertex 27.565 19.1734 2
    endloop
  endfacet
  facet normal -0.659343 0.751842 0
    outer loop
      vertex 27.1716 18.8284 2
      vertex 27.565 19.1734 0
      vertex 27.1716 18.8284 0
    endloop
  endfacet
  facet normal -0.751842 0.659343 0
    outer loop
      vertex 26.8266 18.435 0
      vertex 27.1716 18.8284 2
      vertex 27.1716 18.8284 0
    endloop
  endfacet
  facet normal -0.751842 0.659343 0
    outer loop
      vertex 27.1716 18.8284 2
      vertex 26.8266 18.435 0
      vertex 26.8266 18.435 2
    endloop
  endfacet
  facet normal -0.195124 0.980779 0
    outer loop
      vertex 29.4779 19.9658 0
      vertex 28.9647 19.8637 2
      vertex 29.4779 19.9658 2
    endloop
  endfacet
  facet normal -0.195124 0.980779 0
    outer loop
      vertex 28.9647 19.8637 2
      vertex 29.4779 19.9658 0
      vertex 28.9647 19.8637 0
    endloop
  endfacet
  facet normal -0.321498 0.94691 0
    outer loop
      vertex 28.9647 19.8637 0
      vertex 28.4693 19.6955 2
      vertex 28.9647 19.8637 2
    endloop
  endfacet
  facet normal -0.321498 0.94691 0
    outer loop
      vertex 28.4693 19.6955 2
      vertex 28.9647 19.8637 0
      vertex 28.4693 19.6955 0
    endloop
  endfacet
  facet normal 0.997861 0.0653646 0
    outer loop
      vertex 66 16 2
      vertex 65.9658 16.5221 0
      vertex 65.9658 16.5221 2
    endloop
  endfacet
  facet normal 0.997861 0.0653646 0
    outer loop
      vertex 65.9658 16.5221 0
      vertex 66 16 2
      vertex 66 16 0
    endloop
  endfacet
  facet normal -0.831432 0.555626 0
    outer loop
      vertex 26.5359 18 0
      vertex 26.8266 18.435 2
      vertex 26.8266 18.435 0
    endloop
  endfacet
  facet normal -0.831432 0.555626 0
    outer loop
      vertex 26.8266 18.435 2
      vertex 26.5359 18 0
      vertex 26.5359 18 2
    endloop
  endfacet
  facet normal -0.659343 -0.751842 0
    outer loop
      vertex 27.1716 -18.8284 0
      vertex 27.565 -19.1734 2
      vertex 27.1716 -18.8284 2
    endloop
  endfacet
  facet normal -0.659343 -0.751842 -0
    outer loop
      vertex 27.565 -19.1734 2
      vertex 27.1716 -18.8284 0
      vertex 27.565 -19.1734 0
    endloop
  endfacet
  facet normal -0.980779 -0.195124 0
    outer loop
      vertex 26.1363 -17.0353 0
      vertex 26.0342 -16.5221 2
      vertex 26.0342 -16.5221 0
    endloop
  endfacet
  facet normal -0.980779 -0.195124 0
    outer loop
      vertex 26.0342 -16.5221 2
      vertex 26.1363 -17.0353 0
      vertex 26.1363 -17.0353 2
    endloop
  endfacet
  facet normal 0.94691 -0.321498 0
    outer loop
      vertex 65.6955 -17.5307 2
      vertex 65.8637 -17.0353 0
      vertex 65.8637 -17.0353 2
    endloop
  endfacet
  facet normal 0.94691 -0.321498 0
    outer loop
      vertex 65.8637 -17.0353 0
      vertex 65.6955 -17.5307 2
      vertex 65.6955 -17.5307 0
    endloop
  endfacet
  facet normal 0.555626 0.831432 -0
    outer loop
      vertex 64.435 19.1734 0
      vertex 64 19.4641 2
      vertex 64.435 19.1734 2
    endloop
  endfacet
  facet normal 0.555626 0.831432 0
    outer loop
      vertex 64 19.4641 2
      vertex 64.435 19.1734 0
      vertex 64 19.4641 0
    endloop
  endfacet
  facet normal -0.321498 -0.94691 0
    outer loop
      vertex 28.4693 -19.6955 0
      vertex 28.9647 -19.8637 2
      vertex 28.4693 -19.6955 2
    endloop
  endfacet
  facet normal -0.321498 -0.94691 -0
    outer loop
      vertex 28.9647 -19.8637 2
      vertex 28.4693 -19.6955 0
      vertex 28.9647 -19.8637 0
    endloop
  endfacet
  facet normal -0.896898 0.442238 0
    outer loop
      vertex 26.3045 17.5307 0
      vertex 26.5359 18 2
      vertex 26.5359 18 0
    endloop
  endfacet
  facet normal -0.896898 0.442238 0
    outer loop
      vertex 26.5359 18 2
      vertex 26.3045 17.5307 0
      vertex 26.3045 17.5307 2
    endloop
  endfacet
  facet normal 0.751842 0.659343 0
    outer loop
      vertex 65.1734 18.435 2
      vertex 64.8284 18.8284 0
      vertex 64.8284 18.8284 2
    endloop
  endfacet
  facet normal 0.751842 0.659343 0
    outer loop
      vertex 64.8284 18.8284 0
      vertex 65.1734 18.435 2
      vertex 65.1734 18.435 0
    endloop
  endfacet
  facet normal 0 0 -1
    outer loop
      vertex 59.8235 -14.9797 0
      vertex 32.1765 -14.9797 0
      vertex 59.9466 -14.7299 0
    endloop
  endfacet
  facet normal 0 0 -1
    outer loop
      vertex 60.2867 14.2867 0
      vertex 32.34 15.7985 0
      vertex 32.3401 15.8 0
    endloop
  endfacet
  facet normal 0 0 -1
    outer loop
      vertex 32.0534 -14.7299 0
      vertex 59.9466 -14.7299 0
      vertex 32.1765 -14.9797 0
    endloop
  endfacet
  facet normal 0 0 -1
    outer loop
      vertex 60.2867 14.2867 0
      vertex 32.3218 15.5207 0
      vertex 32.34 15.7985 0
    endloop
  endfacet
  facet normal 0 0 -1
    outer loop
      vertex 59.9466 -14.7299 0
      vertex 32.0534 -14.7299 0
      vertex 60.1013 -14.4984 0
    endloop
  endfacet
  facet normal 0 0 -1
    outer loop
      vertex 60.2867 14.2867 0
      vertex 32.2675 15.2476 0
      vertex 32.3218 15.5207 0
    endloop
  endfacet
  facet normal -0 0 -1
    outer loop
      vertex 60.1013 -14.4984 0
      vertex 32.0534 -14.7299 0
      vertex 60.1021 -14.4972 0
    endloop
  endfacet
  facet normal 0 0 -1
    outer loop
      vertex 60.2867 14.2867 0
      vertex 32.2672 15.2461 0
      vertex 32.2675 15.2476 0
    endloop
  endfacet
  facet normal 0 0 -1
    outer loop
      vertex 31.8987 -14.4984 0
      vertex 60.1021 -14.4972 0
      vertex 32.0534 -14.7299 0
    endloop
  endfacet
  facet normal 0 0 -1
    outer loop
      vertex 60.2867 14.2867 0
      vertex 32.1777 14.9824 0
      vertex 32.2672 15.2461 0
    endloop
  endfacet
  facet normal 0 0 -1
    outer loop
      vertex 31.8979 -14.4972 0
      vertex 60.1021 -14.4972 0
      vertex 31.8987 -14.4984 0
    endloop
  endfacet
  facet normal 0 0 -1
    outer loop
      vertex 60.2867 14.2867 0
      vertex 32.1772 14.981 0
      vertex 32.1777 14.9824 0
    endloop
  endfacet
  facet normal 0 0 -1
    outer loop
      vertex 60.1021 -14.4972 0
      vertex 31.8979 -14.4972 0
      vertex 60.1031 -14.4961 0
    endloop
  endfacet
  facet normal 0 0 -1
    outer loop
      vertex 60.2867 14.2867 0
      vertex 32.1765 14.9797 0
      vertex 32.1772 14.981 0
    endloop
  endfacet
  facet normal -0 0 -1
    outer loop
      vertex 60.1031 -14.4961 0
      vertex 31.8979 -14.4972 0
      vertex 60.2867 -14.2867 0
    endloop
  endfacet
  facet normal 0 0 -1
    outer loop
      vertex 60.2867 14.2867 0
      vertex 32.0534 14.7299 0
      vertex 32.1765 14.9797 0
    endloop
  endfacet
  facet normal 0 0 -1
    outer loop
      vertex 31.8969 -14.4961 0
      vertex 60.2867 -14.2867 0
      vertex 31.8979 -14.4972 0
    endloop
  endfacet
  facet normal 0 0 -1
    outer loop
      vertex 60.2867 14.2867 0
      vertex 31.8987 14.4984 0
      vertex 32.0534 14.7299 0
    endloop
  endfacet
  facet normal 0 0 -1
    outer loop
      vertex 31.7133 -14.2867 0
      vertex 60.2867 -14.2867 0
      vertex 31.8969 -14.4961 0
    endloop
  endfacet
  facet normal 0 0 -1
    outer loop
      vertex 60.2867 14.2867 0
      vertex 31.8979 14.4972 0
      vertex 31.8987 14.4984 0
    endloop
  endfacet
  facet normal 0 0 -1
    outer loop
      vertex 60.2867 -14.2867 0
      vertex 31.7133 -14.2867 0
      vertex 60.2867 14.2867 0
    endloop
  endfacet
  facet normal 0 0 -1
    outer loop
      vertex 60.2867 14.2867 0
      vertex 31.8969 14.4961 0
      vertex 31.8979 14.4972 0
    endloop
  endfacet
  facet normal 0 0 -1
    outer loop
      vertex 31.7133 14.2867 0
      vertex 60.2867 14.2867 0
      vertex 31.7133 -14.2867 0
    endloop
  endfacet
  facet normal 0 0 -1
    outer loop
      vertex 60.2867 14.2867 0
      vertex 31.7133 14.2867 0
      vertex 31.8969 14.4961 0
    endloop
  endfacet
  facet normal 0 0 -1
    outer loop
      vertex 31.5039 -14.1031 0
      vertex 31.7133 14.2867 0
      vertex 31.7133 -14.2867 0
    endloop
  endfacet
  facet normal 0 0 -1
    outer loop
      vertex 31.5039 -14.1031 0
      vertex 31.5039 14.1031 0
      vertex 31.7133 14.2867 0
    endloop
  endfacet
  facet normal 0 0 -1
    outer loop
      vertex 31.5028 -14.1021 0
      vertex 31.5039 14.1031 0
      vertex 31.5039 -14.1031 0
    endloop
  endfacet
  facet normal 0 0 -1
    outer loop
      vertex 31.5028 -14.1021 0
      vertex 31.5028 14.1021 0
      vertex 31.5039 14.1031 0
    endloop
  endfacet
  facet normal 0 0 -1
    outer loop
      vertex 31.5016 -14.1013 0
      vertex 31.5028 14.1021 0
      vertex 31.5028 -14.1021 0
    endloop
  endfacet
  facet normal 0 0 -1
    outer loop
      vertex 31.5016 -14.1013 0
      vertex 31.5016 14.1013 0
      vertex 31.5028 14.1021 0
    endloop
  endfacet
  facet normal 0 0 -1
    outer loop
      vertex 31.2701 -13.9466 0
      vertex 31.5016 14.1013 0
      vertex 31.5016 -14.1013 0
    endloop
  endfacet
  facet normal 0 0 -1
    outer loop
      vertex 31.2701 -13.9466 0
      vertex 31.2701 13.9466 0
      vertex 31.5016 14.1013 0
    endloop
  endfacet
  facet normal 0 0 -1
    outer loop
      vertex 31.0203 -13.8235 0
      vertex 31.2701 13.9466 0
      vertex 31.2701 -13.9466 0
    endloop
  endfacet
  facet normal 0 0 -1
    outer loop
      vertex 31.0203 -13.8235 0
      vertex 31.0203 13.8235 0
      vertex 31.2701 13.9466 0
    endloop
  endfacet
  facet normal 0 0 -1
    outer loop
      vertex 31.019 -13.8228 0
      vertex 31.0203 13.8235 0
      vertex 31.0203 -13.8235 0
    endloop
  endfacet
  facet normal 0 0 -1
    outer loop
      vertex 31.019 -13.8228 0
      vertex 31.019 13.8228 0
      vertex 31.0203 13.8235 0
    endloop
  endfacet
  facet normal 0 0 -1
    outer loop
      vertex 31.0176 -13.8223 0
      vertex 31.019 13.8228 0
      vertex 31.019 -13.8228 0
    endloop
  endfacet
  facet normal 0 0 -1
    outer loop
      vertex 31.0176 -13.8223 0
      vertex 31.0176 13.8223 0
      vertex 31.019 13.8228 0
    endloop
  endfacet
  facet normal 0 0 -1
    outer loop
      vertex 30.7539 -13.7328 0
      vertex 31.0176 13.8223 0
      vertex 31.0176 -13.8223 0
    endloop
  endfacet
  facet normal 0 0 -1
    outer loop
      vertex 30.7539 -13.7328 0
      vertex 30.7539 13.7328 0
      vertex 31.0176 13.8223 0
    endloop
  endfacet
  facet normal 0 0 -1
    outer loop
      vertex 30.7524 -13.7325 0
      vertex 30.7539 13.7328 0
      vertex 30.7539 -13.7328 0
    endloop
  endfacet
  facet normal 0 0 -1
    outer loop
      vertex 30.7524 -13.7325 0
      vertex 30.7524 13.7325 0
      vertex 30.7539 13.7328 0
    endloop
  endfacet
  facet normal 0 0 -1
    outer loop
      vertex 30.4793 -13.6782 0
      vertex 30.7524 13.7325 0
      vertex 30.7524 -13.7325 0
    endloop
  endfacet
  facet normal 0 0 -1
    outer loop
      vertex 30.4793 -13.6782 0
      vertex 30.4793 13.6782 0
      vertex 30.7524 13.7325 0
    endloop
  endfacet
  facet normal 0 0 -1
    outer loop
      vertex 30.2015 -13.66 0
      vertex 30.4793 13.6782 0
      vertex 30.4793 -13.6782 0
    endloop
  endfacet
  facet normal 0 0 -1
    outer loop
      vertex 30.2015 -13.66 0
      vertex 30.2015 13.66 0
      vertex 30.4793 13.6782 0
    endloop
  endfacet
  facet normal 0 0 -1
    outer loop
      vertex 30.2 -13.6599 0
      vertex 30.2015 13.66 0
      vertex 30.2015 -13.66 0
    endloop
  endfacet
  facet normal 0 0 -1
    outer loop
      vertex 30.2 -13.6599 0
      vertex 30.2 13.6599 0
      vertex 30.2015 13.66 0
    endloop
  endfacet
  facet normal 0 0 -1
    outer loop
      vertex 30.1985 -13.66 0
      vertex 30.2 13.6599 0
      vertex 30.2 -13.6599 0
    endloop
  endfacet
  facet normal 0 0 -1
    outer loop
      vertex 30.1985 -13.66 0
      vertex 30.1985 13.66 0
      vertex 30.2 13.6599 0
    endloop
  endfacet
  facet normal 0 0 -1
    outer loop
      vertex 29.9207 -13.6782 0
      vertex 30.1985 13.66 0
      vertex 30.1985 -13.66 0
    endloop
  endfacet
  facet normal 0 0 -1
    outer loop
      vertex 29.9207 -13.6782 0
      vertex 29.9207 13.6782 0
      vertex 30.1985 13.66 0
    endloop
  endfacet
  facet normal 0 0 -1
    outer loop
      vertex 29.6476 -13.7325 0
      vertex 29.9207 13.6782 0
      vertex 29.9207 -13.6782 0
    endloop
  endfacet
  facet normal 0 0 -1
    outer loop
      vertex 29.6476 -13.7325 0
      vertex 29.6476 13.7325 0
      vertex 29.9207 13.6782 0
    endloop
  endfacet
  facet normal 0 0 -1
    outer loop
      vertex 29.6461 -13.7328 0
      vertex 29.6476 13.7325 0
      vertex 29.6476 -13.7325 0
    endloop
  endfacet
  facet normal 0 0 -1
    outer loop
      vertex 29.6461 -13.7328 0
      vertex 29.6461 13.7328 0
      vertex 29.6476 13.7325 0
    endloop
  endfacet
  facet normal 0 0 -1
    outer loop
      vertex 29.3824 -13.8223 0
      vertex 29.6461 13.7328 0
      vertex 29.6461 -13.7328 0
    endloop
  endfacet
  facet normal 0 0 -1
    outer loop
      vertex 29.3824 -13.8223 0
      vertex 29.3824 13.8223 0
      vertex 29.6461 13.7328 0
    endloop
  endfacet
  facet normal 0 0 -1
    outer loop
      vertex 29.381 -13.8228 0
      vertex 29.3824 13.8223 0
      vertex 29.3824 -13.8223 0
    endloop
  endfacet
  facet normal 0 0 -1
    outer loop
      vertex 29.381 -13.8228 0
      vertex 29.381 13.8228 0
      vertex 29.3824 13.8223 0
    endloop
  endfacet
  facet normal 0 0 -1
    outer loop
      vertex 29.3797 -13.8235 0
      vertex 29.381 13.8228 0
      vertex 29.381 -13.8228 0
    endloop
  endfacet
  facet normal 0 0 -1
    outer loop
      vertex 29.3797 -13.8235 0
      vertex 29.3797 13.8235 0
      vertex 29.381 13.8228 0
    endloop
  endfacet
  facet normal 0 0 -1
    outer loop
      vertex 29.1299 -13.9466 0
      vertex 29.3797 13.8235 0
      vertex 29.3797 -13.8235 0
    endloop
  endfacet
  facet normal 0 0 -1
    outer loop
      vertex 29.1299 -13.9466 0
      vertex 29.1299 13.9466 0
      vertex 29.3797 13.8235 0
    endloop
  endfacet
  facet normal 0 0 -1
    outer loop
      vertex 28.8984 -14.1013 0
      vertex 29.1299 13.9466 0
      vertex 29.1299 -13.9466 0
    endloop
  endfacet
  facet normal 0 0 -1
    outer loop
      vertex 28.8984 -14.1013 0
      vertex 28.8984 14.1013 0
      vertex 29.1299 13.9466 0
    endloop
  endfacet
  facet normal 0 0 -1
    outer loop
      vertex 28.8972 -14.1021 0
      vertex 28.8984 14.1013 0
      vertex 28.8984 -14.1013 0
    endloop
  endfacet
  facet normal 0 0 -1
    outer loop
      vertex 28.8972 -14.1021 0
      vertex 28.8972 14.1021 0
      vertex 28.8984 14.1013 0
    endloop
  endfacet
  facet normal 0 0 -1
    outer loop
      vertex 26 -16 0
      vertex 28.8972 -14.1021 0
      vertex 28.8961 -14.1031 0
    endloop
  endfacet
  facet normal -0 0 -1
    outer loop
      vertex 28.8972 -14.1021 0
      vertex 26 -16 0
      vertex 28.8972 14.1021 0
    endloop
  endfacet
  facet normal 0 0 -1
    outer loop
      vertex 26 -16 0
      vertex 28.8961 -14.1031 0
      vertex 28.6867 -14.2867 0
    endloop
  endfacet
  facet normal 0 0 -1
    outer loop
      vertex 26 16 0
      vertex 28.8972 14.1021 0
      vertex 26 -16 0
    endloop
  endfacet
  facet normal 0 0 -1
    outer loop
      vertex 26 -16 0
      vertex 28.6867 -14.2867 0
      vertex 28.5031 -14.4961 0
    endloop
  endfacet
  facet normal 0 0 -1
    outer loop
      vertex 28.8972 14.1021 0
      vertex 26 16 0
      vertex 28.8961 14.1031 0
    endloop
  endfacet
  facet normal 0 0 -1
    outer loop
      vertex 26 -16 0
      vertex 28.5031 -14.4961 0
      vertex 28.5021 -14.4972 0
    endloop
  endfacet
  facet normal 0 0 -1
    outer loop
      vertex 28.8961 14.1031 0
      vertex 26 16 0
      vertex 28.6867 14.2867 0
    endloop
  endfacet
  facet normal 0 0 -1
    outer loop
      vertex 26 -16 0
      vertex 28.5021 -14.4972 0
      vertex 28.5013 -14.4984 0
    endloop
  endfacet
  facet normal 0 0 -1
    outer loop
      vertex 28.6867 14.2867 0
      vertex 26 16 0
      vertex 28.5031 14.4961 0
    endloop
  endfacet
  facet normal 0 0 -1
    outer loop
      vertex 26 -16 0
      vertex 28.5013 -14.4984 0
      vertex 28.3466 -14.7299 0
    endloop
  endfacet
  facet normal 0 0 -1
    outer loop
      vertex 28.5031 14.4961 0
      vertex 26 16 0
      vertex 28.5021 14.4972 0
    endloop
  endfacet
  facet normal 0 0 -1
    outer loop
      vertex 26 -16 0
      vertex 28.3466 -14.7299 0
      vertex 28.2235 -14.9797 0
    endloop
  endfacet
  facet normal 0 0 -1
    outer loop
      vertex 28.5021 14.4972 0
      vertex 26 16 0
      vertex 28.5013 14.4984 0
    endloop
  endfacet
  facet normal 0 0 -1
    outer loop
      vertex 26 -16 0
      vertex 28.2235 -14.9797 0
      vertex 28.2228 -14.981 0
    endloop
  endfacet
  facet normal 0 0 -1
    outer loop
      vertex 28.5013 14.4984 0
      vertex 26 16 0
      vertex 28.3466 14.7299 0
    endloop
  endfacet
  facet normal 0 0 -1
    outer loop
      vertex 26 -16 0
      vertex 28.2228 -14.981 0
      vertex 28.2223 -14.9824 0
    endloop
  endfacet
  facet normal 0 0 -1
    outer loop
      vertex 28.3466 14.7299 0
      vertex 26 16 0
      vertex 28.2235 14.9797 0
    endloop
  endfacet
  facet normal 0 0 -1
    outer loop
      vertex 26 -16 0
      vertex 28.2223 -14.9824 0
      vertex 28.1328 -15.2461 0
    endloop
  endfacet
  facet normal 0 0 -1
    outer loop
      vertex 28.2235 14.9797 0
      vertex 26 16 0
      vertex 28.2228 14.981 0
    endloop
  endfacet
  facet normal 0 0 -1
    outer loop
      vertex 26 -16 0
      vertex 28.1328 -15.2461 0
      vertex 28.1325 -15.2476 0
    endloop
  endfacet
  facet normal 0 0 -1
    outer loop
      vertex 28.2228 14.981 0
      vertex 26 16 0
      vertex 28.2223 14.9824 0
    endloop
  endfacet
  facet normal 0 0 -1
    outer loop
      vertex 26 -16 0
      vertex 28.1325 -15.2476 0
      vertex 28.0782 -15.5207 0
    endloop
  endfacet
  facet normal 0 0 -1
    outer loop
      vertex 28.2223 14.9824 0
      vertex 26 16 0
      vertex 28.1328 15.2461 0
    endloop
  endfacet
  facet normal 0 0 -1
    outer loop
      vertex 26 -16 0
      vertex 28.0782 -15.5207 0
      vertex 28.06 -15.7985 0
    endloop
  endfacet
  facet normal 0 0 -1
    outer loop
      vertex 28.1328 15.2461 0
      vertex 26 16 0
      vertex 28.1325 15.2476 0
    endloop
  endfacet
  facet normal 0 0 -1
    outer loop
      vertex 26 -16 0
      vertex 28.06 -15.7985 0
      vertex 28.0599 -15.8 0
    endloop
  endfacet
  facet normal 0 0 -1
    outer loop
      vertex 28.1325 15.2476 0
      vertex 26 16 0
      vertex 28.0782 15.5207 0
    endloop
  endfacet
  facet normal 0 0 -1
    outer loop
      vertex 63.8675 -15.2476 0
      vertex 66 -16 0
      vertex 63.9218 -15.5207 0
    endloop
  endfacet
  facet normal 0 0 -1
    outer loop
      vertex 66 16 0
      vertex 63.94 15.7985 0
      vertex 63.9401 15.8 0
    endloop
  endfacet
  facet normal 0 0 -1
    outer loop
      vertex 63.8672 -15.2461 0
      vertex 66 -16 0
      vertex 63.8675 -15.2476 0
    endloop
  endfacet
  facet normal 0 0 -1
    outer loop
      vertex 66 16 0
      vertex 63.9218 15.5207 0
      vertex 63.94 15.7985 0
    endloop
  endfacet
  facet normal 0 0 -1
    outer loop
      vertex 63.7777 -14.9824 0
      vertex 66 -16 0
      vertex 63.8672 -15.2461 0
    endloop
  endfacet
  facet normal 0 0 -1
    outer loop
      vertex 66 16 0
      vertex 63.8675 15.2476 0
      vertex 63.9218 15.5207 0
    endloop
  endfacet
  facet normal 0 0 -1
    outer loop
      vertex 63.7772 -14.981 0
      vertex 66 -16 0
      vertex 63.7777 -14.9824 0
    endloop
  endfacet
  facet normal 0 0 -1
    outer loop
      vertex 66 16 0
      vertex 63.8672 15.2461 0
      vertex 63.8675 15.2476 0
    endloop
  endfacet
  facet normal 0 0 -1
    outer loop
      vertex 63.7765 -14.9797 0
      vertex 66 -16 0
      vertex 63.7772 -14.981 0
    endloop
  endfacet
  facet normal 0 0 -1
    outer loop
      vertex 66 16 0
      vertex 63.7777 14.9824 0
      vertex 63.8672 15.2461 0
    endloop
  endfacet
  facet normal 0 0 -1
    outer loop
      vertex 63.6534 -14.7299 0
      vertex 66 -16 0
      vertex 63.7765 -14.9797 0
    endloop
  endfacet
  facet normal 0 0 -1
    outer loop
      vertex 66 16 0
      vertex 63.7772 14.981 0
      vertex 63.7777 14.9824 0
    endloop
  endfacet
  facet normal 0 0 -1
    outer loop
      vertex 63.4987 -14.4984 0
      vertex 66 -16 0
      vertex 63.6534 -14.7299 0
    endloop
  endfacet
  facet normal 0 0 -1
    outer loop
      vertex 66 16 0
      vertex 63.7765 14.9797 0
      vertex 63.7772 14.981 0
    endloop
  endfacet
  facet normal 0 0 -1
    outer loop
      vertex 63.4979 -14.4972 0
      vertex 66 -16 0
      vertex 63.4987 -14.4984 0
    endloop
  endfacet
  facet normal 0 0 -1
    outer loop
      vertex 66 16 0
      vertex 63.6534 14.7299 0
      vertex 63.7765 14.9797 0
    endloop
  endfacet
  facet normal 0 0 -1
    outer loop
      vertex 63.4969 -14.4961 0
      vertex 66 -16 0
      vertex 63.4979 -14.4972 0
    endloop
  endfacet
  facet normal 0 0 -1
    outer loop
      vertex 66 16 0
      vertex 63.4987 14.4984 0
      vertex 63.6534 14.7299 0
    endloop
  endfacet
  facet normal 0 0 -1
    outer loop
      vertex 63.3133 -14.2867 0
      vertex 66 -16 0
      vertex 63.4969 -14.4961 0
    endloop
  endfacet
  facet normal 0 0 -1
    outer loop
      vertex 66 16 0
      vertex 63.4979 14.4972 0
      vertex 63.4987 14.4984 0
    endloop
  endfacet
  facet normal 0 0 -1
    outer loop
      vertex 63.1039 -14.1031 0
      vertex 66 -16 0
      vertex 63.3133 -14.2867 0
    endloop
  endfacet
  facet normal 0 0 -1
    outer loop
      vertex 66 16 0
      vertex 63.4969 14.4961 0
      vertex 63.4979 14.4972 0
    endloop
  endfacet
  facet normal 0 0 -1
    outer loop
      vertex 63.1028 -14.1021 0
      vertex 66 -16 0
      vertex 63.1039 -14.1031 0
    endloop
  endfacet
  facet normal 0 0 -1
    outer loop
      vertex 66 16 0
      vertex 63.3133 14.2867 0
      vertex 63.4969 14.4961 0
    endloop
  endfacet
  facet normal 0 0 -1
    outer loop
      vertex 66 -16 0
      vertex 63.1028 -14.1021 0
      vertex 66 16 0
    endloop
  endfacet
  facet normal 0 0 -1
    outer loop
      vertex 66 16 0
      vertex 63.1039 14.1031 0
      vertex 63.3133 14.2867 0
    endloop
  endfacet
  facet normal 0 0 -1
    outer loop
      vertex 63.1028 14.1021 0
      vertex 66 16 0
      vertex 63.1028 -14.1021 0
    endloop
  endfacet
  facet normal 0 0 -1
    outer loop
      vertex 66 16 0
      vertex 63.1028 14.1021 0
      vertex 63.1039 14.1031 0
    endloop
  endfacet
  facet normal 0 0 -1
    outer loop
      vertex 63.1016 -14.1013 0
      vertex 63.1028 14.1021 0
      vertex 63.1028 -14.1021 0
    endloop
  endfacet
  facet normal 0 0 -1
    outer loop
      vertex 63.1016 -14.1013 0
      vertex 63.1016 14.1013 0
      vertex 63.1028 14.1021 0
    endloop
  endfacet
  facet normal 0 0 -1
    outer loop
      vertex 62.87 -13.9466 0
      vertex 63.1016 14.1013 0
      vertex 63.1016 -14.1013 0
    endloop
  endfacet
  facet normal 0 0 -1
    outer loop
      vertex 62.87 -13.9466 0
      vertex 62.87 13.9466 0
      vertex 63.1016 14.1013 0
    endloop
  endfacet
  facet normal 0 0 -1
    outer loop
      vertex 62.6203 -13.8235 0
      vertex 62.87 13.9466 0
      vertex 62.87 -13.9466 0
    endloop
  endfacet
  facet normal 0 0 -1
    outer loop
      vertex 62.6203 -13.8235 0
      vertex 62.6203 13.8235 0
      vertex 62.87 13.9466 0
    endloop
  endfacet
  facet normal 0 0 -1
    outer loop
      vertex 62.619 -13.8228 0
      vertex 62.6203 13.8235 0
      vertex 62.6203 -13.8235 0
    endloop
  endfacet
  facet normal 0 0 -1
    outer loop
      vertex 62.619 -13.8228 0
      vertex 62.619 13.8228 0
      vertex 62.6203 13.8235 0
    endloop
  endfacet
  facet normal 0 0 -1
    outer loop
      vertex 62.6176 -13.8223 0
      vertex 62.619 13.8228 0
      vertex 62.619 -13.8228 0
    endloop
  endfacet
  facet normal 0 0 -1
    outer loop
      vertex 62.6176 -13.8223 0
      vertex 62.6176 13.8223 0
      vertex 62.619 13.8228 0
    endloop
  endfacet
  facet normal 0 0 -1
    outer loop
      vertex 62.3539 -13.7328 0
      vertex 62.6176 13.8223 0
      vertex 62.6176 -13.8223 0
    endloop
  endfacet
  facet normal 0 0 -1
    outer loop
      vertex 62.3539 -13.7328 0
      vertex 62.3539 13.7328 0
      vertex 62.6176 13.8223 0
    endloop
  endfacet
  facet normal 0 0 -1
    outer loop
      vertex 62.3524 -13.7325 0
      vertex 62.3539 13.7328 0
      vertex 62.3539 -13.7328 0
    endloop
  endfacet
  facet normal 0 0 -1
    outer loop
      vertex 62.3524 -13.7325 0
      vertex 62.3524 13.7325 0
      vertex 62.3539 13.7328 0
    endloop
  endfacet
  facet normal 0 0 -1
    outer loop
      vertex 62.0793 -13.6782 0
      vertex 62.3524 13.7325 0
      vertex 62.3524 -13.7325 0
    endloop
  endfacet
  facet normal 0 0 -1
    outer loop
      vertex 62.0793 -13.6782 0
      vertex 62.0793 13.6782 0
      vertex 62.3524 13.7325 0
    endloop
  endfacet
  facet normal 0 0 -1
    outer loop
      vertex 61.8015 -13.66 0
      vertex 62.0793 13.6782 0
      vertex 62.0793 -13.6782 0
    endloop
  endfacet
  facet normal 0 0 -1
    outer loop
      vertex 61.8015 -13.66 0
      vertex 61.8015 13.66 0
      vertex 62.0793 13.6782 0
    endloop
  endfacet
  facet normal 0 0 -1
    outer loop
      vertex 61.8 -13.6599 0
      vertex 61.8015 13.66 0
      vertex 61.8015 -13.66 0
    endloop
  endfacet
  facet normal 0 0 -1
    outer loop
      vertex 61.8 -13.6599 0
      vertex 61.8 13.6599 0
      vertex 61.8015 13.66 0
    endloop
  endfacet
  facet normal 0 0 -1
    outer loop
      vertex 61.7985 -13.66 0
      vertex 61.8 13.6599 0
      vertex 61.8 -13.6599 0
    endloop
  endfacet
  facet normal 0 0 -1
    outer loop
      vertex 61.7985 -13.66 0
      vertex 61.7985 13.66 0
      vertex 61.8 13.6599 0
    endloop
  endfacet
  facet normal 0 0 -1
    outer loop
      vertex 61.5207 -13.6782 0
      vertex 61.7985 13.66 0
      vertex 61.7985 -13.66 0
    endloop
  endfacet
  facet normal 0 0 -1
    outer loop
      vertex 61.5207 -13.6782 0
      vertex 61.5207 13.6782 0
      vertex 61.7985 13.66 0
    endloop
  endfacet
  facet normal 0 0 -1
    outer loop
      vertex 61.2476 -13.7325 0
      vertex 61.5207 13.6782 0
      vertex 61.5207 -13.6782 0
    endloop
  endfacet
  facet normal 0 0 -1
    outer loop
      vertex 61.2476 -13.7325 0
      vertex 61.2476 13.7325 0
      vertex 61.5207 13.6782 0
    endloop
  endfacet
  facet normal 0 0 -1
    outer loop
      vertex 61.2461 -13.7328 0
      vertex 61.2476 13.7325 0
      vertex 61.2476 -13.7325 0
    endloop
  endfacet
  facet normal 0 0 -1
    outer loop
      vertex 61.2461 -13.7328 0
      vertex 61.2461 13.7328 0
      vertex 61.2476 13.7325 0
    endloop
  endfacet
  facet normal 0 0 -1
    outer loop
      vertex 60.9824 -13.8223 0
      vertex 61.2461 13.7328 0
      vertex 61.2461 -13.7328 0
    endloop
  endfacet
  facet normal 0 0 -1
    outer loop
      vertex 60.9824 -13.8223 0
      vertex 60.9824 13.8223 0
      vertex 61.2461 13.7328 0
    endloop
  endfacet
  facet normal 0 0 -1
    outer loop
      vertex 60.981 -13.8228 0
      vertex 60.9824 13.8223 0
      vertex 60.9824 -13.8223 0
    endloop
  endfacet
  facet normal 0 0 -1
    outer loop
      vertex 60.981 -13.8228 0
      vertex 60.981 13.8228 0
      vertex 60.9824 13.8223 0
    endloop
  endfacet
  facet normal 0 0 -1
    outer loop
      vertex 60.9797 -13.8235 0
      vertex 60.981 13.8228 0
      vertex 60.981 -13.8228 0
    endloop
  endfacet
  facet normal 0 0 -1
    outer loop
      vertex 60.9797 -13.8235 0
      vertex 60.9797 13.8235 0
      vertex 60.981 13.8228 0
    endloop
  endfacet
  facet normal 0 0 -1
    outer loop
      vertex 60.7299 -13.9466 0
      vertex 60.9797 13.8235 0
      vertex 60.9797 -13.8235 0
    endloop
  endfacet
  facet normal 0 0 -1
    outer loop
      vertex 60.7299 -13.9466 0
      vertex 60.7299 13.9466 0
      vertex 60.9797 13.8235 0
    endloop
  endfacet
  facet normal 0 0 -1
    outer loop
      vertex 60.4984 -14.1013 0
      vertex 60.7299 13.9466 0
      vertex 60.7299 -13.9466 0
    endloop
  endfacet
  facet normal 0 0 -1
    outer loop
      vertex 60.4984 -14.1013 0
      vertex 60.4984 14.1013 0
      vertex 60.7299 13.9466 0
    endloop
  endfacet
  facet normal 0 0 -1
    outer loop
      vertex 60.4972 -14.1021 0
      vertex 60.4984 14.1013 0
      vertex 60.4984 -14.1013 0
    endloop
  endfacet
  facet normal 0 0 -1
    outer loop
      vertex 60.4972 -14.1021 0
      vertex 60.4972 14.1021 0
      vertex 60.4984 14.1013 0
    endloop
  endfacet
  facet normal 0 0 -1
    outer loop
      vertex 60.4961 -14.1031 0
      vertex 60.4972 14.1021 0
      vertex 60.4972 -14.1021 0
    endloop
  endfacet
  facet normal 0 0 -1
    outer loop
      vertex 60.4961 -14.1031 0
      vertex 60.4961 14.1031 0
      vertex 60.4972 14.1021 0
    endloop
  endfacet
  facet normal 0 0 -1
    outer loop
      vertex 60.2867 -14.2867 0
      vertex 60.4961 14.1031 0
      vertex 60.4961 -14.1031 0
    endloop
  endfacet
  facet normal 0 0 -1
    outer loop
      vertex 60.2867 -14.2867 0
      vertex 60.2867 14.2867 0
      vertex 60.4961 14.1031 0
    endloop
  endfacet
  facet normal 0 0 -1
    outer loop
      vertex 32.1772 -14.981 0
      vertex 59.8228 -14.981 0
      vertex 32.1777 -14.9824 0
    endloop
  endfacet
  facet normal 0 0 -1
    outer loop
      vertex 59.8228 -14.981 0
      vertex 32.1772 -14.981 0
      vertex 59.8235 -14.9797 0
    endloop
  endfacet
  facet normal 0 0 -1
    outer loop
      vertex 59.8223 -14.9824 0
      vertex 32.1777 -14.9824 0
      vertex 59.8228 -14.981 0
    endloop
  endfacet
  facet normal 0 0 -1
    outer loop
      vertex 32.1765 -14.9797 0
      vertex 59.8235 -14.9797 0
      vertex 32.1772 -14.981 0
    endloop
  endfacet
  facet normal 0 0 -1
    outer loop
      vertex 32.1777 -14.9824 0
      vertex 59.8223 -14.9824 0
      vertex 32.2672 -15.2461 0
    endloop
  endfacet
  facet normal 0 0 -1
    outer loop
      vertex 60.2867 14.2867 0
      vertex 32.3401 15.8 0
      vertex 60.1031 14.4961 0
    endloop
  endfacet
  facet normal 0 0 -1
    outer loop
      vertex 59.7328 -15.2461 0
      vertex 32.2672 -15.2461 0
      vertex 59.8223 -14.9824 0
    endloop
  endfacet
  facet normal 0 0 -1
    outer loop
      vertex 60.1031 14.4961 0
      vertex 32.3401 15.8 0
      vertex 60.1021 14.4972 0
    endloop
  endfacet
  facet normal 0 0 -1
    outer loop
      vertex 32.2672 -15.2461 0
      vertex 59.7328 -15.2461 0
      vertex 32.2675 -15.2476 0
    endloop
  endfacet
  facet normal 0 0 -1
    outer loop
      vertex 60.1021 14.4972 0
      vertex 32.3401 15.8 0
      vertex 60.1013 14.4984 0
    endloop
  endfacet
  facet normal 0 0 -1
    outer loop
      vertex 32.2675 -15.2476 0
      vertex 59.7328 -15.2461 0
      vertex 32.3218 -15.5207 0
    endloop
  endfacet
  facet normal 0 0 -1
    outer loop
      vertex 60.1013 14.4984 0
      vertex 32.3401 15.8 0
      vertex 59.9466 14.7299 0
    endloop
  endfacet
  facet normal -0 0 -1
    outer loop
      vertex 59.7325 -15.2476 0
      vertex 32.3218 -15.5207 0
      vertex 59.7328 -15.2461 0
    endloop
  endfacet
  facet normal 0 0 -1
    outer loop
      vertex 59.9466 14.7299 0
      vertex 32.3401 15.8 0
      vertex 59.8235 14.9797 0
    endloop
  endfacet
  facet normal 0 0 -1
    outer loop
      vertex 59.6782 -15.5207 0
      vertex 32.3218 -15.5207 0
      vertex 59.7325 -15.2476 0
    endloop
  endfacet
  facet normal 0 0 -1
    outer loop
      vertex 59.8235 14.9797 0
      vertex 32.3401 15.8 0
      vertex 59.8228 14.981 0
    endloop
  endfacet
  facet normal 0 0 -1
    outer loop
      vertex 32.3218 -15.5207 0
      vertex 59.6782 -15.5207 0
      vertex 32.34 -15.7985 0
    endloop
  endfacet
  facet normal 0 0 -1
    outer loop
      vertex 59.8228 14.981 0
      vertex 32.3401 15.8 0
      vertex 59.8223 14.9824 0
    endloop
  endfacet
  facet normal 0 0 -1
    outer loop
      vertex 32.34 -15.7985 0
      vertex 59.6782 -15.5207 0
      vertex 32.3401 -15.8 0
    endloop
  endfacet
  facet normal 0 0 -1
    outer loop
      vertex 59.8223 14.9824 0
      vertex 32.3401 15.8 0
      vertex 59.7328 15.2461 0
    endloop
  endfacet
  facet normal 0 0 -1
    outer loop
      vertex 32.3401 -15.8 0
      vertex 59.6782 -15.5207 0
      vertex 59.66 -15.7985 0
    endloop
  endfacet
  facet normal 0 0 -1
    outer loop
      vertex 59.7328 15.2461 0
      vertex 32.3401 15.8 0
      vertex 59.7325 15.2476 0
    endloop
  endfacet
  facet normal 0 0 -1
    outer loop
      vertex 32.3401 -15.8 0
      vertex 59.66 -15.7985 0
      vertex 59.6599 -15.8 0
    endloop
  endfacet
  facet normal 0 0 -1
    outer loop
      vertex 59.7325 15.2476 0
      vertex 32.3401 15.8 0
      vertex 59.6782 15.5207 0
    endloop
  endfacet
  facet normal 0 0 -1
    outer loop
      vertex 63.9218 -16.0793 0
      vertex 66 -16 0
      vertex 65.9658 -16.5221 0
    endloop
  endfacet
  facet normal 0 0 -1
    outer loop
      vertex 63.94 -15.7985 0
      vertex 66 -16 0
      vertex 63.9401 -15.8 0
    endloop
  endfacet
  facet normal 0 0 -1
    outer loop
      vertex 63.8672 -16.3539 0
      vertex 65.9658 -16.5221 0
      vertex 65.8637 -17.0353 0
    endloop
  endfacet
  facet normal 0 0 -1
    outer loop
      vertex 63.9218 -15.5207 0
      vertex 66 -16 0
      vertex 63.94 -15.7985 0
    endloop
  endfacet
  facet normal 0 0 -1
    outer loop
      vertex 63.7777 -16.6176 0
      vertex 65.8637 -17.0353 0
      vertex 65.6955 -17.5307 0
    endloop
  endfacet
  facet normal 0 0 -1
    outer loop
      vertex 63.94 15.8015 0
      vertex 66 16 0
      vertex 63.9401 15.8 0
    endloop
  endfacet
  facet normal 0 0 -1
    outer loop
      vertex 63.6534 -16.8701 0
      vertex 65.6955 -17.5307 0
      vertex 65.4641 -18 0
    endloop
  endfacet
  facet normal 0 0 -1
    outer loop
      vertex 63.9218 16.0793 0
      vertex 66 16 0
      vertex 63.94 15.8015 0
    endloop
  endfacet
  facet normal 0 0 -1
    outer loop
      vertex 63.4987 -17.1016 0
      vertex 65.4641 -18 0
      vertex 65.1734 -18.435 0
    endloop
  endfacet
  facet normal 0 0 -1
    outer loop
      vertex 66 16 0
      vertex 63.9218 16.0793 0
      vertex 65.9658 16.5221 0
    endloop
  endfacet
  facet normal 0 0 -1
    outer loop
      vertex 63.3133 -17.3133 0
      vertex 65.1734 -18.435 0
      vertex 64.8284 -18.8284 0
    endloop
  endfacet
  facet normal 0 0 -1
    outer loop
      vertex 63.8675 16.3524 0
      vertex 65.9658 16.5221 0
      vertex 63.9218 16.0793 0
    endloop
  endfacet
  facet normal 0 0 -1
    outer loop
      vertex 63.3133 -17.3133 0
      vertex 64.8284 -18.8284 0
      vertex 64.435 -19.1734 0
    endloop
  endfacet
  facet normal 0 0 -1
    outer loop
      vertex 63.8672 16.3539 0
      vertex 65.9658 16.5221 0
      vertex 63.8675 16.3524 0
    endloop
  endfacet
  facet normal 0 0 -1
    outer loop
      vertex 63.1016 -17.4987 0
      vertex 64.435 -19.1734 0
      vertex 64 -19.4641 0
    endloop
  endfacet
  facet normal -0 0 -1
    outer loop
      vertex 65.9658 16.5221 0
      vertex 63.8672 16.3539 0
      vertex 65.8637 17.0353 0
    endloop
  endfacet
  facet normal 0 0 -1
    outer loop
      vertex 63.7777 16.6176 0
      vertex 65.8637 17.0353 0
      vertex 63.8672 16.3539 0
    endloop
  endfacet
  facet normal 0 0 -1
    outer loop
      vertex 66 -16 0
      vertex 63.94 -15.8015 0
      vertex 63.9401 -15.8 0
    endloop
  endfacet
  facet normal -0 0 -1
    outer loop
      vertex 66 -16 0
      vertex 63.9218 -16.0793 0
      vertex 63.94 -15.8015 0
    endloop
  endfacet
  facet normal 0 0 -1
    outer loop
      vertex 65.9658 -16.5221 0
      vertex 63.8675 -16.3524 0
      vertex 63.9218 -16.0793 0
    endloop
  endfacet
  facet normal 0 0 -1
    outer loop
      vertex 65.9658 -16.5221 0
      vertex 63.8672 -16.3539 0
      vertex 63.8675 -16.3524 0
    endloop
  endfacet
  facet normal 0 0 -1
    outer loop
      vertex 65.8637 -17.0353 0
      vertex 63.7777 -16.6176 0
      vertex 63.8672 -16.3539 0
    endloop
  endfacet
  facet normal 0 0 -1
    outer loop
      vertex 65.6955 -17.5307 0
      vertex 63.7772 -16.619 0
      vertex 63.7777 -16.6176 0
    endloop
  endfacet
  facet normal 0 0 -1
    outer loop
      vertex 65.6955 -17.5307 0
      vertex 63.7765 -16.6203 0
      vertex 63.7772 -16.619 0
    endloop
  endfacet
  facet normal 0 0 -1
    outer loop
      vertex 65.6955 -17.5307 0
      vertex 63.6534 -16.8701 0
      vertex 63.7765 -16.6203 0
    endloop
  endfacet
  facet normal 0 0 -1
    outer loop
      vertex 62.87 -17.6534 0
      vertex 64 -19.4641 0
      vertex 63.5307 -19.6955 0
    endloop
  endfacet
  facet normal 0 0 -1
    outer loop
      vertex 65.4641 -18 0
      vertex 63.4987 -17.1016 0
      vertex 63.6534 -16.8701 0
    endloop
  endfacet
  facet normal 0 0 -1
    outer loop
      vertex 65.1734 -18.435 0
      vertex 63.4979 -17.1028 0
      vertex 63.4987 -17.1016 0
    endloop
  endfacet
  facet normal 0 0 -1
    outer loop
      vertex 65.1734 -18.435 0
      vertex 63.4969 -17.1039 0
      vertex 63.4979 -17.1028 0
    endloop
  endfacet
  facet normal 0 0 -1
    outer loop
      vertex 65.1734 -18.435 0
      vertex 63.3133 -17.3133 0
      vertex 63.4969 -17.1039 0
    endloop
  endfacet
  facet normal 0 0 -1
    outer loop
      vertex 64.435 -19.1734 0
      vertex 63.1039 -17.4969 0
      vertex 63.3133 -17.3133 0
    endloop
  endfacet
  facet normal 0 0 -1
    outer loop
      vertex 64.435 -19.1734 0
      vertex 63.1028 -17.4979 0
      vertex 63.1039 -17.4969 0
    endloop
  endfacet
  facet normal 0 0 -1
    outer loop
      vertex 64.435 -19.1734 0
      vertex 63.1016 -17.4987 0
      vertex 63.1028 -17.4979 0
    endloop
  endfacet
  facet normal 0 0 -1
    outer loop
      vertex 62.6176 -17.7777 0
      vertex 63.5307 -19.6955 0
      vertex 63.0353 -19.8637 0
    endloop
  endfacet
  facet normal 0 0 -1
    outer loop
      vertex 64 -19.4641 0
      vertex 62.87 -17.6534 0
      vertex 63.1016 -17.4987 0
    endloop
  endfacet
  facet normal 0 0 -1
    outer loop
      vertex 63.5307 -19.6955 0
      vertex 62.6203 -17.7765 0
      vertex 62.87 -17.6534 0
    endloop
  endfacet
  facet normal 0 0 -1
    outer loop
      vertex 63.5307 -19.6955 0
      vertex 62.619 -17.7772 0
      vertex 62.6203 -17.7765 0
    endloop
  endfacet
  facet normal 0 0 -1
    outer loop
      vertex 63.5307 -19.6955 0
      vertex 62.6176 -17.7777 0
      vertex 62.619 -17.7772 0
    endloop
  endfacet
  facet normal 0 0 -1
    outer loop
      vertex 62.3539 -17.8672 0
      vertex 63.0353 -19.8637 0
      vertex 62.5221 -19.9658 0
    endloop
  endfacet
  facet normal 0 0 -1
    outer loop
      vertex 63.0353 -19.8637 0
      vertex 62.3539 -17.8672 0
      vertex 62.6176 -17.7777 0
    endloop
  endfacet
  facet normal 0 0 -1
    outer loop
      vertex 62.5221 -19.9658 0
      vertex 62.3524 -17.8675 0
      vertex 62.3539 -17.8672 0
    endloop
  endfacet
  facet normal 0 0 -1
    outer loop
      vertex 62.5221 -19.9658 0
      vertex 62.0793 -17.9218 0
      vertex 62.3524 -17.8675 0
    endloop
  endfacet
  facet normal 0 0 -1
    outer loop
      vertex 62 -20 0
      vertex 62.0793 -17.9218 0
      vertex 62.5221 -19.9658 0
    endloop
  endfacet
  facet normal 0 0 -1
    outer loop
      vertex 62 -20 0
      vertex 61.8015 -17.94 0
      vertex 62.0793 -17.9218 0
    endloop
  endfacet
  facet normal 0 0 -1
    outer loop
      vertex 62 -20 0
      vertex 61.8 -17.9401 0
      vertex 61.8015 -17.94 0
    endloop
  endfacet
  facet normal 0 0 -1
    outer loop
      vertex 62 -20 0
      vertex 61.7985 -17.94 0
      vertex 61.8 -17.9401 0
    endloop
  endfacet
  facet normal 0 0 -1
    outer loop
      vertex 62 -20 0
      vertex 61.5207 -17.9218 0
      vertex 61.7985 -17.94 0
    endloop
  endfacet
  facet normal 0 0 -1
    outer loop
      vertex 62 -20 0
      vertex 61.2476 -17.8675 0
      vertex 61.5207 -17.9218 0
    endloop
  endfacet
  facet normal 0 0 -1
    outer loop
      vertex 62 -20 0
      vertex 61.2461 -17.8672 0
      vertex 61.2476 -17.8675 0
    endloop
  endfacet
  facet normal 0 0 -1
    outer loop
      vertex 62 -20 0
      vertex 60.9824 -17.7777 0
      vertex 61.2461 -17.8672 0
    endloop
  endfacet
  facet normal 0 0 -1
    outer loop
      vertex 62 -20 0
      vertex 60.981 -17.7772 0
      vertex 60.9824 -17.7777 0
    endloop
  endfacet
  facet normal 0 0 -1
    outer loop
      vertex 62 -20 0
      vertex 60.9797 -17.7765 0
      vertex 60.981 -17.7772 0
    endloop
  endfacet
  facet normal 0 0 -1
    outer loop
      vertex 62 -20 0
      vertex 60.7299 -17.6534 0
      vertex 60.9797 -17.7765 0
    endloop
  endfacet
  facet normal 0 0 -1
    outer loop
      vertex 62 -20 0
      vertex 60.4984 -17.4987 0
      vertex 60.7299 -17.6534 0
    endloop
  endfacet
  facet normal 0 0 -1
    outer loop
      vertex 62 -20 0
      vertex 60.4972 -17.4979 0
      vertex 60.4984 -17.4987 0
    endloop
  endfacet
  facet normal 0 0 -1
    outer loop
      vertex 62 -20 0
      vertex 60.4961 -17.4969 0
      vertex 60.4972 -17.4979 0
    endloop
  endfacet
  facet normal 0 0 -1
    outer loop
      vertex 62 -20 0
      vertex 60.2867 -17.3133 0
      vertex 60.4961 -17.4969 0
    endloop
  endfacet
  facet normal 0 0 -1
    outer loop
      vertex 62 -20 0
      vertex 60.1031 -17.1039 0
      vertex 60.2867 -17.3133 0
    endloop
  endfacet
  facet normal 0 0 -1
    outer loop
      vertex 62 -20 0
      vertex 60.1021 -17.1028 0
      vertex 60.1031 -17.1039 0
    endloop
  endfacet
  facet normal 0 0 -1
    outer loop
      vertex 31.8979 -17.1028 0
      vertex 60.1021 -17.1028 0
      vertex 62 -20 0
    endloop
  endfacet
  facet normal 0 0 -1
    outer loop
      vertex 60.1021 -17.1028 0
      vertex 31.8979 -17.1028 0
      vertex 60.1013 -17.1016 0
    endloop
  endfacet
  facet normal 0 0 -1
    outer loop
      vertex 32.3218 -16.0793 0
      vertex 59.7325 -16.3524 0
      vertex 59.7328 -16.3539 0
    endloop
  endfacet
  facet normal 0 0 -1
    outer loop
      vertex 59.6782 -16.0793 0
      vertex 59.6599 -15.8 0
      vertex 59.66 -15.8015 0
    endloop
  endfacet
  facet normal 0 0 -1
    outer loop
      vertex 59.6782 15.5207 0
      vertex 32.3401 15.8 0
      vertex 59.66 15.7985 0
    endloop
  endfacet
  facet normal 0 0 -1
    outer loop
      vertex 59.6782 -16.0793 0
      vertex 32.3401 -15.8 0
      vertex 59.6599 -15.8 0
    endloop
  endfacet
  facet normal 0 0 -1
    outer loop
      vertex 59.7325 -16.3524 0
      vertex 32.3218 -16.0793 0
      vertex 59.6782 -16.0793 0
    endloop
  endfacet
  facet normal 0 0 -1
    outer loop
      vertex 32.2672 -16.3539 0
      vertex 59.7328 -16.3539 0
      vertex 59.8223 -16.6176 0
    endloop
  endfacet
  facet normal 0 0 -1
    outer loop
      vertex 32.1777 -16.6176 0
      vertex 59.8223 -16.6176 0
      vertex 59.8228 -16.619 0
    endloop
  endfacet
  facet normal 0 0 -1
    outer loop
      vertex 32.1772 -16.619 0
      vertex 59.8228 -16.619 0
      vertex 59.8235 -16.6203 0
    endloop
  endfacet
  facet normal 0 0 -1
    outer loop
      vertex 32.1765 -16.6203 0
      vertex 59.8235 -16.6203 0
      vertex 59.9466 -16.8701 0
    endloop
  endfacet
  facet normal -0 0 -1
    outer loop
      vertex 60.1013 -17.1016 0
      vertex 31.8979 -17.1028 0
      vertex 59.9466 -16.8701 0
    endloop
  endfacet
  facet normal 0 0 -1
    outer loop
      vertex 59.6782 -16.0793 0
      vertex 32.34 -15.8015 0
      vertex 32.3401 -15.8 0
    endloop
  endfacet
  facet normal 0 0 -1
    outer loop
      vertex 59.6782 -16.0793 0
      vertex 32.3218 -16.0793 0
      vertex 32.34 -15.8015 0
    endloop
  endfacet
  facet normal 0 0 -1
    outer loop
      vertex 59.7328 -16.3539 0
      vertex 32.2675 -16.3524 0
      vertex 32.3218 -16.0793 0
    endloop
  endfacet
  facet normal 0 0 -1
    outer loop
      vertex 59.7328 -16.3539 0
      vertex 32.2672 -16.3539 0
      vertex 32.2675 -16.3524 0
    endloop
  endfacet
  facet normal 0 0 -1
    outer loop
      vertex 59.8223 -16.6176 0
      vertex 32.1777 -16.6176 0
      vertex 32.2672 -16.3539 0
    endloop
  endfacet
  facet normal 0 0 -1
    outer loop
      vertex 59.8228 -16.619 0
      vertex 32.1772 -16.619 0
      vertex 32.1777 -16.6176 0
    endloop
  endfacet
  facet normal 0 0 -1
    outer loop
      vertex 59.8235 -16.6203 0
      vertex 32.1765 -16.6203 0
      vertex 32.1772 -16.619 0
    endloop
  endfacet
  facet normal 0 0 -1
    outer loop
      vertex 59.9466 -16.8701 0
      vertex 32.0534 -16.8701 0
      vertex 32.1765 -16.6203 0
    endloop
  endfacet
  facet normal -0 0 -1
    outer loop
      vertex 59.9466 -16.8701 0
      vertex 31.8987 -17.1016 0
      vertex 32.0534 -16.8701 0
    endloop
  endfacet
  facet normal 0 0 -1
    outer loop
      vertex 59.9466 -16.8701 0
      vertex 31.8979 -17.1028 0
      vertex 31.8987 -17.1016 0
    endloop
  endfacet
  facet normal 0 0 -1
    outer loop
      vertex 30 -20 0
      vertex 31.8979 -17.1028 0
      vertex 62 -20 0
    endloop
  endfacet
  facet normal 0 0 -1
    outer loop
      vertex 31.8979 -17.1028 0
      vertex 30 -20 0
      vertex 31.8969 -17.1039 0
    endloop
  endfacet
  facet normal 0 0 -1
    outer loop
      vertex 31.8969 -17.1039 0
      vertex 30 -20 0
      vertex 31.7133 -17.3133 0
    endloop
  endfacet
  facet normal 0 0 -1
    outer loop
      vertex 31.7133 -17.3133 0
      vertex 30 -20 0
      vertex 31.5039 -17.4969 0
    endloop
  endfacet
  facet normal 0 0 -1
    outer loop
      vertex 31.5039 -17.4969 0
      vertex 30 -20 0
      vertex 31.5028 -17.4979 0
    endloop
  endfacet
  facet normal 0 0 -1
    outer loop
      vertex 31.5028 -17.4979 0
      vertex 30 -20 0
      vertex 31.5016 -17.4987 0
    endloop
  endfacet
  facet normal 0 0 -1
    outer loop
      vertex 31.5016 -17.4987 0
      vertex 30 -20 0
      vertex 31.2701 -17.6534 0
    endloop
  endfacet
  facet normal 0 0 -1
    outer loop
      vertex 31.2701 -17.6534 0
      vertex 30 -20 0
      vertex 31.0203 -17.7765 0
    endloop
  endfacet
  facet normal 0 0 -1
    outer loop
      vertex 31.0203 -17.7765 0
      vertex 30 -20 0
      vertex 31.019 -17.7772 0
    endloop
  endfacet
  facet normal 0 0 -1
    outer loop
      vertex 31.019 -17.7772 0
      vertex 30 -20 0
      vertex 31.0176 -17.7777 0
    endloop
  endfacet
  facet normal 0 0 -1
    outer loop
      vertex 31.0176 -17.7777 0
      vertex 30 -20 0
      vertex 30.7539 -17.8672 0
    endloop
  endfacet
  facet normal 0 0 -1
    outer loop
      vertex 30.7539 -17.8672 0
      vertex 30 -20 0
      vertex 30.7524 -17.8675 0
    endloop
  endfacet
  facet normal 0 0 -1
    outer loop
      vertex 30.7524 -17.8675 0
      vertex 30 -20 0
      vertex 30.4793 -17.9218 0
    endloop
  endfacet
  facet normal 0 0 -1
    outer loop
      vertex 30.4793 -17.9218 0
      vertex 30 -20 0
      vertex 30.2015 -17.94 0
    endloop
  endfacet
  facet normal 0 0 -1
    outer loop
      vertex 30.2015 -17.94 0
      vertex 30 -20 0
      vertex 30.2 -17.9401 0
    endloop
  endfacet
  facet normal 0 0 -1
    outer loop
      vertex 30 -20 0
      vertex 30.1985 -17.94 0
      vertex 30.2 -17.9401 0
    endloop
  endfacet
  facet normal 0 0 -1
    outer loop
      vertex 30 -20 0
      vertex 29.9207 -17.9218 0
      vertex 30.1985 -17.94 0
    endloop
  endfacet
  facet normal 0 0 -1
    outer loop
      vertex 29.4779 -19.9658 0
      vertex 29.9207 -17.9218 0
      vertex 30 -20 0
    endloop
  endfacet
  facet normal -0 0 -1
    outer loop
      vertex 29.9207 -17.9218 0
      vertex 29.4779 -19.9658 0
      vertex 29.6476 -17.8675 0
    endloop
  endfacet
  facet normal -0 0 -1
    outer loop
      vertex 29.6476 -17.8675 0
      vertex 29.4779 -19.9658 0
      vertex 29.6461 -17.8672 0
    endloop
  endfacet
  facet normal 0 0 -1
    outer loop
      vertex 28.9647 -19.8637 0
      vertex 29.6461 -17.8672 0
      vertex 29.4779 -19.9658 0
    endloop
  endfacet
  facet normal -0 0 -1
    outer loop
      vertex 29.6461 -17.8672 0
      vertex 28.9647 -19.8637 0
      vertex 29.3824 -17.7777 0
    endloop
  endfacet
  facet normal 0 0 -1
    outer loop
      vertex 28.4693 -19.6955 0
      vertex 29.3824 -17.7777 0
      vertex 28.9647 -19.8637 0
    endloop
  endfacet
  facet normal -0 0 -1
    outer loop
      vertex 29.3824 -17.7777 0
      vertex 28.4693 -19.6955 0
      vertex 29.381 -17.7772 0
    endloop
  endfacet
  facet normal -0 0 -1
    outer loop
      vertex 29.381 -17.7772 0
      vertex 28.4693 -19.6955 0
      vertex 29.3797 -17.7765 0
    endloop
  endfacet
  facet normal -0 0 -1
    outer loop
      vertex 29.3797 -17.7765 0
      vertex 28.4693 -19.6955 0
      vertex 29.1299 -17.6534 0
    endloop
  endfacet
  facet normal 0 0 -1
    outer loop
      vertex 28 -19.4641 0
      vertex 29.1299 -17.6534 0
      vertex 28.4693 -19.6955 0
    endloop
  endfacet
  facet normal -0 0 -1
    outer loop
      vertex 29.1299 -17.6534 0
      vertex 28 -19.4641 0
      vertex 28.8984 -17.4987 0
    endloop
  endfacet
  facet normal 0 0 -1
    outer loop
      vertex 27.565 -19.1734 0
      vertex 28.8984 -17.4987 0
      vertex 28 -19.4641 0
    endloop
  endfacet
  facet normal -0 0 -1
    outer loop
      vertex 28.8984 -17.4987 0
      vertex 27.565 -19.1734 0
      vertex 28.8972 -17.4979 0
    endloop
  endfacet
  facet normal -0 0 -1
    outer loop
      vertex 28.8972 -17.4979 0
      vertex 27.565 -19.1734 0
      vertex 28.8961 -17.4969 0
    endloop
  endfacet
  facet normal -0 0 -1
    outer loop
      vertex 28.8961 -17.4969 0
      vertex 27.565 -19.1734 0
      vertex 28.6867 -17.3133 0
    endloop
  endfacet
  facet normal 0 0 -1
    outer loop
      vertex 27.1716 -18.8284 0
      vertex 28.6867 -17.3133 0
      vertex 27.565 -19.1734 0
    endloop
  endfacet
  facet normal 0 0 -1
    outer loop
      vertex 26.8266 -18.435 0
      vertex 28.6867 -17.3133 0
      vertex 27.1716 -18.8284 0
    endloop
  endfacet
  facet normal -0 0 -1
    outer loop
      vertex 28.6867 -17.3133 0
      vertex 26.8266 -18.435 0
      vertex 28.5031 -17.1039 0
    endloop
  endfacet
  facet normal -0 0 -1
    outer loop
      vertex 28.5031 -17.1039 0
      vertex 26.8266 -18.435 0
      vertex 28.5021 -17.1028 0
    endloop
  endfacet
  facet normal -0 0 -1
    outer loop
      vertex 28.5021 -17.1028 0
      vertex 26.8266 -18.435 0
      vertex 28.5013 -17.1016 0
    endloop
  endfacet
  facet normal 0 0 -1
    outer loop
      vertex 26.5359 -18 0
      vertex 28.5013 -17.1016 0
      vertex 26.8266 -18.435 0
    endloop
  endfacet
  facet normal -0 0 -1
    outer loop
      vertex 28.5013 -17.1016 0
      vertex 26.5359 -18 0
      vertex 28.3466 -16.8701 0
    endloop
  endfacet
  facet normal 0 0 -1
    outer loop
      vertex 26.3045 -17.5307 0
      vertex 28.3466 -16.8701 0
      vertex 26.5359 -18 0
    endloop
  endfacet
  facet normal 0 0 -1
    outer loop
      vertex 26.1363 -17.0353 0
      vertex 28.2223 -16.6176 0
      vertex 26.3045 -17.5307 0
    endloop
  endfacet
  facet normal -0 0 -1
    outer loop
      vertex 28.2228 -16.619 0
      vertex 26.3045 -17.5307 0
      vertex 28.2223 -16.6176 0
    endloop
  endfacet
  facet normal -0 0 -1
    outer loop
      vertex 28.2235 -16.6203 0
      vertex 26.3045 -17.5307 0
      vertex 28.2228 -16.619 0
    endloop
  endfacet
  facet normal -0 0 -1
    outer loop
      vertex 28.3466 -16.8701 0
      vertex 26.3045 -17.5307 0
      vertex 28.2235 -16.6203 0
    endloop
  endfacet
  facet normal -0 0 -1
    outer loop
      vertex 65.8637 17.0353 0
      vertex 63.7777 16.6176 0
      vertex 65.6955 17.5307 0
    endloop
  endfacet
  facet normal 0 0 -1
    outer loop
      vertex 63.7772 16.619 0
      vertex 65.6955 17.5307 0
      vertex 63.7777 16.6176 0
    endloop
  endfacet
  facet normal 0 0 -1
    outer loop
      vertex 63.7765 16.6203 0
      vertex 65.6955 17.5307 0
      vertex 63.7772 16.619 0
    endloop
  endfacet
  facet normal 0 0 -1
    outer loop
      vertex 63.6534 16.8701 0
      vertex 65.6955 17.5307 0
      vertex 63.7765 16.6203 0
    endloop
  endfacet
  facet normal -0 0 -1
    outer loop
      vertex 65.6955 17.5307 0
      vertex 63.6534 16.8701 0
      vertex 65.4641 18 0
    endloop
  endfacet
  facet normal 0 0 -1
    outer loop
      vertex 63.4987 17.1016 0
      vertex 65.4641 18 0
      vertex 63.6534 16.8701 0
    endloop
  endfacet
  facet normal -0 0 -1
    outer loop
      vertex 65.4641 18 0
      vertex 63.4987 17.1016 0
      vertex 65.1734 18.435 0
    endloop
  endfacet
  facet normal 0 0 -1
    outer loop
      vertex 63.4979 17.1028 0
      vertex 65.1734 18.435 0
      vertex 63.4987 17.1016 0
    endloop
  endfacet
  facet normal 0 0 -1
    outer loop
      vertex 63.4969 17.1039 0
      vertex 65.1734 18.435 0
      vertex 63.4979 17.1028 0
    endloop
  endfacet
  facet normal 0 0 -1
    outer loop
      vertex 63.3133 17.3133 0
      vertex 65.1734 18.435 0
      vertex 63.4969 17.1039 0
    endloop
  endfacet
  facet normal -0 0 -1
    outer loop
      vertex 65.1734 18.435 0
      vertex 63.3133 17.3133 0
      vertex 64.8284 18.8284 0
    endloop
  endfacet
  facet normal -0 0 -1
    outer loop
      vertex 64.8284 18.8284 0
      vertex 63.3133 17.3133 0
      vertex 64.435 19.1734 0
    endloop
  endfacet
  facet normal 0 0 -1
    outer loop
      vertex 63.1039 17.4969 0
      vertex 64.435 19.1734 0
      vertex 63.3133 17.3133 0
    endloop
  endfacet
  facet normal 0 0 -1
    outer loop
      vertex 63.1028 17.4979 0
      vertex 64.435 19.1734 0
      vertex 63.1039 17.4969 0
    endloop
  endfacet
  facet normal 0 0 -1
    outer loop
      vertex 63.1016 17.4987 0
      vertex 64.435 19.1734 0
      vertex 63.1028 17.4979 0
    endloop
  endfacet
  facet normal -0 0 -1
    outer loop
      vertex 64.435 19.1734 0
      vertex 63.1016 17.4987 0
      vertex 64 19.4641 0
    endloop
  endfacet
  facet normal 0 0 -1
    outer loop
      vertex 62.87 17.6534 0
      vertex 64 19.4641 0
      vertex 63.1016 17.4987 0
    endloop
  endfacet
  facet normal -0 0 -1
    outer loop
      vertex 64 19.4641 0
      vertex 62.87 17.6534 0
      vertex 63.5307 19.6955 0
    endloop
  endfacet
  facet normal 0 0 -1
    outer loop
      vertex 62.6203 17.7765 0
      vertex 63.5307 19.6955 0
      vertex 62.87 17.6534 0
    endloop
  endfacet
  facet normal 0 0 -1
    outer loop
      vertex 62.619 17.7772 0
      vertex 63.5307 19.6955 0
      vertex 62.6203 17.7765 0
    endloop
  endfacet
  facet normal 0 0 -1
    outer loop
      vertex 62.6176 17.7777 0
      vertex 63.5307 19.6955 0
      vertex 62.619 17.7772 0
    endloop
  endfacet
  facet normal -0 0 -1
    outer loop
      vertex 63.5307 19.6955 0
      vertex 62.6176 17.7777 0
      vertex 63.0353 19.8637 0
    endloop
  endfacet
  facet normal 0 0 -1
    outer loop
      vertex 62.3539 17.8672 0
      vertex 63.0353 19.8637 0
      vertex 62.6176 17.7777 0
    endloop
  endfacet
  facet normal -0 0 -1
    outer loop
      vertex 63.0353 19.8637 0
      vertex 62.3539 17.8672 0
      vertex 62.5221 19.9658 0
    endloop
  endfacet
  facet normal 0 0 -1
    outer loop
      vertex 62.3524 17.8675 0
      vertex 62.5221 19.9658 0
      vertex 62.3539 17.8672 0
    endloop
  endfacet
  facet normal 0 0 -1
    outer loop
      vertex 62.0793 17.9218 0
      vertex 62.5221 19.9658 0
      vertex 62.3524 17.8675 0
    endloop
  endfacet
  facet normal 0 0 -1
    outer loop
      vertex 62.0793 17.9218 0
      vertex 62 20 0
      vertex 62.5221 19.9658 0
    endloop
  endfacet
  facet normal 0 0 -1
    outer loop
      vertex 61.8015 17.94 0
      vertex 62 20 0
      vertex 62.0793 17.9218 0
    endloop
  endfacet
  facet normal 0 0 -1
    outer loop
      vertex 61.8 17.9401 0
      vertex 62 20 0
      vertex 61.8015 17.94 0
    endloop
  endfacet
  facet normal 0 0 -1
    outer loop
      vertex 61.7985 17.94 0
      vertex 62 20 0
      vertex 61.8 17.9401 0
    endloop
  endfacet
  facet normal 0 0 -1
    outer loop
      vertex 61.5207 17.9218 0
      vertex 62 20 0
      vertex 61.7985 17.94 0
    endloop
  endfacet
  facet normal 0 0 -1
    outer loop
      vertex 61.2476 17.8675 0
      vertex 62 20 0
      vertex 61.5207 17.9218 0
    endloop
  endfacet
  facet normal 0 0 -1
    outer loop
      vertex 61.2461 17.8672 0
      vertex 62 20 0
      vertex 61.2476 17.8675 0
    endloop
  endfacet
  facet normal 0 0 -1
    outer loop
      vertex 60.9824 17.7777 0
      vertex 62 20 0
      vertex 61.2461 17.8672 0
    endloop
  endfacet
  facet normal 0 0 -1
    outer loop
      vertex 60.981 17.7772 0
      vertex 62 20 0
      vertex 60.9824 17.7777 0
    endloop
  endfacet
  facet normal 0 0 -1
    outer loop
      vertex 60.9797 17.7765 0
      vertex 62 20 0
      vertex 60.981 17.7772 0
    endloop
  endfacet
  facet normal 0 0 -1
    outer loop
      vertex 60.7299 17.6534 0
      vertex 62 20 0
      vertex 60.9797 17.7765 0
    endloop
  endfacet
  facet normal 0 0 -1
    outer loop
      vertex 60.4984 17.4987 0
      vertex 62 20 0
      vertex 60.7299 17.6534 0
    endloop
  endfacet
  facet normal 0 0 -1
    outer loop
      vertex 60.4972 17.4979 0
      vertex 62 20 0
      vertex 60.4984 17.4987 0
    endloop
  endfacet
  facet normal 0 0 -1
    outer loop
      vertex 60.4961 17.4969 0
      vertex 62 20 0
      vertex 60.4972 17.4979 0
    endloop
  endfacet
  facet normal 0 0 -1
    outer loop
      vertex 60.2867 17.3133 0
      vertex 62 20 0
      vertex 60.4961 17.4969 0
    endloop
  endfacet
  facet normal 0 0 -1
    outer loop
      vertex 60.1031 17.1039 0
      vertex 62 20 0
      vertex 60.2867 17.3133 0
    endloop
  endfacet
  facet normal 0 0 -1
    outer loop
      vertex 60.1021 17.1028 0
      vertex 62 20 0
      vertex 60.1031 17.1039 0
    endloop
  endfacet
  facet normal 0 0 -1
    outer loop
      vertex 31.8979 17.1028 0
      vertex 60.1021 17.1028 0
      vertex 60.1013 17.1016 0
    endloop
  endfacet
  facet normal 0 0 -1
    outer loop
      vertex 31.8979 17.1028 0
      vertex 60.1013 17.1016 0
      vertex 59.9466 16.8701 0
    endloop
  endfacet
  facet normal 0 0 -1
    outer loop
      vertex 32.3218 16.0793 0
      vertex 59.7325 16.3524 0
      vertex 59.6782 16.0793 0
    endloop
  endfacet
  facet normal 0 0 -1
    outer loop
      vertex 59.6599 15.8 0
      vertex 59.6782 16.0793 0
      vertex 59.66 15.8015 0
    endloop
  endfacet
  facet normal 0 0 -1
    outer loop
      vertex 59.66 15.7985 0
      vertex 32.3401 15.8 0
      vertex 59.6599 15.8 0
    endloop
  endfacet
  facet normal 0 0 -1
    outer loop
      vertex 59.6599 15.8 0
      vertex 32.3401 15.8 0
      vertex 59.6782 16.0793 0
    endloop
  endfacet
  facet normal 0 0 -1
    outer loop
      vertex 32.34 15.8015 0
      vertex 59.6782 16.0793 0
      vertex 32.3401 15.8 0
    endloop
  endfacet
  facet normal 0 0 -1
    outer loop
      vertex 32.3218 16.0793 0
      vertex 59.6782 16.0793 0
      vertex 32.34 15.8015 0
    endloop
  endfacet
  facet normal -0 0 -1
    outer loop
      vertex 59.7325 16.3524 0
      vertex 32.3218 16.0793 0
      vertex 59.7328 16.3539 0
    endloop
  endfacet
  facet normal 0 0 -1
    outer loop
      vertex 32.2675 16.3524 0
      vertex 59.7328 16.3539 0
      vertex 32.3218 16.0793 0
    endloop
  endfacet
  facet normal 0 0 -1
    outer loop
      vertex 32.2672 16.3539 0
      vertex 59.7328 16.3539 0
      vertex 32.2675 16.3524 0
    endloop
  endfacet
  facet normal 0 0 -1
    outer loop
      vertex 59.7328 16.3539 0
      vertex 32.2672 16.3539 0
      vertex 59.8223 16.6176 0
    endloop
  endfacet
  facet normal 0 0 -1
    outer loop
      vertex 32.1777 16.6176 0
      vertex 59.8223 16.6176 0
      vertex 32.2672 16.3539 0
    endloop
  endfacet
  facet normal 0 0 -1
    outer loop
      vertex 59.8223 16.6176 0
      vertex 32.1777 16.6176 0
      vertex 59.8228 16.619 0
    endloop
  endfacet
  facet normal 0 0 -1
    outer loop
      vertex 32.1772 16.619 0
      vertex 59.8228 16.619 0
      vertex 32.1777 16.6176 0
    endloop
  endfacet
  facet normal 0 0 -1
    outer loop
      vertex 59.8228 16.619 0
      vertex 32.1772 16.619 0
      vertex 59.8235 16.6203 0
    endloop
  endfacet
  facet normal 0 0 -1
    outer loop
      vertex 32.1765 16.6203 0
      vertex 59.8235 16.6203 0
      vertex 32.1772 16.619 0
    endloop
  endfacet
  facet normal 0 0 -1
    outer loop
      vertex 59.8235 16.6203 0
      vertex 32.1765 16.6203 0
      vertex 59.9466 16.8701 0
    endloop
  endfacet
  facet normal 0 0 -1
    outer loop
      vertex 32.0534 16.8701 0
      vertex 59.9466 16.8701 0
      vertex 32.1765 16.6203 0
    endloop
  endfacet
  facet normal 0 0 -1
    outer loop
      vertex 31.8987 17.1016 0
      vertex 59.9466 16.8701 0
      vertex 32.0534 16.8701 0
    endloop
  endfacet
  facet normal 0 0 -1
    outer loop
      vertex 31.8979 17.1028 0
      vertex 59.9466 16.8701 0
      vertex 31.8987 17.1016 0
    endloop
  endfacet
  facet normal 0 0 -1
    outer loop
      vertex 60.1021 17.1028 0
      vertex 31.8979 17.1028 0
      vertex 62 20 0
    endloop
  endfacet
  facet normal 0 0 -1
    outer loop
      vertex 30 20 0
      vertex 31.8979 17.1028 0
      vertex 31.8969 17.1039 0
    endloop
  endfacet
  facet normal 0 0 -1
    outer loop
      vertex 30 20 0
      vertex 31.8969 17.1039 0
      vertex 31.7133 17.3133 0
    endloop
  endfacet
  facet normal 0 0 -1
    outer loop
      vertex 30 20 0
      vertex 31.7133 17.3133 0
      vertex 31.5039 17.4969 0
    endloop
  endfacet
  facet normal 0 0 -1
    outer loop
      vertex 30 20 0
      vertex 31.5039 17.4969 0
      vertex 31.5028 17.4979 0
    endloop
  endfacet
  facet normal 0 0 -1
    outer loop
      vertex 30 20 0
      vertex 31.5028 17.4979 0
      vertex 31.5016 17.4987 0
    endloop
  endfacet
  facet normal 0 0 -1
    outer loop
      vertex 30 20 0
      vertex 31.5016 17.4987 0
      vertex 31.2701 17.6534 0
    endloop
  endfacet
  facet normal 0 0 -1
    outer loop
      vertex 30 20 0
      vertex 31.2701 17.6534 0
      vertex 31.0203 17.7765 0
    endloop
  endfacet
  facet normal 0 0 -1
    outer loop
      vertex 30 20 0
      vertex 31.0203 17.7765 0
      vertex 31.019 17.7772 0
    endloop
  endfacet
  facet normal 0 0 -1
    outer loop
      vertex 30 20 0
      vertex 31.019 17.7772 0
      vertex 31.0176 17.7777 0
    endloop
  endfacet
  facet normal 0 0 -1
    outer loop
      vertex 30 20 0
      vertex 31.0176 17.7777 0
      vertex 30.7539 17.8672 0
    endloop
  endfacet
  facet normal 0 0 -1
    outer loop
      vertex 30 20 0
      vertex 30.7539 17.8672 0
      vertex 30.7524 17.8675 0
    endloop
  endfacet
  facet normal 0 0 -1
    outer loop
      vertex 30 20 0
      vertex 30.7524 17.8675 0
      vertex 30.4793 17.9218 0
    endloop
  endfacet
  facet normal 0 0 -1
    outer loop
      vertex 30 20 0
      vertex 30.4793 17.9218 0
      vertex 30.2015 17.94 0
    endloop
  endfacet
  facet normal 0 0 -1
    outer loop
      vertex 30 20 0
      vertex 30.2015 17.94 0
      vertex 30.2 17.9401 0
    endloop
  endfacet
  facet normal 0 0 -1
    outer loop
      vertex 31.8979 17.1028 0
      vertex 30 20 0
      vertex 62 20 0
    endloop
  endfacet
  facet normal 0 0 -1
    outer loop
      vertex 30.1985 17.94 0
      vertex 30 20 0
      vertex 30.2 17.9401 0
    endloop
  endfacet
  facet normal 0 0 -1
    outer loop
      vertex 29.9207 17.9218 0
      vertex 30 20 0
      vertex 30.1985 17.94 0
    endloop
  endfacet
  facet normal 0 0 -1
    outer loop
      vertex 29.4779 19.9658 0
      vertex 29.9207 17.9218 0
      vertex 29.6476 17.8675 0
    endloop
  endfacet
  facet normal 0 0 -1
    outer loop
      vertex 29.4779 19.9658 0
      vertex 29.6476 17.8675 0
      vertex 29.6461 17.8672 0
    endloop
  endfacet
  facet normal 0 0 -1
    outer loop
      vertex 29.9207 17.9218 0
      vertex 29.4779 19.9658 0
      vertex 30 20 0
    endloop
  endfacet
  facet normal 0 0 -1
    outer loop
      vertex 28.9647 19.8637 0
      vertex 29.6461 17.8672 0
      vertex 29.3824 17.7777 0
    endloop
  endfacet
  facet normal 0 0 -1
    outer loop
      vertex 28.4693 19.6955 0
      vertex 29.3824 17.7777 0
      vertex 29.381 17.7772 0
    endloop
  endfacet
  facet normal 0 0 -1
    outer loop
      vertex 28.4693 19.6955 0
      vertex 29.381 17.7772 0
      vertex 29.3797 17.7765 0
    endloop
  endfacet
  facet normal 0 0 -1
    outer loop
      vertex 28.4693 19.6955 0
      vertex 29.3797 17.7765 0
      vertex 29.1299 17.6534 0
    endloop
  endfacet
  facet normal 0 0 -1
    outer loop
      vertex 29.6461 17.8672 0
      vertex 28.9647 19.8637 0
      vertex 29.4779 19.9658 0
    endloop
  endfacet
  facet normal 0 0 -1
    outer loop
      vertex 28 19.4641 0
      vertex 29.1299 17.6534 0
      vertex 28.8984 17.4987 0
    endloop
  endfacet
  facet normal 0 0 -1
    outer loop
      vertex 27.565 19.1734 0
      vertex 28.8984 17.4987 0
      vertex 28.8972 17.4979 0
    endloop
  endfacet
  facet normal 0 0 -1
    outer loop
      vertex 27.565 19.1734 0
      vertex 28.8972 17.4979 0
      vertex 28.8961 17.4969 0
    endloop
  endfacet
  facet normal 0 0 -1
    outer loop
      vertex 27.565 19.1734 0
      vertex 28.8961 17.4969 0
      vertex 28.6867 17.3133 0
    endloop
  endfacet
  facet normal 0 0 -1
    outer loop
      vertex 26.8266 18.435 0
      vertex 28.6867 17.3133 0
      vertex 28.5031 17.1039 0
    endloop
  endfacet
  facet normal 0 0 -1
    outer loop
      vertex 26.8266 18.435 0
      vertex 28.5031 17.1039 0
      vertex 28.5021 17.1028 0
    endloop
  endfacet
  facet normal 0 0 -1
    outer loop
      vertex 26.8266 18.435 0
      vertex 28.5021 17.1028 0
      vertex 28.5013 17.1016 0
    endloop
  endfacet
  facet normal 0 0 -1
    outer loop
      vertex 29.3824 17.7777 0
      vertex 28.4693 19.6955 0
      vertex 28.9647 19.8637 0
    endloop
  endfacet
  facet normal 0 0 -1
    outer loop
      vertex 26.5359 18 0
      vertex 28.5013 17.1016 0
      vertex 28.3466 16.8701 0
    endloop
  endfacet
  facet normal 0 0 -1
    outer loop
      vertex 26.3045 17.5307 0
      vertex 28.3466 16.8701 0
      vertex 28.2235 16.6203 0
    endloop
  endfacet
  facet normal 0 0 -1
    outer loop
      vertex 26.3045 17.5307 0
      vertex 28.2235 16.6203 0
      vertex 28.2228 16.619 0
    endloop
  endfacet
  facet normal 0 0 -1
    outer loop
      vertex 26.3045 17.5307 0
      vertex 28.2228 16.619 0
      vertex 28.2223 16.6176 0
    endloop
  endfacet
  facet normal 0 0 -1
    outer loop
      vertex 26.1363 17.0353 0
      vertex 28.2223 16.6176 0
      vertex 28.1328 16.3539 0
    endloop
  endfacet
  facet normal 0 0 -1
    outer loop
      vertex 26.0342 16.5221 0
      vertex 28.1328 16.3539 0
      vertex 28.1325 16.3524 0
    endloop
  endfacet
  facet normal 0 0 -1
    outer loop
      vertex 26.0342 16.5221 0
      vertex 28.1325 16.3524 0
      vertex 28.0782 16.0793 0
    endloop
  endfacet
  facet normal 0 0 -1
    outer loop
      vertex 29.1299 17.6534 0
      vertex 28 19.4641 0
      vertex 28.4693 19.6955 0
    endloop
  endfacet
  facet normal 0 0 -1
    outer loop
      vertex 26 16 0
      vertex 28.0782 16.0793 0
      vertex 28.06 15.8015 0
    endloop
  endfacet
  facet normal 0 0 -1
    outer loop
      vertex 26 16 0
      vertex 28.06 15.8015 0
      vertex 28.0599 15.8 0
    endloop
  endfacet
  facet normal 0 0 -1
    outer loop
      vertex 28.0782 15.5207 0
      vertex 26 16 0
      vertex 28.06 15.7985 0
    endloop
  endfacet
  facet normal -0 0 -1
    outer loop
      vertex 28.2223 -16.6176 0
      vertex 26.1363 -17.0353 0
      vertex 28.1328 -16.3539 0
    endloop
  endfacet
  facet normal 0 0 -1
    outer loop
      vertex 28.06 15.7985 0
      vertex 26 16 0
      vertex 28.0599 15.8 0
    endloop
  endfacet
  facet normal 0 0 -1
    outer loop
      vertex 26.0342 -16.5221 0
      vertex 28.1328 -16.3539 0
      vertex 26.1363 -17.0353 0
    endloop
  endfacet
  facet normal -0 0 -1
    outer loop
      vertex 28.0782 16.0793 0
      vertex 26 16 0
      vertex 26.0342 16.5221 0
    endloop
  endfacet
  facet normal -0 0 -1
    outer loop
      vertex 28.1328 -16.3539 0
      vertex 26.0342 -16.5221 0
      vertex 28.1325 -16.3524 0
    endloop
  endfacet
  facet normal 0 0 -1
    outer loop
      vertex 28.8984 17.4987 0
      vertex 27.565 19.1734 0
      vertex 28 19.4641 0
    endloop
  endfacet
  facet normal -0 0 -1
    outer loop
      vertex 28.1325 -16.3524 0
      vertex 26.0342 -16.5221 0
      vertex 28.0782 -16.0793 0
    endloop
  endfacet
  facet normal 0 0 -1
    outer loop
      vertex 28.6867 17.3133 0
      vertex 27.1716 18.8284 0
      vertex 27.565 19.1734 0
    endloop
  endfacet
  facet normal 0 0 -1
    outer loop
      vertex 26 -16 0
      vertex 28.0782 -16.0793 0
      vertex 26.0342 -16.5221 0
    endloop
  endfacet
  facet normal 0 0 -1
    outer loop
      vertex 28.6867 17.3133 0
      vertex 26.8266 18.435 0
      vertex 27.1716 18.8284 0
    endloop
  endfacet
  facet normal 0 0 -1
    outer loop
      vertex 28.0782 -16.0793 0
      vertex 26 -16 0
      vertex 28.06 -15.8015 0
    endloop
  endfacet
  facet normal 0 0 -1
    outer loop
      vertex 28.5013 17.1016 0
      vertex 26.5359 18 0
      vertex 26.8266 18.435 0
    endloop
  endfacet
  facet normal -0 0 -1
    outer loop
      vertex 28.06 -15.8015 0
      vertex 26 -16 0
      vertex 28.0599 -15.8 0
    endloop
  endfacet
  facet normal 0 0 -1
    outer loop
      vertex 28.3466 16.8701 0
      vertex 26.3045 17.5307 0
      vertex 26.5359 18 0
    endloop
  endfacet
  facet normal 0 0 -1
    outer loop
      vertex 28.2223 16.6176 0
      vertex 26.1363 17.0353 0
      vertex 26.3045 17.5307 0
    endloop
  endfacet
  facet normal 0 0 -1
    outer loop
      vertex 28.1328 16.3539 0
      vertex 26.0342 16.5221 0
      vertex 26.1363 17.0353 0
    endloop
  endfacet
  facet normal 0.555626 -0.831432 0
    outer loop
      vertex 64 -19.4641 0
      vertex 64.435 -19.1734 2
      vertex 64 -19.4641 2
    endloop
  endfacet
  facet normal 0.555626 -0.831432 0
    outer loop
      vertex 64.435 -19.1734 2
      vertex 64 -19.4641 0
      vertex 64.435 -19.1734 0
    endloop
  endfacet
  facet normal 0.659343 0.751842 -0
    outer loop
      vertex 64.8284 18.8284 0
      vertex 64.435 19.1734 2
      vertex 64.8284 18.8284 2
    endloop
  endfacet
  facet normal 0.659343 0.751842 0
    outer loop
      vertex 64.435 19.1734 2
      vertex 64.8284 18.8284 0
      vertex 64.435 19.1734 0
    endloop
  endfacet
  facet normal 0.659343 -0.751842 0
    outer loop
      vertex 64.435 -19.1734 0
      vertex 64.8284 -18.8284 2
      vertex 64.435 -19.1734 2
    endloop
  endfacet
  facet normal 0.659343 -0.751842 0
    outer loop
      vertex 64.8284 -18.8284 2
      vertex 64.435 -19.1734 0
      vertex 64.8284 -18.8284 0
    endloop
  endfacet
  facet normal 0.751842 -0.659343 0
    outer loop
      vertex 64.8284 -18.8284 2
      vertex 65.1734 -18.435 0
      vertex 65.1734 -18.435 2
    endloop
  endfacet
  facet normal 0.751842 -0.659343 0
    outer loop
      vertex 65.1734 -18.435 0
      vertex 64.8284 -18.8284 2
      vertex 64.8284 -18.8284 0
    endloop
  endfacet
  facet normal 0 0 1
    outer loop
      vertex 39.0515 4.94853 2
      vertex 29 13.054 2
      vertex 38.948 4.83051 2
    endloop
  endfacet
  facet normal 0 0 1
    outer loop
      vertex 38.7103 -3.94337 2
      vertex 31.3402 -15.6499 2
      vertex 31.35 -15.8 2
    endloop
  endfacet
  facet normal 0 0 1
    outer loop
      vertex 38.948 4.83051 2
      vertex 29 13.054 2
      vertex 38.8608 4.7 2
    endloop
  endfacet
  facet normal 0 0 1
    outer loop
      vertex 38.7103 -3.94337 2
      vertex 31.3108 -15.5024 2
      vertex 31.3402 -15.6499 2
    endloop
  endfacet
  facet normal 0 0 1
    outer loop
      vertex 38.8608 4.7 2
      vertex 29 13.054 2
      vertex 38.7913 4.55922 2
    endloop
  endfacet
  facet normal 0 0 1
    outer loop
      vertex 38.7103 -3.94337 2
      vertex 31.2625 -15.3599 2
      vertex 31.3108 -15.5024 2
    endloop
  endfacet
  facet normal 0 0 1
    outer loop
      vertex 38.7913 4.55922 2
      vertex 29 13.054 2
      vertex 38.7409 4.41058 2
    endloop
  endfacet
  facet normal 0 0 1
    outer loop
      vertex 38.7103 -3.94337 2
      vertex 31.1959 -15.225 2
      vertex 31.2625 -15.3599 2
    endloop
  endfacet
  facet normal 0 0 1
    outer loop
      vertex 38.7409 4.41058 2
      vertex 29 13.054 2
      vertex 38.7103 4.25663 2
    endloop
  endfacet
  facet normal 0 0 1
    outer loop
      vertex 38.7103 -3.94337 2
      vertex 31.1124 -15.0999 2
      vertex 31.1959 -15.225 2
    endloop
  endfacet
  facet normal 0 0 1
    outer loop
      vertex 38.7 4.1 2
      vertex 29 13.054 2
      vertex 38.7103 3.94337 2
    endloop
  endfacet
  facet normal 0 0 1
    outer loop
      vertex 38.7103 -3.94337 2
      vertex 31.0132 -14.9868 2
      vertex 31.1124 -15.0999 2
    endloop
  endfacet
  facet normal 0 0 1
    outer loop
      vertex 38.7103 3.94337 2
      vertex 29 13.054 2
      vertex 38.7103 -3.94337 2
    endloop
  endfacet
  facet normal 0 0 1
    outer loop
      vertex 38.7103 -3.94337 2
      vertex 30.9001 -14.8876 2
      vertex 31.0132 -14.9868 2
    endloop
  endfacet
  facet normal 0 0 1
    outer loop
      vertex 38.7103 4.25663 2
      vertex 29 13.054 2
      vertex 38.7 4.1 2
    endloop
  endfacet
  facet normal 0 0 1
    outer loop
      vertex 29 -13.054 2
      vertex 38.7103 -3.94337 2
      vertex 29 13.054 2
    endloop
  endfacet
  facet normal 0 0 1
    outer loop
      vertex 29 13.054 2
      vertex 30.775 14.8041 2
      vertex 30.6401 14.7375 2
    endloop
  endfacet
  facet normal 0 0 1
    outer loop
      vertex 38.7103 -3.94337 2
      vertex 29 -13.054 2
      vertex 30.9001 -14.8876 2
    endloop
  endfacet
  facet normal 0 0 1
    outer loop
      vertex 29 13.054 2
      vertex 30.6401 14.7375 2
      vertex 30.4976 14.6892 2
    endloop
  endfacet
  facet normal 0 0 1
    outer loop
      vertex 30.9001 -14.8876 2
      vertex 29 -13.054 2
      vertex 30.775 -14.8041 2
    endloop
  endfacet
  facet normal 0 0 1
    outer loop
      vertex 29 13.054 2
      vertex 30.4976 14.6892 2
      vertex 30.3501 14.6598 2
    endloop
  endfacet
  facet normal 0 0 1
    outer loop
      vertex 30.775 -14.8041 2
      vertex 29 -13.054 2
      vertex 30.6401 -14.7375 2
    endloop
  endfacet
  facet normal 0 0 1
    outer loop
      vertex 29 13.054 2
      vertex 30.3501 14.6598 2
      vertex 30.2 14.65 2
    endloop
  endfacet
  facet normal 0 0 1
    outer loop
      vertex 30.6401 -14.7375 2
      vertex 29 -13.054 2
      vertex 30.4976 -14.6892 2
    endloop
  endfacet
  facet normal 0 0 1
    outer loop
      vertex 29 13.054 2
      vertex 30.2 14.65 2
      vertex 30.0499 14.6598 2
    endloop
  endfacet
  facet normal 0 0 1
    outer loop
      vertex 30.4976 -14.6892 2
      vertex 29 -13.054 2
      vertex 30.3501 -14.6598 2
    endloop
  endfacet
  facet normal 0 0 1
    outer loop
      vertex 29 13.054 2
      vertex 30.0499 14.6598 2
      vertex 29.9024 14.6892 2
    endloop
  endfacet
  facet normal 0 0 1
    outer loop
      vertex 30.3501 -14.6598 2
      vertex 29 -13.054 2
      vertex 30.2 -14.65 2
    endloop
  endfacet
  facet normal 0 0 1
    outer loop
      vertex 29 13.054 2
      vertex 29.9024 14.6892 2
      vertex 29.7599 14.7375 2
    endloop
  endfacet
  facet normal 0 0 1
    outer loop
      vertex 30.2 -14.65 2
      vertex 29 -13.054 2
      vertex 30.0499 -14.6598 2
    endloop
  endfacet
  facet normal 0 0 1
    outer loop
      vertex 29 13.054 2
      vertex 29.7599 14.7375 2
      vertex 29.625 14.8041 2
    endloop
  endfacet
  facet normal 0 0 1
    outer loop
      vertex 30.0499 -14.6598 2
      vertex 29 -13.054 2
      vertex 29.9024 -14.6892 2
    endloop
  endfacet
  facet normal 0 0 1
    outer loop
      vertex 28.7 13.2019 2
      vertex 29.625 14.8041 2
      vertex 29.4999 14.8876 2
    endloop
  endfacet
  facet normal 0 0 1
    outer loop
      vertex 29.9024 -14.6892 2
      vertex 29 -13.054 2
      vertex 29.7599 -14.7375 2
    endloop
  endfacet
  facet normal 0 0 1
    outer loop
      vertex 28.3737 13.4199 2
      vertex 29.4999 14.8876 2
      vertex 29.3868 14.9868 2
    endloop
  endfacet
  facet normal 0 0 1
    outer loop
      vertex 29.7599 -14.7375 2
      vertex 29 -13.054 2
      vertex 29.625 -14.8041 2
    endloop
  endfacet
  facet normal 0 0 1
    outer loop
      vertex 28.0787 13.6787 2
      vertex 29.3868 14.9868 2
      vertex 29.2876 15.0999 2
    endloop
  endfacet
  facet normal -0 0 1
    outer loop
      vertex 28.7 -13.2019 2
      vertex 29.625 -14.8041 2
      vertex 29 -13.054 2
    endloop
  endfacet
  facet normal 0 0 1
    outer loop
      vertex 27.8 14.0036 2
      vertex 29.2876 15.0999 2
      vertex 29.2041 15.225 2
    endloop
  endfacet
  facet normal 0 0 1
    outer loop
      vertex 29.625 -14.8041 2
      vertex 28.7 -13.2019 2
      vertex 29.4999 -14.8876 2
    endloop
  endfacet
  facet normal 0 0 1
    outer loop
      vertex 27.8 14.0036 2
      vertex 29.2041 15.225 2
      vertex 29.1375 15.3599 2
    endloop
  endfacet
  facet normal -0 0 1
    outer loop
      vertex 28.3737 -13.4199 2
      vertex 29.4999 -14.8876 2
      vertex 28.7 -13.2019 2
    endloop
  endfacet
  facet normal 0 0 1
    outer loop
      vertex 27.8 14.0036 2
      vertex 29.1375 15.3599 2
      vertex 29.0892 15.5024 2
    endloop
  endfacet
  facet normal 0 0 1
    outer loop
      vertex 29.4999 -14.8876 2
      vertex 28.3737 -13.4199 2
      vertex 29.3868 -14.9868 2
    endloop
  endfacet
  facet normal 0 0 1
    outer loop
      vertex 27.8 14.0036 2
      vertex 29.0892 15.5024 2
      vertex 29.0598 15.6499 2
    endloop
  endfacet
  facet normal -0 0 1
    outer loop
      vertex 28.0787 -13.6787 2
      vertex 29.3868 -14.9868 2
      vertex 28.3737 -13.4199 2
    endloop
  endfacet
  facet normal 0 0 1
    outer loop
      vertex 26 16 2
      vertex 29.0598 15.6499 2
      vertex 29.05 15.8 2
    endloop
  endfacet
  facet normal 0 0 1
    outer loop
      vertex 29.3868 -14.9868 2
      vertex 28.0787 -13.6787 2
      vertex 29.2876 -15.0999 2
    endloop
  endfacet
  facet normal 0 0 1
    outer loop
      vertex 43.25 -18.2 2
      vertex 31.9964 -18.2 2
      vertex 43.25 -19 2
    endloop
  endfacet
  facet normal 0 0 1
    outer loop
      vertex 63 13.054 2
      vertex 53.2591 3.78942 2
      vertex 63 -13.054 2
    endloop
  endfacet
  facet normal 0 0 1
    outer loop
      vertex 63 -13.054 2
      vertex 53.2897 -3.94337 2
      vertex 53.3 -4.1 2
    endloop
  endfacet
  facet normal -0 0 1
    outer loop
      vertex 53.2591 -3.78942 2
      vertex 63 -13.054 2
      vertex 53.2591 3.78942 2
    endloop
  endfacet
  facet normal 0 0 1
    outer loop
      vertex 63 -13.054 2
      vertex 53.2591 -3.78942 2
      vertex 53.2897 -3.94337 2
    endloop
  endfacet
  facet normal -0 0 1
    outer loop
      vertex 53.2087 3.64078 2
      vertex 53.2591 -3.78942 2
      vertex 53.2591 3.78942 2
    endloop
  endfacet
  facet normal 0 0 1
    outer loop
      vertex 53.2087 3.64078 2
      vertex 53.2087 -3.64078 2
      vertex 53.2591 -3.78942 2
    endloop
  endfacet
  facet normal -0 0 1
    outer loop
      vertex 53.1392 3.5 2
      vertex 53.2087 -3.64078 2
      vertex 53.2087 3.64078 2
    endloop
  endfacet
  facet normal 0 0 1
    outer loop
      vertex 53.1392 3.5 2
      vertex 53.1392 -3.5 2
      vertex 53.2087 -3.64078 2
    endloop
  endfacet
  facet normal -0 0 1
    outer loop
      vertex 53.052 3.36949 2
      vertex 53.1392 -3.5 2
      vertex 53.1392 3.5 2
    endloop
  endfacet
  facet normal 0 0 1
    outer loop
      vertex 53.052 3.36949 2
      vertex 53.052 -3.36949 2
      vertex 53.1392 -3.5 2
    endloop
  endfacet
  facet normal -0 0 1
    outer loop
      vertex 52.9485 3.25147 2
      vertex 53.052 -3.36949 2
      vertex 53.052 3.36949 2
    endloop
  endfacet
  facet normal 0 0 1
    outer loop
      vertex 52.9485 3.25147 2
      vertex 52.9485 -3.25147 2
      vertex 53.052 -3.36949 2
    endloop
  endfacet
  facet normal -0 0 1
    outer loop
      vertex 52.8305 3.14798 2
      vertex 52.9485 -3.25147 2
      vertex 52.9485 3.25147 2
    endloop
  endfacet
  facet normal 0 0 1
    outer loop
      vertex 52.8305 3.14798 2
      vertex 52.8305 -3.14798 2
      vertex 52.9485 -3.25147 2
    endloop
  endfacet
  facet normal -0 0 1
    outer loop
      vertex 52.7 3.06077 2
      vertex 52.8305 -3.14798 2
      vertex 52.8305 3.14798 2
    endloop
  endfacet
  facet normal 0 0 1
    outer loop
      vertex 52.7 3.06077 2
      vertex 52.7 -3.06077 2
      vertex 52.8305 -3.14798 2
    endloop
  endfacet
  facet normal -0 0 1
    outer loop
      vertex 52.5592 2.99134 2
      vertex 52.7 -3.06077 2
      vertex 52.7 3.06077 2
    endloop
  endfacet
  facet normal 0 0 1
    outer loop
      vertex 52.5592 2.99134 2
      vertex 52.5592 -2.99134 2
      vertex 52.7 -3.06077 2
    endloop
  endfacet
  facet normal -0 0 1
    outer loop
      vertex 52.4106 2.94089 2
      vertex 52.5592 -2.99134 2
      vertex 52.5592 2.99134 2
    endloop
  endfacet
  facet normal 0 0 1
    outer loop
      vertex 52.4106 2.94089 2
      vertex 52.4106 -2.94089 2
      vertex 52.5592 -2.99134 2
    endloop
  endfacet
  facet normal -0 0 1
    outer loop
      vertex 52.2566 2.91027 2
      vertex 52.4106 -2.94089 2
      vertex 52.4106 2.94089 2
    endloop
  endfacet
  facet normal 0 0 1
    outer loop
      vertex 52.2566 2.91027 2
      vertex 52.2566 -2.91027 2
      vertex 52.4106 -2.94089 2
    endloop
  endfacet
  facet normal -0 0 1
    outer loop
      vertex 52.1 2.9 2
      vertex 52.2566 -2.91027 2
      vertex 52.2566 2.91027 2
    endloop
  endfacet
  facet normal 0 0 1
    outer loop
      vertex 52.1 2.9 2
      vertex 52.1 -2.9 2
      vertex 52.2566 -2.91027 2
    endloop
  endfacet
  facet normal 0 0 1
    outer loop
      vertex 51.9434 2.91027 2
      vertex 52.1 -2.9 2
      vertex 52.1 2.9 2
    endloop
  endfacet
  facet normal 0 0 1
    outer loop
      vertex 51.9434 2.91027 2
      vertex 51.9434 -2.91027 2
      vertex 52.1 -2.9 2
    endloop
  endfacet
  facet normal 0 0 1
    outer loop
      vertex 51.7894 2.94089 2
      vertex 51.9434 -2.91027 2
      vertex 51.9434 2.91027 2
    endloop
  endfacet
  facet normal 0 0 1
    outer loop
      vertex 51.7894 2.94089 2
      vertex 51.7894 -2.94089 2
      vertex 51.9434 -2.91027 2
    endloop
  endfacet
  facet normal 0 0 1
    outer loop
      vertex 51.6408 2.99134 2
      vertex 51.7894 -2.94089 2
      vertex 51.7894 2.94089 2
    endloop
  endfacet
  facet normal 0 0 1
    outer loop
      vertex 51.6408 2.99134 2
      vertex 51.6408 -2.99134 2
      vertex 51.7894 -2.94089 2
    endloop
  endfacet
  facet normal 0 0 1
    outer loop
      vertex 51.5 3.06077 2
      vertex 51.6408 -2.99134 2
      vertex 51.6408 2.99134 2
    endloop
  endfacet
  facet normal 0 0 1
    outer loop
      vertex 51.5 3.06077 2
      vertex 51.5 -3.06077 2
      vertex 51.6408 -2.99134 2
    endloop
  endfacet
  facet normal 0 0 1
    outer loop
      vertex 51.3695 3.14798 2
      vertex 51.5 -3.06077 2
      vertex 51.5 3.06077 2
    endloop
  endfacet
  facet normal 0 0 1
    outer loop
      vertex 51.3695 3.14798 2
      vertex 51.3695 -3.14798 2
      vertex 51.5 -3.06077 2
    endloop
  endfacet
  facet normal 0 0 1
    outer loop
      vertex 51.2515 3.25147 2
      vertex 51.3695 -3.14798 2
      vertex 51.3695 3.14798 2
    endloop
  endfacet
  facet normal 0 0 1
    outer loop
      vertex 51.2515 3.25147 2
      vertex 51.2515 -3.25147 2
      vertex 51.3695 -3.14798 2
    endloop
  endfacet
  facet normal 0 0 1
    outer loop
      vertex 51.148 3.36949 2
      vertex 51.2515 -3.25147 2
      vertex 51.2515 3.25147 2
    endloop
  endfacet
  facet normal 0 0 1
    outer loop
      vertex 51.148 3.36949 2
      vertex 51.148 -3.36949 2
      vertex 51.2515 -3.25147 2
    endloop
  endfacet
  facet normal 0 0 1
    outer loop
      vertex 51.0608 3.5 2
      vertex 51.148 -3.36949 2
      vertex 51.148 3.36949 2
    endloop
  endfacet
  facet normal 0 0 1
    outer loop
      vertex 51.0608 3.5 2
      vertex 51.0608 -3.5 2
      vertex 51.148 -3.36949 2
    endloop
  endfacet
  facet normal 0 0 1
    outer loop
      vertex 40.9392 3.5 2
      vertex 51.0608 3.5 2
      vertex 50.9913 3.64078 2
    endloop
  endfacet
  facet normal 0 0 1
    outer loop
      vertex 51.0608 3.5 2
      vertex 40.9392 3.5 2
      vertex 51.0608 -3.5 2
    endloop
  endfacet
  facet normal 0 0 1
    outer loop
      vertex 41.0087 3.64078 2
      vertex 50.9913 3.64078 2
      vertex 50.9409 3.78942 2
    endloop
  endfacet
  facet normal 0 0 1
    outer loop
      vertex 40.9392 -3.5 2
      vertex 51.0608 -3.5 2
      vertex 40.9392 3.5 2
    endloop
  endfacet
  facet normal 0 0 1
    outer loop
      vertex 41.0591 3.78942 2
      vertex 50.9409 3.78942 2
      vertex 50.9103 3.94337 2
    endloop
  endfacet
  facet normal 0 0 1
    outer loop
      vertex 51.0608 -3.5 2
      vertex 40.9392 -3.5 2
      vertex 50.9913 -3.64078 2
    endloop
  endfacet
  facet normal 0 0 1
    outer loop
      vertex 41.0897 3.94337 2
      vertex 50.9103 3.94337 2
      vertex 50.9 4.1 2
    endloop
  endfacet
  facet normal 0 -0 1
    outer loop
      vertex 41.0087 -3.64078 2
      vertex 50.9913 -3.64078 2
      vertex 40.9392 -3.5 2
    endloop
  endfacet
  facet normal -0 0 1
    outer loop
      vertex 53.052 -4.83051 2
      vertex 63 -13.054 2
      vertex 53.1392 -4.7 2
    endloop
  endfacet
  facet normal -0 0 1
    outer loop
      vertex 52.9485 -4.94853 2
      vertex 63 -13.054 2
      vertex 53.052 -4.83051 2
    endloop
  endfacet
  facet normal 0 0 1
    outer loop
      vertex 59.054 17 2
      vertex 59.9737 18.1801 2
      vertex 59.6787 17.9213 2
    endloop
  endfacet
  facet normal 0 -0 1
    outer loop
      vertex 59.2019 -17.3 2
      vertex 60.6892 -15.5024 2
      vertex 59.054 -17 2
    endloop
  endfacet
  facet normal 0 0 1
    outer loop
      vertex 59.054 17 2
      vertex 59.6787 17.9213 2
      vertex 59.4199 17.6263 2
    endloop
  endfacet
  facet normal 0 -0 1
    outer loop
      vertex 59.9737 -18.1801 2
      vertex 60.6892 -15.5024 2
      vertex 59.6787 -17.9213 2
    endloop
  endfacet
  facet normal 0 0 1
    outer loop
      vertex 59.054 17 2
      vertex 59.4199 17.6263 2
      vertex 59.2019 17.3 2
    endloop
  endfacet
  facet normal 0 0 1
    outer loop
      vertex 60.6892 -15.5024 2
      vertex 59.9737 -18.1801 2
      vertex 60.0036 -18.2 2
    endloop
  endfacet
  facet normal 0 0 1
    outer loop
      vertex 60.6892 -15.5024 2
      vertex 59.4199 -17.6263 2
      vertex 59.6787 -17.9213 2
    endloop
  endfacet
  facet normal 0 0 1
    outer loop
      vertex 60.6892 -15.5024 2
      vertex 59.2019 -17.3 2
      vertex 59.4199 -17.6263 2
    endloop
  endfacet
  facet normal 0 0 1
    outer loop
      vertex 63 -13.054 2
      vertex 52.9485 -4.94853 2
      vertex 61.225 -14.8041 2
    endloop
  endfacet
  facet normal 0 0 1
    outer loop
      vertex 59.054 17 2
      vertex 53.2897 4.25663 2
      vertex 53.3 4.1 2
    endloop
  endfacet
  facet normal 0 0 1
    outer loop
      vertex 59.054 17 2
      vertex 53.2591 4.41058 2
      vertex 53.2897 4.25663 2
    endloop
  endfacet
  facet normal 0 0 1
    outer loop
      vertex 59.054 17 2
      vertex 53.2087 4.55922 2
      vertex 53.2591 4.41058 2
    endloop
  endfacet
  facet normal 0 0 1
    outer loop
      vertex 59.054 17 2
      vertex 53.1392 4.7 2
      vertex 53.2087 4.55922 2
    endloop
  endfacet
  facet normal 0 0 1
    outer loop
      vertex 59.054 17 2
      vertex 53.052 4.83051 2
      vertex 53.1392 4.7 2
    endloop
  endfacet
  facet normal 0 0 1
    outer loop
      vertex 59.054 17 2
      vertex 52.9485 4.94853 2
      vertex 53.052 4.83051 2
    endloop
  endfacet
  facet normal 0 0 1
    outer loop
      vertex 59.054 17 2
      vertex 52.8305 5.05202 2
      vertex 52.9485 4.94853 2
    endloop
  endfacet
  facet normal 0 0 1
    outer loop
      vertex 59.054 17 2
      vertex 52.7 5.13923 2
      vertex 52.8305 5.05202 2
    endloop
  endfacet
  facet normal 0 0 1
    outer loop
      vertex 59.054 17 2
      vertex 52.5592 5.20866 2
      vertex 52.7 5.13923 2
    endloop
  endfacet
  facet normal 0 0 1
    outer loop
      vertex 59.054 17 2
      vertex 52.4106 5.25911 2
      vertex 52.5592 5.20866 2
    endloop
  endfacet
  facet normal 0 0 1
    outer loop
      vertex 59.054 17 2
      vertex 52.2566 5.28973 2
      vertex 52.4106 5.25911 2
    endloop
  endfacet
  facet normal 0 0 1
    outer loop
      vertex 59.054 17 2
      vertex 52.1 5.3 2
      vertex 52.2566 5.28973 2
    endloop
  endfacet
  facet normal 0 0 1
    outer loop
      vertex 59.054 17 2
      vertex 51.9434 5.28973 2
      vertex 52.1 5.3 2
    endloop
  endfacet
  facet normal 0 0 1
    outer loop
      vertex 59.054 17 2
      vertex 51.7894 5.25911 2
      vertex 51.9434 5.28973 2
    endloop
  endfacet
  facet normal 0 0 1
    outer loop
      vertex 59.054 17 2
      vertex 51.6408 5.20866 2
      vertex 51.7894 5.25911 2
    endloop
  endfacet
  facet normal 0 0 1
    outer loop
      vertex 40.3592 5.20866 2
      vertex 51.6408 5.20866 2
      vertex 59.054 17 2
    endloop
  endfacet
  facet normal 0 0 1
    outer loop
      vertex 51.6408 5.20866 2
      vertex 40.3592 5.20866 2
      vertex 51.5 5.13923 2
    endloop
  endfacet
  facet normal 0 -0 1
    outer loop
      vertex 40.5 5.13923 2
      vertex 51.5 5.13923 2
      vertex 40.3592 5.20866 2
    endloop
  endfacet
  facet normal 0 -0 1
    outer loop
      vertex 40.6305 5.05202 2
      vertex 51.3695 5.05202 2
      vertex 40.5 5.13923 2
    endloop
  endfacet
  facet normal 0 0 1
    outer loop
      vertex 51.3695 5.05202 2
      vertex 40.6305 5.05202 2
      vertex 51.2515 4.94853 2
    endloop
  endfacet
  facet normal 0 -0 1
    outer loop
      vertex 41.0591 -3.78942 2
      vertex 50.9409 -3.78942 2
      vertex 41.0087 -3.64078 2
    endloop
  endfacet
  facet normal 0 0 1
    outer loop
      vertex 41.1 4.1 2
      vertex 50.9 4.1 2
      vertex 50.9103 4.25663 2
    endloop
  endfacet
  facet normal 0 0 1
    outer loop
      vertex 41.0591 -4.41058 2
      vertex 50.9 -4.1 2
      vertex 41.0897 -4.25663 2
    endloop
  endfacet
  facet normal 0 0 1
    outer loop
      vertex 41.0897 4.25663 2
      vertex 50.9103 4.25663 2
      vertex 50.9409 4.41058 2
    endloop
  endfacet
  facet normal 0 0 1
    outer loop
      vertex 41.0591 4.41058 2
      vertex 50.9409 4.41058 2
      vertex 50.9913 4.55922 2
    endloop
  endfacet
  facet normal 0 0 1
    outer loop
      vertex 50.9103 3.94337 2
      vertex 41.0897 3.94337 2
      vertex 41.0591 3.78942 2
    endloop
  endfacet
  facet normal 0 0 1
    outer loop
      vertex 50.9 4.1 2
      vertex 41.1 4.1 2
      vertex 41.0897 3.94337 2
    endloop
  endfacet
  facet normal 0 0 1
    outer loop
      vertex 41.0087 4.55922 2
      vertex 50.9913 4.55922 2
      vertex 51.0608 4.7 2
    endloop
  endfacet
  facet normal 0 -0 1
    outer loop
      vertex 40.7485 4.94853 2
      vertex 51.2515 4.94853 2
      vertex 40.6305 5.05202 2
    endloop
  endfacet
  facet normal 0 0 1
    outer loop
      vertex 50.9103 4.25663 2
      vertex 41.0897 4.25663 2
      vertex 41.1 4.1 2
    endloop
  endfacet
  facet normal 0 0 1
    outer loop
      vertex 50.9409 4.41058 2
      vertex 41.0591 4.41058 2
      vertex 41.0897 4.25663 2
    endloop
  endfacet
  facet normal 0 0 1
    outer loop
      vertex 50.9913 4.55922 2
      vertex 41.0087 4.55922 2
      vertex 41.0591 4.41058 2
    endloop
  endfacet
  facet normal 0 0 1
    outer loop
      vertex 51.0608 4.7 2
      vertex 40.9392 4.7 2
      vertex 41.0087 4.55922 2
    endloop
  endfacet
  facet normal 0 0 1
    outer loop
      vertex 51.0608 4.7 2
      vertex 40.852 4.83051 2
      vertex 40.9392 4.7 2
    endloop
  endfacet
  facet normal 0 0 1
    outer loop
      vertex 51.148 4.83051 2
      vertex 40.852 4.83051 2
      vertex 51.0608 4.7 2
    endloop
  endfacet
  facet normal 0 -0 1
    outer loop
      vertex 40.852 4.83051 2
      vertex 51.148 4.83051 2
      vertex 40.7485 4.94853 2
    endloop
  endfacet
  facet normal 0 0 1
    outer loop
      vertex 51.2515 4.94853 2
      vertex 40.7485 4.94853 2
      vertex 51.148 4.83051 2
    endloop
  endfacet
  facet normal 0 0 1
    outer loop
      vertex 51.5 5.13923 2
      vertex 40.5 5.13923 2
      vertex 51.3695 5.05202 2
    endloop
  endfacet
  facet normal -0 0 1
    outer loop
      vertex 32.946 17 2
      vertex 40.3592 5.20866 2
      vertex 59.054 17 2
    endloop
  endfacet
  facet normal 0 0 1
    outer loop
      vertex 40.3592 5.20866 2
      vertex 32.946 17 2
      vertex 40.2106 5.25911 2
    endloop
  endfacet
  facet normal 0 0 1
    outer loop
      vertex 40.2106 5.25911 2
      vertex 32.946 17 2
      vertex 40.0566 5.28973 2
    endloop
  endfacet
  facet normal 0 0 1
    outer loop
      vertex 40.0566 5.28973 2
      vertex 32.946 17 2
      vertex 39.9 5.3 2
    endloop
  endfacet
  facet normal 0 0 1
    outer loop
      vertex 39.9 5.3 2
      vertex 32.946 17 2
      vertex 39.7434 5.28973 2
    endloop
  endfacet
  facet normal 0 0 1
    outer loop
      vertex 39.7434 5.28973 2
      vertex 32.946 17 2
      vertex 39.5894 5.25911 2
    endloop
  endfacet
  facet normal 0 0 1
    outer loop
      vertex 39.5894 5.25911 2
      vertex 32.946 17 2
      vertex 39.4408 5.20866 2
    endloop
  endfacet
  facet normal -0 0 1
    outer loop
      vertex 30.775 14.8041 2
      vertex 39.0515 4.94853 2
      vertex 30.9001 14.8876 2
    endloop
  endfacet
  facet normal 0 0 1
    outer loop
      vertex 39.3 5.13923 2
      vertex 31.0132 14.9868 2
      vertex 39.1695 5.05202 2
    endloop
  endfacet
  facet normal -0 0 1
    outer loop
      vertex 31.0132 14.9868 2
      vertex 39.3 5.13923 2
      vertex 31.1124 15.0999 2
    endloop
  endfacet
  facet normal 0 0 1
    outer loop
      vertex 39.4408 5.20866 2
      vertex 31.1124 15.0999 2
      vertex 39.3 5.13923 2
    endloop
  endfacet
  facet normal -0 0 1
    outer loop
      vertex 31.1124 15.0999 2
      vertex 39.4408 5.20866 2
      vertex 31.1959 15.225 2
    endloop
  endfacet
  facet normal 0 0 1
    outer loop
      vertex 32.946 17 2
      vertex 31.1959 15.225 2
      vertex 39.4408 5.20866 2
    endloop
  endfacet
  facet normal 0 0 1
    outer loop
      vertex 31.1959 15.225 2
      vertex 32.946 17 2
      vertex 31.2625 15.3599 2
    endloop
  endfacet
  facet normal 0 0 1
    outer loop
      vertex 31.3108 15.5024 2
      vertex 32.946 17 2
      vertex 31.3402 15.6499 2
    endloop
  endfacet
  facet normal 0 0 1
    outer loop
      vertex 31.3402 15.6499 2
      vertex 32.946 17 2
      vertex 31.35 15.8 2
    endloop
  endfacet
  facet normal 0 0 1
    outer loop
      vertex 31.2625 15.3599 2
      vertex 32.946 17 2
      vertex 31.3108 15.5024 2
    endloop
  endfacet
  facet normal -0 0 1
    outer loop
      vertex 62.6132 14.9868 2
      vertex 63.9213 13.6787 2
      vertex 62.7124 15.0999 2
    endloop
  endfacet
  facet normal 0 0 1
    outer loop
      vertex 63 -13.054 2
      vertex 62.9402 -15.6499 2
      vertex 62.95 -15.8 2
    endloop
  endfacet
  facet normal 0 0 1
    outer loop
      vertex 63.9213 13.6787 2
      vertex 62.6132 14.9868 2
      vertex 63.6263 13.4199 2
    endloop
  endfacet
  facet normal 0 0 1
    outer loop
      vertex 63 -13.054 2
      vertex 62.9108 -15.5024 2
      vertex 62.9402 -15.6499 2
    endloop
  endfacet
  facet normal -0 0 1
    outer loop
      vertex 62.5001 14.8876 2
      vertex 63.6263 13.4199 2
      vertex 62.6132 14.9868 2
    endloop
  endfacet
  facet normal 0 0 1
    outer loop
      vertex 63 -13.054 2
      vertex 62.8625 -15.3599 2
      vertex 62.9108 -15.5024 2
    endloop
  endfacet
  facet normal 0 0 1
    outer loop
      vertex 63.6263 13.4199 2
      vertex 62.5001 14.8876 2
      vertex 63.3 13.2019 2
    endloop
  endfacet
  facet normal 0 0 1
    outer loop
      vertex 63 -13.054 2
      vertex 62.7959 -15.225 2
      vertex 62.8625 -15.3599 2
    endloop
  endfacet
  facet normal -0 0 1
    outer loop
      vertex 62.375 14.8041 2
      vertex 63.3 13.2019 2
      vertex 62.5001 14.8876 2
    endloop
  endfacet
  facet normal 0 0 1
    outer loop
      vertex 63 -13.054 2
      vertex 62.7124 -15.0999 2
      vertex 62.7959 -15.225 2
    endloop
  endfacet
  facet normal 0 0 1
    outer loop
      vertex 63.3 13.2019 2
      vertex 62.375 14.8041 2
      vertex 63 13.054 2
    endloop
  endfacet
  facet normal 0 0 1
    outer loop
      vertex 63 -13.054 2
      vertex 62.6132 -14.9868 2
      vertex 62.7124 -15.0999 2
    endloop
  endfacet
  facet normal -0 0 1
    outer loop
      vertex 62.2401 14.7375 2
      vertex 63 13.054 2
      vertex 62.375 14.8041 2
    endloop
  endfacet
  facet normal 0 0 1
    outer loop
      vertex 63 -13.054 2
      vertex 62.5001 -14.8876 2
      vertex 62.6132 -14.9868 2
    endloop
  endfacet
  facet normal -0 0 1
    outer loop
      vertex 62.0976 14.6892 2
      vertex 63 13.054 2
      vertex 62.2401 14.7375 2
    endloop
  endfacet
  facet normal 0 0 1
    outer loop
      vertex 63 -13.054 2
      vertex 62.375 -14.8041 2
      vertex 62.5001 -14.8876 2
    endloop
  endfacet
  facet normal -0 0 1
    outer loop
      vertex 61.9501 14.6598 2
      vertex 63 13.054 2
      vertex 62.0976 14.6892 2
    endloop
  endfacet
  facet normal 0 0 1
    outer loop
      vertex 63 -13.054 2
      vertex 62.2401 -14.7375 2
      vertex 62.375 -14.8041 2
    endloop
  endfacet
  facet normal -0 0 1
    outer loop
      vertex 61.8 14.65 2
      vertex 63 13.054 2
      vertex 61.9501 14.6598 2
    endloop
  endfacet
  facet normal 0 0 1
    outer loop
      vertex 63 -13.054 2
      vertex 62.0976 -14.6892 2
      vertex 62.2401 -14.7375 2
    endloop
  endfacet
  facet normal 0 0 1
    outer loop
      vertex 61.6499 14.6598 2
      vertex 63 13.054 2
      vertex 61.8 14.65 2
    endloop
  endfacet
  facet normal 0 0 1
    outer loop
      vertex 63 -13.054 2
      vertex 61.9501 -14.6598 2
      vertex 62.0976 -14.6892 2
    endloop
  endfacet
  facet normal 0 0 1
    outer loop
      vertex 61.5024 14.6892 2
      vertex 63 13.054 2
      vertex 61.6499 14.6598 2
    endloop
  endfacet
  facet normal 0 0 1
    outer loop
      vertex 63 -13.054 2
      vertex 61.8 -14.65 2
      vertex 61.9501 -14.6598 2
    endloop
  endfacet
  facet normal 0 0 1
    outer loop
      vertex 61.3599 14.7375 2
      vertex 63 13.054 2
      vertex 61.5024 14.6892 2
    endloop
  endfacet
  facet normal 0 0 1
    outer loop
      vertex 63 -13.054 2
      vertex 61.6499 -14.6598 2
      vertex 61.8 -14.65 2
    endloop
  endfacet
  facet normal 0 0 1
    outer loop
      vertex 61.225 14.8041 2
      vertex 63 13.054 2
      vertex 61.3599 14.7375 2
    endloop
  endfacet
  facet normal 0 0 1
    outer loop
      vertex 63 -13.054 2
      vertex 61.5024 -14.6892 2
      vertex 61.6499 -14.6598 2
    endloop
  endfacet
  facet normal 0 0 1
    outer loop
      vertex 53.3 4.1 2
      vertex 61.225 14.8041 2
      vertex 61.0999 14.8876 2
    endloop
  endfacet
  facet normal 0 0 1
    outer loop
      vertex 63 -13.054 2
      vertex 61.3599 -14.7375 2
      vertex 61.5024 -14.6892 2
    endloop
  endfacet
  facet normal 0 0 1
    outer loop
      vertex 61.225 14.8041 2
      vertex 53.3 4.1 2
      vertex 63 13.054 2
    endloop
  endfacet
  facet normal 0 0 1
    outer loop
      vertex 63 -13.054 2
      vertex 61.225 -14.8041 2
      vertex 61.3599 -14.7375 2
    endloop
  endfacet
  facet normal 0 0 1
    outer loop
      vertex 53.2897 3.94337 2
      vertex 63 13.054 2
      vertex 53.3 4.1 2
    endloop
  endfacet
  facet normal -0 0 1
    outer loop
      vertex 53.2897 -4.25663 2
      vertex 63 -13.054 2
      vertex 53.3 -4.1 2
    endloop
  endfacet
  facet normal 0 0 1
    outer loop
      vertex 53.3 4.1 2
      vertex 61.0999 14.8876 2
      vertex 60.9868 14.9868 2
    endloop
  endfacet
  facet normal 0 0 1
    outer loop
      vertex 53.2591 3.78942 2
      vertex 63 13.054 2
      vertex 53.2897 3.94337 2
    endloop
  endfacet
  facet normal 0 0 1
    outer loop
      vertex 53.3 4.1 2
      vertex 60.9868 14.9868 2
      vertex 60.8876 15.0999 2
    endloop
  endfacet
  facet normal -0 0 1
    outer loop
      vertex 53.2591 -4.41058 2
      vertex 63 -13.054 2
      vertex 53.2897 -4.25663 2
    endloop
  endfacet
  facet normal 0 0 1
    outer loop
      vertex 59.054 17 2
      vertex 60.8876 15.0999 2
      vertex 60.8041 15.225 2
    endloop
  endfacet
  facet normal 0 0 1
    outer loop
      vertex 53.3 4.1 2
      vertex 60.8876 15.0999 2
      vertex 59.054 17 2
    endloop
  endfacet
  facet normal 0 0 1
    outer loop
      vertex 59.054 17 2
      vertex 60.8041 15.225 2
      vertex 60.7375 15.3599 2
    endloop
  endfacet
  facet normal -0 0 1
    outer loop
      vertex 53.2087 -4.55922 2
      vertex 63 -13.054 2
      vertex 53.2591 -4.41058 2
    endloop
  endfacet
  facet normal 0 0 1
    outer loop
      vertex 59.054 17 2
      vertex 60.7375 15.3599 2
      vertex 60.6892 15.5024 2
    endloop
  endfacet
  facet normal -0 0 1
    outer loop
      vertex 53.1392 -4.7 2
      vertex 63 -13.054 2
      vertex 53.2087 -4.55922 2
    endloop
  endfacet
  facet normal 0 0 1
    outer loop
      vertex 60.6598 15.9501 2
      vertex 59.054 17 2
      vertex 60.65 15.8 2
    endloop
  endfacet
  facet normal 0 0 1
    outer loop
      vertex 60.65 15.8 2
      vertex 59.054 17 2
      vertex 60.6598 15.6499 2
    endloop
  endfacet
  facet normal 0 0 1
    outer loop
      vertex 60.6892 16.0976 2
      vertex 59.054 17 2
      vertex 60.6598 15.9501 2
    endloop
  endfacet
  facet normal 0 0 1
    outer loop
      vertex 60.6598 15.6499 2
      vertex 59.054 17 2
      vertex 60.6892 15.5024 2
    endloop
  endfacet
  facet normal 0 0 1
    outer loop
      vertex 62.9402 15.9501 2
      vertex 66 16 2
      vertex 65.9658 16.5221 2
    endloop
  endfacet
  facet normal 0 0 1
    outer loop
      vertex 66 16 2
      vertex 64.2 14.0036 2
      vertex 66 -16 2
    endloop
  endfacet
  facet normal 0 0 1
    outer loop
      vertex 62.9108 16.0976 2
      vertex 65.9658 16.5221 2
      vertex 65.8637 17.0353 2
    endloop
  endfacet
  facet normal -0 0 1
    outer loop
      vertex 64.2 -14.0036 2
      vertex 66 -16 2
      vertex 64.2 14.0036 2
    endloop
  endfacet
  facet normal 0 0 1
    outer loop
      vertex 62.8625 16.2401 2
      vertex 65.8637 17.0353 2
      vertex 65.6955 17.5307 2
    endloop
  endfacet
  facet normal -0 0 1
    outer loop
      vertex 62.95 -15.8 2
      vertex 66 -16 2
      vertex 64.2 -14.0036 2
    endloop
  endfacet
  facet normal 0 0 1
    outer loop
      vertex 62.7959 16.375 2
      vertex 65.6955 17.5307 2
      vertex 65.4641 18 2
    endloop
  endfacet
  facet normal -0 0 1
    outer loop
      vertex 62.9402 -15.9501 2
      vertex 66 -16 2
      vertex 62.95 -15.8 2
    endloop
  endfacet
  facet normal 0 0 1
    outer loop
      vertex 62.7124 16.5001 2
      vertex 65.4641 18 2
      vertex 65.1734 18.435 2
    endloop
  endfacet
  facet normal 0 0 1
    outer loop
      vertex 66 -16 2
      vertex 62.9402 -15.9501 2
      vertex 65.9658 -16.5221 2
    endloop
  endfacet
  facet normal 0 0 1
    outer loop
      vertex 62.6132 16.6132 2
      vertex 65.1734 18.435 2
      vertex 64.8284 18.8284 2
    endloop
  endfacet
  facet normal -0 0 1
    outer loop
      vertex 62.9108 -16.0976 2
      vertex 65.9658 -16.5221 2
      vertex 62.9402 -15.9501 2
    endloop
  endfacet
  facet normal 0 0 1
    outer loop
      vertex 62.6132 16.6132 2
      vertex 64.8284 18.8284 2
      vertex 64.435 19.1734 2
    endloop
  endfacet
  facet normal 0 0 1
    outer loop
      vertex 65.9658 -16.5221 2
      vertex 62.9108 -16.0976 2
      vertex 65.8637 -17.0353 2
    endloop
  endfacet
  facet normal 0 0 1
    outer loop
      vertex 65.8637 -17.0353 2
      vertex 62.8625 -16.2401 2
      vertex 65.6955 -17.5307 2
    endloop
  endfacet
  facet normal 0 0 1
    outer loop
      vertex 66 16 2
      vertex 62.9402 15.9501 2
      vertex 62.95 15.8 2
    endloop
  endfacet
  facet normal 0 0 1
    outer loop
      vertex 62.5001 16.7124 2
      vertex 64.435 19.1734 2
      vertex 64 19.4641 2
    endloop
  endfacet
  facet normal 0 0 1
    outer loop
      vertex 65.9658 16.5221 2
      vertex 62.9108 16.0976 2
      vertex 62.9402 15.9501 2
    endloop
  endfacet
  facet normal 0 0 1
    outer loop
      vertex 66 16 2
      vertex 62.9402 15.6499 2
      vertex 64.2 14.0036 2
    endloop
  endfacet
  facet normal 0 0 1
    outer loop
      vertex 62.375 16.7959 2
      vertex 64 19.4641 2
      vertex 63.5307 19.6955 2
    endloop
  endfacet
  facet normal -0 0 1
    outer loop
      vertex 62.9108 15.5024 2
      vertex 64.2 14.0036 2
      vertex 62.9402 15.6499 2
    endloop
  endfacet
  facet normal 0 0 1
    outer loop
      vertex 62.2401 16.8625 2
      vertex 63.5307 19.6955 2
      vertex 63.0353 19.8637 2
    endloop
  endfacet
  facet normal -0 0 1
    outer loop
      vertex 62.7959 15.225 2
      vertex 64.2 14.0036 2
      vertex 62.8625 15.3599 2
    endloop
  endfacet
  facet normal 0 0 1
    outer loop
      vertex 64.2 14.0036 2
      vertex 62.7124 15.0999 2
      vertex 64.1801 13.9737 2
    endloop
  endfacet
  facet normal -0 0 1
    outer loop
      vertex 62.7124 15.0999 2
      vertex 64.2 14.0036 2
      vertex 62.7959 15.225 2
    endloop
  endfacet
  facet normal -0 0 1
    outer loop
      vertex 62.8625 15.3599 2
      vertex 64.2 14.0036 2
      vertex 62.9108 15.5024 2
    endloop
  endfacet
  facet normal 0 0 1
    outer loop
      vertex 62.9402 15.6499 2
      vertex 66 16 2
      vertex 62.95 15.8 2
    endloop
  endfacet
  facet normal 0 0 1
    outer loop
      vertex 65.8637 17.0353 2
      vertex 62.8625 16.2401 2
      vertex 62.9108 16.0976 2
    endloop
  endfacet
  facet normal 0 0 1
    outer loop
      vertex 65.6955 17.5307 2
      vertex 62.7959 16.375 2
      vertex 62.8625 16.2401 2
    endloop
  endfacet
  facet normal 0 0 1
    outer loop
      vertex 65.4641 18 2
      vertex 62.7124 16.5001 2
      vertex 62.7959 16.375 2
    endloop
  endfacet
  facet normal 0 0 1
    outer loop
      vertex 65.1734 18.435 2
      vertex 62.6132 16.6132 2
      vertex 62.7124 16.5001 2
    endloop
  endfacet
  facet normal 0 0 1
    outer loop
      vertex 62.0976 16.9108 2
      vertex 63.0353 19.8637 2
      vertex 62.5221 19.9658 2
    endloop
  endfacet
  facet normal 0 0 1
    outer loop
      vertex 64.435 19.1734 2
      vertex 62.5001 16.7124 2
      vertex 62.6132 16.6132 2
    endloop
  endfacet
  facet normal 0 0 1
    outer loop
      vertex 64 19.4641 2
      vertex 62.375 16.7959 2
      vertex 62.5001 16.7124 2
    endloop
  endfacet
  facet normal 0 0 1
    outer loop
      vertex 63.5307 19.6955 2
      vertex 62.2401 16.8625 2
      vertex 62.375 16.7959 2
    endloop
  endfacet
  facet normal 0 0 1
    outer loop
      vertex 63.0353 19.8637 2
      vertex 62.0976 16.9108 2
      vertex 62.2401 16.8625 2
    endloop
  endfacet
  facet normal 0 0 1
    outer loop
      vertex 61.9501 16.9402 2
      vertex 62.5221 19.9658 2
      vertex 62 20 2
    endloop
  endfacet
  facet normal 0 0 1
    outer loop
      vertex 62.5221 19.9658 2
      vertex 61.9501 16.9402 2
      vertex 62.0976 16.9108 2
    endloop
  endfacet
  facet normal 0 0 1
    outer loop
      vertex 62 20 2
      vertex 61.8 16.95 2
      vertex 61.9501 16.9402 2
    endloop
  endfacet
  facet normal 0 0 1
    outer loop
      vertex 62 20 2
      vertex 61.6499 16.9402 2
      vertex 61.8 16.95 2
    endloop
  endfacet
  facet normal -0 0 1
    outer loop
      vertex 60.0036 18.2 2
      vertex 61.6499 16.9402 2
      vertex 62 20 2
    endloop
  endfacet
  facet normal 0 0 1
    outer loop
      vertex 61.6499 16.9402 2
      vertex 60.0036 18.2 2
      vertex 61.5024 16.9108 2
    endloop
  endfacet
  facet normal 0 0 1
    outer loop
      vertex 61.5024 16.9108 2
      vertex 60.0036 18.2 2
      vertex 61.3599 16.8625 2
    endloop
  endfacet
  facet normal 0 0 1
    outer loop
      vertex 61.3599 16.8625 2
      vertex 60.0036 18.2 2
      vertex 61.225 16.7959 2
    endloop
  endfacet
  facet normal 0 0 1
    outer loop
      vertex 61.225 16.7959 2
      vertex 60.0036 18.2 2
      vertex 61.0999 16.7124 2
    endloop
  endfacet
  facet normal -0 0 1
    outer loop
      vertex 59.9737 18.1801 2
      vertex 61.0999 16.7124 2
      vertex 60.0036 18.2 2
    endloop
  endfacet
  facet normal 0 0 1
    outer loop
      vertex 61.0999 16.7124 2
      vertex 59.9737 18.1801 2
      vertex 60.9868 16.6132 2
    endloop
  endfacet
  facet normal 0 0 1
    outer loop
      vertex 60.9868 16.6132 2
      vertex 59.9737 18.1801 2
      vertex 60.8876 16.5001 2
    endloop
  endfacet
  facet normal -0 0 1
    outer loop
      vertex 59.054 17 2
      vertex 60.8876 16.5001 2
      vertex 59.9737 18.1801 2
    endloop
  endfacet
  facet normal 0 0 1
    outer loop
      vertex 60.6892 -15.5024 2
      vertex 60.0036 -18.2 2
      vertex 60.6598 -15.6499 2
    endloop
  endfacet
  facet normal 0 0 1
    outer loop
      vertex 60.7375 16.2401 2
      vertex 59.054 17 2
      vertex 60.6892 16.0976 2
    endloop
  endfacet
  facet normal 0 0 1
    outer loop
      vertex 60.8041 16.375 2
      vertex 59.054 17 2
      vertex 60.7375 16.2401 2
    endloop
  endfacet
  facet normal 0 0 1
    outer loop
      vertex 60.8876 16.5001 2
      vertex 59.054 17 2
      vertex 60.8041 16.375 2
    endloop
  endfacet
  facet normal 0 0 1
    outer loop
      vertex 62 20 2
      vertex 31.9964 18.2 2
      vertex 60.0036 18.2 2
    endloop
  endfacet
  facet normal 0 0 1
    outer loop
      vertex 39.3 -5.13923 2
      vertex 31.35 -15.8 2
      vertex 32.946 -17 2
    endloop
  endfacet
  facet normal 0 0 1
    outer loop
      vertex 32.0263 18.1801 2
      vertex 31.3402 15.9501 2
      vertex 31.35 15.8 2
    endloop
  endfacet
  facet normal 0 0 1
    outer loop
      vertex 32.0263 18.1801 2
      vertex 31.3108 16.0976 2
      vertex 31.3402 15.9501 2
    endloop
  endfacet
  facet normal 0 0 1
    outer loop
      vertex 32.0263 18.1801 2
      vertex 31.2625 16.2401 2
      vertex 31.3108 16.0976 2
    endloop
  endfacet
  facet normal 0 0 1
    outer loop
      vertex 32.0263 18.1801 2
      vertex 31.1959 16.375 2
      vertex 31.2625 16.2401 2
    endloop
  endfacet
  facet normal 0 0 1
    outer loop
      vertex 32.0263 18.1801 2
      vertex 31.1124 16.5001 2
      vertex 31.1959 16.375 2
    endloop
  endfacet
  facet normal 0 0 1
    outer loop
      vertex 32.0263 18.1801 2
      vertex 31.0132 16.6132 2
      vertex 31.1124 16.5001 2
    endloop
  endfacet
  facet normal 0 0 1
    outer loop
      vertex 32.0263 18.1801 2
      vertex 30.9001 16.7124 2
      vertex 31.0132 16.6132 2
    endloop
  endfacet
  facet normal 0 0 1
    outer loop
      vertex 31.9964 18.2 2
      vertex 30.775 16.7959 2
      vertex 30.9001 16.7124 2
    endloop
  endfacet
  facet normal 0 0 1
    outer loop
      vertex 31.9964 18.2 2
      vertex 30.6401 16.8625 2
      vertex 30.775 16.7959 2
    endloop
  endfacet
  facet normal 0 0 1
    outer loop
      vertex 31.9964 18.2 2
      vertex 30.4976 16.9108 2
      vertex 30.6401 16.8625 2
    endloop
  endfacet
  facet normal 0 0 1
    outer loop
      vertex 31.9964 18.2 2
      vertex 30.3501 16.9402 2
      vertex 30.4976 16.9108 2
    endloop
  endfacet
  facet normal 0 0 1
    outer loop
      vertex 30 20 2
      vertex 30.3501 16.9402 2
      vertex 31.9964 18.2 2
    endloop
  endfacet
  facet normal 0 0 1
    outer loop
      vertex 30.3501 16.9402 2
      vertex 30 20 2
      vertex 30.2 16.95 2
    endloop
  endfacet
  facet normal -0 0 1
    outer loop
      vertex 30 20 2
      vertex 31.9964 18.2 2
      vertex 62 20 2
    endloop
  endfacet
  facet normal 0 0 1
    outer loop
      vertex 30.2 16.95 2
      vertex 30 20 2
      vertex 30.0499 16.9402 2
    endloop
  endfacet
  facet normal -0 0 1
    outer loop
      vertex 29.4779 19.9658 2
      vertex 30.0499 16.9402 2
      vertex 30 20 2
    endloop
  endfacet
  facet normal 0 0 1
    outer loop
      vertex 30.0499 16.9402 2
      vertex 29.4779 19.9658 2
      vertex 29.9024 16.9108 2
    endloop
  endfacet
  facet normal -0 0 1
    outer loop
      vertex 28.9647 19.8637 2
      vertex 29.9024 16.9108 2
      vertex 29.4779 19.9658 2
    endloop
  endfacet
  facet normal 0 0 1
    outer loop
      vertex 29.9024 16.9108 2
      vertex 28.9647 19.8637 2
      vertex 29.7599 16.8625 2
    endloop
  endfacet
  facet normal -0 0 1
    outer loop
      vertex 28.4693 19.6955 2
      vertex 29.7599 16.8625 2
      vertex 28.9647 19.8637 2
    endloop
  endfacet
  facet normal 0 0 1
    outer loop
      vertex 29.7599 16.8625 2
      vertex 28.4693 19.6955 2
      vertex 29.625 16.7959 2
    endloop
  endfacet
  facet normal -0 0 1
    outer loop
      vertex 28 19.4641 2
      vertex 29.625 16.7959 2
      vertex 28.4693 19.6955 2
    endloop
  endfacet
  facet normal 0 0 1
    outer loop
      vertex 29.625 16.7959 2
      vertex 28 19.4641 2
      vertex 29.4999 16.7124 2
    endloop
  endfacet
  facet normal -0 0 1
    outer loop
      vertex 27.565 19.1734 2
      vertex 29.4999 16.7124 2
      vertex 28 19.4641 2
    endloop
  endfacet
  facet normal 0 0 1
    outer loop
      vertex 29.4999 16.7124 2
      vertex 27.565 19.1734 2
      vertex 29.3868 16.6132 2
    endloop
  endfacet
  facet normal -0 0 1
    outer loop
      vertex 27.1716 18.8284 2
      vertex 29.3868 16.6132 2
      vertex 27.565 19.1734 2
    endloop
  endfacet
  facet normal -0 0 1
    outer loop
      vertex 27.8199 -13.9737 2
      vertex 29.2876 -15.0999 2
      vertex 28.0787 -13.6787 2
    endloop
  endfacet
  facet normal -0 0 1
    outer loop
      vertex 26.8266 18.435 2
      vertex 29.3868 16.6132 2
      vertex 27.1716 18.8284 2
    endloop
  endfacet
  facet normal 0 0 1
    outer loop
      vertex 29.3868 16.6132 2
      vertex 26.8266 18.435 2
      vertex 29.2876 16.5001 2
    endloop
  endfacet
  facet normal -0 0 1
    outer loop
      vertex 26.5359 18 2
      vertex 29.2876 16.5001 2
      vertex 26.8266 18.435 2
    endloop
  endfacet
  facet normal 0 0 1
    outer loop
      vertex 29.2876 15.0999 2
      vertex 27.8 14.0036 2
      vertex 27.8199 13.9737 2
    endloop
  endfacet
  facet normal 0 0 1
    outer loop
      vertex 29.2876 16.5001 2
      vertex 26.5359 18 2
      vertex 29.2041 16.375 2
    endloop
  endfacet
  facet normal 0 0 1
    outer loop
      vertex 29.625 14.8041 2
      vertex 28.7 13.2019 2
      vertex 29 13.054 2
    endloop
  endfacet
  facet normal 0 0 1
    outer loop
      vertex 29.4999 14.8876 2
      vertex 28.3737 13.4199 2
      vertex 28.7 13.2019 2
    endloop
  endfacet
  facet normal -0 0 1
    outer loop
      vertex 26.3045 17.5307 2
      vertex 29.2041 16.375 2
      vertex 26.5359 18 2
    endloop
  endfacet
  facet normal 0 0 1
    outer loop
      vertex 29.3868 14.9868 2
      vertex 28.0787 13.6787 2
      vertex 28.3737 13.4199 2
    endloop
  endfacet
  facet normal 0 0 1
    outer loop
      vertex 29.2876 15.0999 2
      vertex 27.8199 13.9737 2
      vertex 28.0787 13.6787 2
    endloop
  endfacet
  facet normal -0 0 1
    outer loop
      vertex 26.1363 17.0353 2
      vertex 29.1375 16.2401 2
      vertex 26.3045 17.5307 2
    endloop
  endfacet
  facet normal 0 0 1
    outer loop
      vertex 29.2041 16.375 2
      vertex 26.3045 17.5307 2
      vertex 29.1375 16.2401 2
    endloop
  endfacet
  facet normal -0 0 1
    outer loop
      vertex 62.7959 -16.375 2
      vertex 65.6955 -17.5307 2
      vertex 62.8625 -16.2401 2
    endloop
  endfacet
  facet normal 0 0 1
    outer loop
      vertex 62.95 -15.8 2
      vertex 64.2 -14.0036 2
      vertex 64.1801 -13.9737 2
    endloop
  endfacet
  facet normal 0 0 1
    outer loop
      vertex 65.6955 -17.5307 2
      vertex 62.7959 -16.375 2
      vertex 65.4641 -18 2
    endloop
  endfacet
  facet normal 0 0 1
    outer loop
      vertex 62.95 -15.8 2
      vertex 64.1801 -13.9737 2
      vertex 63.9213 -13.6787 2
    endloop
  endfacet
  facet normal 0 0 1
    outer loop
      vertex 62.95 -15.8 2
      vertex 63.9213 -13.6787 2
      vertex 63.6263 -13.4199 2
    endloop
  endfacet
  facet normal -0 0 1
    outer loop
      vertex 62.8625 -16.2401 2
      vertex 65.8637 -17.0353 2
      vertex 62.9108 -16.0976 2
    endloop
  endfacet
  facet normal 0 0 1
    outer loop
      vertex 62.95 -15.8 2
      vertex 63.6263 -13.4199 2
      vertex 63.3 -13.2019 2
    endloop
  endfacet
  facet normal -0 0 1
    outer loop
      vertex 62.7124 -16.5001 2
      vertex 65.4641 -18 2
      vertex 62.7959 -16.375 2
    endloop
  endfacet
  facet normal 0 0 1
    outer loop
      vertex 62.95 -15.8 2
      vertex 63.3 -13.2019 2
      vertex 63 -13.054 2
    endloop
  endfacet
  facet normal 0 0 1
    outer loop
      vertex 64.1801 13.9737 2
      vertex 62.7124 15.0999 2
      vertex 63.9213 13.6787 2
    endloop
  endfacet
  facet normal 0 0 1
    outer loop
      vertex 65.4641 -18 2
      vertex 62.7124 -16.5001 2
      vertex 65.1734 -18.435 2
    endloop
  endfacet
  facet normal -0 0 1
    outer loop
      vertex 62.6132 -16.6132 2
      vertex 65.1734 -18.435 2
      vertex 62.7124 -16.5001 2
    endloop
  endfacet
  facet normal 0 0 1
    outer loop
      vertex 65.1734 -18.435 2
      vertex 62.6132 -16.6132 2
      vertex 64.8284 -18.8284 2
    endloop
  endfacet
  facet normal 0 0 1
    outer loop
      vertex 64.8284 -18.8284 2
      vertex 62.6132 -16.6132 2
      vertex 64.435 -19.1734 2
    endloop
  endfacet
  facet normal -0 0 1
    outer loop
      vertex 62.5001 -16.7124 2
      vertex 64.435 -19.1734 2
      vertex 62.6132 -16.6132 2
    endloop
  endfacet
  facet normal 0 0 1
    outer loop
      vertex 64.435 -19.1734 2
      vertex 62.5001 -16.7124 2
      vertex 64 -19.4641 2
    endloop
  endfacet
  facet normal -0 0 1
    outer loop
      vertex 62.375 -16.7959 2
      vertex 64 -19.4641 2
      vertex 62.5001 -16.7124 2
    endloop
  endfacet
  facet normal 0 0 1
    outer loop
      vertex 64 -19.4641 2
      vertex 62.375 -16.7959 2
      vertex 63.5307 -19.6955 2
    endloop
  endfacet
  facet normal -0 0 1
    outer loop
      vertex 62.2401 -16.8625 2
      vertex 63.5307 -19.6955 2
      vertex 62.375 -16.7959 2
    endloop
  endfacet
  facet normal 0 0 1
    outer loop
      vertex 63.5307 -19.6955 2
      vertex 62.2401 -16.8625 2
      vertex 63.0353 -19.8637 2
    endloop
  endfacet
  facet normal -0 0 1
    outer loop
      vertex 62.0976 -16.9108 2
      vertex 63.0353 -19.8637 2
      vertex 62.2401 -16.8625 2
    endloop
  endfacet
  facet normal 0 0 1
    outer loop
      vertex 63.0353 -19.8637 2
      vertex 62.0976 -16.9108 2
      vertex 62.5221 -19.9658 2
    endloop
  endfacet
  facet normal -0 0 1
    outer loop
      vertex 61.9501 -16.9402 2
      vertex 62.5221 -19.9658 2
      vertex 62.0976 -16.9108 2
    endloop
  endfacet
  facet normal 0 0 1
    outer loop
      vertex 62.5221 -19.9658 2
      vertex 61.9501 -16.9402 2
      vertex 62 -20 2
    endloop
  endfacet
  facet normal -0 0 1
    outer loop
      vertex 61.8 -16.95 2
      vertex 62 -20 2
      vertex 61.9501 -16.9402 2
    endloop
  endfacet
  facet normal 0 0 1
    outer loop
      vertex 61.6499 -16.9402 2
      vertex 62 -20 2
      vertex 61.8 -16.95 2
    endloop
  endfacet
  facet normal 0 0 1
    outer loop
      vertex 60.0036 -18.2 2
      vertex 61.6499 -16.9402 2
      vertex 61.5024 -16.9108 2
    endloop
  endfacet
  facet normal 0 0 1
    outer loop
      vertex 60.0036 -18.2 2
      vertex 61.5024 -16.9108 2
      vertex 61.3599 -16.8625 2
    endloop
  endfacet
  facet normal 0 0 1
    outer loop
      vertex 60.0036 -18.2 2
      vertex 61.3599 -16.8625 2
      vertex 61.225 -16.7959 2
    endloop
  endfacet
  facet normal 0 0 1
    outer loop
      vertex 60.0036 -18.2 2
      vertex 61.225 -16.7959 2
      vertex 61.0999 -16.7124 2
    endloop
  endfacet
  facet normal 0 0 1
    outer loop
      vertex 60.0036 -18.2 2
      vertex 61.0999 -16.7124 2
      vertex 60.9868 -16.6132 2
    endloop
  endfacet
  facet normal 0 0 1
    outer loop
      vertex 60.0036 -18.2 2
      vertex 60.9868 -16.6132 2
      vertex 60.8876 -16.5001 2
    endloop
  endfacet
  facet normal 0 0 1
    outer loop
      vertex 60.0036 -18.2 2
      vertex 60.8876 -16.5001 2
      vertex 60.8041 -16.375 2
    endloop
  endfacet
  facet normal 0 0 1
    outer loop
      vertex 60.0036 -18.2 2
      vertex 60.8041 -16.375 2
      vertex 60.7375 -16.2401 2
    endloop
  endfacet
  facet normal 0 0 1
    outer loop
      vertex 60.0036 -18.2 2
      vertex 60.7375 -16.2401 2
      vertex 60.6892 -16.0976 2
    endloop
  endfacet
  facet normal 0 0 1
    outer loop
      vertex 60.6598 -15.6499 2
      vertex 60.0036 -18.2 2
      vertex 60.65 -15.8 2
    endloop
  endfacet
  facet normal 0 0 1
    outer loop
      vertex 60.0036 -18.2 2
      vertex 60.6598 -15.9501 2
      vertex 60.65 -15.8 2
    endloop
  endfacet
  facet normal 0 0 1
    outer loop
      vertex 60.0036 -18.2 2
      vertex 60.6892 -16.0976 2
      vertex 60.6598 -15.9501 2
    endloop
  endfacet
  facet normal 0 0 1
    outer loop
      vertex 61.6499 -16.9402 2
      vertex 60.0036 -18.2 2
      vertex 62 -20 2
    endloop
  endfacet
  facet normal 0 0 1
    outer loop
      vertex 48.75 -19 2
      vertex 60.0036 -18.2 2
      vertex 48.75 -18.2 2
    endloop
  endfacet
  facet normal 0 0 1
    outer loop
      vertex 60.0036 -18.2 2
      vertex 48.75 -19 2
      vertex 62 -20 2
    endloop
  endfacet
  facet normal -0 0 1
    outer loop
      vertex 43.25 -19 2
      vertex 62 -20 2
      vertex 48.75 -19 2
    endloop
  endfacet
  facet normal -0 0 1
    outer loop
      vertex 31.3402 -15.9501 2
      vertex 32.946 -17 2
      vertex 31.35 -15.8 2
    endloop
  endfacet
  facet normal -0 0 1
    outer loop
      vertex 31.3108 -16.0976 2
      vertex 32.946 -17 2
      vertex 31.3402 -15.9501 2
    endloop
  endfacet
  facet normal -0 0 1
    outer loop
      vertex 31.2625 -16.2401 2
      vertex 32.946 -17 2
      vertex 31.3108 -16.0976 2
    endloop
  endfacet
  facet normal -0 0 1
    outer loop
      vertex 31.1959 -16.375 2
      vertex 32.946 -17 2
      vertex 31.2625 -16.2401 2
    endloop
  endfacet
  facet normal -0 0 1
    outer loop
      vertex 31.1124 -16.5001 2
      vertex 32.946 -17 2
      vertex 31.1959 -16.375 2
    endloop
  endfacet
  facet normal 0 0 1
    outer loop
      vertex 32.946 -17 2
      vertex 31.1124 -16.5001 2
      vertex 31.9964 -18.2 2
    endloop
  endfacet
  facet normal -0 0 1
    outer loop
      vertex 31.0132 -16.6132 2
      vertex 31.9964 -18.2 2
      vertex 31.1124 -16.5001 2
    endloop
  endfacet
  facet normal -0 0 1
    outer loop
      vertex 30.9001 -16.7124 2
      vertex 31.9964 -18.2 2
      vertex 31.0132 -16.6132 2
    endloop
  endfacet
  facet normal -0 0 1
    outer loop
      vertex 30.775 -16.7959 2
      vertex 31.9964 -18.2 2
      vertex 30.9001 -16.7124 2
    endloop
  endfacet
  facet normal -0 0 1
    outer loop
      vertex 30.6401 -16.8625 2
      vertex 31.9964 -18.2 2
      vertex 30.775 -16.7959 2
    endloop
  endfacet
  facet normal -0 0 1
    outer loop
      vertex 30.4976 -16.9108 2
      vertex 31.9964 -18.2 2
      vertex 30.6401 -16.8625 2
    endloop
  endfacet
  facet normal -0 0 1
    outer loop
      vertex 30.3501 -16.9402 2
      vertex 31.9964 -18.2 2
      vertex 30.4976 -16.9108 2
    endloop
  endfacet
  facet normal 0 0 1
    outer loop
      vertex 30 -20 2
      vertex 30.3501 -16.9402 2
      vertex 30.2 -16.95 2
    endloop
  endfacet
  facet normal 0 0 1
    outer loop
      vertex 30 -20 2
      vertex 30.2 -16.95 2
      vertex 30.0499 -16.9402 2
    endloop
  endfacet
  facet normal 0 0 1
    outer loop
      vertex 43.25 -19 2
      vertex 30 -20 2
      vertex 62 -20 2
    endloop
  endfacet
  facet normal 0 0 1
    outer loop
      vertex 31.9964 -18.2 2
      vertex 30 -20 2
      vertex 43.25 -19 2
    endloop
  endfacet
  facet normal 0 0 1
    outer loop
      vertex 30.3501 -16.9402 2
      vertex 30 -20 2
      vertex 31.9964 -18.2 2
    endloop
  endfacet
  facet normal 0 0 1
    outer loop
      vertex 29.4779 -19.9658 2
      vertex 30.0499 -16.9402 2
      vertex 29.9024 -16.9108 2
    endloop
  endfacet
  facet normal 0 0 1
    outer loop
      vertex 28.9647 -19.8637 2
      vertex 29.9024 -16.9108 2
      vertex 29.7599 -16.8625 2
    endloop
  endfacet
  facet normal 0 0 1
    outer loop
      vertex 28.4693 -19.6955 2
      vertex 29.7599 -16.8625 2
      vertex 29.625 -16.7959 2
    endloop
  endfacet
  facet normal 0 0 1
    outer loop
      vertex 28 -19.4641 2
      vertex 29.625 -16.7959 2
      vertex 29.4999 -16.7124 2
    endloop
  endfacet
  facet normal 0 0 1
    outer loop
      vertex 30.0499 -16.9402 2
      vertex 29.4779 -19.9658 2
      vertex 30 -20 2
    endloop
  endfacet
  facet normal 0 0 1
    outer loop
      vertex 27.565 -19.1734 2
      vertex 29.4999 -16.7124 2
      vertex 29.3868 -16.6132 2
    endloop
  endfacet
  facet normal 0 0 1
    outer loop
      vertex 26.8266 -18.435 2
      vertex 29.3868 -16.6132 2
      vertex 29.2876 -16.5001 2
    endloop
  endfacet
  facet normal 0 0 1
    outer loop
      vertex 26.5359 -18 2
      vertex 29.2876 -16.5001 2
      vertex 29.2041 -16.375 2
    endloop
  endfacet
  facet normal 0 0 1
    outer loop
      vertex 26.3045 -17.5307 2
      vertex 29.2041 -16.375 2
      vertex 29.1375 -16.2401 2
    endloop
  endfacet
  facet normal 0 0 1
    outer loop
      vertex 26.1363 -17.0353 2
      vertex 29.1375 -16.2401 2
      vertex 29.0892 -16.0976 2
    endloop
  endfacet
  facet normal 0 0 1
    outer loop
      vertex 26.0342 -16.5221 2
      vertex 29.0892 -16.0976 2
      vertex 29.0598 -15.9501 2
    endloop
  endfacet
  facet normal -0 0 1
    outer loop
      vertex 27.8 -14.0036 2
      vertex 29.2876 -15.0999 2
      vertex 27.8199 -13.9737 2
    endloop
  endfacet
  facet normal 0 0 1
    outer loop
      vertex 29.9024 -16.9108 2
      vertex 28.9647 -19.8637 2
      vertex 29.4779 -19.9658 2
    endloop
  endfacet
  facet normal 0 0 1
    outer loop
      vertex 26 -16 2
      vertex 29.0598 -15.9501 2
      vertex 29.05 -15.8 2
    endloop
  endfacet
  facet normal 0 0 1
    outer loop
      vertex 29.2876 -15.0999 2
      vertex 27.8 -14.0036 2
      vertex 29.2041 -15.225 2
    endloop
  endfacet
  facet normal 0 0 1
    outer loop
      vertex 29.2041 -15.225 2
      vertex 27.8 -14.0036 2
      vertex 29.1375 -15.3599 2
    endloop
  endfacet
  facet normal 0 0 1
    outer loop
      vertex 29.0598 -15.6499 2
      vertex 26 -16 2
      vertex 29.05 -15.8 2
    endloop
  endfacet
  facet normal 0 0 1
    outer loop
      vertex 29.1375 -15.3599 2
      vertex 27.8 -14.0036 2
      vertex 29.0892 -15.5024 2
    endloop
  endfacet
  facet normal 0 0 1
    outer loop
      vertex 29.0892 -15.5024 2
      vertex 27.8 -14.0036 2
      vertex 29.0598 -15.6499 2
    endloop
  endfacet
  facet normal 0 0 1
    outer loop
      vertex 29.7599 -16.8625 2
      vertex 28.4693 -19.6955 2
      vertex 28.9647 -19.8637 2
    endloop
  endfacet
  facet normal 0 0 1
    outer loop
      vertex 26 -16 2
      vertex 29.0598 -15.6499 2
      vertex 27.8 -14.0036 2
    endloop
  endfacet
  facet normal 0 0 1
    outer loop
      vertex 29.625 -16.7959 2
      vertex 28 -19.4641 2
      vertex 28.4693 -19.6955 2
    endloop
  endfacet
  facet normal 0 0 1
    outer loop
      vertex 29.4999 -16.7124 2
      vertex 27.565 -19.1734 2
      vertex 28 -19.4641 2
    endloop
  endfacet
  facet normal 0 0 1
    outer loop
      vertex 27.8 14.0036 2
      vertex 26 16 2
      vertex 27.8 -14.0036 2
    endloop
  endfacet
  facet normal 0 0 1
    outer loop
      vertex 29.1375 16.2401 2
      vertex 26.1363 17.0353 2
      vertex 29.0892 16.0976 2
    endloop
  endfacet
  facet normal 0 0 1
    outer loop
      vertex 26 -16 2
      vertex 27.8 -14.0036 2
      vertex 26 16 2
    endloop
  endfacet
  facet normal -0 0 1
    outer loop
      vertex 26.0342 16.5221 2
      vertex 29.0892 16.0976 2
      vertex 26.1363 17.0353 2
    endloop
  endfacet
  facet normal 0 0 1
    outer loop
      vertex 29.0598 -15.9501 2
      vertex 26 -16 2
      vertex 26.0342 -16.5221 2
    endloop
  endfacet
  facet normal 0 0 1
    outer loop
      vertex 29.0892 16.0976 2
      vertex 26.0342 16.5221 2
      vertex 29.0598 15.9501 2
    endloop
  endfacet
  facet normal 0 0 1
    outer loop
      vertex 29.3868 -16.6132 2
      vertex 27.1716 -18.8284 2
      vertex 27.565 -19.1734 2
    endloop
  endfacet
  facet normal -0 0 1
    outer loop
      vertex 26 16 2
      vertex 29.0598 15.9501 2
      vertex 26.0342 16.5221 2
    endloop
  endfacet
  facet normal 0 0 1
    outer loop
      vertex 29.3868 -16.6132 2
      vertex 26.8266 -18.435 2
      vertex 27.1716 -18.8284 2
    endloop
  endfacet
  facet normal 0 0 1
    outer loop
      vertex 29.0598 15.9501 2
      vertex 26 16 2
      vertex 29.05 15.8 2
    endloop
  endfacet
  facet normal 0 0 1
    outer loop
      vertex 29.2876 -16.5001 2
      vertex 26.5359 -18 2
      vertex 26.8266 -18.435 2
    endloop
  endfacet
  facet normal 0 0 1
    outer loop
      vertex 29.0598 15.6499 2
      vertex 26 16 2
      vertex 27.8 14.0036 2
    endloop
  endfacet
  facet normal 0 0 1
    outer loop
      vertex 29.2041 -16.375 2
      vertex 26.3045 -17.5307 2
      vertex 26.5359 -18 2
    endloop
  endfacet
  facet normal 0 0 1
    outer loop
      vertex 29.1375 -16.2401 2
      vertex 26.1363 -17.0353 2
      vertex 26.3045 -17.5307 2
    endloop
  endfacet
  facet normal 0 0 1
    outer loop
      vertex 29.0892 -16.0976 2
      vertex 26.0342 -16.5221 2
      vertex 26.1363 -17.0353 2
    endloop
  endfacet
  facet normal 0 0 1
    outer loop
      vertex 61.225 -14.8041 2
      vertex 52.9485 -4.94853 2
      vertex 61.0999 -14.8876 2
    endloop
  endfacet
  facet normal -0 0 1
    outer loop
      vertex 52.8305 -5.05202 2
      vertex 61.0999 -14.8876 2
      vertex 52.9485 -4.94853 2
    endloop
  endfacet
  facet normal 0 0 1
    outer loop
      vertex 61.0999 -14.8876 2
      vertex 52.8305 -5.05202 2
      vertex 60.9868 -14.9868 2
    endloop
  endfacet
  facet normal -0 0 1
    outer loop
      vertex 52.7 -5.13923 2
      vertex 60.9868 -14.9868 2
      vertex 52.8305 -5.05202 2
    endloop
  endfacet
  facet normal 0 0 1
    outer loop
      vertex 60.9868 -14.9868 2
      vertex 52.7 -5.13923 2
      vertex 60.8876 -15.0999 2
    endloop
  endfacet
  facet normal -0 0 1
    outer loop
      vertex 52.5592 -5.20866 2
      vertex 60.8876 -15.0999 2
      vertex 52.7 -5.13923 2
    endloop
  endfacet
  facet normal 0 0 1
    outer loop
      vertex 60.8876 -15.0999 2
      vertex 52.5592 -5.20866 2
      vertex 60.8041 -15.225 2
    endloop
  endfacet
  facet normal 0 -0 1
    outer loop
      vertex 59.054 -17 2
      vertex 60.8041 -15.225 2
      vertex 52.5592 -5.20866 2
    endloop
  endfacet
  facet normal 0 0 1
    outer loop
      vertex 60.8041 -15.225 2
      vertex 59.054 -17 2
      vertex 60.7375 -15.3599 2
    endloop
  endfacet
  facet normal 0 0 1
    outer loop
      vertex 60.7375 -15.3599 2
      vertex 59.054 -17 2
      vertex 60.6892 -15.5024 2
    endloop
  endfacet
  facet normal -0 0 1
    outer loop
      vertex 52.4106 -5.25911 2
      vertex 59.054 -17 2
      vertex 52.5592 -5.20866 2
    endloop
  endfacet
  facet normal 0 0 1
    outer loop
      vertex 48.75 -15 2
      vertex 52.4106 -5.25911 2
      vertex 52.2566 -5.28973 2
    endloop
  endfacet
  facet normal 0 0 1
    outer loop
      vertex 48.75 -15 2
      vertex 52.2566 -5.28973 2
      vertex 52.1 -5.3 2
    endloop
  endfacet
  facet normal 0 0 1
    outer loop
      vertex 48.75 -15 2
      vertex 52.1 -5.3 2
      vertex 51.9434 -5.28973 2
    endloop
  endfacet
  facet normal 0 0 1
    outer loop
      vertex 48.75 -15 2
      vertex 51.9434 -5.28973 2
      vertex 51.7894 -5.25911 2
    endloop
  endfacet
  facet normal 0 0 1
    outer loop
      vertex 48.75 -15 2
      vertex 51.7894 -5.25911 2
      vertex 51.6408 -5.20866 2
    endloop
  endfacet
  facet normal 0 0 1
    outer loop
      vertex 48.75 -15 2
      vertex 51.6408 -5.20866 2
      vertex 51.5 -5.13923 2
    endloop
  endfacet
  facet normal 0 0 1
    outer loop
      vertex 48.75 -15 2
      vertex 51.5 -5.13923 2
      vertex 51.3695 -5.05202 2
    endloop
  endfacet
  facet normal 0 0 1
    outer loop
      vertex 48.75 -15 2
      vertex 51.3695 -5.05202 2
      vertex 51.2515 -4.94853 2
    endloop
  endfacet
  facet normal 0 0 1
    outer loop
      vertex 48.75 -15 2
      vertex 51.2515 -4.94853 2
      vertex 51.148 -4.83051 2
    endloop
  endfacet
  facet normal 0 0 1
    outer loop
      vertex 48.75 -15 2
      vertex 51.148 -4.83051 2
      vertex 51.0608 -4.7 2
    endloop
  endfacet
  facet normal 0 0 1
    outer loop
      vertex 48.75 -15 2
      vertex 50.9103 -4.25663 2
      vertex 50.9 -4.1 2
    endloop
  endfacet
  facet normal 0 0 1
    outer loop
      vertex 48.75 -15 2
      vertex 50.9409 -4.41058 2
      vertex 50.9103 -4.25663 2
    endloop
  endfacet
  facet normal 0 0 1
    outer loop
      vertex 48.75 -15 2
      vertex 50.9913 -4.55922 2
      vertex 50.9409 -4.41058 2
    endloop
  endfacet
  facet normal 0 0 1
    outer loop
      vertex 48.75 -15 2
      vertex 51.0608 -4.7 2
      vertex 50.9913 -4.55922 2
    endloop
  endfacet
  facet normal 0 0 1
    outer loop
      vertex 52.4106 -5.25911 2
      vertex 48.75 -15 2
      vertex 59.054 -17 2
    endloop
  endfacet
  facet normal 0 0 1
    outer loop
      vertex 59.054 -17 2
      vertex 48.75 -15 2
      vertex 48.75 -17 2
    endloop
  endfacet
  facet normal 0 0 1
    outer loop
      vertex 50.9 -4.1 2
      vertex 41.0897 -3.94337 2
      vertex 41.1 -4.1 2
    endloop
  endfacet
  facet normal 0 0 1
    outer loop
      vertex 50.9 -4.1 2
      vertex 41.1 -4.1 2
      vertex 41.0897 -4.25663 2
    endloop
  endfacet
  facet normal 0 0 1
    outer loop
      vertex 50.9409 3.78942 2
      vertex 41.0591 3.78942 2
      vertex 41.0087 3.64078 2
    endloop
  endfacet
  facet normal 0 0 1
    outer loop
      vertex 50.9103 -3.94337 2
      vertex 41.0897 -3.94337 2
      vertex 50.9 -4.1 2
    endloop
  endfacet
  facet normal 0 0 1
    outer loop
      vertex 50.9913 3.64078 2
      vertex 41.0087 3.64078 2
      vertex 40.9392 3.5 2
    endloop
  endfacet
  facet normal 0 -0 1
    outer loop
      vertex 41.0897 -3.94337 2
      vertex 50.9103 -3.94337 2
      vertex 41.0591 -3.78942 2
    endloop
  endfacet
  facet normal 0 0 1
    outer loop
      vertex 50.9913 -3.64078 2
      vertex 41.0087 -3.64078 2
      vertex 50.9409 -3.78942 2
    endloop
  endfacet
  facet normal 0 0 1
    outer loop
      vertex 50.9409 -3.78942 2
      vertex 41.0591 -3.78942 2
      vertex 50.9103 -3.94337 2
    endloop
  endfacet
  facet normal -0 0 1
    outer loop
      vertex 40.852 3.36949 2
      vertex 40.9392 -3.5 2
      vertex 40.9392 3.5 2
    endloop
  endfacet
  facet normal 0 0 1
    outer loop
      vertex 40.852 3.36949 2
      vertex 40.852 -3.36949 2
      vertex 40.9392 -3.5 2
    endloop
  endfacet
  facet normal -0 0 1
    outer loop
      vertex 40.7485 3.25147 2
      vertex 40.852 -3.36949 2
      vertex 40.852 3.36949 2
    endloop
  endfacet
  facet normal 0 0 1
    outer loop
      vertex 40.7485 3.25147 2
      vertex 40.7485 -3.25147 2
      vertex 40.852 -3.36949 2
    endloop
  endfacet
  facet normal -0 0 1
    outer loop
      vertex 40.6305 3.14798 2
      vertex 40.7485 -3.25147 2
      vertex 40.7485 3.25147 2
    endloop
  endfacet
  facet normal 0 0 1
    outer loop
      vertex 40.6305 3.14798 2
      vertex 40.6305 -3.14798 2
      vertex 40.7485 -3.25147 2
    endloop
  endfacet
  facet normal -0 0 1
    outer loop
      vertex 40.5 3.06077 2
      vertex 40.6305 -3.14798 2
      vertex 40.6305 3.14798 2
    endloop
  endfacet
  facet normal 0 0 1
    outer loop
      vertex 40.5 3.06077 2
      vertex 40.5 -3.06077 2
      vertex 40.6305 -3.14798 2
    endloop
  endfacet
  facet normal -0 0 1
    outer loop
      vertex 40.3592 2.99134 2
      vertex 40.5 -3.06077 2
      vertex 40.5 3.06077 2
    endloop
  endfacet
  facet normal 0 0 1
    outer loop
      vertex 40.3592 2.99134 2
      vertex 40.3592 -2.99134 2
      vertex 40.5 -3.06077 2
    endloop
  endfacet
  facet normal -0 0 1
    outer loop
      vertex 40.2106 2.94089 2
      vertex 40.3592 -2.99134 2
      vertex 40.3592 2.99134 2
    endloop
  endfacet
  facet normal 0 0 1
    outer loop
      vertex 40.2106 2.94089 2
      vertex 40.2106 -2.94089 2
      vertex 40.3592 -2.99134 2
    endloop
  endfacet
  facet normal -0 0 1
    outer loop
      vertex 40.0566 2.91027 2
      vertex 40.2106 -2.94089 2
      vertex 40.2106 2.94089 2
    endloop
  endfacet
  facet normal 0 0 1
    outer loop
      vertex 40.0566 2.91027 2
      vertex 40.0566 -2.91027 2
      vertex 40.2106 -2.94089 2
    endloop
  endfacet
  facet normal -0 0 1
    outer loop
      vertex 39.9 2.9 2
      vertex 40.0566 -2.91027 2
      vertex 40.0566 2.91027 2
    endloop
  endfacet
  facet normal 0 0 1
    outer loop
      vertex 39.9 2.9 2
      vertex 39.9 -2.9 2
      vertex 40.0566 -2.91027 2
    endloop
  endfacet
  facet normal 0 0 1
    outer loop
      vertex 39.7434 2.91027 2
      vertex 39.9 -2.9 2
      vertex 39.9 2.9 2
    endloop
  endfacet
  facet normal 0 0 1
    outer loop
      vertex 39.7434 2.91027 2
      vertex 39.7434 -2.91027 2
      vertex 39.9 -2.9 2
    endloop
  endfacet
  facet normal 0 0 1
    outer loop
      vertex 39.5894 2.94089 2
      vertex 39.7434 -2.91027 2
      vertex 39.7434 2.91027 2
    endloop
  endfacet
  facet normal 0 0 1
    outer loop
      vertex 39.5894 2.94089 2
      vertex 39.5894 -2.94089 2
      vertex 39.7434 -2.91027 2
    endloop
  endfacet
  facet normal 0 0 1
    outer loop
      vertex 39.4408 2.99134 2
      vertex 39.5894 -2.94089 2
      vertex 39.5894 2.94089 2
    endloop
  endfacet
  facet normal 0 0 1
    outer loop
      vertex 39.4408 2.99134 2
      vertex 39.4408 -2.99134 2
      vertex 39.5894 -2.94089 2
    endloop
  endfacet
  facet normal 0 0 1
    outer loop
      vertex 39.3 3.06077 2
      vertex 39.4408 -2.99134 2
      vertex 39.4408 2.99134 2
    endloop
  endfacet
  facet normal 0 0 1
    outer loop
      vertex 39.3 3.06077 2
      vertex 39.3 -3.06077 2
      vertex 39.4408 -2.99134 2
    endloop
  endfacet
  facet normal 0 0 1
    outer loop
      vertex 39.1695 3.14798 2
      vertex 39.3 -3.06077 2
      vertex 39.3 3.06077 2
    endloop
  endfacet
  facet normal 0 0 1
    outer loop
      vertex 39.1695 3.14798 2
      vertex 39.1695 -3.14798 2
      vertex 39.3 -3.06077 2
    endloop
  endfacet
  facet normal 0 0 1
    outer loop
      vertex 39.0515 3.25147 2
      vertex 39.1695 -3.14798 2
      vertex 39.1695 3.14798 2
    endloop
  endfacet
  facet normal 0 0 1
    outer loop
      vertex 39.0515 3.25147 2
      vertex 39.0515 -3.25147 2
      vertex 39.1695 -3.14798 2
    endloop
  endfacet
  facet normal 0 0 1
    outer loop
      vertex 38.948 3.36949 2
      vertex 39.0515 -3.25147 2
      vertex 39.0515 3.25147 2
    endloop
  endfacet
  facet normal 0 0 1
    outer loop
      vertex 38.948 3.36949 2
      vertex 38.948 -3.36949 2
      vertex 39.0515 -3.25147 2
    endloop
  endfacet
  facet normal 0 0 1
    outer loop
      vertex 38.8608 3.5 2
      vertex 38.948 -3.36949 2
      vertex 38.948 3.36949 2
    endloop
  endfacet
  facet normal 0 0 1
    outer loop
      vertex 38.8608 3.5 2
      vertex 38.8608 -3.5 2
      vertex 38.948 -3.36949 2
    endloop
  endfacet
  facet normal 0 0 1
    outer loop
      vertex 38.7913 3.64078 2
      vertex 38.8608 -3.5 2
      vertex 38.8608 3.5 2
    endloop
  endfacet
  facet normal 0 0 1
    outer loop
      vertex 38.7913 3.64078 2
      vertex 38.7913 -3.64078 2
      vertex 38.8608 -3.5 2
    endloop
  endfacet
  facet normal 0 0 1
    outer loop
      vertex 38.7409 3.78942 2
      vertex 38.7913 -3.64078 2
      vertex 38.7913 3.64078 2
    endloop
  endfacet
  facet normal 0 0 1
    outer loop
      vertex 38.7409 3.78942 2
      vertex 38.7409 -3.78942 2
      vertex 38.7913 -3.64078 2
    endloop
  endfacet
  facet normal 0 0 1
    outer loop
      vertex 38.7103 3.94337 2
      vertex 38.7409 -3.78942 2
      vertex 38.7409 3.78942 2
    endloop
  endfacet
  facet normal 0 0 1
    outer loop
      vertex 38.7103 3.94337 2
      vertex 38.7103 -3.94337 2
      vertex 38.7409 -3.78942 2
    endloop
  endfacet
  facet normal -0 0 1
    outer loop
      vertex 30.9001 14.8876 2
      vertex 39.1695 5.05202 2
      vertex 31.0132 14.9868 2
    endloop
  endfacet
  facet normal 0 0 1
    outer loop
      vertex 39.1695 5.05202 2
      vertex 30.9001 14.8876 2
      vertex 39.0515 4.94853 2
    endloop
  endfacet
  facet normal 0 0 1
    outer loop
      vertex 41.0087 -4.55922 2
      vertex 50.9 -4.1 2
      vertex 41.0591 -4.41058 2
    endloop
  endfacet
  facet normal 0 0 1
    outer loop
      vertex 40.9392 -4.7 2
      vertex 50.9 -4.1 2
      vertex 41.0087 -4.55922 2
    endloop
  endfacet
  facet normal 0 0 1
    outer loop
      vertex 40.852 -4.83051 2
      vertex 50.9 -4.1 2
      vertex 40.9392 -4.7 2
    endloop
  endfacet
  facet normal 0 0 1
    outer loop
      vertex 50.9 -4.1 2
      vertex 40.852 -4.83051 2
      vertex 48.75 -15 2
    endloop
  endfacet
  facet normal 0 0 1
    outer loop
      vertex 48.75 -15 2
      vertex 40.852 -4.83051 2
      vertex 43.25 -15 2
    endloop
  endfacet
  facet normal -0 0 1
    outer loop
      vertex 40.7485 -4.94853 2
      vertex 43.25 -15 2
      vertex 40.852 -4.83051 2
    endloop
  endfacet
  facet normal -0 0 1
    outer loop
      vertex 40.6305 -5.05202 2
      vertex 43.25 -15 2
      vertex 40.7485 -4.94853 2
    endloop
  endfacet
  facet normal -0 0 1
    outer loop
      vertex 40.5 -5.13923 2
      vertex 43.25 -15 2
      vertex 40.6305 -5.05202 2
    endloop
  endfacet
  facet normal -0 0 1
    outer loop
      vertex 40.3592 -5.20866 2
      vertex 43.25 -15 2
      vertex 40.5 -5.13923 2
    endloop
  endfacet
  facet normal -0 0 1
    outer loop
      vertex 40.2106 -5.25911 2
      vertex 43.25 -15 2
      vertex 40.3592 -5.20866 2
    endloop
  endfacet
  facet normal -0 0 1
    outer loop
      vertex 40.0566 -5.28973 2
      vertex 43.25 -15 2
      vertex 40.2106 -5.25911 2
    endloop
  endfacet
  facet normal -0 0 1
    outer loop
      vertex 39.9 -5.3 2
      vertex 43.25 -15 2
      vertex 40.0566 -5.28973 2
    endloop
  endfacet
  facet normal 0 0 1
    outer loop
      vertex 39.7434 -5.28973 2
      vertex 43.25 -15 2
      vertex 39.9 -5.3 2
    endloop
  endfacet
  facet normal 0 0 1
    outer loop
      vertex 39.5894 -5.25911 2
      vertex 43.25 -15 2
      vertex 39.7434 -5.28973 2
    endloop
  endfacet
  facet normal 0 0 1
    outer loop
      vertex 32.946 -17 2
      vertex 43.25 -15 2
      vertex 39.5894 -5.25911 2
    endloop
  endfacet
  facet normal 0 0 1
    outer loop
      vertex 32.946 -17 2
      vertex 39.5894 -5.25911 2
      vertex 39.4408 -5.20866 2
    endloop
  endfacet
  facet normal 0 0 1
    outer loop
      vertex 32.946 -17 2
      vertex 39.4408 -5.20866 2
      vertex 39.3 -5.13923 2
    endloop
  endfacet
  facet normal 0 0 1
    outer loop
      vertex 31.35 -15.8 2
      vertex 39.3 -5.13923 2
      vertex 39.1695 -5.05202 2
    endloop
  endfacet
  facet normal 0 0 1
    outer loop
      vertex 31.35 -15.8 2
      vertex 39.1695 -5.05202 2
      vertex 39.0515 -4.94853 2
    endloop
  endfacet
  facet normal 0 0 1
    outer loop
      vertex 31.35 -15.8 2
      vertex 39.0515 -4.94853 2
      vertex 38.948 -4.83051 2
    endloop
  endfacet
  facet normal 0 0 1
    outer loop
      vertex 31.35 -15.8 2
      vertex 38.948 -4.83051 2
      vertex 38.8608 -4.7 2
    endloop
  endfacet
  facet normal 0 0 1
    outer loop
      vertex 31.35 -15.8 2
      vertex 38.8608 -4.7 2
      vertex 38.7913 -4.55922 2
    endloop
  endfacet
  facet normal -0 0 1
    outer loop
      vertex 29 13.054 2
      vertex 39.0515 4.94853 2
      vertex 30.775 14.8041 2
    endloop
  endfacet
  facet normal 0 0 1
    outer loop
      vertex 31.35 -15.8 2
      vertex 38.7103 -4.25663 2
      vertex 38.7 -4.1 2
    endloop
  endfacet
  facet normal 0 0 1
    outer loop
      vertex 43.25 -15 2
      vertex 32.946 -17 2
      vertex 43.25 -17 2
    endloop
  endfacet
  facet normal 0 0 1
    outer loop
      vertex 31.35 -15.8 2
      vertex 38.7913 -4.55922 2
      vertex 38.7409 -4.41058 2
    endloop
  endfacet
  facet normal 0 0 1
    outer loop
      vertex 31.35 -15.8 2
      vertex 38.7409 -4.41058 2
      vertex 38.7103 -4.25663 2
    endloop
  endfacet
  facet normal 0 0 1
    outer loop
      vertex 32.5801 17.6263 2
      vertex 31.35 15.8 2
      vertex 32.7981 17.3 2
    endloop
  endfacet
  facet normal 0 0 1
    outer loop
      vertex 32.7981 17.3 2
      vertex 31.35 15.8 2
      vertex 32.946 17 2
    endloop
  endfacet
  facet normal 0 0 1
    outer loop
      vertex 32.3213 17.9213 2
      vertex 31.35 15.8 2
      vertex 32.5801 17.6263 2
    endloop
  endfacet
  facet normal 0 0 1
    outer loop
      vertex 38.7103 -3.94337 2
      vertex 31.35 -15.8 2
      vertex 38.7 -4.1 2
    endloop
  endfacet
  facet normal 0 0 1
    outer loop
      vertex 32.0263 18.1801 2
      vertex 31.35 15.8 2
      vertex 32.3213 17.9213 2
    endloop
  endfacet
  facet normal 0 0 1
    outer loop
      vertex 32.946 -17 2
      vertex 31.9964 -18.2 2
      vertex 32.7981 -17.3 2
    endloop
  endfacet
  facet normal 0 0 1
    outer loop
      vertex 30.9001 16.7124 2
      vertex 32.0263 18.1801 2
      vertex 31.9964 18.2 2
    endloop
  endfacet
  facet normal 0 0 1
    outer loop
      vertex 32.7981 -17.3 2
      vertex 31.9964 -18.2 2
      vertex 32.5801 -17.6263 2
    endloop
  endfacet
  facet normal 0 0 1
    outer loop
      vertex 32.5801 -17.6263 2
      vertex 31.9964 -18.2 2
      vertex 32.3213 -17.9213 2
    endloop
  endfacet
  facet normal 0 0 1
    outer loop
      vertex 32.3213 -17.9213 2
      vertex 31.9964 -18.2 2
      vertex 32.0263 -18.1801 2
    endloop
  endfacet
  facet normal -0.94691 -0.321498 0
    outer loop
      vertex 26.3045 -17.5307 0
      vertex 26.1363 -17.0353 2
      vertex 26.1363 -17.0353 0
    endloop
  endfacet
  facet normal -0.94691 -0.321498 0
    outer loop
      vertex 26.1363 -17.0353 2
      vertex 26.3045 -17.5307 0
      vertex 26.3045 -17.5307 2
    endloop
  endfacet
  facet normal 0.896898 0.442238 0
    outer loop
      vertex 65.6955 17.5307 2
      vertex 65.4641 18 0
      vertex 65.4641 18 2
    endloop
  endfacet
  facet normal 0.896898 0.442238 0
    outer loop
      vertex 65.4641 18 0
      vertex 65.6955 17.5307 2
      vertex 65.6955 17.5307 0
    endloop
  endfacet
  facet normal 0.0653646 0.997861 -0
    outer loop
      vertex 62.5221 19.9658 0
      vertex 62 20 2
      vertex 62.5221 19.9658 2
    endloop
  endfacet
  facet normal 0.0653646 0.997861 0
    outer loop
      vertex 62 20 2
      vertex 62.5221 19.9658 0
      vertex 62 20 0
    endloop
  endfacet
  facet normal 0.997861 -0.0653646 0
    outer loop
      vertex 65.9658 -16.5221 2
      vertex 66 -16 0
      vertex 66 -16 2
    endloop
  endfacet
  facet normal 0.997861 -0.0653646 0
    outer loop
      vertex 66 -16 0
      vertex 65.9658 -16.5221 2
      vertex 65.9658 -16.5221 0
    endloop
  endfacet
  facet normal 0.442238 -0.896898 0
    outer loop
      vertex 63.5307 -19.6955 0
      vertex 64 -19.4641 2
      vertex 63.5307 -19.6955 2
    endloop
  endfacet
  facet normal 0.442238 -0.896898 0
    outer loop
      vertex 64 -19.4641 2
      vertex 63.5307 -19.6955 0
      vertex 64 -19.4641 0
    endloop
  endfacet
  facet normal 0 0 1
    outer loop
      vertex 59.2019 17.3 3.19
      vertex 32.946 17 3.19
      vertex 59.054 17 3.19
    endloop
  endfacet
  facet normal 0 0 1
    outer loop
      vertex 32.7981 17.3 3.19
      vertex 59.2019 17.3 3.19
      vertex 59.4199 17.6263 3.19
    endloop
  endfacet
  facet normal 0 0 1
    outer loop
      vertex 32.5801 17.6263 3.19
      vertex 59.4199 17.6263 3.19
      vertex 59.6787 17.9213 3.19
    endloop
  endfacet
  facet normal 0 0 1
    outer loop
      vertex 32.3213 17.9213 3.19
      vertex 59.6787 17.9213 3.19
      vertex 59.9737 18.1801 3.19
    endloop
  endfacet
  facet normal 0 0 1
    outer loop
      vertex 32.0263 18.1801 3.19
      vertex 59.9737 18.1801 3.19
      vertex 60.0036 18.2 3.19
    endloop
  endfacet
  facet normal 0 0 1
    outer loop
      vertex 59.2019 17.3 3.19
      vertex 32.7981 17.3 3.19
      vertex 32.946 17 3.19
    endloop
  endfacet
  facet normal 0 0 1
    outer loop
      vertex 59.4199 17.6263 3.19
      vertex 32.5801 17.6263 3.19
      vertex 32.7981 17.3 3.19
    endloop
  endfacet
  facet normal 0 0 1
    outer loop
      vertex 59.6787 17.9213 3.19
      vertex 32.3213 17.9213 3.19
      vertex 32.5801 17.6263 3.19
    endloop
  endfacet
  facet normal 0 0 1
    outer loop
      vertex 59.9737 18.1801 3.19
      vertex 32.0263 18.1801 3.19
      vertex 32.3213 17.9213 3.19
    endloop
  endfacet
  facet normal 0 -0 1
    outer loop
      vertex 32.0263 18.1801 3.19
      vertex 60.0036 18.2 3.19
      vertex 31.9964 18.2 3.19
    endloop
  endfacet
  facet normal -0 0 1
    outer loop
      vertex 64.1801 13.9737 3.19
      vertex 64.2 -14.0036 3.19
      vertex 64.2 14.0036 3.19
    endloop
  endfacet
  facet normal 0 0 1
    outer loop
      vertex 64.1801 13.9737 3.19
      vertex 64.1801 -13.9737 3.19
      vertex 64.2 -14.0036 3.19
    endloop
  endfacet
  facet normal -0 0 1
    outer loop
      vertex 63.9213 13.6787 3.19
      vertex 64.1801 -13.9737 3.19
      vertex 64.1801 13.9737 3.19
    endloop
  endfacet
  facet normal 0 0 1
    outer loop
      vertex 63.9213 13.6787 3.19
      vertex 63.9213 -13.6787 3.19
      vertex 64.1801 -13.9737 3.19
    endloop
  endfacet
  facet normal -0 0 1
    outer loop
      vertex 63.6263 13.4199 3.19
      vertex 63.9213 -13.6787 3.19
      vertex 63.9213 13.6787 3.19
    endloop
  endfacet
  facet normal 0 0 1
    outer loop
      vertex 63.6263 13.4199 3.19
      vertex 63.6263 -13.4199 3.19
      vertex 63.9213 -13.6787 3.19
    endloop
  endfacet
  facet normal -0 0 1
    outer loop
      vertex 63.3 13.2019 3.19
      vertex 63.6263 -13.4199 3.19
      vertex 63.6263 13.4199 3.19
    endloop
  endfacet
  facet normal 0 0 1
    outer loop
      vertex 63.3 13.2019 3.19
      vertex 63.3 -13.2019 3.19
      vertex 63.6263 -13.4199 3.19
    endloop
  endfacet
  facet normal -0 0 1
    outer loop
      vertex 63 13.054 3.19
      vertex 63.3 -13.2019 3.19
      vertex 63.3 13.2019 3.19
    endloop
  endfacet
  facet normal 0 0 1
    outer loop
      vertex 63.3 -13.2019 3.19
      vertex 63 13.054 3.19
      vertex 63 -13.054 3.19
    endloop
  endfacet
  facet normal 0 0 1
    outer loop
      vertex 28.7 13.2019 3.19
      vertex 29 -13.054 3.19
      vertex 29 13.054 3.19
    endloop
  endfacet
  facet normal 0 0 1
    outer loop
      vertex 28.7 13.2019 3.19
      vertex 28.7 -13.2019 3.19
      vertex 29 -13.054 3.19
    endloop
  endfacet
  facet normal 0 0 1
    outer loop
      vertex 28.3737 13.4199 3.19
      vertex 28.7 -13.2019 3.19
      vertex 28.7 13.2019 3.19
    endloop
  endfacet
  facet normal 0 0 1
    outer loop
      vertex 28.3737 13.4199 3.19
      vertex 28.3737 -13.4199 3.19
      vertex 28.7 -13.2019 3.19
    endloop
  endfacet
  facet normal 0 0 1
    outer loop
      vertex 28.0787 13.6787 3.19
      vertex 28.3737 -13.4199 3.19
      vertex 28.3737 13.4199 3.19
    endloop
  endfacet
  facet normal 0 0 1
    outer loop
      vertex 28.0787 13.6787 3.19
      vertex 28.0787 -13.6787 3.19
      vertex 28.3737 -13.4199 3.19
    endloop
  endfacet
  facet normal 0 0 1
    outer loop
      vertex 27.8199 13.9737 3.19
      vertex 28.0787 -13.6787 3.19
      vertex 28.0787 13.6787 3.19
    endloop
  endfacet
  facet normal 0 0 1
    outer loop
      vertex 27.8199 13.9737 3.19
      vertex 27.8199 -13.9737 3.19
      vertex 28.0787 -13.6787 3.19
    endloop
  endfacet
  facet normal 0 0 1
    outer loop
      vertex 27.8 14.0036 3.19
      vertex 27.8199 -13.9737 3.19
      vertex 27.8199 13.9737 3.19
    endloop
  endfacet
  facet normal 0 0 1
    outer loop
      vertex 27.8199 -13.9737 3.19
      vertex 27.8 14.0036 3.19
      vertex 27.8 -14.0036 3.19
    endloop
  endfacet
  facet normal -0 0 1
    outer loop
      vertex 32.946 -17 3.19
      vertex 43.25 -18.2 3.19
      vertex 43.25 -17 3.19
    endloop
  endfacet
  facet normal -0 0 1
    outer loop
      vertex 32.7981 -17.3 3.19
      vertex 43.25 -18.2 3.19
      vertex 32.946 -17 3.19
    endloop
  endfacet
  facet normal -0 0 1
    outer loop
      vertex 32.5801 -17.6263 3.19
      vertex 43.25 -18.2 3.19
      vertex 32.7981 -17.3 3.19
    endloop
  endfacet
  facet normal -0 0 1
    outer loop
      vertex 32.3213 -17.9213 3.19
      vertex 43.25 -18.2 3.19
      vertex 32.5801 -17.6263 3.19
    endloop
  endfacet
  facet normal -0 0 1
    outer loop
      vertex 32.0263 -18.1801 3.19
      vertex 43.25 -18.2 3.19
      vertex 32.3213 -17.9213 3.19
    endloop
  endfacet
  facet normal 0 0 1
    outer loop
      vertex 43.25 -18.2 3.19
      vertex 32.0263 -18.1801 3.19
      vertex 31.9964 -18.2 3.19
    endloop
  endfacet
  facet normal 0 0 1
    outer loop
      vertex 48.75 -18.2 3.19
      vertex 59.054 -17 3.19
      vertex 48.75 -17 3.19
    endloop
  endfacet
  facet normal 0 0 1
    outer loop
      vertex 59.054 -17 3.19
      vertex 48.75 -18.2 3.19
      vertex 59.2019 -17.3 3.19
    endloop
  endfacet
  facet normal 0 0 1
    outer loop
      vertex 59.2019 -17.3 3.19
      vertex 48.75 -18.2 3.19
      vertex 59.4199 -17.6263 3.19
    endloop
  endfacet
  facet normal 0 0 1
    outer loop
      vertex 59.4199 -17.6263 3.19
      vertex 48.75 -18.2 3.19
      vertex 59.6787 -17.9213 3.19
    endloop
  endfacet
  facet normal 0 0 1
    outer loop
      vertex 59.6787 -17.9213 3.19
      vertex 48.75 -18.2 3.19
      vertex 59.9737 -18.1801 3.19
    endloop
  endfacet
  facet normal 0 0 1
    outer loop
      vertex 59.9737 -18.1801 3.19
      vertex 48.75 -18.2 3.19
      vertex 60.0036 -18.2 3.19
    endloop
  endfacet
  facet normal 0.831501 -0.555523 0
    outer loop
      vertex 59.2019 17.3 3.19
      vertex 59.4199 17.6263 2
      vertex 59.4199 17.6263 3.19
    endloop
  endfacet
  facet normal 0.831501 -0.555523 0
    outer loop
      vertex 59.4199 17.6263 2
      vertex 59.2019 17.3 3.19
      vertex 59.2019 17.3 2
    endloop
  endfacet
  facet normal 0.751724 -0.659478 0
    outer loop
      vertex 59.4199 17.6263 3.19
      vertex 59.6787 17.9213 2
      vertex 59.6787 17.9213 3.19
    endloop
  endfacet
  facet normal 0.751724 -0.659478 0
    outer loop
      vertex 59.6787 17.9213 2
      vertex 59.4199 17.6263 3.19
      vertex 59.4199 17.6263 2
    endloop
  endfacet
  facet normal 0.659478 -0.751724 0
    outer loop
      vertex 59.6787 17.9213 2
      vertex 59.9737 18.1801 3.19
      vertex 59.6787 17.9213 3.19
    endloop
  endfacet
  facet normal 0.659478 -0.751724 0
    outer loop
      vertex 59.9737 18.1801 3.19
      vertex 59.6787 17.9213 2
      vertex 59.9737 18.1801 2
    endloop
  endfacet
  facet normal 0.554058 -0.832478 0
    outer loop
      vertex 59.9737 18.1801 2
      vertex 60.0036 18.2 3.19
      vertex 59.9737 18.1801 3.19
    endloop
  endfacet
  facet normal 0.554058 -0.832478 0
    outer loop
      vertex 60.0036 18.2 3.19
      vertex 59.9737 18.1801 2
      vertex 60.0036 18.2 2
    endloop
  endfacet
  facet normal 0 1 -0
    outer loop
      vertex 60.0036 18.2 2
      vertex 31.9964 18.2 3.19
      vertex 60.0036 18.2 3.19
    endloop
  endfacet
  facet normal 0 1 0
    outer loop
      vertex 31.9964 18.2 3.19
      vertex 60.0036 18.2 2
      vertex 31.9964 18.2 2
    endloop
  endfacet
  facet normal -0.554058 -0.832478 0
    outer loop
      vertex 31.9964 18.2 2
      vertex 32.0263 18.1801 3.19
      vertex 31.9964 18.2 3.19
    endloop
  endfacet
  facet normal -0.554058 -0.832478 -0
    outer loop
      vertex 32.0263 18.1801 3.19
      vertex 31.9964 18.2 2
      vertex 32.0263 18.1801 2
    endloop
  endfacet
  facet normal -0.659478 -0.751724 0
    outer loop
      vertex 32.0263 18.1801 2
      vertex 32.3213 17.9213 3.19
      vertex 32.0263 18.1801 3.19
    endloop
  endfacet
  facet normal -0.659478 -0.751724 -0
    outer loop
      vertex 32.3213 17.9213 3.19
      vertex 32.0263 18.1801 2
      vertex 32.3213 17.9213 2
    endloop
  endfacet
  facet normal -0.751724 -0.659478 0
    outer loop
      vertex 32.5801 17.6263 2
      vertex 32.3213 17.9213 3.19
      vertex 32.3213 17.9213 2
    endloop
  endfacet
  facet normal -0.751724 -0.659478 0
    outer loop
      vertex 32.3213 17.9213 3.19
      vertex 32.5801 17.6263 2
      vertex 32.5801 17.6263 3.19
    endloop
  endfacet
  facet normal -0.831501 -0.555523 0
    outer loop
      vertex 32.7981 17.3 2
      vertex 32.5801 17.6263 3.19
      vertex 32.5801 17.6263 2
    endloop
  endfacet
  facet normal -0.831501 -0.555523 0
    outer loop
      vertex 32.5801 17.6263 3.19
      vertex 32.7981 17.3 2
      vertex 32.7981 17.3 3.19
    endloop
  endfacet
  facet normal -0.896924 -0.442184 0
    outer loop
      vertex 32.946 17 2
      vertex 32.7981 17.3 3.19
      vertex 32.7981 17.3 2
    endloop
  endfacet
  facet normal -0.896924 -0.442184 0
    outer loop
      vertex 32.7981 17.3 3.19
      vertex 32.946 17 2
      vertex 32.946 17 3.19
    endloop
  endfacet
  facet normal 0 -1 0
    outer loop
      vertex 32.946 17 2
      vertex 59.054 17 3.19
      vertex 32.946 17 3.19
    endloop
  endfacet
  facet normal 0 -1 -0
    outer loop
      vertex 59.054 17 3.19
      vertex 32.946 17 2
      vertex 59.054 17 2
    endloop
  endfacet
  facet normal 0.896924 -0.442184 0
    outer loop
      vertex 59.054 17 3.19
      vertex 59.2019 17.3 2
      vertex 59.2019 17.3 3.19
    endloop
  endfacet
  facet normal 0.896924 -0.442184 0
    outer loop
      vertex 59.2019 17.3 2
      vertex 59.054 17 3.19
      vertex 59.054 17 2
    endloop
  endfacet
  facet normal 0.751724 -0.659478 0
    outer loop
      vertex 27.8199 -13.9737 3.19
      vertex 28.0787 -13.6787 2
      vertex 28.0787 -13.6787 3.19
    endloop
  endfacet
  facet normal 0.751724 -0.659478 0
    outer loop
      vertex 28.0787 -13.6787 2
      vertex 27.8199 -13.9737 3.19
      vertex 27.8199 -13.9737 2
    endloop
  endfacet
  facet normal 0.659478 -0.751724 0
    outer loop
      vertex 28.0787 -13.6787 2
      vertex 28.3737 -13.4199 3.19
      vertex 28.0787 -13.6787 3.19
    endloop
  endfacet
  facet normal 0.659478 -0.751724 0
    outer loop
      vertex 28.3737 -13.4199 3.19
      vertex 28.0787 -13.6787 2
      vertex 28.3737 -13.4199 2
    endloop
  endfacet
  facet normal 0.555523 -0.831501 0
    outer loop
      vertex 28.3737 -13.4199 2
      vertex 28.7 -13.2019 3.19
      vertex 28.3737 -13.4199 3.19
    endloop
  endfacet
  facet normal 0.555523 -0.831501 0
    outer loop
      vertex 28.7 -13.2019 3.19
      vertex 28.3737 -13.4199 2
      vertex 28.7 -13.2019 2
    endloop
  endfacet
  facet normal 0.442184 -0.896924 0
    outer loop
      vertex 28.7 -13.2019 2
      vertex 29 -13.054 3.19
      vertex 28.7 -13.2019 3.19
    endloop
  endfacet
  facet normal 0.442184 -0.896924 0
    outer loop
      vertex 29 -13.054 3.19
      vertex 28.7 -13.2019 2
      vertex 29 -13.054 2
    endloop
  endfacet
  facet normal 1 -0 0
    outer loop
      vertex 29 -13.054 3.19
      vertex 29 13.054 2
      vertex 29 13.054 3.19
    endloop
  endfacet
  facet normal 1 0 0
    outer loop
      vertex 29 13.054 2
      vertex 29 -13.054 3.19
      vertex 29 -13.054 2
    endloop
  endfacet
  facet normal 0.442184 0.896924 -0
    outer loop
      vertex 29 13.054 2
      vertex 28.7 13.2019 3.19
      vertex 29 13.054 3.19
    endloop
  endfacet
  facet normal 0.442184 0.896924 0
    outer loop
      vertex 28.7 13.2019 3.19
      vertex 29 13.054 2
      vertex 28.7 13.2019 2
    endloop
  endfacet
  facet normal 0.555523 0.831501 -0
    outer loop
      vertex 28.7 13.2019 2
      vertex 28.3737 13.4199 3.19
      vertex 28.7 13.2019 3.19
    endloop
  endfacet
  facet normal 0.555523 0.831501 0
    outer loop
      vertex 28.3737 13.4199 3.19
      vertex 28.7 13.2019 2
      vertex 28.3737 13.4199 2
    endloop
  endfacet
  facet normal 0.659478 0.751724 -0
    outer loop
      vertex 28.3737 13.4199 2
      vertex 28.0787 13.6787 3.19
      vertex 28.3737 13.4199 3.19
    endloop
  endfacet
  facet normal 0.659478 0.751724 0
    outer loop
      vertex 28.0787 13.6787 3.19
      vertex 28.3737 13.4199 2
      vertex 28.0787 13.6787 2
    endloop
  endfacet
  facet normal 0.751724 0.659478 0
    outer loop
      vertex 28.0787 13.6787 3.19
      vertex 27.8199 13.9737 2
      vertex 27.8199 13.9737 3.19
    endloop
  endfacet
  facet normal 0.751724 0.659478 0
    outer loop
      vertex 27.8199 13.9737 2
      vertex 28.0787 13.6787 3.19
      vertex 28.0787 13.6787 2
    endloop
  endfacet
  facet normal 0.832478 0.554058 0
    outer loop
      vertex 27.8199 13.9737 3.19
      vertex 27.8 14.0036 2
      vertex 27.8 14.0036 3.19
    endloop
  endfacet
  facet normal 0.832478 0.554058 0
    outer loop
      vertex 27.8 14.0036 2
      vertex 27.8199 13.9737 3.19
      vertex 27.8199 13.9737 2
    endloop
  endfacet
  facet normal -1 0 0
    outer loop
      vertex 27.8 -14.0036 2
      vertex 27.8 14.0036 3.19
      vertex 27.8 14.0036 2
    endloop
  endfacet
  facet normal -1 -0 0
    outer loop
      vertex 27.8 14.0036 3.19
      vertex 27.8 -14.0036 2
      vertex 27.8 -14.0036 3.19
    endloop
  endfacet
  facet normal 0.832478 -0.554058 0
    outer loop
      vertex 27.8 -14.0036 3.19
      vertex 27.8199 -13.9737 2
      vertex 27.8199 -13.9737 3.19
    endloop
  endfacet
  facet normal 0.832478 -0.554058 0
    outer loop
      vertex 27.8199 -13.9737 2
      vertex 27.8 -14.0036 3.19
      vertex 27.8 -14.0036 2
    endloop
  endfacet
  facet normal -0.832478 0.554058 0
    outer loop
      vertex 64.1801 13.9737 2
      vertex 64.2 14.0036 3.19
      vertex 64.2 14.0036 2
    endloop
  endfacet
  facet normal -0.832478 0.554058 0
    outer loop
      vertex 64.2 14.0036 3.19
      vertex 64.1801 13.9737 2
      vertex 64.1801 13.9737 3.19
    endloop
  endfacet
  facet normal -0.751724 0.659478 0
    outer loop
      vertex 63.9213 13.6787 2
      vertex 64.1801 13.9737 3.19
      vertex 64.1801 13.9737 2
    endloop
  endfacet
  facet normal -0.751724 0.659478 0
    outer loop
      vertex 64.1801 13.9737 3.19
      vertex 63.9213 13.6787 2
      vertex 63.9213 13.6787 3.19
    endloop
  endfacet
  facet normal -0.659478 0.751724 0
    outer loop
      vertex 63.9213 13.6787 2
      vertex 63.6263 13.4199 3.19
      vertex 63.9213 13.6787 3.19
    endloop
  endfacet
  facet normal -0.659478 0.751724 0
    outer loop
      vertex 63.6263 13.4199 3.19
      vertex 63.9213 13.6787 2
      vertex 63.6263 13.4199 2
    endloop
  endfacet
  facet normal -0.555523 0.831501 0
    outer loop
      vertex 63.6263 13.4199 2
      vertex 63.3 13.2019 3.19
      vertex 63.6263 13.4199 3.19
    endloop
  endfacet
  facet normal -0.555523 0.831501 0
    outer loop
      vertex 63.3 13.2019 3.19
      vertex 63.6263 13.4199 2
      vertex 63.3 13.2019 2
    endloop
  endfacet
  facet normal -0.442184 0.896924 0
    outer loop
      vertex 63.3 13.2019 2
      vertex 63 13.054 3.19
      vertex 63.3 13.2019 3.19
    endloop
  endfacet
  facet normal -0.442184 0.896924 0
    outer loop
      vertex 63 13.054 3.19
      vertex 63.3 13.2019 2
      vertex 63 13.054 2
    endloop
  endfacet
  facet normal -1 0 0
    outer loop
      vertex 63 -13.054 2
      vertex 63 13.054 3.19
      vertex 63 13.054 2
    endloop
  endfacet
  facet normal -1 -0 0
    outer loop
      vertex 63 13.054 3.19
      vertex 63 -13.054 2
      vertex 63 -13.054 3.19
    endloop
  endfacet
  facet normal -0.442184 -0.896924 0
    outer loop
      vertex 63 -13.054 2
      vertex 63.3 -13.2019 3.19
      vertex 63 -13.054 3.19
    endloop
  endfacet
  facet normal -0.442184 -0.896924 -0
    outer loop
      vertex 63.3 -13.2019 3.19
      vertex 63 -13.054 2
      vertex 63.3 -13.2019 2
    endloop
  endfacet
  facet normal -0.555523 -0.831501 0
    outer loop
      vertex 63.3 -13.2019 2
      vertex 63.6263 -13.4199 3.19
      vertex 63.3 -13.2019 3.19
    endloop
  endfacet
  facet normal -0.555523 -0.831501 -0
    outer loop
      vertex 63.6263 -13.4199 3.19
      vertex 63.3 -13.2019 2
      vertex 63.6263 -13.4199 2
    endloop
  endfacet
  facet normal -0.659478 -0.751724 0
    outer loop
      vertex 63.6263 -13.4199 2
      vertex 63.9213 -13.6787 3.19
      vertex 63.6263 -13.4199 3.19
    endloop
  endfacet
  facet normal -0.659478 -0.751724 -0
    outer loop
      vertex 63.9213 -13.6787 3.19
      vertex 63.6263 -13.4199 2
      vertex 63.9213 -13.6787 2
    endloop
  endfacet
  facet normal -0.751724 -0.659478 0
    outer loop
      vertex 64.1801 -13.9737 2
      vertex 63.9213 -13.6787 3.19
      vertex 63.9213 -13.6787 2
    endloop
  endfacet
  facet normal -0.751724 -0.659478 0
    outer loop
      vertex 63.9213 -13.6787 3.19
      vertex 64.1801 -13.9737 2
      vertex 64.1801 -13.9737 3.19
    endloop
  endfacet
  facet normal -0.832478 -0.554058 0
    outer loop
      vertex 64.2 -14.0036 2
      vertex 64.1801 -13.9737 3.19
      vertex 64.1801 -13.9737 2
    endloop
  endfacet
  facet normal -0.832478 -0.554058 0
    outer loop
      vertex 64.1801 -13.9737 3.19
      vertex 64.2 -14.0036 2
      vertex 64.2 -14.0036 3.19
    endloop
  endfacet
  facet normal 1 -0 0
    outer loop
      vertex 64.2 -14.0036 3.19
      vertex 64.2 14.0036 2
      vertex 64.2 14.0036 3.19
    endloop
  endfacet
  facet normal 1 0 0
    outer loop
      vertex 64.2 14.0036 2
      vertex 64.2 -14.0036 3.19
      vertex 64.2 -14.0036 2
    endloop
  endfacet
  facet normal 0.659478 0.751724 -0
    outer loop
      vertex 59.9737 -18.1801 2
      vertex 59.6787 -17.9213 3.19
      vertex 59.9737 -18.1801 3.19
    endloop
  endfacet
  facet normal 0.659478 0.751724 0
    outer loop
      vertex 59.6787 -17.9213 3.19
      vertex 59.9737 -18.1801 2
      vertex 59.6787 -17.9213 2
    endloop
  endfacet
  facet normal 0.751724 0.659478 0
    outer loop
      vertex 59.6787 -17.9213 3.19
      vertex 59.4199 -17.6263 2
      vertex 59.4199 -17.6263 3.19
    endloop
  endfacet
  facet normal 0.751724 0.659478 0
    outer loop
      vertex 59.4199 -17.6263 2
      vertex 59.6787 -17.9213 3.19
      vertex 59.6787 -17.9213 2
    endloop
  endfacet
  facet normal 0.831501 0.555523 0
    outer loop
      vertex 59.4199 -17.6263 3.19
      vertex 59.2019 -17.3 2
      vertex 59.2019 -17.3 3.19
    endloop
  endfacet
  facet normal 0.831501 0.555523 0
    outer loop
      vertex 59.2019 -17.3 2
      vertex 59.4199 -17.6263 3.19
      vertex 59.4199 -17.6263 2
    endloop
  endfacet
  facet normal 0.896924 0.442184 0
    outer loop
      vertex 59.2019 -17.3 3.19
      vertex 59.054 -17 2
      vertex 59.054 -17 3.19
    endloop
  endfacet
  facet normal 0.896924 0.442184 0
    outer loop
      vertex 59.054 -17 2
      vertex 59.2019 -17.3 3.19
      vertex 59.2019 -17.3 2
    endloop
  endfacet
  facet normal 0 1 -0
    outer loop
      vertex 59.054 -17 2
      vertex 48.75 -17 3.19
      vertex 59.054 -17 3.19
    endloop
  endfacet
  facet normal 0 1 0
    outer loop
      vertex 48.75 -17 3.19
      vertex 59.054 -17 2
      vertex 48.75 -17 2
    endloop
  endfacet
  facet normal 0 1 -0
    outer loop
      vertex 43.25 -17 2
      vertex 32.946 -17 3.19
      vertex 43.25 -17 3.19
    endloop
  endfacet
  facet normal 0 1 0
    outer loop
      vertex 32.946 -17 3.19
      vertex 43.25 -17 2
      vertex 32.946 -17 2
    endloop
  endfacet
  facet normal -0.896924 0.442184 0
    outer loop
      vertex 32.7981 -17.3 2
      vertex 32.946 -17 3.19
      vertex 32.946 -17 2
    endloop
  endfacet
  facet normal -0.896924 0.442184 0
    outer loop
      vertex 32.946 -17 3.19
      vertex 32.7981 -17.3 2
      vertex 32.7981 -17.3 3.19
    endloop
  endfacet
  facet normal -0.831501 0.555523 0
    outer loop
      vertex 32.5801 -17.6263 2
      vertex 32.7981 -17.3 3.19
      vertex 32.7981 -17.3 2
    endloop
  endfacet
  facet normal -0.831501 0.555523 0
    outer loop
      vertex 32.7981 -17.3 3.19
      vertex 32.5801 -17.6263 2
      vertex 32.5801 -17.6263 3.19
    endloop
  endfacet
  facet normal -0.751724 0.659478 0
    outer loop
      vertex 32.3213 -17.9213 2
      vertex 32.5801 -17.6263 3.19
      vertex 32.5801 -17.6263 2
    endloop
  endfacet
  facet normal -0.751724 0.659478 0
    outer loop
      vertex 32.5801 -17.6263 3.19
      vertex 32.3213 -17.9213 2
      vertex 32.3213 -17.9213 3.19
    endloop
  endfacet
  facet normal -0.659478 0.751724 0
    outer loop
      vertex 32.3213 -17.9213 2
      vertex 32.0263 -18.1801 3.19
      vertex 32.3213 -17.9213 3.19
    endloop
  endfacet
  facet normal -0.659478 0.751724 0
    outer loop
      vertex 32.0263 -18.1801 3.19
      vertex 32.3213 -17.9213 2
      vertex 32.0263 -18.1801 2
    endloop
  endfacet
  facet normal -0.554058 0.832478 0
    outer loop
      vertex 32.0263 -18.1801 2
      vertex 31.9964 -18.2 3.19
      vertex 32.0263 -18.1801 3.19
    endloop
  endfacet
  facet normal -0.554058 0.832478 0
    outer loop
      vertex 31.9964 -18.2 3.19
      vertex 32.0263 -18.1801 2
      vertex 31.9964 -18.2 2
    endloop
  endfacet
  facet normal 0 -1 0
    outer loop
      vertex 31.9964 -18.2 2
      vertex 43.25 -18.2 3.19
      vertex 31.9964 -18.2 3.19
    endloop
  endfacet
  facet normal 0 -1 -0
    outer loop
      vertex 43.25 -18.2 3.19
      vertex 31.9964 -18.2 2
      vertex 43.25 -18.2 2
    endloop
  endfacet
  facet normal 0 -1 0
    outer loop
      vertex 48.75 -18.2 2
      vertex 60.0036 -18.2 3.19
      vertex 48.75 -18.2 3.19
    endloop
  endfacet
  facet normal 0 -1 -0
    outer loop
      vertex 60.0036 -18.2 3.19
      vertex 48.75 -18.2 2
      vertex 60.0036 -18.2 2
    endloop
  endfacet
  facet normal 0.554058 0.832478 -0
    outer loop
      vertex 60.0036 -18.2 2
      vertex 59.9737 -18.1801 3.19
      vertex 60.0036 -18.2 3.19
    endloop
  endfacet
  facet normal 0.554058 0.832478 0
    outer loop
      vertex 59.9737 -18.1801 3.19
      vertex 60.0036 -18.2 2
      vertex 59.9737 -18.1801 2
    endloop
  endfacet
  facet normal -0.980708 -0.195477 0
    outer loop
      vertex 31.3402 -15.6499 1
      vertex 31.3108 -15.5024 2
      vertex 31.3108 -15.5024 1
    endloop
  endfacet
  facet normal -0.980708 -0.195477 0
    outer loop
      vertex 31.3108 -15.5024 2
      vertex 31.3402 -15.6499 1
      vertex 31.3402 -15.6499 2
    endloop
  endfacet
  facet normal -0.997875 -0.0651511 0
    outer loop
      vertex 31.35 -15.8 1
      vertex 31.3402 -15.6499 2
      vertex 31.3402 -15.6499 1
    endloop
  endfacet
  facet normal -0.997875 -0.0651511 0
    outer loop
      vertex 31.3402 -15.6499 2
      vertex 31.35 -15.8 1
      vertex 31.35 -15.8 2
    endloop
  endfacet
  facet normal 0.442688 -0.896676 0
    outer loop
      vertex 29.625 -14.8041 1
      vertex 29.7599 -14.7375 2
      vertex 29.625 -14.8041 2
    endloop
  endfacet
  facet normal 0.442688 -0.896676 0
    outer loop
      vertex 29.7599 -14.7375 2
      vertex 29.625 -14.8041 1
      vertex 29.7599 -14.7375 1
    endloop
  endfacet
  facet normal 0.751794 0.659398 0
    outer loop
      vertex 29.3868 -16.6132 2
      vertex 29.2876 -16.5001 1
      vertex 29.2876 -16.5001 2
    endloop
  endfacet
  facet normal 0.751794 0.659398 0
    outer loop
      vertex 29.2876 -16.5001 1
      vertex 29.3868 -16.6132 2
      vertex 29.3868 -16.6132 1
    endloop
  endfacet
  facet normal -0.659398 -0.751794 0
    outer loop
      vertex 30.9001 -14.8876 1
      vertex 31.0132 -14.9868 2
      vertex 30.9001 -14.8876 2
    endloop
  endfacet
  facet normal -0.659398 -0.751794 -0
    outer loop
      vertex 31.0132 -14.9868 2
      vertex 30.9001 -14.8876 1
      vertex 31.0132 -14.9868 1
    endloop
  endfacet
  facet normal 0.195477 0.980708 -0
    outer loop
      vertex 30.0499 -16.9402 1
      vertex 29.9024 -16.9108 2
      vertex 30.0499 -16.9402 2
    endloop
  endfacet
  facet normal 0.195477 0.980708 0
    outer loop
      vertex 29.9024 -16.9108 2
      vertex 30.0499 -16.9402 1
      vertex 29.9024 -16.9108 1
    endloop
  endfacet
  facet normal -0.442688 0.896676 0
    outer loop
      vertex 30.775 -16.7959 1
      vertex 30.6401 -16.8625 2
      vertex 30.775 -16.7959 2
    endloop
  endfacet
  facet normal -0.442688 0.896676 0
    outer loop
      vertex 30.6401 -16.8625 2
      vertex 30.775 -16.7959 1
      vertex 30.6401 -16.8625 1
    endloop
  endfacet
  facet normal -0.195477 0.980708 0
    outer loop
      vertex 30.4976 -16.9108 1
      vertex 30.3501 -16.9402 2
      vertex 30.4976 -16.9108 2
    endloop
  endfacet
  facet normal -0.195477 0.980708 0
    outer loop
      vertex 30.3501 -16.9402 2
      vertex 30.4976 -16.9108 1
      vertex 30.3501 -16.9402 1
    endloop
  endfacet
  facet normal -0.997875 0.0651511 0
    outer loop
      vertex 31.3402 -15.9501 1
      vertex 31.35 -15.8 2
      vertex 31.35 -15.8 1
    endloop
  endfacet
  facet normal -0.997875 0.0651511 0
    outer loop
      vertex 31.35 -15.8 2
      vertex 31.3402 -15.9501 1
      vertex 31.3402 -15.9501 2
    endloop
  endfacet
  facet normal 0.997875 -0.0651511 0
    outer loop
      vertex 29.05 -15.8 2
      vertex 29.0598 -15.6499 1
      vertex 29.0598 -15.6499 2
    endloop
  endfacet
  facet normal 0.997875 -0.0651511 0
    outer loop
      vertex 29.0598 -15.6499 1
      vertex 29.05 -15.8 2
      vertex 29.05 -15.8 1
    endloop
  endfacet
  facet normal -0.831743 -0.55516 0
    outer loop
      vertex 31.1959 -15.225 1
      vertex 31.1124 -15.0999 2
      vertex 31.1124 -15.0999 1
    endloop
  endfacet
  facet normal -0.831743 -0.55516 0
    outer loop
      vertex 31.1124 -15.0999 2
      vertex 31.1959 -15.225 1
      vertex 31.1959 -15.225 2
    endloop
  endfacet
  facet normal -0.896676 -0.442688 0
    outer loop
      vertex 31.2625 -15.3599 1
      vertex 31.1959 -15.225 2
      vertex 31.1959 -15.225 1
    endloop
  endfacet
  facet normal -0.896676 -0.442688 0
    outer loop
      vertex 31.1959 -15.225 2
      vertex 31.2625 -15.3599 1
      vertex 31.2625 -15.3599 2
    endloop
  endfacet
  facet normal 0.947076 0.321009 0
    outer loop
      vertex 29.1375 -16.2401 2
      vertex 29.0892 -16.0976 1
      vertex 29.0892 -16.0976 2
    endloop
  endfacet
  facet normal 0.947076 0.321009 0
    outer loop
      vertex 29.0892 -16.0976 1
      vertex 29.1375 -16.2401 2
      vertex 29.1375 -16.2401 1
    endloop
  endfacet
  facet normal 0.442688 0.896676 -0
    outer loop
      vertex 29.7599 -16.8625 1
      vertex 29.625 -16.7959 2
      vertex 29.7599 -16.8625 2
    endloop
  endfacet
  facet normal 0.442688 0.896676 0
    outer loop
      vertex 29.625 -16.7959 2
      vertex 29.7599 -16.8625 1
      vertex 29.625 -16.7959 1
    endloop
  endfacet
  facet normal -0.751794 0.659398 0
    outer loop
      vertex 31.0132 -16.6132 1
      vertex 31.1124 -16.5001 2
      vertex 31.1124 -16.5001 1
    endloop
  endfacet
  facet normal -0.751794 0.659398 0
    outer loop
      vertex 31.1124 -16.5001 2
      vertex 31.0132 -16.6132 1
      vertex 31.0132 -16.6132 2
    endloop
  endfacet
  facet normal 0.0651511 -0.997875 0
    outer loop
      vertex 30.0499 -14.6598 1
      vertex 30.2 -14.65 2
      vertex 30.0499 -14.6598 2
    endloop
  endfacet
  facet normal 0.0651511 -0.997875 0
    outer loop
      vertex 30.2 -14.65 2
      vertex 30.0499 -14.6598 1
      vertex 30.2 -14.65 1
    endloop
  endfacet
  facet normal -0.980708 0.195477 0
    outer loop
      vertex 31.3108 -16.0976 1
      vertex 31.3402 -15.9501 2
      vertex 31.3402 -15.9501 1
    endloop
  endfacet
  facet normal -0.980708 0.195477 0
    outer loop
      vertex 31.3402 -15.9501 2
      vertex 31.3108 -16.0976 1
      vertex 31.3108 -16.0976 2
    endloop
  endfacet
  facet normal 0.896676 0.442688 0
    outer loop
      vertex 29.2041 -16.375 2
      vertex 29.1375 -16.2401 1
      vertex 29.1375 -16.2401 2
    endloop
  endfacet
  facet normal 0.896676 0.442688 0
    outer loop
      vertex 29.1375 -16.2401 1
      vertex 29.2041 -16.375 2
      vertex 29.2041 -16.375 1
    endloop
  endfacet
  facet normal 0.831743 -0.55516 0
    outer loop
      vertex 29.2041 -15.225 2
      vertex 29.2876 -15.0999 1
      vertex 29.2876 -15.0999 2
    endloop
  endfacet
  facet normal 0.831743 -0.55516 0
    outer loop
      vertex 29.2876 -15.0999 1
      vertex 29.2041 -15.225 2
      vertex 29.2041 -15.225 1
    endloop
  endfacet
  facet normal 0.659398 -0.751794 0
    outer loop
      vertex 29.3868 -14.9868 1
      vertex 29.4999 -14.8876 2
      vertex 29.3868 -14.9868 2
    endloop
  endfacet
  facet normal 0.659398 -0.751794 0
    outer loop
      vertex 29.4999 -14.8876 2
      vertex 29.3868 -14.9868 1
      vertex 29.4999 -14.8876 1
    endloop
  endfacet
  facet normal 0.55516 -0.831743 0
    outer loop
      vertex 29.4999 -14.8876 1
      vertex 29.625 -14.8041 2
      vertex 29.4999 -14.8876 2
    endloop
  endfacet
  facet normal 0.55516 -0.831743 0
    outer loop
      vertex 29.625 -14.8041 2
      vertex 29.4999 -14.8876 1
      vertex 29.625 -14.8041 1
    endloop
  endfacet
  facet normal 0.321009 -0.947076 0
    outer loop
      vertex 29.7599 -14.7375 1
      vertex 29.9024 -14.6892 2
      vertex 29.7599 -14.7375 2
    endloop
  endfacet
  facet normal 0.321009 -0.947076 0
    outer loop
      vertex 29.9024 -14.6892 2
      vertex 29.7599 -14.7375 1
      vertex 29.9024 -14.6892 1
    endloop
  endfacet
  facet normal 0.659398 0.751794 -0
    outer loop
      vertex 29.4999 -16.7124 1
      vertex 29.3868 -16.6132 2
      vertex 29.4999 -16.7124 2
    endloop
  endfacet
  facet normal 0.659398 0.751794 0
    outer loop
      vertex 29.3868 -16.6132 2
      vertex 29.4999 -16.7124 1
      vertex 29.3868 -16.6132 1
    endloop
  endfacet
  facet normal -0.659398 0.751794 0
    outer loop
      vertex 31.0132 -16.6132 1
      vertex 30.9001 -16.7124 2
      vertex 31.0132 -16.6132 2
    endloop
  endfacet
  facet normal -0.659398 0.751794 0
    outer loop
      vertex 30.9001 -16.7124 2
      vertex 31.0132 -16.6132 1
      vertex 30.9001 -16.7124 1
    endloop
  endfacet
  facet normal -0.0651511 0.997875 0
    outer loop
      vertex 30.3501 -16.9402 1
      vertex 30.2 -16.95 2
      vertex 30.3501 -16.9402 2
    endloop
  endfacet
  facet normal -0.0651511 0.997875 0
    outer loop
      vertex 30.2 -16.95 2
      vertex 30.3501 -16.9402 1
      vertex 30.2 -16.95 1
    endloop
  endfacet
  facet normal -0.55516 -0.831743 0
    outer loop
      vertex 30.775 -14.8041 1
      vertex 30.9001 -14.8876 2
      vertex 30.775 -14.8041 2
    endloop
  endfacet
  facet normal -0.55516 -0.831743 -0
    outer loop
      vertex 30.9001 -14.8876 2
      vertex 30.775 -14.8041 1
      vertex 30.9001 -14.8876 1
    endloop
  endfacet
  facet normal -0.55516 0.831743 0
    outer loop
      vertex 30.9001 -16.7124 1
      vertex 30.775 -16.7959 2
      vertex 30.9001 -16.7124 2
    endloop
  endfacet
  facet normal -0.55516 0.831743 0
    outer loop
      vertex 30.775 -16.7959 2
      vertex 30.9001 -16.7124 1
      vertex 30.775 -16.7959 1
    endloop
  endfacet
  facet normal -0.321009 0.947076 0
    outer loop
      vertex 30.6401 -16.8625 1
      vertex 30.4976 -16.9108 2
      vertex 30.6401 -16.8625 2
    endloop
  endfacet
  facet normal -0.321009 0.947076 0
    outer loop
      vertex 30.4976 -16.9108 2
      vertex 30.6401 -16.8625 1
      vertex 30.4976 -16.9108 1
    endloop
  endfacet
  facet normal 0.195477 -0.980708 0
    outer loop
      vertex 29.9024 -14.6892 1
      vertex 30.0499 -14.6598 2
      vertex 29.9024 -14.6892 2
    endloop
  endfacet
  facet normal 0.195477 -0.980708 0
    outer loop
      vertex 30.0499 -14.6598 2
      vertex 29.9024 -14.6892 1
      vertex 30.0499 -14.6598 1
    endloop
  endfacet
  facet normal -0.442688 -0.896676 0
    outer loop
      vertex 30.6401 -14.7375 1
      vertex 30.775 -14.8041 2
      vertex 30.6401 -14.7375 2
    endloop
  endfacet
  facet normal -0.442688 -0.896676 -0
    outer loop
      vertex 30.775 -14.8041 2
      vertex 30.6401 -14.7375 1
      vertex 30.775 -14.8041 1
    endloop
  endfacet
  facet normal 0.980708 0.195477 0
    outer loop
      vertex 29.0892 -16.0976 2
      vertex 29.0598 -15.9501 1
      vertex 29.0598 -15.9501 2
    endloop
  endfacet
  facet normal 0.980708 0.195477 0
    outer loop
      vertex 29.0598 -15.9501 1
      vertex 29.0892 -16.0976 2
      vertex 29.0892 -16.0976 1
    endloop
  endfacet
  facet normal 0.947076 -0.321009 0
    outer loop
      vertex 29.0892 -15.5024 2
      vertex 29.1375 -15.3599 1
      vertex 29.1375 -15.3599 2
    endloop
  endfacet
  facet normal 0.947076 -0.321009 0
    outer loop
      vertex 29.1375 -15.3599 1
      vertex 29.0892 -15.5024 2
      vertex 29.0892 -15.5024 1
    endloop
  endfacet
  facet normal -0.321009 -0.947076 0
    outer loop
      vertex 30.4976 -14.6892 1
      vertex 30.6401 -14.7375 2
      vertex 30.4976 -14.6892 2
    endloop
  endfacet
  facet normal -0.321009 -0.947076 -0
    outer loop
      vertex 30.6401 -14.7375 2
      vertex 30.4976 -14.6892 1
      vertex 30.6401 -14.7375 1
    endloop
  endfacet
  facet normal 0.896676 -0.442688 0
    outer loop
      vertex 29.1375 -15.3599 2
      vertex 29.2041 -15.225 1
      vertex 29.2041 -15.225 2
    endloop
  endfacet
  facet normal 0.896676 -0.442688 0
    outer loop
      vertex 29.2041 -15.225 1
      vertex 29.1375 -15.3599 2
      vertex 29.1375 -15.3599 1
    endloop
  endfacet
  facet normal -0.831743 0.55516 0
    outer loop
      vertex 31.1124 -16.5001 1
      vertex 31.1959 -16.375 2
      vertex 31.1959 -16.375 1
    endloop
  endfacet
  facet normal -0.831743 0.55516 0
    outer loop
      vertex 31.1959 -16.375 2
      vertex 31.1124 -16.5001 1
      vertex 31.1124 -16.5001 2
    endloop
  endfacet
  facet normal -0.947076 0.321009 0
    outer loop
      vertex 31.2625 -16.2401 1
      vertex 31.3108 -16.0976 2
      vertex 31.3108 -16.0976 1
    endloop
  endfacet
  facet normal -0.947076 0.321009 0
    outer loop
      vertex 31.3108 -16.0976 2
      vertex 31.2625 -16.2401 1
      vertex 31.2625 -16.2401 2
    endloop
  endfacet
  facet normal -0.195477 -0.980708 0
    outer loop
      vertex 30.3501 -14.6598 1
      vertex 30.4976 -14.6892 2
      vertex 30.3501 -14.6598 2
    endloop
  endfacet
  facet normal -0.195477 -0.980708 -0
    outer loop
      vertex 30.4976 -14.6892 2
      vertex 30.3501 -14.6598 1
      vertex 30.4976 -14.6892 1
    endloop
  endfacet
  facet normal 0.997875 0.0651511 0
    outer loop
      vertex 29.0598 -15.9501 2
      vertex 29.05 -15.8 1
      vertex 29.05 -15.8 2
    endloop
  endfacet
  facet normal 0.997875 0.0651511 0
    outer loop
      vertex 29.05 -15.8 1
      vertex 29.0598 -15.9501 2
      vertex 29.0598 -15.9501 1
    endloop
  endfacet
  facet normal 0.751794 -0.659398 0
    outer loop
      vertex 29.2876 -15.0999 2
      vertex 29.3868 -14.9868 1
      vertex 29.3868 -14.9868 2
    endloop
  endfacet
  facet normal 0.751794 -0.659398 0
    outer loop
      vertex 29.3868 -14.9868 1
      vertex 29.2876 -15.0999 2
      vertex 29.2876 -15.0999 1
    endloop
  endfacet
  facet normal -0.751794 -0.659398 0
    outer loop
      vertex 31.1124 -15.0999 1
      vertex 31.0132 -14.9868 2
      vertex 31.0132 -14.9868 1
    endloop
  endfacet
  facet normal -0.751794 -0.659398 0
    outer loop
      vertex 31.0132 -14.9868 2
      vertex 31.1124 -15.0999 1
      vertex 31.1124 -15.0999 2
    endloop
  endfacet
  facet normal -0.947076 -0.321009 0
    outer loop
      vertex 31.3108 -15.5024 1
      vertex 31.2625 -15.3599 2
      vertex 31.2625 -15.3599 1
    endloop
  endfacet
  facet normal -0.947076 -0.321009 0
    outer loop
      vertex 31.2625 -15.3599 2
      vertex 31.3108 -15.5024 1
      vertex 31.3108 -15.5024 2
    endloop
  endfacet
  facet normal 0.831743 0.55516 0
    outer loop
      vertex 29.2876 -16.5001 2
      vertex 29.2041 -16.375 1
      vertex 29.2041 -16.375 2
    endloop
  endfacet
  facet normal 0.831743 0.55516 0
    outer loop
      vertex 29.2041 -16.375 1
      vertex 29.2876 -16.5001 2
      vertex 29.2876 -16.5001 1
    endloop
  endfacet
  facet normal 0.0651511 0.997875 -0
    outer loop
      vertex 30.2 -16.95 1
      vertex 30.0499 -16.9402 2
      vertex 30.2 -16.95 2
    endloop
  endfacet
  facet normal 0.0651511 0.997875 0
    outer loop
      vertex 30.0499 -16.9402 2
      vertex 30.2 -16.95 1
      vertex 30.0499 -16.9402 1
    endloop
  endfacet
  facet normal -0.0651511 -0.997875 0
    outer loop
      vertex 30.2 -14.65 1
      vertex 30.3501 -14.6598 2
      vertex 30.2 -14.65 2
    endloop
  endfacet
  facet normal -0.0651511 -0.997875 -0
    outer loop
      vertex 30.3501 -14.6598 2
      vertex 30.2 -14.65 1
      vertex 30.3501 -14.6598 1
    endloop
  endfacet
  facet normal 0.321009 0.947076 -0
    outer loop
      vertex 29.9024 -16.9108 1
      vertex 29.7599 -16.8625 2
      vertex 29.9024 -16.9108 2
    endloop
  endfacet
  facet normal 0.321009 0.947076 0
    outer loop
      vertex 29.7599 -16.8625 2
      vertex 29.9024 -16.9108 1
      vertex 29.7599 -16.8625 1
    endloop
  endfacet
  facet normal 0.980708 -0.195477 0
    outer loop
      vertex 29.0598 -15.6499 2
      vertex 29.0892 -15.5024 1
      vertex 29.0892 -15.5024 2
    endloop
  endfacet
  facet normal 0.980708 -0.195477 0
    outer loop
      vertex 29.0892 -15.5024 1
      vertex 29.0598 -15.6499 2
      vertex 29.0598 -15.6499 1
    endloop
  endfacet
  facet normal -0.896676 0.442688 0
    outer loop
      vertex 31.1959 -16.375 1
      vertex 31.2625 -16.2401 2
      vertex 31.2625 -16.2401 1
    endloop
  endfacet
  facet normal -0.896676 0.442688 0
    outer loop
      vertex 31.2625 -16.2401 2
      vertex 31.1959 -16.375 1
      vertex 31.1959 -16.375 2
    endloop
  endfacet
  facet normal 0.55516 0.831743 -0
    outer loop
      vertex 29.625 -16.7959 1
      vertex 29.4999 -16.7124 2
      vertex 29.625 -16.7959 2
    endloop
  endfacet
  facet normal 0.55516 0.831743 0
    outer loop
      vertex 29.4999 -16.7124 2
      vertex 29.625 -16.7959 1
      vertex 29.4999 -16.7124 1
    endloop
  endfacet
  facet normal 0.638081 -0.314443 -0.702836
    outer loop
      vertex 28.3466 -14.7299 0
      vertex 29.2041 -15.225 1
      vertex 28.2235 -14.9797 0
    endloop
  endfacet
  facet normal 0.228624 0.67361 -0.702837
    outer loop
      vertex 29.9024 -16.9108 1
      vertex 29.6461 -17.8672 0
      vertex 29.3824 -17.7777 0
    endloop
  endfacet
  facet normal -0.709819 -0.0473213 -0.702792
    outer loop
      vertex 31.35 -15.8 1
      vertex 32.34 -15.7985 0
      vertex 32.3401 -15.8 0
    endloop
  endfacet
  facet normal -0.709853 -0.0463461 -0.702824
    outer loop
      vertex 32.34 -15.7985 0
      vertex 31.35 -15.8 1
      vertex 31.3402 -15.6499 1
    endloop
  endfacet
  facet normal -0.709859 -0.0465063 -0.702806
    outer loop
      vertex 32.3218 -15.5207 0
      vertex 32.34 -15.7985 0
      vertex 31.3402 -15.6499 1
    endloop
  endfacet
  facet normal -0.669635 0.239155 -0.703131
    outer loop
      vertex 31.2625 -16.2401 1
      vertex 32.1777 -16.6176 0
      vertex 32.1772 -16.619 0
    endloop
  endfacet
  facet normal -0.673733 0.22836 -0.702806
    outer loop
      vertex 32.1777 -16.6176 0
      vertex 31.2625 -16.2401 1
      vertex 31.3108 -16.0976 1
    endloop
  endfacet
  facet normal -0.469088 -0.534817 -0.702799
    outer loop
      vertex 30.9001 -14.8876 1
      vertex 31.5039 -14.1031 0
      vertex 31.0132 -14.9868 1
    endloop
  endfacet
  facet normal -0.478839 -0.526723 -0.702337
    outer loop
      vertex 31.5039 -14.1031 0
      vertex 30.9001 -14.8876 1
      vertex 31.5028 -14.1021 0
    endloop
  endfacet
  facet normal -0.697722 0.138727 -0.702808
    outer loop
      vertex 32.3218 -16.0793 0
      vertex 32.2675 -16.3524 0
      vertex 31.3402 -15.9501 1
    endloop
  endfacet
  facet normal -0.67361 0.228624 -0.702837
    outer loop
      vertex 32.2672 -16.3539 0
      vertex 32.1777 -16.6176 0
      vertex 31.3108 -16.0976 1
    endloop
  endfacet
  facet normal 0.0465063 -0.709859 -0.702806
    outer loop
      vertex 30.1985 -13.66 0
      vertex 30.0499 -14.6598 1
      vertex 29.9207 -13.6782 0
    endloop
  endfacet
  facet normal 0.534817 0.469088 -0.702799
    outer loop
      vertex 28.5031 -17.1039 0
      vertex 29.2876 -16.5001 1
      vertex 29.3868 -16.6132 1
    endloop
  endfacet
  facet normal 0.526723 0.478839 -0.702337
    outer loop
      vertex 29.2876 -16.5001 1
      vertex 28.5031 -17.1039 0
      vertex 28.5021 -17.1028 0
    endloop
  endfacet
  facet normal -0.239155 0.669635 -0.703131
    outer loop
      vertex 31.0176 -17.7777 0
      vertex 30.6401 -16.8625 1
      vertex 31.019 -17.7772 0
    endloop
  endfacet
  facet normal -0.22836 0.673733 -0.702806
    outer loop
      vertex 30.6401 -16.8625 1
      vertex 31.0176 -17.7777 0
      vertex 30.4976 -16.9108 1
    endloop
  endfacet
  facet normal 0.67361 0.228624 -0.702837
    outer loop
      vertex 29.0892 -16.0976 1
      vertex 28.2223 -16.6176 0
      vertex 28.1328 -16.3539 0
    endloop
  endfacet
  facet normal 0.591443 -0.395232 -0.702842
    outer loop
      vertex 28.5013 -14.4984 0
      vertex 29.2041 -15.225 1
      vertex 28.3466 -14.7299 0
    endloop
  endfacet
  facet normal 0.697722 0.138727 -0.702808
    outer loop
      vertex 29.0598 -15.9501 1
      vertex 28.1325 -16.3524 0
      vertex 28.0782 -16.0793 0
    endloop
  endfacet
  facet normal -0.638081 -0.314443 -0.702836
    outer loop
      vertex 32.0534 -14.7299 0
      vertex 32.1765 -14.9797 0
      vertex 31.1959 -15.225 1
    endloop
  endfacet
  facet normal -0.468986 0.534889 -0.702813
    outer loop
      vertex 31.7133 -17.3133 0
      vertex 31.5039 -17.4969 0
      vertex 31.0132 -16.6132 1
    endloop
  endfacet
  facet normal 0.591443 0.395232 -0.702842
    outer loop
      vertex 29.2041 -16.375 1
      vertex 28.5013 -17.1016 0
      vertex 28.3466 -16.8701 0
    endloop
  endfacet
  facet normal -0.697516 0.139503 -0.702859
    outer loop
      vertex 31.3108 -16.0976 1
      vertex 32.2675 -16.3524 0
      vertex 32.2672 -16.3539 0
    endloop
  endfacet
  facet normal -0.697621 0.139051 -0.702844
    outer loop
      vertex 32.2675 -16.3524 0
      vertex 31.3108 -16.0976 1
      vertex 31.3402 -15.9501 1
    endloop
  endfacet
  facet normal -0.139503 -0.697516 -0.702859
    outer loop
      vertex 30.4976 -14.6892 1
      vertex 30.7524 -13.7325 0
      vertex 30.7539 -13.7328 0
    endloop
  endfacet
  facet normal -0.139051 -0.697621 -0.702844
    outer loop
      vertex 30.7524 -13.7325 0
      vertex 30.4976 -14.6892 1
      vertex 30.3501 -14.6598 1
    endloop
  endfacet
  facet normal -0.395232 -0.591443 -0.702842
    outer loop
      vertex 31.2701 -13.9466 0
      vertex 31.5016 -14.1013 0
      vertex 30.775 -14.8041 1
    endloop
  endfacet
  facet normal 0.638081 0.314443 -0.702836
    outer loop
      vertex 29.2041 -16.375 1
      vertex 28.3466 -16.8701 0
      vertex 28.2235 -16.6203 0
    endloop
  endfacet
  facet normal 0.669635 0.239155 -0.703131
    outer loop
      vertex 28.2223 -16.6176 0
      vertex 29.1375 -16.2401 1
      vertex 28.2228 -16.619 0
    endloop
  endfacet
  facet normal 0.673733 0.22836 -0.702806
    outer loop
      vertex 29.1375 -16.2401 1
      vertex 28.2223 -16.6176 0
      vertex 29.0892 -16.0976 1
    endloop
  endfacet
  facet normal -0.394614 0.591921 -0.702787
    outer loop
      vertex 31.5016 -17.4987 0
      vertex 30.9001 -16.7124 1
      vertex 31.5028 -17.4979 0
    endloop
  endfacet
  facet normal -0.394934 0.591692 -0.7028
    outer loop
      vertex 30.9001 -16.7124 1
      vertex 31.5016 -17.4987 0
      vertex 30.775 -16.7959 1
    endloop
  endfacet
  facet normal 0.314443 -0.638081 -0.702836
    outer loop
      vertex 29.3797 -13.8235 0
      vertex 29.625 -14.8041 1
      vertex 29.1299 -13.9466 0
    endloop
  endfacet
  facet normal -0.478839 0.526723 -0.702337
    outer loop
      vertex 30.9001 -16.7124 1
      vertex 31.5039 -17.4969 0
      vertex 31.5028 -17.4979 0
    endloop
  endfacet
  facet normal -0.469088 0.534817 -0.702799
    outer loop
      vertex 31.5039 -17.4969 0
      vertex 30.9001 -16.7124 1
      vertex 31.0132 -16.6132 1
    endloop
  endfacet
  facet normal -0.591921 0.394614 -0.702787
    outer loop
      vertex 31.1124 -16.5001 1
      vertex 31.8987 -17.1016 0
      vertex 31.8979 -17.1028 0
    endloop
  endfacet
  facet normal -0.591692 0.394934 -0.7028
    outer loop
      vertex 31.8987 -17.1016 0
      vertex 31.1124 -16.5001 1
      vertex 31.1959 -16.375 1
    endloop
  endfacet
  facet normal -0.0465063 -0.709859 -0.702806
    outer loop
      vertex 30.4793 -13.6782 0
      vertex 30.3501 -14.6598 1
      vertex 30.2015 -13.66 0
    endloop
  endfacet
  facet normal -0.697621 -0.139051 -0.702844
    outer loop
      vertex 31.3108 -15.5024 1
      vertex 32.2675 -15.2476 0
      vertex 31.3402 -15.6499 1
    endloop
  endfacet
  facet normal -0.697516 -0.139503 -0.702859
    outer loop
      vertex 32.2675 -15.2476 0
      vertex 31.3108 -15.5024 1
      vertex 32.2672 -15.2461 0
    endloop
  endfacet
  facet normal 0.709859 0.0465063 -0.702806
    outer loop
      vertex 29.0598 -15.9501 1
      vertex 28.0782 -16.0793 0
      vertex 28.06 -15.8015 0
    endloop
  endfacet
  facet normal 0.697516 0.139503 -0.702859
    outer loop
      vertex 28.1325 -16.3524 0
      vertex 29.0892 -16.0976 1
      vertex 28.1328 -16.3539 0
    endloop
  endfacet
  facet normal 0.697621 0.139051 -0.702844
    outer loop
      vertex 29.0892 -16.0976 1
      vertex 28.1325 -16.3524 0
      vertex 29.0598 -15.9501 1
    endloop
  endfacet
  facet normal -0.627273 -0.337762 -0.701745
    outer loop
      vertex 31.2625 -15.3599 1
      vertex 32.1765 -14.9797 0
      vertex 32.1772 -14.981 0
    endloop
  endfacet
  facet normal -0.637902 -0.314932 -0.702779
    outer loop
      vertex 32.1765 -14.9797 0
      vertex 31.2625 -15.3599 1
      vertex 31.1959 -15.225 1
    endloop
  endfacet
  facet normal 0.697722 -0.138727 -0.702808
    outer loop
      vertex 28.1325 -15.2476 0
      vertex 29.0598 -15.6499 1
      vertex 28.0782 -15.5207 0
    endloop
  endfacet
  facet normal -0.228624 -0.67361 -0.702837
    outer loop
      vertex 30.7539 -13.7328 0
      vertex 31.0176 -13.8223 0
      vertex 30.4976 -14.6892 1
    endloop
  endfacet
  facet normal 0.468986 0.534889 -0.702813
    outer loop
      vertex 29.3868 -16.6132 1
      vertex 28.8961 -17.4969 0
      vertex 28.6867 -17.3133 0
    endloop
  endfacet
  facet normal 0.709859 -0.0465063 -0.702806
    outer loop
      vertex 28.0782 -15.5207 0
      vertex 29.0598 -15.6499 1
      vertex 28.06 -15.7985 0
    endloop
  endfacet
  facet normal -0.534889 0.468986 -0.702813
    outer loop
      vertex 31.8969 -17.1039 0
      vertex 31.7133 -17.3133 0
      vertex 31.0132 -16.6132 1
    endloop
  endfacet
  facet normal -0.138727 -0.697722 -0.702808
    outer loop
      vertex 30.4793 -13.6782 0
      vertex 30.7524 -13.7325 0
      vertex 30.3501 -14.6598 1
    endloop
  endfacet
  facet normal 0.591921 0.394614 -0.702787
    outer loop
      vertex 28.5013 -17.1016 0
      vertex 29.2876 -16.5001 1
      vertex 28.5021 -17.1028 0
    endloop
  endfacet
  facet normal 0.591692 0.394934 -0.7028
    outer loop
      vertex 29.2876 -16.5001 1
      vertex 28.5013 -17.1016 0
      vertex 29.2041 -16.375 1
    endloop
  endfacet
  facet normal 0.637902 0.314932 -0.702779
    outer loop
      vertex 28.2235 -16.6203 0
      vertex 29.1375 -16.2401 1
      vertex 29.2041 -16.375 1
    endloop
  endfacet
  facet normal 0.627273 0.337762 -0.701745
    outer loop
      vertex 29.1375 -16.2401 1
      vertex 28.2235 -16.6203 0
      vertex 28.2228 -16.619 0
    endloop
  endfacet
  facet normal 0.0463461 -0.709853 -0.702824
    outer loop
      vertex 30.1985 -13.66 0
      vertex 30.2 -14.65 1
      vertex 30.0499 -14.6598 1
    endloop
  endfacet
  facet normal 0.0473213 -0.709819 -0.702792
    outer loop
      vertex 30.2 -14.65 1
      vertex 30.1985 -13.66 0
      vertex 30.2 -13.6599 0
    endloop
  endfacet
  facet normal -0.591443 -0.395232 -0.702842
    outer loop
      vertex 31.8987 -14.4984 0
      vertex 32.0534 -14.7299 0
      vertex 31.1959 -15.225 1
    endloop
  endfacet
  facet normal -0.228624 0.67361 -0.702837
    outer loop
      vertex 31.0176 -17.7777 0
      vertex 30.7539 -17.8672 0
      vertex 30.4976 -16.9108 1
    endloop
  endfacet
  facet normal -0.591692 -0.394934 -0.7028
    outer loop
      vertex 31.1124 -15.0999 1
      vertex 31.8987 -14.4984 0
      vertex 31.1959 -15.225 1
    endloop
  endfacet
  facet normal -0.591921 -0.394614 -0.702787
    outer loop
      vertex 31.8987 -14.4984 0
      vertex 31.1124 -15.0999 1
      vertex 31.8979 -14.4972 0
    endloop
  endfacet
  facet normal -0.67361 -0.228624 -0.702837
    outer loop
      vertex 32.1777 -14.9824 0
      vertex 32.2672 -15.2461 0
      vertex 31.3108 -15.5024 1
    endloop
  endfacet
  facet normal -0.697722 -0.138727 -0.702808
    outer loop
      vertex 32.2675 -15.2476 0
      vertex 32.3218 -15.5207 0
      vertex 31.3402 -15.6499 1
    endloop
  endfacet
  facet normal 0.394934 0.591692 -0.7028
    outer loop
      vertex 28.8984 -17.4987 0
      vertex 29.4999 -16.7124 1
      vertex 29.625 -16.7959 1
    endloop
  endfacet
  facet normal 0.394614 0.591921 -0.702787
    outer loop
      vertex 29.4999 -16.7124 1
      vertex 28.8984 -17.4987 0
      vertex 28.8972 -17.4979 0
    endloop
  endfacet
  facet normal -0.591443 0.395232 -0.702842
    outer loop
      vertex 32.0534 -16.8701 0
      vertex 31.8987 -17.1016 0
      vertex 31.1959 -16.375 1
    endloop
  endfacet
  facet normal 0.22836 -0.673733 -0.702806
    outer loop
      vertex 29.7599 -14.7375 1
      vertex 29.3824 -13.8223 0
      vertex 29.9024 -14.6892 1
    endloop
  endfacet
  facet normal 0.239155 -0.669635 -0.703131
    outer loop
      vertex 29.3824 -13.8223 0
      vertex 29.7599 -14.7375 1
      vertex 29.381 -13.8228 0
    endloop
  endfacet
  facet normal -0.314443 -0.638081 -0.702836
    outer loop
      vertex 31.0203 -13.8235 0
      vertex 31.2701 -13.9466 0
      vertex 30.775 -14.8041 1
    endloop
  endfacet
  facet normal -0.395232 0.591443 -0.702842
    outer loop
      vertex 31.5016 -17.4987 0
      vertex 31.2701 -17.6534 0
      vertex 30.775 -16.7959 1
    endloop
  endfacet
  facet normal 0.709819 0.0473213 -0.702792
    outer loop
      vertex 29.05 -15.8 1
      vertex 28.06 -15.8015 0
      vertex 28.0599 -15.8 0
    endloop
  endfacet
  facet normal 0.709853 0.0463461 -0.702824
    outer loop
      vertex 28.06 -15.8015 0
      vertex 29.05 -15.8 1
      vertex 29.0598 -15.9501 1
    endloop
  endfacet
  facet normal -0.627273 0.337762 -0.701745
    outer loop
      vertex 32.1765 -16.6203 0
      vertex 31.2625 -16.2401 1
      vertex 32.1772 -16.619 0
    endloop
  endfacet
  facet normal -0.637902 0.314932 -0.702779
    outer loop
      vertex 31.2625 -16.2401 1
      vertex 32.1765 -16.6203 0
      vertex 31.1959 -16.375 1
    endloop
  endfacet
  facet normal 0.697621 -0.139051 -0.702844
    outer loop
      vertex 28.1325 -15.2476 0
      vertex 29.0892 -15.5024 1
      vertex 29.0598 -15.6499 1
    endloop
  endfacet
  facet normal 0.697516 -0.139503 -0.702859
    outer loop
      vertex 29.0892 -15.5024 1
      vertex 28.1325 -15.2476 0
      vertex 28.1328 -15.2461 0
    endloop
  endfacet
  facet normal 0.534889 0.468986 -0.702813
    outer loop
      vertex 29.3868 -16.6132 1
      vertex 28.6867 -17.3133 0
      vertex 28.5031 -17.1039 0
    endloop
  endfacet
  facet normal -0.314443 0.638081 -0.702836
    outer loop
      vertex 31.2701 -17.6534 0
      vertex 31.0203 -17.7765 0
      vertex 30.775 -16.7959 1
    endloop
  endfacet
  facet normal 0.139051 0.697621 -0.702844
    outer loop
      vertex 29.6476 -17.8675 0
      vertex 29.9024 -16.9108 1
      vertex 30.0499 -16.9402 1
    endloop
  endfacet
  facet normal 0.139503 0.697516 -0.702859
    outer loop
      vertex 29.9024 -16.9108 1
      vertex 29.6476 -17.8675 0
      vertex 29.6461 -17.8672 0
    endloop
  endfacet
  facet normal -0.337762 0.627273 -0.701745
    outer loop
      vertex 30.6401 -16.8625 1
      vertex 31.0203 -17.7765 0
      vertex 31.019 -17.7772 0
    endloop
  endfacet
  facet normal -0.314932 0.637902 -0.702779
    outer loop
      vertex 31.0203 -17.7765 0
      vertex 30.6401 -16.8625 1
      vertex 30.775 -16.7959 1
    endloop
  endfacet
  facet normal -0.534889 -0.468986 -0.702813
    outer loop
      vertex 31.7133 -14.2867 0
      vertex 31.8969 -14.4961 0
      vertex 31.0132 -14.9868 1
    endloop
  endfacet
  facet normal -0.638081 0.314443 -0.702836
    outer loop
      vertex 32.1765 -16.6203 0
      vertex 32.0534 -16.8701 0
      vertex 31.1959 -16.375 1
    endloop
  endfacet
  facet normal 0.314443 0.638081 -0.702836
    outer loop
      vertex 29.625 -16.7959 1
      vertex 29.3797 -17.7765 0
      vertex 29.1299 -17.6534 0
    endloop
  endfacet
  facet normal 0.138727 -0.697722 -0.702808
    outer loop
      vertex 29.9207 -13.6782 0
      vertex 30.0499 -14.6598 1
      vertex 29.6476 -13.7325 0
    endloop
  endfacet
  facet normal 0.67361 -0.228624 -0.702837
    outer loop
      vertex 28.2223 -14.9824 0
      vertex 29.0892 -15.5024 1
      vertex 28.1328 -15.2461 0
    endloop
  endfacet
  facet normal -0.709859 0.0465063 -0.702806
    outer loop
      vertex 32.34 -15.8015 0
      vertex 32.3218 -16.0793 0
      vertex 31.3402 -15.9501 1
    endloop
  endfacet
  facet normal -0.709819 0.0473213 -0.702792
    outer loop
      vertex 32.34 -15.8015 0
      vertex 31.35 -15.8 1
      vertex 32.3401 -15.8 0
    endloop
  endfacet
  facet normal -0.709853 0.0463461 -0.702824
    outer loop
      vertex 31.35 -15.8 1
      vertex 32.34 -15.8015 0
      vertex 31.3402 -15.9501 1
    endloop
  endfacet
  facet normal -0.394614 -0.591921 -0.702787
    outer loop
      vertex 30.9001 -14.8876 1
      vertex 31.5016 -14.1013 0
      vertex 31.5028 -14.1021 0
    endloop
  endfacet
  facet normal -0.394934 -0.591692 -0.7028
    outer loop
      vertex 31.5016 -14.1013 0
      vertex 30.9001 -14.8876 1
      vertex 30.775 -14.8041 1
    endloop
  endfacet
  facet normal 0.478839 0.526723 -0.702337
    outer loop
      vertex 28.8961 -17.4969 0
      vertex 29.4999 -16.7124 1
      vertex 28.8972 -17.4979 0
    endloop
  endfacet
  facet normal 0.469088 0.534817 -0.702799
    outer loop
      vertex 29.4999 -16.7124 1
      vertex 28.8961 -17.4969 0
      vertex 29.3868 -16.6132 1
    endloop
  endfacet
  facet normal -0.673733 -0.22836 -0.702806
    outer loop
      vertex 31.2625 -15.3599 1
      vertex 32.1777 -14.9824 0
      vertex 31.3108 -15.5024 1
    endloop
  endfacet
  facet normal -0.669635 -0.239155 -0.703131
    outer loop
      vertex 32.1777 -14.9824 0
      vertex 31.2625 -15.3599 1
      vertex 32.1772 -14.981 0
    endloop
  endfacet
  facet normal 0.394934 -0.591692 -0.7028
    outer loop
      vertex 29.4999 -14.8876 1
      vertex 28.8984 -14.1013 0
      vertex 29.625 -14.8041 1
    endloop
  endfacet
  facet normal 0.394614 -0.591921 -0.702787
    outer loop
      vertex 28.8984 -14.1013 0
      vertex 29.4999 -14.8876 1
      vertex 28.8972 -14.1021 0
    endloop
  endfacet
  facet normal -0.468986 -0.534889 -0.702813
    outer loop
      vertex 31.5039 -14.1031 0
      vertex 31.7133 -14.2867 0
      vertex 31.0132 -14.9868 1
    endloop
  endfacet
  facet normal -0.0473213 -0.709819 -0.702792
    outer loop
      vertex 30.2015 -13.66 0
      vertex 30.2 -14.65 1
      vertex 30.2 -13.6599 0
    endloop
  endfacet
  facet normal -0.0463461 -0.709853 -0.702824
    outer loop
      vertex 30.2 -14.65 1
      vertex 30.2015 -13.66 0
      vertex 30.3501 -14.6598 1
    endloop
  endfacet
  facet normal -0.139503 0.697516 -0.702859
    outer loop
      vertex 30.7524 -17.8675 0
      vertex 30.4976 -16.9108 1
      vertex 30.7539 -17.8672 0
    endloop
  endfacet
  facet normal -0.139051 0.697621 -0.702844
    outer loop
      vertex 30.4976 -16.9108 1
      vertex 30.7524 -17.8675 0
      vertex 30.3501 -16.9402 1
    endloop
  endfacet
  facet normal 0.139051 -0.697621 -0.702844
    outer loop
      vertex 29.9024 -14.6892 1
      vertex 29.6476 -13.7325 0
      vertex 30.0499 -14.6598 1
    endloop
  endfacet
  facet normal 0.139503 -0.697516 -0.702859
    outer loop
      vertex 29.6476 -13.7325 0
      vertex 29.9024 -14.6892 1
      vertex 29.6461 -13.7328 0
    endloop
  endfacet
  facet normal 0.337762 0.627273 -0.701745
    outer loop
      vertex 29.3797 -17.7765 0
      vertex 29.7599 -16.8625 1
      vertex 29.381 -17.7772 0
    endloop
  endfacet
  facet normal 0.314932 0.637902 -0.702779
    outer loop
      vertex 29.7599 -16.8625 1
      vertex 29.3797 -17.7765 0
      vertex 29.625 -16.7959 1
    endloop
  endfacet
  facet normal 0.395232 0.591443 -0.702842
    outer loop
      vertex 29.625 -16.7959 1
      vertex 29.1299 -17.6534 0
      vertex 28.8984 -17.4987 0
    endloop
  endfacet
  facet normal 0.228624 -0.67361 -0.702837
    outer loop
      vertex 29.6461 -13.7328 0
      vertex 29.9024 -14.6892 1
      vertex 29.3824 -13.8223 0
    endloop
  endfacet
  facet normal 0.395232 -0.591443 -0.702842
    outer loop
      vertex 29.1299 -13.9466 0
      vertex 29.625 -14.8041 1
      vertex 28.8984 -14.1013 0
    endloop
  endfacet
  facet normal 0.534889 -0.468986 -0.702813
    outer loop
      vertex 28.6867 -14.2867 0
      vertex 29.3868 -14.9868 1
      vertex 28.5031 -14.4961 0
    endloop
  endfacet
  facet normal 0.709853 -0.0463461 -0.702824
    outer loop
      vertex 29.05 -15.8 1
      vertex 28.06 -15.7985 0
      vertex 29.0598 -15.6499 1
    endloop
  endfacet
  facet normal 0.709819 -0.0473213 -0.702792
    outer loop
      vertex 28.06 -15.7985 0
      vertex 29.05 -15.8 1
      vertex 28.0599 -15.8 0
    endloop
  endfacet
  facet normal 0.534817 -0.469088 -0.702799
    outer loop
      vertex 29.2876 -15.0999 1
      vertex 28.5031 -14.4961 0
      vertex 29.3868 -14.9868 1
    endloop
  endfacet
  facet normal 0.526723 -0.478839 -0.702337
    outer loop
      vertex 28.5031 -14.4961 0
      vertex 29.2876 -15.0999 1
      vertex 28.5021 -14.4972 0
    endloop
  endfacet
  facet normal -0.138727 0.697722 -0.702808
    outer loop
      vertex 30.7524 -17.8675 0
      vertex 30.4793 -17.9218 0
      vertex 30.3501 -16.9402 1
    endloop
  endfacet
  facet normal -0.0465063 0.709859 -0.702806
    outer loop
      vertex 30.3501 -16.9402 1
      vertex 30.4793 -17.9218 0
      vertex 30.2015 -17.94 0
    endloop
  endfacet
  facet normal 0.468986 -0.534889 -0.702813
    outer loop
      vertex 28.8961 -14.1031 0
      vertex 29.3868 -14.9868 1
      vertex 28.6867 -14.2867 0
    endloop
  endfacet
  facet normal 0.314932 -0.637902 -0.702779
    outer loop
      vertex 29.3797 -13.8235 0
      vertex 29.7599 -14.7375 1
      vertex 29.625 -14.8041 1
    endloop
  endfacet
  facet normal 0.337762 -0.627273 -0.701745
    outer loop
      vertex 29.7599 -14.7375 1
      vertex 29.3797 -13.8235 0
      vertex 29.381 -13.8228 0
    endloop
  endfacet
  facet normal 0.22836 0.673733 -0.702806
    outer loop
      vertex 29.3824 -17.7777 0
      vertex 29.7599 -16.8625 1
      vertex 29.9024 -16.9108 1
    endloop
  endfacet
  facet normal 0.239155 0.669635 -0.703131
    outer loop
      vertex 29.7599 -16.8625 1
      vertex 29.3824 -17.7777 0
      vertex 29.381 -17.7772 0
    endloop
  endfacet
  facet normal -0.0463461 0.709853 -0.702824
    outer loop
      vertex 30.2015 -17.94 0
      vertex 30.2 -16.95 1
      vertex 30.3501 -16.9402 1
    endloop
  endfacet
  facet normal -0.0473213 0.709819 -0.702792
    outer loop
      vertex 30.2 -16.95 1
      vertex 30.2015 -17.94 0
      vertex 30.2 -17.9401 0
    endloop
  endfacet
  facet normal 0.591692 -0.394934 -0.7028
    outer loop
      vertex 28.5013 -14.4984 0
      vertex 29.2876 -15.0999 1
      vertex 29.2041 -15.225 1
    endloop
  endfacet
  facet normal 0.591921 -0.394614 -0.702787
    outer loop
      vertex 29.2876 -15.0999 1
      vertex 28.5013 -14.4984 0
      vertex 28.5021 -14.4972 0
    endloop
  endfacet
  facet normal 0.637902 -0.314932 -0.702779
    outer loop
      vertex 29.1375 -15.3599 1
      vertex 28.2235 -14.9797 0
      vertex 29.2041 -15.225 1
    endloop
  endfacet
  facet normal 0.627273 -0.337762 -0.701745
    outer loop
      vertex 28.2235 -14.9797 0
      vertex 29.1375 -15.3599 1
      vertex 28.2228 -14.981 0
    endloop
  endfacet
  facet normal -0.526723 0.478839 -0.702337
    outer loop
      vertex 31.8969 -17.1039 0
      vertex 31.1124 -16.5001 1
      vertex 31.8979 -17.1028 0
    endloop
  endfacet
  facet normal -0.534817 0.469088 -0.702799
    outer loop
      vertex 31.1124 -16.5001 1
      vertex 31.8969 -17.1039 0
      vertex 31.0132 -16.6132 1
    endloop
  endfacet
  facet normal -0.314932 -0.637902 -0.702779
    outer loop
      vertex 30.6401 -14.7375 1
      vertex 31.0203 -13.8235 0
      vertex 30.775 -14.8041 1
    endloop
  endfacet
  facet normal -0.337762 -0.627273 -0.701745
    outer loop
      vertex 31.0203 -13.8235 0
      vertex 30.6401 -14.7375 1
      vertex 31.019 -13.8228 0
    endloop
  endfacet
  facet normal -0.526723 -0.478839 -0.702337
    outer loop
      vertex 31.1124 -15.0999 1
      vertex 31.8969 -14.4961 0
      vertex 31.8979 -14.4972 0
    endloop
  endfacet
  facet normal -0.534817 -0.469088 -0.702799
    outer loop
      vertex 31.8969 -14.4961 0
      vertex 31.1124 -15.0999 1
      vertex 31.0132 -14.9868 1
    endloop
  endfacet
  facet normal 0.469088 -0.534817 -0.702799
    outer loop
      vertex 28.8961 -14.1031 0
      vertex 29.4999 -14.8876 1
      vertex 29.3868 -14.9868 1
    endloop
  endfacet
  facet normal 0.478839 -0.526723 -0.702337
    outer loop
      vertex 29.4999 -14.8876 1
      vertex 28.8961 -14.1031 0
      vertex 28.8972 -14.1021 0
    endloop
  endfacet
  facet normal -0.239155 -0.669635 -0.703131
    outer loop
      vertex 30.6401 -14.7375 1
      vertex 31.0176 -13.8223 0
      vertex 31.019 -13.8228 0
    endloop
  endfacet
  facet normal -0.22836 -0.673733 -0.702806
    outer loop
      vertex 31.0176 -13.8223 0
      vertex 30.6401 -14.7375 1
      vertex 30.4976 -14.6892 1
    endloop
  endfacet
  facet normal 0.0473213 0.709819 -0.702792
    outer loop
      vertex 30.1985 -17.94 0
      vertex 30.2 -16.95 1
      vertex 30.2 -17.9401 0
    endloop
  endfacet
  facet normal 0.0463461 0.709853 -0.702824
    outer loop
      vertex 30.2 -16.95 1
      vertex 30.1985 -17.94 0
      vertex 30.0499 -16.9402 1
    endloop
  endfacet
  facet normal 0.0465063 0.709859 -0.702806
    outer loop
      vertex 30.0499 -16.9402 1
      vertex 30.1985 -17.94 0
      vertex 29.9207 -17.9218 0
    endloop
  endfacet
  facet normal 0.138727 0.697722 -0.702808
    outer loop
      vertex 30.0499 -16.9402 1
      vertex 29.9207 -17.9218 0
      vertex 29.6476 -17.8675 0
    endloop
  endfacet
  facet normal 0.673733 -0.22836 -0.702806
    outer loop
      vertex 28.2223 -14.9824 0
      vertex 29.1375 -15.3599 1
      vertex 29.0892 -15.5024 1
    endloop
  endfacet
  facet normal 0.669635 -0.239155 -0.703131
    outer loop
      vertex 29.1375 -15.3599 1
      vertex 28.2223 -14.9824 0
      vertex 28.2228 -14.981 0
    endloop
  endfacet
  facet normal -0.980708 -0.195477 0
    outer loop
      vertex 31.3402 15.9501 1
      vertex 31.3108 16.0976 2
      vertex 31.3108 16.0976 1
    endloop
  endfacet
  facet normal -0.980708 -0.195477 0
    outer loop
      vertex 31.3108 16.0976 2
      vertex 31.3402 15.9501 1
      vertex 31.3402 15.9501 2
    endloop
  endfacet
  facet normal -0.997875 -0.0651511 0
    outer loop
      vertex 31.35 15.8 1
      vertex 31.3402 15.9501 2
      vertex 31.3402 15.9501 1
    endloop
  endfacet
  facet normal -0.997875 -0.0651511 0
    outer loop
      vertex 31.3402 15.9501 2
      vertex 31.35 15.8 1
      vertex 31.35 15.8 2
    endloop
  endfacet
  facet normal 0.442688 -0.896676 0
    outer loop
      vertex 29.625 16.7959 1
      vertex 29.7599 16.8625 2
      vertex 29.625 16.7959 2
    endloop
  endfacet
  facet normal 0.442688 -0.896676 0
    outer loop
      vertex 29.7599 16.8625 2
      vertex 29.625 16.7959 1
      vertex 29.7599 16.8625 1
    endloop
  endfacet
  facet normal 0.751794 0.659398 0
    outer loop
      vertex 29.3868 14.9868 2
      vertex 29.2876 15.0999 1
      vertex 29.2876 15.0999 2
    endloop
  endfacet
  facet normal 0.751794 0.659398 0
    outer loop
      vertex 29.2876 15.0999 1
      vertex 29.3868 14.9868 2
      vertex 29.3868 14.9868 1
    endloop
  endfacet
  facet normal -0.659398 -0.751794 0
    outer loop
      vertex 30.9001 16.7124 1
      vertex 31.0132 16.6132 2
      vertex 30.9001 16.7124 2
    endloop
  endfacet
  facet normal -0.659398 -0.751794 -0
    outer loop
      vertex 31.0132 16.6132 2
      vertex 30.9001 16.7124 1
      vertex 31.0132 16.6132 1
    endloop
  endfacet
  facet normal 0.195477 0.980708 -0
    outer loop
      vertex 30.0499 14.6598 1
      vertex 29.9024 14.6892 2
      vertex 30.0499 14.6598 2
    endloop
  endfacet
  facet normal 0.195477 0.980708 0
    outer loop
      vertex 29.9024 14.6892 2
      vertex 30.0499 14.6598 1
      vertex 29.9024 14.6892 1
    endloop
  endfacet
  facet normal -0.442688 0.896676 0
    outer loop
      vertex 30.775 14.8041 1
      vertex 30.6401 14.7375 2
      vertex 30.775 14.8041 2
    endloop
  endfacet
  facet normal -0.442688 0.896676 0
    outer loop
      vertex 30.6401 14.7375 2
      vertex 30.775 14.8041 1
      vertex 30.6401 14.7375 1
    endloop
  endfacet
  facet normal -0.195477 0.980708 0
    outer loop
      vertex 30.4976 14.6892 1
      vertex 30.3501 14.6598 2
      vertex 30.4976 14.6892 2
    endloop
  endfacet
  facet normal -0.195477 0.980708 0
    outer loop
      vertex 30.3501 14.6598 2
      vertex 30.4976 14.6892 1
      vertex 30.3501 14.6598 1
    endloop
  endfacet
  facet normal -0.997875 0.0651511 0
    outer loop
      vertex 31.3402 15.6499 1
      vertex 31.35 15.8 2
      vertex 31.35 15.8 1
    endloop
  endfacet
  facet normal -0.997875 0.0651511 0
    outer loop
      vertex 31.35 15.8 2
      vertex 31.3402 15.6499 1
      vertex 31.3402 15.6499 2
    endloop
  endfacet
  facet normal 0.997875 -0.0651511 0
    outer loop
      vertex 29.05 15.8 2
      vertex 29.0598 15.9501 1
      vertex 29.0598 15.9501 2
    endloop
  endfacet
  facet normal 0.997875 -0.0651511 0
    outer loop
      vertex 29.0598 15.9501 1
      vertex 29.05 15.8 2
      vertex 29.05 15.8 1
    endloop
  endfacet
  facet normal -0.831743 -0.55516 0
    outer loop
      vertex 31.1959 16.375 1
      vertex 31.1124 16.5001 2
      vertex 31.1124 16.5001 1
    endloop
  endfacet
  facet normal -0.831743 -0.55516 0
    outer loop
      vertex 31.1124 16.5001 2
      vertex 31.1959 16.375 1
      vertex 31.1959 16.375 2
    endloop
  endfacet
  facet normal -0.896676 -0.442688 0
    outer loop
      vertex 31.2625 16.2401 1
      vertex 31.1959 16.375 2
      vertex 31.1959 16.375 1
    endloop
  endfacet
  facet normal -0.896676 -0.442688 0
    outer loop
      vertex 31.1959 16.375 2
      vertex 31.2625 16.2401 1
      vertex 31.2625 16.2401 2
    endloop
  endfacet
  facet normal 0.947076 0.321009 0
    outer loop
      vertex 29.1375 15.3599 2
      vertex 29.0892 15.5024 1
      vertex 29.0892 15.5024 2
    endloop
  endfacet
  facet normal 0.947076 0.321009 0
    outer loop
      vertex 29.0892 15.5024 1
      vertex 29.1375 15.3599 2
      vertex 29.1375 15.3599 1
    endloop
  endfacet
  facet normal 0.442688 0.896676 -0
    outer loop
      vertex 29.7599 14.7375 1
      vertex 29.625 14.8041 2
      vertex 29.7599 14.7375 2
    endloop
  endfacet
  facet normal 0.442688 0.896676 0
    outer loop
      vertex 29.625 14.8041 2
      vertex 29.7599 14.7375 1
      vertex 29.625 14.8041 1
    endloop
  endfacet
  facet normal -0.751794 0.659398 0
    outer loop
      vertex 31.0132 14.9868 1
      vertex 31.1124 15.0999 2
      vertex 31.1124 15.0999 1
    endloop
  endfacet
  facet normal -0.751794 0.659398 0
    outer loop
      vertex 31.1124 15.0999 2
      vertex 31.0132 14.9868 1
      vertex 31.0132 14.9868 2
    endloop
  endfacet
  facet normal 0.0651511 -0.997875 0
    outer loop
      vertex 30.0499 16.9402 1
      vertex 30.2 16.95 2
      vertex 30.0499 16.9402 2
    endloop
  endfacet
  facet normal 0.0651511 -0.997875 0
    outer loop
      vertex 30.2 16.95 2
      vertex 30.0499 16.9402 1
      vertex 30.2 16.95 1
    endloop
  endfacet
  facet normal -0.980708 0.195477 0
    outer loop
      vertex 31.3108 15.5024 1
      vertex 31.3402 15.6499 2
      vertex 31.3402 15.6499 1
    endloop
  endfacet
  facet normal -0.980708 0.195477 0
    outer loop
      vertex 31.3402 15.6499 2
      vertex 31.3108 15.5024 1
      vertex 31.3108 15.5024 2
    endloop
  endfacet
  facet normal 0.896676 0.442688 0
    outer loop
      vertex 29.2041 15.225 2
      vertex 29.1375 15.3599 1
      vertex 29.1375 15.3599 2
    endloop
  endfacet
  facet normal 0.896676 0.442688 0
    outer loop
      vertex 29.1375 15.3599 1
      vertex 29.2041 15.225 2
      vertex 29.2041 15.225 1
    endloop
  endfacet
  facet normal 0.831743 -0.55516 0
    outer loop
      vertex 29.2041 16.375 2
      vertex 29.2876 16.5001 1
      vertex 29.2876 16.5001 2
    endloop
  endfacet
  facet normal 0.831743 -0.55516 0
    outer loop
      vertex 29.2876 16.5001 1
      vertex 29.2041 16.375 2
      vertex 29.2041 16.375 1
    endloop
  endfacet
  facet normal 0.659398 -0.751794 0
    outer loop
      vertex 29.3868 16.6132 1
      vertex 29.4999 16.7124 2
      vertex 29.3868 16.6132 2
    endloop
  endfacet
  facet normal 0.659398 -0.751794 0
    outer loop
      vertex 29.4999 16.7124 2
      vertex 29.3868 16.6132 1
      vertex 29.4999 16.7124 1
    endloop
  endfacet
  facet normal 0.55516 -0.831743 0
    outer loop
      vertex 29.4999 16.7124 1
      vertex 29.625 16.7959 2
      vertex 29.4999 16.7124 2
    endloop
  endfacet
  facet normal 0.55516 -0.831743 0
    outer loop
      vertex 29.625 16.7959 2
      vertex 29.4999 16.7124 1
      vertex 29.625 16.7959 1
    endloop
  endfacet
  facet normal 0.321009 -0.947076 0
    outer loop
      vertex 29.7599 16.8625 1
      vertex 29.9024 16.9108 2
      vertex 29.7599 16.8625 2
    endloop
  endfacet
  facet normal 0.321009 -0.947076 0
    outer loop
      vertex 29.9024 16.9108 2
      vertex 29.7599 16.8625 1
      vertex 29.9024 16.9108 1
    endloop
  endfacet
  facet normal 0.659398 0.751794 -0
    outer loop
      vertex 29.4999 14.8876 1
      vertex 29.3868 14.9868 2
      vertex 29.4999 14.8876 2
    endloop
  endfacet
  facet normal 0.659398 0.751794 0
    outer loop
      vertex 29.3868 14.9868 2
      vertex 29.4999 14.8876 1
      vertex 29.3868 14.9868 1
    endloop
  endfacet
  facet normal -0.659398 0.751794 0
    outer loop
      vertex 31.0132 14.9868 1
      vertex 30.9001 14.8876 2
      vertex 31.0132 14.9868 2
    endloop
  endfacet
  facet normal -0.659398 0.751794 0
    outer loop
      vertex 30.9001 14.8876 2
      vertex 31.0132 14.9868 1
      vertex 30.9001 14.8876 1
    endloop
  endfacet
  facet normal -0.0651511 0.997875 0
    outer loop
      vertex 30.3501 14.6598 1
      vertex 30.2 14.65 2
      vertex 30.3501 14.6598 2
    endloop
  endfacet
  facet normal -0.0651511 0.997875 0
    outer loop
      vertex 30.2 14.65 2
      vertex 30.3501 14.6598 1
      vertex 30.2 14.65 1
    endloop
  endfacet
  facet normal -0.55516 -0.831743 0
    outer loop
      vertex 30.775 16.7959 1
      vertex 30.9001 16.7124 2
      vertex 30.775 16.7959 2
    endloop
  endfacet
  facet normal -0.55516 -0.831743 -0
    outer loop
      vertex 30.9001 16.7124 2
      vertex 30.775 16.7959 1
      vertex 30.9001 16.7124 1
    endloop
  endfacet
  facet normal -0.55516 0.831743 0
    outer loop
      vertex 30.9001 14.8876 1
      vertex 30.775 14.8041 2
      vertex 30.9001 14.8876 2
    endloop
  endfacet
  facet normal -0.55516 0.831743 0
    outer loop
      vertex 30.775 14.8041 2
      vertex 30.9001 14.8876 1
      vertex 30.775 14.8041 1
    endloop
  endfacet
  facet normal -0.321009 0.947076 0
    outer loop
      vertex 30.6401 14.7375 1
      vertex 30.4976 14.6892 2
      vertex 30.6401 14.7375 2
    endloop
  endfacet
  facet normal -0.321009 0.947076 0
    outer loop
      vertex 30.4976 14.6892 2
      vertex 30.6401 14.7375 1
      vertex 30.4976 14.6892 1
    endloop
  endfacet
  facet normal 0.195477 -0.980708 0
    outer loop
      vertex 29.9024 16.9108 1
      vertex 30.0499 16.9402 2
      vertex 29.9024 16.9108 2
    endloop
  endfacet
  facet normal 0.195477 -0.980708 0
    outer loop
      vertex 30.0499 16.9402 2
      vertex 29.9024 16.9108 1
      vertex 30.0499 16.9402 1
    endloop
  endfacet
  facet normal -0.442688 -0.896676 0
    outer loop
      vertex 30.6401 16.8625 1
      vertex 30.775 16.7959 2
      vertex 30.6401 16.8625 2
    endloop
  endfacet
  facet normal -0.442688 -0.896676 -0
    outer loop
      vertex 30.775 16.7959 2
      vertex 30.6401 16.8625 1
      vertex 30.775 16.7959 1
    endloop
  endfacet
  facet normal 0.980708 0.195477 0
    outer loop
      vertex 29.0892 15.5024 2
      vertex 29.0598 15.6499 1
      vertex 29.0598 15.6499 2
    endloop
  endfacet
  facet normal 0.980708 0.195477 0
    outer loop
      vertex 29.0598 15.6499 1
      vertex 29.0892 15.5024 2
      vertex 29.0892 15.5024 1
    endloop
  endfacet
  facet normal 0.947076 -0.321009 0
    outer loop
      vertex 29.0892 16.0976 2
      vertex 29.1375 16.2401 1
      vertex 29.1375 16.2401 2
    endloop
  endfacet
  facet normal 0.947076 -0.321009 0
    outer loop
      vertex 29.1375 16.2401 1
      vertex 29.0892 16.0976 2
      vertex 29.0892 16.0976 1
    endloop
  endfacet
  facet normal -0.321009 -0.947076 0
    outer loop
      vertex 30.4976 16.9108 1
      vertex 30.6401 16.8625 2
      vertex 30.4976 16.9108 2
    endloop
  endfacet
  facet normal -0.321009 -0.947076 -0
    outer loop
      vertex 30.6401 16.8625 2
      vertex 30.4976 16.9108 1
      vertex 30.6401 16.8625 1
    endloop
  endfacet
  facet normal 0.896676 -0.442688 0
    outer loop
      vertex 29.1375 16.2401 2
      vertex 29.2041 16.375 1
      vertex 29.2041 16.375 2
    endloop
  endfacet
  facet normal 0.896676 -0.442688 0
    outer loop
      vertex 29.2041 16.375 1
      vertex 29.1375 16.2401 2
      vertex 29.1375 16.2401 1
    endloop
  endfacet
  facet normal -0.831743 0.55516 0
    outer loop
      vertex 31.1124 15.0999 1
      vertex 31.1959 15.225 2
      vertex 31.1959 15.225 1
    endloop
  endfacet
  facet normal -0.831743 0.55516 0
    outer loop
      vertex 31.1959 15.225 2
      vertex 31.1124 15.0999 1
      vertex 31.1124 15.0999 2
    endloop
  endfacet
  facet normal -0.947076 0.321009 0
    outer loop
      vertex 31.2625 15.3599 1
      vertex 31.3108 15.5024 2
      vertex 31.3108 15.5024 1
    endloop
  endfacet
  facet normal -0.947076 0.321009 0
    outer loop
      vertex 31.3108 15.5024 2
      vertex 31.2625 15.3599 1
      vertex 31.2625 15.3599 2
    endloop
  endfacet
  facet normal -0.195477 -0.980708 0
    outer loop
      vertex 30.3501 16.9402 1
      vertex 30.4976 16.9108 2
      vertex 30.3501 16.9402 2
    endloop
  endfacet
  facet normal -0.195477 -0.980708 -0
    outer loop
      vertex 30.4976 16.9108 2
      vertex 30.3501 16.9402 1
      vertex 30.4976 16.9108 1
    endloop
  endfacet
  facet normal 0.997875 0.0651511 0
    outer loop
      vertex 29.0598 15.6499 2
      vertex 29.05 15.8 1
      vertex 29.05 15.8 2
    endloop
  endfacet
  facet normal 0.997875 0.0651511 0
    outer loop
      vertex 29.05 15.8 1
      vertex 29.0598 15.6499 2
      vertex 29.0598 15.6499 1
    endloop
  endfacet
  facet normal 0.751794 -0.659398 0
    outer loop
      vertex 29.2876 16.5001 2
      vertex 29.3868 16.6132 1
      vertex 29.3868 16.6132 2
    endloop
  endfacet
  facet normal 0.751794 -0.659398 0
    outer loop
      vertex 29.3868 16.6132 1
      vertex 29.2876 16.5001 2
      vertex 29.2876 16.5001 1
    endloop
  endfacet
  facet normal -0.751794 -0.659398 0
    outer loop
      vertex 31.1124 16.5001 1
      vertex 31.0132 16.6132 2
      vertex 31.0132 16.6132 1
    endloop
  endfacet
  facet normal -0.751794 -0.659398 0
    outer loop
      vertex 31.0132 16.6132 2
      vertex 31.1124 16.5001 1
      vertex 31.1124 16.5001 2
    endloop
  endfacet
  facet normal -0.947076 -0.321009 0
    outer loop
      vertex 31.3108 16.0976 1
      vertex 31.2625 16.2401 2
      vertex 31.2625 16.2401 1
    endloop
  endfacet
  facet normal -0.947076 -0.321009 0
    outer loop
      vertex 31.2625 16.2401 2
      vertex 31.3108 16.0976 1
      vertex 31.3108 16.0976 2
    endloop
  endfacet
  facet normal 0.831743 0.55516 0
    outer loop
      vertex 29.2876 15.0999 2
      vertex 29.2041 15.225 1
      vertex 29.2041 15.225 2
    endloop
  endfacet
  facet normal 0.831743 0.55516 0
    outer loop
      vertex 29.2041 15.225 1
      vertex 29.2876 15.0999 2
      vertex 29.2876 15.0999 1
    endloop
  endfacet
  facet normal 0.0651511 0.997875 -0
    outer loop
      vertex 30.2 14.65 1
      vertex 30.0499 14.6598 2
      vertex 30.2 14.65 2
    endloop
  endfacet
  facet normal 0.0651511 0.997875 0
    outer loop
      vertex 30.0499 14.6598 2
      vertex 30.2 14.65 1
      vertex 30.0499 14.6598 1
    endloop
  endfacet
  facet normal -0.0651511 -0.997875 0
    outer loop
      vertex 30.2 16.95 1
      vertex 30.3501 16.9402 2
      vertex 30.2 16.95 2
    endloop
  endfacet
  facet normal -0.0651511 -0.997875 -0
    outer loop
      vertex 30.3501 16.9402 2
      vertex 30.2 16.95 1
      vertex 30.3501 16.9402 1
    endloop
  endfacet
  facet normal 0.321009 0.947076 -0
    outer loop
      vertex 29.9024 14.6892 1
      vertex 29.7599 14.7375 2
      vertex 29.9024 14.6892 2
    endloop
  endfacet
  facet normal 0.321009 0.947076 0
    outer loop
      vertex 29.7599 14.7375 2
      vertex 29.9024 14.6892 1
      vertex 29.7599 14.7375 1
    endloop
  endfacet
  facet normal 0.980708 -0.195477 0
    outer loop
      vertex 29.0598 15.9501 2
      vertex 29.0892 16.0976 1
      vertex 29.0892 16.0976 2
    endloop
  endfacet
  facet normal 0.980708 -0.195477 0
    outer loop
      vertex 29.0892 16.0976 1
      vertex 29.0598 15.9501 2
      vertex 29.0598 15.9501 1
    endloop
  endfacet
  facet normal -0.896676 0.442688 0
    outer loop
      vertex 31.1959 15.225 1
      vertex 31.2625 15.3599 2
      vertex 31.2625 15.3599 1
    endloop
  endfacet
  facet normal -0.896676 0.442688 0
    outer loop
      vertex 31.2625 15.3599 2
      vertex 31.1959 15.225 1
      vertex 31.1959 15.225 2
    endloop
  endfacet
  facet normal 0.55516 0.831743 -0
    outer loop
      vertex 29.625 14.8041 1
      vertex 29.4999 14.8876 2
      vertex 29.625 14.8041 2
    endloop
  endfacet
  facet normal 0.55516 0.831743 0
    outer loop
      vertex 29.4999 14.8876 2
      vertex 29.625 14.8041 1
      vertex 29.4999 14.8876 1
    endloop
  endfacet
  facet normal 0.638081 -0.314443 -0.702836
    outer loop
      vertex 28.3466 16.8701 0
      vertex 29.2041 16.375 1
      vertex 28.2235 16.6203 0
    endloop
  endfacet
  facet normal 0.228624 0.67361 -0.702837
    outer loop
      vertex 29.9024 14.6892 1
      vertex 29.6461 13.7328 0
      vertex 29.3824 13.8223 0
    endloop
  endfacet
  facet normal -0.709819 -0.0473213 -0.702792
    outer loop
      vertex 31.35 15.8 1
      vertex 32.34 15.8015 0
      vertex 32.3401 15.8 0
    endloop
  endfacet
  facet normal -0.709853 -0.0463461 -0.702824
    outer loop
      vertex 32.34 15.8015 0
      vertex 31.35 15.8 1
      vertex 31.3402 15.9501 1
    endloop
  endfacet
  facet normal -0.709859 -0.0465063 -0.702806
    outer loop
      vertex 32.3218 16.0793 0
      vertex 32.34 15.8015 0
      vertex 31.3402 15.9501 1
    endloop
  endfacet
  facet normal -0.669635 0.239155 -0.703131
    outer loop
      vertex 31.2625 15.3599 1
      vertex 32.1777 14.9824 0
      vertex 32.1772 14.981 0
    endloop
  endfacet
  facet normal -0.673733 0.22836 -0.702806
    outer loop
      vertex 32.1777 14.9824 0
      vertex 31.2625 15.3599 1
      vertex 31.3108 15.5024 1
    endloop
  endfacet
  facet normal -0.469088 -0.534817 -0.702799
    outer loop
      vertex 30.9001 16.7124 1
      vertex 31.5039 17.4969 0
      vertex 31.0132 16.6132 1
    endloop
  endfacet
  facet normal -0.478839 -0.526723 -0.702337
    outer loop
      vertex 31.5039 17.4969 0
      vertex 30.9001 16.7124 1
      vertex 31.5028 17.4979 0
    endloop
  endfacet
  facet normal -0.697722 0.138727 -0.702808
    outer loop
      vertex 32.3218 15.5207 0
      vertex 32.2675 15.2476 0
      vertex 31.3402 15.6499 1
    endloop
  endfacet
  facet normal -0.67361 0.228624 -0.702837
    outer loop
      vertex 32.2672 15.2461 0
      vertex 32.1777 14.9824 0
      vertex 31.3108 15.5024 1
    endloop
  endfacet
  facet normal 0.0465063 -0.709859 -0.702806
    outer loop
      vertex 30.1985 17.94 0
      vertex 30.0499 16.9402 1
      vertex 29.9207 17.9218 0
    endloop
  endfacet
  facet normal 0.534817 0.469088 -0.702799
    outer loop
      vertex 28.5031 14.4961 0
      vertex 29.2876 15.0999 1
      vertex 29.3868 14.9868 1
    endloop
  endfacet
  facet normal 0.526723 0.478839 -0.702337
    outer loop
      vertex 29.2876 15.0999 1
      vertex 28.5031 14.4961 0
      vertex 28.5021 14.4972 0
    endloop
  endfacet
  facet normal -0.239155 0.669635 -0.703131
    outer loop
      vertex 31.0176 13.8223 0
      vertex 30.6401 14.7375 1
      vertex 31.019 13.8228 0
    endloop
  endfacet
  facet normal -0.22836 0.673733 -0.702806
    outer loop
      vertex 30.6401 14.7375 1
      vertex 31.0176 13.8223 0
      vertex 30.4976 14.6892 1
    endloop
  endfacet
  facet normal 0.67361 0.228624 -0.702837
    outer loop
      vertex 29.0892 15.5024 1
      vertex 28.2223 14.9824 0
      vertex 28.1328 15.2461 0
    endloop
  endfacet
  facet normal 0.591443 -0.395232 -0.702842
    outer loop
      vertex 28.5013 17.1016 0
      vertex 29.2041 16.375 1
      vertex 28.3466 16.8701 0
    endloop
  endfacet
  facet normal 0.697722 0.138727 -0.702808
    outer loop
      vertex 29.0598 15.6499 1
      vertex 28.1325 15.2476 0
      vertex 28.0782 15.5207 0
    endloop
  endfacet
  facet normal -0.638081 -0.314443 -0.702836
    outer loop
      vertex 32.0534 16.8701 0
      vertex 32.1765 16.6203 0
      vertex 31.1959 16.375 1
    endloop
  endfacet
  facet normal -0.468986 0.534889 -0.702813
    outer loop
      vertex 31.7133 14.2867 0
      vertex 31.5039 14.1031 0
      vertex 31.0132 14.9868 1
    endloop
  endfacet
  facet normal 0.591443 0.395232 -0.702842
    outer loop
      vertex 29.2041 15.225 1
      vertex 28.5013 14.4984 0
      vertex 28.3466 14.7299 0
    endloop
  endfacet
  facet normal -0.697516 0.139503 -0.702859
    outer loop
      vertex 31.3108 15.5024 1
      vertex 32.2675 15.2476 0
      vertex 32.2672 15.2461 0
    endloop
  endfacet
  facet normal -0.697621 0.139051 -0.702844
    outer loop
      vertex 32.2675 15.2476 0
      vertex 31.3108 15.5024 1
      vertex 31.3402 15.6499 1
    endloop
  endfacet
  facet normal -0.139503 -0.697516 -0.702859
    outer loop
      vertex 30.4976 16.9108 1
      vertex 30.7524 17.8675 0
      vertex 30.7539 17.8672 0
    endloop
  endfacet
  facet normal -0.139051 -0.697621 -0.702844
    outer loop
      vertex 30.7524 17.8675 0
      vertex 30.4976 16.9108 1
      vertex 30.3501 16.9402 1
    endloop
  endfacet
  facet normal -0.395232 -0.591443 -0.702842
    outer loop
      vertex 31.2701 17.6534 0
      vertex 31.5016 17.4987 0
      vertex 30.775 16.7959 1
    endloop
  endfacet
  facet normal 0.638081 0.314443 -0.702836
    outer loop
      vertex 29.2041 15.225 1
      vertex 28.3466 14.7299 0
      vertex 28.2235 14.9797 0
    endloop
  endfacet
  facet normal 0.669635 0.239155 -0.703131
    outer loop
      vertex 28.2223 14.9824 0
      vertex 29.1375 15.3599 1
      vertex 28.2228 14.981 0
    endloop
  endfacet
  facet normal 0.673733 0.22836 -0.702806
    outer loop
      vertex 29.1375 15.3599 1
      vertex 28.2223 14.9824 0
      vertex 29.0892 15.5024 1
    endloop
  endfacet
  facet normal -0.394614 0.591921 -0.702787
    outer loop
      vertex 31.5016 14.1013 0
      vertex 30.9001 14.8876 1
      vertex 31.5028 14.1021 0
    endloop
  endfacet
  facet normal -0.394934 0.591692 -0.7028
    outer loop
      vertex 30.9001 14.8876 1
      vertex 31.5016 14.1013 0
      vertex 30.775 14.8041 1
    endloop
  endfacet
  facet normal 0.314443 -0.638081 -0.702836
    outer loop
      vertex 29.3797 17.7765 0
      vertex 29.625 16.7959 1
      vertex 29.1299 17.6534 0
    endloop
  endfacet
  facet normal -0.478839 0.526723 -0.702337
    outer loop
      vertex 30.9001 14.8876 1
      vertex 31.5039 14.1031 0
      vertex 31.5028 14.1021 0
    endloop
  endfacet
  facet normal -0.469088 0.534817 -0.702799
    outer loop
      vertex 31.5039 14.1031 0
      vertex 30.9001 14.8876 1
      vertex 31.0132 14.9868 1
    endloop
  endfacet
  facet normal -0.591921 0.394614 -0.702787
    outer loop
      vertex 31.1124 15.0999 1
      vertex 31.8987 14.4984 0
      vertex 31.8979 14.4972 0
    endloop
  endfacet
  facet normal -0.591692 0.394934 -0.7028
    outer loop
      vertex 31.8987 14.4984 0
      vertex 31.1124 15.0999 1
      vertex 31.1959 15.225 1
    endloop
  endfacet
  facet normal -0.0465063 -0.709859 -0.702806
    outer loop
      vertex 30.4793 17.9218 0
      vertex 30.3501 16.9402 1
      vertex 30.2015 17.94 0
    endloop
  endfacet
  facet normal -0.697621 -0.139051 -0.702844
    outer loop
      vertex 31.3108 16.0976 1
      vertex 32.2675 16.3524 0
      vertex 31.3402 15.9501 1
    endloop
  endfacet
  facet normal -0.697516 -0.139503 -0.702859
    outer loop
      vertex 32.2675 16.3524 0
      vertex 31.3108 16.0976 1
      vertex 32.2672 16.3539 0
    endloop
  endfacet
  facet normal 0.709859 0.0465063 -0.702806
    outer loop
      vertex 29.0598 15.6499 1
      vertex 28.0782 15.5207 0
      vertex 28.06 15.7985 0
    endloop
  endfacet
  facet normal 0.697516 0.139503 -0.702859
    outer loop
      vertex 28.1325 15.2476 0
      vertex 29.0892 15.5024 1
      vertex 28.1328 15.2461 0
    endloop
  endfacet
  facet normal 0.697621 0.139051 -0.702844
    outer loop
      vertex 29.0892 15.5024 1
      vertex 28.1325 15.2476 0
      vertex 29.0598 15.6499 1
    endloop
  endfacet
  facet normal -0.627273 -0.337762 -0.701745
    outer loop
      vertex 31.2625 16.2401 1
      vertex 32.1765 16.6203 0
      vertex 32.1772 16.619 0
    endloop
  endfacet
  facet normal -0.637902 -0.314932 -0.702779
    outer loop
      vertex 32.1765 16.6203 0
      vertex 31.2625 16.2401 1
      vertex 31.1959 16.375 1
    endloop
  endfacet
  facet normal 0.697722 -0.138727 -0.702808
    outer loop
      vertex 28.1325 16.3524 0
      vertex 29.0598 15.9501 1
      vertex 28.0782 16.0793 0
    endloop
  endfacet
  facet normal -0.228624 -0.67361 -0.702837
    outer loop
      vertex 30.7539 17.8672 0
      vertex 31.0176 17.7777 0
      vertex 30.4976 16.9108 1
    endloop
  endfacet
  facet normal 0.468986 0.534889 -0.702813
    outer loop
      vertex 29.3868 14.9868 1
      vertex 28.8961 14.1031 0
      vertex 28.6867 14.2867 0
    endloop
  endfacet
  facet normal 0.709859 -0.0465063 -0.702806
    outer loop
      vertex 28.0782 16.0793 0
      vertex 29.0598 15.9501 1
      vertex 28.06 15.8015 0
    endloop
  endfacet
  facet normal -0.534889 0.468986 -0.702813
    outer loop
      vertex 31.8969 14.4961 0
      vertex 31.7133 14.2867 0
      vertex 31.0132 14.9868 1
    endloop
  endfacet
  facet normal -0.138727 -0.697722 -0.702808
    outer loop
      vertex 30.4793 17.9218 0
      vertex 30.7524 17.8675 0
      vertex 30.3501 16.9402 1
    endloop
  endfacet
  facet normal 0.591921 0.394614 -0.702787
    outer loop
      vertex 28.5013 14.4984 0
      vertex 29.2876 15.0999 1
      vertex 28.5021 14.4972 0
    endloop
  endfacet
  facet normal 0.591692 0.394934 -0.7028
    outer loop
      vertex 29.2876 15.0999 1
      vertex 28.5013 14.4984 0
      vertex 29.2041 15.225 1
    endloop
  endfacet
  facet normal 0.637902 0.314932 -0.702779
    outer loop
      vertex 28.2235 14.9797 0
      vertex 29.1375 15.3599 1
      vertex 29.2041 15.225 1
    endloop
  endfacet
  facet normal 0.627273 0.337762 -0.701745
    outer loop
      vertex 29.1375 15.3599 1
      vertex 28.2235 14.9797 0
      vertex 28.2228 14.981 0
    endloop
  endfacet
  facet normal 0.0463461 -0.709853 -0.702824
    outer loop
      vertex 30.1985 17.94 0
      vertex 30.2 16.95 1
      vertex 30.0499 16.9402 1
    endloop
  endfacet
  facet normal 0.0473213 -0.709819 -0.702792
    outer loop
      vertex 30.2 16.95 1
      vertex 30.1985 17.94 0
      vertex 30.2 17.9401 0
    endloop
  endfacet
  facet normal -0.591443 -0.395232 -0.702842
    outer loop
      vertex 31.8987 17.1016 0
      vertex 32.0534 16.8701 0
      vertex 31.1959 16.375 1
    endloop
  endfacet
  facet normal -0.228624 0.67361 -0.702837
    outer loop
      vertex 31.0176 13.8223 0
      vertex 30.7539 13.7328 0
      vertex 30.4976 14.6892 1
    endloop
  endfacet
  facet normal -0.591692 -0.394934 -0.7028
    outer loop
      vertex 31.1124 16.5001 1
      vertex 31.8987 17.1016 0
      vertex 31.1959 16.375 1
    endloop
  endfacet
  facet normal -0.591921 -0.394614 -0.702787
    outer loop
      vertex 31.8987 17.1016 0
      vertex 31.1124 16.5001 1
      vertex 31.8979 17.1028 0
    endloop
  endfacet
  facet normal -0.67361 -0.228624 -0.702837
    outer loop
      vertex 32.1777 16.6176 0
      vertex 32.2672 16.3539 0
      vertex 31.3108 16.0976 1
    endloop
  endfacet
  facet normal -0.697722 -0.138727 -0.702808
    outer loop
      vertex 32.2675 16.3524 0
      vertex 32.3218 16.0793 0
      vertex 31.3402 15.9501 1
    endloop
  endfacet
  facet normal 0.394934 0.591692 -0.7028
    outer loop
      vertex 28.8984 14.1013 0
      vertex 29.4999 14.8876 1
      vertex 29.625 14.8041 1
    endloop
  endfacet
  facet normal 0.394614 0.591921 -0.702787
    outer loop
      vertex 29.4999 14.8876 1
      vertex 28.8984 14.1013 0
      vertex 28.8972 14.1021 0
    endloop
  endfacet
  facet normal -0.591443 0.395232 -0.702842
    outer loop
      vertex 32.0534 14.7299 0
      vertex 31.8987 14.4984 0
      vertex 31.1959 15.225 1
    endloop
  endfacet
  facet normal 0.22836 -0.673733 -0.702806
    outer loop
      vertex 29.7599 16.8625 1
      vertex 29.3824 17.7777 0
      vertex 29.9024 16.9108 1
    endloop
  endfacet
  facet normal 0.239155 -0.669635 -0.703131
    outer loop
      vertex 29.3824 17.7777 0
      vertex 29.7599 16.8625 1
      vertex 29.381 17.7772 0
    endloop
  endfacet
  facet normal -0.314443 -0.638081 -0.702836
    outer loop
      vertex 31.0203 17.7765 0
      vertex 31.2701 17.6534 0
      vertex 30.775 16.7959 1
    endloop
  endfacet
  facet normal -0.395232 0.591443 -0.702842
    outer loop
      vertex 31.5016 14.1013 0
      vertex 31.2701 13.9466 0
      vertex 30.775 14.8041 1
    endloop
  endfacet
  facet normal 0.709819 0.0473213 -0.702792
    outer loop
      vertex 29.05 15.8 1
      vertex 28.06 15.7985 0
      vertex 28.0599 15.8 0
    endloop
  endfacet
  facet normal 0.709853 0.0463461 -0.702824
    outer loop
      vertex 28.06 15.7985 0
      vertex 29.05 15.8 1
      vertex 29.0598 15.6499 1
    endloop
  endfacet
  facet normal -0.627273 0.337762 -0.701745
    outer loop
      vertex 32.1765 14.9797 0
      vertex 31.2625 15.3599 1
      vertex 32.1772 14.981 0
    endloop
  endfacet
  facet normal -0.637902 0.314932 -0.702779
    outer loop
      vertex 31.2625 15.3599 1
      vertex 32.1765 14.9797 0
      vertex 31.1959 15.225 1
    endloop
  endfacet
  facet normal 0.697621 -0.139051 -0.702844
    outer loop
      vertex 28.1325 16.3524 0
      vertex 29.0892 16.0976 1
      vertex 29.0598 15.9501 1
    endloop
  endfacet
  facet normal 0.697516 -0.139503 -0.702859
    outer loop
      vertex 29.0892 16.0976 1
      vertex 28.1325 16.3524 0
      vertex 28.1328 16.3539 0
    endloop
  endfacet
  facet normal 0.534889 0.468986 -0.702813
    outer loop
      vertex 29.3868 14.9868 1
      vertex 28.6867 14.2867 0
      vertex 28.5031 14.4961 0
    endloop
  endfacet
  facet normal -0.314443 0.638081 -0.702836
    outer loop
      vertex 31.2701 13.9466 0
      vertex 31.0203 13.8235 0
      vertex 30.775 14.8041 1
    endloop
  endfacet
  facet normal 0.139051 0.697621 -0.702844
    outer loop
      vertex 29.6476 13.7325 0
      vertex 29.9024 14.6892 1
      vertex 30.0499 14.6598 1
    endloop
  endfacet
  facet normal 0.139503 0.697516 -0.702859
    outer loop
      vertex 29.9024 14.6892 1
      vertex 29.6476 13.7325 0
      vertex 29.6461 13.7328 0
    endloop
  endfacet
  facet normal -0.337762 0.627273 -0.701745
    outer loop
      vertex 30.6401 14.7375 1
      vertex 31.0203 13.8235 0
      vertex 31.019 13.8228 0
    endloop
  endfacet
  facet normal -0.314932 0.637902 -0.702779
    outer loop
      vertex 31.0203 13.8235 0
      vertex 30.6401 14.7375 1
      vertex 30.775 14.8041 1
    endloop
  endfacet
  facet normal -0.534889 -0.468986 -0.702813
    outer loop
      vertex 31.7133 17.3133 0
      vertex 31.8969 17.1039 0
      vertex 31.0132 16.6132 1
    endloop
  endfacet
  facet normal -0.638081 0.314443 -0.702836
    outer loop
      vertex 32.1765 14.9797 0
      vertex 32.0534 14.7299 0
      vertex 31.1959 15.225 1
    endloop
  endfacet
  facet normal 0.314443 0.638081 -0.702836
    outer loop
      vertex 29.625 14.8041 1
      vertex 29.3797 13.8235 0
      vertex 29.1299 13.9466 0
    endloop
  endfacet
  facet normal 0.138727 -0.697722 -0.702808
    outer loop
      vertex 29.9207 17.9218 0
      vertex 30.0499 16.9402 1
      vertex 29.6476 17.8675 0
    endloop
  endfacet
  facet normal 0.67361 -0.228624 -0.702837
    outer loop
      vertex 28.2223 16.6176 0
      vertex 29.0892 16.0976 1
      vertex 28.1328 16.3539 0
    endloop
  endfacet
  facet normal -0.709859 0.0465063 -0.702806
    outer loop
      vertex 32.34 15.7985 0
      vertex 32.3218 15.5207 0
      vertex 31.3402 15.6499 1
    endloop
  endfacet
  facet normal -0.709819 0.0473213 -0.702792
    outer loop
      vertex 32.34 15.7985 0
      vertex 31.35 15.8 1
      vertex 32.3401 15.8 0
    endloop
  endfacet
  facet normal -0.709853 0.0463461 -0.702824
    outer loop
      vertex 31.35 15.8 1
      vertex 32.34 15.7985 0
      vertex 31.3402 15.6499 1
    endloop
  endfacet
  facet normal -0.394614 -0.591921 -0.702787
    outer loop
      vertex 30.9001 16.7124 1
      vertex 31.5016 17.4987 0
      vertex 31.5028 17.4979 0
    endloop
  endfacet
  facet normal -0.394934 -0.591692 -0.7028
    outer loop
      vertex 31.5016 17.4987 0
      vertex 30.9001 16.7124 1
      vertex 30.775 16.7959 1
    endloop
  endfacet
  facet normal 0.478839 0.526723 -0.702337
    outer loop
      vertex 28.8961 14.1031 0
      vertex 29.4999 14.8876 1
      vertex 28.8972 14.1021 0
    endloop
  endfacet
  facet normal 0.469088 0.534817 -0.702799
    outer loop
      vertex 29.4999 14.8876 1
      vertex 28.8961 14.1031 0
      vertex 29.3868 14.9868 1
    endloop
  endfacet
  facet normal -0.673733 -0.22836 -0.702806
    outer loop
      vertex 31.2625 16.2401 1
      vertex 32.1777 16.6176 0
      vertex 31.3108 16.0976 1
    endloop
  endfacet
  facet normal -0.669635 -0.239155 -0.703131
    outer loop
      vertex 32.1777 16.6176 0
      vertex 31.2625 16.2401 1
      vertex 32.1772 16.619 0
    endloop
  endfacet
  facet normal 0.394934 -0.591692 -0.7028
    outer loop
      vertex 29.4999 16.7124 1
      vertex 28.8984 17.4987 0
      vertex 29.625 16.7959 1
    endloop
  endfacet
  facet normal 0.394614 -0.591921 -0.702787
    outer loop
      vertex 28.8984 17.4987 0
      vertex 29.4999 16.7124 1
      vertex 28.8972 17.4979 0
    endloop
  endfacet
  facet normal -0.468986 -0.534889 -0.702813
    outer loop
      vertex 31.5039 17.4969 0
      vertex 31.7133 17.3133 0
      vertex 31.0132 16.6132 1
    endloop
  endfacet
  facet normal -0.0473213 -0.709819 -0.702792
    outer loop
      vertex 30.2015 17.94 0
      vertex 30.2 16.95 1
      vertex 30.2 17.9401 0
    endloop
  endfacet
  facet normal -0.0463461 -0.709853 -0.702824
    outer loop
      vertex 30.2 16.95 1
      vertex 30.2015 17.94 0
      vertex 30.3501 16.9402 1
    endloop
  endfacet
  facet normal -0.139503 0.697516 -0.702859
    outer loop
      vertex 30.7524 13.7325 0
      vertex 30.4976 14.6892 1
      vertex 30.7539 13.7328 0
    endloop
  endfacet
  facet normal -0.139051 0.697621 -0.702844
    outer loop
      vertex 30.4976 14.6892 1
      vertex 30.7524 13.7325 0
      vertex 30.3501 14.6598 1
    endloop
  endfacet
  facet normal 0.139051 -0.697621 -0.702844
    outer loop
      vertex 29.9024 16.9108 1
      vertex 29.6476 17.8675 0
      vertex 30.0499 16.9402 1
    endloop
  endfacet
  facet normal 0.139503 -0.697516 -0.702859
    outer loop
      vertex 29.6476 17.8675 0
      vertex 29.9024 16.9108 1
      vertex 29.6461 17.8672 0
    endloop
  endfacet
  facet normal 0.337762 0.627273 -0.701745
    outer loop
      vertex 29.3797 13.8235 0
      vertex 29.7599 14.7375 1
      vertex 29.381 13.8228 0
    endloop
  endfacet
  facet normal 0.314932 0.637902 -0.702779
    outer loop
      vertex 29.7599 14.7375 1
      vertex 29.3797 13.8235 0
      vertex 29.625 14.8041 1
    endloop
  endfacet
  facet normal 0.395232 0.591443 -0.702842
    outer loop
      vertex 29.625 14.8041 1
      vertex 29.1299 13.9466 0
      vertex 28.8984 14.1013 0
    endloop
  endfacet
  facet normal 0.228624 -0.67361 -0.702837
    outer loop
      vertex 29.6461 17.8672 0
      vertex 29.9024 16.9108 1
      vertex 29.3824 17.7777 0
    endloop
  endfacet
  facet normal 0.395232 -0.591443 -0.702842
    outer loop
      vertex 29.1299 17.6534 0
      vertex 29.625 16.7959 1
      vertex 28.8984 17.4987 0
    endloop
  endfacet
  facet normal 0.534889 -0.468986 -0.702813
    outer loop
      vertex 28.6867 17.3133 0
      vertex 29.3868 16.6132 1
      vertex 28.5031 17.1039 0
    endloop
  endfacet
  facet normal 0.709853 -0.0463461 -0.702824
    outer loop
      vertex 29.05 15.8 1
      vertex 28.06 15.8015 0
      vertex 29.0598 15.9501 1
    endloop
  endfacet
  facet normal 0.709819 -0.0473213 -0.702792
    outer loop
      vertex 28.06 15.8015 0
      vertex 29.05 15.8 1
      vertex 28.0599 15.8 0
    endloop
  endfacet
  facet normal 0.534817 -0.469088 -0.702799
    outer loop
      vertex 29.2876 16.5001 1
      vertex 28.5031 17.1039 0
      vertex 29.3868 16.6132 1
    endloop
  endfacet
  facet normal 0.526723 -0.478839 -0.702337
    outer loop
      vertex 28.5031 17.1039 0
      vertex 29.2876 16.5001 1
      vertex 28.5021 17.1028 0
    endloop
  endfacet
  facet normal -0.138727 0.697722 -0.702808
    outer loop
      vertex 30.7524 13.7325 0
      vertex 30.4793 13.6782 0
      vertex 30.3501 14.6598 1
    endloop
  endfacet
  facet normal -0.0465063 0.709859 -0.702806
    outer loop
      vertex 30.3501 14.6598 1
      vertex 30.4793 13.6782 0
      vertex 30.2015 13.66 0
    endloop
  endfacet
  facet normal 0.468986 -0.534889 -0.702813
    outer loop
      vertex 28.8961 17.4969 0
      vertex 29.3868 16.6132 1
      vertex 28.6867 17.3133 0
    endloop
  endfacet
  facet normal 0.314932 -0.637902 -0.702779
    outer loop
      vertex 29.3797 17.7765 0
      vertex 29.7599 16.8625 1
      vertex 29.625 16.7959 1
    endloop
  endfacet
  facet normal 0.337762 -0.627273 -0.701745
    outer loop
      vertex 29.7599 16.8625 1
      vertex 29.3797 17.7765 0
      vertex 29.381 17.7772 0
    endloop
  endfacet
  facet normal 0.22836 0.673733 -0.702806
    outer loop
      vertex 29.3824 13.8223 0
      vertex 29.7599 14.7375 1
      vertex 29.9024 14.6892 1
    endloop
  endfacet
  facet normal 0.239155 0.669635 -0.703131
    outer loop
      vertex 29.7599 14.7375 1
      vertex 29.3824 13.8223 0
      vertex 29.381 13.8228 0
    endloop
  endfacet
  facet normal -0.0463461 0.709853 -0.702824
    outer loop
      vertex 30.2015 13.66 0
      vertex 30.2 14.65 1
      vertex 30.3501 14.6598 1
    endloop
  endfacet
  facet normal -0.0473213 0.709819 -0.702792
    outer loop
      vertex 30.2 14.65 1
      vertex 30.2015 13.66 0
      vertex 30.2 13.6599 0
    endloop
  endfacet
  facet normal 0.591692 -0.394934 -0.7028
    outer loop
      vertex 28.5013 17.1016 0
      vertex 29.2876 16.5001 1
      vertex 29.2041 16.375 1
    endloop
  endfacet
  facet normal 0.591921 -0.394614 -0.702787
    outer loop
      vertex 29.2876 16.5001 1
      vertex 28.5013 17.1016 0
      vertex 28.5021 17.1028 0
    endloop
  endfacet
  facet normal 0.637902 -0.314932 -0.702779
    outer loop
      vertex 29.1375 16.2401 1
      vertex 28.2235 16.6203 0
      vertex 29.2041 16.375 1
    endloop
  endfacet
  facet normal 0.627273 -0.337762 -0.701745
    outer loop
      vertex 28.2235 16.6203 0
      vertex 29.1375 16.2401 1
      vertex 28.2228 16.619 0
    endloop
  endfacet
  facet normal -0.526723 0.478839 -0.702337
    outer loop
      vertex 31.8969 14.4961 0
      vertex 31.1124 15.0999 1
      vertex 31.8979 14.4972 0
    endloop
  endfacet
  facet normal -0.534817 0.469088 -0.702799
    outer loop
      vertex 31.1124 15.0999 1
      vertex 31.8969 14.4961 0
      vertex 31.0132 14.9868 1
    endloop
  endfacet
  facet normal -0.314932 -0.637902 -0.702779
    outer loop
      vertex 30.6401 16.8625 1
      vertex 31.0203 17.7765 0
      vertex 30.775 16.7959 1
    endloop
  endfacet
  facet normal -0.337762 -0.627273 -0.701745
    outer loop
      vertex 31.0203 17.7765 0
      vertex 30.6401 16.8625 1
      vertex 31.019 17.7772 0
    endloop
  endfacet
  facet normal -0.526723 -0.478839 -0.702337
    outer loop
      vertex 31.1124 16.5001 1
      vertex 31.8969 17.1039 0
      vertex 31.8979 17.1028 0
    endloop
  endfacet
  facet normal -0.534817 -0.469088 -0.702799
    outer loop
      vertex 31.8969 17.1039 0
      vertex 31.1124 16.5001 1
      vertex 31.0132 16.6132 1
    endloop
  endfacet
  facet normal 0.469088 -0.534817 -0.702799
    outer loop
      vertex 28.8961 17.4969 0
      vertex 29.4999 16.7124 1
      vertex 29.3868 16.6132 1
    endloop
  endfacet
  facet normal 0.478839 -0.526723 -0.702337
    outer loop
      vertex 29.4999 16.7124 1
      vertex 28.8961 17.4969 0
      vertex 28.8972 17.4979 0
    endloop
  endfacet
  facet normal -0.239155 -0.669635 -0.703131
    outer loop
      vertex 30.6401 16.8625 1
      vertex 31.0176 17.7777 0
      vertex 31.019 17.7772 0
    endloop
  endfacet
  facet normal -0.22836 -0.673733 -0.702806
    outer loop
      vertex 31.0176 17.7777 0
      vertex 30.6401 16.8625 1
      vertex 30.4976 16.9108 1
    endloop
  endfacet
  facet normal 0.0473213 0.709819 -0.702792
    outer loop
      vertex 30.1985 13.66 0
      vertex 30.2 14.65 1
      vertex 30.2 13.6599 0
    endloop
  endfacet
  facet normal 0.0463461 0.709853 -0.702824
    outer loop
      vertex 30.2 14.65 1
      vertex 30.1985 13.66 0
      vertex 30.0499 14.6598 1
    endloop
  endfacet
  facet normal 0.0465063 0.709859 -0.702806
    outer loop
      vertex 30.0499 14.6598 1
      vertex 30.1985 13.66 0
      vertex 29.9207 13.6782 0
    endloop
  endfacet
  facet normal 0.138727 0.697722 -0.702808
    outer loop
      vertex 30.0499 14.6598 1
      vertex 29.9207 13.6782 0
      vertex 29.6476 13.7325 0
    endloop
  endfacet
  facet normal 0.673733 -0.22836 -0.702806
    outer loop
      vertex 28.2223 16.6176 0
      vertex 29.1375 16.2401 1
      vertex 29.0892 16.0976 1
    endloop
  endfacet
  facet normal 0.669635 -0.239155 -0.703131
    outer loop
      vertex 29.1375 16.2401 1
      vertex 28.2223 16.6176 0
      vertex 28.2228 16.619 0
    endloop
  endfacet
  facet normal -0.980708 -0.195477 0
    outer loop
      vertex 62.9402 -15.6499 1
      vertex 62.9108 -15.5024 2
      vertex 62.9108 -15.5024 1
    endloop
  endfacet
  facet normal -0.980708 -0.195477 0
    outer loop
      vertex 62.9108 -15.5024 2
      vertex 62.9402 -15.6499 1
      vertex 62.9402 -15.6499 2
    endloop
  endfacet
  facet normal -0.997875 -0.0651511 0
    outer loop
      vertex 62.95 -15.8 1
      vertex 62.9402 -15.6499 2
      vertex 62.9402 -15.6499 1
    endloop
  endfacet
  facet normal -0.997875 -0.0651511 0
    outer loop
      vertex 62.9402 -15.6499 2
      vertex 62.95 -15.8 1
      vertex 62.95 -15.8 2
    endloop
  endfacet
  facet normal 0.442688 -0.896676 0
    outer loop
      vertex 61.225 -14.8041 1
      vertex 61.3599 -14.7375 2
      vertex 61.225 -14.8041 2
    endloop
  endfacet
  facet normal 0.442688 -0.896676 0
    outer loop
      vertex 61.3599 -14.7375 2
      vertex 61.225 -14.8041 1
      vertex 61.3599 -14.7375 1
    endloop
  endfacet
  facet normal 0.751794 0.659398 0
    outer loop
      vertex 60.9868 -16.6132 2
      vertex 60.8876 -16.5001 1
      vertex 60.8876 -16.5001 2
    endloop
  endfacet
  facet normal 0.751794 0.659398 0
    outer loop
      vertex 60.8876 -16.5001 1
      vertex 60.9868 -16.6132 2
      vertex 60.9868 -16.6132 1
    endloop
  endfacet
  facet normal -0.659398 -0.751794 0
    outer loop
      vertex 62.5001 -14.8876 1
      vertex 62.6132 -14.9868 2
      vertex 62.5001 -14.8876 2
    endloop
  endfacet
  facet normal -0.659398 -0.751794 -0
    outer loop
      vertex 62.6132 -14.9868 2
      vertex 62.5001 -14.8876 1
      vertex 62.6132 -14.9868 1
    endloop
  endfacet
  facet normal 0.195477 0.980708 -0
    outer loop
      vertex 61.6499 -16.9402 1
      vertex 61.5024 -16.9108 2
      vertex 61.6499 -16.9402 2
    endloop
  endfacet
  facet normal 0.195477 0.980708 0
    outer loop
      vertex 61.5024 -16.9108 2
      vertex 61.6499 -16.9402 1
      vertex 61.5024 -16.9108 1
    endloop
  endfacet
  facet normal -0.442688 0.896676 0
    outer loop
      vertex 62.375 -16.7959 1
      vertex 62.2401 -16.8625 2
      vertex 62.375 -16.7959 2
    endloop
  endfacet
  facet normal -0.442688 0.896676 0
    outer loop
      vertex 62.2401 -16.8625 2
      vertex 62.375 -16.7959 1
      vertex 62.2401 -16.8625 1
    endloop
  endfacet
  facet normal -0.195477 0.980708 0
    outer loop
      vertex 62.0976 -16.9108 1
      vertex 61.9501 -16.9402 2
      vertex 62.0976 -16.9108 2
    endloop
  endfacet
  facet normal -0.195477 0.980708 0
    outer loop
      vertex 61.9501 -16.9402 2
      vertex 62.0976 -16.9108 1
      vertex 61.9501 -16.9402 1
    endloop
  endfacet
  facet normal -0.997875 0.0651511 0
    outer loop
      vertex 62.9402 -15.9501 1
      vertex 62.95 -15.8 2
      vertex 62.95 -15.8 1
    endloop
  endfacet
  facet normal -0.997875 0.0651511 0
    outer loop
      vertex 62.95 -15.8 2
      vertex 62.9402 -15.9501 1
      vertex 62.9402 -15.9501 2
    endloop
  endfacet
  facet normal 0.997875 -0.0651511 0
    outer loop
      vertex 60.65 -15.8 2
      vertex 60.6598 -15.6499 1
      vertex 60.6598 -15.6499 2
    endloop
  endfacet
  facet normal 0.997875 -0.0651511 0
    outer loop
      vertex 60.6598 -15.6499 1
      vertex 60.65 -15.8 2
      vertex 60.65 -15.8 1
    endloop
  endfacet
  facet normal -0.831743 -0.55516 0
    outer loop
      vertex 62.7959 -15.225 1
      vertex 62.7124 -15.0999 2
      vertex 62.7124 -15.0999 1
    endloop
  endfacet
  facet normal -0.831743 -0.55516 0
    outer loop
      vertex 62.7124 -15.0999 2
      vertex 62.7959 -15.225 1
      vertex 62.7959 -15.225 2
    endloop
  endfacet
  facet normal -0.896676 -0.442688 0
    outer loop
      vertex 62.8625 -15.3599 1
      vertex 62.7959 -15.225 2
      vertex 62.7959 -15.225 1
    endloop
  endfacet
  facet normal -0.896676 -0.442688 0
    outer loop
      vertex 62.7959 -15.225 2
      vertex 62.8625 -15.3599 1
      vertex 62.8625 -15.3599 2
    endloop
  endfacet
  facet normal 0.947076 0.321009 0
    outer loop
      vertex 60.7375 -16.2401 2
      vertex 60.6892 -16.0976 1
      vertex 60.6892 -16.0976 2
    endloop
  endfacet
  facet normal 0.947076 0.321009 0
    outer loop
      vertex 60.6892 -16.0976 1
      vertex 60.7375 -16.2401 2
      vertex 60.7375 -16.2401 1
    endloop
  endfacet
  facet normal 0.442688 0.896676 -0
    outer loop
      vertex 61.3599 -16.8625 1
      vertex 61.225 -16.7959 2
      vertex 61.3599 -16.8625 2
    endloop
  endfacet
  facet normal 0.442688 0.896676 0
    outer loop
      vertex 61.225 -16.7959 2
      vertex 61.3599 -16.8625 1
      vertex 61.225 -16.7959 1
    endloop
  endfacet
  facet normal -0.751794 0.659398 0
    outer loop
      vertex 62.6132 -16.6132 1
      vertex 62.7124 -16.5001 2
      vertex 62.7124 -16.5001 1
    endloop
  endfacet
  facet normal -0.751794 0.659398 0
    outer loop
      vertex 62.7124 -16.5001 2
      vertex 62.6132 -16.6132 1
      vertex 62.6132 -16.6132 2
    endloop
  endfacet
  facet normal 0.0651511 -0.997875 0
    outer loop
      vertex 61.6499 -14.6598 1
      vertex 61.8 -14.65 2
      vertex 61.6499 -14.6598 2
    endloop
  endfacet
  facet normal 0.0651511 -0.997875 0
    outer loop
      vertex 61.8 -14.65 2
      vertex 61.6499 -14.6598 1
      vertex 61.8 -14.65 1
    endloop
  endfacet
  facet normal -0.980708 0.195477 0
    outer loop
      vertex 62.9108 -16.0976 1
      vertex 62.9402 -15.9501 2
      vertex 62.9402 -15.9501 1
    endloop
  endfacet
  facet normal -0.980708 0.195477 0
    outer loop
      vertex 62.9402 -15.9501 2
      vertex 62.9108 -16.0976 1
      vertex 62.9108 -16.0976 2
    endloop
  endfacet
  facet normal 0.896676 0.442688 0
    outer loop
      vertex 60.8041 -16.375 2
      vertex 60.7375 -16.2401 1
      vertex 60.7375 -16.2401 2
    endloop
  endfacet
  facet normal 0.896676 0.442688 0
    outer loop
      vertex 60.7375 -16.2401 1
      vertex 60.8041 -16.375 2
      vertex 60.8041 -16.375 1
    endloop
  endfacet
  facet normal 0.831743 -0.55516 0
    outer loop
      vertex 60.8041 -15.225 2
      vertex 60.8876 -15.0999 1
      vertex 60.8876 -15.0999 2
    endloop
  endfacet
  facet normal 0.831743 -0.55516 0
    outer loop
      vertex 60.8876 -15.0999 1
      vertex 60.8041 -15.225 2
      vertex 60.8041 -15.225 1
    endloop
  endfacet
  facet normal 0.659398 -0.751794 0
    outer loop
      vertex 60.9868 -14.9868 1
      vertex 61.0999 -14.8876 2
      vertex 60.9868 -14.9868 2
    endloop
  endfacet
  facet normal 0.659398 -0.751794 0
    outer loop
      vertex 61.0999 -14.8876 2
      vertex 60.9868 -14.9868 1
      vertex 61.0999 -14.8876 1
    endloop
  endfacet
  facet normal 0.55516 -0.831743 0
    outer loop
      vertex 61.0999 -14.8876 1
      vertex 61.225 -14.8041 2
      vertex 61.0999 -14.8876 2
    endloop
  endfacet
  facet normal 0.55516 -0.831743 0
    outer loop
      vertex 61.225 -14.8041 2
      vertex 61.0999 -14.8876 1
      vertex 61.225 -14.8041 1
    endloop
  endfacet
  facet normal 0.321009 -0.947076 0
    outer loop
      vertex 61.3599 -14.7375 1
      vertex 61.5024 -14.6892 2
      vertex 61.3599 -14.7375 2
    endloop
  endfacet
  facet normal 0.321009 -0.947076 0
    outer loop
      vertex 61.5024 -14.6892 2
      vertex 61.3599 -14.7375 1
      vertex 61.5024 -14.6892 1
    endloop
  endfacet
  facet normal 0.659398 0.751794 -0
    outer loop
      vertex 61.0999 -16.7124 1
      vertex 60.9868 -16.6132 2
      vertex 61.0999 -16.7124 2
    endloop
  endfacet
  facet normal 0.659398 0.751794 0
    outer loop
      vertex 60.9868 -16.6132 2
      vertex 61.0999 -16.7124 1
      vertex 60.9868 -16.6132 1
    endloop
  endfacet
  facet normal -0.659398 0.751794 0
    outer loop
      vertex 62.6132 -16.6132 1
      vertex 62.5001 -16.7124 2
      vertex 62.6132 -16.6132 2
    endloop
  endfacet
  facet normal -0.659398 0.751794 0
    outer loop
      vertex 62.5001 -16.7124 2
      vertex 62.6132 -16.6132 1
      vertex 62.5001 -16.7124 1
    endloop
  endfacet
  facet normal -0.0651511 0.997875 0
    outer loop
      vertex 61.9501 -16.9402 1
      vertex 61.8 -16.95 2
      vertex 61.9501 -16.9402 2
    endloop
  endfacet
  facet normal -0.0651511 0.997875 0
    outer loop
      vertex 61.8 -16.95 2
      vertex 61.9501 -16.9402 1
      vertex 61.8 -16.95 1
    endloop
  endfacet
  facet normal -0.55516 -0.831743 0
    outer loop
      vertex 62.375 -14.8041 1
      vertex 62.5001 -14.8876 2
      vertex 62.375 -14.8041 2
    endloop
  endfacet
  facet normal -0.55516 -0.831743 -0
    outer loop
      vertex 62.5001 -14.8876 2
      vertex 62.375 -14.8041 1
      vertex 62.5001 -14.8876 1
    endloop
  endfacet
  facet normal -0.55516 0.831743 0
    outer loop
      vertex 62.5001 -16.7124 1
      vertex 62.375 -16.7959 2
      vertex 62.5001 -16.7124 2
    endloop
  endfacet
  facet normal -0.55516 0.831743 0
    outer loop
      vertex 62.375 -16.7959 2
      vertex 62.5001 -16.7124 1
      vertex 62.375 -16.7959 1
    endloop
  endfacet
  facet normal -0.321009 0.947076 0
    outer loop
      vertex 62.2401 -16.8625 1
      vertex 62.0976 -16.9108 2
      vertex 62.2401 -16.8625 2
    endloop
  endfacet
  facet normal -0.321009 0.947076 0
    outer loop
      vertex 62.0976 -16.9108 2
      vertex 62.2401 -16.8625 1
      vertex 62.0976 -16.9108 1
    endloop
  endfacet
  facet normal 0.195477 -0.980708 0
    outer loop
      vertex 61.5024 -14.6892 1
      vertex 61.6499 -14.6598 2
      vertex 61.5024 -14.6892 2
    endloop
  endfacet
  facet normal 0.195477 -0.980708 0
    outer loop
      vertex 61.6499 -14.6598 2
      vertex 61.5024 -14.6892 1
      vertex 61.6499 -14.6598 1
    endloop
  endfacet
  facet normal -0.442688 -0.896676 0
    outer loop
      vertex 62.2401 -14.7375 1
      vertex 62.375 -14.8041 2
      vertex 62.2401 -14.7375 2
    endloop
  endfacet
  facet normal -0.442688 -0.896676 -0
    outer loop
      vertex 62.375 -14.8041 2
      vertex 62.2401 -14.7375 1
      vertex 62.375 -14.8041 1
    endloop
  endfacet
  facet normal 0.980708 0.195477 0
    outer loop
      vertex 60.6892 -16.0976 2
      vertex 60.6598 -15.9501 1
      vertex 60.6598 -15.9501 2
    endloop
  endfacet
  facet normal 0.980708 0.195477 0
    outer loop
      vertex 60.6598 -15.9501 1
      vertex 60.6892 -16.0976 2
      vertex 60.6892 -16.0976 1
    endloop
  endfacet
  facet normal 0.947076 -0.321009 0
    outer loop
      vertex 60.6892 -15.5024 2
      vertex 60.7375 -15.3599 1
      vertex 60.7375 -15.3599 2
    endloop
  endfacet
  facet normal 0.947076 -0.321009 0
    outer loop
      vertex 60.7375 -15.3599 1
      vertex 60.6892 -15.5024 2
      vertex 60.6892 -15.5024 1
    endloop
  endfacet
  facet normal -0.321009 -0.947076 0
    outer loop
      vertex 62.0976 -14.6892 1
      vertex 62.2401 -14.7375 2
      vertex 62.0976 -14.6892 2
    endloop
  endfacet
  facet normal -0.321009 -0.947076 -0
    outer loop
      vertex 62.2401 -14.7375 2
      vertex 62.0976 -14.6892 1
      vertex 62.2401 -14.7375 1
    endloop
  endfacet
  facet normal 0.896676 -0.442688 0
    outer loop
      vertex 60.7375 -15.3599 2
      vertex 60.8041 -15.225 1
      vertex 60.8041 -15.225 2
    endloop
  endfacet
  facet normal 0.896676 -0.442688 0
    outer loop
      vertex 60.8041 -15.225 1
      vertex 60.7375 -15.3599 2
      vertex 60.7375 -15.3599 1
    endloop
  endfacet
  facet normal -0.831743 0.55516 0
    outer loop
      vertex 62.7124 -16.5001 1
      vertex 62.7959 -16.375 2
      vertex 62.7959 -16.375 1
    endloop
  endfacet
  facet normal -0.831743 0.55516 0
    outer loop
      vertex 62.7959 -16.375 2
      vertex 62.7124 -16.5001 1
      vertex 62.7124 -16.5001 2
    endloop
  endfacet
  facet normal -0.947076 0.321009 0
    outer loop
      vertex 62.8625 -16.2401 1
      vertex 62.9108 -16.0976 2
      vertex 62.9108 -16.0976 1
    endloop
  endfacet
  facet normal -0.947076 0.321009 0
    outer loop
      vertex 62.9108 -16.0976 2
      vertex 62.8625 -16.2401 1
      vertex 62.8625 -16.2401 2
    endloop
  endfacet
  facet normal -0.195477 -0.980708 0
    outer loop
      vertex 61.9501 -14.6598 1
      vertex 62.0976 -14.6892 2
      vertex 61.9501 -14.6598 2
    endloop
  endfacet
  facet normal -0.195477 -0.980708 -0
    outer loop
      vertex 62.0976 -14.6892 2
      vertex 61.9501 -14.6598 1
      vertex 62.0976 -14.6892 1
    endloop
  endfacet
  facet normal 0.997875 0.0651511 0
    outer loop
      vertex 60.6598 -15.9501 2
      vertex 60.65 -15.8 1
      vertex 60.65 -15.8 2
    endloop
  endfacet
  facet normal 0.997875 0.0651511 0
    outer loop
      vertex 60.65 -15.8 1
      vertex 60.6598 -15.9501 2
      vertex 60.6598 -15.9501 1
    endloop
  endfacet
  facet normal 0.751794 -0.659398 0
    outer loop
      vertex 60.8876 -15.0999 2
      vertex 60.9868 -14.9868 1
      vertex 60.9868 -14.9868 2
    endloop
  endfacet
  facet normal 0.751794 -0.659398 0
    outer loop
      vertex 60.9868 -14.9868 1
      vertex 60.8876 -15.0999 2
      vertex 60.8876 -15.0999 1
    endloop
  endfacet
  facet normal -0.751794 -0.659398 0
    outer loop
      vertex 62.7124 -15.0999 1
      vertex 62.6132 -14.9868 2
      vertex 62.6132 -14.9868 1
    endloop
  endfacet
  facet normal -0.751794 -0.659398 0
    outer loop
      vertex 62.6132 -14.9868 2
      vertex 62.7124 -15.0999 1
      vertex 62.7124 -15.0999 2
    endloop
  endfacet
  facet normal -0.947076 -0.321009 0
    outer loop
      vertex 62.9108 -15.5024 1
      vertex 62.8625 -15.3599 2
      vertex 62.8625 -15.3599 1
    endloop
  endfacet
  facet normal -0.947076 -0.321009 0
    outer loop
      vertex 62.8625 -15.3599 2
      vertex 62.9108 -15.5024 1
      vertex 62.9108 -15.5024 2
    endloop
  endfacet
  facet normal 0.831743 0.55516 0
    outer loop
      vertex 60.8876 -16.5001 2
      vertex 60.8041 -16.375 1
      vertex 60.8041 -16.375 2
    endloop
  endfacet
  facet normal 0.831743 0.55516 0
    outer loop
      vertex 60.8041 -16.375 1
      vertex 60.8876 -16.5001 2
      vertex 60.8876 -16.5001 1
    endloop
  endfacet
  facet normal 0.0651511 0.997875 -0
    outer loop
      vertex 61.8 -16.95 1
      vertex 61.6499 -16.9402 2
      vertex 61.8 -16.95 2
    endloop
  endfacet
  facet normal 0.0651511 0.997875 0
    outer loop
      vertex 61.6499 -16.9402 2
      vertex 61.8 -16.95 1
      vertex 61.6499 -16.9402 1
    endloop
  endfacet
  facet normal -0.0651511 -0.997875 0
    outer loop
      vertex 61.8 -14.65 1
      vertex 61.9501 -14.6598 2
      vertex 61.8 -14.65 2
    endloop
  endfacet
  facet normal -0.0651511 -0.997875 -0
    outer loop
      vertex 61.9501 -14.6598 2
      vertex 61.8 -14.65 1
      vertex 61.9501 -14.6598 1
    endloop
  endfacet
  facet normal 0.321009 0.947076 -0
    outer loop
      vertex 61.5024 -16.9108 1
      vertex 61.3599 -16.8625 2
      vertex 61.5024 -16.9108 2
    endloop
  endfacet
  facet normal 0.321009 0.947076 0
    outer loop
      vertex 61.3599 -16.8625 2
      vertex 61.5024 -16.9108 1
      vertex 61.3599 -16.8625 1
    endloop
  endfacet
  facet normal 0.980708 -0.195477 0
    outer loop
      vertex 60.6598 -15.6499 2
      vertex 60.6892 -15.5024 1
      vertex 60.6892 -15.5024 2
    endloop
  endfacet
  facet normal 0.980708 -0.195477 0
    outer loop
      vertex 60.6892 -15.5024 1
      vertex 60.6598 -15.6499 2
      vertex 60.6598 -15.6499 1
    endloop
  endfacet
  facet normal -0.896676 0.442688 0
    outer loop
      vertex 62.7959 -16.375 1
      vertex 62.8625 -16.2401 2
      vertex 62.8625 -16.2401 1
    endloop
  endfacet
  facet normal -0.896676 0.442688 0
    outer loop
      vertex 62.8625 -16.2401 2
      vertex 62.7959 -16.375 1
      vertex 62.7959 -16.375 2
    endloop
  endfacet
  facet normal 0.55516 0.831743 -0
    outer loop
      vertex 61.225 -16.7959 1
      vertex 61.0999 -16.7124 2
      vertex 61.225 -16.7959 2
    endloop
  endfacet
  facet normal 0.55516 0.831743 0
    outer loop
      vertex 61.0999 -16.7124 2
      vertex 61.225 -16.7959 1
      vertex 61.0999 -16.7124 1
    endloop
  endfacet
  facet normal 0.638081 -0.314443 -0.702836
    outer loop
      vertex 59.9466 -14.7299 0
      vertex 60.8041 -15.225 1
      vertex 59.8235 -14.9797 0
    endloop
  endfacet
  facet normal 0.228624 0.67361 -0.702837
    outer loop
      vertex 61.5024 -16.9108 1
      vertex 61.2461 -17.8672 0
      vertex 60.9824 -17.7777 0
    endloop
  endfacet
  facet normal -0.709819 -0.0473213 -0.702792
    outer loop
      vertex 62.95 -15.8 1
      vertex 63.94 -15.7985 0
      vertex 63.9401 -15.8 0
    endloop
  endfacet
  facet normal -0.709853 -0.0463461 -0.702824
    outer loop
      vertex 63.94 -15.7985 0
      vertex 62.95 -15.8 1
      vertex 62.9402 -15.6499 1
    endloop
  endfacet
  facet normal -0.709859 -0.0465063 -0.702806
    outer loop
      vertex 63.9218 -15.5207 0
      vertex 63.94 -15.7985 0
      vertex 62.9402 -15.6499 1
    endloop
  endfacet
  facet normal -0.669635 0.239155 -0.703131
    outer loop
      vertex 62.8625 -16.2401 1
      vertex 63.7777 -16.6176 0
      vertex 63.7772 -16.619 0
    endloop
  endfacet
  facet normal -0.673733 0.22836 -0.702806
    outer loop
      vertex 63.7777 -16.6176 0
      vertex 62.8625 -16.2401 1
      vertex 62.9108 -16.0976 1
    endloop
  endfacet
  facet normal -0.469088 -0.534817 -0.702799
    outer loop
      vertex 62.5001 -14.8876 1
      vertex 63.1039 -14.1031 0
      vertex 62.6132 -14.9868 1
    endloop
  endfacet
  facet normal -0.478839 -0.526723 -0.702337
    outer loop
      vertex 63.1039 -14.1031 0
      vertex 62.5001 -14.8876 1
      vertex 63.1028 -14.1021 0
    endloop
  endfacet
  facet normal -0.697722 0.138727 -0.702808
    outer loop
      vertex 63.9218 -16.0793 0
      vertex 63.8675 -16.3524 0
      vertex 62.9402 -15.9501 1
    endloop
  endfacet
  facet normal -0.67361 0.228624 -0.702837
    outer loop
      vertex 63.8672 -16.3539 0
      vertex 63.7777 -16.6176 0
      vertex 62.9108 -16.0976 1
    endloop
  endfacet
  facet normal 0.0465063 -0.709859 -0.702806
    outer loop
      vertex 61.7985 -13.66 0
      vertex 61.6499 -14.6598 1
      vertex 61.5207 -13.6782 0
    endloop
  endfacet
  facet normal 0.534817 0.469088 -0.702799
    outer loop
      vertex 60.1031 -17.1039 0
      vertex 60.8876 -16.5001 1
      vertex 60.9868 -16.6132 1
    endloop
  endfacet
  facet normal 0.526723 0.478839 -0.702337
    outer loop
      vertex 60.8876 -16.5001 1
      vertex 60.1031 -17.1039 0
      vertex 60.1021 -17.1028 0
    endloop
  endfacet
  facet normal -0.239155 0.669635 -0.703131
    outer loop
      vertex 62.6176 -17.7777 0
      vertex 62.2401 -16.8625 1
      vertex 62.619 -17.7772 0
    endloop
  endfacet
  facet normal -0.22836 0.673733 -0.702806
    outer loop
      vertex 62.2401 -16.8625 1
      vertex 62.6176 -17.7777 0
      vertex 62.0976 -16.9108 1
    endloop
  endfacet
  facet normal 0.67361 0.228624 -0.702837
    outer loop
      vertex 60.6892 -16.0976 1
      vertex 59.8223 -16.6176 0
      vertex 59.7328 -16.3539 0
    endloop
  endfacet
  facet normal 0.591443 -0.395232 -0.702842
    outer loop
      vertex 60.1013 -14.4984 0
      vertex 60.8041 -15.225 1
      vertex 59.9466 -14.7299 0
    endloop
  endfacet
  facet normal 0.697722 0.138727 -0.702808
    outer loop
      vertex 60.6598 -15.9501 1
      vertex 59.7325 -16.3524 0
      vertex 59.6782 -16.0793 0
    endloop
  endfacet
  facet normal -0.638081 -0.314443 -0.702836
    outer loop
      vertex 63.6534 -14.7299 0
      vertex 63.7765 -14.9797 0
      vertex 62.7959 -15.225 1
    endloop
  endfacet
  facet normal -0.468986 0.534889 -0.702813
    outer loop
      vertex 63.3133 -17.3133 0
      vertex 63.1039 -17.4969 0
      vertex 62.6132 -16.6132 1
    endloop
  endfacet
  facet normal 0.591443 0.395232 -0.702842
    outer loop
      vertex 60.8041 -16.375 1
      vertex 60.1013 -17.1016 0
      vertex 59.9466 -16.8701 0
    endloop
  endfacet
  facet normal -0.697516 0.139503 -0.702859
    outer loop
      vertex 62.9108 -16.0976 1
      vertex 63.8675 -16.3524 0
      vertex 63.8672 -16.3539 0
    endloop
  endfacet
  facet normal -0.697621 0.139051 -0.702844
    outer loop
      vertex 63.8675 -16.3524 0
      vertex 62.9108 -16.0976 1
      vertex 62.9402 -15.9501 1
    endloop
  endfacet
  facet normal -0.139503 -0.697516 -0.702859
    outer loop
      vertex 62.0976 -14.6892 1
      vertex 62.3524 -13.7325 0
      vertex 62.3539 -13.7328 0
    endloop
  endfacet
  facet normal -0.139051 -0.697621 -0.702844
    outer loop
      vertex 62.3524 -13.7325 0
      vertex 62.0976 -14.6892 1
      vertex 61.9501 -14.6598 1
    endloop
  endfacet
  facet normal -0.395123 -0.591534 -0.702827
    outer loop
      vertex 62.87 -13.9466 0
      vertex 63.1016 -14.1013 0
      vertex 62.375 -14.8041 1
    endloop
  endfacet
  facet normal 0.638081 0.314443 -0.702836
    outer loop
      vertex 60.8041 -16.375 1
      vertex 59.9466 -16.8701 0
      vertex 59.8235 -16.6203 0
    endloop
  endfacet
  facet normal 0.669635 0.239155 -0.703131
    outer loop
      vertex 59.8223 -16.6176 0
      vertex 60.7375 -16.2401 1
      vertex 59.8228 -16.619 0
    endloop
  endfacet
  facet normal 0.673733 0.22836 -0.702806
    outer loop
      vertex 60.7375 -16.2401 1
      vertex 59.8223 -16.6176 0
      vertex 60.6892 -16.0976 1
    endloop
  endfacet
  facet normal -0.394614 0.591921 -0.702787
    outer loop
      vertex 63.1016 -17.4987 0
      vertex 62.5001 -16.7124 1
      vertex 63.1028 -17.4979 0
    endloop
  endfacet
  facet normal -0.394934 0.591692 -0.7028
    outer loop
      vertex 62.5001 -16.7124 1
      vertex 63.1016 -17.4987 0
      vertex 62.375 -16.7959 1
    endloop
  endfacet
  facet normal 0.314443 -0.638081 -0.702836
    outer loop
      vertex 60.9797 -13.8235 0
      vertex 61.225 -14.8041 1
      vertex 60.7299 -13.9466 0
    endloop
  endfacet
  facet normal -0.478839 0.526723 -0.702337
    outer loop
      vertex 62.5001 -16.7124 1
      vertex 63.1039 -17.4969 0
      vertex 63.1028 -17.4979 0
    endloop
  endfacet
  facet normal -0.469088 0.534817 -0.702799
    outer loop
      vertex 63.1039 -17.4969 0
      vertex 62.5001 -16.7124 1
      vertex 62.6132 -16.6132 1
    endloop
  endfacet
  facet normal -0.591921 0.394614 -0.702787
    outer loop
      vertex 62.7124 -16.5001 1
      vertex 63.4987 -17.1016 0
      vertex 63.4979 -17.1028 0
    endloop
  endfacet
  facet normal -0.591692 0.394934 -0.7028
    outer loop
      vertex 63.4987 -17.1016 0
      vertex 62.7124 -16.5001 1
      vertex 62.7959 -16.375 1
    endloop
  endfacet
  facet normal -0.0465063 -0.709859 -0.702806
    outer loop
      vertex 62.0793 -13.6782 0
      vertex 61.9501 -14.6598 1
      vertex 61.8015 -13.66 0
    endloop
  endfacet
  facet normal -0.697621 -0.139051 -0.702844
    outer loop
      vertex 62.9108 -15.5024 1
      vertex 63.8675 -15.2476 0
      vertex 62.9402 -15.6499 1
    endloop
  endfacet
  facet normal -0.697516 -0.139503 -0.702859
    outer loop
      vertex 63.8675 -15.2476 0
      vertex 62.9108 -15.5024 1
      vertex 63.8672 -15.2461 0
    endloop
  endfacet
  facet normal 0.709859 0.0465063 -0.702806
    outer loop
      vertex 60.6598 -15.9501 1
      vertex 59.6782 -16.0793 0
      vertex 59.66 -15.8015 0
    endloop
  endfacet
  facet normal 0.697516 0.139503 -0.702859
    outer loop
      vertex 59.7325 -16.3524 0
      vertex 60.6892 -16.0976 1
      vertex 59.7328 -16.3539 0
    endloop
  endfacet
  facet normal 0.697621 0.139051 -0.702844
    outer loop
      vertex 60.6892 -16.0976 1
      vertex 59.7325 -16.3524 0
      vertex 60.6598 -15.9501 1
    endloop
  endfacet
  facet normal -0.627273 -0.337762 -0.701745
    outer loop
      vertex 62.8625 -15.3599 1
      vertex 63.7765 -14.9797 0
      vertex 63.7772 -14.981 0
    endloop
  endfacet
  facet normal -0.637902 -0.314932 -0.702779
    outer loop
      vertex 63.7765 -14.9797 0
      vertex 62.8625 -15.3599 1
      vertex 62.7959 -15.225 1
    endloop
  endfacet
  facet normal 0.697722 -0.138727 -0.702808
    outer loop
      vertex 59.7325 -15.2476 0
      vertex 60.6598 -15.6499 1
      vertex 59.6782 -15.5207 0
    endloop
  endfacet
  facet normal -0.228624 -0.67361 -0.702837
    outer loop
      vertex 62.3539 -13.7328 0
      vertex 62.6176 -13.8223 0
      vertex 62.0976 -14.6892 1
    endloop
  endfacet
  facet normal 0.468986 0.534889 -0.702813
    outer loop
      vertex 60.9868 -16.6132 1
      vertex 60.4961 -17.4969 0
      vertex 60.2867 -17.3133 0
    endloop
  endfacet
  facet normal 0.709859 -0.0465063 -0.702806
    outer loop
      vertex 59.6782 -15.5207 0
      vertex 60.6598 -15.6499 1
      vertex 59.66 -15.7985 0
    endloop
  endfacet
  facet normal -0.534889 0.468986 -0.702813
    outer loop
      vertex 63.4969 -17.1039 0
      vertex 63.3133 -17.3133 0
      vertex 62.6132 -16.6132 1
    endloop
  endfacet
  facet normal -0.138727 -0.697722 -0.702808
    outer loop
      vertex 62.0793 -13.6782 0
      vertex 62.3524 -13.7325 0
      vertex 61.9501 -14.6598 1
    endloop
  endfacet
  facet normal 0.591921 0.394614 -0.702787
    outer loop
      vertex 60.1013 -17.1016 0
      vertex 60.8876 -16.5001 1
      vertex 60.1021 -17.1028 0
    endloop
  endfacet
  facet normal 0.591692 0.394934 -0.7028
    outer loop
      vertex 60.8876 -16.5001 1
      vertex 60.1013 -17.1016 0
      vertex 60.8041 -16.375 1
    endloop
  endfacet
  facet normal 0.637902 0.314932 -0.702779
    outer loop
      vertex 59.8235 -16.6203 0
      vertex 60.7375 -16.2401 1
      vertex 60.8041 -16.375 1
    endloop
  endfacet
  facet normal 0.627273 0.337762 -0.701745
    outer loop
      vertex 60.7375 -16.2401 1
      vertex 59.8235 -16.6203 0
      vertex 59.8228 -16.619 0
    endloop
  endfacet
  facet normal 0.0463461 -0.709853 -0.702824
    outer loop
      vertex 61.7985 -13.66 0
      vertex 61.8 -14.65 1
      vertex 61.6499 -14.6598 1
    endloop
  endfacet
  facet normal 0.0473213 -0.709819 -0.702792
    outer loop
      vertex 61.8 -14.65 1
      vertex 61.7985 -13.66 0
      vertex 61.8 -13.6599 0
    endloop
  endfacet
  facet normal -0.591443 -0.395232 -0.702842
    outer loop
      vertex 63.4987 -14.4984 0
      vertex 63.6534 -14.7299 0
      vertex 62.7959 -15.225 1
    endloop
  endfacet
  facet normal -0.228624 0.67361 -0.702837
    outer loop
      vertex 62.6176 -17.7777 0
      vertex 62.3539 -17.8672 0
      vertex 62.0976 -16.9108 1
    endloop
  endfacet
  facet normal -0.591692 -0.394934 -0.7028
    outer loop
      vertex 62.7124 -15.0999 1
      vertex 63.4987 -14.4984 0
      vertex 62.7959 -15.225 1
    endloop
  endfacet
  facet normal -0.591921 -0.394614 -0.702787
    outer loop
      vertex 63.4987 -14.4984 0
      vertex 62.7124 -15.0999 1
      vertex 63.4979 -14.4972 0
    endloop
  endfacet
  facet normal -0.67361 -0.228624 -0.702837
    outer loop
      vertex 63.7777 -14.9824 0
      vertex 63.8672 -15.2461 0
      vertex 62.9108 -15.5024 1
    endloop
  endfacet
  facet normal -0.697722 -0.138727 -0.702808
    outer loop
      vertex 63.8675 -15.2476 0
      vertex 63.9218 -15.5207 0
      vertex 62.9402 -15.6499 1
    endloop
  endfacet
  facet normal 0.394934 0.591692 -0.7028
    outer loop
      vertex 60.4984 -17.4987 0
      vertex 61.0999 -16.7124 1
      vertex 61.225 -16.7959 1
    endloop
  endfacet
  facet normal 0.394614 0.591921 -0.702787
    outer loop
      vertex 61.0999 -16.7124 1
      vertex 60.4984 -17.4987 0
      vertex 60.4972 -17.4979 0
    endloop
  endfacet
  facet normal -0.591443 0.395232 -0.702842
    outer loop
      vertex 63.6534 -16.8701 0
      vertex 63.4987 -17.1016 0
      vertex 62.7959 -16.375 1
    endloop
  endfacet
  facet normal 0.22836 -0.673733 -0.702806
    outer loop
      vertex 61.3599 -14.7375 1
      vertex 60.9824 -13.8223 0
      vertex 61.5024 -14.6892 1
    endloop
  endfacet
  facet normal 0.239155 -0.669635 -0.703131
    outer loop
      vertex 60.9824 -13.8223 0
      vertex 61.3599 -14.7375 1
      vertex 60.981 -13.8228 0
    endloop
  endfacet
  facet normal -0.31455 -0.638042 -0.702823
    outer loop
      vertex 62.6203 -13.8235 0
      vertex 62.87 -13.9466 0
      vertex 62.375 -14.8041 1
    endloop
  endfacet
  facet normal -0.395123 0.591534 -0.702827
    outer loop
      vertex 63.1016 -17.4987 0
      vertex 62.87 -17.6534 0
      vertex 62.375 -16.7959 1
    endloop
  endfacet
  facet normal 0.709819 0.0473213 -0.702792
    outer loop
      vertex 60.65 -15.8 1
      vertex 59.66 -15.8015 0
      vertex 59.6599 -15.8 0
    endloop
  endfacet
  facet normal 0.709853 0.0463461 -0.702824
    outer loop
      vertex 59.66 -15.8015 0
      vertex 60.65 -15.8 1
      vertex 60.6598 -15.9501 1
    endloop
  endfacet
  facet normal -0.627273 0.337762 -0.701745
    outer loop
      vertex 63.7765 -16.6203 0
      vertex 62.8625 -16.2401 1
      vertex 63.7772 -16.619 0
    endloop
  endfacet
  facet normal -0.637902 0.314932 -0.702779
    outer loop
      vertex 62.8625 -16.2401 1
      vertex 63.7765 -16.6203 0
      vertex 62.7959 -16.375 1
    endloop
  endfacet
  facet normal 0.697621 -0.139051 -0.702844
    outer loop
      vertex 59.7325 -15.2476 0
      vertex 60.6892 -15.5024 1
      vertex 60.6598 -15.6499 1
    endloop
  endfacet
  facet normal 0.697516 -0.139503 -0.702859
    outer loop
      vertex 60.6892 -15.5024 1
      vertex 59.7325 -15.2476 0
      vertex 59.7328 -15.2461 0
    endloop
  endfacet
  facet normal 0.534889 0.468986 -0.702813
    outer loop
      vertex 60.9868 -16.6132 1
      vertex 60.2867 -17.3133 0
      vertex 60.1031 -17.1039 0
    endloop
  endfacet
  facet normal -0.31455 0.638042 -0.702823
    outer loop
      vertex 62.87 -17.6534 0
      vertex 62.6203 -17.7765 0
      vertex 62.375 -16.7959 1
    endloop
  endfacet
  facet normal 0.139051 0.697621 -0.702844
    outer loop
      vertex 61.2476 -17.8675 0
      vertex 61.5024 -16.9108 1
      vertex 61.6499 -16.9402 1
    endloop
  endfacet
  facet normal 0.139503 0.697516 -0.702859
    outer loop
      vertex 61.5024 -16.9108 1
      vertex 61.2476 -17.8675 0
      vertex 61.2461 -17.8672 0
    endloop
  endfacet
  facet normal -0.337762 0.627273 -0.701745
    outer loop
      vertex 62.2401 -16.8625 1
      vertex 62.6203 -17.7765 0
      vertex 62.619 -17.7772 0
    endloop
  endfacet
  facet normal -0.314932 0.637902 -0.702779
    outer loop
      vertex 62.6203 -17.7765 0
      vertex 62.2401 -16.8625 1
      vertex 62.375 -16.7959 1
    endloop
  endfacet
  facet normal -0.534889 -0.468986 -0.702813
    outer loop
      vertex 63.3133 -14.2867 0
      vertex 63.4969 -14.4961 0
      vertex 62.6132 -14.9868 1
    endloop
  endfacet
  facet normal -0.638081 0.314443 -0.702836
    outer loop
      vertex 63.7765 -16.6203 0
      vertex 63.6534 -16.8701 0
      vertex 62.7959 -16.375 1
    endloop
  endfacet
  facet normal 0.314443 0.638081 -0.702836
    outer loop
      vertex 61.225 -16.7959 1
      vertex 60.9797 -17.7765 0
      vertex 60.7299 -17.6534 0
    endloop
  endfacet
  facet normal 0.138727 -0.697722 -0.702808
    outer loop
      vertex 61.5207 -13.6782 0
      vertex 61.6499 -14.6598 1
      vertex 61.2476 -13.7325 0
    endloop
  endfacet
  facet normal 0.67361 -0.228624 -0.702837
    outer loop
      vertex 59.8223 -14.9824 0
      vertex 60.6892 -15.5024 1
      vertex 59.7328 -15.2461 0
    endloop
  endfacet
  facet normal -0.709859 0.0465063 -0.702806
    outer loop
      vertex 63.94 -15.8015 0
      vertex 63.9218 -16.0793 0
      vertex 62.9402 -15.9501 1
    endloop
  endfacet
  facet normal -0.709819 0.0473213 -0.702792
    outer loop
      vertex 63.94 -15.8015 0
      vertex 62.95 -15.8 1
      vertex 63.9401 -15.8 0
    endloop
  endfacet
  facet normal -0.709853 0.0463461 -0.702824
    outer loop
      vertex 62.95 -15.8 1
      vertex 63.94 -15.8015 0
      vertex 62.9402 -15.9501 1
    endloop
  endfacet
  facet normal -0.394614 -0.591921 -0.702787
    outer loop
      vertex 62.5001 -14.8876 1
      vertex 63.1016 -14.1013 0
      vertex 63.1028 -14.1021 0
    endloop
  endfacet
  facet normal -0.394934 -0.591692 -0.7028
    outer loop
      vertex 63.1016 -14.1013 0
      vertex 62.5001 -14.8876 1
      vertex 62.375 -14.8041 1
    endloop
  endfacet
  facet normal 0.478839 0.526723 -0.702337
    outer loop
      vertex 60.4961 -17.4969 0
      vertex 61.0999 -16.7124 1
      vertex 60.4972 -17.4979 0
    endloop
  endfacet
  facet normal 0.469088 0.534817 -0.702799
    outer loop
      vertex 61.0999 -16.7124 1
      vertex 60.4961 -17.4969 0
      vertex 60.9868 -16.6132 1
    endloop
  endfacet
  facet normal -0.673733 -0.22836 -0.702806
    outer loop
      vertex 62.8625 -15.3599 1
      vertex 63.7777 -14.9824 0
      vertex 62.9108 -15.5024 1
    endloop
  endfacet
  facet normal -0.669635 -0.239155 -0.703131
    outer loop
      vertex 63.7777 -14.9824 0
      vertex 62.8625 -15.3599 1
      vertex 63.7772 -14.981 0
    endloop
  endfacet
  facet normal 0.394934 -0.591692 -0.7028
    outer loop
      vertex 61.0999 -14.8876 1
      vertex 60.4984 -14.1013 0
      vertex 61.225 -14.8041 1
    endloop
  endfacet
  facet normal 0.394614 -0.591921 -0.702787
    outer loop
      vertex 60.4984 -14.1013 0
      vertex 61.0999 -14.8876 1
      vertex 60.4972 -14.1021 0
    endloop
  endfacet
  facet normal -0.468986 -0.534889 -0.702813
    outer loop
      vertex 63.1039 -14.1031 0
      vertex 63.3133 -14.2867 0
      vertex 62.6132 -14.9868 1
    endloop
  endfacet
  facet normal -0.0473213 -0.709819 -0.702792
    outer loop
      vertex 61.8015 -13.66 0
      vertex 61.8 -14.65 1
      vertex 61.8 -13.6599 0
    endloop
  endfacet
  facet normal -0.0463461 -0.709853 -0.702824
    outer loop
      vertex 61.8 -14.65 1
      vertex 61.8015 -13.66 0
      vertex 61.9501 -14.6598 1
    endloop
  endfacet
  facet normal -0.139503 0.697516 -0.702859
    outer loop
      vertex 62.3524 -17.8675 0
      vertex 62.0976 -16.9108 1
      vertex 62.3539 -17.8672 0
    endloop
  endfacet
  facet normal -0.139051 0.697621 -0.702844
    outer loop
      vertex 62.0976 -16.9108 1
      vertex 62.3524 -17.8675 0
      vertex 61.9501 -16.9402 1
    endloop
  endfacet
  facet normal 0.139051 -0.697621 -0.702844
    outer loop
      vertex 61.5024 -14.6892 1
      vertex 61.2476 -13.7325 0
      vertex 61.6499 -14.6598 1
    endloop
  endfacet
  facet normal 0.139503 -0.697516 -0.702859
    outer loop
      vertex 61.2476 -13.7325 0
      vertex 61.5024 -14.6892 1
      vertex 61.2461 -13.7328 0
    endloop
  endfacet
  facet normal 0.337762 0.627273 -0.701745
    outer loop
      vertex 60.9797 -17.7765 0
      vertex 61.3599 -16.8625 1
      vertex 60.981 -17.7772 0
    endloop
  endfacet
  facet normal 0.314932 0.637902 -0.702779
    outer loop
      vertex 61.3599 -16.8625 1
      vertex 60.9797 -17.7765 0
      vertex 61.225 -16.7959 1
    endloop
  endfacet
  facet normal 0.395232 0.591443 -0.702842
    outer loop
      vertex 61.225 -16.7959 1
      vertex 60.7299 -17.6534 0
      vertex 60.4984 -17.4987 0
    endloop
  endfacet
  facet normal 0.228624 -0.67361 -0.702837
    outer loop
      vertex 61.2461 -13.7328 0
      vertex 61.5024 -14.6892 1
      vertex 60.9824 -13.8223 0
    endloop
  endfacet
  facet normal 0.395232 -0.591443 -0.702842
    outer loop
      vertex 60.7299 -13.9466 0
      vertex 61.225 -14.8041 1
      vertex 60.4984 -14.1013 0
    endloop
  endfacet
  facet normal 0.534889 -0.468986 -0.702813
    outer loop
      vertex 60.2867 -14.2867 0
      vertex 60.9868 -14.9868 1
      vertex 60.1031 -14.4961 0
    endloop
  endfacet
  facet normal 0.709853 -0.0463461 -0.702824
    outer loop
      vertex 60.65 -15.8 1
      vertex 59.66 -15.7985 0
      vertex 60.6598 -15.6499 1
    endloop
  endfacet
  facet normal 0.709819 -0.0473213 -0.702792
    outer loop
      vertex 59.66 -15.7985 0
      vertex 60.65 -15.8 1
      vertex 59.6599 -15.8 0
    endloop
  endfacet
  facet normal 0.534817 -0.469088 -0.702799
    outer loop
      vertex 60.8876 -15.0999 1
      vertex 60.1031 -14.4961 0
      vertex 60.9868 -14.9868 1
    endloop
  endfacet
  facet normal 0.526723 -0.478839 -0.702337
    outer loop
      vertex 60.1031 -14.4961 0
      vertex 60.8876 -15.0999 1
      vertex 60.1021 -14.4972 0
    endloop
  endfacet
  facet normal -0.138727 0.697722 -0.702808
    outer loop
      vertex 62.3524 -17.8675 0
      vertex 62.0793 -17.9218 0
      vertex 61.9501 -16.9402 1
    endloop
  endfacet
  facet normal -0.0465063 0.709859 -0.702806
    outer loop
      vertex 61.9501 -16.9402 1
      vertex 62.0793 -17.9218 0
      vertex 61.8015 -17.94 0
    endloop
  endfacet
  facet normal 0.468986 -0.534889 -0.702813
    outer loop
      vertex 60.4961 -14.1031 0
      vertex 60.9868 -14.9868 1
      vertex 60.2867 -14.2867 0
    endloop
  endfacet
  facet normal 0.314932 -0.637902 -0.702779
    outer loop
      vertex 60.9797 -13.8235 0
      vertex 61.3599 -14.7375 1
      vertex 61.225 -14.8041 1
    endloop
  endfacet
  facet normal 0.337762 -0.627273 -0.701745
    outer loop
      vertex 61.3599 -14.7375 1
      vertex 60.9797 -13.8235 0
      vertex 60.981 -13.8228 0
    endloop
  endfacet
  facet normal 0.22836 0.673733 -0.702806
    outer loop
      vertex 60.9824 -17.7777 0
      vertex 61.3599 -16.8625 1
      vertex 61.5024 -16.9108 1
    endloop
  endfacet
  facet normal 0.239155 0.669635 -0.703131
    outer loop
      vertex 61.3599 -16.8625 1
      vertex 60.9824 -17.7777 0
      vertex 60.981 -17.7772 0
    endloop
  endfacet
  facet normal -0.0463461 0.709853 -0.702824
    outer loop
      vertex 61.8015 -17.94 0
      vertex 61.8 -16.95 1
      vertex 61.9501 -16.9402 1
    endloop
  endfacet
  facet normal -0.0473213 0.709819 -0.702792
    outer loop
      vertex 61.8 -16.95 1
      vertex 61.8015 -17.94 0
      vertex 61.8 -17.9401 0
    endloop
  endfacet
  facet normal 0.591692 -0.394934 -0.7028
    outer loop
      vertex 60.1013 -14.4984 0
      vertex 60.8876 -15.0999 1
      vertex 60.8041 -15.225 1
    endloop
  endfacet
  facet normal 0.591921 -0.394614 -0.702787
    outer loop
      vertex 60.8876 -15.0999 1
      vertex 60.1013 -14.4984 0
      vertex 60.1021 -14.4972 0
    endloop
  endfacet
  facet normal 0.637902 -0.314932 -0.702779
    outer loop
      vertex 60.7375 -15.3599 1
      vertex 59.8235 -14.9797 0
      vertex 60.8041 -15.225 1
    endloop
  endfacet
  facet normal 0.627273 -0.337762 -0.701745
    outer loop
      vertex 59.8235 -14.9797 0
      vertex 60.7375 -15.3599 1
      vertex 59.8228 -14.981 0
    endloop
  endfacet
  facet normal -0.526723 0.478839 -0.702337
    outer loop
      vertex 63.4969 -17.1039 0
      vertex 62.7124 -16.5001 1
      vertex 63.4979 -17.1028 0
    endloop
  endfacet
  facet normal -0.534817 0.469088 -0.702799
    outer loop
      vertex 62.7124 -16.5001 1
      vertex 63.4969 -17.1039 0
      vertex 62.6132 -16.6132 1
    endloop
  endfacet
  facet normal -0.314932 -0.637902 -0.702779
    outer loop
      vertex 62.2401 -14.7375 1
      vertex 62.6203 -13.8235 0
      vertex 62.375 -14.8041 1
    endloop
  endfacet
  facet normal -0.337762 -0.627273 -0.701745
    outer loop
      vertex 62.6203 -13.8235 0
      vertex 62.2401 -14.7375 1
      vertex 62.619 -13.8228 0
    endloop
  endfacet
  facet normal -0.526723 -0.478839 -0.702337
    outer loop
      vertex 62.7124 -15.0999 1
      vertex 63.4969 -14.4961 0
      vertex 63.4979 -14.4972 0
    endloop
  endfacet
  facet normal -0.534817 -0.469088 -0.702799
    outer loop
      vertex 63.4969 -14.4961 0
      vertex 62.7124 -15.0999 1
      vertex 62.6132 -14.9868 1
    endloop
  endfacet
  facet normal 0.469088 -0.534817 -0.702799
    outer loop
      vertex 60.4961 -14.1031 0
      vertex 61.0999 -14.8876 1
      vertex 60.9868 -14.9868 1
    endloop
  endfacet
  facet normal 0.478839 -0.526723 -0.702337
    outer loop
      vertex 61.0999 -14.8876 1
      vertex 60.4961 -14.1031 0
      vertex 60.4972 -14.1021 0
    endloop
  endfacet
  facet normal -0.239155 -0.669635 -0.703131
    outer loop
      vertex 62.2401 -14.7375 1
      vertex 62.6176 -13.8223 0
      vertex 62.619 -13.8228 0
    endloop
  endfacet
  facet normal -0.22836 -0.673733 -0.702806
    outer loop
      vertex 62.6176 -13.8223 0
      vertex 62.2401 -14.7375 1
      vertex 62.0976 -14.6892 1
    endloop
  endfacet
  facet normal 0.0473213 0.709819 -0.702792
    outer loop
      vertex 61.7985 -17.94 0
      vertex 61.8 -16.95 1
      vertex 61.8 -17.9401 0
    endloop
  endfacet
  facet normal 0.0463461 0.709853 -0.702824
    outer loop
      vertex 61.8 -16.95 1
      vertex 61.7985 -17.94 0
      vertex 61.6499 -16.9402 1
    endloop
  endfacet
  facet normal 0.0465063 0.709859 -0.702806
    outer loop
      vertex 61.6499 -16.9402 1
      vertex 61.7985 -17.94 0
      vertex 61.5207 -17.9218 0
    endloop
  endfacet
  facet normal 0.138727 0.697722 -0.702808
    outer loop
      vertex 61.6499 -16.9402 1
      vertex 61.5207 -17.9218 0
      vertex 61.2476 -17.8675 0
    endloop
  endfacet
  facet normal 0.673733 -0.22836 -0.702806
    outer loop
      vertex 59.8223 -14.9824 0
      vertex 60.7375 -15.3599 1
      vertex 60.6892 -15.5024 1
    endloop
  endfacet
  facet normal 0.669635 -0.239155 -0.703131
    outer loop
      vertex 60.7375 -15.3599 1
      vertex 59.8223 -14.9824 0
      vertex 59.8228 -14.981 0
    endloop
  endfacet
  facet normal -0.980708 -0.195477 0
    outer loop
      vertex 62.9402 15.9501 1
      vertex 62.9108 16.0976 2
      vertex 62.9108 16.0976 1
    endloop
  endfacet
  facet normal -0.980708 -0.195477 0
    outer loop
      vertex 62.9108 16.0976 2
      vertex 62.9402 15.9501 1
      vertex 62.9402 15.9501 2
    endloop
  endfacet
  facet normal -0.997875 -0.0651511 0
    outer loop
      vertex 62.95 15.8 1
      vertex 62.9402 15.9501 2
      vertex 62.9402 15.9501 1
    endloop
  endfacet
  facet normal -0.997875 -0.0651511 0
    outer loop
      vertex 62.9402 15.9501 2
      vertex 62.95 15.8 1
      vertex 62.95 15.8 2
    endloop
  endfacet
  facet normal 0.442688 -0.896676 0
    outer loop
      vertex 61.225 16.7959 1
      vertex 61.3599 16.8625 2
      vertex 61.225 16.7959 2
    endloop
  endfacet
  facet normal 0.442688 -0.896676 0
    outer loop
      vertex 61.3599 16.8625 2
      vertex 61.225 16.7959 1
      vertex 61.3599 16.8625 1
    endloop
  endfacet
  facet normal 0.751794 0.659398 0
    outer loop
      vertex 60.9868 14.9868 2
      vertex 60.8876 15.0999 1
      vertex 60.8876 15.0999 2
    endloop
  endfacet
  facet normal 0.751794 0.659398 0
    outer loop
      vertex 60.8876 15.0999 1
      vertex 60.9868 14.9868 2
      vertex 60.9868 14.9868 1
    endloop
  endfacet
  facet normal -0.659398 -0.751794 0
    outer loop
      vertex 62.5001 16.7124 1
      vertex 62.6132 16.6132 2
      vertex 62.5001 16.7124 2
    endloop
  endfacet
  facet normal -0.659398 -0.751794 -0
    outer loop
      vertex 62.6132 16.6132 2
      vertex 62.5001 16.7124 1
      vertex 62.6132 16.6132 1
    endloop
  endfacet
  facet normal 0.195477 0.980708 -0
    outer loop
      vertex 61.6499 14.6598 1
      vertex 61.5024 14.6892 2
      vertex 61.6499 14.6598 2
    endloop
  endfacet
  facet normal 0.195477 0.980708 0
    outer loop
      vertex 61.5024 14.6892 2
      vertex 61.6499 14.6598 1
      vertex 61.5024 14.6892 1
    endloop
  endfacet
  facet normal -0.442688 0.896676 0
    outer loop
      vertex 62.375 14.8041 1
      vertex 62.2401 14.7375 2
      vertex 62.375 14.8041 2
    endloop
  endfacet
  facet normal -0.442688 0.896676 0
    outer loop
      vertex 62.2401 14.7375 2
      vertex 62.375 14.8041 1
      vertex 62.2401 14.7375 1
    endloop
  endfacet
  facet normal -0.195477 0.980708 0
    outer loop
      vertex 62.0976 14.6892 1
      vertex 61.9501 14.6598 2
      vertex 62.0976 14.6892 2
    endloop
  endfacet
  facet normal -0.195477 0.980708 0
    outer loop
      vertex 61.9501 14.6598 2
      vertex 62.0976 14.6892 1
      vertex 61.9501 14.6598 1
    endloop
  endfacet
  facet normal -0.997875 0.0651511 0
    outer loop
      vertex 62.9402 15.6499 1
      vertex 62.95 15.8 2
      vertex 62.95 15.8 1
    endloop
  endfacet
  facet normal -0.997875 0.0651511 0
    outer loop
      vertex 62.95 15.8 2
      vertex 62.9402 15.6499 1
      vertex 62.9402 15.6499 2
    endloop
  endfacet
  facet normal 0.997875 -0.0651511 0
    outer loop
      vertex 60.65 15.8 2
      vertex 60.6598 15.9501 1
      vertex 60.6598 15.9501 2
    endloop
  endfacet
  facet normal 0.997875 -0.0651511 0
    outer loop
      vertex 60.6598 15.9501 1
      vertex 60.65 15.8 2
      vertex 60.65 15.8 1
    endloop
  endfacet
  facet normal -0.831743 -0.55516 0
    outer loop
      vertex 62.7959 16.375 1
      vertex 62.7124 16.5001 2
      vertex 62.7124 16.5001 1
    endloop
  endfacet
  facet normal -0.831743 -0.55516 0
    outer loop
      vertex 62.7124 16.5001 2
      vertex 62.7959 16.375 1
      vertex 62.7959 16.375 2
    endloop
  endfacet
  facet normal -0.896676 -0.442688 0
    outer loop
      vertex 62.8625 16.2401 1
      vertex 62.7959 16.375 2
      vertex 62.7959 16.375 1
    endloop
  endfacet
  facet normal -0.896676 -0.442688 0
    outer loop
      vertex 62.7959 16.375 2
      vertex 62.8625 16.2401 1
      vertex 62.8625 16.2401 2
    endloop
  endfacet
  facet normal 0.947076 0.321009 0
    outer loop
      vertex 60.7375 15.3599 2
      vertex 60.6892 15.5024 1
      vertex 60.6892 15.5024 2
    endloop
  endfacet
  facet normal 0.947076 0.321009 0
    outer loop
      vertex 60.6892 15.5024 1
      vertex 60.7375 15.3599 2
      vertex 60.7375 15.3599 1
    endloop
  endfacet
  facet normal 0.442688 0.896676 -0
    outer loop
      vertex 61.3599 14.7375 1
      vertex 61.225 14.8041 2
      vertex 61.3599 14.7375 2
    endloop
  endfacet
  facet normal 0.442688 0.896676 0
    outer loop
      vertex 61.225 14.8041 2
      vertex 61.3599 14.7375 1
      vertex 61.225 14.8041 1
    endloop
  endfacet
  facet normal -0.751794 0.659398 0
    outer loop
      vertex 62.6132 14.9868 1
      vertex 62.7124 15.0999 2
      vertex 62.7124 15.0999 1
    endloop
  endfacet
  facet normal -0.751794 0.659398 0
    outer loop
      vertex 62.7124 15.0999 2
      vertex 62.6132 14.9868 1
      vertex 62.6132 14.9868 2
    endloop
  endfacet
  facet normal 0.0651511 -0.997875 0
    outer loop
      vertex 61.6499 16.9402 1
      vertex 61.8 16.95 2
      vertex 61.6499 16.9402 2
    endloop
  endfacet
  facet normal 0.0651511 -0.997875 0
    outer loop
      vertex 61.8 16.95 2
      vertex 61.6499 16.9402 1
      vertex 61.8 16.95 1
    endloop
  endfacet
  facet normal -0.980708 0.195477 0
    outer loop
      vertex 62.9108 15.5024 1
      vertex 62.9402 15.6499 2
      vertex 62.9402 15.6499 1
    endloop
  endfacet
  facet normal -0.980708 0.195477 0
    outer loop
      vertex 62.9402 15.6499 2
      vertex 62.9108 15.5024 1
      vertex 62.9108 15.5024 2
    endloop
  endfacet
  facet normal 0.896676 0.442688 0
    outer loop
      vertex 60.8041 15.225 2
      vertex 60.7375 15.3599 1
      vertex 60.7375 15.3599 2
    endloop
  endfacet
  facet normal 0.896676 0.442688 0
    outer loop
      vertex 60.7375 15.3599 1
      vertex 60.8041 15.225 2
      vertex 60.8041 15.225 1
    endloop
  endfacet
  facet normal 0.831743 -0.55516 0
    outer loop
      vertex 60.8041 16.375 2
      vertex 60.8876 16.5001 1
      vertex 60.8876 16.5001 2
    endloop
  endfacet
  facet normal 0.831743 -0.55516 0
    outer loop
      vertex 60.8876 16.5001 1
      vertex 60.8041 16.375 2
      vertex 60.8041 16.375 1
    endloop
  endfacet
  facet normal 0.659398 -0.751794 0
    outer loop
      vertex 60.9868 16.6132 1
      vertex 61.0999 16.7124 2
      vertex 60.9868 16.6132 2
    endloop
  endfacet
  facet normal 0.659398 -0.751794 0
    outer loop
      vertex 61.0999 16.7124 2
      vertex 60.9868 16.6132 1
      vertex 61.0999 16.7124 1
    endloop
  endfacet
  facet normal 0.55516 -0.831743 0
    outer loop
      vertex 61.0999 16.7124 1
      vertex 61.225 16.7959 2
      vertex 61.0999 16.7124 2
    endloop
  endfacet
  facet normal 0.55516 -0.831743 0
    outer loop
      vertex 61.225 16.7959 2
      vertex 61.0999 16.7124 1
      vertex 61.225 16.7959 1
    endloop
  endfacet
  facet normal 0.321009 -0.947076 0
    outer loop
      vertex 61.3599 16.8625 1
      vertex 61.5024 16.9108 2
      vertex 61.3599 16.8625 2
    endloop
  endfacet
  facet normal 0.321009 -0.947076 0
    outer loop
      vertex 61.5024 16.9108 2
      vertex 61.3599 16.8625 1
      vertex 61.5024 16.9108 1
    endloop
  endfacet
  facet normal 0.659398 0.751794 -0
    outer loop
      vertex 61.0999 14.8876 1
      vertex 60.9868 14.9868 2
      vertex 61.0999 14.8876 2
    endloop
  endfacet
  facet normal 0.659398 0.751794 0
    outer loop
      vertex 60.9868 14.9868 2
      vertex 61.0999 14.8876 1
      vertex 60.9868 14.9868 1
    endloop
  endfacet
  facet normal -0.659398 0.751794 0
    outer loop
      vertex 62.6132 14.9868 1
      vertex 62.5001 14.8876 2
      vertex 62.6132 14.9868 2
    endloop
  endfacet
  facet normal -0.659398 0.751794 0
    outer loop
      vertex 62.5001 14.8876 2
      vertex 62.6132 14.9868 1
      vertex 62.5001 14.8876 1
    endloop
  endfacet
  facet normal -0.0651511 0.997875 0
    outer loop
      vertex 61.9501 14.6598 1
      vertex 61.8 14.65 2
      vertex 61.9501 14.6598 2
    endloop
  endfacet
  facet normal -0.0651511 0.997875 0
    outer loop
      vertex 61.8 14.65 2
      vertex 61.9501 14.6598 1
      vertex 61.8 14.65 1
    endloop
  endfacet
  facet normal -0.55516 -0.831743 0
    outer loop
      vertex 62.375 16.7959 1
      vertex 62.5001 16.7124 2
      vertex 62.375 16.7959 2
    endloop
  endfacet
  facet normal -0.55516 -0.831743 -0
    outer loop
      vertex 62.5001 16.7124 2
      vertex 62.375 16.7959 1
      vertex 62.5001 16.7124 1
    endloop
  endfacet
  facet normal -0.55516 0.831743 0
    outer loop
      vertex 62.5001 14.8876 1
      vertex 62.375 14.8041 2
      vertex 62.5001 14.8876 2
    endloop
  endfacet
  facet normal -0.55516 0.831743 0
    outer loop
      vertex 62.375 14.8041 2
      vertex 62.5001 14.8876 1
      vertex 62.375 14.8041 1
    endloop
  endfacet
  facet normal -0.321009 0.947076 0
    outer loop
      vertex 62.2401 14.7375 1
      vertex 62.0976 14.6892 2
      vertex 62.2401 14.7375 2
    endloop
  endfacet
  facet normal -0.321009 0.947076 0
    outer loop
      vertex 62.0976 14.6892 2
      vertex 62.2401 14.7375 1
      vertex 62.0976 14.6892 1
    endloop
  endfacet
  facet normal 0.195477 -0.980708 0
    outer loop
      vertex 61.5024 16.9108 1
      vertex 61.6499 16.9402 2
      vertex 61.5024 16.9108 2
    endloop
  endfacet
  facet normal 0.195477 -0.980708 0
    outer loop
      vertex 61.6499 16.9402 2
      vertex 61.5024 16.9108 1
      vertex 61.6499 16.9402 1
    endloop
  endfacet
  facet normal -0.442688 -0.896676 0
    outer loop
      vertex 62.2401 16.8625 1
      vertex 62.375 16.7959 2
      vertex 62.2401 16.8625 2
    endloop
  endfacet
  facet normal -0.442688 -0.896676 -0
    outer loop
      vertex 62.375 16.7959 2
      vertex 62.2401 16.8625 1
      vertex 62.375 16.7959 1
    endloop
  endfacet
  facet normal 0.980708 0.195477 0
    outer loop
      vertex 60.6892 15.5024 2
      vertex 60.6598 15.6499 1
      vertex 60.6598 15.6499 2
    endloop
  endfacet
  facet normal 0.980708 0.195477 0
    outer loop
      vertex 60.6598 15.6499 1
      vertex 60.6892 15.5024 2
      vertex 60.6892 15.5024 1
    endloop
  endfacet
  facet normal 0.947076 -0.321009 0
    outer loop
      vertex 60.6892 16.0976 2
      vertex 60.7375 16.2401 1
      vertex 60.7375 16.2401 2
    endloop
  endfacet
  facet normal 0.947076 -0.321009 0
    outer loop
      vertex 60.7375 16.2401 1
      vertex 60.6892 16.0976 2
      vertex 60.6892 16.0976 1
    endloop
  endfacet
  facet normal -0.321009 -0.947076 0
    outer loop
      vertex 62.0976 16.9108 1
      vertex 62.2401 16.8625 2
      vertex 62.0976 16.9108 2
    endloop
  endfacet
  facet normal -0.321009 -0.947076 -0
    outer loop
      vertex 62.2401 16.8625 2
      vertex 62.0976 16.9108 1
      vertex 62.2401 16.8625 1
    endloop
  endfacet
  facet normal 0.896676 -0.442688 0
    outer loop
      vertex 60.7375 16.2401 2
      vertex 60.8041 16.375 1
      vertex 60.8041 16.375 2
    endloop
  endfacet
  facet normal 0.896676 -0.442688 0
    outer loop
      vertex 60.8041 16.375 1
      vertex 60.7375 16.2401 2
      vertex 60.7375 16.2401 1
    endloop
  endfacet
  facet normal -0.831743 0.55516 0
    outer loop
      vertex 62.7124 15.0999 1
      vertex 62.7959 15.225 2
      vertex 62.7959 15.225 1
    endloop
  endfacet
  facet normal -0.831743 0.55516 0
    outer loop
      vertex 62.7959 15.225 2
      vertex 62.7124 15.0999 1
      vertex 62.7124 15.0999 2
    endloop
  endfacet
  facet normal -0.947076 0.321009 0
    outer loop
      vertex 62.8625 15.3599 1
      vertex 62.9108 15.5024 2
      vertex 62.9108 15.5024 1
    endloop
  endfacet
  facet normal -0.947076 0.321009 0
    outer loop
      vertex 62.9108 15.5024 2
      vertex 62.8625 15.3599 1
      vertex 62.8625 15.3599 2
    endloop
  endfacet
  facet normal -0.195477 -0.980708 0
    outer loop
      vertex 61.9501 16.9402 1
      vertex 62.0976 16.9108 2
      vertex 61.9501 16.9402 2
    endloop
  endfacet
  facet normal -0.195477 -0.980708 -0
    outer loop
      vertex 62.0976 16.9108 2
      vertex 61.9501 16.9402 1
      vertex 62.0976 16.9108 1
    endloop
  endfacet
  facet normal 0.997875 0.0651511 0
    outer loop
      vertex 60.6598 15.6499 2
      vertex 60.65 15.8 1
      vertex 60.65 15.8 2
    endloop
  endfacet
  facet normal 0.997875 0.0651511 0
    outer loop
      vertex 60.65 15.8 1
      vertex 60.6598 15.6499 2
      vertex 60.6598 15.6499 1
    endloop
  endfacet
  facet normal 0.751794 -0.659398 0
    outer loop
      vertex 60.8876 16.5001 2
      vertex 60.9868 16.6132 1
      vertex 60.9868 16.6132 2
    endloop
  endfacet
  facet normal 0.751794 -0.659398 0
    outer loop
      vertex 60.9868 16.6132 1
      vertex 60.8876 16.5001 2
      vertex 60.8876 16.5001 1
    endloop
  endfacet
  facet normal -0.751794 -0.659398 0
    outer loop
      vertex 62.7124 16.5001 1
      vertex 62.6132 16.6132 2
      vertex 62.6132 16.6132 1
    endloop
  endfacet
  facet normal -0.751794 -0.659398 0
    outer loop
      vertex 62.6132 16.6132 2
      vertex 62.7124 16.5001 1
      vertex 62.7124 16.5001 2
    endloop
  endfacet
  facet normal -0.947076 -0.321009 0
    outer loop
      vertex 62.9108 16.0976 1
      vertex 62.8625 16.2401 2
      vertex 62.8625 16.2401 1
    endloop
  endfacet
  facet normal -0.947076 -0.321009 0
    outer loop
      vertex 62.8625 16.2401 2
      vertex 62.9108 16.0976 1
      vertex 62.9108 16.0976 2
    endloop
  endfacet
  facet normal 0.831743 0.55516 0
    outer loop
      vertex 60.8876 15.0999 2
      vertex 60.8041 15.225 1
      vertex 60.8041 15.225 2
    endloop
  endfacet
  facet normal 0.831743 0.55516 0
    outer loop
      vertex 60.8041 15.225 1
      vertex 60.8876 15.0999 2
      vertex 60.8876 15.0999 1
    endloop
  endfacet
  facet normal 0.0651511 0.997875 -0
    outer loop
      vertex 61.8 14.65 1
      vertex 61.6499 14.6598 2
      vertex 61.8 14.65 2
    endloop
  endfacet
  facet normal 0.0651511 0.997875 0
    outer loop
      vertex 61.6499 14.6598 2
      vertex 61.8 14.65 1
      vertex 61.6499 14.6598 1
    endloop
  endfacet
  facet normal -0.0651511 -0.997875 0
    outer loop
      vertex 61.8 16.95 1
      vertex 61.9501 16.9402 2
      vertex 61.8 16.95 2
    endloop
  endfacet
  facet normal -0.0651511 -0.997875 -0
    outer loop
      vertex 61.9501 16.9402 2
      vertex 61.8 16.95 1
      vertex 61.9501 16.9402 1
    endloop
  endfacet
  facet normal 0.321009 0.947076 -0
    outer loop
      vertex 61.5024 14.6892 1
      vertex 61.3599 14.7375 2
      vertex 61.5024 14.6892 2
    endloop
  endfacet
  facet normal 0.321009 0.947076 0
    outer loop
      vertex 61.3599 14.7375 2
      vertex 61.5024 14.6892 1
      vertex 61.3599 14.7375 1
    endloop
  endfacet
  facet normal 0.980708 -0.195477 0
    outer loop
      vertex 60.6598 15.9501 2
      vertex 60.6892 16.0976 1
      vertex 60.6892 16.0976 2
    endloop
  endfacet
  facet normal 0.980708 -0.195477 0
    outer loop
      vertex 60.6892 16.0976 1
      vertex 60.6598 15.9501 2
      vertex 60.6598 15.9501 1
    endloop
  endfacet
  facet normal -0.896676 0.442688 0
    outer loop
      vertex 62.7959 15.225 1
      vertex 62.8625 15.3599 2
      vertex 62.8625 15.3599 1
    endloop
  endfacet
  facet normal -0.896676 0.442688 0
    outer loop
      vertex 62.8625 15.3599 2
      vertex 62.7959 15.225 1
      vertex 62.7959 15.225 2
    endloop
  endfacet
  facet normal 0.55516 0.831743 -0
    outer loop
      vertex 61.225 14.8041 1
      vertex 61.0999 14.8876 2
      vertex 61.225 14.8041 2
    endloop
  endfacet
  facet normal 0.55516 0.831743 0
    outer loop
      vertex 61.0999 14.8876 2
      vertex 61.225 14.8041 1
      vertex 61.0999 14.8876 1
    endloop
  endfacet
  facet normal 0.638081 -0.314443 -0.702836
    outer loop
      vertex 59.9466 16.8701 0
      vertex 60.8041 16.375 1
      vertex 59.8235 16.6203 0
    endloop
  endfacet
  facet normal 0.228624 0.67361 -0.702837
    outer loop
      vertex 61.5024 14.6892 1
      vertex 61.2461 13.7328 0
      vertex 60.9824 13.8223 0
    endloop
  endfacet
  facet normal -0.709819 -0.0473213 -0.702792
    outer loop
      vertex 62.95 15.8 1
      vertex 63.94 15.8015 0
      vertex 63.9401 15.8 0
    endloop
  endfacet
  facet normal -0.709853 -0.0463461 -0.702824
    outer loop
      vertex 63.94 15.8015 0
      vertex 62.95 15.8 1
      vertex 62.9402 15.9501 1
    endloop
  endfacet
  facet normal -0.709859 -0.0465063 -0.702806
    outer loop
      vertex 63.9218 16.0793 0
      vertex 63.94 15.8015 0
      vertex 62.9402 15.9501 1
    endloop
  endfacet
  facet normal -0.669635 0.239155 -0.703131
    outer loop
      vertex 62.8625 15.3599 1
      vertex 63.7777 14.9824 0
      vertex 63.7772 14.981 0
    endloop
  endfacet
  facet normal -0.673733 0.22836 -0.702806
    outer loop
      vertex 63.7777 14.9824 0
      vertex 62.8625 15.3599 1
      vertex 62.9108 15.5024 1
    endloop
  endfacet
  facet normal -0.469088 -0.534817 -0.702799
    outer loop
      vertex 62.5001 16.7124 1
      vertex 63.1039 17.4969 0
      vertex 62.6132 16.6132 1
    endloop
  endfacet
  facet normal -0.478839 -0.526723 -0.702337
    outer loop
      vertex 63.1039 17.4969 0
      vertex 62.5001 16.7124 1
      vertex 63.1028 17.4979 0
    endloop
  endfacet
  facet normal -0.697722 0.138727 -0.702808
    outer loop
      vertex 63.9218 15.5207 0
      vertex 63.8675 15.2476 0
      vertex 62.9402 15.6499 1
    endloop
  endfacet
  facet normal -0.67361 0.228624 -0.702837
    outer loop
      vertex 63.8672 15.2461 0
      vertex 63.7777 14.9824 0
      vertex 62.9108 15.5024 1
    endloop
  endfacet
  facet normal 0.0465063 -0.709859 -0.702806
    outer loop
      vertex 61.7985 17.94 0
      vertex 61.6499 16.9402 1
      vertex 61.5207 17.9218 0
    endloop
  endfacet
  facet normal 0.534817 0.469088 -0.702799
    outer loop
      vertex 60.1031 14.4961 0
      vertex 60.8876 15.0999 1
      vertex 60.9868 14.9868 1
    endloop
  endfacet
  facet normal 0.526723 0.478839 -0.702337
    outer loop
      vertex 60.8876 15.0999 1
      vertex 60.1031 14.4961 0
      vertex 60.1021 14.4972 0
    endloop
  endfacet
  facet normal -0.239155 0.669635 -0.703131
    outer loop
      vertex 62.6176 13.8223 0
      vertex 62.2401 14.7375 1
      vertex 62.619 13.8228 0
    endloop
  endfacet
  facet normal -0.22836 0.673733 -0.702806
    outer loop
      vertex 62.2401 14.7375 1
      vertex 62.6176 13.8223 0
      vertex 62.0976 14.6892 1
    endloop
  endfacet
  facet normal 0.67361 0.228624 -0.702837
    outer loop
      vertex 60.6892 15.5024 1
      vertex 59.8223 14.9824 0
      vertex 59.7328 15.2461 0
    endloop
  endfacet
  facet normal 0.591443 -0.395232 -0.702842
    outer loop
      vertex 60.1013 17.1016 0
      vertex 60.8041 16.375 1
      vertex 59.9466 16.8701 0
    endloop
  endfacet
  facet normal 0.697722 0.138727 -0.702808
    outer loop
      vertex 60.6598 15.6499 1
      vertex 59.7325 15.2476 0
      vertex 59.6782 15.5207 0
    endloop
  endfacet
  facet normal -0.638081 -0.314443 -0.702836
    outer loop
      vertex 63.6534 16.8701 0
      vertex 63.7765 16.6203 0
      vertex 62.7959 16.375 1
    endloop
  endfacet
  facet normal -0.468986 0.534889 -0.702813
    outer loop
      vertex 63.3133 14.2867 0
      vertex 63.1039 14.1031 0
      vertex 62.6132 14.9868 1
    endloop
  endfacet
  facet normal 0.591443 0.395232 -0.702842
    outer loop
      vertex 60.8041 15.225 1
      vertex 60.1013 14.4984 0
      vertex 59.9466 14.7299 0
    endloop
  endfacet
  facet normal -0.697516 0.139503 -0.702859
    outer loop
      vertex 62.9108 15.5024 1
      vertex 63.8675 15.2476 0
      vertex 63.8672 15.2461 0
    endloop
  endfacet
  facet normal -0.697621 0.139051 -0.702844
    outer loop
      vertex 63.8675 15.2476 0
      vertex 62.9108 15.5024 1
      vertex 62.9402 15.6499 1
    endloop
  endfacet
  facet normal -0.139503 -0.697516 -0.702859
    outer loop
      vertex 62.0976 16.9108 1
      vertex 62.3524 17.8675 0
      vertex 62.3539 17.8672 0
    endloop
  endfacet
  facet normal -0.139051 -0.697621 -0.702844
    outer loop
      vertex 62.3524 17.8675 0
      vertex 62.0976 16.9108 1
      vertex 61.9501 16.9402 1
    endloop
  endfacet
  facet normal -0.395123 -0.591534 -0.702827
    outer loop
      vertex 62.87 17.6534 0
      vertex 63.1016 17.4987 0
      vertex 62.375 16.7959 1
    endloop
  endfacet
  facet normal 0.638081 0.314443 -0.702836
    outer loop
      vertex 60.8041 15.225 1
      vertex 59.9466 14.7299 0
      vertex 59.8235 14.9797 0
    endloop
  endfacet
  facet normal 0.669635 0.239155 -0.703131
    outer loop
      vertex 59.8223 14.9824 0
      vertex 60.7375 15.3599 1
      vertex 59.8228 14.981 0
    endloop
  endfacet
  facet normal 0.673733 0.22836 -0.702806
    outer loop
      vertex 60.7375 15.3599 1
      vertex 59.8223 14.9824 0
      vertex 60.6892 15.5024 1
    endloop
  endfacet
  facet normal -0.394614 0.591921 -0.702787
    outer loop
      vertex 63.1016 14.1013 0
      vertex 62.5001 14.8876 1
      vertex 63.1028 14.1021 0
    endloop
  endfacet
  facet normal -0.394934 0.591692 -0.7028
    outer loop
      vertex 62.5001 14.8876 1
      vertex 63.1016 14.1013 0
      vertex 62.375 14.8041 1
    endloop
  endfacet
  facet normal 0.314443 -0.638081 -0.702836
    outer loop
      vertex 60.9797 17.7765 0
      vertex 61.225 16.7959 1
      vertex 60.7299 17.6534 0
    endloop
  endfacet
  facet normal -0.478839 0.526723 -0.702337
    outer loop
      vertex 62.5001 14.8876 1
      vertex 63.1039 14.1031 0
      vertex 63.1028 14.1021 0
    endloop
  endfacet
  facet normal -0.469088 0.534817 -0.702799
    outer loop
      vertex 63.1039 14.1031 0
      vertex 62.5001 14.8876 1
      vertex 62.6132 14.9868 1
    endloop
  endfacet
  facet normal -0.591921 0.394614 -0.702787
    outer loop
      vertex 62.7124 15.0999 1
      vertex 63.4987 14.4984 0
      vertex 63.4979 14.4972 0
    endloop
  endfacet
  facet normal -0.591692 0.394934 -0.7028
    outer loop
      vertex 63.4987 14.4984 0
      vertex 62.7124 15.0999 1
      vertex 62.7959 15.225 1
    endloop
  endfacet
  facet normal -0.0465063 -0.709859 -0.702806
    outer loop
      vertex 62.0793 17.9218 0
      vertex 61.9501 16.9402 1
      vertex 61.8015 17.94 0
    endloop
  endfacet
  facet normal -0.697621 -0.139051 -0.702844
    outer loop
      vertex 62.9108 16.0976 1
      vertex 63.8675 16.3524 0
      vertex 62.9402 15.9501 1
    endloop
  endfacet
  facet normal -0.697516 -0.139503 -0.702859
    outer loop
      vertex 63.8675 16.3524 0
      vertex 62.9108 16.0976 1
      vertex 63.8672 16.3539 0
    endloop
  endfacet
  facet normal 0.709859 0.0465063 -0.702806
    outer loop
      vertex 60.6598 15.6499 1
      vertex 59.6782 15.5207 0
      vertex 59.66 15.7985 0
    endloop
  endfacet
  facet normal 0.697516 0.139503 -0.702859
    outer loop
      vertex 59.7325 15.2476 0
      vertex 60.6892 15.5024 1
      vertex 59.7328 15.2461 0
    endloop
  endfacet
  facet normal 0.697621 0.139051 -0.702844
    outer loop
      vertex 60.6892 15.5024 1
      vertex 59.7325 15.2476 0
      vertex 60.6598 15.6499 1
    endloop
  endfacet
  facet normal -0.627273 -0.337762 -0.701745
    outer loop
      vertex 62.8625 16.2401 1
      vertex 63.7765 16.6203 0
      vertex 63.7772 16.619 0
    endloop
  endfacet
  facet normal -0.637902 -0.314932 -0.702779
    outer loop
      vertex 63.7765 16.6203 0
      vertex 62.8625 16.2401 1
      vertex 62.7959 16.375 1
    endloop
  endfacet
  facet normal 0.697722 -0.138727 -0.702808
    outer loop
      vertex 59.7325 16.3524 0
      vertex 60.6598 15.9501 1
      vertex 59.6782 16.0793 0
    endloop
  endfacet
  facet normal -0.228624 -0.67361 -0.702837
    outer loop
      vertex 62.3539 17.8672 0
      vertex 62.6176 17.7777 0
      vertex 62.0976 16.9108 1
    endloop
  endfacet
  facet normal 0.468986 0.534889 -0.702813
    outer loop
      vertex 60.9868 14.9868 1
      vertex 60.4961 14.1031 0
      vertex 60.2867 14.2867 0
    endloop
  endfacet
  facet normal 0.709859 -0.0465063 -0.702806
    outer loop
      vertex 59.6782 16.0793 0
      vertex 60.6598 15.9501 1
      vertex 59.66 15.8015 0
    endloop
  endfacet
  facet normal -0.534889 0.468986 -0.702813
    outer loop
      vertex 63.4969 14.4961 0
      vertex 63.3133 14.2867 0
      vertex 62.6132 14.9868 1
    endloop
  endfacet
  facet normal -0.138727 -0.697722 -0.702808
    outer loop
      vertex 62.0793 17.9218 0
      vertex 62.3524 17.8675 0
      vertex 61.9501 16.9402 1
    endloop
  endfacet
  facet normal 0.591921 0.394614 -0.702787
    outer loop
      vertex 60.1013 14.4984 0
      vertex 60.8876 15.0999 1
      vertex 60.1021 14.4972 0
    endloop
  endfacet
  facet normal 0.591692 0.394934 -0.7028
    outer loop
      vertex 60.8876 15.0999 1
      vertex 60.1013 14.4984 0
      vertex 60.8041 15.225 1
    endloop
  endfacet
  facet normal 0.637902 0.314932 -0.702779
    outer loop
      vertex 59.8235 14.9797 0
      vertex 60.7375 15.3599 1
      vertex 60.8041 15.225 1
    endloop
  endfacet
  facet normal 0.627273 0.337762 -0.701745
    outer loop
      vertex 60.7375 15.3599 1
      vertex 59.8235 14.9797 0
      vertex 59.8228 14.981 0
    endloop
  endfacet
  facet normal 0.0463461 -0.709853 -0.702824
    outer loop
      vertex 61.7985 17.94 0
      vertex 61.8 16.95 1
      vertex 61.6499 16.9402 1
    endloop
  endfacet
  facet normal 0.0473213 -0.709819 -0.702792
    outer loop
      vertex 61.8 16.95 1
      vertex 61.7985 17.94 0
      vertex 61.8 17.9401 0
    endloop
  endfacet
  facet normal -0.591443 -0.395232 -0.702842
    outer loop
      vertex 63.4987 17.1016 0
      vertex 63.6534 16.8701 0
      vertex 62.7959 16.375 1
    endloop
  endfacet
  facet normal -0.228624 0.67361 -0.702837
    outer loop
      vertex 62.6176 13.8223 0
      vertex 62.3539 13.7328 0
      vertex 62.0976 14.6892 1
    endloop
  endfacet
  facet normal -0.591692 -0.394934 -0.7028
    outer loop
      vertex 62.7124 16.5001 1
      vertex 63.4987 17.1016 0
      vertex 62.7959 16.375 1
    endloop
  endfacet
  facet normal -0.591921 -0.394614 -0.702787
    outer loop
      vertex 63.4987 17.1016 0
      vertex 62.7124 16.5001 1
      vertex 63.4979 17.1028 0
    endloop
  endfacet
  facet normal -0.67361 -0.228624 -0.702837
    outer loop
      vertex 63.7777 16.6176 0
      vertex 63.8672 16.3539 0
      vertex 62.9108 16.0976 1
    endloop
  endfacet
  facet normal -0.697722 -0.138727 -0.702808
    outer loop
      vertex 63.8675 16.3524 0
      vertex 63.9218 16.0793 0
      vertex 62.9402 15.9501 1
    endloop
  endfacet
  facet normal 0.394934 0.591692 -0.7028
    outer loop
      vertex 60.4984 14.1013 0
      vertex 61.0999 14.8876 1
      vertex 61.225 14.8041 1
    endloop
  endfacet
  facet normal 0.394614 0.591921 -0.702787
    outer loop
      vertex 61.0999 14.8876 1
      vertex 60.4984 14.1013 0
      vertex 60.4972 14.1021 0
    endloop
  endfacet
  facet normal -0.591443 0.395232 -0.702842
    outer loop
      vertex 63.6534 14.7299 0
      vertex 63.4987 14.4984 0
      vertex 62.7959 15.225 1
    endloop
  endfacet
  facet normal 0.22836 -0.673733 -0.702806
    outer loop
      vertex 61.3599 16.8625 1
      vertex 60.9824 17.7777 0
      vertex 61.5024 16.9108 1
    endloop
  endfacet
  facet normal 0.239155 -0.669635 -0.703131
    outer loop
      vertex 60.9824 17.7777 0
      vertex 61.3599 16.8625 1
      vertex 60.981 17.7772 0
    endloop
  endfacet
  facet normal -0.31455 -0.638042 -0.702823
    outer loop
      vertex 62.6203 17.7765 0
      vertex 62.87 17.6534 0
      vertex 62.375 16.7959 1
    endloop
  endfacet
  facet normal -0.395123 0.591534 -0.702827
    outer loop
      vertex 63.1016 14.1013 0
      vertex 62.87 13.9466 0
      vertex 62.375 14.8041 1
    endloop
  endfacet
  facet normal 0.709819 0.0473213 -0.702792
    outer loop
      vertex 60.65 15.8 1
      vertex 59.66 15.7985 0
      vertex 59.6599 15.8 0
    endloop
  endfacet
  facet normal 0.709853 0.0463461 -0.702824
    outer loop
      vertex 59.66 15.7985 0
      vertex 60.65 15.8 1
      vertex 60.6598 15.6499 1
    endloop
  endfacet
  facet normal -0.627273 0.337762 -0.701745
    outer loop
      vertex 63.7765 14.9797 0
      vertex 62.8625 15.3599 1
      vertex 63.7772 14.981 0
    endloop
  endfacet
  facet normal -0.637902 0.314932 -0.702779
    outer loop
      vertex 62.8625 15.3599 1
      vertex 63.7765 14.9797 0
      vertex 62.7959 15.225 1
    endloop
  endfacet
  facet normal 0.697621 -0.139051 -0.702844
    outer loop
      vertex 59.7325 16.3524 0
      vertex 60.6892 16.0976 1
      vertex 60.6598 15.9501 1
    endloop
  endfacet
  facet normal 0.697516 -0.139503 -0.702859
    outer loop
      vertex 60.6892 16.0976 1
      vertex 59.7325 16.3524 0
      vertex 59.7328 16.3539 0
    endloop
  endfacet
  facet normal 0.534889 0.468986 -0.702813
    outer loop
      vertex 60.9868 14.9868 1
      vertex 60.2867 14.2867 0
      vertex 60.1031 14.4961 0
    endloop
  endfacet
  facet normal -0.31455 0.638042 -0.702823
    outer loop
      vertex 62.87 13.9466 0
      vertex 62.6203 13.8235 0
      vertex 62.375 14.8041 1
    endloop
  endfacet
  facet normal 0.139051 0.697621 -0.702844
    outer loop
      vertex 61.2476 13.7325 0
      vertex 61.5024 14.6892 1
      vertex 61.6499 14.6598 1
    endloop
  endfacet
  facet normal 0.139503 0.697516 -0.702859
    outer loop
      vertex 61.5024 14.6892 1
      vertex 61.2476 13.7325 0
      vertex 61.2461 13.7328 0
    endloop
  endfacet
  facet normal -0.337762 0.627273 -0.701745
    outer loop
      vertex 62.2401 14.7375 1
      vertex 62.6203 13.8235 0
      vertex 62.619 13.8228 0
    endloop
  endfacet
  facet normal -0.314932 0.637902 -0.702779
    outer loop
      vertex 62.6203 13.8235 0
      vertex 62.2401 14.7375 1
      vertex 62.375 14.8041 1
    endloop
  endfacet
  facet normal -0.534889 -0.468986 -0.702813
    outer loop
      vertex 63.3133 17.3133 0
      vertex 63.4969 17.1039 0
      vertex 62.6132 16.6132 1
    endloop
  endfacet
  facet normal -0.638081 0.314443 -0.702836
    outer loop
      vertex 63.7765 14.9797 0
      vertex 63.6534 14.7299 0
      vertex 62.7959 15.225 1
    endloop
  endfacet
  facet normal 0.314443 0.638081 -0.702836
    outer loop
      vertex 61.225 14.8041 1
      vertex 60.9797 13.8235 0
      vertex 60.7299 13.9466 0
    endloop
  endfacet
  facet normal 0.138727 -0.697722 -0.702808
    outer loop
      vertex 61.5207 17.9218 0
      vertex 61.6499 16.9402 1
      vertex 61.2476 17.8675 0
    endloop
  endfacet
  facet normal 0.67361 -0.228624 -0.702837
    outer loop
      vertex 59.8223 16.6176 0
      vertex 60.6892 16.0976 1
      vertex 59.7328 16.3539 0
    endloop
  endfacet
  facet normal -0.709859 0.0465063 -0.702806
    outer loop
      vertex 63.94 15.7985 0
      vertex 63.9218 15.5207 0
      vertex 62.9402 15.6499 1
    endloop
  endfacet
  facet normal -0.709819 0.0473213 -0.702792
    outer loop
      vertex 63.94 15.7985 0
      vertex 62.95 15.8 1
      vertex 63.9401 15.8 0
    endloop
  endfacet
  facet normal -0.709853 0.0463461 -0.702824
    outer loop
      vertex 62.95 15.8 1
      vertex 63.94 15.7985 0
      vertex 62.9402 15.6499 1
    endloop
  endfacet
  facet normal -0.394614 -0.591921 -0.702787
    outer loop
      vertex 62.5001 16.7124 1
      vertex 63.1016 17.4987 0
      vertex 63.1028 17.4979 0
    endloop
  endfacet
  facet normal -0.394934 -0.591692 -0.7028
    outer loop
      vertex 63.1016 17.4987 0
      vertex 62.5001 16.7124 1
      vertex 62.375 16.7959 1
    endloop
  endfacet
  facet normal 0.478839 0.526723 -0.702337
    outer loop
      vertex 60.4961 14.1031 0
      vertex 61.0999 14.8876 1
      vertex 60.4972 14.1021 0
    endloop
  endfacet
  facet normal 0.469088 0.534817 -0.702799
    outer loop
      vertex 61.0999 14.8876 1
      vertex 60.4961 14.1031 0
      vertex 60.9868 14.9868 1
    endloop
  endfacet
  facet normal -0.673733 -0.22836 -0.702806
    outer loop
      vertex 62.8625 16.2401 1
      vertex 63.7777 16.6176 0
      vertex 62.9108 16.0976 1
    endloop
  endfacet
  facet normal -0.669635 -0.239155 -0.703131
    outer loop
      vertex 63.7777 16.6176 0
      vertex 62.8625 16.2401 1
      vertex 63.7772 16.619 0
    endloop
  endfacet
  facet normal 0.394934 -0.591692 -0.7028
    outer loop
      vertex 61.0999 16.7124 1
      vertex 60.4984 17.4987 0
      vertex 61.225 16.7959 1
    endloop
  endfacet
  facet normal 0.394614 -0.591921 -0.702787
    outer loop
      vertex 60.4984 17.4987 0
      vertex 61.0999 16.7124 1
      vertex 60.4972 17.4979 0
    endloop
  endfacet
  facet normal -0.468986 -0.534889 -0.702813
    outer loop
      vertex 63.1039 17.4969 0
      vertex 63.3133 17.3133 0
      vertex 62.6132 16.6132 1
    endloop
  endfacet
  facet normal -0.0473213 -0.709819 -0.702792
    outer loop
      vertex 61.8015 17.94 0
      vertex 61.8 16.95 1
      vertex 61.8 17.9401 0
    endloop
  endfacet
  facet normal -0.0463461 -0.709853 -0.702824
    outer loop
      vertex 61.8 16.95 1
      vertex 61.8015 17.94 0
      vertex 61.9501 16.9402 1
    endloop
  endfacet
  facet normal -0.139503 0.697516 -0.702859
    outer loop
      vertex 62.3524 13.7325 0
      vertex 62.0976 14.6892 1
      vertex 62.3539 13.7328 0
    endloop
  endfacet
  facet normal -0.139051 0.697621 -0.702844
    outer loop
      vertex 62.0976 14.6892 1
      vertex 62.3524 13.7325 0
      vertex 61.9501 14.6598 1
    endloop
  endfacet
  facet normal 0.139051 -0.697621 -0.702844
    outer loop
      vertex 61.5024 16.9108 1
      vertex 61.2476 17.8675 0
      vertex 61.6499 16.9402 1
    endloop
  endfacet
  facet normal 0.139503 -0.697516 -0.702859
    outer loop
      vertex 61.2476 17.8675 0
      vertex 61.5024 16.9108 1
      vertex 61.2461 17.8672 0
    endloop
  endfacet
  facet normal 0.337762 0.627273 -0.701745
    outer loop
      vertex 60.9797 13.8235 0
      vertex 61.3599 14.7375 1
      vertex 60.981 13.8228 0
    endloop
  endfacet
  facet normal 0.314932 0.637902 -0.702779
    outer loop
      vertex 61.3599 14.7375 1
      vertex 60.9797 13.8235 0
      vertex 61.225 14.8041 1
    endloop
  endfacet
  facet normal 0.395232 0.591443 -0.702842
    outer loop
      vertex 61.225 14.8041 1
      vertex 60.7299 13.9466 0
      vertex 60.4984 14.1013 0
    endloop
  endfacet
  facet normal 0.228624 -0.67361 -0.702837
    outer loop
      vertex 61.2461 17.8672 0
      vertex 61.5024 16.9108 1
      vertex 60.9824 17.7777 0
    endloop
  endfacet
  facet normal 0.395232 -0.591443 -0.702842
    outer loop
      vertex 60.7299 17.6534 0
      vertex 61.225 16.7959 1
      vertex 60.4984 17.4987 0
    endloop
  endfacet
  facet normal 0.534889 -0.468986 -0.702813
    outer loop
      vertex 60.2867 17.3133 0
      vertex 60.9868 16.6132 1
      vertex 60.1031 17.1039 0
    endloop
  endfacet
  facet normal 0.709853 -0.0463461 -0.702824
    outer loop
      vertex 60.65 15.8 1
      vertex 59.66 15.8015 0
      vertex 60.6598 15.9501 1
    endloop
  endfacet
  facet normal 0.709819 -0.0473213 -0.702792
    outer loop
      vertex 59.66 15.8015 0
      vertex 60.65 15.8 1
      vertex 59.6599 15.8 0
    endloop
  endfacet
  facet normal 0.534817 -0.469088 -0.702799
    outer loop
      vertex 60.8876 16.5001 1
      vertex 60.1031 17.1039 0
      vertex 60.9868 16.6132 1
    endloop
  endfacet
  facet normal 0.526723 -0.478839 -0.702337
    outer loop
      vertex 60.1031 17.1039 0
      vertex 60.8876 16.5001 1
      vertex 60.1021 17.1028 0
    endloop
  endfacet
  facet normal -0.138727 0.697722 -0.702808
    outer loop
      vertex 62.3524 13.7325 0
      vertex 62.0793 13.6782 0
      vertex 61.9501 14.6598 1
    endloop
  endfacet
  facet normal -0.0465063 0.709859 -0.702806
    outer loop
      vertex 61.9501 14.6598 1
      vertex 62.0793 13.6782 0
      vertex 61.8015 13.66 0
    endloop
  endfacet
  facet normal 0.468986 -0.534889 -0.702813
    outer loop
      vertex 60.4961 17.4969 0
      vertex 60.9868 16.6132 1
      vertex 60.2867 17.3133 0
    endloop
  endfacet
  facet normal 0.314932 -0.637902 -0.702779
    outer loop
      vertex 60.9797 17.7765 0
      vertex 61.3599 16.8625 1
      vertex 61.225 16.7959 1
    endloop
  endfacet
  facet normal 0.337762 -0.627273 -0.701745
    outer loop
      vertex 61.3599 16.8625 1
      vertex 60.9797 17.7765 0
      vertex 60.981 17.7772 0
    endloop
  endfacet
  facet normal 0.22836 0.673733 -0.702806
    outer loop
      vertex 60.9824 13.8223 0
      vertex 61.3599 14.7375 1
      vertex 61.5024 14.6892 1
    endloop
  endfacet
  facet normal 0.239155 0.669635 -0.703131
    outer loop
      vertex 61.3599 14.7375 1
      vertex 60.9824 13.8223 0
      vertex 60.981 13.8228 0
    endloop
  endfacet
  facet normal -0.0463461 0.709853 -0.702824
    outer loop
      vertex 61.8015 13.66 0
      vertex 61.8 14.65 1
      vertex 61.9501 14.6598 1
    endloop
  endfacet
  facet normal -0.0473213 0.709819 -0.702792
    outer loop
      vertex 61.8 14.65 1
      vertex 61.8015 13.66 0
      vertex 61.8 13.6599 0
    endloop
  endfacet
  facet normal 0.591692 -0.394934 -0.7028
    outer loop
      vertex 60.1013 17.1016 0
      vertex 60.8876 16.5001 1
      vertex 60.8041 16.375 1
    endloop
  endfacet
  facet normal 0.591921 -0.394614 -0.702787
    outer loop
      vertex 60.8876 16.5001 1
      vertex 60.1013 17.1016 0
      vertex 60.1021 17.1028 0
    endloop
  endfacet
  facet normal 0.637902 -0.314932 -0.702779
    outer loop
      vertex 60.7375 16.2401 1
      vertex 59.8235 16.6203 0
      vertex 60.8041 16.375 1
    endloop
  endfacet
  facet normal 0.627273 -0.337762 -0.701745
    outer loop
      vertex 59.8235 16.6203 0
      vertex 60.7375 16.2401 1
      vertex 59.8228 16.619 0
    endloop
  endfacet
  facet normal -0.526723 0.478839 -0.702337
    outer loop
      vertex 63.4969 14.4961 0
      vertex 62.7124 15.0999 1
      vertex 63.4979 14.4972 0
    endloop
  endfacet
  facet normal -0.534817 0.469088 -0.702799
    outer loop
      vertex 62.7124 15.0999 1
      vertex 63.4969 14.4961 0
      vertex 62.6132 14.9868 1
    endloop
  endfacet
  facet normal -0.314932 -0.637902 -0.702779
    outer loop
      vertex 62.2401 16.8625 1
      vertex 62.6203 17.7765 0
      vertex 62.375 16.7959 1
    endloop
  endfacet
  facet normal -0.337762 -0.627273 -0.701745
    outer loop
      vertex 62.6203 17.7765 0
      vertex 62.2401 16.8625 1
      vertex 62.619 17.7772 0
    endloop
  endfacet
  facet normal -0.526723 -0.478839 -0.702337
    outer loop
      vertex 62.7124 16.5001 1
      vertex 63.4969 17.1039 0
      vertex 63.4979 17.1028 0
    endloop
  endfacet
  facet normal -0.534817 -0.469088 -0.702799
    outer loop
      vertex 63.4969 17.1039 0
      vertex 62.7124 16.5001 1
      vertex 62.6132 16.6132 1
    endloop
  endfacet
  facet normal 0.469088 -0.534817 -0.702799
    outer loop
      vertex 60.4961 17.4969 0
      vertex 61.0999 16.7124 1
      vertex 60.9868 16.6132 1
    endloop
  endfacet
  facet normal 0.478839 -0.526723 -0.702337
    outer loop
      vertex 61.0999 16.7124 1
      vertex 60.4961 17.4969 0
      vertex 60.4972 17.4979 0
    endloop
  endfacet
  facet normal -0.239155 -0.669635 -0.703131
    outer loop
      vertex 62.2401 16.8625 1
      vertex 62.6176 17.7777 0
      vertex 62.619 17.7772 0
    endloop
  endfacet
  facet normal -0.22836 -0.673733 -0.702806
    outer loop
      vertex 62.6176 17.7777 0
      vertex 62.2401 16.8625 1
      vertex 62.0976 16.9108 1
    endloop
  endfacet
  facet normal 0.0473213 0.709819 -0.702792
    outer loop
      vertex 61.7985 13.66 0
      vertex 61.8 14.65 1
      vertex 61.8 13.6599 0
    endloop
  endfacet
  facet normal 0.0463461 0.709853 -0.702824
    outer loop
      vertex 61.8 14.65 1
      vertex 61.7985 13.66 0
      vertex 61.6499 14.6598 1
    endloop
  endfacet
  facet normal 0.0465063 0.709859 -0.702806
    outer loop
      vertex 61.6499 14.6598 1
      vertex 61.7985 13.66 0
      vertex 61.5207 13.6782 0
    endloop
  endfacet
  facet normal 0.138727 0.697722 -0.702808
    outer loop
      vertex 61.6499 14.6598 1
      vertex 61.5207 13.6782 0
      vertex 61.2476 13.7325 0
    endloop
  endfacet
  facet normal 0.673733 -0.22836 -0.702806
    outer loop
      vertex 59.8223 16.6176 0
      vertex 60.7375 16.2401 1
      vertex 60.6892 16.0976 1
    endloop
  endfacet
  facet normal 0.669635 -0.239155 -0.703131
    outer loop
      vertex 60.7375 16.2401 1
      vertex 59.8223 16.6176 0
      vertex 59.8228 16.619 0
    endloop
  endfacet
  facet normal -1 0 0
    outer loop
      vertex 48.75 -15 0.299999
      vertex 48.75 -17 2
      vertex 48.75 -15 2
    endloop
  endfacet
  facet normal -1 0 0
    outer loop
      vertex 48.75 -17 2
      vertex 48.75 -18.2 2
      vertex 48.75 -17 3.19
    endloop
  endfacet
  facet normal -1 0 0
    outer loop
      vertex 48.75 -19 0.299999
      vertex 48.75 -17 2
      vertex 48.75 -15 0.299999
    endloop
  endfacet
  facet normal -1 -0 0
    outer loop
      vertex 48.75 -17 2
      vertex 48.75 -19 0.299999
      vertex 48.75 -18.2 2
    endloop
  endfacet
  facet normal -1 -0 0
    outer loop
      vertex 48.75 -18.2 2
      vertex 48.75 -19 0.299999
      vertex 48.75 -19 2
    endloop
  endfacet
  facet normal -1 -0 0
    outer loop
      vertex 48.75 -17 3.19
      vertex 48.75 -18.2 2
      vertex 48.75 -18.2 3.19
    endloop
  endfacet
  facet normal -0 0 1
    outer loop
      vertex 43.25 -15 0.299999
      vertex 48.75 -19 0.299999
      vertex 48.75 -15 0.299999
    endloop
  endfacet
  facet normal 0 0 1
    outer loop
      vertex 48.75 -19 0.299999
      vertex 43.25 -15 0.299999
      vertex 43.25 -19 0.299999
    endloop
  endfacet
  facet normal 1 0 0
    outer loop
      vertex 43.25 -17 3.19
      vertex 43.25 -18.2 3.19
      vertex 43.25 -17 2
    endloop
  endfacet
  facet normal 1 -0 0
    outer loop
      vertex 43.25 -17 2
      vertex 43.25 -15 0.299999
      vertex 43.25 -15 2
    endloop
  endfacet
  facet normal 1 0 0
    outer loop
      vertex 43.25 -18.2 2
      vertex 43.25 -17 2
      vertex 43.25 -18.2 3.19
    endloop
  endfacet
  facet normal 1 0 0
    outer loop
      vertex 43.25 -19 0.299999
      vertex 43.25 -17 2
      vertex 43.25 -18.2 2
    endloop
  endfacet
  facet normal 1 0 0
    outer loop
      vertex 43.25 -19 0.299999
      vertex 43.25 -18.2 2
      vertex 43.25 -19 2
    endloop
  endfacet
  facet normal 1 0 0
    outer loop
      vertex 43.25 -17 2
      vertex 43.25 -19 0.299999
      vertex 43.25 -15 0.299999
    endloop
  endfacet
  facet normal 0 -1 0
    outer loop
      vertex 43.25 -15 0.299999
      vertex 48.75 -15 2
      vertex 43.25 -15 2
    endloop
  endfacet
  facet normal 0 -1 -0
    outer loop
      vertex 48.75 -15 2
      vertex 43.25 -15 0.299999
      vertex 48.75 -15 0.299999
    endloop
  endfacet
  facet normal 0 1 -0
    outer loop
      vertex 48.75 -19 0.299999
      vertex 43.25 -19 2
      vertex 48.75 -19 2
    endloop
  endfacet
  facet normal 0 1 0
    outer loop
      vertex 43.25 -19 2
      vertex 48.75 -19 0.299999
      vertex 43.25 -19 0.299999
    endloop
  endfacet
endsolid OpenSCAD_Model
