solid OpenSCAD_Model
  facet normal 1 -0 0
    outer loop
      vertex 222.25 -11 46
      vertex 222.25 -4.18999 0.41
      vertex 222.25 -4.18999 46
    endloop
  endfacet
  facet normal 1 0 0
    outer loop
      vertex 222.25 -11 0.4
      vertex 222.25 -4.18999 0.41
      vertex 222.25 -11 46
    endloop
  endfacet
  facet normal 1 0 0
    outer loop
      vertex 222.25 -4.18999 0.41
      vertex 222.25 -11 0.4
      vertex 222.25 -4.20017 0.4
    endloop
  endfacet
  facet normal 1 -0 0
    outer loop
      vertex 222.25 4.18999 0.41
      vertex 222.25 11 0.4
      vertex 222.25 11 46
    endloop
  endfacet
  facet normal 1 0 0
    outer loop
      vertex 222.25 4.18999 0.41
      vertex 222.25 11 46
      vertex 222.25 4.18999 46
    endloop
  endfacet
  facet normal 1 0 0
    outer loop
      vertex 222.25 11 0.4
      vertex 222.25 4.18999 0.41
      vertex 222.25 4.20017 0.4
    endloop
  endfacet
  facet normal 0 0 1
    outer loop
      vertex 106.625 8.15 46
      vertex 104.425 8.15 46
      vertex 104.472 7.43211 46
    endloop
  endfacet
  facet normal 0 0 1
    outer loop
      vertex 222.25 11 46
      vertex 211.65 7.37 46
      vertex 222.25 4.18999 46
    endloop
  endfacet
  facet normal 0 0 1
    outer loop
      vertex 211.65 7.37 46
      vertex 208.65 8.3 46
      vertex 211.65 -7.37 46
    endloop
  endfacet
  facet normal 0 0 1
    outer loop
      vertex 222.25 11 46
      vertex 208.65 8.3 46
      vertex 211.65 7.37 46
    endloop
  endfacet
  facet normal -0 0 1
    outer loop
      vertex 117.021 11 46
      vertex 208.65 8.3 46
      vertex 222.25 11 46
    endloop
  endfacet
  facet normal 0 0 1
    outer loop
      vertex 117.825 8.15 46
      vertex 115.625 8.15 46
      vertex 117.778 7.43211 46
    endloop
  endfacet
  facet normal 0 0 1
    outer loop
      vertex 117.778 7.43211 46
      vertex 115.597 7.71926 46
      vertex 117.638 6.72649 46
    endloop
  endfacet
  facet normal -0 0 1
    outer loop
      vertex 115.513 7.2959 46
      vertex 117.638 6.72649 46
      vertex 115.597 7.71926 46
    endloop
  endfacet
  facet normal 0 0 1
    outer loop
      vertex 208.65 8.3 46
      vertex 117.021 11 46
      vertex 117.815 8.3 46
    endloop
  endfacet
  facet normal -0 0 1
    outer loop
      vertex 115.513 9.0041 46
      vertex 117.815 8.3 46
      vertex 117.021 11 46
    endloop
  endfacet
  facet normal 0 0 1
    outer loop
      vertex 114.943 10.1589 46
      vertex 117.021 11 46
      vertex 116.688 11.4982 46
    endloop
  endfacet
  facet normal 0 0 1
    outer loop
      vertex 117.778 7.43211 46
      vertex 115.625 8.15 46
      vertex 115.597 7.71926 46
    endloop
  endfacet
  facet normal 0 0 1
    outer loop
      vertex 114.943 10.1589 46
      vertex 116.688 11.4982 46
      vertex 116.214 12.0391 46
    endloop
  endfacet
  facet normal 0 0 1
    outer loop
      vertex 117.638 6.72649 46
      vertex 115.513 7.2959 46
      vertex 117.406 6.04524 46
    endloop
  endfacet
  facet normal 0 0 1
    outer loop
      vertex 114.658 10.4835 46
      vertex 116.214 12.0391 46
      vertex 115.673 12.5134 46
    endloop
  endfacet
  facet normal -0 0 1
    outer loop
      vertex 115.374 6.88714 46
      vertex 117.406 6.04524 46
      vertex 115.513 7.2959 46
    endloop
  endfacet
  facet normal 0 0 1
    outer loop
      vertex 117.406 6.04524 46
      vertex 115.374 6.88714 46
      vertex 117.088 5.4 46
    endloop
  endfacet
  facet normal 0 0 1
    outer loop
      vertex 117.815 8.3 46
      vertex 115.597 8.58074 46
      vertex 115.625 8.15 46
    endloop
  endfacet
  facet normal 0 0 1
    outer loop
      vertex 117.815 8.3 46
      vertex 115.513 9.0041 46
      vertex 115.597 8.58074 46
    endloop
  endfacet
  facet normal 0 0 1
    outer loop
      vertex 117.021 11 46
      vertex 115.374 9.41286 46
      vertex 115.513 9.0041 46
    endloop
  endfacet
  facet normal 0 0 1
    outer loop
      vertex 117.021 11 46
      vertex 115.183 9.8 46
      vertex 115.374 9.41286 46
    endloop
  endfacet
  facet normal 0 0 1
    outer loop
      vertex 114.334 10.7681 46
      vertex 115.673 12.5134 46
      vertex 115.075 12.9131 46
    endloop
  endfacet
  facet normal 0 0 1
    outer loop
      vertex 117.021 11 46
      vertex 114.943 10.1589 46
      vertex 115.183 9.8 46
    endloop
  endfacet
  facet normal 0 0 1
    outer loop
      vertex 116.214 12.0391 46
      vertex 114.658 10.4835 46
      vertex 114.943 10.1589 46
    endloop
  endfacet
  facet normal 0 0 1
    outer loop
      vertex 113.975 11.0079 46
      vertex 115.075 12.9131 46
      vertex 114.43 13.2313 46
    endloop
  endfacet
  facet normal 0 0 1
    outer loop
      vertex 115.673 12.5134 46
      vertex 114.334 10.7681 46
      vertex 114.658 10.4835 46
    endloop
  endfacet
  facet normal 0 0 1
    outer loop
      vertex 115.075 12.9131 46
      vertex 113.975 11.0079 46
      vertex 114.334 10.7681 46
    endloop
  endfacet
  facet normal 0 0 1
    outer loop
      vertex 113.588 11.1988 46
      vertex 114.43 13.2313 46
      vertex 113.749 13.4626 46
    endloop
  endfacet
  facet normal 0 0 1
    outer loop
      vertex 114.43 13.2313 46
      vertex 113.588 11.1988 46
      vertex 113.975 11.0079 46
    endloop
  endfacet
  facet normal 0 0 1
    outer loop
      vertex 113.749 13.4626 46
      vertex 113.179 11.3376 46
      vertex 113.588 11.1988 46
    endloop
  endfacet
  facet normal 0 0 1
    outer loop
      vertex 113.043 13.6029 46
      vertex 113.179 11.3376 46
      vertex 113.749 13.4626 46
    endloop
  endfacet
  facet normal 0 0 1
    outer loop
      vertex 113.043 13.6029 46
      vertex 112.756 11.4218 46
      vertex 113.179 11.3376 46
    endloop
  endfacet
  facet normal 0 0 1
    outer loop
      vertex 112.325 13.65 46
      vertex 112.756 11.4218 46
      vertex 113.043 13.6029 46
    endloop
  endfacet
  facet normal 0 0 1
    outer loop
      vertex 112.325 13.65 46
      vertex 112.325 11.45 46
      vertex 112.756 11.4218 46
    endloop
  endfacet
  facet normal -0 0 1
    outer loop
      vertex 109.925 13.65 46
      vertex 112.325 11.45 46
      vertex 112.325 13.65 46
    endloop
  endfacet
  facet normal 0 0 1
    outer loop
      vertex 109.925 13.65 46
      vertex 109.925 11.45 46
      vertex 112.325 11.45 46
    endloop
  endfacet
  facet normal 0 0 1
    outer loop
      vertex 109.925 13.65 46
      vertex 109.494 11.4218 46
      vertex 109.925 11.45 46
    endloop
  endfacet
  facet normal -0 0 1
    outer loop
      vertex 109.207 13.6029 46
      vertex 109.494 11.4218 46
      vertex 109.925 13.65 46
    endloop
  endfacet
  facet normal 0 0 1
    outer loop
      vertex 109.207 13.6029 46
      vertex 109.071 11.3376 46
      vertex 109.494 11.4218 46
    endloop
  endfacet
  facet normal -0 0 1
    outer loop
      vertex 108.501 13.4626 46
      vertex 109.071 11.3376 46
      vertex 109.207 13.6029 46
    endloop
  endfacet
  facet normal 0 0 1
    outer loop
      vertex 109.071 11.3376 46
      vertex 108.501 13.4626 46
      vertex 108.662 11.1988 46
    endloop
  endfacet
  facet normal -0 0 1
    outer loop
      vertex 107.82 13.2313 46
      vertex 108.662 11.1988 46
      vertex 108.501 13.4626 46
    endloop
  endfacet
  facet normal 0 0 1
    outer loop
      vertex 108.662 11.1988 46
      vertex 107.82 13.2313 46
      vertex 108.275 11.0079 46
    endloop
  endfacet
  facet normal -0 0 1
    outer loop
      vertex 107.175 12.9131 46
      vertex 108.275 11.0079 46
      vertex 107.82 13.2313 46
    endloop
  endfacet
  facet normal 0 0 1
    outer loop
      vertex 108.275 11.0079 46
      vertex 107.175 12.9131 46
      vertex 107.916 10.7681 46
    endloop
  endfacet
  facet normal -0 0 1
    outer loop
      vertex 106.577 12.5134 46
      vertex 107.916 10.7681 46
      vertex 107.175 12.9131 46
    endloop
  endfacet
  facet normal 0 0 1
    outer loop
      vertex 107.916 10.7681 46
      vertex 106.577 12.5134 46
      vertex 107.592 10.4835 46
    endloop
  endfacet
  facet normal -0 0 1
    outer loop
      vertex 106.036 12.0391 46
      vertex 107.592 10.4835 46
      vertex 106.577 12.5134 46
    endloop
  endfacet
  facet normal 0 0 1
    outer loop
      vertex 107.592 10.4835 46
      vertex 106.036 12.0391 46
      vertex 107.307 10.1589 46
    endloop
  endfacet
  facet normal -0 0 1
    outer loop
      vertex 105.562 11.4982 46
      vertex 107.307 10.1589 46
      vertex 106.036 12.0391 46
    endloop
  endfacet
  facet normal -0 0 1
    outer loop
      vertex 105.229 11 46
      vertex 107.307 10.1589 46
      vertex 105.562 11.4982 46
    endloop
  endfacet
  facet normal 0 0 1
    outer loop
      vertex 107.067 9.8 46
      vertex 105.229 11 46
      vertex 106.876 9.41286 46
    endloop
  endfacet
  facet normal 0 0 1
    outer loop
      vertex 107.307 10.1589 46
      vertex 105.229 11 46
      vertex 107.067 9.8 46
    endloop
  endfacet
  facet normal -0 0 1
    outer loop
      vertex 211.65 -7.37 46
      vertex 222.25 -11 46
      vertex 222.25 -4.18999 46
    endloop
  endfacet
  facet normal 0 0 1
    outer loop
      vertex 208.65 -8.3 46
      vertex 211.65 -7.37 46
      vertex 208.65 8.3 46
    endloop
  endfacet
  facet normal -0 0 1
    outer loop
      vertex 208.65 -8.3 46
      vertex 222.25 -11 46
      vertex 211.65 -7.37 46
    endloop
  endfacet
  facet normal -0 0 1
    outer loop
      vertex 13.6 -8.3 46
      vertex 222.25 -11 46
      vertex 208.65 -8.3 46
    endloop
  endfacet
  facet normal -0 0 1
    outer loop
      vertex 10.6 -7.37 46
      vertex 13.6 -8.3 46
      vertex 10.6 7.37 46
    endloop
  endfacet
  facet normal 0 0 1
    outer loop
      vertex 0 -11 46
      vertex 10.6 -7.37 46
      vertex 0 -4.18999 46
    endloop
  endfacet
  facet normal 0 0 1
    outer loop
      vertex 13.6 -8.3 46
      vertex 0 -11 46
      vertex 222.25 -11 46
    endloop
  endfacet
  facet normal 0 0 1
    outer loop
      vertex 10.6 -7.37 46
      vertex 0 -11 46
      vertex 13.6 -8.3 46
    endloop
  endfacet
  facet normal 0 0 1
    outer loop
      vertex 115.625 8.15 46
      vertex 117.825 8.15 46
      vertex 117.815 8.3 46
    endloop
  endfacet
  facet normal -0 0 1
    outer loop
      vertex 115.183 6.5 46
      vertex 117.088 5.4 46
      vertex 115.374 6.88714 46
    endloop
  endfacet
  facet normal 0 0 1
    outer loop
      vertex 117.088 5.4 46
      vertex 115.183 6.5 46
      vertex 116.688 4.80181 46
    endloop
  endfacet
  facet normal -0 0 1
    outer loop
      vertex 114.943 6.14109 46
      vertex 116.688 4.80181 46
      vertex 115.183 6.5 46
    endloop
  endfacet
  facet normal 0 0 1
    outer loop
      vertex 116.688 4.80181 46
      vertex 114.943 6.14109 46
      vertex 116.214 4.26091 46
    endloop
  endfacet
  facet normal -0 0 1
    outer loop
      vertex 114.658 5.81655 46
      vertex 116.214 4.26091 46
      vertex 114.943 6.14109 46
    endloop
  endfacet
  facet normal 0 0 1
    outer loop
      vertex 116.214 4.26091 46
      vertex 114.658 5.81655 46
      vertex 115.673 3.78656 46
    endloop
  endfacet
  facet normal -0 0 1
    outer loop
      vertex 114.334 5.53193 46
      vertex 115.673 3.78656 46
      vertex 114.658 5.81655 46
    endloop
  endfacet
  facet normal 0 0 1
    outer loop
      vertex 115.673 3.78656 46
      vertex 114.334 5.53193 46
      vertex 115.075 3.38686 46
    endloop
  endfacet
  facet normal -0 0 1
    outer loop
      vertex 113.975 5.29212 46
      vertex 115.075 3.38686 46
      vertex 114.334 5.53193 46
    endloop
  endfacet
  facet normal 0 0 1
    outer loop
      vertex 115.075 3.38686 46
      vertex 113.975 5.29212 46
      vertex 114.43 3.06866 46
    endloop
  endfacet
  facet normal -0 0 1
    outer loop
      vertex 113.588 5.1012 46
      vertex 114.43 3.06866 46
      vertex 113.975 5.29212 46
    endloop
  endfacet
  facet normal 0 0 1
    outer loop
      vertex 114.43 3.06866 46
      vertex 113.588 5.1012 46
      vertex 113.749 2.83741 46
    endloop
  endfacet
  facet normal -0 0 1
    outer loop
      vertex 113.179 4.96244 46
      vertex 113.749 2.83741 46
      vertex 113.588 5.1012 46
    endloop
  endfacet
  facet normal 0 0 1
    outer loop
      vertex 113.179 4.96244 46
      vertex 113.043 2.69705 46
      vertex 113.749 2.83741 46
    endloop
  endfacet
  facet normal -0 0 1
    outer loop
      vertex 112.756 4.87823 46
      vertex 113.043 2.69705 46
      vertex 113.179 4.96244 46
    endloop
  endfacet
  facet normal -0 0 1
    outer loop
      vertex 112.325 4.85 46
      vertex 113.043 2.69705 46
      vertex 112.756 4.87823 46
    endloop
  endfacet
  facet normal 0 0 1
    outer loop
      vertex 112.325 4.85 46
      vertex 112.325 2.65 46
      vertex 113.043 2.69705 46
    endloop
  endfacet
  facet normal -0 0 1
    outer loop
      vertex 109.925 4.85 46
      vertex 112.325 2.65 46
      vertex 112.325 4.85 46
    endloop
  endfacet
  facet normal 0 0 1
    outer loop
      vertex 109.925 4.85 46
      vertex 109.925 2.65 46
      vertex 112.325 2.65 46
    endloop
  endfacet
  facet normal 0 0 1
    outer loop
      vertex 109.494 4.87823 46
      vertex 109.925 2.65 46
      vertex 109.925 4.85 46
    endloop
  endfacet
  facet normal 0 0 1
    outer loop
      vertex 109.494 4.87823 46
      vertex 109.207 2.69705 46
      vertex 109.925 2.65 46
    endloop
  endfacet
  facet normal 0 0 1
    outer loop
      vertex 109.071 4.96244 46
      vertex 109.207 2.69705 46
      vertex 109.494 4.87823 46
    endloop
  endfacet
  facet normal 0 0 1
    outer loop
      vertex 108.501 2.83741 46
      vertex 109.071 4.96244 46
      vertex 108.662 5.1012 46
    endloop
  endfacet
  facet normal 0 0 1
    outer loop
      vertex 109.071 4.96244 46
      vertex 108.501 2.83741 46
      vertex 109.207 2.69705 46
    endloop
  endfacet
  facet normal 0 0 1
    outer loop
      vertex 107.82 3.06866 46
      vertex 108.662 5.1012 46
      vertex 108.275 5.29212 46
    endloop
  endfacet
  facet normal 0 0 1
    outer loop
      vertex 107.175 3.38686 46
      vertex 108.275 5.29212 46
      vertex 107.916 5.53193 46
    endloop
  endfacet
  facet normal 0 0 1
    outer loop
      vertex 108.662 5.1012 46
      vertex 107.82 3.06866 46
      vertex 108.501 2.83741 46
    endloop
  endfacet
  facet normal 0 0 1
    outer loop
      vertex 106.577 3.78656 46
      vertex 107.916 5.53193 46
      vertex 107.592 5.81655 46
    endloop
  endfacet
  facet normal 0 0 1
    outer loop
      vertex 106.036 4.26091 46
      vertex 107.592 5.81655 46
      vertex 107.307 6.14109 46
    endloop
  endfacet
  facet normal 0 0 1
    outer loop
      vertex 108.275 5.29212 46
      vertex 107.175 3.38686 46
      vertex 107.82 3.06866 46
    endloop
  endfacet
  facet normal 0 0 1
    outer loop
      vertex 105.562 4.80181 46
      vertex 107.307 6.14109 46
      vertex 107.067 6.5 46
    endloop
  endfacet
  facet normal 0 0 1
    outer loop
      vertex 105.162 5.4 46
      vertex 107.067 6.5 46
      vertex 106.876 6.88714 46
    endloop
  endfacet
  facet normal 0 0 1
    outer loop
      vertex 104.844 6.04524 46
      vertex 106.876 6.88714 46
      vertex 106.737 7.2959 46
    endloop
  endfacet
  facet normal 0 0 1
    outer loop
      vertex 104.612 6.72649 46
      vertex 106.737 7.2959 46
      vertex 106.653 7.71926 46
    endloop
  endfacet
  facet normal 0 0 1
    outer loop
      vertex 107.916 5.53193 46
      vertex 106.577 3.78656 46
      vertex 107.175 3.38686 46
    endloop
  endfacet
  facet normal 0 0 1
    outer loop
      vertex 104.472 7.43211 46
      vertex 106.653 7.71926 46
      vertex 106.625 8.15 46
    endloop
  endfacet
  facet normal 0 0 1
    outer loop
      vertex 106.876 9.41286 46
      vertex 105.229 11 46
      vertex 106.737 9.0041 46
    endloop
  endfacet
  facet normal 0 0 1
    outer loop
      vertex 104.435 8.3 46
      vertex 106.737 9.0041 46
      vertex 105.229 11 46
    endloop
  endfacet
  facet normal 0 0 1
    outer loop
      vertex 107.592 5.81655 46
      vertex 106.036 4.26091 46
      vertex 106.577 3.78656 46
    endloop
  endfacet
  facet normal 0 0 1
    outer loop
      vertex 106.737 9.0041 46
      vertex 104.435 8.3 46
      vertex 106.653 8.58074 46
    endloop
  endfacet
  facet normal 0 0 1
    outer loop
      vertex 106.653 8.58074 46
      vertex 104.435 8.3 46
      vertex 106.625 8.15 46
    endloop
  endfacet
  facet normal 0 0 1
    outer loop
      vertex 107.307 6.14109 46
      vertex 105.562 4.80181 46
      vertex 106.036 4.26091 46
    endloop
  endfacet
  facet normal 0 0 1
    outer loop
      vertex 107.067 6.5 46
      vertex 105.162 5.4 46
      vertex 105.562 4.80181 46
    endloop
  endfacet
  facet normal 0 0 1
    outer loop
      vertex 106.876 6.88714 46
      vertex 104.844 6.04524 46
      vertex 105.162 5.4 46
    endloop
  endfacet
  facet normal 0 0 1
    outer loop
      vertex 106.737 7.2959 46
      vertex 104.612 6.72649 46
      vertex 104.844 6.04524 46
    endloop
  endfacet
  facet normal 0 0 1
    outer loop
      vertex 104.425 8.15 46
      vertex 106.625 8.15 46
      vertex 104.435 8.3 46
    endloop
  endfacet
  facet normal 0 0 1
    outer loop
      vertex 106.653 7.71926 46
      vertex 104.472 7.43211 46
      vertex 104.612 6.72649 46
    endloop
  endfacet
  facet normal 0 0 1
    outer loop
      vertex 105.229 11 46
      vertex 13.6 8.3 46
      vertex 104.435 8.3 46
    endloop
  endfacet
  facet normal 0 0 1
    outer loop
      vertex 13.6 8.3 46
      vertex 10.6 7.37 46
      vertex 13.6 -8.3 46
    endloop
  endfacet
  facet normal -0 0 1
    outer loop
      vertex 0 11 46
      vertex 13.6 8.3 46
      vertex 105.229 11 46
    endloop
  endfacet
  facet normal 0 0 1
    outer loop
      vertex 0 11 46
      vertex 10.6 7.37 46
      vertex 13.6 8.3 46
    endloop
  endfacet
  facet normal 0 0 1
    outer loop
      vertex 10.6 7.37 46
      vertex 0 11 46
      vertex 0 4.18999 46
    endloop
  endfacet
  facet normal -1 0 0
    outer loop
      vertex 0 -11 0.4
      vertex 0 -4.18999 0.41
      vertex 0 -4.20017 0.4
    endloop
  endfacet
  facet normal -1 -0 0
    outer loop
      vertex 0 -4.18999 0.41
      vertex 0 -11 0.4
      vertex 0 -4.18999 46
    endloop
  endfacet
  facet normal -1 -0 0
    outer loop
      vertex 0 -4.18999 46
      vertex 0 -11 0.4
      vertex 0 -11 46
    endloop
  endfacet
  facet normal -1 0 0
    outer loop
      vertex 0 4.18999 0.41
      vertex 0 11 0.4
      vertex 0 4.20017 0.4
    endloop
  endfacet
  facet normal -1 0 0
    outer loop
      vertex 0 11 0.4
      vertex 0 4.18999 0.41
      vertex 0 11 46
    endloop
  endfacet
  facet normal -1 -0 0
    outer loop
      vertex 0 11 46
      vertex 0 4.18999 0.41
      vertex 0 4.18999 46
    endloop
  endfacet
  facet normal 0 1 -0
    outer loop
      vertex 59.95 -8.3 19
      vertex 39.775 -8.3 32
      vertex 72.95 -8.3 32
    endloop
  endfacet
  facet normal 0 1 0
    outer loop
      vertex 59.95 -8.3 19
      vertex 52.775 -8.3 19
      vertex 39.775 -8.3 32
    endloop
  endfacet
  facet normal 0 1 -0
    outer loop
      vertex 59.95 -8.3 5
      vertex 52.775 -8.3 19
      vertex 59.95 -8.3 19
    endloop
  endfacet
  facet normal 0 1 0
    outer loop
      vertex 52.775 -8.3 19
      vertex 59.95 -8.3 5
      vertex 52.775 -8.3 5
    endloop
  endfacet
  facet normal 0 1 -0
    outer loop
      vertex 130.3 -8.3 19
      vertex 78.95 -8.3 32
      vertex 143.3 -8.3 32
    endloop
  endfacet
  facet normal 0 1 0
    outer loop
      vertex 130.3 -8.3 19
      vertex 91.95 -8.3 19
      vertex 78.95 -8.3 32
    endloop
  endfacet
  facet normal 0 1 -0
    outer loop
      vertex 130.3 -8.3 5
      vertex 91.95 -8.3 19
      vertex 130.3 -8.3 19
    endloop
  endfacet
  facet normal 0 1 0
    outer loop
      vertex 91.95 -8.3 19
      vertex 130.3 -8.3 5
      vertex 91.95 -8.3 5
    endloop
  endfacet
  facet normal 0 1 -0
    outer loop
      vertex 169.475 -8.3 19
      vertex 149.3 -8.3 32
      vertex 182.475 -8.3 32
    endloop
  endfacet
  facet normal 0 1 0
    outer loop
      vertex 169.475 -8.3 19
      vertex 162.3 -8.3 19
      vertex 149.3 -8.3 32
    endloop
  endfacet
  facet normal 0 1 -0
    outer loop
      vertex 169.475 -8.3 5
      vertex 162.3 -8.3 19
      vertex 169.475 -8.3 19
    endloop
  endfacet
  facet normal 0 1 0
    outer loop
      vertex 162.3 -8.3 19
      vertex 169.475 -8.3 5
      vertex 162.3 -8.3 5
    endloop
  endfacet
  facet normal 0 1 0
    outer loop
      vertex 182.475 -8.3 32
      vertex 208.65 -8.3 46
      vertex 188.475 -8.3 32
    endloop
  endfacet
  facet normal 0 1 0
    outer loop
      vertex 208.65 -8.3 46
      vertex 201.475 -8.3 19
      vertex 188.475 -8.3 32
    endloop
  endfacet
  facet normal 0 1 -0
    outer loop
      vertex 208.65 -8.3 4
      vertex 201.475 -8.3 19
      vertex 208.65 -8.3 46
    endloop
  endfacet
  facet normal 0 1 0
    outer loop
      vertex 208.65 -8.3 4
      vertex 169.475 -8.3 5
      vertex 201.475 -8.3 5
    endloop
  endfacet
  facet normal 0 1 0
    outer loop
      vertex 169.475 -8.3 5
      vertex 208.65 -8.3 4
      vertex 162.3 -8.3 5
    endloop
  endfacet
  facet normal 0 1 0
    outer loop
      vertex 162.3 -8.3 5
      vertex 208.65 -8.3 4
      vertex 130.3 -8.3 5
    endloop
  endfacet
  facet normal 0 1 0
    outer loop
      vertex 130.3 -8.3 5
      vertex 208.65 -8.3 4
      vertex 91.95 -8.3 5
    endloop
  endfacet
  facet normal 0 1 0
    outer loop
      vertex 13.6 -8.3 4
      vertex 91.95 -8.3 5
      vertex 208.65 -8.3 4
    endloop
  endfacet
  facet normal 0 1 0
    outer loop
      vertex 91.95 -8.3 5
      vertex 13.6 -8.3 4
      vertex 59.95 -8.3 5
    endloop
  endfacet
  facet normal 0 1 0
    outer loop
      vertex 59.95 -8.3 5
      vertex 13.6 -8.3 4
      vertex 52.775 -8.3 5
    endloop
  endfacet
  facet normal 0 1 0
    outer loop
      vertex 201.475 -8.3 19
      vertex 208.65 -8.3 4
      vertex 201.475 -8.3 5
    endloop
  endfacet
  facet normal 0 1 0
    outer loop
      vertex 149.3 -8.3 32
      vertex 208.65 -8.3 46
      vertex 182.475 -8.3 32
    endloop
  endfacet
  facet normal 0 1 0
    outer loop
      vertex 143.3 -8.3 32
      vertex 208.65 -8.3 46
      vertex 149.3 -8.3 32
    endloop
  endfacet
  facet normal 0 1 0
    outer loop
      vertex 208.65 -8.3 46
      vertex 143.3 -8.3 32
      vertex 13.6 -8.3 46
    endloop
  endfacet
  facet normal 0 1 -0
    outer loop
      vertex 78.95 -8.3 32
      vertex 13.6 -8.3 46
      vertex 143.3 -8.3 32
    endloop
  endfacet
  facet normal 0 1 -0
    outer loop
      vertex 72.95 -8.3 32
      vertex 13.6 -8.3 46
      vertex 78.95 -8.3 32
    endloop
  endfacet
  facet normal 0 1 -0
    outer loop
      vertex 39.775 -8.3 32
      vertex 13.6 -8.3 46
      vertex 72.95 -8.3 32
    endloop
  endfacet
  facet normal 0 1 -0
    outer loop
      vertex 33.775 -8.3 32
      vertex 13.6 -8.3 46
      vertex 39.775 -8.3 32
    endloop
  endfacet
  facet normal 0 1 -0
    outer loop
      vertex 20.775 -8.3 19
      vertex 13.6 -8.3 46
      vertex 33.775 -8.3 32
    endloop
  endfacet
  facet normal 0 1 0
    outer loop
      vertex 13.6 -8.3 4
      vertex 20.775 -8.3 19
      vertex 20.775 -8.3 5
    endloop
  endfacet
  facet normal 0 1 0
    outer loop
      vertex 20.775 -8.3 19
      vertex 13.6 -8.3 4
      vertex 13.6 -8.3 46
    endloop
  endfacet
  facet normal 0 1 0
    outer loop
      vertex 52.775 -8.3 5
      vertex 13.6 -8.3 4
      vertex 20.775 -8.3 5
    endloop
  endfacet
  facet normal 0 -1 0
    outer loop
      vertex 162.3 -11 19
      vertex 182.475 -11 32
      vertex 149.3 -11 32
    endloop
  endfacet
  facet normal 0 -1 0
    outer loop
      vertex 162.3 -11 19
      vertex 169.475 -11 19
      vertex 182.475 -11 32
    endloop
  endfacet
  facet normal 0 -1 0
    outer loop
      vertex 162.3 -11 5
      vertex 169.475 -11 19
      vertex 162.3 -11 19
    endloop
  endfacet
  facet normal 0 -1 -0
    outer loop
      vertex 169.475 -11 19
      vertex 162.3 -11 5
      vertex 169.475 -11 5
    endloop
  endfacet
  facet normal 0 -1 0
    outer loop
      vertex 91.95 -11 19
      vertex 143.3 -11 32
      vertex 78.95 -11 32
    endloop
  endfacet
  facet normal 0 -1 0
    outer loop
      vertex 91.95 -11 19
      vertex 130.3 -11 19
      vertex 143.3 -11 32
    endloop
  endfacet
  facet normal 0 -1 0
    outer loop
      vertex 91.95 -11 5
      vertex 130.3 -11 19
      vertex 91.95 -11 19
    endloop
  endfacet
  facet normal 0 -1 -0
    outer loop
      vertex 130.3 -11 19
      vertex 91.95 -11 5
      vertex 130.3 -11 5
    endloop
  endfacet
  facet normal 0 -1 0
    outer loop
      vertex 52.775 -11 19
      vertex 72.95 -11 32
      vertex 39.775 -11 32
    endloop
  endfacet
  facet normal 0 -1 0
    outer loop
      vertex 52.775 -11 19
      vertex 59.95 -11 19
      vertex 72.95 -11 32
    endloop
  endfacet
  facet normal 0 -1 0
    outer loop
      vertex 52.775 -11 5
      vertex 59.95 -11 19
      vertex 52.775 -11 19
    endloop
  endfacet
  facet normal 0 -1 -0
    outer loop
      vertex 59.95 -11 19
      vertex 52.775 -11 5
      vertex 59.95 -11 5
    endloop
  endfacet
  facet normal 0 -1 0
    outer loop
      vertex 39.775 -11 32
      vertex 0 -11 46
      vertex 33.775 -11 32
    endloop
  endfacet
  facet normal 0 -1 0
    outer loop
      vertex 0 -11 46
      vertex 20.775 -11 19
      vertex 33.775 -11 32
    endloop
  endfacet
  facet normal 0 -1 0
    outer loop
      vertex 0 -11 0.4
      vertex 20.775 -11 19
      vertex 0 -11 46
    endloop
  endfacet
  facet normal 0 -1 0
    outer loop
      vertex 0 -11 0.4
      vertex 52.775 -11 5
      vertex 20.775 -11 5
    endloop
  endfacet
  facet normal 0 -1 -0
    outer loop
      vertex 52.775 -11 5
      vertex 0 -11 0.4
      vertex 59.95 -11 5
    endloop
  endfacet
  facet normal 0 -1 -0
    outer loop
      vertex 59.95 -11 5
      vertex 0 -11 0.4
      vertex 91.95 -11 5
    endloop
  endfacet
  facet normal 0 -1 -0
    outer loop
      vertex 91.95 -11 5
      vertex 0 -11 0.4
      vertex 130.3 -11 5
    endloop
  endfacet
  facet normal 0 -1 0
    outer loop
      vertex 222.25 -11 0.4
      vertex 130.3 -11 5
      vertex 0 -11 0.4
    endloop
  endfacet
  facet normal 0 -1 0
    outer loop
      vertex 130.3 -11 5
      vertex 222.25 -11 0.4
      vertex 162.3 -11 5
    endloop
  endfacet
  facet normal 0 -1 0
    outer loop
      vertex 162.3 -11 5
      vertex 222.25 -11 0.4
      vertex 169.475 -11 5
    endloop
  endfacet
  facet normal 0 -1 -0
    outer loop
      vertex 20.775 -11 19
      vertex 0 -11 0.4
      vertex 20.775 -11 5
    endloop
  endfacet
  facet normal 0 -1 0
    outer loop
      vertex 72.95 -11 32
      vertex 0 -11 46
      vertex 39.775 -11 32
    endloop
  endfacet
  facet normal 0 -1 0
    outer loop
      vertex 78.95 -11 32
      vertex 0 -11 46
      vertex 72.95 -11 32
    endloop
  endfacet
  facet normal 0 -1 0
    outer loop
      vertex 0 -11 46
      vertex 78.95 -11 32
      vertex 222.25 -11 46
    endloop
  endfacet
  facet normal 0 -1 0
    outer loop
      vertex 143.3 -11 32
      vertex 222.25 -11 46
      vertex 78.95 -11 32
    endloop
  endfacet
  facet normal 0 -1 0
    outer loop
      vertex 149.3 -11 32
      vertex 222.25 -11 46
      vertex 143.3 -11 32
    endloop
  endfacet
  facet normal 0 -1 0
    outer loop
      vertex 182.475 -11 32
      vertex 222.25 -11 46
      vertex 149.3 -11 32
    endloop
  endfacet
  facet normal 0 -1 0
    outer loop
      vertex 188.475 -11 32
      vertex 222.25 -11 46
      vertex 182.475 -11 32
    endloop
  endfacet
  facet normal 0 -1 0
    outer loop
      vertex 201.475 -11 19
      vertex 222.25 -11 46
      vertex 188.475 -11 32
    endloop
  endfacet
  facet normal 0 -1 0
    outer loop
      vertex 222.25 -11 0.4
      vertex 201.475 -11 19
      vertex 201.475 -11 5
    endloop
  endfacet
  facet normal 0 -1 0
    outer loop
      vertex 201.475 -11 19
      vertex 222.25 -11 0.4
      vertex 222.25 -11 46
    endloop
  endfacet
  facet normal 0 -1 0
    outer loop
      vertex 169.475 -11 5
      vertex 222.25 -11 0.4
      vertex 201.475 -11 5
    endloop
  endfacet
  facet normal 0 1 -0
    outer loop
      vertex 59.95 11 19
      vertex 39.775 11 32
      vertex 72.95 11 32
    endloop
  endfacet
  facet normal 0 1 0
    outer loop
      vertex 59.95 11 19
      vertex 52.775 11 19
      vertex 39.775 11 32
    endloop
  endfacet
  facet normal 0 1 -0
    outer loop
      vertex 59.95 11 5
      vertex 52.775 11 19
      vertex 59.95 11 19
    endloop
  endfacet
  facet normal 0 1 0
    outer loop
      vertex 52.775 11 19
      vertex 59.95 11 5
      vertex 52.775 11 5
    endloop
  endfacet
  facet normal 0 1 0
    outer loop
      vertex 72.95 11 32
      vertex 105.229 11 46
      vertex 78.95 11 32
    endloop
  endfacet
  facet normal 0 1 0
    outer loop
      vertex 105.229 11 46
      vertex 91.95 11 19
      vertex 78.95 11 32
    endloop
  endfacet
  facet normal 0 1 -0
    outer loop
      vertex 105.229 11 0.4
      vertex 91.95 11 19
      vertex 105.229 11 46
    endloop
  endfacet
  facet normal 0 1 0
    outer loop
      vertex 101.125 11 3
      vertex 59.95 11 5
      vertex 91.95 11 5
    endloop
  endfacet
  facet normal 0 1 0
    outer loop
      vertex 59.95 11 5
      vertex 101.125 11 3
      vertex 52.775 11 5
    endloop
  endfacet
  facet normal 0 1 0
    outer loop
      vertex 6 11 3
      vertex 52.775 11 5
      vertex 101.125 11 3
    endloop
  endfacet
  facet normal 0 1 0
    outer loop
      vertex 91.95 11 19
      vertex 101.125 11 3
      vertex 91.95 11 5
    endloop
  endfacet
  facet normal 0 1 0
    outer loop
      vertex 91.95 11 19
      vertex 105.229 11 0.4
      vertex 101.125 11 3
    endloop
  endfacet
  facet normal 0 1 0
    outer loop
      vertex 101.125 11 3
      vertex 105.229 11 0.4
      vertex 101.125 11 0.4
    endloop
  endfacet
  facet normal 0 1 0
    outer loop
      vertex 39.775 11 32
      vertex 105.229 11 46
      vertex 72.95 11 32
    endloop
  endfacet
  facet normal 0 1 0
    outer loop
      vertex 105.229 11 46
      vertex 39.775 11 32
      vertex 0 11 46
    endloop
  endfacet
  facet normal 0 1 -0
    outer loop
      vertex 33.775 11 32
      vertex 0 11 46
      vertex 39.775 11 32
    endloop
  endfacet
  facet normal 0 1 -0
    outer loop
      vertex 20.775 11 19
      vertex 0 11 46
      vertex 33.775 11 32
    endloop
  endfacet
  facet normal 0 1 0
    outer loop
      vertex 6 11 3
      vertex 20.775 11 19
      vertex 20.775 11 5
    endloop
  endfacet
  facet normal 0 1 0
    outer loop
      vertex 52.775 11 5
      vertex 6 11 3
      vertex 20.775 11 5
    endloop
  endfacet
  facet normal 0 1 0
    outer loop
      vertex 20.775 11 19
      vertex 6 11 3
      vertex 0 11 46
    endloop
  endfacet
  facet normal 0 1 0
    outer loop
      vertex 0 11 0.4
      vertex 6 11 3
      vertex 6 11 0.4
    endloop
  endfacet
  facet normal 0 1 0
    outer loop
      vertex 6 11 3
      vertex 0 11 0.4
      vertex 0 11 46
    endloop
  endfacet
  facet normal 0 1 -0
    outer loop
      vertex 169.475 11 19
      vertex 149.3 11 32
      vertex 182.475 11 32
    endloop
  endfacet
  facet normal 0 1 0
    outer loop
      vertex 169.475 11 19
      vertex 162.3 11 19
      vertex 149.3 11 32
    endloop
  endfacet
  facet normal 0 1 -0
    outer loop
      vertex 169.475 11 5
      vertex 162.3 11 19
      vertex 169.475 11 19
    endloop
  endfacet
  facet normal 0 1 0
    outer loop
      vertex 162.3 11 19
      vertex 169.475 11 5
      vertex 162.3 11 5
    endloop
  endfacet
  facet normal 0 1 0
    outer loop
      vertex 182.475 11 32
      vertex 222.25 11 46
      vertex 188.475 11 32
    endloop
  endfacet
  facet normal 0 1 0
    outer loop
      vertex 222.25 11 46
      vertex 201.475 11 19
      vertex 188.475 11 32
    endloop
  endfacet
  facet normal 0 1 -0
    outer loop
      vertex 222.25 11 0.4
      vertex 201.475 11 19
      vertex 222.25 11 46
    endloop
  endfacet
  facet normal 0 1 0
    outer loop
      vertex 222.25 11 0.4
      vertex 169.475 11 5
      vertex 201.475 11 5
    endloop
  endfacet
  facet normal 0 1 0
    outer loop
      vertex 117.021 11 0.4
      vertex 169.475 11 5
      vertex 222.25 11 0.4
    endloop
  endfacet
  facet normal 0 1 0
    outer loop
      vertex 169.475 11 5
      vertex 117.021 11 0.4
      vertex 162.3 11 5
    endloop
  endfacet
  facet normal 0 1 0
    outer loop
      vertex 201.475 11 19
      vertex 222.25 11 0.4
      vertex 201.475 11 5
    endloop
  endfacet
  facet normal 0 1 0
    outer loop
      vertex 222.25 11 46
      vertex 182.475 11 32
      vertex 117.021 11 46
    endloop
  endfacet
  facet normal 0 1 -0
    outer loop
      vertex 149.3 11 32
      vertex 117.021 11 46
      vertex 182.475 11 32
    endloop
  endfacet
  facet normal 0 1 -0
    outer loop
      vertex 143.3 11 32
      vertex 117.021 11 46
      vertex 149.3 11 32
    endloop
  endfacet
  facet normal 0 1 -0
    outer loop
      vertex 130.3 11 19
      vertex 117.021 11 46
      vertex 143.3 11 32
    endloop
  endfacet
  facet normal 0 1 0
    outer loop
      vertex 117.021 11 0.4
      vertex 130.3 11 19
      vertex 130.3 11 5
    endloop
  endfacet
  facet normal 0 1 0
    outer loop
      vertex 130.3 11 19
      vertex 117.021 11 0.4
      vertex 117.021 11 46
    endloop
  endfacet
  facet normal 0 1 0
    outer loop
      vertex 162.3 11 5
      vertex 117.021 11 0.4
      vertex 130.3 11 5
    endloop
  endfacet
  facet normal 0 -1 0
    outer loop
      vertex 52.775 8.3 19
      vertex 72.95 8.3 32
      vertex 39.775 8.3 32
    endloop
  endfacet
  facet normal 0 -1 0
    outer loop
      vertex 52.775 8.3 19
      vertex 59.95 8.3 19
      vertex 72.95 8.3 32
    endloop
  endfacet
  facet normal 0 -1 0
    outer loop
      vertex 52.775 8.3 5
      vertex 59.95 8.3 19
      vertex 52.775 8.3 19
    endloop
  endfacet
  facet normal 0 -1 -0
    outer loop
      vertex 59.95 8.3 19
      vertex 52.775 8.3 5
      vertex 59.95 8.3 5
    endloop
  endfacet
  facet normal 0 -1 0
    outer loop
      vertex 39.775 8.3 32
      vertex 13.6 8.3 46
      vertex 33.775 8.3 32
    endloop
  endfacet
  facet normal 0 -1 0
    outer loop
      vertex 13.6 8.3 46
      vertex 20.775 8.3 19
      vertex 33.775 8.3 32
    endloop
  endfacet
  facet normal 0 -1 0
    outer loop
      vertex 13.6 8.3 4
      vertex 20.775 8.3 19
      vertex 13.6 8.3 46
    endloop
  endfacet
  facet normal 0 -1 0
    outer loop
      vertex 13.6 8.3 4
      vertex 52.775 8.3 5
      vertex 20.775 8.3 5
    endloop
  endfacet
  facet normal 0 -1 -0
    outer loop
      vertex 52.775 8.3 5
      vertex 13.6 8.3 4
      vertex 59.95 8.3 5
    endloop
  endfacet
  facet normal 0 -1 0
    outer loop
      vertex 104.435 8.3 4
      vertex 59.95 8.3 5
      vertex 13.6 8.3 4
    endloop
  endfacet
  facet normal 0 -1 -0
    outer loop
      vertex 20.775 8.3 19
      vertex 13.6 8.3 4
      vertex 20.775 8.3 5
    endloop
  endfacet
  facet normal 0 -1 0
    outer loop
      vertex 72.95 8.3 32
      vertex 13.6 8.3 46
      vertex 39.775 8.3 32
    endloop
  endfacet
  facet normal 0 -1 0
    outer loop
      vertex 13.6 8.3 46
      vertex 72.95 8.3 32
      vertex 104.435 8.3 46
    endloop
  endfacet
  facet normal 0 -1 0
    outer loop
      vertex 78.95 8.3 32
      vertex 104.435 8.3 46
      vertex 72.95 8.3 32
    endloop
  endfacet
  facet normal 0 -1 0
    outer loop
      vertex 91.95 8.3 19
      vertex 104.435 8.3 46
      vertex 78.95 8.3 32
    endloop
  endfacet
  facet normal 0 -1 0
    outer loop
      vertex 104.435 8.3 4
      vertex 91.95 8.3 19
      vertex 91.95 8.3 5
    endloop
  endfacet
  facet normal 0 -1 0
    outer loop
      vertex 91.95 8.3 19
      vertex 104.435 8.3 4
      vertex 104.435 8.3 46
    endloop
  endfacet
  facet normal 0 -1 0
    outer loop
      vertex 59.95 8.3 5
      vertex 104.435 8.3 4
      vertex 91.95 8.3 5
    endloop
  endfacet
  facet normal 0 -1 0
    outer loop
      vertex 162.3 8.3 19
      vertex 182.475 8.3 32
      vertex 149.3 8.3 32
    endloop
  endfacet
  facet normal 0 -1 0
    outer loop
      vertex 162.3 8.3 19
      vertex 169.475 8.3 19
      vertex 182.475 8.3 32
    endloop
  endfacet
  facet normal 0 -1 0
    outer loop
      vertex 162.3 8.3 5
      vertex 169.475 8.3 19
      vertex 162.3 8.3 19
    endloop
  endfacet
  facet normal 0 -1 -0
    outer loop
      vertex 169.475 8.3 19
      vertex 162.3 8.3 5
      vertex 169.475 8.3 5
    endloop
  endfacet
  facet normal 0 -1 0
    outer loop
      vertex 149.3 8.3 32
      vertex 117.815 8.3 46
      vertex 143.3 8.3 32
    endloop
  endfacet
  facet normal 0 -1 0
    outer loop
      vertex 117.815 8.3 46
      vertex 130.3 8.3 19
      vertex 143.3 8.3 32
    endloop
  endfacet
  facet normal 0 -1 0
    outer loop
      vertex 117.815 8.3 4
      vertex 130.3 8.3 19
      vertex 117.815 8.3 46
    endloop
  endfacet
  facet normal 0 -1 0
    outer loop
      vertex 117.815 8.3 4
      vertex 162.3 8.3 5
      vertex 130.3 8.3 5
    endloop
  endfacet
  facet normal 0 -1 -0
    outer loop
      vertex 162.3 8.3 5
      vertex 117.815 8.3 4
      vertex 169.475 8.3 5
    endloop
  endfacet
  facet normal 0 -1 -0
    outer loop
      vertex 169.475 8.3 5
      vertex 117.815 8.3 4
      vertex 208.65 8.3 4
    endloop
  endfacet
  facet normal 0 -1 -0
    outer loop
      vertex 130.3 8.3 19
      vertex 117.815 8.3 4
      vertex 130.3 8.3 5
    endloop
  endfacet
  facet normal 0 -1 0
    outer loop
      vertex 117.815 8.3 46
      vertex 149.3 8.3 32
      vertex 208.65 8.3 46
    endloop
  endfacet
  facet normal 0 -1 0
    outer loop
      vertex 182.475 8.3 32
      vertex 208.65 8.3 46
      vertex 149.3 8.3 32
    endloop
  endfacet
  facet normal 0 -1 0
    outer loop
      vertex 188.475 8.3 32
      vertex 208.65 8.3 46
      vertex 182.475 8.3 32
    endloop
  endfacet
  facet normal 0 -1 0
    outer loop
      vertex 201.475 8.3 19
      vertex 208.65 8.3 46
      vertex 188.475 8.3 32
    endloop
  endfacet
  facet normal 0 -1 0
    outer loop
      vertex 208.65 8.3 4
      vertex 201.475 8.3 19
      vertex 201.475 8.3 5
    endloop
  endfacet
  facet normal 0 -1 0
    outer loop
      vertex 201.475 8.3 19
      vertex 208.65 8.3 4
      vertex 208.65 8.3 46
    endloop
  endfacet
  facet normal 0 -1 0
    outer loop
      vertex 169.475 8.3 5
      vertex 208.65 8.3 4
      vertex 201.475 8.3 5
    endloop
  endfacet
  facet normal 1 -0 0
    outer loop
      vertex 101.125 11 3
      vertex 101.125 83 0.4
      vertex 101.125 83 3
    endloop
  endfacet
  facet normal 1 0 0
    outer loop
      vertex 101.125 83 0.4
      vertex 101.125 11 3
      vertex 101.125 11 0.4
    endloop
  endfacet
  facet normal -1 0 0
    outer loop
      vertex 6 11 0.4
      vertex 6 83 3
      vertex 6 83 0.4
    endloop
  endfacet
  facet normal -1 -0 0
    outer loop
      vertex 6 83 3
      vertex 6 11 0.4
      vertex 6 11 3
    endloop
  endfacet
  facet normal 0 0.707107 -0.707107
    outer loop
      vertex 6.4 82.6 0
      vertex 101.125 83 0.4
      vertex 100.725 82.6 0
    endloop
  endfacet
  facet normal 0 0.707107 -0.707107
    outer loop
      vertex 101.125 83 0.4
      vertex 6.4 82.6 0
      vertex 6 83 0.4
    endloop
  endfacet
  facet normal 0 1 -0
    outer loop
      vertex 101.125 83 0.4
      vertex 6 83 3
      vertex 101.125 83 3
    endloop
  endfacet
  facet normal 0 1 0
    outer loop
      vertex 6 83 3
      vertex 101.125 83 0.4
      vertex 6 83 0.4
    endloop
  endfacet
  facet normal 0 0 -1
    outer loop
      vertex 0.4 4.72759 0
      vertex 6.4 10.6 0
      vertex 11 7.90761 0
    endloop
  endfacet
  facet normal -0 0 -1
    outer loop
      vertex 6.4 10.6 0
      vertex 0.4 4.72759 0
      vertex 0.4 10.6 0
    endloop
  endfacet
  facet normal 0 0 -1
    outer loop
      vertex 221.85 -10.6 0
      vertex 211.25 -7.90761 0
      vertex 221.85 -4.72759 0
    endloop
  endfacet
  facet normal 0 0 -1
    outer loop
      vertex 211.25 -7.90761 0
      vertex 197.475 -6 0
      vertex 211.25 7.90761 0
    endloop
  endfacet
  facet normal 0 0 -1
    outer loop
      vertex 221.85 -10.6 0
      vertex 197.475 -6 0
      vertex 211.25 -7.90761 0
    endloop
  endfacet
  facet normal 0 0 -1
    outer loop
      vertex 221.85 -10.6 0
      vertex 173.475 -6 0
      vertex 197.475 -6 0
    endloop
  endfacet
  facet normal 0 0 -1
    outer loop
      vertex 173.475 -6 0
      vertex 158.3 -6 0
      vertex 173.475 6 0
    endloop
  endfacet
  facet normal 0 0 -1
    outer loop
      vertex 221.85 -10.6 0
      vertex 158.3 -6 0
      vertex 173.475 -6 0
    endloop
  endfacet
  facet normal 0 0 -1
    outer loop
      vertex 221.85 -10.6 0
      vertex 134.3 -6 0
      vertex 158.3 -6 0
    endloop
  endfacet
  facet normal 0 0 -1
    outer loop
      vertex 113.634 7.14554 0
      vertex 134.3 6 0
      vertex 134.3 -6 0
    endloop
  endfacet
  facet normal 0 0 -1
    outer loop
      vertex 113.754 8.975 0
      vertex 116.742 10.7 0
      vertex 116.791 10.6 0
    endloop
  endfacet
  facet normal -0 0 -1
    outer loop
      vertex 116.742 10.7 0
      vertex 113.754 8.975 0
      vertex 116.371 11.2547 0
    endloop
  endfacet
  facet normal -0 0 -1
    outer loop
      vertex 116.371 11.2547 0
      vertex 113.634 9.15446 0
      vertex 115.931 11.7562 0
    endloop
  endfacet
  facet normal 0 0 -1
    outer loop
      vertex 113.492 9.31673 0
      vertex 115.931 11.7562 0
      vertex 113.634 9.15446 0
    endloop
  endfacet
  facet normal 0 0 -1
    outer loop
      vertex 113.329 9.45903 0
      vertex 115.43 12.1961 0
      vertex 113.492 9.31673 0
    endloop
  endfacet
  facet normal 0 0 -1
    outer loop
      vertex 134.3 6 0
      vertex 113.754 7.325 0
      vertex 116.791 10.6 0
    endloop
  endfacet
  facet normal 0 0 -1
    outer loop
      vertex 116.791 10.6 0
      vertex 113.975 8.15 0
      vertex 113.961 8.36537 0
    endloop
  endfacet
  facet normal 0 0 -1
    outer loop
      vertex 116.791 10.6 0
      vertex 113.961 7.93463 0
      vertex 113.975 8.15 0
    endloop
  endfacet
  facet normal 0 0 -1
    outer loop
      vertex 116.791 10.6 0
      vertex 113.919 7.72295 0
      vertex 113.961 7.93463 0
    endloop
  endfacet
  facet normal 0 0 -1
    outer loop
      vertex 116.791 10.6 0
      vertex 113.849 7.51857 0
      vertex 113.919 7.72295 0
    endloop
  endfacet
  facet normal 0 0 -1
    outer loop
      vertex 116.791 10.6 0
      vertex 113.754 7.325 0
      vertex 113.849 7.51857 0
    endloop
  endfacet
  facet normal 0 0 -1
    outer loop
      vertex 134.3 6 0
      vertex 113.634 7.14554 0
      vertex 113.754 7.325 0
    endloop
  endfacet
  facet normal 0 0 -1
    outer loop
      vertex 134.3 -6 0
      vertex 113.492 6.98327 0
      vertex 113.634 7.14554 0
    endloop
  endfacet
  facet normal 0 0 -1
    outer loop
      vertex 134.3 -6 0
      vertex 113.329 6.84097 0
      vertex 113.492 6.98327 0
    endloop
  endfacet
  facet normal 0 0 -1
    outer loop
      vertex 134.3 -6 0
      vertex 113.15 6.72106 0
      vertex 113.329 6.84097 0
    endloop
  endfacet
  facet normal 0 0 -1
    outer loop
      vertex 134.3 -6 0
      vertex 112.956 6.6256 0
      vertex 113.15 6.72106 0
    endloop
  endfacet
  facet normal 0 0 -1
    outer loop
      vertex 134.3 -6 0
      vertex 112.752 6.55622 0
      vertex 112.956 6.6256 0
    endloop
  endfacet
  facet normal 0 0 -1
    outer loop
      vertex 134.3 -6 0
      vertex 112.54 6.51412 0
      vertex 112.752 6.55622 0
    endloop
  endfacet
  facet normal 0 0 -1
    outer loop
      vertex 134.3 -6 0
      vertex 112.325 6.5 0
      vertex 112.54 6.51412 0
    endloop
  endfacet
  facet normal 0 0 -1
    outer loop
      vertex 134.3 -6 0
      vertex 109.925 6.5 0
      vertex 112.325 6.5 0
    endloop
  endfacet
  facet normal 0 0 -1
    outer loop
      vertex 87.95 -6 0
      vertex 109.925 6.5 0
      vertex 134.3 -6 0
    endloop
  endfacet
  facet normal -0 0 -1
    outer loop
      vertex 109.925 6.5 0
      vertex 87.95 -6 0
      vertex 109.71 6.51412 0
    endloop
  endfacet
  facet normal -0 0 -1
    outer loop
      vertex 109.71 6.51412 0
      vertex 87.95 -6 0
      vertex 109.498 6.55622 0
    endloop
  endfacet
  facet normal -0 0 -1
    outer loop
      vertex 109.498 6.55622 0
      vertex 87.95 -6 0
      vertex 109.294 6.6256 0
    endloop
  endfacet
  facet normal 0 0 -1
    outer loop
      vertex 109.1 9.57894 0
      vertex 107.375 12.5667 0
      vertex 107.973 12.8618 0
    endloop
  endfacet
  facet normal 0 0 -1
    outer loop
      vertex 105.459 10.6 0
      vertex 108.275 8.15 0
      vertex 108.289 7.93463 0
    endloop
  endfacet
  facet normal 0 0 -1
    outer loop
      vertex 108.289 8.36537 0
      vertex 106.82 12.1961 0
      vertex 107.375 12.5667 0
    endloop
  endfacet
  facet normal 0 0 -1
    outer loop
      vertex 105.459 10.6 0
      vertex 108.289 7.93463 0
      vertex 108.331 7.72295 0
    endloop
  endfacet
  facet normal 0 0 -1
    outer loop
      vertex 108.289 8.36537 0
      vertex 106.319 11.7562 0
      vertex 106.82 12.1961 0
    endloop
  endfacet
  facet normal 0 0 -1
    outer loop
      vertex 105.459 10.6 0
      vertex 108.331 7.72295 0
      vertex 108.401 7.51857 0
    endloop
  endfacet
  facet normal 0 0 -1
    outer loop
      vertex 108.289 8.36537 0
      vertex 105.879 11.2547 0
      vertex 106.319 11.7562 0
    endloop
  endfacet
  facet normal 0 0 -1
    outer loop
      vertex 100.725 10.6 0
      vertex 108.401 7.51857 0
      vertex 108.496 7.325 0
    endloop
  endfacet
  facet normal 0 0 -1
    outer loop
      vertex 108.289 8.36537 0
      vertex 105.508 10.7 0
      vertex 105.879 11.2547 0
    endloop
  endfacet
  facet normal 0 0 -1
    outer loop
      vertex 100.725 10.6 0
      vertex 108.496 7.325 0
      vertex 108.616 7.14554 0
    endloop
  endfacet
  facet normal 0 0 -1
    outer loop
      vertex 108.289 8.36537 0
      vertex 105.459 10.6 0
      vertex 105.508 10.7 0
    endloop
  endfacet
  facet normal 0 0 -1
    outer loop
      vertex 100.725 10.6 0
      vertex 108.616 7.14554 0
      vertex 108.758 6.98327 0
    endloop
  endfacet
  facet normal 0 0 -1
    outer loop
      vertex 108.401 7.51857 0
      vertex 100.725 10.6 0
      vertex 105.459 10.6 0
    endloop
  endfacet
  facet normal 0 0 -1
    outer loop
      vertex 87.95 -6 0
      vertex 108.758 6.98327 0
      vertex 108.921 6.84097 0
    endloop
  endfacet
  facet normal 0 0 -1
    outer loop
      vertex 87.95 -6 0
      vertex 108.921 6.84097 0
      vertex 109.1 6.72106 0
    endloop
  endfacet
  facet normal -0 0 -1
    outer loop
      vertex 109.294 6.6256 0
      vertex 87.95 -6 0
      vertex 109.1 6.72106 0
    endloop
  endfacet
  facet normal 0 0 -1
    outer loop
      vertex 96.125 75 0
      vertex 100.725 10.6 0
      vertex 96.125 15 0
    endloop
  endfacet
  facet normal 0 0 -1
    outer loop
      vertex 87.95 6 0
      vertex 100.725 10.6 0
      vertex 87.95 -6 0
    endloop
  endfacet
  facet normal -0 0 -1
    outer loop
      vertex 108.758 6.98327 0
      vertex 87.95 -6 0
      vertex 100.725 10.6 0
    endloop
  endfacet
  facet normal 0 0 -1
    outer loop
      vertex 221.85 -10.6 0
      vertex 87.95 -6 0
      vertex 134.3 -6 0
    endloop
  endfacet
  facet normal 0 0 -1
    outer loop
      vertex 0.4 -10.6 0
      vertex 87.95 -6 0
      vertex 221.85 -10.6 0
    endloop
  endfacet
  facet normal 0 0 -1
    outer loop
      vertex 63.95 -6 0
      vertex 48.775 -6 0
      vertex 63.95 6 0
    endloop
  endfacet
  facet normal -0 0 -1
    outer loop
      vertex 87.95 -6 0
      vertex 0.4 -10.6 0
      vertex 63.95 -6 0
    endloop
  endfacet
  facet normal -0 0 -1
    outer loop
      vertex 63.95 -6 0
      vertex 0.4 -10.6 0
      vertex 48.775 -6 0
    endloop
  endfacet
  facet normal 0 0 -1
    outer loop
      vertex 11 7.90761 0
      vertex 24.775 6 0
      vertex 24.775 -6 0
    endloop
  endfacet
  facet normal 0 0 -1
    outer loop
      vertex 24.775 6 0
      vertex 11 7.90761 0
      vertex 21.125 27 0
    endloop
  endfacet
  facet normal 0 0 -1
    outer loop
      vertex 11 7.90761 0
      vertex 24.775 -6 0
      vertex 11 -7.90761 0
    endloop
  endfacet
  facet normal -0 0 -1
    outer loop
      vertex 48.775 -6 0
      vertex 0.4 -10.6 0
      vertex 24.775 -6 0
    endloop
  endfacet
  facet normal 0 0 -1
    outer loop
      vertex 24.775 -6 0
      vertex 0.4 -10.6 0
      vertex 11 -7.90761 0
    endloop
  endfacet
  facet normal -0 0 -1
    outer loop
      vertex 11 -7.90761 0
      vertex 0.4 -10.6 0
      vertex 0.4 -4.72759 0
    endloop
  endfacet
  facet normal 0 0 -1
    outer loop
      vertex 211.25 7.90761 0
      vertex 221.85 10.6 0
      vertex 221.85 4.72759 0
    endloop
  endfacet
  facet normal 0 0 -1
    outer loop
      vertex 197.475 6 0
      vertex 211.25 7.90761 0
      vertex 197.475 -6 0
    endloop
  endfacet
  facet normal 0 0 -1
    outer loop
      vertex 197.475 6 0
      vertex 221.85 10.6 0
      vertex 211.25 7.90761 0
    endloop
  endfacet
  facet normal 0 0 -1
    outer loop
      vertex 173.475 6 0
      vertex 221.85 10.6 0
      vertex 197.475 6 0
    endloop
  endfacet
  facet normal 0 0 -1
    outer loop
      vertex 158.3 6 0
      vertex 173.475 6 0
      vertex 158.3 -6 0
    endloop
  endfacet
  facet normal 0 0 -1
    outer loop
      vertex 116.791 10.6 0
      vertex 173.475 6 0
      vertex 158.3 6 0
    endloop
  endfacet
  facet normal 0 0 -1
    outer loop
      vertex 116.791 10.6 0
      vertex 158.3 6 0
      vertex 134.3 6 0
    endloop
  endfacet
  facet normal 0 0 -1
    outer loop
      vertex 173.475 6 0
      vertex 116.791 10.6 0
      vertex 221.85 10.6 0
    endloop
  endfacet
  facet normal 0 0 -1
    outer loop
      vertex 113.919 8.57705 0
      vertex 116.791 10.6 0
      vertex 113.961 8.36537 0
    endloop
  endfacet
  facet normal 0 0 -1
    outer loop
      vertex 113.849 8.78143 0
      vertex 116.791 10.6 0
      vertex 113.919 8.57705 0
    endloop
  endfacet
  facet normal 0 0 -1
    outer loop
      vertex 113.754 8.975 0
      vertex 116.791 10.6 0
      vertex 113.849 8.78143 0
    endloop
  endfacet
  facet normal 0 0 -1
    outer loop
      vertex 116.371 11.2547 0
      vertex 113.754 8.975 0
      vertex 113.634 9.15446 0
    endloop
  endfacet
  facet normal -0 0 -1
    outer loop
      vertex 115.931 11.7562 0
      vertex 113.492 9.31673 0
      vertex 115.43 12.1961 0
    endloop
  endfacet
  facet normal -0 0 -1
    outer loop
      vertex 115.43 12.1961 0
      vertex 113.329 9.45903 0
      vertex 114.875 12.5667 0
    endloop
  endfacet
  facet normal 0 0 -1
    outer loop
      vertex 113.15 9.57894 0
      vertex 114.875 12.5667 0
      vertex 113.329 9.45903 0
    endloop
  endfacet
  facet normal -0 0 -1
    outer loop
      vertex 114.875 12.5667 0
      vertex 113.15 9.57894 0
      vertex 114.277 12.8618 0
    endloop
  endfacet
  facet normal 0 0 -1
    outer loop
      vertex 112.956 9.6744 0
      vertex 114.277 12.8618 0
      vertex 113.15 9.57894 0
    endloop
  endfacet
  facet normal -0 0 -1
    outer loop
      vertex 114.277 12.8618 0
      vertex 112.956 9.6744 0
      vertex 113.645 13.0762 0
    endloop
  endfacet
  facet normal 0 0 -1
    outer loop
      vertex 112.752 9.74378 0
      vertex 113.645 13.0762 0
      vertex 112.956 9.6744 0
    endloop
  endfacet
  facet normal -0 0 -1
    outer loop
      vertex 113.645 13.0762 0
      vertex 112.752 9.74378 0
      vertex 112.991 13.2064 0
    endloop
  endfacet
  facet normal 0 0 -1
    outer loop
      vertex 112.54 9.78588 0
      vertex 112.991 13.2064 0
      vertex 112.752 9.74378 0
    endloop
  endfacet
  facet normal 0 0 -1
    outer loop
      vertex 112.325 9.8 0
      vertex 112.991 13.2064 0
      vertex 112.54 9.78588 0
    endloop
  endfacet
  facet normal 0 0 -1
    outer loop
      vertex 112.325 9.8 0
      vertex 112.325 13.25 0
      vertex 112.991 13.2064 0
    endloop
  endfacet
  facet normal 0 0 -1
    outer loop
      vertex 109.925 9.8 0
      vertex 112.325 13.25 0
      vertex 112.325 9.8 0
    endloop
  endfacet
  facet normal 0 0 -1
    outer loop
      vertex 109.925 9.8 0
      vertex 109.925 13.25 0
      vertex 112.325 13.25 0
    endloop
  endfacet
  facet normal 0 0 -1
    outer loop
      vertex 109.71 9.78588 0
      vertex 109.925 13.25 0
      vertex 109.925 9.8 0
    endloop
  endfacet
  facet normal 0 0 -1
    outer loop
      vertex 109.259 13.2064 0
      vertex 109.71 9.78588 0
      vertex 109.498 9.74378 0
    endloop
  endfacet
  facet normal 0 0 -1
    outer loop
      vertex 108.605 13.0762 0
      vertex 109.498 9.74378 0
      vertex 109.294 9.6744 0
    endloop
  endfacet
  facet normal 0 0 -1
    outer loop
      vertex 109.71 9.78588 0
      vertex 109.259 13.2064 0
      vertex 109.925 13.25 0
    endloop
  endfacet
  facet normal 0 0 -1
    outer loop
      vertex 107.973 12.8618 0
      vertex 109.294 9.6744 0
      vertex 109.1 9.57894 0
    endloop
  endfacet
  facet normal 0 0 -1
    outer loop
      vertex 107.375 12.5667 0
      vertex 109.1 9.57894 0
      vertex 108.921 9.45903 0
    endloop
  endfacet
  facet normal 0 0 -1
    outer loop
      vertex 107.375 12.5667 0
      vertex 108.921 9.45903 0
      vertex 108.758 9.31673 0
    endloop
  endfacet
  facet normal 0 0 -1
    outer loop
      vertex 107.375 12.5667 0
      vertex 108.758 9.31673 0
      vertex 108.616 9.15446 0
    endloop
  endfacet
  facet normal 0 0 -1
    outer loop
      vertex 109.498 9.74378 0
      vertex 108.605 13.0762 0
      vertex 109.259 13.2064 0
    endloop
  endfacet
  facet normal 0 0 -1
    outer loop
      vertex 107.375 12.5667 0
      vertex 108.616 9.15446 0
      vertex 108.496 8.975 0
    endloop
  endfacet
  facet normal 0 0 -1
    outer loop
      vertex 107.375 12.5667 0
      vertex 108.496 8.975 0
      vertex 108.401 8.78143 0
    endloop
  endfacet
  facet normal 0 0 -1
    outer loop
      vertex 107.375 12.5667 0
      vertex 108.401 8.78143 0
      vertex 108.331 8.57705 0
    endloop
  endfacet
  facet normal 0 0 -1
    outer loop
      vertex 107.375 12.5667 0
      vertex 108.331 8.57705 0
      vertex 108.289 8.36537 0
    endloop
  endfacet
  facet normal 0 0 -1
    outer loop
      vertex 109.294 9.6744 0
      vertex 107.973 12.8618 0
      vertex 108.605 13.0762 0
    endloop
  endfacet
  facet normal 0 0 -1
    outer loop
      vertex 105.459 10.6 0
      vertex 108.289 8.36537 0
      vertex 108.275 8.15 0
    endloop
  endfacet
  facet normal 0 0 -1
    outer loop
      vertex 100.725 10.6 0
      vertex 96.125 75 0
      vertex 100.725 82.6 0
    endloop
  endfacet
  facet normal 0 0 -1
    outer loop
      vertex 80.125 75 0
      vertex 100.725 82.6 0
      vertex 96.125 75 0
    endloop
  endfacet
  facet normal 0 0 -1
    outer loop
      vertex 66.125 63 0
      vertex 80.125 75 0
      vertex 66.125 27 0
    endloop
  endfacet
  facet normal 0 0 -1
    outer loop
      vertex 6.4 82.6 0
      vertex 66.125 63 0
      vertex 21.125 63 0
    endloop
  endfacet
  facet normal 0 0 -1
    outer loop
      vertex 66.125 63 0
      vertex 6.4 82.6 0
      vertex 80.125 75 0
    endloop
  endfacet
  facet normal 0 0 -1
    outer loop
      vertex 6.4 10.6 0
      vertex 21.125 27 0
      vertex 11 7.90761 0
    endloop
  endfacet
  facet normal -0 0 -1
    outer loop
      vertex 21.125 27 0
      vertex 6.4 10.6 0
      vertex 21.125 63 0
    endloop
  endfacet
  facet normal 0 0 -1
    outer loop
      vertex 80.125 75 0
      vertex 6.4 82.6 0
      vertex 100.725 82.6 0
    endloop
  endfacet
  facet normal 0 0 -1
    outer loop
      vertex 6.4 82.6 0
      vertex 21.125 63 0
      vertex 6.4 10.6 0
    endloop
  endfacet
  facet normal -0 0 -1
    outer loop
      vertex 100.725 10.6 0
      vertex 87.95 6 0
      vertex 96.125 15 0
    endloop
  endfacet
  facet normal 0 0 -1
    outer loop
      vertex 87.95 6 0
      vertex 80.125 15 0
      vertex 96.125 15 0
    endloop
  endfacet
  facet normal 0 0 -1
    outer loop
      vertex 80.125 15 0
      vertex 66.125 27 0
      vertex 80.125 75 0
    endloop
  endfacet
  facet normal 0 0 -1
    outer loop
      vertex 63.95 6 0
      vertex 80.125 15 0
      vertex 87.95 6 0
    endloop
  endfacet
  facet normal -0 0 -1
    outer loop
      vertex 80.125 15 0
      vertex 63.95 6 0
      vertex 66.125 27 0
    endloop
  endfacet
  facet normal 0 0 -1
    outer loop
      vertex 48.775 6 0
      vertex 63.95 6 0
      vertex 48.775 -6 0
    endloop
  endfacet
  facet normal 0 0 -1
    outer loop
      vertex 63.95 6 0
      vertex 48.775 6 0
      vertex 66.125 27 0
    endloop
  endfacet
  facet normal 0 0 -1
    outer loop
      vertex 21.125 27 0
      vertex 48.775 6 0
      vertex 24.775 6 0
    endloop
  endfacet
  facet normal 0 0 -1
    outer loop
      vertex 48.775 6 0
      vertex 21.125 27 0
      vertex 66.125 27 0
    endloop
  endfacet
  facet normal -0.707107 0 -0.707107
    outer loop
      vertex 6.4 82.6 0
      vertex 6 11 0.4
      vertex 6 83 0.4
    endloop
  endfacet
  facet normal -0.707107 0 -0.707107
    outer loop
      vertex 6 11 0.4
      vertex 6.4 82.6 0
      vertex 6.4 10.6 0
    endloop
  endfacet
  facet normal 0.707107 0 -0.707107
    outer loop
      vertex 100.725 82.6 0
      vertex 101.125 11 0.4
      vertex 100.725 10.6 0
    endloop
  endfacet
  facet normal 0.707107 0 -0.707107
    outer loop
      vertex 101.125 11 0.4
      vertex 100.725 82.6 0
      vertex 101.125 83 0.4
    endloop
  endfacet
  facet normal -0 0 1
    outer loop
      vertex 17.7435 67.911 3
      vertex 21.125 63 3
      vertex 17.9537 68.4184 3
    endloop
  endfacet
  facet normal 0 0 1
    outer loop
      vertex 21.125 27 3
      vertex 18.0819 21.0475 3
      vertex 18.125 20.5 3
    endloop
  endfacet
  facet normal -0 0 1
    outer loop
      vertex 17.4566 67.4427 3
      vertex 21.125 63 3
      vertex 17.7435 67.911 3
    endloop
  endfacet
  facet normal 0 0 1
    outer loop
      vertex 21.125 27 3
      vertex 17.9537 21.5816 3
      vertex 18.0819 21.0475 3
    endloop
  endfacet
  facet normal -0 0 1
    outer loop
      vertex 17.0999 67.0251 3
      vertex 21.125 63 3
      vertex 17.4566 67.4427 3
    endloop
  endfacet
  facet normal 0 0 1
    outer loop
      vertex 21.125 27 3
      vertex 17.7435 22.089 3
      vertex 17.9537 21.5816 3
    endloop
  endfacet
  facet normal -0 0 1
    outer loop
      vertex 16.6822 66.6684 3
      vertex 21.125 63 3
      vertex 17.0999 67.0251 3
    endloop
  endfacet
  facet normal 0 0 1
    outer loop
      vertex 21.125 27 3
      vertex 17.4566 22.5572 3
      vertex 17.7435 22.089 3
    endloop
  endfacet
  facet normal -0 0 1
    outer loop
      vertex 16.214 66.3815 3
      vertex 21.125 63 3
      vertex 16.6822 66.6684 3
    endloop
  endfacet
  facet normal 0 0 1
    outer loop
      vertex 21.125 27 3
      vertex 17.0999 22.9749 3
      vertex 17.4566 22.5572 3
    endloop
  endfacet
  facet normal -0 0 1
    outer loop
      vertex 15.7066 66.1713 3
      vertex 21.125 63 3
      vertex 16.214 66.3815 3
    endloop
  endfacet
  facet normal 0 0 1
    outer loop
      vertex 21.125 27 3
      vertex 16.6822 23.3316 3
      vertex 17.0999 22.9749 3
    endloop
  endfacet
  facet normal -0 0 1
    outer loop
      vertex 15.1725 66.0431 3
      vertex 21.125 63 3
      vertex 15.7066 66.1713 3
    endloop
  endfacet
  facet normal 0 0 1
    outer loop
      vertex 21.125 27 3
      vertex 16.214 23.6185 3
      vertex 16.6822 23.3316 3
    endloop
  endfacet
  facet normal -0 0 1
    outer loop
      vertex 14.625 66 3
      vertex 21.125 63 3
      vertex 15.1725 66.0431 3
    endloop
  endfacet
  facet normal 0 0 1
    outer loop
      vertex 21.125 27 3
      vertex 15.7066 23.8287 3
      vertex 16.214 23.6185 3
    endloop
  endfacet
  facet normal 0 0 1
    outer loop
      vertex 14.0775 66.0431 3
      vertex 21.125 63 3
      vertex 14.625 66 3
    endloop
  endfacet
  facet normal 0 0 1
    outer loop
      vertex 21.125 27 3
      vertex 15.1725 23.9569 3
      vertex 15.7066 23.8287 3
    endloop
  endfacet
  facet normal 0 0 1
    outer loop
      vertex 21.125 63 3
      vertex 14.0775 66.0431 3
      vertex 21.125 27 3
    endloop
  endfacet
  facet normal 0 0 1
    outer loop
      vertex 21.125 27 3
      vertex 14.625 24 3
      vertex 15.1725 23.9569 3
    endloop
  endfacet
  facet normal 0 0 1
    outer loop
      vertex 14.0775 23.9569 3
      vertex 21.125 27 3
      vertex 14.0775 66.0431 3
    endloop
  endfacet
  facet normal 0 0 1
    outer loop
      vertex 21.125 27 3
      vertex 14.0775 23.9569 3
      vertex 14.625 24 3
    endloop
  endfacet
  facet normal 0 0 1
    outer loop
      vertex 13.5434 66.1713 3
      vertex 14.0775 23.9569 3
      vertex 14.0775 66.0431 3
    endloop
  endfacet
  facet normal 0 0 1
    outer loop
      vertex 13.5434 66.1713 3
      vertex 13.5434 23.8287 3
      vertex 14.0775 23.9569 3
    endloop
  endfacet
  facet normal 0 0 1
    outer loop
      vertex 13.036 66.3815 3
      vertex 13.5434 23.8287 3
      vertex 13.5434 66.1713 3
    endloop
  endfacet
  facet normal 0 0 1
    outer loop
      vertex 13.036 66.3815 3
      vertex 13.036 23.6185 3
      vertex 13.5434 23.8287 3
    endloop
  endfacet
  facet normal 0 0 1
    outer loop
      vertex 12.5678 66.6684 3
      vertex 13.036 23.6185 3
      vertex 13.036 66.3815 3
    endloop
  endfacet
  facet normal 0 0 1
    outer loop
      vertex 12.5678 66.6684 3
      vertex 12.5678 23.3316 3
      vertex 13.036 23.6185 3
    endloop
  endfacet
  facet normal 0 0 1
    outer loop
      vertex 12.1501 67.0251 3
      vertex 12.5678 23.3316 3
      vertex 12.5678 66.6684 3
    endloop
  endfacet
  facet normal 0 0 1
    outer loop
      vertex 12.1501 67.0251 3
      vertex 12.1501 22.9749 3
      vertex 12.5678 23.3316 3
    endloop
  endfacet
  facet normal 0 0 1
    outer loop
      vertex 11.7934 67.4427 3
      vertex 12.1501 22.9749 3
      vertex 12.1501 67.0251 3
    endloop
  endfacet
  facet normal 0 0 1
    outer loop
      vertex 11.7934 67.4427 3
      vertex 11.7934 22.5572 3
      vertex 12.1501 22.9749 3
    endloop
  endfacet
  facet normal 0 0 1
    outer loop
      vertex 11.5065 67.911 3
      vertex 11.7934 22.5572 3
      vertex 11.7934 67.4427 3
    endloop
  endfacet
  facet normal 0 0 1
    outer loop
      vertex 11.5065 67.911 3
      vertex 11.5065 22.089 3
      vertex 11.7934 22.5572 3
    endloop
  endfacet
  facet normal 0 0 1
    outer loop
      vertex 11.2963 68.4184 3
      vertex 11.5065 22.089 3
      vertex 11.5065 67.911 3
    endloop
  endfacet
  facet normal 0 0 1
    outer loop
      vertex 11.2963 68.4184 3
      vertex 11.2963 21.5816 3
      vertex 11.5065 22.089 3
    endloop
  endfacet
  facet normal 0 0 1
    outer loop
      vertex 6 83 3
      vertex 11.2963 68.4184 3
      vertex 11.1681 68.9525 3
    endloop
  endfacet
  facet normal 0 0 1
    outer loop
      vertex 11.2963 68.4184 3
      vertex 6 11 3
      vertex 11.2963 21.5816 3
    endloop
  endfacet
  facet normal 0 0 1
    outer loop
      vertex 6 83 3
      vertex 11.1681 68.9525 3
      vertex 11.125 69.5 3
    endloop
  endfacet
  facet normal 0 0 1
    outer loop
      vertex 11.2963 21.5816 3
      vertex 6 11 3
      vertex 11.1681 21.0475 3
    endloop
  endfacet
  facet normal 0 0 1
    outer loop
      vertex 75.7435 67.911 3
      vertex 80.125 75 3
      vertex 75.9537 68.4184 3
    endloop
  endfacet
  facet normal 0 0 1
    outer loop
      vertex 80.125 15 3
      vertex 76.0819 21.0475 3
      vertex 76.125 20.5 3
    endloop
  endfacet
  facet normal 0 0 1
    outer loop
      vertex 80.125 75 3
      vertex 75.7435 67.911 3
      vertex 80.125 15 3
    endloop
  endfacet
  facet normal 0 0 1
    outer loop
      vertex 80.125 15 3
      vertex 75.9537 21.5816 3
      vertex 76.0819 21.0475 3
    endloop
  endfacet
  facet normal -0 0 1
    outer loop
      vertex 75.7435 22.089 3
      vertex 80.125 15 3
      vertex 75.7435 67.911 3
    endloop
  endfacet
  facet normal 0 0 1
    outer loop
      vertex 80.125 15 3
      vertex 75.7435 22.089 3
      vertex 75.9537 21.5816 3
    endloop
  endfacet
  facet normal -0 0 1
    outer loop
      vertex 75.4566 67.4427 3
      vertex 75.7435 22.089 3
      vertex 75.7435 67.911 3
    endloop
  endfacet
  facet normal 0 0 1
    outer loop
      vertex 75.4566 67.4427 3
      vertex 75.4566 22.5572 3
      vertex 75.7435 22.089 3
    endloop
  endfacet
  facet normal -0 0 1
    outer loop
      vertex 75.0999 67.0251 3
      vertex 75.4566 22.5572 3
      vertex 75.4566 67.4427 3
    endloop
  endfacet
  facet normal 0 0 1
    outer loop
      vertex 75.0999 67.0251 3
      vertex 75.0999 22.9749 3
      vertex 75.4566 22.5572 3
    endloop
  endfacet
  facet normal -0 0 1
    outer loop
      vertex 74.6823 66.6684 3
      vertex 75.0999 22.9749 3
      vertex 75.0999 67.0251 3
    endloop
  endfacet
  facet normal 0 0 1
    outer loop
      vertex 74.6823 66.6684 3
      vertex 74.6823 23.3316 3
      vertex 75.0999 22.9749 3
    endloop
  endfacet
  facet normal -0 0 1
    outer loop
      vertex 74.214 66.3815 3
      vertex 74.6823 23.3316 3
      vertex 74.6823 66.6684 3
    endloop
  endfacet
  facet normal 0 0 1
    outer loop
      vertex 74.214 66.3815 3
      vertex 74.214 23.6185 3
      vertex 74.6823 23.3316 3
    endloop
  endfacet
  facet normal -0 0 1
    outer loop
      vertex 73.7066 66.1713 3
      vertex 74.214 23.6185 3
      vertex 74.214 66.3815 3
    endloop
  endfacet
  facet normal 0 0 1
    outer loop
      vertex 73.7066 66.1713 3
      vertex 73.7066 23.8287 3
      vertex 74.214 23.6185 3
    endloop
  endfacet
  facet normal -0 0 1
    outer loop
      vertex 73.1725 66.0431 3
      vertex 73.7066 23.8287 3
      vertex 73.7066 66.1713 3
    endloop
  endfacet
  facet normal 0 0 1
    outer loop
      vertex 73.1725 66.0431 3
      vertex 73.1725 23.9569 3
      vertex 73.7066 23.8287 3
    endloop
  endfacet
  facet normal 0 0 1
    outer loop
      vertex 66.125 63 3
      vertex 73.1725 66.0431 3
      vertex 72.625 66 3
    endloop
  endfacet
  facet normal 0 0 1
    outer loop
      vertex 73.1725 66.0431 3
      vertex 66.125 63 3
      vertex 73.1725 23.9569 3
    endloop
  endfacet
  facet normal 0 0 1
    outer loop
      vertex 66.125 63 3
      vertex 72.625 66 3
      vertex 72.0775 66.0431 3
    endloop
  endfacet
  facet normal -0 0 1
    outer loop
      vertex 66.125 27 3
      vertex 73.1725 23.9569 3
      vertex 66.125 63 3
    endloop
  endfacet
  facet normal 0 0 1
    outer loop
      vertex 66.125 63 3
      vertex 72.0775 66.0431 3
      vertex 71.5434 66.1713 3
    endloop
  endfacet
  facet normal 0 0 1
    outer loop
      vertex 73.1725 23.9569 3
      vertex 66.125 27 3
      vertex 72.625 24 3
    endloop
  endfacet
  facet normal 0 0 1
    outer loop
      vertex 66.125 63 3
      vertex 71.5434 66.1713 3
      vertex 71.036 66.3815 3
    endloop
  endfacet
  facet normal 0 0 1
    outer loop
      vertex 72.625 24 3
      vertex 66.125 27 3
      vertex 72.0775 23.9569 3
    endloop
  endfacet
  facet normal 0 0 1
    outer loop
      vertex 66.125 63 3
      vertex 71.036 66.3815 3
      vertex 70.5677 66.6684 3
    endloop
  endfacet
  facet normal 0 0 1
    outer loop
      vertex 72.0775 23.9569 3
      vertex 66.125 27 3
      vertex 71.5434 23.8287 3
    endloop
  endfacet
  facet normal 0 0 1
    outer loop
      vertex 66.125 63 3
      vertex 70.5677 66.6684 3
      vertex 70.1501 67.0251 3
    endloop
  endfacet
  facet normal 0 0 1
    outer loop
      vertex 71.5434 23.8287 3
      vertex 66.125 27 3
      vertex 71.036 23.6185 3
    endloop
  endfacet
  facet normal 0 0 1
    outer loop
      vertex 66.125 63 3
      vertex 70.1501 67.0251 3
      vertex 69.7934 67.4427 3
    endloop
  endfacet
  facet normal 0 0 1
    outer loop
      vertex 71.036 23.6185 3
      vertex 66.125 27 3
      vertex 70.5677 23.3316 3
    endloop
  endfacet
  facet normal 0 0 1
    outer loop
      vertex 66.125 63 3
      vertex 69.7934 67.4427 3
      vertex 69.5065 67.911 3
    endloop
  endfacet
  facet normal 0 0 1
    outer loop
      vertex 70.5677 23.3316 3
      vertex 66.125 27 3
      vertex 70.1501 22.9749 3
    endloop
  endfacet
  facet normal 0 0 1
    outer loop
      vertex 66.125 63 3
      vertex 69.5065 67.911 3
      vertex 69.2963 68.4184 3
    endloop
  endfacet
  facet normal 0 0 1
    outer loop
      vertex 70.1501 22.9749 3
      vertex 66.125 27 3
      vertex 69.7934 22.5572 3
    endloop
  endfacet
  facet normal 0 0 1
    outer loop
      vertex 66.125 63 3
      vertex 69.2963 68.4184 3
      vertex 69.1681 68.9525 3
    endloop
  endfacet
  facet normal 0 0 1
    outer loop
      vertex 69.7934 22.5572 3
      vertex 66.125 27 3
      vertex 69.5065 22.089 3
    endloop
  endfacet
  facet normal 0 0 1
    outer loop
      vertex 66.125 63 3
      vertex 69.1681 68.9525 3
      vertex 69.125 69.5 3
    endloop
  endfacet
  facet normal 0 0 1
    outer loop
      vertex 69.5065 22.089 3
      vertex 66.125 27 3
      vertex 69.2963 21.5816 3
    endloop
  endfacet
  facet normal 0 0 1
    outer loop
      vertex 101.125 83 3
      vertex 96.125 75 3
      vertex 101.125 11 3
    endloop
  endfacet
  facet normal 0 0 1
    outer loop
      vertex 101.125 83 3
      vertex 80.125 75 3
      vertex 96.125 75 3
    endloop
  endfacet
  facet normal 0 0 1
    outer loop
      vertex 76.0819 68.9525 3
      vertex 80.125 75 3
      vertex 76.125 69.5 3
    endloop
  endfacet
  facet normal 0 0 1
    outer loop
      vertex 80.125 75 3
      vertex 76.0819 70.0475 3
      vertex 76.125 69.5 3
    endloop
  endfacet
  facet normal 0 0 1
    outer loop
      vertex 80.125 75 3
      vertex 75.9537 70.5816 3
      vertex 76.0819 70.0475 3
    endloop
  endfacet
  facet normal 0 0 1
    outer loop
      vertex 80.125 75 3
      vertex 75.7435 71.089 3
      vertex 75.9537 70.5816 3
    endloop
  endfacet
  facet normal 0 0 1
    outer loop
      vertex 80.125 75 3
      vertex 75.4566 71.5573 3
      vertex 75.7435 71.089 3
    endloop
  endfacet
  facet normal 0 0 1
    outer loop
      vertex 80.125 75 3
      vertex 75.0999 71.9749 3
      vertex 75.4566 71.5573 3
    endloop
  endfacet
  facet normal 0 0 1
    outer loop
      vertex 80.125 75 3
      vertex 74.6823 72.3316 3
      vertex 75.0999 71.9749 3
    endloop
  endfacet
  facet normal 0 0 1
    outer loop
      vertex 80.125 75 3
      vertex 74.214 72.6185 3
      vertex 74.6823 72.3316 3
    endloop
  endfacet
  facet normal 0 0 1
    outer loop
      vertex 80.125 75 3
      vertex 73.7066 72.8287 3
      vertex 74.214 72.6185 3
    endloop
  endfacet
  facet normal -0 0 1
    outer loop
      vertex 6 83 3
      vertex 80.125 75 3
      vertex 101.125 83 3
    endloop
  endfacet
  facet normal 0 0 1
    outer loop
      vertex 80.125 75 3
      vertex 73.1725 72.9569 3
      vertex 73.7066 72.8287 3
    endloop
  endfacet
  facet normal 0 0 1
    outer loop
      vertex 80.125 75 3
      vertex 72.625 73 3
      vertex 73.1725 72.9569 3
    endloop
  endfacet
  facet normal 0 0 1
    outer loop
      vertex 80.125 75 3
      vertex 72.0775 72.9569 3
      vertex 72.625 73 3
    endloop
  endfacet
  facet normal 0 0 1
    outer loop
      vertex 80.125 75 3
      vertex 6 83 3
      vertex 72.0775 72.9569 3
    endloop
  endfacet
  facet normal 0 0 1
    outer loop
      vertex 69.2963 21.5816 3
      vertex 66.125 27 3
      vertex 69.1681 21.0475 3
    endloop
  endfacet
  facet normal 0 0 1
    outer loop
      vertex 69.1681 70.0475 3
      vertex 66.125 63 3
      vertex 69.125 69.5 3
    endloop
  endfacet
  facet normal 0 0 1
    outer loop
      vertex 69.2963 70.5816 3
      vertex 66.125 63 3
      vertex 69.1681 70.0475 3
    endloop
  endfacet
  facet normal 0 0 1
    outer loop
      vertex 17.9537 70.5816 3
      vertex 69.2963 70.5816 3
      vertex 69.5065 71.089 3
    endloop
  endfacet
  facet normal 0 0 1
    outer loop
      vertex 69.2963 70.5816 3
      vertex 21.125 63 3
      vertex 66.125 63 3
    endloop
  endfacet
  facet normal 0 0 1
    outer loop
      vertex 17.7435 71.089 3
      vertex 69.5065 71.089 3
      vertex 69.7934 71.5573 3
    endloop
  endfacet
  facet normal 0 0 1
    outer loop
      vertex 17.4566 71.5573 3
      vertex 69.7934 71.5573 3
      vertex 70.1501 71.9749 3
    endloop
  endfacet
  facet normal 0 0 1
    outer loop
      vertex 17.0999 71.9749 3
      vertex 70.1501 71.9749 3
      vertex 70.5677 72.3316 3
    endloop
  endfacet
  facet normal 0 0 1
    outer loop
      vertex 6 83 3
      vertex 70.5677 72.3316 3
      vertex 71.036 72.6185 3
    endloop
  endfacet
  facet normal 0 0 1
    outer loop
      vertex 6 83 3
      vertex 71.036 72.6185 3
      vertex 71.5434 72.8287 3
    endloop
  endfacet
  facet normal 0 0 1
    outer loop
      vertex 72.0775 72.9569 3
      vertex 6 83 3
      vertex 71.5434 72.8287 3
    endloop
  endfacet
  facet normal -0 0 1
    outer loop
      vertex 18.0819 68.9525 3
      vertex 21.125 63 3
      vertex 18.125 69.5 3
    endloop
  endfacet
  facet normal 0 0 1
    outer loop
      vertex 69.2963 70.5816 3
      vertex 17.9537 70.5816 3
      vertex 21.125 63 3
    endloop
  endfacet
  facet normal 0 0 1
    outer loop
      vertex 21.125 63 3
      vertex 18.0819 70.0475 3
      vertex 18.125 69.5 3
    endloop
  endfacet
  facet normal 0 0 1
    outer loop
      vertex 21.125 63 3
      vertex 17.9537 70.5816 3
      vertex 18.0819 70.0475 3
    endloop
  endfacet
  facet normal 0 0 1
    outer loop
      vertex 69.5065 71.089 3
      vertex 17.7435 71.089 3
      vertex 17.9537 70.5816 3
    endloop
  endfacet
  facet normal 0 0 1
    outer loop
      vertex 69.7934 71.5573 3
      vertex 17.4566 71.5573 3
      vertex 17.7435 71.089 3
    endloop
  endfacet
  facet normal 0 0 1
    outer loop
      vertex 70.1501 71.9749 3
      vertex 17.0999 71.9749 3
      vertex 17.4566 71.5573 3
    endloop
  endfacet
  facet normal 0 0 1
    outer loop
      vertex 70.5677 72.3316 3
      vertex 16.6822 72.3316 3
      vertex 17.0999 71.9749 3
    endloop
  endfacet
  facet normal 0 0 1
    outer loop
      vertex 70.5677 72.3316 3
      vertex 6 83 3
      vertex 16.6822 72.3316 3
    endloop
  endfacet
  facet normal 0 0 1
    outer loop
      vertex 16.6822 72.3316 3
      vertex 6 83 3
      vertex 16.214 72.6185 3
    endloop
  endfacet
  facet normal 0 0 1
    outer loop
      vertex 16.214 72.6185 3
      vertex 6 83 3
      vertex 15.7066 72.8287 3
    endloop
  endfacet
  facet normal 0 0 1
    outer loop
      vertex 15.7066 72.8287 3
      vertex 6 83 3
      vertex 15.1725 72.9569 3
    endloop
  endfacet
  facet normal 0 0 1
    outer loop
      vertex 15.1725 72.9569 3
      vertex 6 83 3
      vertex 14.625 73 3
    endloop
  endfacet
  facet normal 0 0 1
    outer loop
      vertex 11.2963 68.4184 3
      vertex 6 83 3
      vertex 6 11 3
    endloop
  endfacet
  facet normal 0 0 1
    outer loop
      vertex 11.1681 70.0475 3
      vertex 6 83 3
      vertex 11.125 69.5 3
    endloop
  endfacet
  facet normal 0 0 1
    outer loop
      vertex 11.2963 70.5816 3
      vertex 6 83 3
      vertex 11.1681 70.0475 3
    endloop
  endfacet
  facet normal 0 0 1
    outer loop
      vertex 11.5065 71.089 3
      vertex 6 83 3
      vertex 11.2963 70.5816 3
    endloop
  endfacet
  facet normal 0 0 1
    outer loop
      vertex 11.7934 71.5573 3
      vertex 6 83 3
      vertex 11.5065 71.089 3
    endloop
  endfacet
  facet normal 0 0 1
    outer loop
      vertex 12.1501 71.9749 3
      vertex 6 83 3
      vertex 11.7934 71.5573 3
    endloop
  endfacet
  facet normal 0 0 1
    outer loop
      vertex 12.5678 72.3316 3
      vertex 6 83 3
      vertex 12.1501 71.9749 3
    endloop
  endfacet
  facet normal 0 0 1
    outer loop
      vertex 13.036 72.6185 3
      vertex 6 83 3
      vertex 12.5678 72.3316 3
    endloop
  endfacet
  facet normal 0 0 1
    outer loop
      vertex 13.5434 72.8287 3
      vertex 6 83 3
      vertex 13.036 72.6185 3
    endloop
  endfacet
  facet normal 0 0 1
    outer loop
      vertex 14.0775 72.9569 3
      vertex 6 83 3
      vertex 13.5434 72.8287 3
    endloop
  endfacet
  facet normal 0 0 1
    outer loop
      vertex 14.625 73 3
      vertex 6 83 3
      vertex 14.0775 72.9569 3
    endloop
  endfacet
  facet normal -0 0 1
    outer loop
      vertex 96.125 15 3
      vertex 101.125 11 3
      vertex 96.125 75 3
    endloop
  endfacet
  facet normal -0 0 1
    outer loop
      vertex 80.125 15 3
      vertex 101.125 11 3
      vertex 96.125 15 3
    endloop
  endfacet
  facet normal 0 0 1
    outer loop
      vertex 75.9537 68.4184 3
      vertex 80.125 75 3
      vertex 76.0819 68.9525 3
    endloop
  endfacet
  facet normal -0 0 1
    outer loop
      vertex 76.0819 19.9525 3
      vertex 80.125 15 3
      vertex 76.125 20.5 3
    endloop
  endfacet
  facet normal -0 0 1
    outer loop
      vertex 75.9537 19.4184 3
      vertex 80.125 15 3
      vertex 76.0819 19.9525 3
    endloop
  endfacet
  facet normal -0 0 1
    outer loop
      vertex 75.7435 18.911 3
      vertex 80.125 15 3
      vertex 75.9537 19.4184 3
    endloop
  endfacet
  facet normal -0 0 1
    outer loop
      vertex 75.4566 18.4428 3
      vertex 80.125 15 3
      vertex 75.7435 18.911 3
    endloop
  endfacet
  facet normal -0 0 1
    outer loop
      vertex 75.0999 18.0251 3
      vertex 80.125 15 3
      vertex 75.4566 18.4428 3
    endloop
  endfacet
  facet normal -0 0 1
    outer loop
      vertex 74.6823 17.6684 3
      vertex 80.125 15 3
      vertex 75.0999 18.0251 3
    endloop
  endfacet
  facet normal -0 0 1
    outer loop
      vertex 74.214 17.3815 3
      vertex 80.125 15 3
      vertex 74.6823 17.6684 3
    endloop
  endfacet
  facet normal -0 0 1
    outer loop
      vertex 73.7066 17.1713 3
      vertex 80.125 15 3
      vertex 74.214 17.3815 3
    endloop
  endfacet
  facet normal -0 0 1
    outer loop
      vertex 73.1725 17.0431 3
      vertex 80.125 15 3
      vertex 73.7066 17.1713 3
    endloop
  endfacet
  facet normal -0 0 1
    outer loop
      vertex 72.625 17 3
      vertex 80.125 15 3
      vertex 73.1725 17.0431 3
    endloop
  endfacet
  facet normal 0 0 1
    outer loop
      vertex 72.0775 17.0431 3
      vertex 80.125 15 3
      vertex 72.625 17 3
    endloop
  endfacet
  facet normal 0 0 1
    outer loop
      vertex 6 11 3
      vertex 72.0775 17.0431 3
      vertex 71.5434 17.1713 3
    endloop
  endfacet
  facet normal 0 0 1
    outer loop
      vertex 69.1681 21.0475 3
      vertex 66.125 27 3
      vertex 69.125 20.5 3
    endloop
  endfacet
  facet normal 0 0 1
    outer loop
      vertex 66.125 27 3
      vertex 69.1681 19.9525 3
      vertex 69.125 20.5 3
    endloop
  endfacet
  facet normal 0 0 1
    outer loop
      vertex 66.125 27 3
      vertex 69.2963 19.4184 3
      vertex 69.1681 19.9525 3
    endloop
  endfacet
  facet normal -0 0 1
    outer loop
      vertex 21.125 27 3
      vertex 69.2963 19.4184 3
      vertex 66.125 27 3
    endloop
  endfacet
  facet normal 0 0 1
    outer loop
      vertex 17.9537 19.4184 3
      vertex 69.2963 19.4184 3
      vertex 21.125 27 3
    endloop
  endfacet
  facet normal 0 0 1
    outer loop
      vertex 69.2963 19.4184 3
      vertex 17.9537 19.4184 3
      vertex 69.5065 18.911 3
    endloop
  endfacet
  facet normal 0 0 1
    outer loop
      vertex 17.7435 18.911 3
      vertex 69.5065 18.911 3
      vertex 17.9537 19.4184 3
    endloop
  endfacet
  facet normal 0 0 1
    outer loop
      vertex 69.5065 18.911 3
      vertex 17.7435 18.911 3
      vertex 69.7934 18.4428 3
    endloop
  endfacet
  facet normal 0 0 1
    outer loop
      vertex 17.4566 18.4428 3
      vertex 69.7934 18.4428 3
      vertex 17.7435 18.911 3
    endloop
  endfacet
  facet normal 0 0 1
    outer loop
      vertex 69.7934 18.4428 3
      vertex 17.4566 18.4428 3
      vertex 70.1501 18.0251 3
    endloop
  endfacet
  facet normal 0 0 1
    outer loop
      vertex 17.0999 18.0251 3
      vertex 70.1501 18.0251 3
      vertex 17.4566 18.4428 3
    endloop
  endfacet
  facet normal -0 0 1
    outer loop
      vertex 17.9537 68.4184 3
      vertex 21.125 63 3
      vertex 18.0819 68.9525 3
    endloop
  endfacet
  facet normal 0 0 1
    outer loop
      vertex 18.0819 19.9525 3
      vertex 21.125 27 3
      vertex 18.125 20.5 3
    endloop
  endfacet
  facet normal 0 0 1
    outer loop
      vertex 17.9537 19.4184 3
      vertex 21.125 27 3
      vertex 18.0819 19.9525 3
    endloop
  endfacet
  facet normal 0 0 1
    outer loop
      vertex 70.1501 18.0251 3
      vertex 17.0999 18.0251 3
      vertex 70.5677 17.6684 3
    endloop
  endfacet
  facet normal 0 0 1
    outer loop
      vertex 16.6822 17.6684 3
      vertex 70.5677 17.6684 3
      vertex 17.0999 18.0251 3
    endloop
  endfacet
  facet normal 0 0 1
    outer loop
      vertex 70.5677 17.6684 3
      vertex 16.6822 17.6684 3
      vertex 71.036 17.3815 3
    endloop
  endfacet
  facet normal 0 0 1
    outer loop
      vertex 16.214 17.3815 3
      vertex 71.036 17.3815 3
      vertex 16.6822 17.6684 3
    endloop
  endfacet
  facet normal 0 0 1
    outer loop
      vertex 6 11 3
      vertex 71.036 17.3815 3
      vertex 16.214 17.3815 3
    endloop
  endfacet
  facet normal 0 0 1
    outer loop
      vertex 71.036 17.3815 3
      vertex 6 11 3
      vertex 71.5434 17.1713 3
    endloop
  endfacet
  facet normal 0 0 1
    outer loop
      vertex 72.0775 17.0431 3
      vertex 6 11 3
      vertex 80.125 15 3
    endloop
  endfacet
  facet normal 0 0 1
    outer loop
      vertex 6 11 3
      vertex 16.214 17.3815 3
      vertex 15.7066 17.1713 3
    endloop
  endfacet
  facet normal 0 0 1
    outer loop
      vertex 6 11 3
      vertex 15.7066 17.1713 3
      vertex 15.1725 17.0431 3
    endloop
  endfacet
  facet normal 0 0 1
    outer loop
      vertex 6 11 3
      vertex 15.1725 17.0431 3
      vertex 14.625 17 3
    endloop
  endfacet
  facet normal 0 0 1
    outer loop
      vertex 11.1681 21.0475 3
      vertex 6 11 3
      vertex 11.125 20.5 3
    endloop
  endfacet
  facet normal 0 0 1
    outer loop
      vertex 80.125 15 3
      vertex 6 11 3
      vertex 101.125 11 3
    endloop
  endfacet
  facet normal 0 0 1
    outer loop
      vertex 14.0775 17.0431 3
      vertex 6 11 3
      vertex 14.625 17 3
    endloop
  endfacet
  facet normal 0 0 1
    outer loop
      vertex 13.5434 17.1713 3
      vertex 6 11 3
      vertex 14.0775 17.0431 3
    endloop
  endfacet
  facet normal 0 0 1
    outer loop
      vertex 13.036 17.3815 3
      vertex 6 11 3
      vertex 13.5434 17.1713 3
    endloop
  endfacet
  facet normal 0 0 1
    outer loop
      vertex 12.5678 17.6684 3
      vertex 6 11 3
      vertex 13.036 17.3815 3
    endloop
  endfacet
  facet normal 0 0 1
    outer loop
      vertex 12.1501 18.0251 3
      vertex 6 11 3
      vertex 12.5678 17.6684 3
    endloop
  endfacet
  facet normal 0 0 1
    outer loop
      vertex 11.7934 18.4428 3
      vertex 6 11 3
      vertex 12.1501 18.0251 3
    endloop
  endfacet
  facet normal 0 0 1
    outer loop
      vertex 11.5065 18.911 3
      vertex 6 11 3
      vertex 11.7934 18.4428 3
    endloop
  endfacet
  facet normal 0 0 1
    outer loop
      vertex 11.2963 19.4184 3
      vertex 6 11 3
      vertex 11.5065 18.911 3
    endloop
  endfacet
  facet normal 0 0 1
    outer loop
      vertex 11.1681 19.9525 3
      vertex 6 11 3
      vertex 11.2963 19.4184 3
    endloop
  endfacet
  facet normal 0 0 1
    outer loop
      vertex 11.125 20.5 3
      vertex 6 11 3
      vertex 11.1681 19.9525 3
    endloop
  endfacet
  facet normal -1 0 0
    outer loop
      vertex 66.125 27 0
      vertex 66.125 63 3
      vertex 66.125 63 0
    endloop
  endfacet
  facet normal -1 -0 0
    outer loop
      vertex 66.125 63 3
      vertex 66.125 27 0
      vertex 66.125 27 3
    endloop
  endfacet
  facet normal 1 -0 0
    outer loop
      vertex 21.125 27 3
      vertex 21.125 63 0
      vertex 21.125 63 3
    endloop
  endfacet
  facet normal 1 0 0
    outer loop
      vertex 21.125 63 0
      vertex 21.125 27 3
      vertex 21.125 27 0
    endloop
  endfacet
  facet normal 0 -1 0
    outer loop
      vertex 21.125 63 0
      vertex 66.125 63 3
      vertex 21.125 63 3
    endloop
  endfacet
  facet normal 0 -1 -0
    outer loop
      vertex 66.125 63 3
      vertex 21.125 63 0
      vertex 66.125 63 0
    endloop
  endfacet
  facet normal 0 1 -0
    outer loop
      vertex 66.125 27 0
      vertex 21.125 27 3
      vertex 66.125 27 3
    endloop
  endfacet
  facet normal 0 1 0
    outer loop
      vertex 21.125 27 3
      vertex 66.125 27 0
      vertex 21.125 27 0
    endloop
  endfacet
  facet normal -1 0 0
    outer loop
      vertex 96.125 15 0
      vertex 96.125 75 3
      vertex 96.125 75 0
    endloop
  endfacet
  facet normal -1 -0 0
    outer loop
      vertex 96.125 75 3
      vertex 96.125 15 0
      vertex 96.125 15 3
    endloop
  endfacet
  facet normal 1 -0 0
    outer loop
      vertex 80.125 15 3
      vertex 80.125 75 0
      vertex 80.125 75 3
    endloop
  endfacet
  facet normal 1 0 0
    outer loop
      vertex 80.125 75 0
      vertex 80.125 15 3
      vertex 80.125 15 0
    endloop
  endfacet
  facet normal 0 -1 0
    outer loop
      vertex 80.125 75 0
      vertex 96.125 75 3
      vertex 80.125 75 3
    endloop
  endfacet
  facet normal 0 -1 -0
    outer loop
      vertex 96.125 75 3
      vertex 80.125 75 0
      vertex 96.125 75 0
    endloop
  endfacet
  facet normal 0 1 -0
    outer loop
      vertex 96.125 15 0
      vertex 80.125 15 3
      vertex 96.125 15 3
    endloop
  endfacet
  facet normal 0 1 0
    outer loop
      vertex 80.125 15 3
      vertex 96.125 15 0
      vertex 80.125 15 0
    endloop
  endfacet
  facet normal 0.852651 0.522481 0
    outer loop
      vertex 17.7435 22.089 8
      vertex 17.4566 22.5572 3
      vertex 17.4566 22.5572 8
    endloop
  endfacet
  facet normal 0.852651 0.522481 0
    outer loop
      vertex 17.4566 22.5572 3
      vertex 17.7435 22.089 8
      vertex 17.7435 22.089 3
    endloop
  endfacet
  facet normal 0.972381 0.2334 0
    outer loop
      vertex 18.0819 21.0475 8
      vertex 17.9537 21.5816 3
      vertex 17.9537 21.5816 8
    endloop
  endfacet
  facet normal 0.972381 0.2334 0
    outer loop
      vertex 17.9537 21.5816 3
      vertex 18.0819 21.0475 8
      vertex 18.0819 21.0475 3
    endloop
  endfacet
  facet normal 0.996916 0.0784787 0
    outer loop
      vertex 18.125 20.5 8
      vertex 18.0819 21.0475 3
      vertex 18.0819 21.0475 8
    endloop
  endfacet
  facet normal 0.996916 0.0784787 0
    outer loop
      vertex 18.0819 21.0475 3
      vertex 18.125 20.5 8
      vertex 18.125 20.5 3
    endloop
  endfacet
  facet normal 0.923861 0.382727 0
    outer loop
      vertex 17.9537 21.5816 8
      vertex 17.7435 22.089 3
      vertex 17.7435 22.089 8
    endloop
  endfacet
  facet normal 0.923861 0.382727 0
    outer loop
      vertex 17.7435 22.089 3
      vertex 17.9537 21.5816 8
      vertex 17.9537 21.5816 3
    endloop
  endfacet
  facet normal -0.0784787 0.996916 0
    outer loop
      vertex 14.625 24 3
      vertex 14.0775 23.9569 8
      vertex 14.625 24 8
    endloop
  endfacet
  facet normal -0.0784787 0.996916 0
    outer loop
      vertex 14.0775 23.9569 8
      vertex 14.625 24 3
      vertex 14.0775 23.9569 3
    endloop
  endfacet
  facet normal 0.382727 -0.923861 0
    outer loop
      vertex 15.7066 17.1713 3
      vertex 16.214 17.3815 8
      vertex 15.7066 17.1713 8
    endloop
  endfacet
  facet normal 0.382727 -0.923861 0
    outer loop
      vertex 16.214 17.3815 8
      vertex 15.7066 17.1713 3
      vertex 16.214 17.3815 3
    endloop
  endfacet
  facet normal 0.522481 0.852651 -0
    outer loop
      vertex 16.6822 23.3316 3
      vertex 16.214 23.6185 8
      vertex 16.6822 23.3316 8
    endloop
  endfacet
  facet normal 0.522481 0.852651 0
    outer loop
      vertex 16.214 23.6185 8
      vertex 16.6822 23.3316 3
      vertex 16.214 23.6185 3
    endloop
  endfacet
  facet normal -0.972381 0.2334 0
    outer loop
      vertex 11.1681 21.0475 3
      vertex 11.2963 21.5816 8
      vertex 11.2963 21.5816 3
    endloop
  endfacet
  facet normal -0.972381 0.2334 0
    outer loop
      vertex 11.2963 21.5816 8
      vertex 11.1681 21.0475 3
      vertex 11.1681 21.0475 8
    endloop
  endfacet
  facet normal 0.649396 0.76045 -0
    outer loop
      vertex 17.0999 22.9749 3
      vertex 16.6822 23.3316 8
      vertex 17.0999 22.9749 8
    endloop
  endfacet
  facet normal 0.649396 0.76045 0
    outer loop
      vertex 16.6822 23.3316 8
      vertex 17.0999 22.9749 3
      vertex 16.6822 23.3316 3
    endloop
  endfacet
  facet normal 0.0784787 -0.996916 0
    outer loop
      vertex 14.625 17 3
      vertex 15.1725 17.0431 8
      vertex 14.625 17 8
    endloop
  endfacet
  facet normal 0.0784787 -0.996916 0
    outer loop
      vertex 15.1725 17.0431 8
      vertex 14.625 17 3
      vertex 15.1725 17.0431 3
    endloop
  endfacet
  facet normal 0.522481 -0.852651 0
    outer loop
      vertex 16.214 17.3815 3
      vertex 16.6822 17.6684 8
      vertex 16.214 17.3815 8
    endloop
  endfacet
  facet normal 0.522481 -0.852651 0
    outer loop
      vertex 16.6822 17.6684 8
      vertex 16.214 17.3815 3
      vertex 16.6822 17.6684 3
    endloop
  endfacet
  facet normal -0.923861 -0.382727 0
    outer loop
      vertex 11.5065 18.911 3
      vertex 11.2963 19.4184 8
      vertex 11.2963 19.4184 3
    endloop
  endfacet
  facet normal -0.923861 -0.382727 0
    outer loop
      vertex 11.2963 19.4184 8
      vertex 11.5065 18.911 3
      vertex 11.5065 18.911 8
    endloop
  endfacet
  facet normal -0.996916 0.0784787 0
    outer loop
      vertex 11.125 20.5 3
      vertex 11.1681 21.0475 8
      vertex 11.1681 21.0475 3
    endloop
  endfacet
  facet normal -0.996916 0.0784787 0
    outer loop
      vertex 11.1681 21.0475 8
      vertex 11.125 20.5 3
      vertex 11.125 20.5 8
    endloop
  endfacet
  facet normal -0.2334 -0.972381 0
    outer loop
      vertex 13.5434 17.1713 3
      vertex 14.0775 17.0431 8
      vertex 13.5434 17.1713 8
    endloop
  endfacet
  facet normal -0.2334 -0.972381 -0
    outer loop
      vertex 14.0775 17.0431 8
      vertex 13.5434 17.1713 3
      vertex 14.0775 17.0431 3
    endloop
  endfacet
  facet normal 0.996916 -0.0784787 0
    outer loop
      vertex 18.0819 19.9525 8
      vertex 18.125 20.5 3
      vertex 18.125 20.5 8
    endloop
  endfacet
  facet normal 0.996916 -0.0784787 0
    outer loop
      vertex 18.125 20.5 3
      vertex 18.0819 19.9525 8
      vertex 18.0819 19.9525 3
    endloop
  endfacet
  facet normal -0.0784787 -0.996916 0
    outer loop
      vertex 14.0775 17.0431 3
      vertex 14.625 17 8
      vertex 14.0775 17.0431 8
    endloop
  endfacet
  facet normal -0.0784787 -0.996916 -0
    outer loop
      vertex 14.625 17 8
      vertex 14.0775 17.0431 3
      vertex 14.625 17 3
    endloop
  endfacet
  facet normal 0.923861 -0.382727 0
    outer loop
      vertex 17.7435 18.911 8
      vertex 17.9537 19.4184 3
      vertex 17.9537 19.4184 8
    endloop
  endfacet
  facet normal 0.923861 -0.382727 0
    outer loop
      vertex 17.9537 19.4184 3
      vertex 17.7435 18.911 8
      vertex 17.7435 18.911 3
    endloop
  endfacet
  facet normal -0.923861 0.382727 0
    outer loop
      vertex 11.2963 21.5816 3
      vertex 11.5065 22.089 8
      vertex 11.5065 22.089 3
    endloop
  endfacet
  facet normal -0.923861 0.382727 0
    outer loop
      vertex 11.5065 22.089 8
      vertex 11.2963 21.5816 3
      vertex 11.2963 21.5816 8
    endloop
  endfacet
  facet normal 0.649396 -0.76045 0
    outer loop
      vertex 16.6822 17.6684 3
      vertex 17.0999 18.0251 8
      vertex 16.6822 17.6684 8
    endloop
  endfacet
  facet normal 0.649396 -0.76045 0
    outer loop
      vertex 17.0999 18.0251 8
      vertex 16.6822 17.6684 3
      vertex 17.0999 18.0251 3
    endloop
  endfacet
  facet normal 0.2334 -0.972381 0
    outer loop
      vertex 15.1725 17.0431 3
      vertex 15.7066 17.1713 8
      vertex 15.1725 17.0431 8
    endloop
  endfacet
  facet normal 0.2334 -0.972381 0
    outer loop
      vertex 15.7066 17.1713 8
      vertex 15.1725 17.0431 3
      vertex 15.7066 17.1713 3
    endloop
  endfacet
  facet normal -0.76045 0.649396 0
    outer loop
      vertex 11.7934 22.5572 3
      vertex 12.1501 22.9749 8
      vertex 12.1501 22.9749 3
    endloop
  endfacet
  facet normal -0.76045 0.649396 0
    outer loop
      vertex 12.1501 22.9749 8
      vertex 11.7934 22.5572 3
      vertex 11.7934 22.5572 8
    endloop
  endfacet
  facet normal -0.2334 0.972381 0
    outer loop
      vertex 14.0775 23.9569 3
      vertex 13.5434 23.8287 8
      vertex 14.0775 23.9569 8
    endloop
  endfacet
  facet normal -0.2334 0.972381 0
    outer loop
      vertex 13.5434 23.8287 8
      vertex 14.0775 23.9569 3
      vertex 13.5434 23.8287 3
    endloop
  endfacet
  facet normal -0.522481 0.852651 0
    outer loop
      vertex 13.036 23.6185 3
      vertex 12.5678 23.3316 8
      vertex 13.036 23.6185 8
    endloop
  endfacet
  facet normal -0.522481 0.852651 0
    outer loop
      vertex 12.5678 23.3316 8
      vertex 13.036 23.6185 3
      vertex 12.5678 23.3316 3
    endloop
  endfacet
  facet normal 0.76045 -0.649396 0
    outer loop
      vertex 17.0999 18.0251 8
      vertex 17.4566 18.4428 3
      vertex 17.4566 18.4428 8
    endloop
  endfacet
  facet normal 0.76045 -0.649396 0
    outer loop
      vertex 17.4566 18.4428 3
      vertex 17.0999 18.0251 8
      vertex 17.0999 18.0251 3
    endloop
  endfacet
  facet normal 0.0784787 0.996916 -0
    outer loop
      vertex 15.1725 23.9569 3
      vertex 14.625 24 8
      vertex 15.1725 23.9569 8
    endloop
  endfacet
  facet normal 0.0784787 0.996916 0
    outer loop
      vertex 14.625 24 8
      vertex 15.1725 23.9569 3
      vertex 14.625 24 3
    endloop
  endfacet
  facet normal -0.972381 -0.2334 0
    outer loop
      vertex 11.2963 19.4184 3
      vertex 11.1681 19.9525 8
      vertex 11.1681 19.9525 3
    endloop
  endfacet
  facet normal -0.972381 -0.2334 0
    outer loop
      vertex 11.1681 19.9525 8
      vertex 11.2963 19.4184 3
      vertex 11.2963 19.4184 8
    endloop
  endfacet
  facet normal -0.852651 0.522481 0
    outer loop
      vertex 11.5065 22.089 3
      vertex 11.7934 22.5572 8
      vertex 11.7934 22.5572 3
    endloop
  endfacet
  facet normal -0.852651 0.522481 0
    outer loop
      vertex 11.7934 22.5572 8
      vertex 11.5065 22.089 3
      vertex 11.5065 22.089 8
    endloop
  endfacet
  facet normal 0.382727 0.923861 -0
    outer loop
      vertex 16.214 23.6185 3
      vertex 15.7066 23.8287 8
      vertex 16.214 23.6185 8
    endloop
  endfacet
  facet normal 0.382727 0.923861 0
    outer loop
      vertex 15.7066 23.8287 8
      vertex 16.214 23.6185 3
      vertex 15.7066 23.8287 3
    endloop
  endfacet
  facet normal -0.382727 0.923861 0
    outer loop
      vertex 13.5434 23.8287 3
      vertex 13.036 23.6185 8
      vertex 13.5434 23.8287 8
    endloop
  endfacet
  facet normal -0.382727 0.923861 0
    outer loop
      vertex 13.036 23.6185 8
      vertex 13.5434 23.8287 3
      vertex 13.036 23.6185 3
    endloop
  endfacet
  facet normal 0.972381 -0.2334 0
    outer loop
      vertex 17.9537 19.4184 8
      vertex 18.0819 19.9525 3
      vertex 18.0819 19.9525 8
    endloop
  endfacet
  facet normal 0.972381 -0.2334 0
    outer loop
      vertex 18.0819 19.9525 3
      vertex 17.9537 19.4184 8
      vertex 17.9537 19.4184 3
    endloop
  endfacet
  facet normal 0.2334 0.972381 -0
    outer loop
      vertex 15.7066 23.8287 3
      vertex 15.1725 23.9569 8
      vertex 15.7066 23.8287 8
    endloop
  endfacet
  facet normal 0.2334 0.972381 0
    outer loop
      vertex 15.1725 23.9569 8
      vertex 15.7066 23.8287 3
      vertex 15.1725 23.9569 3
    endloop
  endfacet
  facet normal 0.852651 -0.522481 0
    outer loop
      vertex 17.4566 18.4428 8
      vertex 17.7435 18.911 3
      vertex 17.7435 18.911 8
    endloop
  endfacet
  facet normal 0.852651 -0.522481 0
    outer loop
      vertex 17.7435 18.911 3
      vertex 17.4566 18.4428 8
      vertex 17.4566 18.4428 3
    endloop
  endfacet
  facet normal 0.76045 0.649396 0
    outer loop
      vertex 17.4566 22.5572 8
      vertex 17.0999 22.9749 3
      vertex 17.0999 22.9749 8
    endloop
  endfacet
  facet normal 0.76045 0.649396 0
    outer loop
      vertex 17.0999 22.9749 3
      vertex 17.4566 22.5572 8
      vertex 17.4566 22.5572 3
    endloop
  endfacet
  facet normal -0.649396 -0.76045 0
    outer loop
      vertex 12.1501 18.0251 3
      vertex 12.5678 17.6684 8
      vertex 12.1501 18.0251 8
    endloop
  endfacet
  facet normal -0.649396 -0.76045 -0
    outer loop
      vertex 12.5678 17.6684 8
      vertex 12.1501 18.0251 3
      vertex 12.5678 17.6684 3
    endloop
  endfacet
  facet normal -0.382727 -0.923861 0
    outer loop
      vertex 13.036 17.3815 3
      vertex 13.5434 17.1713 8
      vertex 13.036 17.3815 8
    endloop
  endfacet
  facet normal -0.382727 -0.923861 -0
    outer loop
      vertex 13.5434 17.1713 8
      vertex 13.036 17.3815 3
      vertex 13.5434 17.1713 3
    endloop
  endfacet
  facet normal -0.76045 -0.649396 0
    outer loop
      vertex 12.1501 18.0251 3
      vertex 11.7934 18.4428 8
      vertex 11.7934 18.4428 3
    endloop
  endfacet
  facet normal -0.76045 -0.649396 0
    outer loop
      vertex 11.7934 18.4428 8
      vertex 12.1501 18.0251 3
      vertex 12.1501 18.0251 8
    endloop
  endfacet
  facet normal 0 0 1
    outer loop
      vertex 16.425 20.5 8
      vertex 18.125 20.5 8
      vertex 18.0819 21.0475 8
    endloop
  endfacet
  facet normal 0 0 1
    outer loop
      vertex 16.3904 20.8512 8
      vertex 18.0819 21.0475 8
      vertex 17.9537 21.5816 8
    endloop
  endfacet
  facet normal 0 0 1
    outer loop
      vertex 18.125 20.5 8
      vertex 16.425 20.5 8
      vertex 18.0819 19.9525 8
    endloop
  endfacet
  facet normal 0 0 1
    outer loop
      vertex 16.288 21.1888 8
      vertex 17.9537 21.5816 8
      vertex 17.7435 22.089 8
    endloop
  endfacet
  facet normal -0 0 1
    outer loop
      vertex 16.3904 20.1488 8
      vertex 18.0819 19.9525 8
      vertex 16.425 20.5 8
    endloop
  endfacet
  facet normal 0 0 1
    outer loop
      vertex 16.1216 21.5 8
      vertex 17.7435 22.089 8
      vertex 17.4566 22.5572 8
    endloop
  endfacet
  facet normal 0 0 1
    outer loop
      vertex 18.0819 19.9525 8
      vertex 16.3904 20.1488 8
      vertex 17.9537 19.4184 8
    endloop
  endfacet
  facet normal 0 0 1
    outer loop
      vertex 15.8978 21.7728 8
      vertex 17.4566 22.5572 8
      vertex 17.0999 22.9749 8
    endloop
  endfacet
  facet normal -0 0 1
    outer loop
      vertex 16.288 19.8112 8
      vertex 17.9537 19.4184 8
      vertex 16.3904 20.1488 8
    endloop
  endfacet
  facet normal 0 0 1
    outer loop
      vertex 15.8978 21.7728 8
      vertex 17.0999 22.9749 8
      vertex 16.6822 23.3316 8
    endloop
  endfacet
  facet normal 0 0 1
    outer loop
      vertex 17.9537 19.4184 8
      vertex 16.288 19.8112 8
      vertex 17.7435 18.911 8
    endloop
  endfacet
  facet normal -0 0 1
    outer loop
      vertex 16.1216 19.5 8
      vertex 17.7435 18.911 8
      vertex 16.288 19.8112 8
    endloop
  endfacet
  facet normal 0 0 1
    outer loop
      vertex 18.0819 21.0475 8
      vertex 16.3904 20.8512 8
      vertex 16.425 20.5 8
    endloop
  endfacet
  facet normal 0 0 1
    outer loop
      vertex 17.9537 21.5816 8
      vertex 16.288 21.1888 8
      vertex 16.3904 20.8512 8
    endloop
  endfacet
  facet normal 0 0 1
    outer loop
      vertex 15.625 21.9966 8
      vertex 16.6822 23.3316 8
      vertex 16.214 23.6185 8
    endloop
  endfacet
  facet normal 0 0 1
    outer loop
      vertex 17.7435 22.089 8
      vertex 16.1216 21.5 8
      vertex 16.288 21.1888 8
    endloop
  endfacet
  facet normal 0 0 1
    outer loop
      vertex 17.4566 22.5572 8
      vertex 15.8978 21.7728 8
      vertex 16.1216 21.5 8
    endloop
  endfacet
  facet normal 0 0 1
    outer loop
      vertex 15.3138 22.163 8
      vertex 16.214 23.6185 8
      vertex 15.7066 23.8287 8
    endloop
  endfacet
  facet normal 0 0 1
    outer loop
      vertex 16.6822 23.3316 8
      vertex 15.625 21.9966 8
      vertex 15.8978 21.7728 8
    endloop
  endfacet
  facet normal 0 0 1
    outer loop
      vertex 16.214 23.6185 8
      vertex 15.3138 22.163 8
      vertex 15.625 21.9966 8
    endloop
  endfacet
  facet normal 0 0 1
    outer loop
      vertex 14.9762 22.2654 8
      vertex 15.7066 23.8287 8
      vertex 15.1725 23.9569 8
    endloop
  endfacet
  facet normal 0 0 1
    outer loop
      vertex 15.7066 23.8287 8
      vertex 14.9762 22.2654 8
      vertex 15.3138 22.163 8
    endloop
  endfacet
  facet normal 0 0 1
    outer loop
      vertex 14.625 22.3 8
      vertex 15.1725 23.9569 8
      vertex 14.625 24 8
    endloop
  endfacet
  facet normal 0 0 1
    outer loop
      vertex 15.1725 23.9569 8
      vertex 14.625 22.3 8
      vertex 14.9762 22.2654 8
    endloop
  endfacet
  facet normal -0 0 1
    outer loop
      vertex 14.0775 23.9569 8
      vertex 14.625 22.3 8
      vertex 14.625 24 8
    endloop
  endfacet
  facet normal 0 0 1
    outer loop
      vertex 14.625 22.3 8
      vertex 14.0775 23.9569 8
      vertex 14.2738 22.2654 8
    endloop
  endfacet
  facet normal -0 0 1
    outer loop
      vertex 13.5434 23.8287 8
      vertex 14.2738 22.2654 8
      vertex 14.0775 23.9569 8
    endloop
  endfacet
  facet normal 0 0 1
    outer loop
      vertex 14.2738 22.2654 8
      vertex 13.5434 23.8287 8
      vertex 13.9362 22.163 8
    endloop
  endfacet
  facet normal -0 0 1
    outer loop
      vertex 13.036 23.6185 8
      vertex 13.9362 22.163 8
      vertex 13.5434 23.8287 8
    endloop
  endfacet
  facet normal 0 0 1
    outer loop
      vertex 13.9362 22.163 8
      vertex 13.036 23.6185 8
      vertex 13.625 21.9966 8
    endloop
  endfacet
  facet normal -0 0 1
    outer loop
      vertex 12.5678 23.3316 8
      vertex 13.625 21.9966 8
      vertex 13.036 23.6185 8
    endloop
  endfacet
  facet normal 0 0 1
    outer loop
      vertex 13.625 21.9966 8
      vertex 12.5678 23.3316 8
      vertex 13.3522 21.7728 8
    endloop
  endfacet
  facet normal -0 0 1
    outer loop
      vertex 12.1501 22.9749 8
      vertex 13.3522 21.7728 8
      vertex 12.5678 23.3316 8
    endloop
  endfacet
  facet normal -0 0 1
    outer loop
      vertex 11.7934 22.5572 8
      vertex 13.3522 21.7728 8
      vertex 12.1501 22.9749 8
    endloop
  endfacet
  facet normal 0 0 1
    outer loop
      vertex 13.3522 21.7728 8
      vertex 11.7934 22.5572 8
      vertex 13.1284 21.5 8
    endloop
  endfacet
  facet normal -0 0 1
    outer loop
      vertex 11.5065 22.089 8
      vertex 13.1284 21.5 8
      vertex 11.7934 22.5572 8
    endloop
  endfacet
  facet normal 0 0 1
    outer loop
      vertex 17.7435 18.911 8
      vertex 16.1216 19.5 8
      vertex 17.4566 18.4428 8
    endloop
  endfacet
  facet normal -0 0 1
    outer loop
      vertex 15.8978 19.2272 8
      vertex 17.4566 18.4428 8
      vertex 16.1216 19.5 8
    endloop
  endfacet
  facet normal 0 0 1
    outer loop
      vertex 17.4566 18.4428 8
      vertex 15.8978 19.2272 8
      vertex 17.0999 18.0251 8
    endloop
  endfacet
  facet normal 0 0 1
    outer loop
      vertex 17.0999 18.0251 8
      vertex 15.8978 19.2272 8
      vertex 16.6822 17.6684 8
    endloop
  endfacet
  facet normal -0 0 1
    outer loop
      vertex 15.625 19.0034 8
      vertex 16.6822 17.6684 8
      vertex 15.8978 19.2272 8
    endloop
  endfacet
  facet normal 0 0 1
    outer loop
      vertex 16.6822 17.6684 8
      vertex 15.625 19.0034 8
      vertex 16.214 17.3815 8
    endloop
  endfacet
  facet normal -0 0 1
    outer loop
      vertex 15.3138 18.837 8
      vertex 16.214 17.3815 8
      vertex 15.625 19.0034 8
    endloop
  endfacet
  facet normal 0 0 1
    outer loop
      vertex 16.214 17.3815 8
      vertex 15.3138 18.837 8
      vertex 15.7066 17.1713 8
    endloop
  endfacet
  facet normal -0 0 1
    outer loop
      vertex 14.9762 18.7346 8
      vertex 15.7066 17.1713 8
      vertex 15.3138 18.837 8
    endloop
  endfacet
  facet normal 0 0 1
    outer loop
      vertex 15.7066 17.1713 8
      vertex 14.9762 18.7346 8
      vertex 15.1725 17.0431 8
    endloop
  endfacet
  facet normal -0 0 1
    outer loop
      vertex 14.625 18.7 8
      vertex 15.1725 17.0431 8
      vertex 14.9762 18.7346 8
    endloop
  endfacet
  facet normal 0 0 1
    outer loop
      vertex 14.625 18.7 8
      vertex 14.625 17 8
      vertex 15.1725 17.0431 8
    endloop
  endfacet
  facet normal 0 0 1
    outer loop
      vertex 14.0775 17.0431 8
      vertex 14.625 18.7 8
      vertex 14.2738 18.7346 8
    endloop
  endfacet
  facet normal 0 0 1
    outer loop
      vertex 14.625 18.7 8
      vertex 14.0775 17.0431 8
      vertex 14.625 17 8
    endloop
  endfacet
  facet normal 0 0 1
    outer loop
      vertex 13.5434 17.1713 8
      vertex 14.2738 18.7346 8
      vertex 13.9362 18.837 8
    endloop
  endfacet
  facet normal 0 0 1
    outer loop
      vertex 13.036 17.3815 8
      vertex 13.9362 18.837 8
      vertex 13.625 19.0034 8
    endloop
  endfacet
  facet normal 0 0 1
    outer loop
      vertex 14.2738 18.7346 8
      vertex 13.5434 17.1713 8
      vertex 14.0775 17.0431 8
    endloop
  endfacet
  facet normal 0 0 1
    outer loop
      vertex 12.5678 17.6684 8
      vertex 13.625 19.0034 8
      vertex 13.3522 19.2272 8
    endloop
  endfacet
  facet normal 0 0 1
    outer loop
      vertex 11.7934 18.4428 8
      vertex 13.3522 19.2272 8
      vertex 13.1284 19.5 8
    endloop
  endfacet
  facet normal 0 0 1
    outer loop
      vertex 13.9362 18.837 8
      vertex 13.036 17.3815 8
      vertex 13.5434 17.1713 8
    endloop
  endfacet
  facet normal 0 0 1
    outer loop
      vertex 11.5065 18.911 8
      vertex 13.1284 19.5 8
      vertex 12.962 19.8112 8
    endloop
  endfacet
  facet normal 0 0 1
    outer loop
      vertex 11.2963 19.4184 8
      vertex 12.962 19.8112 8
      vertex 12.8596 20.1488 8
    endloop
  endfacet
  facet normal 0 0 1
    outer loop
      vertex 11.1681 19.9525 8
      vertex 12.8596 20.1488 8
      vertex 12.825 20.5 8
    endloop
  endfacet
  facet normal 0 0 1
    outer loop
      vertex 13.1284 21.5 8
      vertex 11.5065 22.089 8
      vertex 12.962 21.1888 8
    endloop
  endfacet
  facet normal 0 0 1
    outer loop
      vertex 13.625 19.0034 8
      vertex 12.5678 17.6684 8
      vertex 13.036 17.3815 8
    endloop
  endfacet
  facet normal -0 0 1
    outer loop
      vertex 11.2963 21.5816 8
      vertex 12.962 21.1888 8
      vertex 11.5065 22.089 8
    endloop
  endfacet
  facet normal 0 0 1
    outer loop
      vertex 13.3522 19.2272 8
      vertex 12.1501 18.0251 8
      vertex 12.5678 17.6684 8
    endloop
  endfacet
  facet normal 0 0 1
    outer loop
      vertex 12.962 21.1888 8
      vertex 11.2963 21.5816 8
      vertex 12.8596 20.8512 8
    endloop
  endfacet
  facet normal 0 0 1
    outer loop
      vertex 13.3522 19.2272 8
      vertex 11.7934 18.4428 8
      vertex 12.1501 18.0251 8
    endloop
  endfacet
  facet normal -0 0 1
    outer loop
      vertex 11.1681 21.0475 8
      vertex 12.8596 20.8512 8
      vertex 11.2963 21.5816 8
    endloop
  endfacet
  facet normal 0 0 1
    outer loop
      vertex 13.1284 19.5 8
      vertex 11.5065 18.911 8
      vertex 11.7934 18.4428 8
    endloop
  endfacet
  facet normal 0 0 1
    outer loop
      vertex 12.8596 20.8512 8
      vertex 11.1681 21.0475 8
      vertex 12.825 20.5 8
    endloop
  endfacet
  facet normal 0 0 1
    outer loop
      vertex 12.962 19.8112 8
      vertex 11.2963 19.4184 8
      vertex 11.5065 18.911 8
    endloop
  endfacet
  facet normal 0 0 1
    outer loop
      vertex 11.125 20.5 8
      vertex 12.825 20.5 8
      vertex 11.1681 21.0475 8
    endloop
  endfacet
  facet normal 0 0 1
    outer loop
      vertex 12.8596 20.1488 8
      vertex 11.1681 19.9525 8
      vertex 11.2963 19.4184 8
    endloop
  endfacet
  facet normal 0 0 1
    outer loop
      vertex 12.825 20.5 8
      vertex 11.125 20.5 8
      vertex 11.1681 19.9525 8
    endloop
  endfacet
  facet normal -0.649396 0.76045 0
    outer loop
      vertex 12.5678 23.3316 3
      vertex 12.1501 22.9749 8
      vertex 12.5678 23.3316 8
    endloop
  endfacet
  facet normal -0.649396 0.76045 0
    outer loop
      vertex 12.1501 22.9749 8
      vertex 12.5678 23.3316 3
      vertex 12.1501 22.9749 3
    endloop
  endfacet
  facet normal -0.522481 -0.852651 0
    outer loop
      vertex 12.5678 17.6684 3
      vertex 13.036 17.3815 8
      vertex 12.5678 17.6684 8
    endloop
  endfacet
  facet normal -0.522481 -0.852651 -0
    outer loop
      vertex 13.036 17.3815 8
      vertex 12.5678 17.6684 3
      vertex 13.036 17.3815 3
    endloop
  endfacet
  facet normal -0.996916 -0.0784787 0
    outer loop
      vertex 11.1681 19.9525 3
      vertex 11.125 20.5 8
      vertex 11.125 20.5 3
    endloop
  endfacet
  facet normal -0.996916 -0.0784787 0
    outer loop
      vertex 11.125 20.5 8
      vertex 11.1681 19.9525 3
      vertex 11.1681 19.9525 8
    endloop
  endfacet
  facet normal -0.852651 -0.522481 0
    outer loop
      vertex 11.7934 18.4428 3
      vertex 11.5065 18.911 8
      vertex 11.5065 18.911 3
    endloop
  endfacet
  facet normal -0.852651 -0.522481 0
    outer loop
      vertex 11.5065 18.911 8
      vertex 11.7934 18.4428 3
      vertex 11.7934 18.4428 8
    endloop
  endfacet
  facet normal 0.852651 0.522481 0
    outer loop
      vertex 75.7435 22.089 5
      vertex 75.4566 22.5572 3
      vertex 75.4566 22.5572 5
    endloop
  endfacet
  facet normal 0.852651 0.522481 0
    outer loop
      vertex 75.4566 22.5572 3
      vertex 75.7435 22.089 5
      vertex 75.7435 22.089 3
    endloop
  endfacet
  facet normal 0.972381 0.2334 0
    outer loop
      vertex 76.0819 21.0475 5
      vertex 75.9537 21.5816 3
      vertex 75.9537 21.5816 5
    endloop
  endfacet
  facet normal 0.972381 0.2334 0
    outer loop
      vertex 75.9537 21.5816 3
      vertex 76.0819 21.0475 5
      vertex 76.0819 21.0475 3
    endloop
  endfacet
  facet normal 0.996916 0.0784787 0
    outer loop
      vertex 76.125 20.5 5
      vertex 76.0819 21.0475 3
      vertex 76.0819 21.0475 5
    endloop
  endfacet
  facet normal 0.996916 0.0784787 0
    outer loop
      vertex 76.0819 21.0475 3
      vertex 76.125 20.5 5
      vertex 76.125 20.5 3
    endloop
  endfacet
  facet normal 0.923861 0.382727 0
    outer loop
      vertex 75.9537 21.5816 5
      vertex 75.7435 22.089 3
      vertex 75.7435 22.089 5
    endloop
  endfacet
  facet normal 0.923861 0.382727 0
    outer loop
      vertex 75.7435 22.089 3
      vertex 75.9537 21.5816 5
      vertex 75.9537 21.5816 3
    endloop
  endfacet
  facet normal -0.0784787 0.996916 0
    outer loop
      vertex 72.625 24 3
      vertex 72.0775 23.9569 5
      vertex 72.625 24 5
    endloop
  endfacet
  facet normal -0.0784787 0.996916 0
    outer loop
      vertex 72.0775 23.9569 5
      vertex 72.625 24 3
      vertex 72.0775 23.9569 3
    endloop
  endfacet
  facet normal 0.382727 -0.923861 0
    outer loop
      vertex 73.7066 17.1713 3
      vertex 74.214 17.3815 5
      vertex 73.7066 17.1713 5
    endloop
  endfacet
  facet normal 0.382727 -0.923861 0
    outer loop
      vertex 74.214 17.3815 5
      vertex 73.7066 17.1713 3
      vertex 74.214 17.3815 3
    endloop
  endfacet
  facet normal -0.972381 0.2334 0
    outer loop
      vertex 69.1681 21.0475 3
      vertex 69.2963 21.5816 5
      vertex 69.2963 21.5816 3
    endloop
  endfacet
  facet normal -0.972381 0.2334 0
    outer loop
      vertex 69.2963 21.5816 5
      vertex 69.1681 21.0475 3
      vertex 69.1681 21.0475 5
    endloop
  endfacet
  facet normal 0.649486 0.760374 -0
    outer loop
      vertex 75.0999 22.9749 3
      vertex 74.6823 23.3316 5
      vertex 75.0999 22.9749 5
    endloop
  endfacet
  facet normal 0.649486 0.760374 0
    outer loop
      vertex 74.6823 23.3316 5
      vertex 75.0999 22.9749 3
      vertex 74.6823 23.3316 3
    endloop
  endfacet
  facet normal 0.0784787 -0.996916 0
    outer loop
      vertex 72.625 17 3
      vertex 73.1725 17.0431 5
      vertex 72.625 17 5
    endloop
  endfacet
  facet normal 0.0784787 -0.996916 0
    outer loop
      vertex 73.1725 17.0431 5
      vertex 72.625 17 3
      vertex 73.1725 17.0431 3
    endloop
  endfacet
  facet normal 0.5224 -0.852701 0
    outer loop
      vertex 74.214 17.3815 3
      vertex 74.6823 17.6684 5
      vertex 74.214 17.3815 5
    endloop
  endfacet
  facet normal 0.5224 -0.852701 0
    outer loop
      vertex 74.6823 17.6684 5
      vertex 74.214 17.3815 3
      vertex 74.6823 17.6684 3
    endloop
  endfacet
  facet normal -0.923861 -0.382727 0
    outer loop
      vertex 69.5065 18.911 3
      vertex 69.2963 19.4184 5
      vertex 69.2963 19.4184 3
    endloop
  endfacet
  facet normal -0.923861 -0.382727 0
    outer loop
      vertex 69.2963 19.4184 5
      vertex 69.5065 18.911 3
      vertex 69.5065 18.911 5
    endloop
  endfacet
  facet normal -0.996916 0.0784787 0
    outer loop
      vertex 69.125 20.5 3
      vertex 69.1681 21.0475 5
      vertex 69.1681 21.0475 3
    endloop
  endfacet
  facet normal -0.996916 0.0784787 0
    outer loop
      vertex 69.1681 21.0475 5
      vertex 69.125 20.5 3
      vertex 69.125 20.5 5
    endloop
  endfacet
  facet normal -0.2334 -0.972381 0
    outer loop
      vertex 71.5434 17.1713 3
      vertex 72.0775 17.0431 5
      vertex 71.5434 17.1713 5
    endloop
  endfacet
  facet normal -0.2334 -0.972381 -0
    outer loop
      vertex 72.0775 17.0431 5
      vertex 71.5434 17.1713 3
      vertex 72.0775 17.0431 3
    endloop
  endfacet
  facet normal 0.996916 -0.0784787 0
    outer loop
      vertex 76.0819 19.9525 5
      vertex 76.125 20.5 3
      vertex 76.125 20.5 5
    endloop
  endfacet
  facet normal 0.996916 -0.0784787 0
    outer loop
      vertex 76.125 20.5 3
      vertex 76.0819 19.9525 5
      vertex 76.0819 19.9525 3
    endloop
  endfacet
  facet normal -0.0784787 -0.996916 0
    outer loop
      vertex 72.0775 17.0431 3
      vertex 72.625 17 5
      vertex 72.0775 17.0431 5
    endloop
  endfacet
  facet normal -0.0784787 -0.996916 -0
    outer loop
      vertex 72.625 17 5
      vertex 72.0775 17.0431 3
      vertex 72.625 17 3
    endloop
  endfacet
  facet normal 0.923861 -0.382727 0
    outer loop
      vertex 75.7435 18.911 5
      vertex 75.9537 19.4184 3
      vertex 75.9537 19.4184 5
    endloop
  endfacet
  facet normal 0.923861 -0.382727 0
    outer loop
      vertex 75.9537 19.4184 3
      vertex 75.7435 18.911 5
      vertex 75.7435 18.911 3
    endloop
  endfacet
  facet normal 0.852651 -0.522481 0
    outer loop
      vertex 75.4566 18.4428 5
      vertex 75.7435 18.911 3
      vertex 75.7435 18.911 5
    endloop
  endfacet
  facet normal 0.852651 -0.522481 0
    outer loop
      vertex 75.7435 18.911 3
      vertex 75.4566 18.4428 5
      vertex 75.4566 18.4428 3
    endloop
  endfacet
  facet normal -0.923861 0.382727 0
    outer loop
      vertex 69.2963 21.5816 3
      vertex 69.5065 22.089 5
      vertex 69.5065 22.089 3
    endloop
  endfacet
  facet normal -0.923861 0.382727 0
    outer loop
      vertex 69.5065 22.089 5
      vertex 69.2963 21.5816 3
      vertex 69.2963 21.5816 5
    endloop
  endfacet
  facet normal 0.649486 -0.760374 0
    outer loop
      vertex 74.6823 17.6684 3
      vertex 75.0999 18.0251 5
      vertex 74.6823 17.6684 5
    endloop
  endfacet
  facet normal 0.649486 -0.760374 0
    outer loop
      vertex 75.0999 18.0251 5
      vertex 74.6823 17.6684 3
      vertex 75.0999 18.0251 3
    endloop
  endfacet
  facet normal 0.2334 -0.972381 0
    outer loop
      vertex 73.1725 17.0431 3
      vertex 73.7066 17.1713 5
      vertex 73.1725 17.0431 5
    endloop
  endfacet
  facet normal 0.2334 -0.972381 0
    outer loop
      vertex 73.7066 17.1713 5
      vertex 73.1725 17.0431 3
      vertex 73.7066 17.1713 3
    endloop
  endfacet
  facet normal -0.76045 0.649396 0
    outer loop
      vertex 69.7934 22.5572 3
      vertex 70.1501 22.9749 5
      vertex 70.1501 22.9749 3
    endloop
  endfacet
  facet normal -0.76045 0.649396 0
    outer loop
      vertex 70.1501 22.9749 5
      vertex 69.7934 22.5572 3
      vertex 69.7934 22.5572 5
    endloop
  endfacet
  facet normal -0.2334 0.972381 0
    outer loop
      vertex 72.0775 23.9569 3
      vertex 71.5434 23.8287 5
      vertex 72.0775 23.9569 5
    endloop
  endfacet
  facet normal -0.2334 0.972381 0
    outer loop
      vertex 71.5434 23.8287 5
      vertex 72.0775 23.9569 3
      vertex 71.5434 23.8287 3
    endloop
  endfacet
  facet normal -0.5224 0.852701 0
    outer loop
      vertex 71.036 23.6185 3
      vertex 70.5677 23.3316 5
      vertex 71.036 23.6185 5
    endloop
  endfacet
  facet normal -0.5224 0.852701 0
    outer loop
      vertex 70.5677 23.3316 5
      vertex 71.036 23.6185 3
      vertex 70.5677 23.3316 3
    endloop
  endfacet
  facet normal 0.76045 -0.649396 0
    outer loop
      vertex 75.0999 18.0251 5
      vertex 75.4566 18.4428 3
      vertex 75.4566 18.4428 5
    endloop
  endfacet
  facet normal 0.76045 -0.649396 0
    outer loop
      vertex 75.4566 18.4428 3
      vertex 75.0999 18.0251 5
      vertex 75.0999 18.0251 3
    endloop
  endfacet
  facet normal 0.0784787 0.996916 -0
    outer loop
      vertex 73.1725 23.9569 3
      vertex 72.625 24 5
      vertex 73.1725 23.9569 5
    endloop
  endfacet
  facet normal 0.0784787 0.996916 0
    outer loop
      vertex 72.625 24 5
      vertex 73.1725 23.9569 3
      vertex 72.625 24 3
    endloop
  endfacet
  facet normal -0.972381 -0.2334 0
    outer loop
      vertex 69.2963 19.4184 3
      vertex 69.1681 19.9525 5
      vertex 69.1681 19.9525 3
    endloop
  endfacet
  facet normal -0.972381 -0.2334 0
    outer loop
      vertex 69.1681 19.9525 5
      vertex 69.2963 19.4184 3
      vertex 69.2963 19.4184 5
    endloop
  endfacet
  facet normal -0.852651 0.522481 0
    outer loop
      vertex 69.5065 22.089 3
      vertex 69.7934 22.5572 5
      vertex 69.7934 22.5572 3
    endloop
  endfacet
  facet normal -0.852651 0.522481 0
    outer loop
      vertex 69.7934 22.5572 5
      vertex 69.5065 22.089 3
      vertex 69.5065 22.089 5
    endloop
  endfacet
  facet normal 0.382727 0.923861 -0
    outer loop
      vertex 74.214 23.6185 3
      vertex 73.7066 23.8287 5
      vertex 74.214 23.6185 5
    endloop
  endfacet
  facet normal 0.382727 0.923861 0
    outer loop
      vertex 73.7066 23.8287 5
      vertex 74.214 23.6185 3
      vertex 73.7066 23.8287 3
    endloop
  endfacet
  facet normal 0.5224 0.852701 -0
    outer loop
      vertex 74.6823 23.3316 3
      vertex 74.214 23.6185 5
      vertex 74.6823 23.3316 5
    endloop
  endfacet
  facet normal 0.5224 0.852701 0
    outer loop
      vertex 74.214 23.6185 5
      vertex 74.6823 23.3316 3
      vertex 74.214 23.6185 3
    endloop
  endfacet
  facet normal -0.382727 0.923861 0
    outer loop
      vertex 71.5434 23.8287 3
      vertex 71.036 23.6185 5
      vertex 71.5434 23.8287 5
    endloop
  endfacet
  facet normal -0.382727 0.923861 0
    outer loop
      vertex 71.036 23.6185 5
      vertex 71.5434 23.8287 3
      vertex 71.036 23.6185 3
    endloop
  endfacet
  facet normal 0.972381 -0.2334 0
    outer loop
      vertex 75.9537 19.4184 5
      vertex 76.0819 19.9525 3
      vertex 76.0819 19.9525 5
    endloop
  endfacet
  facet normal 0.972381 -0.2334 0
    outer loop
      vertex 76.0819 19.9525 3
      vertex 75.9537 19.4184 5
      vertex 75.9537 19.4184 3
    endloop
  endfacet
  facet normal 0.2334 0.972381 -0
    outer loop
      vertex 73.7066 23.8287 3
      vertex 73.1725 23.9569 5
      vertex 73.7066 23.8287 5
    endloop
  endfacet
  facet normal 0.2334 0.972381 0
    outer loop
      vertex 73.1725 23.9569 5
      vertex 73.7066 23.8287 3
      vertex 73.1725 23.9569 3
    endloop
  endfacet
  facet normal 0.76045 0.649396 0
    outer loop
      vertex 75.4566 22.5572 5
      vertex 75.0999 22.9749 3
      vertex 75.0999 22.9749 5
    endloop
  endfacet
  facet normal 0.76045 0.649396 0
    outer loop
      vertex 75.0999 22.9749 3
      vertex 75.4566 22.5572 5
      vertex 75.4566 22.5572 3
    endloop
  endfacet
  facet normal -0.649486 -0.760374 0
    outer loop
      vertex 70.1501 18.0251 3
      vertex 70.5677 17.6684 5
      vertex 70.1501 18.0251 5
    endloop
  endfacet
  facet normal -0.649486 -0.760374 -0
    outer loop
      vertex 70.5677 17.6684 5
      vertex 70.1501 18.0251 3
      vertex 70.5677 17.6684 3
    endloop
  endfacet
  facet normal -0.382727 -0.923861 0
    outer loop
      vertex 71.036 17.3815 3
      vertex 71.5434 17.1713 5
      vertex 71.036 17.3815 5
    endloop
  endfacet
  facet normal -0.382727 -0.923861 -0
    outer loop
      vertex 71.5434 17.1713 5
      vertex 71.036 17.3815 3
      vertex 71.5434 17.1713 3
    endloop
  endfacet
  facet normal -0.76045 -0.649396 0
    outer loop
      vertex 70.1501 18.0251 3
      vertex 69.7934 18.4428 5
      vertex 69.7934 18.4428 3
    endloop
  endfacet
  facet normal -0.76045 -0.649396 0
    outer loop
      vertex 69.7934 18.4428 5
      vertex 70.1501 18.0251 3
      vertex 70.1501 18.0251 5
    endloop
  endfacet
  facet normal -0.649486 0.760374 0
    outer loop
      vertex 70.5677 23.3316 3
      vertex 70.1501 22.9749 5
      vertex 70.5677 23.3316 5
    endloop
  endfacet
  facet normal -0.649486 0.760374 0
    outer loop
      vertex 70.1501 22.9749 5
      vertex 70.5677 23.3316 3
      vertex 70.1501 22.9749 3
    endloop
  endfacet
  facet normal -0.5224 -0.852701 0
    outer loop
      vertex 70.5677 17.6684 3
      vertex 71.036 17.3815 5
      vertex 70.5677 17.6684 5
    endloop
  endfacet
  facet normal -0.5224 -0.852701 -0
    outer loop
      vertex 71.036 17.3815 5
      vertex 70.5677 17.6684 3
      vertex 71.036 17.3815 3
    endloop
  endfacet
  facet normal -0.996916 -0.0784787 0
    outer loop
      vertex 69.1681 19.9525 3
      vertex 69.125 20.5 5
      vertex 69.125 20.5 3
    endloop
  endfacet
  facet normal -0.996916 -0.0784787 0
    outer loop
      vertex 69.125 20.5 5
      vertex 69.1681 19.9525 3
      vertex 69.1681 19.9525 5
    endloop
  endfacet
  facet normal -0.852651 -0.522481 0
    outer loop
      vertex 69.7934 18.4428 3
      vertex 69.5065 18.911 5
      vertex 69.5065 18.911 3
    endloop
  endfacet
  facet normal -0.852651 -0.522481 0
    outer loop
      vertex 69.5065 18.911 5
      vertex 69.7934 18.4428 3
      vertex 69.7934 18.4428 5
    endloop
  endfacet
  facet normal 0.852701 0.5224 0
    outer loop
      vertex 17.7435 71.089 8
      vertex 17.4566 71.5573 3
      vertex 17.4566 71.5573 8
    endloop
  endfacet
  facet normal 0.852701 0.5224 0
    outer loop
      vertex 17.4566 71.5573 3
      vertex 17.7435 71.089 8
      vertex 17.7435 71.089 3
    endloop
  endfacet
  facet normal 0.972381 0.2334 0
    outer loop
      vertex 18.0819 70.0475 8
      vertex 17.9537 70.5816 3
      vertex 17.9537 70.5816 8
    endloop
  endfacet
  facet normal 0.972381 0.2334 0
    outer loop
      vertex 17.9537 70.5816 3
      vertex 18.0819 70.0475 8
      vertex 18.0819 70.0475 3
    endloop
  endfacet
  facet normal 0.996916 0.0784787 0
    outer loop
      vertex 18.125 69.5 8
      vertex 18.0819 70.0475 3
      vertex 18.0819 70.0475 8
    endloop
  endfacet
  facet normal 0.996916 0.0784787 0
    outer loop
      vertex 18.0819 70.0475 3
      vertex 18.125 69.5 8
      vertex 18.125 69.5 3
    endloop
  endfacet
  facet normal 0.923861 0.382727 0
    outer loop
      vertex 17.9537 70.5816 8
      vertex 17.7435 71.089 3
      vertex 17.7435 71.089 8
    endloop
  endfacet
  facet normal 0.923861 0.382727 0
    outer loop
      vertex 17.7435 71.089 3
      vertex 17.9537 70.5816 8
      vertex 17.9537 70.5816 3
    endloop
  endfacet
  facet normal -0.0784787 0.996916 0
    outer loop
      vertex 14.625 73 3
      vertex 14.0775 72.9569 8
      vertex 14.625 73 8
    endloop
  endfacet
  facet normal -0.0784787 0.996916 0
    outer loop
      vertex 14.0775 72.9569 8
      vertex 14.625 73 3
      vertex 14.0775 72.9569 3
    endloop
  endfacet
  facet normal 0.382727 -0.923861 0
    outer loop
      vertex 15.7066 66.1713 3
      vertex 16.214 66.3815 8
      vertex 15.7066 66.1713 8
    endloop
  endfacet
  facet normal 0.382727 -0.923861 0
    outer loop
      vertex 16.214 66.3815 8
      vertex 15.7066 66.1713 3
      vertex 16.214 66.3815 3
    endloop
  endfacet
  facet normal 0.522481 0.852651 -0
    outer loop
      vertex 16.6822 72.3316 3
      vertex 16.214 72.6185 8
      vertex 16.6822 72.3316 8
    endloop
  endfacet
  facet normal 0.522481 0.852651 0
    outer loop
      vertex 16.214 72.6185 8
      vertex 16.6822 72.3316 3
      vertex 16.214 72.6185 3
    endloop
  endfacet
  facet normal -0.972381 0.2334 0
    outer loop
      vertex 11.1681 70.0475 3
      vertex 11.2963 70.5816 8
      vertex 11.2963 70.5816 3
    endloop
  endfacet
  facet normal -0.972381 0.2334 0
    outer loop
      vertex 11.2963 70.5816 8
      vertex 11.1681 70.0475 3
      vertex 11.1681 70.0475 8
    endloop
  endfacet
  facet normal 0.649396 0.76045 -0
    outer loop
      vertex 17.0999 71.9749 3
      vertex 16.6822 72.3316 8
      vertex 17.0999 71.9749 8
    endloop
  endfacet
  facet normal 0.649396 0.76045 0
    outer loop
      vertex 16.6822 72.3316 8
      vertex 17.0999 71.9749 3
      vertex 16.6822 72.3316 3
    endloop
  endfacet
  facet normal 0.0784787 -0.996916 0
    outer loop
      vertex 14.625 66 3
      vertex 15.1725 66.0431 8
      vertex 14.625 66 8
    endloop
  endfacet
  facet normal 0.0784787 -0.996916 0
    outer loop
      vertex 15.1725 66.0431 8
      vertex 14.625 66 3
      vertex 15.1725 66.0431 3
    endloop
  endfacet
  facet normal 0.522481 -0.852651 0
    outer loop
      vertex 16.214 66.3815 3
      vertex 16.6822 66.6684 8
      vertex 16.214 66.3815 8
    endloop
  endfacet
  facet normal 0.522481 -0.852651 0
    outer loop
      vertex 16.6822 66.6684 8
      vertex 16.214 66.3815 3
      vertex 16.6822 66.6684 3
    endloop
  endfacet
  facet normal -0.923861 -0.382727 0
    outer loop
      vertex 11.5065 67.911 3
      vertex 11.2963 68.4184 8
      vertex 11.2963 68.4184 3
    endloop
  endfacet
  facet normal -0.923861 -0.382727 0
    outer loop
      vertex 11.2963 68.4184 8
      vertex 11.5065 67.911 3
      vertex 11.5065 67.911 8
    endloop
  endfacet
  facet normal -0.996916 0.0784787 0
    outer loop
      vertex 11.125 69.5 3
      vertex 11.1681 70.0475 8
      vertex 11.1681 70.0475 3
    endloop
  endfacet
  facet normal -0.996916 0.0784787 0
    outer loop
      vertex 11.1681 70.0475 8
      vertex 11.125 69.5 3
      vertex 11.125 69.5 8
    endloop
  endfacet
  facet normal -0.2334 -0.972381 0
    outer loop
      vertex 13.5434 66.1713 3
      vertex 14.0775 66.0431 8
      vertex 13.5434 66.1713 8
    endloop
  endfacet
  facet normal -0.2334 -0.972381 -0
    outer loop
      vertex 14.0775 66.0431 8
      vertex 13.5434 66.1713 3
      vertex 14.0775 66.0431 3
    endloop
  endfacet
  facet normal 0.996916 -0.0784787 0
    outer loop
      vertex 18.0819 68.9525 8
      vertex 18.125 69.5 3
      vertex 18.125 69.5 8
    endloop
  endfacet
  facet normal 0.996916 -0.0784787 0
    outer loop
      vertex 18.125 69.5 3
      vertex 18.0819 68.9525 8
      vertex 18.0819 68.9525 3
    endloop
  endfacet
  facet normal -0.0784787 -0.996916 0
    outer loop
      vertex 14.0775 66.0431 3
      vertex 14.625 66 8
      vertex 14.0775 66.0431 8
    endloop
  endfacet
  facet normal -0.0784787 -0.996916 -0
    outer loop
      vertex 14.625 66 8
      vertex 14.0775 66.0431 3
      vertex 14.625 66 3
    endloop
  endfacet
  facet normal 0.923861 -0.382727 0
    outer loop
      vertex 17.7435 67.911 8
      vertex 17.9537 68.4184 3
      vertex 17.9537 68.4184 8
    endloop
  endfacet
  facet normal 0.923861 -0.382727 0
    outer loop
      vertex 17.9537 68.4184 3
      vertex 17.7435 67.911 8
      vertex 17.7435 67.911 3
    endloop
  endfacet
  facet normal -0.923861 0.382727 0
    outer loop
      vertex 11.2963 70.5816 3
      vertex 11.5065 71.089 8
      vertex 11.5065 71.089 3
    endloop
  endfacet
  facet normal -0.923861 0.382727 0
    outer loop
      vertex 11.5065 71.089 8
      vertex 11.2963 70.5816 3
      vertex 11.2963 70.5816 8
    endloop
  endfacet
  facet normal 0.649396 -0.76045 0
    outer loop
      vertex 16.6822 66.6684 3
      vertex 17.0999 67.0251 8
      vertex 16.6822 66.6684 8
    endloop
  endfacet
  facet normal 0.649396 -0.76045 0
    outer loop
      vertex 17.0999 67.0251 8
      vertex 16.6822 66.6684 3
      vertex 17.0999 67.0251 3
    endloop
  endfacet
  facet normal 0.2334 -0.972381 0
    outer loop
      vertex 15.1725 66.0431 3
      vertex 15.7066 66.1713 8
      vertex 15.1725 66.0431 8
    endloop
  endfacet
  facet normal 0.2334 -0.972381 0
    outer loop
      vertex 15.7066 66.1713 8
      vertex 15.1725 66.0431 3
      vertex 15.7066 66.1713 3
    endloop
  endfacet
  facet normal -0.760374 0.649486 0
    outer loop
      vertex 11.7934 71.5573 3
      vertex 12.1501 71.9749 8
      vertex 12.1501 71.9749 3
    endloop
  endfacet
  facet normal -0.760374 0.649486 0
    outer loop
      vertex 12.1501 71.9749 8
      vertex 11.7934 71.5573 3
      vertex 11.7934 71.5573 8
    endloop
  endfacet
  facet normal -0.2334 0.972381 0
    outer loop
      vertex 14.0775 72.9569 3
      vertex 13.5434 72.8287 8
      vertex 14.0775 72.9569 8
    endloop
  endfacet
  facet normal -0.2334 0.972381 0
    outer loop
      vertex 13.5434 72.8287 8
      vertex 14.0775 72.9569 3
      vertex 13.5434 72.8287 3
    endloop
  endfacet
  facet normal -0.522481 0.852651 0
    outer loop
      vertex 13.036 72.6185 3
      vertex 12.5678 72.3316 8
      vertex 13.036 72.6185 8
    endloop
  endfacet
  facet normal -0.522481 0.852651 0
    outer loop
      vertex 12.5678 72.3316 8
      vertex 13.036 72.6185 3
      vertex 12.5678 72.3316 3
    endloop
  endfacet
  facet normal 0.760374 -0.649486 0
    outer loop
      vertex 17.0999 67.0251 8
      vertex 17.4566 67.4427 3
      vertex 17.4566 67.4427 8
    endloop
  endfacet
  facet normal 0.760374 -0.649486 0
    outer loop
      vertex 17.4566 67.4427 3
      vertex 17.0999 67.0251 8
      vertex 17.0999 67.0251 3
    endloop
  endfacet
  facet normal 0.0784787 0.996916 -0
    outer loop
      vertex 15.1725 72.9569 3
      vertex 14.625 73 8
      vertex 15.1725 72.9569 8
    endloop
  endfacet
  facet normal 0.0784787 0.996916 0
    outer loop
      vertex 14.625 73 8
      vertex 15.1725 72.9569 3
      vertex 14.625 73 3
    endloop
  endfacet
  facet normal -0.972381 -0.2334 0
    outer loop
      vertex 11.2963 68.4184 3
      vertex 11.1681 68.9525 8
      vertex 11.1681 68.9525 3
    endloop
  endfacet
  facet normal -0.972381 -0.2334 0
    outer loop
      vertex 11.1681 68.9525 8
      vertex 11.2963 68.4184 3
      vertex 11.2963 68.4184 8
    endloop
  endfacet
  facet normal -0.852701 0.5224 0
    outer loop
      vertex 11.5065 71.089 3
      vertex 11.7934 71.5573 8
      vertex 11.7934 71.5573 3
    endloop
  endfacet
  facet normal -0.852701 0.5224 0
    outer loop
      vertex 11.7934 71.5573 8
      vertex 11.5065 71.089 3
      vertex 11.5065 71.089 8
    endloop
  endfacet
  facet normal 0.382727 0.923861 -0
    outer loop
      vertex 16.214 72.6185 3
      vertex 15.7066 72.8287 8
      vertex 16.214 72.6185 8
    endloop
  endfacet
  facet normal 0.382727 0.923861 0
    outer loop
      vertex 15.7066 72.8287 8
      vertex 16.214 72.6185 3
      vertex 15.7066 72.8287 3
    endloop
  endfacet
  facet normal -0.382727 0.923861 0
    outer loop
      vertex 13.5434 72.8287 3
      vertex 13.036 72.6185 8
      vertex 13.5434 72.8287 8
    endloop
  endfacet
  facet normal -0.382727 0.923861 0
    outer loop
      vertex 13.036 72.6185 8
      vertex 13.5434 72.8287 3
      vertex 13.036 72.6185 3
    endloop
  endfacet
  facet normal 0.972381 -0.2334 0
    outer loop
      vertex 17.9537 68.4184 8
      vertex 18.0819 68.9525 3
      vertex 18.0819 68.9525 8
    endloop
  endfacet
  facet normal 0.972381 -0.2334 0
    outer loop
      vertex 18.0819 68.9525 3
      vertex 17.9537 68.4184 8
      vertex 17.9537 68.4184 3
    endloop
  endfacet
  facet normal 0.2334 0.972381 -0
    outer loop
      vertex 15.7066 72.8287 3
      vertex 15.1725 72.9569 8
      vertex 15.7066 72.8287 8
    endloop
  endfacet
  facet normal 0.2334 0.972381 0
    outer loop
      vertex 15.1725 72.9569 8
      vertex 15.7066 72.8287 3
      vertex 15.1725 72.9569 3
    endloop
  endfacet
  facet normal 0.852701 -0.5224 0
    outer loop
      vertex 17.4566 67.4427 8
      vertex 17.7435 67.911 3
      vertex 17.7435 67.911 8
    endloop
  endfacet
  facet normal 0.852701 -0.5224 0
    outer loop
      vertex 17.7435 67.911 3
      vertex 17.4566 67.4427 8
      vertex 17.4566 67.4427 3
    endloop
  endfacet
  facet normal 0.760374 0.649486 0
    outer loop
      vertex 17.4566 71.5573 8
      vertex 17.0999 71.9749 3
      vertex 17.0999 71.9749 8
    endloop
  endfacet
  facet normal 0.760374 0.649486 0
    outer loop
      vertex 17.0999 71.9749 3
      vertex 17.4566 71.5573 8
      vertex 17.4566 71.5573 3
    endloop
  endfacet
  facet normal -0.649396 -0.76045 0
    outer loop
      vertex 12.1501 67.0251 3
      vertex 12.5678 66.6684 8
      vertex 12.1501 67.0251 8
    endloop
  endfacet
  facet normal -0.649396 -0.76045 -0
    outer loop
      vertex 12.5678 66.6684 8
      vertex 12.1501 67.0251 3
      vertex 12.5678 66.6684 3
    endloop
  endfacet
  facet normal -0.382727 -0.923861 0
    outer loop
      vertex 13.036 66.3815 3
      vertex 13.5434 66.1713 8
      vertex 13.036 66.3815 8
    endloop
  endfacet
  facet normal -0.382727 -0.923861 -0
    outer loop
      vertex 13.5434 66.1713 8
      vertex 13.036 66.3815 3
      vertex 13.5434 66.1713 3
    endloop
  endfacet
  facet normal -0.760374 -0.649486 0
    outer loop
      vertex 12.1501 67.0251 3
      vertex 11.7934 67.4427 8
      vertex 11.7934 67.4427 3
    endloop
  endfacet
  facet normal -0.760374 -0.649486 0
    outer loop
      vertex 11.7934 67.4427 8
      vertex 12.1501 67.0251 3
      vertex 12.1501 67.0251 8
    endloop
  endfacet
  facet normal 0 0 1
    outer loop
      vertex 16.425 69.5 8
      vertex 18.125 69.5 8
      vertex 18.0819 70.0475 8
    endloop
  endfacet
  facet normal 0 0 1
    outer loop
      vertex 16.3904 69.8512 8
      vertex 18.0819 70.0475 8
      vertex 17.9537 70.5816 8
    endloop
  endfacet
  facet normal 0 0 1
    outer loop
      vertex 18.125 69.5 8
      vertex 16.425 69.5 8
      vertex 18.0819 68.9525 8
    endloop
  endfacet
  facet normal 0 0 1
    outer loop
      vertex 16.288 70.1888 8
      vertex 17.9537 70.5816 8
      vertex 17.7435 71.089 8
    endloop
  endfacet
  facet normal -0 0 1
    outer loop
      vertex 16.3904 69.1488 8
      vertex 18.0819 68.9525 8
      vertex 16.425 69.5 8
    endloop
  endfacet
  facet normal 0 0 1
    outer loop
      vertex 16.1216 70.5 8
      vertex 17.7435 71.089 8
      vertex 17.4566 71.5573 8
    endloop
  endfacet
  facet normal 0 0 1
    outer loop
      vertex 18.0819 68.9525 8
      vertex 16.3904 69.1488 8
      vertex 17.9537 68.4184 8
    endloop
  endfacet
  facet normal 0 0 1
    outer loop
      vertex 15.8978 70.7728 8
      vertex 17.4566 71.5573 8
      vertex 17.0999 71.9749 8
    endloop
  endfacet
  facet normal -0 0 1
    outer loop
      vertex 16.288 68.8112 8
      vertex 17.9537 68.4184 8
      vertex 16.3904 69.1488 8
    endloop
  endfacet
  facet normal 0 0 1
    outer loop
      vertex 15.8978 70.7728 8
      vertex 17.0999 71.9749 8
      vertex 16.6822 72.3316 8
    endloop
  endfacet
  facet normal 0 0 1
    outer loop
      vertex 17.9537 68.4184 8
      vertex 16.288 68.8112 8
      vertex 17.7435 67.911 8
    endloop
  endfacet
  facet normal -0 0 1
    outer loop
      vertex 16.1216 68.5 8
      vertex 17.7435 67.911 8
      vertex 16.288 68.8112 8
    endloop
  endfacet
  facet normal 0 0 1
    outer loop
      vertex 18.0819 70.0475 8
      vertex 16.3904 69.8512 8
      vertex 16.425 69.5 8
    endloop
  endfacet
  facet normal 0 0 1
    outer loop
      vertex 17.9537 70.5816 8
      vertex 16.288 70.1888 8
      vertex 16.3904 69.8512 8
    endloop
  endfacet
  facet normal 0 0 1
    outer loop
      vertex 15.625 70.9966 8
      vertex 16.6822 72.3316 8
      vertex 16.214 72.6185 8
    endloop
  endfacet
  facet normal 0 0 1
    outer loop
      vertex 17.7435 71.089 8
      vertex 16.1216 70.5 8
      vertex 16.288 70.1888 8
    endloop
  endfacet
  facet normal 0 0 1
    outer loop
      vertex 17.4566 71.5573 8
      vertex 15.8978 70.7728 8
      vertex 16.1216 70.5 8
    endloop
  endfacet
  facet normal 0 0 1
    outer loop
      vertex 15.3138 71.163 8
      vertex 16.214 72.6185 8
      vertex 15.7066 72.8287 8
    endloop
  endfacet
  facet normal 0 0 1
    outer loop
      vertex 16.6822 72.3316 8
      vertex 15.625 70.9966 8
      vertex 15.8978 70.7728 8
    endloop
  endfacet
  facet normal 0 0 1
    outer loop
      vertex 16.214 72.6185 8
      vertex 15.3138 71.163 8
      vertex 15.625 70.9966 8
    endloop
  endfacet
  facet normal 0 0 1
    outer loop
      vertex 14.9762 71.2654 8
      vertex 15.7066 72.8287 8
      vertex 15.1725 72.9569 8
    endloop
  endfacet
  facet normal 0 0 1
    outer loop
      vertex 15.7066 72.8287 8
      vertex 14.9762 71.2654 8
      vertex 15.3138 71.163 8
    endloop
  endfacet
  facet normal 0 0 1
    outer loop
      vertex 14.625 71.3 8
      vertex 15.1725 72.9569 8
      vertex 14.625 73 8
    endloop
  endfacet
  facet normal 0 0 1
    outer loop
      vertex 15.1725 72.9569 8
      vertex 14.625 71.3 8
      vertex 14.9762 71.2654 8
    endloop
  endfacet
  facet normal -0 0 1
    outer loop
      vertex 14.0775 72.9569 8
      vertex 14.625 71.3 8
      vertex 14.625 73 8
    endloop
  endfacet
  facet normal 0 0 1
    outer loop
      vertex 14.625 71.3 8
      vertex 14.0775 72.9569 8
      vertex 14.2738 71.2654 8
    endloop
  endfacet
  facet normal -0 0 1
    outer loop
      vertex 13.5434 72.8287 8
      vertex 14.2738 71.2654 8
      vertex 14.0775 72.9569 8
    endloop
  endfacet
  facet normal 0 0 1
    outer loop
      vertex 14.2738 71.2654 8
      vertex 13.5434 72.8287 8
      vertex 13.9362 71.163 8
    endloop
  endfacet
  facet normal -0 0 1
    outer loop
      vertex 13.036 72.6185 8
      vertex 13.9362 71.163 8
      vertex 13.5434 72.8287 8
    endloop
  endfacet
  facet normal 0 0 1
    outer loop
      vertex 13.9362 71.163 8
      vertex 13.036 72.6185 8
      vertex 13.625 70.9966 8
    endloop
  endfacet
  facet normal -0 0 1
    outer loop
      vertex 12.5678 72.3316 8
      vertex 13.625 70.9966 8
      vertex 13.036 72.6185 8
    endloop
  endfacet
  facet normal 0 0 1
    outer loop
      vertex 13.625 70.9966 8
      vertex 12.5678 72.3316 8
      vertex 13.3522 70.7728 8
    endloop
  endfacet
  facet normal -0 0 1
    outer loop
      vertex 12.1501 71.9749 8
      vertex 13.3522 70.7728 8
      vertex 12.5678 72.3316 8
    endloop
  endfacet
  facet normal -0 0 1
    outer loop
      vertex 11.7934 71.5573 8
      vertex 13.3522 70.7728 8
      vertex 12.1501 71.9749 8
    endloop
  endfacet
  facet normal 0 0 1
    outer loop
      vertex 13.3522 70.7728 8
      vertex 11.7934 71.5573 8
      vertex 13.1284 70.5 8
    endloop
  endfacet
  facet normal -0 0 1
    outer loop
      vertex 11.5065 71.089 8
      vertex 13.1284 70.5 8
      vertex 11.7934 71.5573 8
    endloop
  endfacet
  facet normal 0 0 1
    outer loop
      vertex 17.7435 67.911 8
      vertex 16.1216 68.5 8
      vertex 17.4566 67.4427 8
    endloop
  endfacet
  facet normal -0 0 1
    outer loop
      vertex 15.8978 68.2272 8
      vertex 17.4566 67.4427 8
      vertex 16.1216 68.5 8
    endloop
  endfacet
  facet normal 0 0 1
    outer loop
      vertex 17.4566 67.4427 8
      vertex 15.8978 68.2272 8
      vertex 17.0999 67.0251 8
    endloop
  endfacet
  facet normal 0 0 1
    outer loop
      vertex 17.0999 67.0251 8
      vertex 15.8978 68.2272 8
      vertex 16.6822 66.6684 8
    endloop
  endfacet
  facet normal -0 0 1
    outer loop
      vertex 15.625 68.0034 8
      vertex 16.6822 66.6684 8
      vertex 15.8978 68.2272 8
    endloop
  endfacet
  facet normal 0 0 1
    outer loop
      vertex 16.6822 66.6684 8
      vertex 15.625 68.0034 8
      vertex 16.214 66.3815 8
    endloop
  endfacet
  facet normal -0 0 1
    outer loop
      vertex 15.3138 67.837 8
      vertex 16.214 66.3815 8
      vertex 15.625 68.0034 8
    endloop
  endfacet
  facet normal 0 0 1
    outer loop
      vertex 16.214 66.3815 8
      vertex 15.3138 67.837 8
      vertex 15.7066 66.1713 8
    endloop
  endfacet
  facet normal -0 0 1
    outer loop
      vertex 14.9762 67.7346 8
      vertex 15.7066 66.1713 8
      vertex 15.3138 67.837 8
    endloop
  endfacet
  facet normal 0 0 1
    outer loop
      vertex 15.7066 66.1713 8
      vertex 14.9762 67.7346 8
      vertex 15.1725 66.0431 8
    endloop
  endfacet
  facet normal -0 0 1
    outer loop
      vertex 14.625 67.7 8
      vertex 15.1725 66.0431 8
      vertex 14.9762 67.7346 8
    endloop
  endfacet
  facet normal 0 0 1
    outer loop
      vertex 14.625 67.7 8
      vertex 14.625 66 8
      vertex 15.1725 66.0431 8
    endloop
  endfacet
  facet normal 0 0 1
    outer loop
      vertex 14.0775 66.0431 8
      vertex 14.625 67.7 8
      vertex 14.2738 67.7346 8
    endloop
  endfacet
  facet normal 0 0 1
    outer loop
      vertex 14.625 67.7 8
      vertex 14.0775 66.0431 8
      vertex 14.625 66 8
    endloop
  endfacet
  facet normal 0 0 1
    outer loop
      vertex 13.5434 66.1713 8
      vertex 14.2738 67.7346 8
      vertex 13.9362 67.837 8
    endloop
  endfacet
  facet normal 0 0 1
    outer loop
      vertex 13.036 66.3815 8
      vertex 13.9362 67.837 8
      vertex 13.625 68.0034 8
    endloop
  endfacet
  facet normal 0 0 1
    outer loop
      vertex 14.2738 67.7346 8
      vertex 13.5434 66.1713 8
      vertex 14.0775 66.0431 8
    endloop
  endfacet
  facet normal 0 0 1
    outer loop
      vertex 12.5678 66.6684 8
      vertex 13.625 68.0034 8
      vertex 13.3522 68.2272 8
    endloop
  endfacet
  facet normal 0 0 1
    outer loop
      vertex 11.7934 67.4427 8
      vertex 13.3522 68.2272 8
      vertex 13.1284 68.5 8
    endloop
  endfacet
  facet normal 0 0 1
    outer loop
      vertex 13.9362 67.837 8
      vertex 13.036 66.3815 8
      vertex 13.5434 66.1713 8
    endloop
  endfacet
  facet normal 0 0 1
    outer loop
      vertex 11.5065 67.911 8
      vertex 13.1284 68.5 8
      vertex 12.962 68.8112 8
    endloop
  endfacet
  facet normal 0 0 1
    outer loop
      vertex 11.2963 68.4184 8
      vertex 12.962 68.8112 8
      vertex 12.8596 69.1488 8
    endloop
  endfacet
  facet normal 0 0 1
    outer loop
      vertex 11.1681 68.9525 8
      vertex 12.8596 69.1488 8
      vertex 12.825 69.5 8
    endloop
  endfacet
  facet normal 0 0 1
    outer loop
      vertex 13.1284 70.5 8
      vertex 11.5065 71.089 8
      vertex 12.962 70.1888 8
    endloop
  endfacet
  facet normal 0 0 1
    outer loop
      vertex 13.625 68.0034 8
      vertex 12.5678 66.6684 8
      vertex 13.036 66.3815 8
    endloop
  endfacet
  facet normal -0 0 1
    outer loop
      vertex 11.2963 70.5816 8
      vertex 12.962 70.1888 8
      vertex 11.5065 71.089 8
    endloop
  endfacet
  facet normal 0 0 1
    outer loop
      vertex 13.3522 68.2272 8
      vertex 12.1501 67.0251 8
      vertex 12.5678 66.6684 8
    endloop
  endfacet
  facet normal 0 0 1
    outer loop
      vertex 12.962 70.1888 8
      vertex 11.2963 70.5816 8
      vertex 12.8596 69.8512 8
    endloop
  endfacet
  facet normal 0 0 1
    outer loop
      vertex 13.3522 68.2272 8
      vertex 11.7934 67.4427 8
      vertex 12.1501 67.0251 8
    endloop
  endfacet
  facet normal -0 0 1
    outer loop
      vertex 11.1681 70.0475 8
      vertex 12.8596 69.8512 8
      vertex 11.2963 70.5816 8
    endloop
  endfacet
  facet normal 0 0 1
    outer loop
      vertex 13.1284 68.5 8
      vertex 11.5065 67.911 8
      vertex 11.7934 67.4427 8
    endloop
  endfacet
  facet normal 0 0 1
    outer loop
      vertex 12.8596 69.8512 8
      vertex 11.1681 70.0475 8
      vertex 12.825 69.5 8
    endloop
  endfacet
  facet normal 0 0 1
    outer loop
      vertex 12.962 68.8112 8
      vertex 11.2963 68.4184 8
      vertex 11.5065 67.911 8
    endloop
  endfacet
  facet normal 0 0 1
    outer loop
      vertex 11.125 69.5 8
      vertex 12.825 69.5 8
      vertex 11.1681 70.0475 8
    endloop
  endfacet
  facet normal 0 0 1
    outer loop
      vertex 12.8596 69.1488 8
      vertex 11.1681 68.9525 8
      vertex 11.2963 68.4184 8
    endloop
  endfacet
  facet normal 0 0 1
    outer loop
      vertex 12.825 69.5 8
      vertex 11.125 69.5 8
      vertex 11.1681 68.9525 8
    endloop
  endfacet
  facet normal -0.649396 0.76045 0
    outer loop
      vertex 12.5678 72.3316 3
      vertex 12.1501 71.9749 8
      vertex 12.5678 72.3316 8
    endloop
  endfacet
  facet normal -0.649396 0.76045 0
    outer loop
      vertex 12.1501 71.9749 8
      vertex 12.5678 72.3316 3
      vertex 12.1501 71.9749 3
    endloop
  endfacet
  facet normal -0.522481 -0.852651 0
    outer loop
      vertex 12.5678 66.6684 3
      vertex 13.036 66.3815 8
      vertex 12.5678 66.6684 8
    endloop
  endfacet
  facet normal -0.522481 -0.852651 -0
    outer loop
      vertex 13.036 66.3815 8
      vertex 12.5678 66.6684 3
      vertex 13.036 66.3815 3
    endloop
  endfacet
  facet normal -0.996916 -0.0784787 0
    outer loop
      vertex 11.1681 68.9525 3
      vertex 11.125 69.5 8
      vertex 11.125 69.5 3
    endloop
  endfacet
  facet normal -0.996916 -0.0784787 0
    outer loop
      vertex 11.125 69.5 8
      vertex 11.1681 68.9525 3
      vertex 11.1681 68.9525 8
    endloop
  endfacet
  facet normal -0.852701 -0.5224 0
    outer loop
      vertex 11.7934 67.4427 3
      vertex 11.5065 67.911 8
      vertex 11.5065 67.911 3
    endloop
  endfacet
  facet normal -0.852701 -0.5224 0
    outer loop
      vertex 11.5065 67.911 8
      vertex 11.7934 67.4427 3
      vertex 11.7934 67.4427 8
    endloop
  endfacet
  facet normal 0.852701 0.5224 0
    outer loop
      vertex 75.7435 71.089 8
      vertex 75.4566 71.5573 3
      vertex 75.4566 71.5573 8
    endloop
  endfacet
  facet normal 0.852701 0.5224 0
    outer loop
      vertex 75.4566 71.5573 3
      vertex 75.7435 71.089 8
      vertex 75.7435 71.089 3
    endloop
  endfacet
  facet normal 0.972381 0.2334 0
    outer loop
      vertex 76.0819 70.0475 8
      vertex 75.9537 70.5816 3
      vertex 75.9537 70.5816 8
    endloop
  endfacet
  facet normal 0.972381 0.2334 0
    outer loop
      vertex 75.9537 70.5816 3
      vertex 76.0819 70.0475 8
      vertex 76.0819 70.0475 3
    endloop
  endfacet
  facet normal 0.996916 0.0784787 0
    outer loop
      vertex 76.125 69.5 8
      vertex 76.0819 70.0475 3
      vertex 76.0819 70.0475 8
    endloop
  endfacet
  facet normal 0.996916 0.0784787 0
    outer loop
      vertex 76.0819 70.0475 3
      vertex 76.125 69.5 8
      vertex 76.125 69.5 3
    endloop
  endfacet
  facet normal 0.923861 0.382727 0
    outer loop
      vertex 75.9537 70.5816 8
      vertex 75.7435 71.089 3
      vertex 75.7435 71.089 8
    endloop
  endfacet
  facet normal 0.923861 0.382727 0
    outer loop
      vertex 75.7435 71.089 3
      vertex 75.9537 70.5816 8
      vertex 75.9537 70.5816 3
    endloop
  endfacet
  facet normal -0.0784787 0.996916 0
    outer loop
      vertex 72.625 73 3
      vertex 72.0775 72.9569 8
      vertex 72.625 73 8
    endloop
  endfacet
  facet normal -0.0784787 0.996916 0
    outer loop
      vertex 72.0775 72.9569 8
      vertex 72.625 73 3
      vertex 72.0775 72.9569 3
    endloop
  endfacet
  facet normal 0.382727 -0.923861 0
    outer loop
      vertex 73.7066 66.1713 3
      vertex 74.214 66.3815 8
      vertex 73.7066 66.1713 8
    endloop
  endfacet
  facet normal 0.382727 -0.923861 0
    outer loop
      vertex 74.214 66.3815 8
      vertex 73.7066 66.1713 3
      vertex 74.214 66.3815 3
    endloop
  endfacet
  facet normal 0.5224 0.852701 -0
    outer loop
      vertex 74.6823 72.3316 3
      vertex 74.214 72.6185 8
      vertex 74.6823 72.3316 8
    endloop
  endfacet
  facet normal 0.5224 0.852701 0
    outer loop
      vertex 74.214 72.6185 8
      vertex 74.6823 72.3316 3
      vertex 74.214 72.6185 3
    endloop
  endfacet
  facet normal -0.972381 0.2334 0
    outer loop
      vertex 69.1681 70.0475 3
      vertex 69.2963 70.5816 8
      vertex 69.2963 70.5816 3
    endloop
  endfacet
  facet normal -0.972381 0.2334 0
    outer loop
      vertex 69.2963 70.5816 8
      vertex 69.1681 70.0475 3
      vertex 69.1681 70.0475 8
    endloop
  endfacet
  facet normal 0.649486 0.760374 -0
    outer loop
      vertex 75.0999 71.9749 3
      vertex 74.6823 72.3316 8
      vertex 75.0999 71.9749 8
    endloop
  endfacet
  facet normal 0.649486 0.760374 0
    outer loop
      vertex 74.6823 72.3316 8
      vertex 75.0999 71.9749 3
      vertex 74.6823 72.3316 3
    endloop
  endfacet
  facet normal 0.0784787 -0.996916 0
    outer loop
      vertex 72.625 66 3
      vertex 73.1725 66.0431 8
      vertex 72.625 66 8
    endloop
  endfacet
  facet normal 0.0784787 -0.996916 0
    outer loop
      vertex 73.1725 66.0431 8
      vertex 72.625 66 3
      vertex 73.1725 66.0431 3
    endloop
  endfacet
  facet normal 0.5224 -0.852701 0
    outer loop
      vertex 74.214 66.3815 3
      vertex 74.6823 66.6684 8
      vertex 74.214 66.3815 8
    endloop
  endfacet
  facet normal 0.5224 -0.852701 0
    outer loop
      vertex 74.6823 66.6684 8
      vertex 74.214 66.3815 3
      vertex 74.6823 66.6684 3
    endloop
  endfacet
  facet normal -0.923861 -0.382727 0
    outer loop
      vertex 69.5065 67.911 3
      vertex 69.2963 68.4184 8
      vertex 69.2963 68.4184 3
    endloop
  endfacet
  facet normal -0.923861 -0.382727 0
    outer loop
      vertex 69.2963 68.4184 8
      vertex 69.5065 67.911 3
      vertex 69.5065 67.911 8
    endloop
  endfacet
  facet normal -0.996916 0.0784787 0
    outer loop
      vertex 69.125 69.5 3
      vertex 69.1681 70.0475 8
      vertex 69.1681 70.0475 3
    endloop
  endfacet
  facet normal -0.996916 0.0784787 0
    outer loop
      vertex 69.1681 70.0475 8
      vertex 69.125 69.5 3
      vertex 69.125 69.5 8
    endloop
  endfacet
  facet normal -0.2334 -0.972381 0
    outer loop
      vertex 71.5434 66.1713 3
      vertex 72.0775 66.0431 8
      vertex 71.5434 66.1713 8
    endloop
  endfacet
  facet normal -0.2334 -0.972381 -0
    outer loop
      vertex 72.0775 66.0431 8
      vertex 71.5434 66.1713 3
      vertex 72.0775 66.0431 3
    endloop
  endfacet
  facet normal 0.996916 -0.0784787 0
    outer loop
      vertex 76.0819 68.9525 8
      vertex 76.125 69.5 3
      vertex 76.125 69.5 8
    endloop
  endfacet
  facet normal 0.996916 -0.0784787 0
    outer loop
      vertex 76.125 69.5 3
      vertex 76.0819 68.9525 8
      vertex 76.0819 68.9525 3
    endloop
  endfacet
  facet normal -0.0784787 -0.996916 0
    outer loop
      vertex 72.0775 66.0431 3
      vertex 72.625 66 8
      vertex 72.0775 66.0431 8
    endloop
  endfacet
  facet normal -0.0784787 -0.996916 -0
    outer loop
      vertex 72.625 66 8
      vertex 72.0775 66.0431 3
      vertex 72.625 66 3
    endloop
  endfacet
  facet normal 0.923861 -0.382727 0
    outer loop
      vertex 75.7435 67.911 8
      vertex 75.9537 68.4184 3
      vertex 75.9537 68.4184 8
    endloop
  endfacet
  facet normal 0.923861 -0.382727 0
    outer loop
      vertex 75.9537 68.4184 3
      vertex 75.7435 67.911 8
      vertex 75.7435 67.911 3
    endloop
  endfacet
  facet normal 0.852701 -0.5224 0
    outer loop
      vertex 75.4566 67.4427 8
      vertex 75.7435 67.911 3
      vertex 75.7435 67.911 8
    endloop
  endfacet
  facet normal 0.852701 -0.5224 0
    outer loop
      vertex 75.7435 67.911 3
      vertex 75.4566 67.4427 8
      vertex 75.4566 67.4427 3
    endloop
  endfacet
  facet normal -0.923861 0.382727 0
    outer loop
      vertex 69.2963 70.5816 3
      vertex 69.5065 71.089 8
      vertex 69.5065 71.089 3
    endloop
  endfacet
  facet normal -0.923861 0.382727 0
    outer loop
      vertex 69.5065 71.089 8
      vertex 69.2963 70.5816 3
      vertex 69.2963 70.5816 8
    endloop
  endfacet
  facet normal 0.649486 -0.760374 0
    outer loop
      vertex 74.6823 66.6684 3
      vertex 75.0999 67.0251 8
      vertex 74.6823 66.6684 8
    endloop
  endfacet
  facet normal 0.649486 -0.760374 0
    outer loop
      vertex 75.0999 67.0251 8
      vertex 74.6823 66.6684 3
      vertex 75.0999 67.0251 3
    endloop
  endfacet
  facet normal 0.2334 -0.972381 0
    outer loop
      vertex 73.1725 66.0431 3
      vertex 73.7066 66.1713 8
      vertex 73.1725 66.0431 8
    endloop
  endfacet
  facet normal 0.2334 -0.972381 0
    outer loop
      vertex 73.7066 66.1713 8
      vertex 73.1725 66.0431 3
      vertex 73.7066 66.1713 3
    endloop
  endfacet
  facet normal -0.760374 0.649486 0
    outer loop
      vertex 69.7934 71.5573 3
      vertex 70.1501 71.9749 8
      vertex 70.1501 71.9749 3
    endloop
  endfacet
  facet normal -0.760374 0.649486 0
    outer loop
      vertex 70.1501 71.9749 8
      vertex 69.7934 71.5573 3
      vertex 69.7934 71.5573 8
    endloop
  endfacet
  facet normal -0.2334 0.972381 0
    outer loop
      vertex 72.0775 72.9569 3
      vertex 71.5434 72.8287 8
      vertex 72.0775 72.9569 8
    endloop
  endfacet
  facet normal -0.2334 0.972381 0
    outer loop
      vertex 71.5434 72.8287 8
      vertex 72.0775 72.9569 3
      vertex 71.5434 72.8287 3
    endloop
  endfacet
  facet normal -0.5224 0.852701 0
    outer loop
      vertex 71.036 72.6185 3
      vertex 70.5677 72.3316 8
      vertex 71.036 72.6185 8
    endloop
  endfacet
  facet normal -0.5224 0.852701 0
    outer loop
      vertex 70.5677 72.3316 8
      vertex 71.036 72.6185 3
      vertex 70.5677 72.3316 3
    endloop
  endfacet
  facet normal 0.760374 -0.649486 0
    outer loop
      vertex 75.0999 67.0251 8
      vertex 75.4566 67.4427 3
      vertex 75.4566 67.4427 8
    endloop
  endfacet
  facet normal 0.760374 -0.649486 0
    outer loop
      vertex 75.4566 67.4427 3
      vertex 75.0999 67.0251 8
      vertex 75.0999 67.0251 3
    endloop
  endfacet
  facet normal 0.0784787 0.996916 -0
    outer loop
      vertex 73.1725 72.9569 3
      vertex 72.625 73 8
      vertex 73.1725 72.9569 8
    endloop
  endfacet
  facet normal 0.0784787 0.996916 0
    outer loop
      vertex 72.625 73 8
      vertex 73.1725 72.9569 3
      vertex 72.625 73 3
    endloop
  endfacet
  facet normal -0.972381 -0.2334 0
    outer loop
      vertex 69.2963 68.4184 3
      vertex 69.1681 68.9525 8
      vertex 69.1681 68.9525 3
    endloop
  endfacet
  facet normal -0.972381 -0.2334 0
    outer loop
      vertex 69.1681 68.9525 8
      vertex 69.2963 68.4184 3
      vertex 69.2963 68.4184 8
    endloop
  endfacet
  facet normal -0.852701 0.5224 0
    outer loop
      vertex 69.5065 71.089 3
      vertex 69.7934 71.5573 8
      vertex 69.7934 71.5573 3
    endloop
  endfacet
  facet normal -0.852701 0.5224 0
    outer loop
      vertex 69.7934 71.5573 8
      vertex 69.5065 71.089 3
      vertex 69.5065 71.089 8
    endloop
  endfacet
  facet normal 0.382727 0.923861 -0
    outer loop
      vertex 74.214 72.6185 3
      vertex 73.7066 72.8287 8
      vertex 74.214 72.6185 8
    endloop
  endfacet
  facet normal 0.382727 0.923861 0
    outer loop
      vertex 73.7066 72.8287 8
      vertex 74.214 72.6185 3
      vertex 73.7066 72.8287 3
    endloop
  endfacet
  facet normal -0.382727 0.923861 0
    outer loop
      vertex 71.5434 72.8287 3
      vertex 71.036 72.6185 8
      vertex 71.5434 72.8287 8
    endloop
  endfacet
  facet normal -0.382727 0.923861 0
    outer loop
      vertex 71.036 72.6185 8
      vertex 71.5434 72.8287 3
      vertex 71.036 72.6185 3
    endloop
  endfacet
  facet normal 0.972381 -0.2334 0
    outer loop
      vertex 75.9537 68.4184 8
      vertex 76.0819 68.9525 3
      vertex 76.0819 68.9525 8
    endloop
  endfacet
  facet normal 0.972381 -0.2334 0
    outer loop
      vertex 76.0819 68.9525 3
      vertex 75.9537 68.4184 8
      vertex 75.9537 68.4184 3
    endloop
  endfacet
  facet normal 0.2334 0.972381 -0
    outer loop
      vertex 73.7066 72.8287 3
      vertex 73.1725 72.9569 8
      vertex 73.7066 72.8287 8
    endloop
  endfacet
  facet normal 0.2334 0.972381 0
    outer loop
      vertex 73.1725 72.9569 8
      vertex 73.7066 72.8287 3
      vertex 73.1725 72.9569 3
    endloop
  endfacet
  facet normal 0.760374 0.649486 0
    outer loop
      vertex 75.4566 71.5573 8
      vertex 75.0999 71.9749 3
      vertex 75.0999 71.9749 8
    endloop
  endfacet
  facet normal 0.760374 0.649486 0
    outer loop
      vertex 75.0999 71.9749 3
      vertex 75.4566 71.5573 8
      vertex 75.4566 71.5573 3
    endloop
  endfacet
  facet normal -0.649486 -0.760374 0
    outer loop
      vertex 70.1501 67.0251 3
      vertex 70.5677 66.6684 8
      vertex 70.1501 67.0251 8
    endloop
  endfacet
  facet normal -0.649486 -0.760374 -0
    outer loop
      vertex 70.5677 66.6684 8
      vertex 70.1501 67.0251 3
      vertex 70.5677 66.6684 3
    endloop
  endfacet
  facet normal -0.382727 -0.923861 0
    outer loop
      vertex 71.036 66.3815 3
      vertex 71.5434 66.1713 8
      vertex 71.036 66.3815 8
    endloop
  endfacet
  facet normal -0.382727 -0.923861 -0
    outer loop
      vertex 71.5434 66.1713 8
      vertex 71.036 66.3815 3
      vertex 71.5434 66.1713 3
    endloop
  endfacet
  facet normal -0.760374 -0.649486 0
    outer loop
      vertex 70.1501 67.0251 3
      vertex 69.7934 67.4427 8
      vertex 69.7934 67.4427 3
    endloop
  endfacet
  facet normal -0.760374 -0.649486 0
    outer loop
      vertex 69.7934 67.4427 8
      vertex 70.1501 67.0251 3
      vertex 70.1501 67.0251 8
    endloop
  endfacet
  facet normal 0 0 1
    outer loop
      vertex 74.425 69.5 8
      vertex 76.125 69.5 8
      vertex 76.0819 70.0475 8
    endloop
  endfacet
  facet normal 0 0 1
    outer loop
      vertex 74.3904 69.8512 8
      vertex 76.0819 70.0475 8
      vertex 75.9537 70.5816 8
    endloop
  endfacet
  facet normal 0 0 1
    outer loop
      vertex 76.125 69.5 8
      vertex 74.425 69.5 8
      vertex 76.0819 68.9525 8
    endloop
  endfacet
  facet normal 0 0 1
    outer loop
      vertex 74.288 70.1888 8
      vertex 75.9537 70.5816 8
      vertex 75.7435 71.089 8
    endloop
  endfacet
  facet normal -0 0 1
    outer loop
      vertex 74.3904 69.1488 8
      vertex 76.0819 68.9525 8
      vertex 74.425 69.5 8
    endloop
  endfacet
  facet normal 0 0 1
    outer loop
      vertex 74.1216 70.5 8
      vertex 75.7435 71.089 8
      vertex 75.4566 71.5573 8
    endloop
  endfacet
  facet normal 0 0 1
    outer loop
      vertex 76.0819 68.9525 8
      vertex 74.3904 69.1488 8
      vertex 75.9537 68.4184 8
    endloop
  endfacet
  facet normal 0 0 1
    outer loop
      vertex 73.8978 70.7728 8
      vertex 75.4566 71.5573 8
      vertex 75.0999 71.9749 8
    endloop
  endfacet
  facet normal -0 0 1
    outer loop
      vertex 74.288 68.8112 8
      vertex 75.9537 68.4184 8
      vertex 74.3904 69.1488 8
    endloop
  endfacet
  facet normal 0 0 1
    outer loop
      vertex 73.8978 70.7728 8
      vertex 75.0999 71.9749 8
      vertex 74.6823 72.3316 8
    endloop
  endfacet
  facet normal 0 0 1
    outer loop
      vertex 75.9537 68.4184 8
      vertex 74.288 68.8112 8
      vertex 75.7435 67.911 8
    endloop
  endfacet
  facet normal -0 0 1
    outer loop
      vertex 74.1216 68.5 8
      vertex 75.7435 67.911 8
      vertex 74.288 68.8112 8
    endloop
  endfacet
  facet normal 0 0 1
    outer loop
      vertex 76.0819 70.0475 8
      vertex 74.3904 69.8512 8
      vertex 74.425 69.5 8
    endloop
  endfacet
  facet normal 0 0 1
    outer loop
      vertex 75.9537 70.5816 8
      vertex 74.288 70.1888 8
      vertex 74.3904 69.8512 8
    endloop
  endfacet
  facet normal 0 0 1
    outer loop
      vertex 73.625 70.9966 8
      vertex 74.6823 72.3316 8
      vertex 74.214 72.6185 8
    endloop
  endfacet
  facet normal 0 0 1
    outer loop
      vertex 75.7435 71.089 8
      vertex 74.1216 70.5 8
      vertex 74.288 70.1888 8
    endloop
  endfacet
  facet normal 0 0 1
    outer loop
      vertex 75.4566 71.5573 8
      vertex 73.8978 70.7728 8
      vertex 74.1216 70.5 8
    endloop
  endfacet
  facet normal 0 0 1
    outer loop
      vertex 73.3138 71.163 8
      vertex 74.214 72.6185 8
      vertex 73.7066 72.8287 8
    endloop
  endfacet
  facet normal 0 0 1
    outer loop
      vertex 74.6823 72.3316 8
      vertex 73.625 70.9966 8
      vertex 73.8978 70.7728 8
    endloop
  endfacet
  facet normal 0 0 1
    outer loop
      vertex 74.214 72.6185 8
      vertex 73.3138 71.163 8
      vertex 73.625 70.9966 8
    endloop
  endfacet
  facet normal 0 0 1
    outer loop
      vertex 72.9762 71.2654 8
      vertex 73.7066 72.8287 8
      vertex 73.1725 72.9569 8
    endloop
  endfacet
  facet normal 0 0 1
    outer loop
      vertex 73.7066 72.8287 8
      vertex 72.9762 71.2654 8
      vertex 73.3138 71.163 8
    endloop
  endfacet
  facet normal 0 0 1
    outer loop
      vertex 72.625 71.3 8
      vertex 73.1725 72.9569 8
      vertex 72.625 73 8
    endloop
  endfacet
  facet normal 0 0 1
    outer loop
      vertex 73.1725 72.9569 8
      vertex 72.625 71.3 8
      vertex 72.9762 71.2654 8
    endloop
  endfacet
  facet normal -0 0 1
    outer loop
      vertex 72.0775 72.9569 8
      vertex 72.625 71.3 8
      vertex 72.625 73 8
    endloop
  endfacet
  facet normal 0 0 1
    outer loop
      vertex 72.625 71.3 8
      vertex 72.0775 72.9569 8
      vertex 72.2738 71.2654 8
    endloop
  endfacet
  facet normal -0 0 1
    outer loop
      vertex 71.5434 72.8287 8
      vertex 72.2738 71.2654 8
      vertex 72.0775 72.9569 8
    endloop
  endfacet
  facet normal 0 0 1
    outer loop
      vertex 72.2738 71.2654 8
      vertex 71.5434 72.8287 8
      vertex 71.9362 71.163 8
    endloop
  endfacet
  facet normal -0 0 1
    outer loop
      vertex 71.036 72.6185 8
      vertex 71.9362 71.163 8
      vertex 71.5434 72.8287 8
    endloop
  endfacet
  facet normal 0 0 1
    outer loop
      vertex 71.9362 71.163 8
      vertex 71.036 72.6185 8
      vertex 71.625 70.9966 8
    endloop
  endfacet
  facet normal -0 0 1
    outer loop
      vertex 70.5677 72.3316 8
      vertex 71.625 70.9966 8
      vertex 71.036 72.6185 8
    endloop
  endfacet
  facet normal 0 0 1
    outer loop
      vertex 71.625 70.9966 8
      vertex 70.5677 72.3316 8
      vertex 71.3522 70.7728 8
    endloop
  endfacet
  facet normal -0 0 1
    outer loop
      vertex 70.1501 71.9749 8
      vertex 71.3522 70.7728 8
      vertex 70.5677 72.3316 8
    endloop
  endfacet
  facet normal -0 0 1
    outer loop
      vertex 69.7934 71.5573 8
      vertex 71.3522 70.7728 8
      vertex 70.1501 71.9749 8
    endloop
  endfacet
  facet normal 0 0 1
    outer loop
      vertex 71.3522 70.7728 8
      vertex 69.7934 71.5573 8
      vertex 71.1284 70.5 8
    endloop
  endfacet
  facet normal -0 0 1
    outer loop
      vertex 69.5065 71.089 8
      vertex 71.1284 70.5 8
      vertex 69.7934 71.5573 8
    endloop
  endfacet
  facet normal 0 0 1
    outer loop
      vertex 75.7435 67.911 8
      vertex 74.1216 68.5 8
      vertex 75.4566 67.4427 8
    endloop
  endfacet
  facet normal -0 0 1
    outer loop
      vertex 73.8978 68.2272 8
      vertex 75.4566 67.4427 8
      vertex 74.1216 68.5 8
    endloop
  endfacet
  facet normal 0 0 1
    outer loop
      vertex 75.4566 67.4427 8
      vertex 73.8978 68.2272 8
      vertex 75.0999 67.0251 8
    endloop
  endfacet
  facet normal 0 0 1
    outer loop
      vertex 75.0999 67.0251 8
      vertex 73.8978 68.2272 8
      vertex 74.6823 66.6684 8
    endloop
  endfacet
  facet normal -0 0 1
    outer loop
      vertex 73.625 68.0034 8
      vertex 74.6823 66.6684 8
      vertex 73.8978 68.2272 8
    endloop
  endfacet
  facet normal 0 0 1
    outer loop
      vertex 74.6823 66.6684 8
      vertex 73.625 68.0034 8
      vertex 74.214 66.3815 8
    endloop
  endfacet
  facet normal -0 0 1
    outer loop
      vertex 73.3138 67.837 8
      vertex 74.214 66.3815 8
      vertex 73.625 68.0034 8
    endloop
  endfacet
  facet normal 0 0 1
    outer loop
      vertex 74.214 66.3815 8
      vertex 73.3138 67.837 8
      vertex 73.7066 66.1713 8
    endloop
  endfacet
  facet normal -0 0 1
    outer loop
      vertex 72.9762 67.7346 8
      vertex 73.7066 66.1713 8
      vertex 73.3138 67.837 8
    endloop
  endfacet
  facet normal 0 0 1
    outer loop
      vertex 73.7066 66.1713 8
      vertex 72.9762 67.7346 8
      vertex 73.1725 66.0431 8
    endloop
  endfacet
  facet normal -0 0 1
    outer loop
      vertex 72.625 67.7 8
      vertex 73.1725 66.0431 8
      vertex 72.9762 67.7346 8
    endloop
  endfacet
  facet normal 0 0 1
    outer loop
      vertex 72.625 67.7 8
      vertex 72.625 66 8
      vertex 73.1725 66.0431 8
    endloop
  endfacet
  facet normal 0 0 1
    outer loop
      vertex 72.0775 66.0431 8
      vertex 72.625 67.7 8
      vertex 72.2738 67.7346 8
    endloop
  endfacet
  facet normal 0 0 1
    outer loop
      vertex 72.625 67.7 8
      vertex 72.0775 66.0431 8
      vertex 72.625 66 8
    endloop
  endfacet
  facet normal 0 0 1
    outer loop
      vertex 71.5434 66.1713 8
      vertex 72.2738 67.7346 8
      vertex 71.9362 67.837 8
    endloop
  endfacet
  facet normal 0 0 1
    outer loop
      vertex 71.036 66.3815 8
      vertex 71.9362 67.837 8
      vertex 71.625 68.0034 8
    endloop
  endfacet
  facet normal 0 0 1
    outer loop
      vertex 72.2738 67.7346 8
      vertex 71.5434 66.1713 8
      vertex 72.0775 66.0431 8
    endloop
  endfacet
  facet normal 0 0 1
    outer loop
      vertex 70.5677 66.6684 8
      vertex 71.625 68.0034 8
      vertex 71.3522 68.2272 8
    endloop
  endfacet
  facet normal 0 0 1
    outer loop
      vertex 69.7934 67.4427 8
      vertex 71.3522 68.2272 8
      vertex 71.1284 68.5 8
    endloop
  endfacet
  facet normal 0 0 1
    outer loop
      vertex 71.9362 67.837 8
      vertex 71.036 66.3815 8
      vertex 71.5434 66.1713 8
    endloop
  endfacet
  facet normal 0 0 1
    outer loop
      vertex 69.5065 67.911 8
      vertex 71.1284 68.5 8
      vertex 70.962 68.8112 8
    endloop
  endfacet
  facet normal 0 0 1
    outer loop
      vertex 69.2963 68.4184 8
      vertex 70.962 68.8112 8
      vertex 70.8596 69.1488 8
    endloop
  endfacet
  facet normal 0 0 1
    outer loop
      vertex 69.1681 68.9525 8
      vertex 70.8596 69.1488 8
      vertex 70.825 69.5 8
    endloop
  endfacet
  facet normal 0 0 1
    outer loop
      vertex 71.1284 70.5 8
      vertex 69.5065 71.089 8
      vertex 70.962 70.1888 8
    endloop
  endfacet
  facet normal 0 0 1
    outer loop
      vertex 71.625 68.0034 8
      vertex 70.5677 66.6684 8
      vertex 71.036 66.3815 8
    endloop
  endfacet
  facet normal -0 0 1
    outer loop
      vertex 69.2963 70.5816 8
      vertex 70.962 70.1888 8
      vertex 69.5065 71.089 8
    endloop
  endfacet
  facet normal 0 0 1
    outer loop
      vertex 71.3522 68.2272 8
      vertex 70.1501 67.0251 8
      vertex 70.5677 66.6684 8
    endloop
  endfacet
  facet normal 0 0 1
    outer loop
      vertex 70.962 70.1888 8
      vertex 69.2963 70.5816 8
      vertex 70.8596 69.8512 8
    endloop
  endfacet
  facet normal 0 0 1
    outer loop
      vertex 71.3522 68.2272 8
      vertex 69.7934 67.4427 8
      vertex 70.1501 67.0251 8
    endloop
  endfacet
  facet normal -0 0 1
    outer loop
      vertex 69.1681 70.0475 8
      vertex 70.8596 69.8512 8
      vertex 69.2963 70.5816 8
    endloop
  endfacet
  facet normal 0 0 1
    outer loop
      vertex 71.1284 68.5 8
      vertex 69.5065 67.911 8
      vertex 69.7934 67.4427 8
    endloop
  endfacet
  facet normal 0 0 1
    outer loop
      vertex 70.8596 69.8512 8
      vertex 69.1681 70.0475 8
      vertex 70.825 69.5 8
    endloop
  endfacet
  facet normal 0 0 1
    outer loop
      vertex 70.962 68.8112 8
      vertex 69.2963 68.4184 8
      vertex 69.5065 67.911 8
    endloop
  endfacet
  facet normal 0 0 1
    outer loop
      vertex 69.125 69.5 8
      vertex 70.825 69.5 8
      vertex 69.1681 70.0475 8
    endloop
  endfacet
  facet normal 0 0 1
    outer loop
      vertex 70.8596 69.1488 8
      vertex 69.1681 68.9525 8
      vertex 69.2963 68.4184 8
    endloop
  endfacet
  facet normal 0 0 1
    outer loop
      vertex 70.825 69.5 8
      vertex 69.125 69.5 8
      vertex 69.1681 68.9525 8
    endloop
  endfacet
  facet normal -0.649486 0.760374 0
    outer loop
      vertex 70.5677 72.3316 3
      vertex 70.1501 71.9749 8
      vertex 70.5677 72.3316 8
    endloop
  endfacet
  facet normal -0.649486 0.760374 0
    outer loop
      vertex 70.1501 71.9749 8
      vertex 70.5677 72.3316 3
      vertex 70.1501 71.9749 3
    endloop
  endfacet
  facet normal -0.5224 -0.852701 0
    outer loop
      vertex 70.5677 66.6684 3
      vertex 71.036 66.3815 8
      vertex 70.5677 66.6684 8
    endloop
  endfacet
  facet normal -0.5224 -0.852701 -0
    outer loop
      vertex 71.036 66.3815 8
      vertex 70.5677 66.6684 3
      vertex 71.036 66.3815 3
    endloop
  endfacet
  facet normal -0.996916 -0.0784787 0
    outer loop
      vertex 69.1681 68.9525 3
      vertex 69.125 69.5 8
      vertex 69.125 69.5 3
    endloop
  endfacet
  facet normal -0.996916 -0.0784787 0
    outer loop
      vertex 69.125 69.5 8
      vertex 69.1681 68.9525 3
      vertex 69.1681 68.9525 8
    endloop
  endfacet
  facet normal -0.852701 -0.5224 0
    outer loop
      vertex 69.7934 67.4427 3
      vertex 69.5065 67.911 8
      vertex 69.5065 67.911 3
    endloop
  endfacet
  facet normal -0.852701 -0.5224 0
    outer loop
      vertex 69.5065 67.911 8
      vertex 69.7934 67.4427 3
      vertex 69.7934 67.4427 8
    endloop
  endfacet
  facet normal 0.707107 0 -0.707107
    outer loop
      vertex 222.25 -11 0.4
      vertex 221.85 -4.72759 0
      vertex 222.25 -4.20017 0.4
    endloop
  endfacet
  facet normal 0.707107 0 -0.707107
    outer loop
      vertex 221.85 -4.72759 0
      vertex 222.25 -11 0.4
      vertex 221.85 -10.6 0
    endloop
  endfacet
  facet normal 0.707107 0 -0.707107
    outer loop
      vertex 222.25 11 0.4
      vertex 221.85 4.72759 0
      vertex 221.85 10.6 0
    endloop
  endfacet
  facet normal 0.707107 0 -0.707107
    outer loop
      vertex 221.85 4.72759 0
      vertex 222.25 11 0.4
      vertex 222.25 4.20017 0.4
    endloop
  endfacet
  facet normal -0.707107 0 -0.707107
    outer loop
      vertex 0 -11 0.4
      vertex 0.4 -4.72759 0
      vertex 0.4 -10.6 0
    endloop
  endfacet
  facet normal -0.707107 0 -0.707107
    outer loop
      vertex 0.4 -4.72759 0
      vertex 0 -11 0.4
      vertex 0 -4.20017 0.4
    endloop
  endfacet
  facet normal -0.707107 0 -0.707107
    outer loop
      vertex 0.4 4.72759 0
      vertex 0 11 0.4
      vertex 0.4 10.6 0
    endloop
  endfacet
  facet normal -0.707107 -0 -0.707107
    outer loop
      vertex 0 11 0.4
      vertex 0.4 4.72759 0
      vertex 0 4.20017 0.4
    endloop
  endfacet
  facet normal 0 0 1
    outer loop
      vertex 104.435 8.3 4
      vertex 87.95 6 4
      vertex 104.425 8.15 4
    endloop
  endfacet
  facet normal 0 0 1
    outer loop
      vertex 104.435 8.3 4
      vertex 63.95 6 4
      vertex 87.95 6 4
    endloop
  endfacet
  facet normal 0 0 1
    outer loop
      vertex 63.95 6 4
      vertex 48.775 6 4
      vertex 63.95 -6 4
    endloop
  endfacet
  facet normal 0 0 1
    outer loop
      vertex 104.435 8.3 4
      vertex 48.775 6 4
      vertex 63.95 6 4
    endloop
  endfacet
  facet normal -0 0 1
    outer loop
      vertex 13.6 8.3 4
      vertex 48.775 6 4
      vertex 104.435 8.3 4
    endloop
  endfacet
  facet normal 0 0 1
    outer loop
      vertex 24.775 6 4
      vertex 13.6 8.3 4
      vertex 24.775 -6 4
    endloop
  endfacet
  facet normal 0 0 1
    outer loop
      vertex 48.775 6 4
      vertex 13.6 8.3 4
      vertex 24.775 6 4
    endloop
  endfacet
  facet normal 0 0 1
    outer loop
      vertex 111.125 -1.5 4
      vertex 113.749 2.83741 4
      vertex 113.043 2.69705 4
    endloop
  endfacet
  facet normal 0 0 1
    outer loop
      vertex 111.125 -1.5 4
      vertex 113.043 2.69705 4
      vertex 112.325 2.65 4
    endloop
  endfacet
  facet normal 0 0 1
    outer loop
      vertex 113.749 2.83741 4
      vertex 111.125 -1.5 4
      vertex 113.625 -5.5 4
    endloop
  endfacet
  facet normal -0 0 1
    outer loop
      vertex 109.925 2.65 4
      vertex 111.125 -1.5 4
      vertex 112.325 2.65 4
    endloop
  endfacet
  facet normal 0 0 1
    outer loop
      vertex 109.207 2.69705 4
      vertex 111.125 -1.5 4
      vertex 109.925 2.65 4
    endloop
  endfacet
  facet normal 0 0 1
    outer loop
      vertex 108.501 2.83741 4
      vertex 111.125 -1.5 4
      vertex 109.207 2.69705 4
    endloop
  endfacet
  facet normal 0 0 1
    outer loop
      vertex 107.82 3.06866 4
      vertex 111.125 -1.5 4
      vertex 108.501 2.83741 4
    endloop
  endfacet
  facet normal 0 0 1
    outer loop
      vertex 208.65 8.3 4
      vertex 197.475 6 4
      vertex 208.65 -8.3 4
    endloop
  endfacet
  facet normal 0 0 1
    outer loop
      vertex 208.65 8.3 4
      vertex 173.475 6 4
      vertex 197.475 6 4
    endloop
  endfacet
  facet normal 0 0 1
    outer loop
      vertex 173.475 6 4
      vertex 158.3 6 4
      vertex 173.475 -6 4
    endloop
  endfacet
  facet normal 0 0 1
    outer loop
      vertex 208.65 8.3 4
      vertex 158.3 6 4
      vertex 173.475 6 4
    endloop
  endfacet
  facet normal -0 0 1
    outer loop
      vertex 117.815 8.3 4
      vertex 158.3 6 4
      vertex 208.65 8.3 4
    endloop
  endfacet
  facet normal -0 0 1
    outer loop
      vertex 117.778 7.43211 4
      vertex 134.3 6 4
      vertex 117.825 8.15 4
    endloop
  endfacet
  facet normal 0 0 1
    outer loop
      vertex 158.3 6 4
      vertex 117.815 8.3 4
      vertex 134.3 6 4
    endloop
  endfacet
  facet normal 0 0 1
    outer loop
      vertex 134.3 6 4
      vertex 117.815 8.3 4
      vertex 117.825 8.15 4
    endloop
  endfacet
  facet normal -0 0 1
    outer loop
      vertex 197.475 -6 4
      vertex 208.65 -8.3 4
      vertex 197.475 6 4
    endloop
  endfacet
  facet normal -0 0 1
    outer loop
      vertex 173.475 -6 4
      vertex 208.65 -8.3 4
      vertex 197.475 -6 4
    endloop
  endfacet
  facet normal 0 0 1
    outer loop
      vertex 158.3 -6 4
      vertex 173.475 -6 4
      vertex 158.3 6 4
    endloop
  endfacet
  facet normal -0 0 1
    outer loop
      vertex 158.3 -6 4
      vertex 208.65 -8.3 4
      vertex 173.475 -6 4
    endloop
  endfacet
  facet normal -0 0 1
    outer loop
      vertex 134.3 -6 4
      vertex 208.65 -8.3 4
      vertex 158.3 -6 4
    endloop
  endfacet
  facet normal -0 0 1
    outer loop
      vertex 117.638 6.72649 4
      vertex 134.3 6 4
      vertex 117.778 7.43211 4
    endloop
  endfacet
  facet normal -0 0 1
    outer loop
      vertex 117.406 6.04524 4
      vertex 134.3 6 4
      vertex 117.638 6.72649 4
    endloop
  endfacet
  facet normal 0 0 1
    outer loop
      vertex 117.088 5.4 4
      vertex 134.3 6 4
      vertex 117.406 6.04524 4
    endloop
  endfacet
  facet normal 0 0 1
    outer loop
      vertex 134.3 6 4
      vertex 117.088 5.4 4
      vertex 134.3 -6 4
    endloop
  endfacet
  facet normal -0 0 1
    outer loop
      vertex 116.688 4.80181 4
      vertex 134.3 -6 4
      vertex 117.088 5.4 4
    endloop
  endfacet
  facet normal -0 0 1
    outer loop
      vertex 116.214 4.26091 4
      vertex 134.3 -6 4
      vertex 116.688 4.80181 4
    endloop
  endfacet
  facet normal 0 0 1
    outer loop
      vertex 113.625 -5.5 4
      vertex 116.214 4.26091 4
      vertex 115.673 3.78656 4
    endloop
  endfacet
  facet normal 0 0 1
    outer loop
      vertex 113.625 -5.5 4
      vertex 115.673 3.78656 4
      vertex 115.075 3.38686 4
    endloop
  endfacet
  facet normal 0 0 1
    outer loop
      vertex 113.625 -5.5 4
      vertex 115.075 3.38686 4
      vertex 114.43 3.06866 4
    endloop
  endfacet
  facet normal 0 0 1
    outer loop
      vertex 113.625 -5.5 4
      vertex 114.43 3.06866 4
      vertex 113.749 2.83741 4
    endloop
  endfacet
  facet normal 0 0 1
    outer loop
      vertex 116.214 4.26091 4
      vertex 113.625 -5.5 4
      vertex 134.3 -6 4
    endloop
  endfacet
  facet normal 0 0 1
    outer loop
      vertex 87.95 -6 4
      vertex 134.3 -6 4
      vertex 113.625 -5.5 4
    endloop
  endfacet
  facet normal 0 0 1
    outer loop
      vertex 87.95 -6 4
      vertex 113.625 -5.5 4
      vertex 108.625 -5.5 4
    endloop
  endfacet
  facet normal 0 0 1
    outer loop
      vertex 111.125 -1.5 4
      vertex 107.82 3.06866 4
      vertex 108.625 -5.5 4
    endloop
  endfacet
  facet normal 0 0 1
    outer loop
      vertex 107.175 3.38686 4
      vertex 108.625 -5.5 4
      vertex 107.82 3.06866 4
    endloop
  endfacet
  facet normal 0 0 1
    outer loop
      vertex 106.577 3.78656 4
      vertex 108.625 -5.5 4
      vertex 107.175 3.38686 4
    endloop
  endfacet
  facet normal 0 0 1
    outer loop
      vertex 106.036 4.26091 4
      vertex 108.625 -5.5 4
      vertex 106.577 3.78656 4
    endloop
  endfacet
  facet normal 0 0 1
    outer loop
      vertex 87.95 -6 4
      vertex 106.036 4.26091 4
      vertex 105.562 4.80181 4
    endloop
  endfacet
  facet normal 0 0 1
    outer loop
      vertex 87.95 -6 4
      vertex 105.562 4.80181 4
      vertex 105.162 5.4 4
    endloop
  endfacet
  facet normal -0 0 1
    outer loop
      vertex 87.95 6 4
      vertex 105.162 5.4 4
      vertex 104.844 6.04524 4
    endloop
  endfacet
  facet normal 0 0 1
    outer loop
      vertex 87.95 6 4
      vertex 104.844 6.04524 4
      vertex 104.612 6.72649 4
    endloop
  endfacet
  facet normal 0 0 1
    outer loop
      vertex 87.95 6 4
      vertex 104.472 7.43211 4
      vertex 104.425 8.15 4
    endloop
  endfacet
  facet normal 0 0 1
    outer loop
      vertex 87.95 6 4
      vertex 104.612 6.72649 4
      vertex 104.472 7.43211 4
    endloop
  endfacet
  facet normal 0 0 1
    outer loop
      vertex 105.162 5.4 4
      vertex 87.95 6 4
      vertex 87.95 -6 4
    endloop
  endfacet
  facet normal 0 0 1
    outer loop
      vertex 106.036 4.26091 4
      vertex 87.95 -6 4
      vertex 108.625 -5.5 4
    endloop
  endfacet
  facet normal 0 0 1
    outer loop
      vertex 134.3 -6 4
      vertex 87.95 -6 4
      vertex 208.65 -8.3 4
    endloop
  endfacet
  facet normal 0 0 1
    outer loop
      vertex 13.6 -8.3 4
      vertex 87.95 -6 4
      vertex 63.95 -6 4
    endloop
  endfacet
  facet normal 0 0 1
    outer loop
      vertex 48.775 -6 4
      vertex 63.95 -6 4
      vertex 48.775 6 4
    endloop
  endfacet
  facet normal 0 0 1
    outer loop
      vertex 13.6 -8.3 4
      vertex 63.95 -6 4
      vertex 48.775 -6 4
    endloop
  endfacet
  facet normal 0 0 1
    outer loop
      vertex 13.6 -8.3 4
      vertex 48.775 -6 4
      vertex 24.775 -6 4
    endloop
  endfacet
  facet normal 0 0 1
    outer loop
      vertex 87.95 -6 4
      vertex 13.6 -8.3 4
      vertex 208.65 -8.3 4
    endloop
  endfacet
  facet normal 0 0 1
    outer loop
      vertex 13.6 -8.3 4
      vertex 24.775 -6 4
      vertex 13.6 8.3 4
    endloop
  endfacet
  facet normal 0 -0.707107 -0.707107
    outer loop
      vertex 222.25 -11 0.4
      vertex 0.4 -10.6 0
      vertex 221.85 -10.6 0
    endloop
  endfacet
  facet normal 0 -0.707107 -0.707107
    outer loop
      vertex 0.4 -10.6 0
      vertex 222.25 -11 0.4
      vertex 0 -11 0.4
    endloop
  endfacet
  facet normal 0 0.707107 -0.707107
    outer loop
      vertex 0.4 10.6 0
      vertex 6 11 0.4
      vertex 6.4 10.6 0
    endloop
  endfacet
  facet normal 0 0.707107 -0.707107
    outer loop
      vertex 6 11 0.4
      vertex 0.4 10.6 0
      vertex 0 11 0.4
    endloop
  endfacet
  facet normal 0 0.707107 -0.707107
    outer loop
      vertex 221.85 10.6 0
      vertex 117.021 11 0.4
      vertex 222.25 11 0.4
    endloop
  endfacet
  facet normal 1.52413e-07 0.707127 -0.707087
    outer loop
      vertex 221.85 10.6 0
      vertex 116.993 10.947 0.346997
      vertex 117.021 11 0.4
    endloop
  endfacet
  facet normal -2.74767e-08 0.7071 -0.707114
    outer loop
      vertex 221.85 10.6 0
      vertex 116.915 10.8 0.2
      vertex 116.993 10.947 0.346997
    endloop
  endfacet
  facet normal 0 0.707107 -0.707107
    outer loop
      vertex 116.915 10.8 0.2
      vertex 221.85 10.6 0
      vertex 116.791 10.6 0
    endloop
  endfacet
  facet normal -7.03281e-07 0.707099 -0.707114
    outer loop
      vertex 101.125 11 0.4
      vertex 105.257 10.947 0.346997
      vertex 105.335 10.8 0.2
    endloop
  endfacet
  facet normal 0 0.707127 -0.707087
    outer loop
      vertex 105.257 10.947 0.346997
      vertex 101.125 11 0.4
      vertex 105.229 11 0.4
    endloop
  endfacet
  facet normal -3.12212e-16 0.707107 -0.707107
    outer loop
      vertex 105.459 10.6 0
      vertex 101.125 11 0.4
      vertex 105.335 10.8 0.2
    endloop
  endfacet
  facet normal 0 0.707107 -0.707107
    outer loop
      vertex 101.125 11 0.4
      vertex 105.459 10.6 0
      vertex 100.725 10.6 0
    endloop
  endfacet
  facet normal 1 -0 0
    outer loop
      vertex 13.6 -8.3 46
      vertex 13.6 8.3 4
      vertex 13.6 8.3 46
    endloop
  endfacet
  facet normal 1 0 0
    outer loop
      vertex 13.6 8.3 4
      vertex 13.6 -8.3 46
      vertex 13.6 -8.3 4
    endloop
  endfacet
  facet normal -1 0 0
    outer loop
      vertex 208.65 -8.3 4
      vertex 208.65 8.3 46
      vertex 208.65 8.3 4
    endloop
  endfacet
  facet normal -1 -0 0
    outer loop
      vertex 208.65 8.3 46
      vertex 208.65 -8.3 4
      vertex 208.65 -8.3 46
    endloop
  endfacet
  facet normal 0.997785 0.066519 0
    outer loop
      vertex 117.825 8.15 46
      vertex 117.815 8.3 4
      vertex 117.815 8.3 46
    endloop
  endfacet
  facet normal 0.997785 0.066519 0
    outer loop
      vertex 117.815 8.3 4
      vertex 117.825 8.15 46
      vertex 117.825 8.15 4
    endloop
  endfacet
  facet normal -0.831276 -0.555861 0
    outer loop
      vertex 105.562 4.80181 4
      vertex 105.162 5.4 46
      vertex 105.162 5.4 4
    endloop
  endfacet
  facet normal -0.831276 -0.555861 0
    outer loop
      vertex 105.162 5.4 46
      vertex 105.562 4.80181 4
      vertex 105.562 4.80181 46
    endloop
  endfacet
  facet normal 0.194994 -0.980804 0
    outer loop
      vertex 113.043 2.69705 4
      vertex 113.749 2.83741 46
      vertex 113.043 2.69705 46
    endloop
  endfacet
  facet normal 0.194994 -0.980804 0
    outer loop
      vertex 113.749 2.83741 46
      vertex 113.043 2.69705 4
      vertex 113.749 2.83741 4
    endloop
  endfacet
  facet normal 0.659272 -0.751905 0
    outer loop
      vertex 115.673 3.78656 4
      vertex 116.214 4.26091 46
      vertex 115.673 3.78656 46
    endloop
  endfacet
  facet normal 0.659272 -0.751905 0
    outer loop
      vertex 116.214 4.26091 46
      vertex 115.673 3.78656 4
      vertex 116.214 4.26091 4
    endloop
  endfacet
  facet normal 0.0654582 0.997855 -0
    outer loop
      vertex 113.043 13.6029 0.4
      vertex 112.325 13.65 46
      vertex 113.043 13.6029 46
    endloop
  endfacet
  facet normal 0.0654582 0.997855 0
    outer loop
      vertex 112.325 13.65 46
      vertex 113.043 13.6029 0.4
      vertex 112.325 13.65 0.4
    endloop
  endfacet
  facet normal -0.997864 -0.0653298 0
    outer loop
      vertex 104.472 7.43211 4
      vertex 104.425 8.15 46
      vertex 104.425 8.15 4
    endloop
  endfacet
  facet normal -0.997864 -0.0653298 0
    outer loop
      vertex 104.425 8.15 46
      vertex 104.472 7.43211 4
      vertex 104.472 7.43211 46
    endloop
  endfacet
  facet normal 0.997864 -0.0653298 0
    outer loop
      vertex 117.778 7.43211 46
      vertex 117.825 8.15 4
      vertex 117.825 8.15 46
    endloop
  endfacet
  facet normal 0.997864 -0.0653298 0
    outer loop
      vertex 117.825 8.15 4
      vertex 117.778 7.43211 46
      vertex 117.778 7.43211 4
    endloop
  endfacet
  facet normal 0.321604 0.946874 -0
    outer loop
      vertex 114.43 13.2313 0.4
      vertex 113.749 13.4626 46
      vertex 114.43 13.2313 46
    endloop
  endfacet
  facet normal 0.321604 0.946874 0
    outer loop
      vertex 113.749 13.4626 46
      vertex 114.43 13.2313 0.4
      vertex 113.749 13.4626 0.4
    endloop
  endfacet
  facet normal -0.659232 0.751939 0
    outer loop
      vertex 106.577 12.5134 0.4
      vertex 106.036 12.0391 46
      vertex 106.577 12.5134 46
    endloop
  endfacet
  facet normal -0.659232 0.751939 0
    outer loop
      vertex 106.036 12.0391 46
      vertex 106.577 12.5134 0.4
      vertex 106.036 12.0391 0.4
    endloop
  endfacet
  facet normal -0.896981 -0.442068 0
    outer loop
      vertex 105.162 5.4 4
      vertex 104.844 6.04524 46
      vertex 104.844 6.04524 4
    endloop
  endfacet
  facet normal -0.896981 -0.442068 0
    outer loop
      vertex 104.844 6.04524 46
      vertex 105.162 5.4 4
      vertex 105.162 5.4 46
    endloop
  endfacet
  facet normal -0.946614 -0.32237 0
    outer loop
      vertex 104.844 6.04524 4
      vertex 104.612 6.72649 46
      vertex 104.612 6.72649 4
    endloop
  endfacet
  facet normal -0.946614 -0.32237 0
    outer loop
      vertex 104.612 6.72649 46
      vertex 104.844 6.04524 4
      vertex 104.844 6.04524 46
    endloop
  endfacet
  facet normal 0.313284 0.634848 -0.706272
    outer loop
      vertex 114.875 12.5667 0
      vertex 114.277 12.8618 0
      vertex 114.43 13.2313 0.4
    endloop
  endfacet
  facet normal 0 -1 0
    outer loop
      vertex 109.925 2.65 4
      vertex 112.325 2.65 46
      vertex 109.925 2.65 46
    endloop
  endfacet
  facet normal 0 -1 -0
    outer loop
      vertex 112.325 2.65 46
      vertex 109.925 2.65 4
      vertex 112.325 2.65 4
    endloop
  endfacet
  facet normal 0.0462471 0.706435 -0.706266
    outer loop
      vertex 112.991 13.2064 0
      vertex 112.325 13.25 0
      vertex 113.043 13.6029 0.4
    endloop
  endfacet
  facet normal 0.752086 -0.659066 0
    outer loop
      vertex 116.214 4.26091 46
      vertex 116.688 4.80181 4
      vertex 116.688 4.80181 46
    endloop
  endfacet
  facet normal 0.752086 -0.659066 0
    outer loop
      vertex 116.688 4.80181 4
      vertex 116.214 4.26091 46
      vertex 116.214 4.26091 4
    endloop
  endfacet
  facet normal -0.588677 0.393664 -0.706037
    outer loop
      vertex 105.257 10.947 0.346997
      vertex 105.508 10.7 0
      vertex 105.335 10.8 0.2
    endloop
  endfacet
  facet normal -0.588645 0.393703 -0.706042
    outer loop
      vertex 105.508 10.7 0
      vertex 105.257 10.947 0.346997
      vertex 105.879 11.2547 0
    endloop
  endfacet
  facet normal -0.752086 -0.659066 0
    outer loop
      vertex 106.036 4.26091 4
      vertex 105.562 4.80181 46
      vertex 105.562 4.80181 4
    endloop
  endfacet
  facet normal -0.752086 -0.659066 0
    outer loop
      vertex 105.562 4.80181 46
      vertex 106.036 4.26091 4
      vertex 106.036 4.26091 46
    endloop
  endfacet
  facet normal 0.555694 0.831387 -0
    outer loop
      vertex 115.673 12.5134 0.4
      vertex 115.075 12.9131 46
      vertex 115.673 12.5134 46
    endloop
  endfacet
  facet normal 0.555694 0.831387 0
    outer loop
      vertex 115.075 12.9131 46
      vertex 115.673 12.5134 0.4
      vertex 115.075 12.9131 0.4
    endloop
  endfacet
  facet normal 0.555694 -0.831387 0
    outer loop
      vertex 115.075 3.38686 4
      vertex 115.673 3.78656 46
      vertex 115.075 3.38686 46
    endloop
  endfacet
  facet normal 0.555694 -0.831387 0
    outer loop
      vertex 115.673 3.78656 46
      vertex 115.075 3.38686 4
      vertex 115.673 3.78656 4
    endloop
  endfacet
  facet normal 0.0463356 0.706347 -0.706347
    outer loop
      vertex 113.043 13.6029 0.4
      vertex 112.325 13.25 0
      vertex 112.325 13.65 0.4
    endloop
  endfacet
  facet normal 0.321541 -0.946896 0
    outer loop
      vertex 113.749 2.83741 4
      vertex 114.43 3.06866 46
      vertex 113.749 2.83741 46
    endloop
  endfacet
  facet normal 0.321541 -0.946896 0
    outer loop
      vertex 114.43 3.06866 46
      vertex 113.749 2.83741 4
      vertex 114.43 3.06866 4
    endloop
  endfacet
  facet normal 0.442424 0.896806 -0
    outer loop
      vertex 115.075 12.9131 0.4
      vertex 114.43 13.2313 46
      vertex 115.075 12.9131 46
    endloop
  endfacet
  facet normal 0.442424 0.896806 0
    outer loop
      vertex 114.43 13.2313 46
      vertex 115.075 12.9131 0.4
      vertex 114.43 13.2313 0.4
    endloop
  endfacet
  facet normal -0.997785 0.066519 0
    outer loop
      vertex 104.425 8.15 4
      vertex 104.435 8.3 46
      vertex 104.435 8.3 4
    endloop
  endfacet
  facet normal -0.997785 0.066519 0
    outer loop
      vertex 104.435 8.3 46
      vertex 104.425 8.15 4
      vertex 104.425 8.15 46
    endloop
  endfacet
  facet normal 0.442424 -0.896806 0
    outer loop
      vertex 114.43 3.06866 4
      vertex 115.075 3.38686 46
      vertex 114.43 3.06866 46
    endloop
  endfacet
  facet normal 0.442424 -0.896806 0
    outer loop
      vertex 115.075 3.38686 46
      vertex 114.43 3.06866 4
      vertex 115.075 3.38686 4
    endloop
  endfacet
  facet normal -0.393362 0.588518 -0.706338
    outer loop
      vertex 107.375 12.5667 0
      vertex 106.577 12.5134 0.4
      vertex 107.175 12.9131 0.4
    endloop
  endfacet
  facet normal -0.0463356 0.706347 -0.706347
    outer loop
      vertex 109.925 13.25 0
      vertex 109.207 13.6029 0.4
      vertex 109.925 13.65 0.4
    endloop
  endfacet
  facet normal 0.588677 0.393664 -0.706037
    outer loop
      vertex 116.742 10.7 0
      vertex 116.993 10.947 0.346997
      vertex 116.915 10.8 0.2
    endloop
  endfacet
  facet normal 0.588645 0.393703 -0.706042
    outer loop
      vertex 116.993 10.947 0.346997
      vertex 116.742 10.7 0
      vertex 116.371 11.2547 0
    endloop
  endfacet
  facet normal 0.752086 0.659066 0
    outer loop
      vertex 116.688 11.4982 46
      vertex 116.214 12.0391 0.4
      vertex 116.214 12.0391 46
    endloop
  endfacet
  facet normal 0.752086 0.659066 0
    outer loop
      vertex 116.214 12.0391 0.4
      vertex 116.688 11.4982 46
      vertex 116.688 11.4982 0.4
    endloop
  endfacet
  facet normal -0.321541 -0.946896 0
    outer loop
      vertex 107.82 3.06866 4
      vertex 108.501 2.83741 46
      vertex 107.82 3.06866 46
    endloop
  endfacet
  facet normal -0.321541 -0.946896 -0
    outer loop
      vertex 108.501 2.83741 46
      vertex 107.82 3.06866 4
      vertex 108.501 2.83741 4
    endloop
  endfacet
  facet normal 0.896981 -0.442068 0
    outer loop
      vertex 117.088 5.4 46
      vertex 117.406 6.04524 4
      vertex 117.406 6.04524 46
    endloop
  endfacet
  facet normal 0.896981 -0.442068 0
    outer loop
      vertex 117.406 6.04524 4
      vertex 117.088 5.4 46
      vertex 117.088 5.4 4
    endloop
  endfacet
  facet normal -0.466857 0.53251 -0.706029
    outer loop
      vertex 106.82 12.1961 0
      vertex 106.036 12.0391 0.4
      vertex 106.577 12.5134 0.4
    endloop
  endfacet
  facet normal 0.393362 0.588518 -0.706338
    outer loop
      vertex 115.673 12.5134 0.4
      vertex 114.875 12.5667 0
      vertex 115.075 12.9131 0.4
    endloop
  endfacet
  facet normal -0.98088 -0.194614 0
    outer loop
      vertex 104.612 6.72649 4
      vertex 104.472 7.43211 46
      vertex 104.472 7.43211 4
    endloop
  endfacet
  facet normal -0.98088 -0.194614 0
    outer loop
      vertex 104.472 7.43211 46
      vertex 104.612 6.72649 4
      vertex 104.612 6.72649 46
    endloop
  endfacet
  facet normal -0.065389 -0.99786 0
    outer loop
      vertex 109.207 2.69705 4
      vertex 109.925 2.65 46
      vertex 109.207 2.69705 46
    endloop
  endfacet
  facet normal -0.065389 -0.99786 -0
    outer loop
      vertex 109.925 2.65 46
      vertex 109.207 2.69705 4
      vertex 109.925 2.65 4
    endloop
  endfacet
  facet normal 0.659232 0.751939 -0
    outer loop
      vertex 116.214 12.0391 0.4
      vertex 115.673 12.5134 46
      vertex 116.214 12.0391 46
    endloop
  endfacet
  facet normal 0.659232 0.751939 0
    outer loop
      vertex 115.673 12.5134 46
      vertex 116.214 12.0391 0.4
      vertex 115.673 12.5134 0.4
    endloop
  endfacet
  facet normal 0.831276 -0.555861 0
    outer loop
      vertex 116.688 4.80181 46
      vertex 117.088 5.4 4
      vertex 117.088 5.4 46
    endloop
  endfacet
  facet normal 0.831276 -0.555861 0
    outer loop
      vertex 117.088 5.4 4
      vertex 116.688 4.80181 46
      vertex 116.688 4.80181 4
    endloop
  endfacet
  facet normal -0.194914 0.98082 0
    outer loop
      vertex 109.207 13.6029 0.4
      vertex 108.501 13.4626 46
      vertex 109.207 13.6029 46
    endloop
  endfacet
  facet normal -0.194914 0.98082 0
    outer loop
      vertex 108.501 13.4626 46
      vertex 109.207 13.6029 0.4
      vertex 108.501 13.4626 0.4
    endloop
  endfacet
  facet normal 0.393251 0.588922 -0.706063
    outer loop
      vertex 115.43 12.1961 0
      vertex 114.875 12.5667 0
      vertex 115.673 12.5134 0.4
    endloop
  endfacet
  facet normal 0.227429 0.670407 -0.70628
    outer loop
      vertex 114.277 12.8618 0
      vertex 113.645 13.0762 0
      vertex 114.43 13.2313 0.4
    endloop
  endfacet
  facet normal -0.138232 0.694346 -0.706241
    outer loop
      vertex 109.259 13.2064 0
      vertex 108.605 13.0762 0
      vertex 109.207 13.6029 0.4
    endloop
  endfacet
  facet normal -0.53199 0.466751 -0.706492
    outer loop
      vertex 106.319 11.7562 0
      vertex 105.879 11.2547 0
      vertex 106.036 12.0391 0.4
    endloop
  endfacet
  facet normal -0.137952 0.694187 -0.706452
    outer loop
      vertex 108.605 13.0762 0
      vertex 108.501 13.4626 0.4
      vertex 109.207 13.6029 0.4
    endloop
  endfacet
  facet normal -0.442424 -0.896806 0
    outer loop
      vertex 107.175 3.38686 4
      vertex 107.82 3.06866 46
      vertex 107.175 3.38686 46
    endloop
  endfacet
  facet normal -0.442424 -0.896806 -0
    outer loop
      vertex 107.82 3.06866 46
      vertex 107.175 3.38686 4
      vertex 107.82 3.06866 4
    endloop
  endfacet
  facet normal 0.466953 0.531811 -0.706493
    outer loop
      vertex 115.931 11.7562 0
      vertex 115.43 12.1961 0
      vertex 116.214 12.0391 0.4
    endloop
  endfacet
  facet normal 0.313178 0.634821 -0.706344
    outer loop
      vertex 114.875 12.5667 0
      vertex 114.43 13.2313 0.4
      vertex 115.075 12.9131 0.4
    endloop
  endfacet
  facet normal 0.946614 -0.32237 0
    outer loop
      vertex 117.406 6.04524 46
      vertex 117.638 6.72649 4
      vertex 117.638 6.72649 46
    endloop
  endfacet
  facet normal 0.946614 -0.32237 0
    outer loop
      vertex 117.638 6.72649 4
      vertex 117.406 6.04524 46
      vertex 117.406 6.04524 4
    endloop
  endfacet
  facet normal -0.313251 0.634782 -0.706347
    outer loop
      vertex 107.375 12.5667 0
      vertex 107.175 12.9131 0.4
      vertex 107.973 12.8618 0
    endloop
  endfacet
  facet normal 0 1 -0
    outer loop
      vertex 112.325 13.65 0.4
      vertex 109.925 13.65 46
      vertex 112.325 13.65 46
    endloop
  endfacet
  facet normal 0 1 0
    outer loop
      vertex 109.925 13.65 46
      vertex 112.325 13.65 0.4
      vertex 109.925 13.65 0.4
    endloop
  endfacet
  facet normal -0.588746 0.394511 -0.705507
    outer loop
      vertex 105.229 11 0.4
      vertex 105.879 11.2547 0
      vertex 105.257 10.947 0.346997
    endloop
  endfacet
  facet normal -0.588713 0.3935 -0.706098
    outer loop
      vertex 105.879 11.2547 0
      vertex 105.229 11 0.4
      vertex 105.562 11.4982 0.4
    endloop
  endfacet
  facet normal 0 0.707107 -0.707107
    outer loop
      vertex 112.325 13.25 0
      vertex 109.925 13.65 0.4
      vertex 112.325 13.65 0.4
    endloop
  endfacet
  facet normal 0 0.707107 -0.707107
    outer loop
      vertex 109.925 13.65 0.4
      vertex 112.325 13.25 0
      vertex 109.925 13.25 0
    endloop
  endfacet
  facet normal 0.227602 0.670111 -0.706504
    outer loop
      vertex 114.43 13.2313 0.4
      vertex 113.645 13.0762 0
      vertex 113.749 13.4626 0.4
    endloop
  endfacet
  facet normal 0.98088 -0.194614 0
    outer loop
      vertex 117.638 6.72649 46
      vertex 117.778 7.43211 4
      vertex 117.778 7.43211 46
    endloop
  endfacet
  facet normal 0.98088 -0.194614 0
    outer loop
      vertex 117.778 7.43211 4
      vertex 117.638 6.72649 46
      vertex 117.638 6.72649 4
    endloop
  endfacet
  facet normal -0.831382 0.555701 0
    outer loop
      vertex 105.229 11 0.4
      vertex 105.562 11.4982 46
      vertex 105.562 11.4982 0.4
    endloop
  endfacet
  facet normal -0.831382 0.555701 0
    outer loop
      vertex 105.562 11.4982 46
      vertex 105.229 11 0.4
      vertex 105.229 11 46
    endloop
  endfacet
  facet normal -0.313209 0.634883 -0.706275
    outer loop
      vertex 107.973 12.8618 0
      vertex 107.175 12.9131 0.4
      vertex 107.82 13.2313 0.4
    endloop
  endfacet
  facet normal 0.53199 0.466751 -0.706492
    outer loop
      vertex 116.371 11.2547 0
      vertex 115.931 11.7562 0
      vertex 116.214 12.0391 0.4
    endloop
  endfacet
  facet normal -0.442424 0.896806 0
    outer loop
      vertex 107.82 13.2313 0.4
      vertex 107.175 12.9131 46
      vertex 107.82 13.2313 46
    endloop
  endfacet
  facet normal -0.442424 0.896806 0
    outer loop
      vertex 107.175 12.9131 46
      vertex 107.82 13.2313 0.4
      vertex 107.175 12.9131 0.4
    endloop
  endfacet
  facet normal 0.636002 0.311641 -0.705962
    outer loop
      vertex 116.791 10.6 0
      vertex 116.742 10.7 0
      vertex 116.915 10.8 0.2
    endloop
  endfacet
  facet normal 0.065389 -0.99786 0
    outer loop
      vertex 112.325 2.65 4
      vertex 113.043 2.69705 46
      vertex 112.325 2.65 46
    endloop
  endfacet
  facet normal 0.065389 -0.99786 0
    outer loop
      vertex 113.043 2.69705 46
      vertex 112.325 2.65 4
      vertex 113.043 2.69705 4
    endloop
  endfacet
  facet normal -0.194994 -0.980804 0
    outer loop
      vertex 108.501 2.83741 4
      vertex 109.207 2.69705 46
      vertex 108.501 2.83741 46
    endloop
  endfacet
  facet normal -0.194994 -0.980804 -0
    outer loop
      vertex 109.207 2.69705 46
      vertex 108.501 2.83741 4
      vertex 109.207 2.69705 4
    endloop
  endfacet
  facet normal 0.588746 0.394511 -0.705507
    outer loop
      vertex 116.371 11.2547 0
      vertex 117.021 11 0.4
      vertex 116.993 10.947 0.346997
    endloop
  endfacet
  facet normal 0.588713 0.3935 -0.706098
    outer loop
      vertex 117.021 11 0.4
      vertex 116.371 11.2547 0
      vertex 116.688 11.4982 0.4
    endloop
  endfacet
  facet normal 0.466857 0.53251 -0.706029
    outer loop
      vertex 116.214 12.0391 0.4
      vertex 115.43 12.1961 0
      vertex 115.673 12.5134 0.4
    endloop
  endfacet
  facet normal -0.752086 0.659066 0
    outer loop
      vertex 105.562 11.4982 0.4
      vertex 106.036 12.0391 46
      vertex 106.036 12.0391 0.4
    endloop
  endfacet
  facet normal -0.752086 0.659066 0
    outer loop
      vertex 106.036 12.0391 46
      vertex 105.562 11.4982 0.4
      vertex 105.562 11.4982 46
    endloop
  endfacet
  facet normal -0.0654582 0.997855 0
    outer loop
      vertex 109.925 13.65 0.4
      vertex 109.207 13.6029 46
      vertex 109.925 13.65 46
    endloop
  endfacet
  facet normal -0.0654582 0.997855 0
    outer loop
      vertex 109.207 13.6029 46
      vertex 109.925 13.65 0.4
      vertex 109.207 13.6029 0.4
    endloop
  endfacet
  facet normal -0.0462471 0.706435 -0.706266
    outer loop
      vertex 109.259 13.2064 0
      vertex 109.207 13.6029 0.4
      vertex 109.925 13.25 0
    endloop
  endfacet
  facet normal 0.831382 0.555701 0
    outer loop
      vertex 117.021 11 46
      vertex 116.688 11.4982 0.4
      vertex 116.688 11.4982 46
    endloop
  endfacet
  facet normal 0.831382 0.555701 0
    outer loop
      vertex 116.688 11.4982 0.4
      vertex 117.021 11 46
      vertex 117.021 11 0.4
    endloop
  endfacet
  facet normal 0.532541 0.466675 -0.706127
    outer loop
      vertex 116.371 11.2547 0
      vertex 116.214 12.0391 0.4
      vertex 116.688 11.4982 0.4
    endloop
  endfacet
  facet normal -0.636002 0.311641 -0.705962
    outer loop
      vertex 105.459 10.6 0
      vertex 105.335 10.8 0.2
      vertex 105.508 10.7 0
    endloop
  endfacet
  facet normal -0.532541 0.466675 -0.706127
    outer loop
      vertex 105.879 11.2547 0
      vertex 105.562 11.4982 0.4
      vertex 106.036 12.0391 0.4
    endloop
  endfacet
  facet normal -0.555694 -0.831387 0
    outer loop
      vertex 106.577 3.78656 4
      vertex 107.175 3.38686 46
      vertex 106.577 3.78656 46
    endloop
  endfacet
  facet normal -0.555694 -0.831387 -0
    outer loop
      vertex 107.175 3.38686 46
      vertex 106.577 3.78656 4
      vertex 107.175 3.38686 4
    endloop
  endfacet
  facet normal 0.138232 0.694346 -0.706241
    outer loop
      vertex 113.645 13.0762 0
      vertex 112.991 13.2064 0
      vertex 113.043 13.6029 0.4
    endloop
  endfacet
  facet normal -0.321604 0.946874 0
    outer loop
      vertex 108.501 13.4626 0.4
      vertex 107.82 13.2313 46
      vertex 108.501 13.4626 46
    endloop
  endfacet
  facet normal -0.321604 0.946874 0
    outer loop
      vertex 107.82 13.2313 46
      vertex 108.501 13.4626 0.4
      vertex 107.82 13.2313 0.4
    endloop
  endfacet
  facet normal -0.393251 0.588922 -0.706063
    outer loop
      vertex 106.82 12.1961 0
      vertex 106.577 12.5134 0.4
      vertex 107.375 12.5667 0
    endloop
  endfacet
  facet normal -0.466953 0.531811 -0.706493
    outer loop
      vertex 106.319 11.7562 0
      vertex 106.036 12.0391 0.4
      vertex 106.82 12.1961 0
    endloop
  endfacet
  facet normal -0.227602 0.670111 -0.706504
    outer loop
      vertex 108.605 13.0762 0
      vertex 107.82 13.2313 0.4
      vertex 108.501 13.4626 0.4
    endloop
  endfacet
  facet normal -0.227429 0.670407 -0.70628
    outer loop
      vertex 107.973 12.8618 0
      vertex 107.82 13.2313 0.4
      vertex 108.605 13.0762 0
    endloop
  endfacet
  facet normal -0.659272 -0.751905 0
    outer loop
      vertex 106.036 4.26091 4
      vertex 106.577 3.78656 46
      vertex 106.036 4.26091 46
    endloop
  endfacet
  facet normal -0.659272 -0.751905 -0
    outer loop
      vertex 106.577 3.78656 46
      vertex 106.036 4.26091 4
      vertex 106.577 3.78656 4
    endloop
  endfacet
  facet normal -0.555694 0.831387 0
    outer loop
      vertex 107.175 12.9131 0.4
      vertex 106.577 12.5134 46
      vertex 107.175 12.9131 46
    endloop
  endfacet
  facet normal -0.555694 0.831387 0
    outer loop
      vertex 106.577 12.5134 46
      vertex 107.175 12.9131 0.4
      vertex 106.577 12.5134 0.4
    endloop
  endfacet
  facet normal 0.137952 0.694187 -0.706452
    outer loop
      vertex 113.645 13.0762 0
      vertex 113.043 13.6029 0.4
      vertex 113.749 13.4626 0.4
    endloop
  endfacet
  facet normal 0.194914 0.98082 -0
    outer loop
      vertex 113.749 13.4626 0.4
      vertex 113.043 13.6029 46
      vertex 113.749 13.4626 46
    endloop
  endfacet
  facet normal 0.194914 0.98082 0
    outer loop
      vertex 113.043 13.6029 46
      vertex 113.749 13.4626 0.4
      vertex 113.043 13.6029 0.4
    endloop
  endfacet
  facet normal 0.287349 0.957826 -0
    outer loop
      vertex 10.6 -7.37 0.41
      vertex 0 -4.18999 46
      vertex 10.6 -7.37 46
    endloop
  endfacet
  facet normal 0.287349 0.957826 0
    outer loop
      vertex 0 -4.18999 46
      vertex 10.6 -7.37 0.41
      vertex 0 -4.18999 0.41
    endloop
  endfacet
  facet normal -1 0 0
    outer loop
      vertex 10.6 -7.37 0.41
      vertex 10.6 7.37 46
      vertex 10.6 7.37 0.41
    endloop
  endfacet
  facet normal -1 -0 0
    outer loop
      vertex 10.6 7.37 46
      vertex 10.6 -7.37 0.41
      vertex 10.6 -7.37 46
    endloop
  endfacet
  facet normal 0.287349 -0.957826 0
    outer loop
      vertex 0 4.18999 0.41
      vertex 10.6 7.37 46
      vertex 0 4.18999 46
    endloop
  endfacet
  facet normal 0.287349 -0.957826 0
    outer loop
      vertex 10.6 7.37 46
      vertex 0 4.18999 0.41
      vertex 10.6 7.37 0.41
    endloop
  endfacet
  facet normal 0.206095 0.685727 -0.698071
    outer loop
      vertex 0 -4.18999 0.41
      vertex 0.4 -4.72759 0
      vertex 0 -4.20017 0.4
    endloop
  endfacet
  facet normal 0.205683 0.685605 -0.698313
    outer loop
      vertex 0.4 -4.72759 0
      vertex 0 -4.18999 0.41
      vertex 11 -7.90761 0
    endloop
  endfacet
  facet normal 0.20568 -0.685597 -0.698321
    outer loop
      vertex 11 7.90761 0
      vertex 10.6 7.37 0.41
      vertex 0 4.18999 0.41
    endloop
  endfacet
  facet normal -0.715782 0 -0.698324
    outer loop
      vertex 11 7.90761 0
      vertex 10.6 -7.37 0.41
      vertex 10.6 7.37 0.41
    endloop
  endfacet
  facet normal -0.715782 0 -0.698324
    outer loop
      vertex 10.6 -7.37 0.41
      vertex 11 7.90761 0
      vertex 11 -7.90761 0
    endloop
  endfacet
  facet normal 0.20568 0.685597 -0.698321
    outer loop
      vertex 10.6 -7.37 0.41
      vertex 11 -7.90761 0
      vertex 0 -4.18999 0.41
    endloop
  endfacet
  facet normal 0.205683 -0.685605 -0.698313
    outer loop
      vertex 0 4.18999 0.41
      vertex 0.4 4.72759 0
      vertex 11 7.90761 0
    endloop
  endfacet
  facet normal 0.206095 -0.685727 -0.698071
    outer loop
      vertex 0.4 4.72759 0
      vertex 0 4.18999 0.41
      vertex 0 4.20017 0.4
    endloop
  endfacet
  facet normal -0.287349 0.957826 0
    outer loop
      vertex 222.25 -4.18999 0.41
      vertex 211.65 -7.37 46
      vertex 222.25 -4.18999 46
    endloop
  endfacet
  facet normal -0.287349 0.957826 0
    outer loop
      vertex 211.65 -7.37 46
      vertex 222.25 -4.18999 0.41
      vertex 211.65 -7.37 0.41
    endloop
  endfacet
  facet normal 1 -0 0
    outer loop
      vertex 211.65 -7.37 46
      vertex 211.65 7.37 0.41
      vertex 211.65 7.37 46
    endloop
  endfacet
  facet normal 1 0 0
    outer loop
      vertex 211.65 7.37 0.41
      vertex 211.65 -7.37 46
      vertex 211.65 -7.37 0.41
    endloop
  endfacet
  facet normal -0.287349 -0.957826 0
    outer loop
      vertex 211.65 7.37 0.41
      vertex 222.25 4.18999 46
      vertex 211.65 7.37 46
    endloop
  endfacet
  facet normal -0.287349 -0.957826 -0
    outer loop
      vertex 222.25 4.18999 46
      vertex 211.65 7.37 0.41
      vertex 222.25 4.18999 0.41
    endloop
  endfacet
  facet normal -0.206095 0.685727 -0.698071
    outer loop
      vertex 221.85 -4.72759 0
      vertex 222.25 -4.18999 0.41
      vertex 222.25 -4.20017 0.4
    endloop
  endfacet
  facet normal -0.205683 0.685605 -0.698313
    outer loop
      vertex 222.25 -4.18999 0.41
      vertex 221.85 -4.72759 0
      vertex 211.25 -7.90761 0
    endloop
  endfacet
  facet normal -0.20568 -0.685597 -0.698321
    outer loop
      vertex 211.65 7.37 0.41
      vertex 211.25 7.90761 0
      vertex 222.25 4.18999 0.41
    endloop
  endfacet
  facet normal 0.715782 0 -0.698324
    outer loop
      vertex 211.65 -7.37 0.41
      vertex 211.25 7.90761 0
      vertex 211.65 7.37 0.41
    endloop
  endfacet
  facet normal 0.715782 0 -0.698324
    outer loop
      vertex 211.25 7.90761 0
      vertex 211.65 -7.37 0.41
      vertex 211.25 -7.90761 0
    endloop
  endfacet
  facet normal -0.20568 0.685597 -0.698321
    outer loop
      vertex 222.25 -4.18999 0.41
      vertex 211.25 -7.90761 0
      vertex 211.65 -7.37 0.41
    endloop
  endfacet
  facet normal -0.206095 -0.685727 -0.698071
    outer loop
      vertex 222.25 4.18999 0.41
      vertex 221.85 4.72759 0
      vertex 222.25 4.20017 0.4
    endloop
  endfacet
  facet normal -0.205683 -0.685605 -0.698313
    outer loop
      vertex 221.85 4.72759 0
      vertex 222.25 4.18999 0.41
      vertex 211.25 7.90761 0
    endloop
  endfacet
  facet normal -0.707107 0 -0.707107
    outer loop
      vertex 52.775 -11 19
      vertex 39.775 -8.3 32
      vertex 52.775 -8.3 19
    endloop
  endfacet
  facet normal -0.707107 -0 -0.707107
    outer loop
      vertex 39.775 -8.3 32
      vertex 52.775 -11 19
      vertex 39.775 -11 32
    endloop
  endfacet
  facet normal -0.707107 0 -0.707107
    outer loop
      vertex 52.775 8.3 19
      vertex 39.775 11 32
      vertex 52.775 11 19
    endloop
  endfacet
  facet normal -0.707107 -0 -0.707107
    outer loop
      vertex 39.775 11 32
      vertex 52.775 8.3 19
      vertex 39.775 8.3 32
    endloop
  endfacet
  facet normal 0 0 -1
    outer loop
      vertex 33.775 -11 32
      vertex 39.775 -8.3 32
      vertex 39.775 -11 32
    endloop
  endfacet
  facet normal -0 0 -1
    outer loop
      vertex 39.775 -8.3 32
      vertex 33.775 -11 32
      vertex 33.775 -8.3 32
    endloop
  endfacet
  facet normal 0 0 -1
    outer loop
      vertex 33.775 8.3 32
      vertex 39.775 11 32
      vertex 39.775 8.3 32
    endloop
  endfacet
  facet normal -0 0 -1
    outer loop
      vertex 39.775 11 32
      vertex 33.775 8.3 32
      vertex 33.775 11 32
    endloop
  endfacet
  facet normal -0 0 1
    outer loop
      vertex 20.775 -8.3 5
      vertex 52.775 -11 5
      vertex 52.775 -8.3 5
    endloop
  endfacet
  facet normal 0 0 1
    outer loop
      vertex 52.775 -11 5
      vertex 20.775 -8.3 5
      vertex 20.775 -11 5
    endloop
  endfacet
  facet normal -0 0 1
    outer loop
      vertex 20.775 11 5
      vertex 52.775 8.3 5
      vertex 52.775 11 5
    endloop
  endfacet
  facet normal 0 0 1
    outer loop
      vertex 52.775 8.3 5
      vertex 20.775 11 5
      vertex 20.775 8.3 5
    endloop
  endfacet
  facet normal -1 0 0
    outer loop
      vertex 52.775 -11 5
      vertex 52.775 -8.3 19
      vertex 52.775 -8.3 5
    endloop
  endfacet
  facet normal -1 -0 0
    outer loop
      vertex 52.775 -8.3 19
      vertex 52.775 -11 5
      vertex 52.775 -11 19
    endloop
  endfacet
  facet normal -1 0 0
    outer loop
      vertex 52.775 8.3 5
      vertex 52.775 11 19
      vertex 52.775 11 5
    endloop
  endfacet
  facet normal -1 -0 0
    outer loop
      vertex 52.775 11 19
      vertex 52.775 8.3 5
      vertex 52.775 8.3 19
    endloop
  endfacet
  facet normal 0.707107 0 -0.707107
    outer loop
      vertex 20.775 -11 19
      vertex 33.775 -8.3 32
      vertex 33.775 -11 32
    endloop
  endfacet
  facet normal 0.707107 0 -0.707107
    outer loop
      vertex 33.775 -8.3 32
      vertex 20.775 -11 19
      vertex 20.775 -8.3 19
    endloop
  endfacet
  facet normal 0.707107 0 -0.707107
    outer loop
      vertex 20.775 8.3 19
      vertex 33.775 11 32
      vertex 33.775 8.3 32
    endloop
  endfacet
  facet normal 0.707107 0 -0.707107
    outer loop
      vertex 33.775 11 32
      vertex 20.775 8.3 19
      vertex 20.775 11 19
    endloop
  endfacet
  facet normal 1 -0 0
    outer loop
      vertex 20.775 -11 19
      vertex 20.775 -8.3 5
      vertex 20.775 -8.3 19
    endloop
  endfacet
  facet normal 1 0 0
    outer loop
      vertex 20.775 -8.3 5
      vertex 20.775 -11 19
      vertex 20.775 -11 5
    endloop
  endfacet
  facet normal 1 -0 0
    outer loop
      vertex 20.775 8.3 19
      vertex 20.775 11 5
      vertex 20.775 11 19
    endloop
  endfacet
  facet normal 1 0 0
    outer loop
      vertex 20.775 11 5
      vertex 20.775 8.3 19
      vertex 20.775 8.3 5
    endloop
  endfacet
  facet normal -1 0 0
    outer loop
      vertex 48.775 -6 0
      vertex 48.775 6 4
      vertex 48.775 6 0
    endloop
  endfacet
  facet normal -1 -0 0
    outer loop
      vertex 48.775 6 4
      vertex 48.775 -6 0
      vertex 48.775 -6 4
    endloop
  endfacet
  facet normal 1 -0 0
    outer loop
      vertex 24.775 -6 4
      vertex 24.775 6 0
      vertex 24.775 6 4
    endloop
  endfacet
  facet normal 1 0 0
    outer loop
      vertex 24.775 6 0
      vertex 24.775 -6 4
      vertex 24.775 -6 0
    endloop
  endfacet
  facet normal 0 -1 0
    outer loop
      vertex 24.775 6 0
      vertex 48.775 6 4
      vertex 24.775 6 4
    endloop
  endfacet
  facet normal 0 -1 -0
    outer loop
      vertex 48.775 6 4
      vertex 24.775 6 0
      vertex 48.775 6 0
    endloop
  endfacet
  facet normal 0 1 -0
    outer loop
      vertex 48.775 -6 0
      vertex 24.775 -6 4
      vertex 48.775 -6 4
    endloop
  endfacet
  facet normal 0 1 0
    outer loop
      vertex 24.775 -6 4
      vertex 48.775 -6 0
      vertex 24.775 -6 0
    endloop
  endfacet
  facet normal -0.707107 0 -0.707107
    outer loop
      vertex 91.95 -11 19
      vertex 78.95 -8.3 32
      vertex 91.95 -8.3 19
    endloop
  endfacet
  facet normal -0.707107 -0 -0.707107
    outer loop
      vertex 78.95 -8.3 32
      vertex 91.95 -11 19
      vertex 78.95 -11 32
    endloop
  endfacet
  facet normal -0.707107 0 -0.707107
    outer loop
      vertex 91.95 8.3 19
      vertex 78.95 11 32
      vertex 91.95 11 19
    endloop
  endfacet
  facet normal -0.707107 -0 -0.707107
    outer loop
      vertex 78.95 11 32
      vertex 91.95 8.3 19
      vertex 78.95 8.3 32
    endloop
  endfacet
  facet normal 0 0 -1
    outer loop
      vertex 72.95 -11 32
      vertex 78.95 -8.3 32
      vertex 78.95 -11 32
    endloop
  endfacet
  facet normal -0 0 -1
    outer loop
      vertex 78.95 -8.3 32
      vertex 72.95 -11 32
      vertex 72.95 -8.3 32
    endloop
  endfacet
  facet normal 0 0 -1
    outer loop
      vertex 72.95 8.3 32
      vertex 78.95 11 32
      vertex 78.95 8.3 32
    endloop
  endfacet
  facet normal -0 0 -1
    outer loop
      vertex 78.95 11 32
      vertex 72.95 8.3 32
      vertex 72.95 11 32
    endloop
  endfacet
  facet normal 0 0 1
    outer loop
      vertex 74.425 20.5 5
      vertex 76.125 20.5 5
      vertex 76.0819 21.0475 5
    endloop
  endfacet
  facet normal 0 0 1
    outer loop
      vertex 74.3904 20.8512 5
      vertex 76.0819 21.0475 5
      vertex 75.9537 21.5816 5
    endloop
  endfacet
  facet normal 0 0 1
    outer loop
      vertex 76.125 20.5 5
      vertex 74.425 20.5 5
      vertex 76.0819 19.9525 5
    endloop
  endfacet
  facet normal 0 0 1
    outer loop
      vertex 74.288 21.1888 5
      vertex 75.9537 21.5816 5
      vertex 75.7435 22.089 5
    endloop
  endfacet
  facet normal -0 0 1
    outer loop
      vertex 74.3904 20.1488 5
      vertex 76.0819 19.9525 5
      vertex 74.425 20.5 5
    endloop
  endfacet
  facet normal 0 0 1
    outer loop
      vertex 74.1216 21.5 5
      vertex 75.7435 22.089 5
      vertex 75.4566 22.5572 5
    endloop
  endfacet
  facet normal 0 0 1
    outer loop
      vertex 76.0819 19.9525 5
      vertex 74.3904 20.1488 5
      vertex 75.9537 19.4184 5
    endloop
  endfacet
  facet normal 0 0 1
    outer loop
      vertex 73.8978 21.7728 5
      vertex 75.4566 22.5572 5
      vertex 75.0999 22.9749 5
    endloop
  endfacet
  facet normal -0 0 1
    outer loop
      vertex 74.288 19.8112 5
      vertex 75.9537 19.4184 5
      vertex 74.3904 20.1488 5
    endloop
  endfacet
  facet normal 0 0 1
    outer loop
      vertex 73.8978 21.7728 5
      vertex 75.0999 22.9749 5
      vertex 74.6823 23.3316 5
    endloop
  endfacet
  facet normal 0 0 1
    outer loop
      vertex 75.9537 19.4184 5
      vertex 74.288 19.8112 5
      vertex 75.7435 18.911 5
    endloop
  endfacet
  facet normal -0 0 1
    outer loop
      vertex 74.1216 19.5 5
      vertex 75.7435 18.911 5
      vertex 74.288 19.8112 5
    endloop
  endfacet
  facet normal 0 0 1
    outer loop
      vertex 76.0819 21.0475 5
      vertex 74.3904 20.8512 5
      vertex 74.425 20.5 5
    endloop
  endfacet
  facet normal 0 0 1
    outer loop
      vertex 75.9537 21.5816 5
      vertex 74.288 21.1888 5
      vertex 74.3904 20.8512 5
    endloop
  endfacet
  facet normal 0 0 1
    outer loop
      vertex 73.625 21.9966 5
      vertex 74.6823 23.3316 5
      vertex 74.214 23.6185 5
    endloop
  endfacet
  facet normal 0 0 1
    outer loop
      vertex 75.7435 22.089 5
      vertex 74.1216 21.5 5
      vertex 74.288 21.1888 5
    endloop
  endfacet
  facet normal 0 0 1
    outer loop
      vertex 75.4566 22.5572 5
      vertex 73.8978 21.7728 5
      vertex 74.1216 21.5 5
    endloop
  endfacet
  facet normal 0 0 1
    outer loop
      vertex 73.3138 22.163 5
      vertex 74.214 23.6185 5
      vertex 73.7066 23.8287 5
    endloop
  endfacet
  facet normal 0 0 1
    outer loop
      vertex 74.6823 23.3316 5
      vertex 73.625 21.9966 5
      vertex 73.8978 21.7728 5
    endloop
  endfacet
  facet normal 0 0 1
    outer loop
      vertex 74.214 23.6185 5
      vertex 73.3138 22.163 5
      vertex 73.625 21.9966 5
    endloop
  endfacet
  facet normal 0 0 1
    outer loop
      vertex 72.9762 22.2654 5
      vertex 73.7066 23.8287 5
      vertex 73.1725 23.9569 5
    endloop
  endfacet
  facet normal 0 0 1
    outer loop
      vertex 73.7066 23.8287 5
      vertex 72.9762 22.2654 5
      vertex 73.3138 22.163 5
    endloop
  endfacet
  facet normal 0 0 1
    outer loop
      vertex 72.625 22.3 5
      vertex 73.1725 23.9569 5
      vertex 72.625 24 5
    endloop
  endfacet
  facet normal 0 0 1
    outer loop
      vertex 73.1725 23.9569 5
      vertex 72.625 22.3 5
      vertex 72.9762 22.2654 5
    endloop
  endfacet
  facet normal -0 0 1
    outer loop
      vertex 72.0775 23.9569 5
      vertex 72.625 22.3 5
      vertex 72.625 24 5
    endloop
  endfacet
  facet normal 0 0 1
    outer loop
      vertex 72.625 22.3 5
      vertex 72.0775 23.9569 5
      vertex 72.2738 22.2654 5
    endloop
  endfacet
  facet normal -0 0 1
    outer loop
      vertex 71.5434 23.8287 5
      vertex 72.2738 22.2654 5
      vertex 72.0775 23.9569 5
    endloop
  endfacet
  facet normal 0 0 1
    outer loop
      vertex 72.2738 22.2654 5
      vertex 71.5434 23.8287 5
      vertex 71.9362 22.163 5
    endloop
  endfacet
  facet normal -0 0 1
    outer loop
      vertex 71.036 23.6185 5
      vertex 71.9362 22.163 5
      vertex 71.5434 23.8287 5
    endloop
  endfacet
  facet normal 0 0 1
    outer loop
      vertex 71.9362 22.163 5
      vertex 71.036 23.6185 5
      vertex 71.625 21.9966 5
    endloop
  endfacet
  facet normal -0 0 1
    outer loop
      vertex 70.5677 23.3316 5
      vertex 71.625 21.9966 5
      vertex 71.036 23.6185 5
    endloop
  endfacet
  facet normal 0 0 1
    outer loop
      vertex 71.625 21.9966 5
      vertex 70.5677 23.3316 5
      vertex 71.3522 21.7728 5
    endloop
  endfacet
  facet normal -0 0 1
    outer loop
      vertex 70.1501 22.9749 5
      vertex 71.3522 21.7728 5
      vertex 70.5677 23.3316 5
    endloop
  endfacet
  facet normal -0 0 1
    outer loop
      vertex 69.7934 22.5572 5
      vertex 71.3522 21.7728 5
      vertex 70.1501 22.9749 5
    endloop
  endfacet
  facet normal 0 0 1
    outer loop
      vertex 71.3522 21.7728 5
      vertex 69.7934 22.5572 5
      vertex 71.1284 21.5 5
    endloop
  endfacet
  facet normal -0 0 1
    outer loop
      vertex 69.5065 22.089 5
      vertex 71.1284 21.5 5
      vertex 69.7934 22.5572 5
    endloop
  endfacet
  facet normal 0 0 1
    outer loop
      vertex 75.7435 18.911 5
      vertex 74.1216 19.5 5
      vertex 75.4566 18.4428 5
    endloop
  endfacet
  facet normal -0 0 1
    outer loop
      vertex 73.8978 19.2272 5
      vertex 75.4566 18.4428 5
      vertex 74.1216 19.5 5
    endloop
  endfacet
  facet normal 0 0 1
    outer loop
      vertex 75.4566 18.4428 5
      vertex 73.8978 19.2272 5
      vertex 75.0999 18.0251 5
    endloop
  endfacet
  facet normal 0 0 1
    outer loop
      vertex 75.0999 18.0251 5
      vertex 73.8978 19.2272 5
      vertex 74.6823 17.6684 5
    endloop
  endfacet
  facet normal -0 0 1
    outer loop
      vertex 73.625 19.0034 5
      vertex 74.6823 17.6684 5
      vertex 73.8978 19.2272 5
    endloop
  endfacet
  facet normal 0 0 1
    outer loop
      vertex 74.6823 17.6684 5
      vertex 73.625 19.0034 5
      vertex 74.214 17.3815 5
    endloop
  endfacet
  facet normal -0 0 1
    outer loop
      vertex 73.3138 18.837 5
      vertex 74.214 17.3815 5
      vertex 73.625 19.0034 5
    endloop
  endfacet
  facet normal 0 0 1
    outer loop
      vertex 74.214 17.3815 5
      vertex 73.3138 18.837 5
      vertex 73.7066 17.1713 5
    endloop
  endfacet
  facet normal -0 0 1
    outer loop
      vertex 72.9762 18.7346 5
      vertex 73.7066 17.1713 5
      vertex 73.3138 18.837 5
    endloop
  endfacet
  facet normal 0 0 1
    outer loop
      vertex 73.7066 17.1713 5
      vertex 72.9762 18.7346 5
      vertex 73.1725 17.0431 5
    endloop
  endfacet
  facet normal -0 0 1
    outer loop
      vertex 72.625 18.7 5
      vertex 73.1725 17.0431 5
      vertex 72.9762 18.7346 5
    endloop
  endfacet
  facet normal 0 0 1
    outer loop
      vertex 72.625 18.7 5
      vertex 72.625 17 5
      vertex 73.1725 17.0431 5
    endloop
  endfacet
  facet normal 0 0 1
    outer loop
      vertex 72.0775 17.0431 5
      vertex 72.625 18.7 5
      vertex 72.2738 18.7346 5
    endloop
  endfacet
  facet normal 0 0 1
    outer loop
      vertex 72.625 18.7 5
      vertex 72.0775 17.0431 5
      vertex 72.625 17 5
    endloop
  endfacet
  facet normal 0 0 1
    outer loop
      vertex 71.5434 17.1713 5
      vertex 72.2738 18.7346 5
      vertex 71.9362 18.837 5
    endloop
  endfacet
  facet normal 0 0 1
    outer loop
      vertex 71.036 17.3815 5
      vertex 71.9362 18.837 5
      vertex 71.625 19.0034 5
    endloop
  endfacet
  facet normal 0 0 1
    outer loop
      vertex 72.2738 18.7346 5
      vertex 71.5434 17.1713 5
      vertex 72.0775 17.0431 5
    endloop
  endfacet
  facet normal 0 0 1
    outer loop
      vertex 70.5677 17.6684 5
      vertex 71.625 19.0034 5
      vertex 71.3522 19.2272 5
    endloop
  endfacet
  facet normal 0 0 1
    outer loop
      vertex 69.7934 18.4428 5
      vertex 71.3522 19.2272 5
      vertex 71.1284 19.5 5
    endloop
  endfacet
  facet normal 0 0 1
    outer loop
      vertex 71.9362 18.837 5
      vertex 71.036 17.3815 5
      vertex 71.5434 17.1713 5
    endloop
  endfacet
  facet normal 0 0 1
    outer loop
      vertex 69.5065 18.911 5
      vertex 71.1284 19.5 5
      vertex 70.962 19.8112 5
    endloop
  endfacet
  facet normal 0 0 1
    outer loop
      vertex 69.2963 19.4184 5
      vertex 70.962 19.8112 5
      vertex 70.8596 20.1488 5
    endloop
  endfacet
  facet normal 0 0 1
    outer loop
      vertex 69.1681 19.9525 5
      vertex 70.8596 20.1488 5
      vertex 70.825 20.5 5
    endloop
  endfacet
  facet normal 0 0 1
    outer loop
      vertex 71.1284 21.5 5
      vertex 69.5065 22.089 5
      vertex 70.962 21.1888 5
    endloop
  endfacet
  facet normal 0 0 1
    outer loop
      vertex 71.625 19.0034 5
      vertex 70.5677 17.6684 5
      vertex 71.036 17.3815 5
    endloop
  endfacet
  facet normal -0 0 1
    outer loop
      vertex 69.2963 21.5816 5
      vertex 70.962 21.1888 5
      vertex 69.5065 22.089 5
    endloop
  endfacet
  facet normal 0 0 1
    outer loop
      vertex 71.3522 19.2272 5
      vertex 70.1501 18.0251 5
      vertex 70.5677 17.6684 5
    endloop
  endfacet
  facet normal 0 0 1
    outer loop
      vertex 70.962 21.1888 5
      vertex 69.2963 21.5816 5
      vertex 70.8596 20.8512 5
    endloop
  endfacet
  facet normal 0 0 1
    outer loop
      vertex 71.3522 19.2272 5
      vertex 69.7934 18.4428 5
      vertex 70.1501 18.0251 5
    endloop
  endfacet
  facet normal -0 0 1
    outer loop
      vertex 69.1681 21.0475 5
      vertex 70.8596 20.8512 5
      vertex 69.2963 21.5816 5
    endloop
  endfacet
  facet normal 0 0 1
    outer loop
      vertex 71.1284 19.5 5
      vertex 69.5065 18.911 5
      vertex 69.7934 18.4428 5
    endloop
  endfacet
  facet normal 0 0 1
    outer loop
      vertex 70.8596 20.8512 5
      vertex 69.1681 21.0475 5
      vertex 70.825 20.5 5
    endloop
  endfacet
  facet normal 0 0 1
    outer loop
      vertex 70.962 19.8112 5
      vertex 69.2963 19.4184 5
      vertex 69.5065 18.911 5
    endloop
  endfacet
  facet normal 0 0 1
    outer loop
      vertex 69.125 20.5 5
      vertex 70.825 20.5 5
      vertex 69.1681 21.0475 5
    endloop
  endfacet
  facet normal 0 0 1
    outer loop
      vertex 70.8596 20.1488 5
      vertex 69.1681 19.9525 5
      vertex 69.2963 19.4184 5
    endloop
  endfacet
  facet normal 0 0 1
    outer loop
      vertex 70.825 20.5 5
      vertex 69.125 20.5 5
      vertex 69.1681 19.9525 5
    endloop
  endfacet
  facet normal -0 0 1
    outer loop
      vertex 59.95 -8.3 5
      vertex 91.95 -11 5
      vertex 91.95 -8.3 5
    endloop
  endfacet
  facet normal 0 0 1
    outer loop
      vertex 91.95 -11 5
      vertex 59.95 -8.3 5
      vertex 59.95 -11 5
    endloop
  endfacet
  facet normal -0 0 1
    outer loop
      vertex 59.95 11 5
      vertex 91.95 8.3 5
      vertex 91.95 11 5
    endloop
  endfacet
  facet normal 0 0 1
    outer loop
      vertex 91.95 8.3 5
      vertex 59.95 11 5
      vertex 59.95 8.3 5
    endloop
  endfacet
  facet normal -1 0 0
    outer loop
      vertex 91.95 -11 5
      vertex 91.95 -8.3 19
      vertex 91.95 -8.3 5
    endloop
  endfacet
  facet normal -1 -0 0
    outer loop
      vertex 91.95 -8.3 19
      vertex 91.95 -11 5
      vertex 91.95 -11 19
    endloop
  endfacet
  facet normal -1 0 0
    outer loop
      vertex 91.95 8.3 5
      vertex 91.95 11 19
      vertex 91.95 11 5
    endloop
  endfacet
  facet normal -1 -0 0
    outer loop
      vertex 91.95 11 19
      vertex 91.95 8.3 5
      vertex 91.95 8.3 19
    endloop
  endfacet
  facet normal 0.707107 0 -0.707107
    outer loop
      vertex 72.95 -11 32
      vertex 59.95 -8.3 19
      vertex 72.95 -8.3 32
    endloop
  endfacet
  facet normal 0.707107 0 -0.707107
    outer loop
      vertex 59.95 -8.3 19
      vertex 72.95 -11 32
      vertex 59.95 -11 19
    endloop
  endfacet
  facet normal 0.707107 0 -0.707107
    outer loop
      vertex 72.95 8.3 32
      vertex 59.95 11 19
      vertex 72.95 11 32
    endloop
  endfacet
  facet normal 0.707107 0 -0.707107
    outer loop
      vertex 59.95 11 19
      vertex 72.95 8.3 32
      vertex 59.95 8.3 19
    endloop
  endfacet
  facet normal 1 -0 0
    outer loop
      vertex 59.95 -11 19
      vertex 59.95 -8.3 5
      vertex 59.95 -8.3 19
    endloop
  endfacet
  facet normal 1 0 0
    outer loop
      vertex 59.95 -8.3 5
      vertex 59.95 -11 19
      vertex 59.95 -11 5
    endloop
  endfacet
  facet normal 1 -0 0
    outer loop
      vertex 59.95 8.3 19
      vertex 59.95 11 5
      vertex 59.95 11 19
    endloop
  endfacet
  facet normal 1 0 0
    outer loop
      vertex 59.95 11 5
      vertex 59.95 8.3 19
      vertex 59.95 8.3 5
    endloop
  endfacet
  facet normal -1 0 0
    outer loop
      vertex 87.95 -6 0
      vertex 87.95 6 4
      vertex 87.95 6 0
    endloop
  endfacet
  facet normal -1 -0 0
    outer loop
      vertex 87.95 6 4
      vertex 87.95 -6 0
      vertex 87.95 -6 4
    endloop
  endfacet
  facet normal 1 -0 0
    outer loop
      vertex 63.95 -6 4
      vertex 63.95 6 0
      vertex 63.95 6 4
    endloop
  endfacet
  facet normal 1 0 0
    outer loop
      vertex 63.95 6 0
      vertex 63.95 -6 4
      vertex 63.95 -6 0
    endloop
  endfacet
  facet normal 0 -1 0
    outer loop
      vertex 63.95 6 0
      vertex 87.95 6 4
      vertex 63.95 6 4
    endloop
  endfacet
  facet normal 0 -1 -0
    outer loop
      vertex 87.95 6 4
      vertex 63.95 6 0
      vertex 87.95 6 0
    endloop
  endfacet
  facet normal 0 1 -0
    outer loop
      vertex 87.95 -6 0
      vertex 63.95 -6 4
      vertex 87.95 -6 4
    endloop
  endfacet
  facet normal 0 1 0
    outer loop
      vertex 63.95 -6 4
      vertex 87.95 -6 0
      vertex 63.95 -6 0
    endloop
  endfacet
  facet normal -0.707107 0 -0.707107
    outer loop
      vertex 162.3 -11 19
      vertex 149.3 -8.3 32
      vertex 162.3 -8.3 19
    endloop
  endfacet
  facet normal -0.707107 -0 -0.707107
    outer loop
      vertex 149.3 -8.3 32
      vertex 162.3 -11 19
      vertex 149.3 -11 32
    endloop
  endfacet
  facet normal -0.707107 0 -0.707107
    outer loop
      vertex 162.3 8.3 19
      vertex 149.3 11 32
      vertex 162.3 11 19
    endloop
  endfacet
  facet normal -0.707107 -0 -0.707107
    outer loop
      vertex 149.3 11 32
      vertex 162.3 8.3 19
      vertex 149.3 8.3 32
    endloop
  endfacet
  facet normal 0 0 -1
    outer loop
      vertex 143.3 -11 32
      vertex 149.3 -8.3 32
      vertex 149.3 -11 32
    endloop
  endfacet
  facet normal -0 0 -1
    outer loop
      vertex 149.3 -8.3 32
      vertex 143.3 -11 32
      vertex 143.3 -8.3 32
    endloop
  endfacet
  facet normal 0 0 -1
    outer loop
      vertex 143.3 8.3 32
      vertex 149.3 11 32
      vertex 149.3 8.3 32
    endloop
  endfacet
  facet normal -0 0 -1
    outer loop
      vertex 149.3 11 32
      vertex 143.3 8.3 32
      vertex 143.3 11 32
    endloop
  endfacet
  facet normal -0 0 1
    outer loop
      vertex 130.3 -8.3 5
      vertex 162.3 -11 5
      vertex 162.3 -8.3 5
    endloop
  endfacet
  facet normal 0 0 1
    outer loop
      vertex 162.3 -11 5
      vertex 130.3 -8.3 5
      vertex 130.3 -11 5
    endloop
  endfacet
  facet normal -0 0 1
    outer loop
      vertex 130.3 11 5
      vertex 162.3 8.3 5
      vertex 162.3 11 5
    endloop
  endfacet
  facet normal 0 0 1
    outer loop
      vertex 162.3 8.3 5
      vertex 130.3 11 5
      vertex 130.3 8.3 5
    endloop
  endfacet
  facet normal -1 0 0
    outer loop
      vertex 162.3 -11 5
      vertex 162.3 -8.3 19
      vertex 162.3 -8.3 5
    endloop
  endfacet
  facet normal -1 -0 0
    outer loop
      vertex 162.3 -8.3 19
      vertex 162.3 -11 5
      vertex 162.3 -11 19
    endloop
  endfacet
  facet normal -1 0 0
    outer loop
      vertex 162.3 8.3 5
      vertex 162.3 11 19
      vertex 162.3 11 5
    endloop
  endfacet
  facet normal -1 -0 0
    outer loop
      vertex 162.3 11 19
      vertex 162.3 8.3 5
      vertex 162.3 8.3 19
    endloop
  endfacet
  facet normal 0.707107 0 -0.707107
    outer loop
      vertex 143.3 -11 32
      vertex 130.3 -8.3 19
      vertex 143.3 -8.3 32
    endloop
  endfacet
  facet normal 0.707107 0 -0.707107
    outer loop
      vertex 130.3 -8.3 19
      vertex 143.3 -11 32
      vertex 130.3 -11 19
    endloop
  endfacet
  facet normal 0.707107 0 -0.707107
    outer loop
      vertex 143.3 8.3 32
      vertex 130.3 11 19
      vertex 143.3 11 32
    endloop
  endfacet
  facet normal 0.707107 0 -0.707107
    outer loop
      vertex 130.3 11 19
      vertex 143.3 8.3 32
      vertex 130.3 8.3 19
    endloop
  endfacet
  facet normal 1 -0 0
    outer loop
      vertex 130.3 -11 19
      vertex 130.3 -8.3 5
      vertex 130.3 -8.3 19
    endloop
  endfacet
  facet normal 1 0 0
    outer loop
      vertex 130.3 -8.3 5
      vertex 130.3 -11 19
      vertex 130.3 -11 5
    endloop
  endfacet
  facet normal 1 -0 0
    outer loop
      vertex 130.3 8.3 19
      vertex 130.3 11 5
      vertex 130.3 11 19
    endloop
  endfacet
  facet normal 1 0 0
    outer loop
      vertex 130.3 11 5
      vertex 130.3 8.3 19
      vertex 130.3 8.3 5
    endloop
  endfacet
  facet normal -1 0 0
    outer loop
      vertex 158.3 -6 0
      vertex 158.3 6 4
      vertex 158.3 6 0
    endloop
  endfacet
  facet normal -1 -0 0
    outer loop
      vertex 158.3 6 4
      vertex 158.3 -6 0
      vertex 158.3 -6 4
    endloop
  endfacet
  facet normal 1 -0 0
    outer loop
      vertex 134.3 -6 4
      vertex 134.3 6 0
      vertex 134.3 6 4
    endloop
  endfacet
  facet normal 1 0 0
    outer loop
      vertex 134.3 6 0
      vertex 134.3 -6 4
      vertex 134.3 -6 0
    endloop
  endfacet
  facet normal 0 -1 0
    outer loop
      vertex 134.3 6 0
      vertex 158.3 6 4
      vertex 134.3 6 4
    endloop
  endfacet
  facet normal 0 -1 -0
    outer loop
      vertex 158.3 6 4
      vertex 134.3 6 0
      vertex 158.3 6 0
    endloop
  endfacet
  facet normal 0 1 -0
    outer loop
      vertex 158.3 -6 0
      vertex 134.3 -6 4
      vertex 158.3 -6 4
    endloop
  endfacet
  facet normal 0 1 0
    outer loop
      vertex 134.3 -6 4
      vertex 158.3 -6 0
      vertex 134.3 -6 0
    endloop
  endfacet
  facet normal -0.707107 0 -0.707107
    outer loop
      vertex 201.475 -11 19
      vertex 188.475 -8.3 32
      vertex 201.475 -8.3 19
    endloop
  endfacet
  facet normal -0.707107 -0 -0.707107
    outer loop
      vertex 188.475 -8.3 32
      vertex 201.475 -11 19
      vertex 188.475 -11 32
    endloop
  endfacet
  facet normal -0.707107 0 -0.707107
    outer loop
      vertex 201.475 8.3 19
      vertex 188.475 11 32
      vertex 201.475 11 19
    endloop
  endfacet
  facet normal -0.707107 -0 -0.707107
    outer loop
      vertex 188.475 11 32
      vertex 201.475 8.3 19
      vertex 188.475 8.3 32
    endloop
  endfacet
  facet normal 0 0 -1
    outer loop
      vertex 182.475 -11 32
      vertex 188.475 -8.3 32
      vertex 188.475 -11 32
    endloop
  endfacet
  facet normal -0 0 -1
    outer loop
      vertex 188.475 -8.3 32
      vertex 182.475 -11 32
      vertex 182.475 -8.3 32
    endloop
  endfacet
  facet normal 0 0 -1
    outer loop
      vertex 182.475 8.3 32
      vertex 188.475 11 32
      vertex 188.475 8.3 32
    endloop
  endfacet
  facet normal -0 0 -1
    outer loop
      vertex 188.475 11 32
      vertex 182.475 8.3 32
      vertex 182.475 11 32
    endloop
  endfacet
  facet normal -0 0 1
    outer loop
      vertex 169.475 -8.3 5
      vertex 201.475 -11 5
      vertex 201.475 -8.3 5
    endloop
  endfacet
  facet normal 0 0 1
    outer loop
      vertex 201.475 -11 5
      vertex 169.475 -8.3 5
      vertex 169.475 -11 5
    endloop
  endfacet
  facet normal -0 0 1
    outer loop
      vertex 169.475 11 5
      vertex 201.475 8.3 5
      vertex 201.475 11 5
    endloop
  endfacet
  facet normal 0 0 1
    outer loop
      vertex 201.475 8.3 5
      vertex 169.475 11 5
      vertex 169.475 8.3 5
    endloop
  endfacet
  facet normal -1 0 0
    outer loop
      vertex 201.475 -11 5
      vertex 201.475 -8.3 19
      vertex 201.475 -8.3 5
    endloop
  endfacet
  facet normal -1 -0 0
    outer loop
      vertex 201.475 -8.3 19
      vertex 201.475 -11 5
      vertex 201.475 -11 19
    endloop
  endfacet
  facet normal -1 0 0
    outer loop
      vertex 201.475 8.3 5
      vertex 201.475 11 19
      vertex 201.475 11 5
    endloop
  endfacet
  facet normal -1 -0 0
    outer loop
      vertex 201.475 11 19
      vertex 201.475 8.3 5
      vertex 201.475 8.3 19
    endloop
  endfacet
  facet normal 0.707107 0 -0.707107
    outer loop
      vertex 182.475 -11 32
      vertex 169.475 -8.3 19
      vertex 182.475 -8.3 32
    endloop
  endfacet
  facet normal 0.707107 0 -0.707107
    outer loop
      vertex 169.475 -8.3 19
      vertex 182.475 -11 32
      vertex 169.475 -11 19
    endloop
  endfacet
  facet normal 0.707107 0 -0.707107
    outer loop
      vertex 182.475 8.3 32
      vertex 169.475 11 19
      vertex 182.475 11 32
    endloop
  endfacet
  facet normal 0.707107 0 -0.707107
    outer loop
      vertex 169.475 11 19
      vertex 182.475 8.3 32
      vertex 169.475 8.3 19
    endloop
  endfacet
  facet normal 1 -0 0
    outer loop
      vertex 169.475 -11 19
      vertex 169.475 -8.3 5
      vertex 169.475 -8.3 19
    endloop
  endfacet
  facet normal 1 0 0
    outer loop
      vertex 169.475 -8.3 5
      vertex 169.475 -11 19
      vertex 169.475 -11 5
    endloop
  endfacet
  facet normal 1 -0 0
    outer loop
      vertex 169.475 8.3 19
      vertex 169.475 11 5
      vertex 169.475 11 19
    endloop
  endfacet
  facet normal 1 0 0
    outer loop
      vertex 169.475 11 5
      vertex 169.475 8.3 19
      vertex 169.475 8.3 5
    endloop
  endfacet
  facet normal -1 0 0
    outer loop
      vertex 197.475 -6 0
      vertex 197.475 6 4
      vertex 197.475 6 0
    endloop
  endfacet
  facet normal -1 -0 0
    outer loop
      vertex 197.475 6 4
      vertex 197.475 -6 0
      vertex 197.475 -6 4
    endloop
  endfacet
  facet normal 1 -0 0
    outer loop
      vertex 173.475 -6 4
      vertex 173.475 6 0
      vertex 173.475 6 4
    endloop
  endfacet
  facet normal 1 0 0
    outer loop
      vertex 173.475 6 0
      vertex 173.475 -6 4
      vertex 173.475 -6 0
    endloop
  endfacet
  facet normal 0 -1 0
    outer loop
      vertex 173.475 6 0
      vertex 197.475 6 4
      vertex 173.475 6 4
    endloop
  endfacet
  facet normal 0 -1 -0
    outer loop
      vertex 197.475 6 4
      vertex 173.475 6 0
      vertex 197.475 6 0
    endloop
  endfacet
  facet normal 0 1 -0
    outer loop
      vertex 197.475 -6 0
      vertex 173.475 -6 4
      vertex 197.475 -6 4
    endloop
  endfacet
  facet normal 0 1 0
    outer loop
      vertex 173.475 -6 4
      vertex 197.475 -6 0
      vertex 173.475 -6 0
    endloop
  endfacet
  facet normal 0.321986 -0.946744 0
    outer loop
      vertex 109.294 9.6744 0
      vertex 109.498 9.74378 18.45
      vertex 109.294 9.6744 18.45
    endloop
  endfacet
  facet normal 0.321986 -0.946744 0
    outer loop
      vertex 109.498 9.74378 18.45
      vertex 109.294 9.6744 0
      vertex 109.498 9.74378 0
    endloop
  endfacet
  facet normal 0.94605 -0.324021 0
    outer loop
      vertex 108.331 8.57705 18.45
      vertex 108.401 8.78143 0
      vertex 108.401 8.78143 18.45
    endloop
  endfacet
  facet normal 0.94605 -0.324021 0
    outer loop
      vertex 108.401 8.78143 0
      vertex 108.331 8.57705 18.45
      vertex 108.331 8.57705 0
    endloop
  endfacet
  facet normal 0.0655332 -0.99785 0
    outer loop
      vertex 109.71 9.78588 0
      vertex 109.925 9.8 18.45
      vertex 109.71 9.78588 18.45
    endloop
  endfacet
  facet normal 0.0655332 -0.99785 0
    outer loop
      vertex 109.925 9.8 18.45
      vertex 109.71 9.78588 0
      vertex 109.925 9.8 0
    endloop
  endfacet
  facet normal -0.980879 -0.194619 0
    outer loop
      vertex 113.961 8.36537 0
      vertex 113.919 8.57705 18.45
      vertex 113.919 8.57705 0
    endloop
  endfacet
  facet normal -0.980879 -0.194619 0
    outer loop
      vertex 113.919 8.57705 18.45
      vertex 113.961 8.36537 0
      vertex 113.961 8.36537 18.45
    endloop
  endfacet
  facet normal 0.556552 -0.830813 0
    outer loop
      vertex 108.921 9.45903 0
      vertex 109.1 9.57894 18.45
      vertex 108.921 9.45903 18.45
    endloop
  endfacet
  facet normal 0.556552 -0.830813 0
    outer loop
      vertex 109.1 9.57894 18.45
      vertex 108.921 9.45903 0
      vertex 109.1 9.57894 0
    endloop
  endfacet
  facet normal -0.752545 -0.658541 0
    outer loop
      vertex 113.634 9.15446 0
      vertex 113.492 9.31673 18.45
      vertex 113.492 9.31673 0
    endloop
  endfacet
  facet normal -0.752545 -0.658541 0
    outer loop
      vertex 113.492 9.31673 18.45
      vertex 113.634 9.15446 0
      vertex 113.634 9.15446 18.45
    endloop
  endfacet
  facet normal -0.194781 0.980847 0
    outer loop
      vertex 112.752 6.55622 0
      vertex 112.54 6.51412 18.45
      vertex 112.752 6.55622 18.45
    endloop
  endfacet
  facet normal -0.194781 0.980847 0
    outer loop
      vertex 112.54 6.51412 18.45
      vertex 112.752 6.55622 0
      vertex 112.54 6.51412 0
    endloop
  endfacet
  facet normal 0.752545 -0.658541 0
    outer loop
      vertex 108.616 9.15446 18.45
      vertex 108.758 9.31673 0
      vertex 108.758 9.31673 18.45
    endloop
  endfacet
  facet normal 0.752545 -0.658541 0
    outer loop
      vertex 108.758 9.31673 0
      vertex 108.616 9.15446 18.45
      vertex 108.616 9.15446 0
    endloop
  endfacet
  facet normal -0.0655332 -0.99785 0
    outer loop
      vertex 112.325 9.8 0
      vertex 112.54 9.78588 18.45
      vertex 112.325 9.8 18.45
    endloop
  endfacet
  facet normal -0.0655332 -0.99785 -0
    outer loop
      vertex 112.54 9.78588 18.45
      vertex 112.325 9.8 0
      vertex 112.54 9.78588 0
    endloop
  endfacet
  facet normal -0.441506 0.897258 0
    outer loop
      vertex 113.15 6.72106 0
      vertex 112.956 6.6256 18.45
      vertex 113.15 6.72106 18.45
    endloop
  endfacet
  facet normal -0.441506 0.897258 0
    outer loop
      vertex 112.956 6.6256 18.45
      vertex 113.15 6.72106 0
      vertex 112.956 6.6256 0
    endloop
  endfacet
  facet normal -0.83128 -0.555854 0
    outer loop
      vertex 113.754 8.975 0
      vertex 113.634 9.15446 18.45
      vertex 113.634 9.15446 0
    endloop
  endfacet
  facet normal -0.83128 -0.555854 0
    outer loop
      vertex 113.634 9.15446 18.45
      vertex 113.754 8.975 0
      vertex 113.754 8.975 18.45
    endloop
  endfacet
  facet normal -0.897714 0.440579 0
    outer loop
      vertex 113.754 7.325 0
      vertex 113.849 7.51857 18.45
      vertex 113.849 7.51857 0
    endloop
  endfacet
  facet normal -0.897714 0.440579 0
    outer loop
      vertex 113.849 7.51857 18.45
      vertex 113.754 7.325 0
      vertex 113.754 7.325 18.45
    endloop
  endfacet
  facet normal 0.441506 0.897258 -0
    outer loop
      vertex 109.294 6.6256 0
      vertex 109.1 6.72106 18.45
      vertex 109.294 6.6256 18.45
    endloop
  endfacet
  facet normal 0.441506 0.897258 0
    outer loop
      vertex 109.1 6.72106 18.45
      vertex 109.294 6.6256 0
      vertex 109.1 6.72106 0
    endloop
  endfacet
  facet normal -0.194781 -0.980847 0
    outer loop
      vertex 112.54 9.78588 0
      vertex 112.752 9.74378 18.45
      vertex 112.54 9.78588 18.45
    endloop
  endfacet
  facet normal -0.194781 -0.980847 -0
    outer loop
      vertex 112.752 9.74378 18.45
      vertex 112.54 9.78588 0
      vertex 112.752 9.74378 0
    endloop
  endfacet
  facet normal 0.83128 0.555854 0
    outer loop
      vertex 108.616 7.14554 18.45
      vertex 108.496 7.325 0
      vertex 108.496 7.325 18.45
    endloop
  endfacet
  facet normal 0.83128 0.555854 0
    outer loop
      vertex 108.496 7.325 0
      vertex 108.616 7.14554 18.45
      vertex 108.616 7.14554 0
    endloop
  endfacet
  facet normal -0.980879 0.194619 0
    outer loop
      vertex 113.919 7.72295 0
      vertex 113.961 7.93463 18.45
      vertex 113.961 7.93463 0
    endloop
  endfacet
  facet normal -0.980879 0.194619 0
    outer loop
      vertex 113.961 7.93463 18.45
      vertex 113.919 7.72295 0
      vertex 113.919 7.72295 18.45
    endloop
  endfacet
  facet normal -0.321986 0.946744 0
    outer loop
      vertex 112.956 6.6256 0
      vertex 112.752 6.55622 18.45
      vertex 112.956 6.6256 18.45
    endloop
  endfacet
  facet normal -0.321986 0.946744 0
    outer loop
      vertex 112.752 6.55622 18.45
      vertex 112.956 6.6256 0
      vertex 112.752 6.55622 0
    endloop
  endfacet
  facet normal -0.441506 -0.897258 0
    outer loop
      vertex 112.956 9.6744 0
      vertex 113.15 9.57894 18.45
      vertex 112.956 9.6744 18.45
    endloop
  endfacet
  facet normal -0.441506 -0.897258 -0
    outer loop
      vertex 113.15 9.57894 18.45
      vertex 112.956 9.6744 0
      vertex 113.15 9.57894 0
    endloop
  endfacet
  facet normal 0.321986 0.946744 -0
    outer loop
      vertex 109.498 6.55622 0
      vertex 109.294 6.6256 18.45
      vertex 109.498 6.55622 18.45
    endloop
  endfacet
  facet normal 0.321986 0.946744 0
    outer loop
      vertex 109.294 6.6256 18.45
      vertex 109.498 6.55622 0
      vertex 109.294 6.6256 0
    endloop
  endfacet
  facet normal 0.556552 0.830813 -0
    outer loop
      vertex 109.1 6.72106 0
      vertex 108.921 6.84097 18.45
      vertex 109.1 6.72106 18.45
    endloop
  endfacet
  facet normal 0.556552 0.830813 0
    outer loop
      vertex 108.921 6.84097 18.45
      vertex 109.1 6.72106 0
      vertex 108.921 6.84097 0
    endloop
  endfacet
  facet normal 0 -1 0
    outer loop
      vertex 109.925 9.8 0
      vertex 112.325 9.8 18.45
      vertex 109.925 9.8 18.45
    endloop
  endfacet
  facet normal 0 -1 -0
    outer loop
      vertex 112.325 9.8 18.45
      vertex 109.925 9.8 0
      vertex 112.325 9.8 0
    endloop
  endfacet
  facet normal -0.657653 -0.753321 0
    outer loop
      vertex 113.329 9.45903 0
      vertex 113.492 9.31673 18.45
      vertex 113.329 9.45903 18.45
    endloop
  endfacet
  facet normal -0.657653 -0.753321 -0
    outer loop
      vertex 113.492 9.31673 18.45
      vertex 113.329 9.45903 0
      vertex 113.492 9.31673 0
    endloop
  endfacet
  facet normal -0.556552 -0.830813 0
    outer loop
      vertex 113.15 9.57894 0
      vertex 113.329 9.45903 18.45
      vertex 113.15 9.57894 18.45
    endloop
  endfacet
  facet normal -0.556552 -0.830813 -0
    outer loop
      vertex 113.329 9.45903 18.45
      vertex 113.15 9.57894 0
      vertex 113.329 9.45903 0
    endloop
  endfacet
  facet normal -0.997894 -0.0648675 0
    outer loop
      vertex 113.975 8.15 0
      vertex 113.961 8.36537 18.45
      vertex 113.961 8.36537 0
    endloop
  endfacet
  facet normal -0.997894 -0.0648675 0
    outer loop
      vertex 113.961 8.36537 18.45
      vertex 113.975 8.15 0
      vertex 113.975 8.15 18.45
    endloop
  endfacet
  facet normal 0.897714 0.440579 0
    outer loop
      vertex 108.496 7.325 18.45
      vertex 108.401 7.51857 0
      vertex 108.401 7.51857 18.45
    endloop
  endfacet
  facet normal 0.897714 0.440579 0
    outer loop
      vertex 108.401 7.51857 0
      vertex 108.496 7.325 18.45
      vertex 108.496 7.325 0
    endloop
  endfacet
  facet normal -0.94605 -0.324021 0
    outer loop
      vertex 113.919 8.57705 0
      vertex 113.849 8.78143 18.45
      vertex 113.849 8.78143 0
    endloop
  endfacet
  facet normal -0.94605 -0.324021 0
    outer loop
      vertex 113.849 8.78143 18.45
      vertex 113.919 8.57705 0
      vertex 113.919 8.57705 18.45
    endloop
  endfacet
  facet normal -0.0655332 0.99785 0
    outer loop
      vertex 112.54 6.51412 0
      vertex 112.325 6.5 18.45
      vertex 112.54 6.51412 18.45
    endloop
  endfacet
  facet normal -0.0655332 0.99785 0
    outer loop
      vertex 112.325 6.5 18.45
      vertex 112.54 6.51412 0
      vertex 112.325 6.5 0
    endloop
  endfacet
  facet normal -0.897714 -0.440579 0
    outer loop
      vertex 113.849 8.78143 0
      vertex 113.754 8.975 18.45
      vertex 113.754 8.975 0
    endloop
  endfacet
  facet normal -0.897714 -0.440579 0
    outer loop
      vertex 113.754 8.975 18.45
      vertex 113.849 8.78143 0
      vertex 113.849 8.78143 18.45
    endloop
  endfacet
  facet normal 0.657653 -0.753321 0
    outer loop
      vertex 108.758 9.31673 0
      vertex 108.921 9.45903 18.45
      vertex 108.758 9.31673 18.45
    endloop
  endfacet
  facet normal 0.657653 -0.753321 0
    outer loop
      vertex 108.921 9.45903 18.45
      vertex 108.758 9.31673 0
      vertex 108.921 9.45903 0
    endloop
  endfacet
  facet normal -0.94605 0.324021 0
    outer loop
      vertex 113.849 7.51857 0
      vertex 113.919 7.72295 18.45
      vertex 113.919 7.72295 0
    endloop
  endfacet
  facet normal -0.94605 0.324021 0
    outer loop
      vertex 113.919 7.72295 18.45
      vertex 113.849 7.51857 0
      vertex 113.849 7.51857 18.45
    endloop
  endfacet
  facet normal -0.556552 0.830813 0
    outer loop
      vertex 113.329 6.84097 0
      vertex 113.15 6.72106 18.45
      vertex 113.329 6.84097 18.45
    endloop
  endfacet
  facet normal -0.556552 0.830813 0
    outer loop
      vertex 113.15 6.72106 18.45
      vertex 113.329 6.84097 0
      vertex 113.15 6.72106 0
    endloop
  endfacet
  facet normal 0.752545 0.658541 0
    outer loop
      vertex 108.758 6.98327 18.45
      vertex 108.616 7.14554 0
      vertex 108.616 7.14554 18.45
    endloop
  endfacet
  facet normal 0.752545 0.658541 0
    outer loop
      vertex 108.616 7.14554 0
      vertex 108.758 6.98327 18.45
      vertex 108.758 6.98327 0
    endloop
  endfacet
  facet normal -0.83128 0.555854 0
    outer loop
      vertex 113.634 7.14554 0
      vertex 113.754 7.325 18.45
      vertex 113.754 7.325 0
    endloop
  endfacet
  facet normal -0.83128 0.555854 0
    outer loop
      vertex 113.754 7.325 18.45
      vertex 113.634 7.14554 0
      vertex 113.634 7.14554 18.45
    endloop
  endfacet
  facet normal 0.0655332 0.99785 -0
    outer loop
      vertex 109.925 6.5 0
      vertex 109.71 6.51412 18.45
      vertex 109.925 6.5 18.45
    endloop
  endfacet
  facet normal 0.0655332 0.99785 0
    outer loop
      vertex 109.71 6.51412 18.45
      vertex 109.925 6.5 0
      vertex 109.71 6.51412 0
    endloop
  endfacet
  facet normal 0.897714 -0.440579 0
    outer loop
      vertex 108.401 8.78143 18.45
      vertex 108.496 8.975 0
      vertex 108.496 8.975 18.45
    endloop
  endfacet
  facet normal 0.897714 -0.440579 0
    outer loop
      vertex 108.496 8.975 0
      vertex 108.401 8.78143 18.45
      vertex 108.401 8.78143 0
    endloop
  endfacet
  facet normal 0 1 -0
    outer loop
      vertex 112.325 6.5 0
      vertex 109.925 6.5 18.45
      vertex 112.325 6.5 18.45
    endloop
  endfacet
  facet normal 0 1 0
    outer loop
      vertex 109.925 6.5 18.45
      vertex 112.325 6.5 0
      vertex 109.925 6.5 0
    endloop
  endfacet
  facet normal -0.997894 0.0648675 0
    outer loop
      vertex 113.961 7.93463 0
      vertex 113.975 8.15 18.45
      vertex 113.975 8.15 0
    endloop
  endfacet
  facet normal -0.997894 0.0648675 0
    outer loop
      vertex 113.975 8.15 18.45
      vertex 113.961 7.93463 0
      vertex 113.961 7.93463 18.45
    endloop
  endfacet
  facet normal 0.657653 0.753321 -0
    outer loop
      vertex 108.921 6.84097 0
      vertex 108.758 6.98327 18.45
      vertex 108.921 6.84097 18.45
    endloop
  endfacet
  facet normal 0.657653 0.753321 0
    outer loop
      vertex 108.758 6.98327 18.45
      vertex 108.921 6.84097 0
      vertex 108.758 6.98327 0
    endloop
  endfacet
  facet normal -0.657653 0.753321 0
    outer loop
      vertex 113.492 6.98327 0
      vertex 113.329 6.84097 18.45
      vertex 113.492 6.98327 18.45
    endloop
  endfacet
  facet normal -0.657653 0.753321 0
    outer loop
      vertex 113.329 6.84097 18.45
      vertex 113.492 6.98327 0
      vertex 113.329 6.84097 0
    endloop
  endfacet
  facet normal 0.194781 0.980847 -0
    outer loop
      vertex 109.71 6.51412 0
      vertex 109.498 6.55622 18.45
      vertex 109.71 6.51412 18.45
    endloop
  endfacet
  facet normal 0.194781 0.980847 0
    outer loop
      vertex 109.498 6.55622 18.45
      vertex 109.71 6.51412 0
      vertex 109.498 6.55622 0
    endloop
  endfacet
  facet normal 0.980879 0.194619 0
    outer loop
      vertex 108.331 7.72295 18.45
      vertex 108.289 7.93463 0
      vertex 108.289 7.93463 18.45
    endloop
  endfacet
  facet normal 0.980879 0.194619 0
    outer loop
      vertex 108.289 7.93463 0
      vertex 108.331 7.72295 18.45
      vertex 108.331 7.72295 0
    endloop
  endfacet
  facet normal -0.752545 0.658541 0
    outer loop
      vertex 113.492 6.98327 0
      vertex 113.634 7.14554 18.45
      vertex 113.634 7.14554 0
    endloop
  endfacet
  facet normal -0.752545 0.658541 0
    outer loop
      vertex 113.634 7.14554 18.45
      vertex 113.492 6.98327 0
      vertex 113.492 6.98327 18.45
    endloop
  endfacet
  facet normal 0.194781 -0.980847 0
    outer loop
      vertex 109.498 9.74378 0
      vertex 109.71 9.78588 18.45
      vertex 109.498 9.74378 18.45
    endloop
  endfacet
  facet normal 0.194781 -0.980847 0
    outer loop
      vertex 109.71 9.78588 18.45
      vertex 109.498 9.74378 0
      vertex 109.71 9.78588 0
    endloop
  endfacet
  facet normal 0.94605 0.324021 0
    outer loop
      vertex 108.401 7.51857 18.45
      vertex 108.331 7.72295 0
      vertex 108.331 7.72295 18.45
    endloop
  endfacet
  facet normal 0.94605 0.324021 0
    outer loop
      vertex 108.331 7.72295 0
      vertex 108.401 7.51857 18.45
      vertex 108.401 7.51857 0
    endloop
  endfacet
  facet normal -0.321986 -0.946744 0
    outer loop
      vertex 112.752 9.74378 0
      vertex 112.956 9.6744 18.45
      vertex 112.752 9.74378 18.45
    endloop
  endfacet
  facet normal -0.321986 -0.946744 -0
    outer loop
      vertex 112.956 9.6744 18.45
      vertex 112.752 9.74378 0
      vertex 112.956 9.6744 0
    endloop
  endfacet
  facet normal 0.997894 -0.0648675 0
    outer loop
      vertex 108.275 8.15 18.45
      vertex 108.289 8.36537 0
      vertex 108.289 8.36537 18.45
    endloop
  endfacet
  facet normal 0.997894 -0.0648675 0
    outer loop
      vertex 108.289 8.36537 0
      vertex 108.275 8.15 18.45
      vertex 108.275 8.15 0
    endloop
  endfacet
  facet normal 0.980879 -0.194619 0
    outer loop
      vertex 108.289 8.36537 18.45
      vertex 108.331 8.57705 0
      vertex 108.331 8.57705 18.45
    endloop
  endfacet
  facet normal 0.980879 -0.194619 0
    outer loop
      vertex 108.331 8.57705 0
      vertex 108.289 8.36537 18.45
      vertex 108.289 8.36537 0
    endloop
  endfacet
  facet normal 0.441506 -0.897258 0
    outer loop
      vertex 109.1 9.57894 0
      vertex 109.294 9.6744 18.45
      vertex 109.1 9.57894 18.45
    endloop
  endfacet
  facet normal 0.441506 -0.897258 0
    outer loop
      vertex 109.294 9.6744 18.45
      vertex 109.1 9.57894 0
      vertex 109.294 9.6744 0
    endloop
  endfacet
  facet normal 0.83128 -0.555854 0
    outer loop
      vertex 108.496 8.975 18.45
      vertex 108.616 9.15446 0
      vertex 108.616 9.15446 18.45
    endloop
  endfacet
  facet normal 0.83128 -0.555854 0
    outer loop
      vertex 108.616 9.15446 0
      vertex 108.496 8.975 18.45
      vertex 108.496 8.975 0
    endloop
  endfacet
  facet normal 0.997894 0.0648675 0
    outer loop
      vertex 108.289 7.93463 18.45
      vertex 108.275 8.15 0
      vertex 108.275 8.15 18.45
    endloop
  endfacet
  facet normal 0.997894 0.0648675 0
    outer loop
      vertex 108.275 8.15 0
      vertex 108.289 7.93463 18.45
      vertex 108.289 7.93463 0
    endloop
  endfacet
  facet normal 0.59032 0.394731 0.704067
    outer loop
      vertex 108.496 7.325 18.45
      vertex 107.163 6.55382 20
      vertex 108.616 7.14554 18.45
    endloop
  endfacet
  facet normal 0.540181 0.469722 0.698259
    outer loop
      vertex 107.163 6.55382 20
      vertex 108.496 7.325 18.45
      vertex 107.162 6.55497 20
    endloop
  endfacet
  facet normal 0.636808 0.314136 0.704126
    outer loop
      vertex 107.162 6.55497 20
      vertex 108.496 7.325 18.45
      vertex 106.978 6.92797 20
    endloop
  endfacet
  facet normal -0.314063 0.636834 0.704136
    outer loop
      vertex 113.546 5.20276 20
      vertex 113.919 5.38671 20
      vertex 112.956 6.6256 18.45
    endloop
  endfacet
  facet normal -0.0464435 -0.708604 0.704076
    outer loop
      vertex 112.54 9.78588 18.45
      vertex 112.741 11.3128 20
      vertex 112.326 11.34 20
    endloop
  endfacet
  facet normal 0.672889 0.227241 0.703976
    outer loop
      vertex 106.977 6.93052 20
      vertex 108.331 7.72295 18.45
      vertex 106.844 7.32435 20
    endloop
  endfacet
  facet normal -0.22815 0.672436 0.704115
    outer loop
      vertex 113.152 5.06908 20
      vertex 113.546 5.20276 20
      vertex 112.956 6.6256 18.45
    endloop
  endfacet
  facet normal 0.696288 0.139971 0.703982
    outer loop
      vertex 106.844 7.32435 20
      vertex 108.331 7.72295 18.45
      vertex 106.762 7.73226 20
    endloop
  endfacet
  facet normal 0.138326 -0.696556 0.704042
    outer loop
      vertex 109.101 11.2316 20
      vertex 109.498 9.74378 18.45
      vertex 109.71 9.78588 18.45
    endloop
  endfacet
  facet normal 0.0710453 -0.710453 0.700149
    outer loop
      vertex 109.498 9.74378 18.45
      vertex 109.101 11.2316 20
      vertex 109.099 11.2314 20
    endloop
  endfacet
  facet normal -0.0710453 -0.710453 0.700149
    outer loop
      vertex 113.149 11.2316 20
      vertex 112.752 9.74378 18.45
      vertex 113.151 11.2314 20
    endloop
  endfacet
  facet normal -0.138326 -0.696556 0.704042
    outer loop
      vertex 112.752 9.74378 18.45
      vertex 113.149 11.2316 20
      vertex 112.54 9.78588 18.45
    endloop
  endfacet
  facet normal -0.540181 0.469722 0.698259
    outer loop
      vertex 113.754 7.325 18.45
      vertex 115.087 6.55382 20
      vertex 115.088 6.55497 20
    endloop
  endfacet
  facet normal -0.59032 0.394731 0.704067
    outer loop
      vertex 115.087 6.55382 20
      vertex 113.754 7.325 18.45
      vertex 113.634 7.14554 18.45
    endloop
  endfacet
  facet normal -0.467948 -0.534164 0.704055
    outer loop
      vertex 114.581 10.4057 20
      vertex 114.268 10.6799 20
      vertex 113.492 9.31673 18.45
    endloop
  endfacet
  facet normal -0.671614 0.230027 0.704288
    outer loop
      vertex 113.849 7.51857 18.45
      vertex 115.273 6.93052 20
      vertex 113.919 7.72295 18.45
    endloop
  endfacet
  facet normal -0.57328 0.437618 0.692705
    outer loop
      vertex 115.273 6.93052 20
      vertex 113.849 7.51857 18.45
      vertex 115.272 6.92921 20
    endloop
  endfacet
  facet normal -0.636835 -0.314141 0.7041
    outer loop
      vertex 115.272 9.37078 20
      vertex 115.088 9.74379 20
      vertex 113.849 8.78143 18.45
    endloop
  endfacet
  facet normal 0.708644 0.046065 0.704061
    outer loop
      vertex 106.762 7.73499 20
      vertex 108.289 7.93463 18.45
      vertex 108.275 8.15 18.45
    endloop
  endfacet
  facet normal 0.712372 0 0.701802
    outer loop
      vertex 108.289 7.93463 18.45
      vertex 106.762 7.73499 20
      vertex 106.762 7.73361 20
    endloop
  endfacet
  facet normal 0.0465374 -0.708608 0.704066
    outer loop
      vertex 109.925 9.8 18.45
      vertex 109.924 11.34 20
      vertex 109.71 9.78588 18.45
    endloop
  endfacet
  facet normal 0.070759 -0.70759 0.703071
    outer loop
      vertex 109.924 11.34 20
      vertex 109.925 9.8 18.45
      vertex 109.925 11.3401 20
    endloop
  endfacet
  facet normal 0.228648 -0.6723 0.704083
    outer loop
      vertex 108.706 11.0977 20
      vertex 109.294 9.6744 18.45
      vertex 109.498 9.74378 18.45
    endloop
  endfacet
  facet normal 0.172976 -0.691902 0.700964
    outer loop
      vertex 109.294 9.6744 18.45
      vertex 108.706 11.0977 20
      vertex 108.704 11.0972 20
    endloop
  endfacet
  facet normal 0.59048 -0.394428 0.704102
    outer loop
      vertex 108.616 9.15446 18.45
      vertex 107.394 10.092 20
      vertex 107.163 9.74618 20
    endloop
  endfacet
  facet normal -0.228655 0.67232 0.704062
    outer loop
      vertex 112.752 6.55622 18.45
      vertex 113.152 5.06908 20
      vertex 112.956 6.6256 18.45
    endloop
  endfacet
  facet normal -0.292965 0.651033 0.700234
    outer loop
      vertex 113.152 5.06908 20
      vertex 112.752 6.55622 18.45
      vertex 113.151 5.06863 20
    endloop
  endfacet
  facet normal 0.0464439 0.708611 0.704069
    outer loop
      vertex 109.924 4.96003 20
      vertex 109.71 6.51412 18.45
      vertex 109.509 4.98723 20
    endloop
  endfacet
  facet normal 0.22815 0.672436 0.704115
    outer loop
      vertex 109.098 5.06908 20
      vertex 109.294 6.6256 18.45
      vertex 108.704 5.20276 20
    endloop
  endfacet
  facet normal -0.443152 -0.553941 0.704816
    outer loop
      vertex 114.266 10.6816 20
      vertex 113.329 9.45903 18.45
      vertex 114.267 10.6808 20
    endloop
  endfacet
  facet normal -0.395168 -0.589901 0.704173
    outer loop
      vertex 113.329 9.45903 18.45
      vertex 114.266 10.6816 20
      vertex 113.15 9.57894 18.45
    endloop
  endfacet
  facet normal -0.708644 0.046065 0.704061
    outer loop
      vertex 113.961 7.93463 18.45
      vertex 115.488 7.73499 20
      vertex 113.975 8.15 18.45
    endloop
  endfacet
  facet normal -0.712372 0 0.701802
    outer loop
      vertex 115.488 7.73499 20
      vertex 113.961 7.93463 18.45
      vertex 115.488 7.73361 20
    endloop
  endfacet
  facet normal 0 -0.709369 0.704838
    outer loop
      vertex 109.925 9.8 18.45
      vertex 112.325 11.3401 20
      vertex 109.925 11.3401 20
    endloop
  endfacet
  facet normal 0 -0.709369 0.704838
    outer loop
      vertex 112.325 11.3401 20
      vertex 109.925 9.8 18.45
      vertex 112.325 9.8 18.45
    endloop
  endfacet
  facet normal -0.314024 -0.636927 0.704069
    outer loop
      vertex 113.92 10.9127 20
      vertex 113.547 11.0966 20
      vertex 113.15 9.57894 18.45
    endloop
  endfacet
  facet normal 0.0464435 -0.708604 0.704076
    outer loop
      vertex 109.71 9.78588 18.45
      vertex 109.924 11.34 20
      vertex 109.509 11.3128 20
    endloop
  endfacet
  facet normal 0.696459 0.138186 0.704166
    outer loop
      vertex 108.289 7.93463 18.45
      vertex 106.762 7.73226 20
      vertex 108.331 7.72295 18.45
    endloop
  endfacet
  facet normal 0.712372 -0 0.701802
    outer loop
      vertex 106.762 7.73226 20
      vertex 108.289 7.93463 18.45
      vertex 106.762 7.73361 20
    endloop
  endfacet
  facet normal 0.138611 -0.696469 0.704073
    outer loop
      vertex 109.71 9.78588 18.45
      vertex 109.509 11.3128 20
      vertex 109.101 11.2316 20
    endloop
  endfacet
  facet normal 0.228709 -0.672272 0.70409
    outer loop
      vertex 109.498 9.74378 18.45
      vertex 109.099 11.2314 20
      vertex 108.706 11.0977 20
    endloop
  endfacet
  facet normal 0.696288 -0.139971 0.703982
    outer loop
      vertex 108.331 8.57705 18.45
      vertex 106.844 8.97565 20
      vertex 106.762 8.56774 20
    endloop
  endfacet
  facet normal 0 0.709378 0.704829
    outer loop
      vertex 112.325 6.5 18.45
      vertex 109.925 4.95994 20
      vertex 112.325 4.95994 20
    endloop
  endfacet
  facet normal 0 0.709378 0.704829
    outer loop
      vertex 109.925 4.95994 20
      vertex 112.325 6.5 18.45
      vertex 109.925 6.5 18.45
    endloop
  endfacet
  facet normal -0.477701 0.524947 0.704438
    outer loop
      vertex 113.492 6.98327 18.45
      vertex 114.58 5.89337 20
      vertex 114.581 5.89428 20
    endloop
  endfacet
  facet normal -0.46705 0.534991 0.704024
    outer loop
      vertex 114.58 5.89337 20
      vertex 113.492 6.98327 18.45
      vertex 113.329 6.84097 18.45
    endloop
  endfacet
  facet normal 0.394345 0.59051 0.704124
    outer loop
      vertex 108.329 5.38809 20
      vertex 108.921 6.84097 18.45
      vertex 107.983 5.61915 20
    endloop
  endfacet
  facet normal -0.672887 -0.227246 0.703976
    outer loop
      vertex 115.406 8.97565 20
      vertex 115.273 9.36947 20
      vertex 113.919 8.57705 18.45
    endloop
  endfacet
  facet normal -0.540181 -0.469722 0.698259
    outer loop
      vertex 115.087 9.74618 20
      vertex 113.754 8.975 18.45
      vertex 115.088 9.74503 20
    endloop
  endfacet
  facet normal -0.59032 -0.394731 0.704067
    outer loop
      vertex 113.754 8.975 18.45
      vertex 115.087 9.74618 20
      vertex 113.634 9.15446 18.45
    endloop
  endfacet
  facet normal 0.138324 0.696547 0.704051
    outer loop
      vertex 109.498 6.55622 18.45
      vertex 109.101 5.06836 20
      vertex 109.71 6.51412 18.45
    endloop
  endfacet
  facet normal 0.0952873 0.705832 0.701941
    outer loop
      vertex 109.101 5.06836 20
      vertex 109.498 6.55622 18.45
      vertex 109.099 5.06863 20
    endloop
  endfacet
  facet normal -0.59048 -0.394428 0.704102
    outer loop
      vertex 115.087 9.74618 20
      vertex 114.856 10.092 20
      vertex 113.634 9.15446 18.45
    endloop
  endfacet
  facet normal -0.696288 0.139971 0.703982
    outer loop
      vertex 115.406 7.32435 20
      vertex 115.488 7.73226 20
      vertex 113.919 7.72295 18.45
    endloop
  endfacet
  facet normal -0.475228 -0.528031 0.703805
    outer loop
      vertex 113.329 9.45903 18.45
      vertex 114.268 10.6799 20
      vertex 114.267 10.6808 20
    endloop
  endfacet
  facet normal -0.466949 -0.534875 0.704179
    outer loop
      vertex 114.268 10.6799 20
      vertex 113.329 9.45903 18.45
      vertex 113.492 9.31673 18.45
    endloop
  endfacet
  facet normal 0.534379 -0.467627 0.704105
    outer loop
      vertex 107.395 10.093 20
      vertex 108.616 9.15446 18.45
      vertex 108.758 9.31673 18.45
    endloop
  endfacet
  facet normal 0.503719 -0.503719 0.701808
    outer loop
      vertex 108.616 9.15446 18.45
      vertex 107.395 10.093 20
      vertex 107.394 10.092 20
    endloop
  endfacet
  facet normal -0.394419 -0.59052 0.704074
    outer loop
      vertex 114.266 10.6816 20
      vertex 113.92 10.9127 20
      vertex 113.15 9.57894 18.45
    endloop
  endfacet
  facet normal -0.503719 -0.503719 0.701808
    outer loop
      vertex 114.855 10.093 20
      vertex 113.634 9.15446 18.45
      vertex 114.856 10.092 20
    endloop
  endfacet
  facet normal -0.534379 -0.467627 0.704105
    outer loop
      vertex 113.634 9.15446 18.45
      vertex 114.855 10.093 20
      vertex 113.492 9.31673 18.45
    endloop
  endfacet
  facet normal -0.138611 -0.696469 0.704073
    outer loop
      vertex 113.149 11.2316 20
      vertex 112.741 11.3128 20
      vertex 112.54 9.78588 18.45
    endloop
  endfacet
  facet normal -0.0952873 0.705832 0.701941
    outer loop
      vertex 112.752 6.55622 18.45
      vertex 113.149 5.06836 20
      vertex 113.151 5.06863 20
    endloop
  endfacet
  facet normal -0.138324 0.696547 0.704051
    outer loop
      vertex 113.149 5.06836 20
      vertex 112.752 6.55622 18.45
      vertex 112.54 6.51412 18.45
    endloop
  endfacet
  facet normal 0.637313 0.31278 0.704274
    outer loop
      vertex 108.401 7.51857 18.45
      vertex 106.978 6.92797 20
      vertex 108.496 7.325 18.45
    endloop
  endfacet
  facet normal 0.736641 -0 0.676284
    outer loop
      vertex 106.978 6.92797 20
      vertex 108.401 7.51857 18.45
      vertex 106.978 6.92921 20
    endloop
  endfacet
  facet normal 0.313527 0.63717 0.704071
    outer loop
      vertex 109.1 6.72106 18.45
      vertex 108.331 5.38671 20
      vertex 109.294 6.6256 18.45
    endloop
  endfacet
  facet normal 0.369469 0.605688 0.704723
    outer loop
      vertex 108.331 5.38671 20
      vertex 109.1 6.72106 18.45
      vertex 108.33 5.38732 20
    endloop
  endfacet
  facet normal -0.0465379 0.708615 0.704059
    outer loop
      vertex 112.325 6.5 18.45
      vertex 112.326 4.96003 20
      vertex 112.54 6.51412 18.45
    endloop
  endfacet
  facet normal -0.0637143 0.707936 0.703396
    outer loop
      vertex 112.326 4.96003 20
      vertex 112.325 6.5 18.45
      vertex 112.325 4.95994 20
    endloop
  endfacet
  facet normal -0.394345 0.59051 0.704124
    outer loop
      vertex 113.921 5.38809 20
      vertex 114.267 5.61915 20
      vertex 113.329 6.84097 18.45
    endloop
  endfacet
  facet normal 0.314024 -0.636927 0.704069
    outer loop
      vertex 109.1 9.57894 18.45
      vertex 108.703 11.0966 20
      vertex 108.33 10.9127 20
    endloop
  endfacet
  facet normal -0.070759 -0.70759 0.703071
    outer loop
      vertex 112.325 9.8 18.45
      vertex 112.326 11.34 20
      vertex 112.325 11.3401 20
    endloop
  endfacet
  facet normal -0.0465374 -0.708608 0.704066
    outer loop
      vertex 112.326 11.34 20
      vertex 112.325 9.8 18.45
      vertex 112.54 9.78588 18.45
    endloop
  endfacet
  facet normal 0.534109 -0.468007 0.704058
    outer loop
      vertex 108.758 9.31673 18.45
      vertex 107.669 10.4057 20
      vertex 107.395 10.093 20
    endloop
  endfacet
  facet normal 0.672887 -0.227246 0.703976
    outer loop
      vertex 108.331 8.57705 18.45
      vertex 106.977 9.36947 20
      vertex 106.844 8.97565 20
    endloop
  endfacet
  facet normal -0.0464439 0.708611 0.704069
    outer loop
      vertex 112.741 4.98723 20
      vertex 112.54 6.51412 18.45
      vertex 112.326 4.96003 20
    endloop
  endfacet
  facet normal 0.467904 0.534074 0.704152
    outer loop
      vertex 107.983 5.61915 20
      vertex 108.921 6.84097 18.45
      vertex 107.67 5.89337 20
    endloop
  endfacet
  facet normal 0.395253 0.590028 0.704019
    outer loop
      vertex 108.329 5.38809 20
      vertex 109.1 6.72106 18.45
      vertex 108.921 6.84097 18.45
    endloop
  endfacet
  facet normal 0.434679 0.564518 0.701693
    outer loop
      vertex 109.1 6.72106 18.45
      vertex 108.329 5.38809 20
      vertex 108.33 5.38732 20
    endloop
  endfacet
  facet normal 0.708637 0.046103 0.704065
    outer loop
      vertex 106.762 7.73499 20
      vertex 108.275 8.15 18.45
      vertex 106.735 8.15 20
    endloop
  endfacet
  facet normal -0.736641 0 0.676284
    outer loop
      vertex 113.849 7.51857 18.45
      vertex 115.272 6.92797 20
      vertex 115.272 6.92921 20
    endloop
  endfacet
  facet normal -0.637313 0.31278 0.704274
    outer loop
      vertex 115.272 6.92797 20
      vertex 113.849 7.51857 18.45
      vertex 113.754 7.325 18.45
    endloop
  endfacet
  facet normal 0.573281 -0.437619 0.692703
    outer loop
      vertex 106.977 9.36947 20
      vertex 108.401 8.78143 18.45
      vertex 106.978 9.37078 20
    endloop
  endfacet
  facet normal 0.671615 -0.230028 0.704287
    outer loop
      vertex 108.401 8.78143 18.45
      vertex 106.977 9.36947 20
      vertex 108.331 8.57705 18.45
    endloop
  endfacet
  facet normal 0.636835 -0.314141 0.7041
    outer loop
      vertex 108.401 8.78143 18.45
      vertex 107.162 9.74379 20
      vertex 106.978 9.37078 20
    endloop
  endfacet
  facet normal 0.314063 0.636834 0.704136
    outer loop
      vertex 108.704 5.20276 20
      vertex 109.294 6.6256 18.45
      vertex 108.331 5.38671 20
    endloop
  endfacet
  facet normal 0.696459 -0.138186 0.704166
    outer loop
      vertex 106.762 8.56774 20
      vertex 108.289 8.36537 18.45
      vertex 108.331 8.57705 18.45
    endloop
  endfacet
  facet normal 0.712372 0 0.701802
    outer loop
      vertex 108.289 8.36537 18.45
      vertex 106.762 8.56774 20
      vertex 106.762 8.56639 20
    endloop
  endfacet
  facet normal -0.395253 0.590028 0.704019
    outer loop
      vertex 113.15 6.72106 18.45
      vertex 113.921 5.38809 20
      vertex 113.329 6.84097 18.45
    endloop
  endfacet
  facet normal -0.434679 0.564518 0.701693
    outer loop
      vertex 113.921 5.38809 20
      vertex 113.15 6.72106 18.45
      vertex 113.92 5.38732 20
    endloop
  endfacet
  facet normal 0.712372 -0 0.701802
    outer loop
      vertex 106.762 8.56501 20
      vertex 108.289 8.36537 18.45
      vertex 106.762 8.56639 20
    endloop
  endfacet
  facet normal 0.708644 -0.046065 0.704061
    outer loop
      vertex 108.289 8.36537 18.45
      vertex 106.762 8.56501 20
      vertex 108.275 8.15 18.45
    endloop
  endfacet
  facet normal -0.467904 0.534074 0.704152
    outer loop
      vertex 114.267 5.61915 20
      vertex 114.58 5.89337 20
      vertex 113.329 6.84097 18.45
    endloop
  endfacet
  facet normal -0.757943 0 0.65232
    outer loop
      vertex 113.754 8.975 18.45
      vertex 115.088 9.74379 20
      vertex 115.088 9.74503 20
    endloop
  endfacet
  facet normal -0.637599 -0.31292 0.703952
    outer loop
      vertex 115.088 9.74379 20
      vertex 113.754 8.975 18.45
      vertex 113.849 8.78143 18.45
    endloop
  endfacet
  facet normal 0.708637 -0.046103 0.704065
    outer loop
      vertex 108.275 8.15 18.45
      vertex 106.762 8.56501 20
      vertex 106.735 8.15 20
    endloop
  endfacet
  facet normal 0.228655 0.67232 0.704062
    outer loop
      vertex 109.098 5.06908 20
      vertex 109.498 6.55622 18.45
      vertex 109.294 6.6256 18.45
    endloop
  endfacet
  facet normal 0.292965 0.651033 0.700234
    outer loop
      vertex 109.498 6.55622 18.45
      vertex 109.098 5.06908 20
      vertex 109.099 5.06863 20
    endloop
  endfacet
  facet normal 0.671614 0.230027 0.704288
    outer loop
      vertex 106.977 6.93052 20
      vertex 108.401 7.51857 18.45
      vertex 108.331 7.72295 18.45
    endloop
  endfacet
  facet normal 0.57328 0.437618 0.692705
    outer loop
      vertex 108.401 7.51857 18.45
      vertex 106.977 6.93052 20
      vertex 106.978 6.92921 20
    endloop
  endfacet
  facet normal -0.534099 0.468013 0.704061
    outer loop
      vertex 114.581 5.89428 20
      vertex 114.855 6.20697 20
      vertex 113.492 6.98327 18.45
    endloop
  endfacet
  facet normal 0.590476 0.394436 0.704101
    outer loop
      vertex 107.394 6.20801 20
      vertex 108.616 7.14554 18.45
      vertex 107.163 6.55382 20
    endloop
  endfacet
  facet normal -0.672889 0.227241 0.703976
    outer loop
      vertex 115.273 6.93052 20
      vertex 115.406 7.32435 20
      vertex 113.919 7.72295 18.45
    endloop
  endfacet
  facet normal 0.366915 -0.611526 0.701006
    outer loop
      vertex 108.703 11.0966 20
      vertex 109.294 9.6744 18.45
      vertex 108.704 11.0972 20
    endloop
  endfacet
  facet normal 0.313503 -0.637121 0.704125
    outer loop
      vertex 109.294 9.6744 18.45
      vertex 108.703 11.0966 20
      vertex 109.1 9.57894 18.45
    endloop
  endfacet
  facet normal -0.366915 -0.611526 0.701006
    outer loop
      vertex 112.956 9.6744 18.45
      vertex 113.547 11.0966 20
      vertex 113.546 11.0972 20
    endloop
  endfacet
  facet normal -0.313503 -0.637121 0.704125
    outer loop
      vertex 113.547 11.0966 20
      vertex 112.956 9.6744 18.45
      vertex 113.15 9.57894 18.45
    endloop
  endfacet
  facet normal 0.467948 -0.534164 0.704055
    outer loop
      vertex 108.758 9.31673 18.45
      vertex 107.982 10.6799 20
      vertex 107.669 10.4057 20
    endloop
  endfacet
  facet normal -0.636808 0.314136 0.704126
    outer loop
      vertex 115.088 6.55497 20
      vertex 115.272 6.92797 20
      vertex 113.754 7.325 18.45
    endloop
  endfacet
  facet normal -0.534109 -0.468007 0.704058
    outer loop
      vertex 114.855 10.093 20
      vertex 114.581 10.4057 20
      vertex 113.492 9.31673 18.45
    endloop
  endfacet
  facet normal 0.0637143 0.707936 0.703396
    outer loop
      vertex 109.925 6.5 18.45
      vertex 109.924 4.96003 20
      vertex 109.925 4.95994 20
    endloop
  endfacet
  facet normal 0.0465379 0.708615 0.704059
    outer loop
      vertex 109.924 4.96003 20
      vertex 109.925 6.5 18.45
      vertex 109.71 6.51412 18.45
    endloop
  endfacet
  facet normal -0.228709 -0.672272 0.70409
    outer loop
      vertex 113.544 11.0977 20
      vertex 113.151 11.2314 20
      vertex 112.752 9.74378 18.45
    endloop
  endfacet
  facet normal 0.534099 0.468013 0.704061
    outer loop
      vertex 107.669 5.89428 20
      vertex 108.758 6.98327 18.45
      vertex 107.395 6.20697 20
    endloop
  endfacet
  facet normal 0.138497 0.696494 0.70407
    outer loop
      vertex 109.509 4.98723 20
      vertex 109.71 6.51412 18.45
      vertex 109.101 5.06836 20
    endloop
  endfacet
  facet normal 0.394419 -0.59052 0.704074
    outer loop
      vertex 109.1 9.57894 18.45
      vertex 108.33 10.9127 20
      vertex 107.984 10.6816 20
    endloop
  endfacet
  facet normal -0.708637 -0.046103 0.704065
    outer loop
      vertex 115.515 8.15 20
      vertex 115.488 8.56501 20
      vertex 113.975 8.15 18.45
    endloop
  endfacet
  facet normal 0.757943 -0 0.65232
    outer loop
      vertex 107.162 9.74379 20
      vertex 108.496 8.975 18.45
      vertex 107.162 9.74503 20
    endloop
  endfacet
  facet normal 0.637599 -0.31292 0.703952
    outer loop
      vertex 108.496 8.975 18.45
      vertex 107.162 9.74379 20
      vertex 108.401 8.78143 18.45
    endloop
  endfacet
  facet normal -0.138497 0.696494 0.70407
    outer loop
      vertex 112.741 4.98723 20
      vertex 113.149 5.06836 20
      vertex 112.54 6.51412 18.45
    endloop
  endfacet
  facet normal 0.46705 0.534991 0.704024
    outer loop
      vertex 108.758 6.98327 18.45
      vertex 107.67 5.89337 20
      vertex 108.921 6.84097 18.45
    endloop
  endfacet
  facet normal 0.477701 0.524947 0.704438
    outer loop
      vertex 107.67 5.89337 20
      vertex 108.758 6.98327 18.45
      vertex 107.669 5.89428 20
    endloop
  endfacet
  facet normal -0.712372 0 0.701802
    outer loop
      vertex 115.488 8.56774 20
      vertex 113.961 8.36537 18.45
      vertex 115.488 8.56639 20
    endloop
  endfacet
  facet normal -0.696459 -0.138186 0.704166
    outer loop
      vertex 113.961 8.36537 18.45
      vertex 115.488 8.56774 20
      vertex 113.919 8.57705 18.45
    endloop
  endfacet
  facet normal -0.172976 -0.691902 0.700964
    outer loop
      vertex 113.544 11.0977 20
      vertex 112.956 9.6744 18.45
      vertex 113.546 11.0972 20
    endloop
  endfacet
  facet normal -0.228648 -0.6723 0.704083
    outer loop
      vertex 112.956 9.6744 18.45
      vertex 113.544 11.0977 20
      vertex 112.752 9.74378 18.45
    endloop
  endfacet
  facet normal 0.534376 0.467624 0.70411
    outer loop
      vertex 108.616 7.14554 18.45
      vertex 107.395 6.20697 20
      vertex 108.758 6.98327 18.45
    endloop
  endfacet
  facet normal 0.512894 0.493168 0.702656
    outer loop
      vertex 107.395 6.20697 20
      vertex 108.616 7.14554 18.45
      vertex 107.394 6.20801 20
    endloop
  endfacet
  facet normal -0.696288 -0.139971 0.703982
    outer loop
      vertex 115.488 8.56774 20
      vertex 115.406 8.97565 20
      vertex 113.919 8.57705 18.45
    endloop
  endfacet
  facet normal 0.59032 -0.394731 0.704067
    outer loop
      vertex 107.163 9.74618 20
      vertex 108.496 8.975 18.45
      vertex 108.616 9.15446 18.45
    endloop
  endfacet
  facet normal 0.540181 -0.469722 0.698259
    outer loop
      vertex 108.496 8.975 18.45
      vertex 107.163 9.74618 20
      vertex 107.162 9.74503 20
    endloop
  endfacet
  facet normal -0.712372 0 0.701802
    outer loop
      vertex 113.961 8.36537 18.45
      vertex 115.488 8.56501 20
      vertex 115.488 8.56639 20
    endloop
  endfacet
  facet normal -0.708644 -0.046065 0.704061
    outer loop
      vertex 115.488 8.56501 20
      vertex 113.961 8.36537 18.45
      vertex 113.975 8.15 18.45
    endloop
  endfacet
  facet normal 0.395168 -0.589901 0.704173
    outer loop
      vertex 107.984 10.6816 20
      vertex 108.921 9.45903 18.45
      vertex 109.1 9.57894 18.45
    endloop
  endfacet
  facet normal 0.443152 -0.553941 0.704816
    outer loop
      vertex 108.921 9.45903 18.45
      vertex 107.984 10.6816 20
      vertex 107.983 10.6808 20
    endloop
  endfacet
  facet normal -0.573281 -0.437619 0.692703
    outer loop
      vertex 113.849 8.78143 18.45
      vertex 115.273 9.36947 20
      vertex 115.272 9.37078 20
    endloop
  endfacet
  facet normal -0.671615 -0.230028 0.704287
    outer loop
      vertex 115.273 9.36947 20
      vertex 113.849 8.78143 18.45
      vertex 113.919 8.57705 18.45
    endloop
  endfacet
  facet normal -0.590476 0.394436 0.704101
    outer loop
      vertex 114.856 6.20801 20
      vertex 115.087 6.55382 20
      vertex 113.634 7.14554 18.45
    endloop
  endfacet
  facet normal -0.512894 0.493168 0.702656
    outer loop
      vertex 113.634 7.14554 18.45
      vertex 114.855 6.20697 20
      vertex 114.856 6.20801 20
    endloop
  endfacet
  facet normal -0.534376 0.467624 0.70411
    outer loop
      vertex 114.855 6.20697 20
      vertex 113.634 7.14554 18.45
      vertex 113.492 6.98327 18.45
    endloop
  endfacet
  facet normal -0.708637 0.046103 0.704065
    outer loop
      vertex 115.488 7.73499 20
      vertex 115.515 8.15 20
      vertex 113.975 8.15 18.45
    endloop
  endfacet
  facet normal -0.712372 0 0.701802
    outer loop
      vertex 113.961 7.93463 18.45
      vertex 115.488 7.73226 20
      vertex 115.488 7.73361 20
    endloop
  endfacet
  facet normal -0.696459 0.138186 0.704166
    outer loop
      vertex 115.488 7.73226 20
      vertex 113.961 7.93463 18.45
      vertex 113.919 7.72295 18.45
    endloop
  endfacet
  facet normal 0.475228 -0.528031 0.703805
    outer loop
      vertex 107.982 10.6799 20
      vertex 108.921 9.45903 18.45
      vertex 107.983 10.6808 20
    endloop
  endfacet
  facet normal 0.466949 -0.534875 0.704179
    outer loop
      vertex 108.921 9.45903 18.45
      vertex 107.982 10.6799 20
      vertex 108.758 9.31673 18.45
    endloop
  endfacet
  facet normal -0.369469 0.605688 0.704723
    outer loop
      vertex 113.15 6.72106 18.45
      vertex 113.919 5.38671 20
      vertex 113.92 5.38732 20
    endloop
  endfacet
  facet normal -0.313527 0.63717 0.704071
    outer loop
      vertex 113.919 5.38671 20
      vertex 113.15 6.72106 18.45
      vertex 112.956 6.6256 18.45
    endloop
  endfacet
  facet normal -0.831266 -0.555876 0
    outer loop
      vertex 115.183 9.8 20
      vertex 114.943 10.1589 46
      vertex 114.943 10.1589 20
    endloop
  endfacet
  facet normal -0.831266 -0.555876 0
    outer loop
      vertex 114.943 10.1589 46
      vertex 115.183 9.8 20
      vertex 115.183 9.8 46
    endloop
  endfacet
  facet normal 0.997894 -0.0648675 0
    outer loop
      vertex 106.625 8.15 46
      vertex 106.653 8.58074 20
      vertex 106.653 8.58074 46
    endloop
  endfacet
  facet normal 0.997894 -0.0648675 0
    outer loop
      vertex 106.653 8.58074 20
      vertex 106.625 8.15 46
      vertex 106.625 8.15 20
    endloop
  endfacet
  facet normal 0.195247 0.980754 -0
    outer loop
      vertex 109.494 4.87823 20
      vertex 109.071 4.96244 46
      vertex 109.494 4.87823 46
    endloop
  endfacet
  facet normal 0.195247 0.980754 0
    outer loop
      vertex 109.071 4.96244 46
      vertex 109.494 4.87823 20
      vertex 109.071 4.96244 20
    endloop
  endfacet
  facet normal 0.555464 0.83154 -0
    outer loop
      vertex 108.275 5.29212 20
      vertex 107.916 5.53193 46
      vertex 108.275 5.29212 46
    endloop
  endfacet
  facet normal 0.555464 0.83154 0
    outer loop
      vertex 107.916 5.53193 46
      vertex 108.275 5.29212 20
      vertex 107.916 5.53193 20
    endloop
  endfacet
  facet normal -0.997894 0.0648675 0
    outer loop
      vertex 115.597 7.71926 20
      vertex 115.625 8.15 46
      vertex 115.625 8.15 20
    endloop
  endfacet
  facet normal -0.997894 0.0648675 0
    outer loop
      vertex 115.625 8.15 46
      vertex 115.597 7.71926 20
      vertex 115.597 7.71926 46
    endloop
  endfacet
  facet normal -0.946757 0.321948 0
    outer loop
      vertex 115.374 6.88714 20
      vertex 115.513 7.2959 46
      vertex 115.513 7.2959 20
    endloop
  endfacet
  facet normal -0.946757 0.321948 0
    outer loop
      vertex 115.513 7.2959 46
      vertex 115.374 6.88714 20
      vertex 115.374 6.88714 46
    endloop
  endfacet
  facet normal 0.442387 -0.896824 0
    outer loop
      vertex 108.275 11.0079 20
      vertex 108.662 11.1988 46
      vertex 108.275 11.0079 46
    endloop
  endfacet
  facet normal 0.442387 -0.896824 0
    outer loop
      vertex 108.662 11.1988 46
      vertex 108.275 11.0079 20
      vertex 108.662 11.1988 20
    endloop
  endfacet
  facet normal 0 1 -0
    outer loop
      vertex 112.325 4.85 20
      vertex 109.925 4.85 46
      vertex 112.325 4.85 46
    endloop
  endfacet
  facet normal 0 1 0
    outer loop
      vertex 109.925 4.85 46
      vertex 112.325 4.85 20
      vertex 109.925 4.85 20
    endloop
  endfacet
  facet normal -0 0 1
    outer loop
      vertex 115.488 8.56501 20
      vertex 115.625 8.15 20
      vertex 115.597 8.58074 20
    endloop
  endfacet
  facet normal 0 0 1
    outer loop
      vertex 115.488 7.73499 20
      vertex 115.625 8.15 20
      vertex 115.515 8.15 20
    endloop
  endfacet
  facet normal 0 0 1
    outer loop
      vertex 115.488 8.56774 20
      vertex 115.597 8.58074 20
      vertex 115.513 9.0041 20
    endloop
  endfacet
  facet normal 0 0 1
    outer loop
      vertex 115.625 8.15 20
      vertex 115.488 8.56501 20
      vertex 115.515 8.15 20
    endloop
  endfacet
  facet normal 0 0 1
    outer loop
      vertex 115.597 8.58074 20
      vertex 115.488 8.56639 20
      vertex 115.488 8.56501 20
    endloop
  endfacet
  facet normal 0 0 1
    outer loop
      vertex 115.597 8.58074 20
      vertex 115.488 8.56774 20
      vertex 115.488 8.56639 20
    endloop
  endfacet
  facet normal 0 0 1
    outer loop
      vertex 115.513 9.0041 20
      vertex 115.406 8.97565 20
      vertex 115.488 8.56774 20
    endloop
  endfacet
  facet normal -0 0 1
    outer loop
      vertex 115.273 9.36947 20
      vertex 115.513 9.0041 20
      vertex 115.374 9.41286 20
    endloop
  endfacet
  facet normal 0 0 1
    outer loop
      vertex 115.513 9.0041 20
      vertex 115.273 9.36947 20
      vertex 115.406 8.97565 20
    endloop
  endfacet
  facet normal 0 0 1
    outer loop
      vertex 115.374 9.41286 20
      vertex 115.272 9.37078 20
      vertex 115.273 9.36947 20
    endloop
  endfacet
  facet normal -0 0 1
    outer loop
      vertex 115.088 9.74379 20
      vertex 115.374 9.41286 20
      vertex 115.183 9.8 20
    endloop
  endfacet
  facet normal 0 0 1
    outer loop
      vertex 115.374 9.41286 20
      vertex 115.088 9.74379 20
      vertex 115.272 9.37078 20
    endloop
  endfacet
  facet normal 0 0 1
    outer loop
      vertex 115.183 9.8 20
      vertex 115.088 9.74503 20
      vertex 115.088 9.74379 20
    endloop
  endfacet
  facet normal 0 0 1
    outer loop
      vertex 115.183 9.8 20
      vertex 115.087 9.74618 20
      vertex 115.088 9.74503 20
    endloop
  endfacet
  facet normal 0 0 1
    outer loop
      vertex 114.943 10.1589 20
      vertex 115.087 9.74618 20
      vertex 115.183 9.8 20
    endloop
  endfacet
  facet normal 0 0 1
    outer loop
      vertex 114.943 10.1589 20
      vertex 114.856 10.092 20
      vertex 115.087 9.74618 20
    endloop
  endfacet
  facet normal 0 0 1
    outer loop
      vertex 114.943 10.1589 20
      vertex 114.855 10.093 20
      vertex 114.856 10.092 20
    endloop
  endfacet
  facet normal 0 0 1
    outer loop
      vertex 114.658 10.4835 20
      vertex 114.855 10.093 20
      vertex 114.943 10.1589 20
    endloop
  endfacet
  facet normal 0 0 1
    outer loop
      vertex 114.658 10.4835 20
      vertex 114.581 10.4057 20
      vertex 114.855 10.093 20
    endloop
  endfacet
  facet normal -0 0 1
    outer loop
      vertex 114.268 10.6799 20
      vertex 114.658 10.4835 20
      vertex 114.334 10.7681 20
    endloop
  endfacet
  facet normal 0 0 1
    outer loop
      vertex 114.658 10.4835 20
      vertex 114.268 10.6799 20
      vertex 114.581 10.4057 20
    endloop
  endfacet
  facet normal 0 0 1
    outer loop
      vertex 114.334 10.7681 20
      vertex 114.267 10.6808 20
      vertex 114.268 10.6799 20
    endloop
  endfacet
  facet normal 0 0 1
    outer loop
      vertex 114.334 10.7681 20
      vertex 114.266 10.6816 20
      vertex 114.267 10.6808 20
    endloop
  endfacet
  facet normal 0 0 1
    outer loop
      vertex 113.975 11.0079 20
      vertex 114.266 10.6816 20
      vertex 114.334 10.7681 20
    endloop
  endfacet
  facet normal 0 0 1
    outer loop
      vertex 113.975 11.0079 20
      vertex 113.92 10.9127 20
      vertex 114.266 10.6816 20
    endloop
  endfacet
  facet normal -0 0 1
    outer loop
      vertex 113.547 11.0966 20
      vertex 113.975 11.0079 20
      vertex 113.588 11.1988 20
    endloop
  endfacet
  facet normal 0 0 1
    outer loop
      vertex 113.975 11.0079 20
      vertex 113.547 11.0966 20
      vertex 113.92 10.9127 20
    endloop
  endfacet
  facet normal 0 0 1
    outer loop
      vertex 113.588 11.1988 20
      vertex 113.546 11.0972 20
      vertex 113.547 11.0966 20
    endloop
  endfacet
  facet normal 0 0 1
    outer loop
      vertex 113.588 11.1988 20
      vertex 113.544 11.0977 20
      vertex 113.546 11.0972 20
    endloop
  endfacet
  facet normal 0 0 1
    outer loop
      vertex 113.179 11.3376 20
      vertex 113.544 11.0977 20
      vertex 113.588 11.1988 20
    endloop
  endfacet
  facet normal 0 0 1
    outer loop
      vertex 113.179 11.3376 20
      vertex 113.151 11.2314 20
      vertex 113.544 11.0977 20
    endloop
  endfacet
  facet normal 0 0 1
    outer loop
      vertex 113.179 11.3376 20
      vertex 113.149 11.2316 20
      vertex 113.151 11.2314 20
    endloop
  endfacet
  facet normal 0 0 1
    outer loop
      vertex 112.756 11.4218 20
      vertex 113.149 11.2316 20
      vertex 113.179 11.3376 20
    endloop
  endfacet
  facet normal 0 0 1
    outer loop
      vertex 112.756 11.4218 20
      vertex 112.741 11.3128 20
      vertex 113.149 11.2316 20
    endloop
  endfacet
  facet normal 0 0 1
    outer loop
      vertex 112.756 11.4218 20
      vertex 112.326 11.34 20
      vertex 112.741 11.3128 20
    endloop
  endfacet
  facet normal 0 0 1
    outer loop
      vertex 112.325 11.45 20
      vertex 112.326 11.34 20
      vertex 112.756 11.4218 20
    endloop
  endfacet
  facet normal 0 0 1
    outer loop
      vertex 112.325 11.45 20
      vertex 112.325 11.3401 20
      vertex 112.326 11.34 20
    endloop
  endfacet
  facet normal -0 0 1
    outer loop
      vertex 109.925 11.45 20
      vertex 112.325 11.3401 20
      vertex 112.325 11.45 20
    endloop
  endfacet
  facet normal 0 0 1
    outer loop
      vertex 109.925 11.45 20
      vertex 109.925 11.3401 20
      vertex 112.325 11.3401 20
    endloop
  endfacet
  facet normal 0 0 1
    outer loop
      vertex 109.925 11.45 20
      vertex 109.924 11.34 20
      vertex 109.925 11.3401 20
    endloop
  endfacet
  facet normal -0 0 1
    outer loop
      vertex 109.494 11.4218 20
      vertex 109.924 11.34 20
      vertex 109.925 11.45 20
    endloop
  endfacet
  facet normal 0 0 1
    outer loop
      vertex 109.924 11.34 20
      vertex 109.494 11.4218 20
      vertex 109.509 11.3128 20
    endloop
  endfacet
  facet normal 0 0 1
    outer loop
      vertex 109.494 11.4218 20
      vertex 109.101 11.2316 20
      vertex 109.509 11.3128 20
    endloop
  endfacet
  facet normal -0 0 1
    outer loop
      vertex 109.071 11.3376 20
      vertex 109.101 11.2316 20
      vertex 109.494 11.4218 20
    endloop
  endfacet
  facet normal 0 0 1
    outer loop
      vertex 109.101 11.2316 20
      vertex 109.071 11.3376 20
      vertex 109.099 11.2314 20
    endloop
  endfacet
  facet normal 0 0 1
    outer loop
      vertex 109.071 11.3376 20
      vertex 108.706 11.0977 20
      vertex 109.099 11.2314 20
    endloop
  endfacet
  facet normal -0 0 1
    outer loop
      vertex 108.662 11.1988 20
      vertex 108.706 11.0977 20
      vertex 109.071 11.3376 20
    endloop
  endfacet
  facet normal 0 0 1
    outer loop
      vertex 108.706 11.0977 20
      vertex 108.662 11.1988 20
      vertex 108.704 11.0972 20
    endloop
  endfacet
  facet normal 0 0 1
    outer loop
      vertex 108.704 11.0972 20
      vertex 108.662 11.1988 20
      vertex 108.703 11.0966 20
    endloop
  endfacet
  facet normal 0 0 1
    outer loop
      vertex 108.275 11.0079 20
      vertex 108.703 11.0966 20
      vertex 108.662 11.1988 20
    endloop
  endfacet
  facet normal 0 0 1
    outer loop
      vertex 108.703 11.0966 20
      vertex 108.275 11.0079 20
      vertex 108.33 10.9127 20
    endloop
  endfacet
  facet normal 0 0 1
    outer loop
      vertex 108.275 11.0079 20
      vertex 107.984 10.6816 20
      vertex 108.33 10.9127 20
    endloop
  endfacet
  facet normal -0 0 1
    outer loop
      vertex 107.916 10.7681 20
      vertex 107.984 10.6816 20
      vertex 108.275 11.0079 20
    endloop
  endfacet
  facet normal 0 0 1
    outer loop
      vertex 107.984 10.6816 20
      vertex 107.916 10.7681 20
      vertex 107.983 10.6808 20
    endloop
  endfacet
  facet normal 0 0 1
    outer loop
      vertex 107.983 10.6808 20
      vertex 107.916 10.7681 20
      vertex 107.982 10.6799 20
    endloop
  endfacet
  facet normal 0 0 1
    outer loop
      vertex 107.592 10.4835 20
      vertex 107.982 10.6799 20
      vertex 107.916 10.7681 20
    endloop
  endfacet
  facet normal 0 0 1
    outer loop
      vertex 107.982 10.6799 20
      vertex 107.592 10.4835 20
      vertex 107.669 10.4057 20
    endloop
  endfacet
  facet normal 0 0 1
    outer loop
      vertex 107.592 10.4835 20
      vertex 107.395 10.093 20
      vertex 107.669 10.4057 20
    endloop
  endfacet
  facet normal -0 0 1
    outer loop
      vertex 107.307 10.1589 20
      vertex 107.395 10.093 20
      vertex 107.592 10.4835 20
    endloop
  endfacet
  facet normal 0 0 1
    outer loop
      vertex 107.395 10.093 20
      vertex 107.307 10.1589 20
      vertex 107.394 10.092 20
    endloop
  endfacet
  facet normal 0 0 1
    outer loop
      vertex 107.307 10.1589 20
      vertex 107.163 9.74618 20
      vertex 107.394 10.092 20
    endloop
  endfacet
  facet normal -0 0 1
    outer loop
      vertex 107.067 9.8 20
      vertex 107.163 9.74618 20
      vertex 107.307 10.1589 20
    endloop
  endfacet
  facet normal 0 0 1
    outer loop
      vertex 107.163 9.74618 20
      vertex 107.067 9.8 20
      vertex 107.162 9.74503 20
    endloop
  endfacet
  facet normal 0 0 1
    outer loop
      vertex 107.162 9.74503 20
      vertex 107.067 9.8 20
      vertex 107.162 9.74379 20
    endloop
  endfacet
  facet normal 0 0 1
    outer loop
      vertex 106.876 9.41286 20
      vertex 107.162 9.74379 20
      vertex 107.067 9.8 20
    endloop
  endfacet
  facet normal 0 0 1
    outer loop
      vertex 107.162 9.74379 20
      vertex 106.876 9.41286 20
      vertex 106.978 9.37078 20
    endloop
  endfacet
  facet normal 0 0 1
    outer loop
      vertex 106.978 9.37078 20
      vertex 106.876 9.41286 20
      vertex 106.977 9.36947 20
    endloop
  endfacet
  facet normal 0 0 1
    outer loop
      vertex 106.737 9.0041 20
      vertex 106.977 9.36947 20
      vertex 106.876 9.41286 20
    endloop
  endfacet
  facet normal 0 0 1
    outer loop
      vertex 106.977 9.36947 20
      vertex 106.737 9.0041 20
      vertex 106.844 8.97565 20
    endloop
  endfacet
  facet normal 0 0 1
    outer loop
      vertex 106.844 8.97565 20
      vertex 106.737 9.0041 20
      vertex 106.762 8.56774 20
    endloop
  endfacet
  facet normal -0 0 1
    outer loop
      vertex 106.653 8.58074 20
      vertex 106.762 8.56774 20
      vertex 106.737 9.0041 20
    endloop
  endfacet
  facet normal 0 0 1
    outer loop
      vertex 106.762 8.56774 20
      vertex 106.653 8.58074 20
      vertex 106.762 8.56639 20
    endloop
  endfacet
  facet normal 0 0 1
    outer loop
      vertex 106.762 8.56639 20
      vertex 106.653 8.58074 20
      vertex 106.762 8.56501 20
    endloop
  endfacet
  facet normal 0 0 1
    outer loop
      vertex 106.625 8.15 20
      vertex 106.762 8.56501 20
      vertex 106.653 8.58074 20
    endloop
  endfacet
  facet normal 0 0 1
    outer loop
      vertex 115.625 8.15 20
      vertex 115.488 7.73499 20
      vertex 115.597 7.71926 20
    endloop
  endfacet
  facet normal -0 0 1
    outer loop
      vertex 115.488 7.73361 20
      vertex 115.597 7.71926 20
      vertex 115.488 7.73499 20
    endloop
  endfacet
  facet normal -0 0 1
    outer loop
      vertex 115.488 7.73226 20
      vertex 115.597 7.71926 20
      vertex 115.488 7.73361 20
    endloop
  endfacet
  facet normal 0 0 1
    outer loop
      vertex 115.597 7.71926 20
      vertex 115.488 7.73226 20
      vertex 115.513 7.2959 20
    endloop
  endfacet
  facet normal -0 0 1
    outer loop
      vertex 115.406 7.32435 20
      vertex 115.513 7.2959 20
      vertex 115.488 7.73226 20
    endloop
  endfacet
  facet normal 0 0 1
    outer loop
      vertex 115.273 6.93052 20
      vertex 115.513 7.2959 20
      vertex 115.406 7.32435 20
    endloop
  endfacet
  facet normal 0 0 1
    outer loop
      vertex 115.513 7.2959 20
      vertex 115.273 6.93052 20
      vertex 115.374 6.88714 20
    endloop
  endfacet
  facet normal -0 0 1
    outer loop
      vertex 115.272 6.92921 20
      vertex 115.374 6.88714 20
      vertex 115.273 6.93052 20
    endloop
  endfacet
  facet normal -0 0 1
    outer loop
      vertex 115.272 6.92797 20
      vertex 115.374 6.88714 20
      vertex 115.272 6.92921 20
    endloop
  endfacet
  facet normal 0 0 1
    outer loop
      vertex 115.272 6.92797 20
      vertex 115.183 6.5 20
      vertex 115.374 6.88714 20
    endloop
  endfacet
  facet normal -0 0 1
    outer loop
      vertex 115.088 6.55497 20
      vertex 115.183 6.5 20
      vertex 115.272 6.92797 20
    endloop
  endfacet
  facet normal -0 0 1
    outer loop
      vertex 115.087 6.55382 20
      vertex 115.183 6.5 20
      vertex 115.088 6.55497 20
    endloop
  endfacet
  facet normal 0 0 1
    outer loop
      vertex 115.087 6.55382 20
      vertex 114.943 6.14109 20
      vertex 115.183 6.5 20
    endloop
  endfacet
  facet normal -0 0 1
    outer loop
      vertex 114.856 6.20801 20
      vertex 114.943 6.14109 20
      vertex 115.087 6.55382 20
    endloop
  endfacet
  facet normal -0 0 1
    outer loop
      vertex 114.855 6.20697 20
      vertex 114.943 6.14109 20
      vertex 114.856 6.20801 20
    endloop
  endfacet
  facet normal 0 0 1
    outer loop
      vertex 114.855 6.20697 20
      vertex 114.658 5.81655 20
      vertex 114.943 6.14109 20
    endloop
  endfacet
  facet normal -0 0 1
    outer loop
      vertex 114.581 5.89428 20
      vertex 114.658 5.81655 20
      vertex 114.855 6.20697 20
    endloop
  endfacet
  facet normal -0 0 1
    outer loop
      vertex 114.58 5.89337 20
      vertex 114.658 5.81655 20
      vertex 114.581 5.89428 20
    endloop
  endfacet
  facet normal 0 0 1
    outer loop
      vertex 114.58 5.89337 20
      vertex 114.334 5.53193 20
      vertex 114.658 5.81655 20
    endloop
  endfacet
  facet normal -0 0 1
    outer loop
      vertex 114.267 5.61915 20
      vertex 114.334 5.53193 20
      vertex 114.58 5.89337 20
    endloop
  endfacet
  facet normal 0 0 1
    outer loop
      vertex 113.921 5.38809 20
      vertex 114.334 5.53193 20
      vertex 114.267 5.61915 20
    endloop
  endfacet
  facet normal 0 0 1
    outer loop
      vertex 114.334 5.53193 20
      vertex 113.921 5.38809 20
      vertex 113.975 5.29212 20
    endloop
  endfacet
  facet normal -0 0 1
    outer loop
      vertex 113.92 5.38732 20
      vertex 113.975 5.29212 20
      vertex 113.921 5.38809 20
    endloop
  endfacet
  facet normal -0 0 1
    outer loop
      vertex 113.919 5.38671 20
      vertex 113.975 5.29212 20
      vertex 113.92 5.38732 20
    endloop
  endfacet
  facet normal 0 0 1
    outer loop
      vertex 113.919 5.38671 20
      vertex 113.588 5.1012 20
      vertex 113.975 5.29212 20
    endloop
  endfacet
  facet normal -0 0 1
    outer loop
      vertex 113.546 5.20276 20
      vertex 113.588 5.1012 20
      vertex 113.919 5.38671 20
    endloop
  endfacet
  facet normal 0 0 1
    outer loop
      vertex 113.152 5.06908 20
      vertex 113.588 5.1012 20
      vertex 113.546 5.20276 20
    endloop
  endfacet
  facet normal 0 0 1
    outer loop
      vertex 113.588 5.1012 20
      vertex 113.152 5.06908 20
      vertex 113.179 4.96244 20
    endloop
  endfacet
  facet normal -0 0 1
    outer loop
      vertex 113.151 5.06863 20
      vertex 113.179 4.96244 20
      vertex 113.152 5.06908 20
    endloop
  endfacet
  facet normal -0 0 1
    outer loop
      vertex 113.149 5.06836 20
      vertex 113.179 4.96244 20
      vertex 113.151 5.06863 20
    endloop
  endfacet
  facet normal 0 0 1
    outer loop
      vertex 113.149 5.06836 20
      vertex 112.756 4.87823 20
      vertex 113.179 4.96244 20
    endloop
  endfacet
  facet normal -0 0 1
    outer loop
      vertex 112.741 4.98723 20
      vertex 112.756 4.87823 20
      vertex 113.149 5.06836 20
    endloop
  endfacet
  facet normal -0 0 1
    outer loop
      vertex 112.326 4.96003 20
      vertex 112.756 4.87823 20
      vertex 112.741 4.98723 20
    endloop
  endfacet
  facet normal 0 0 1
    outer loop
      vertex 112.325 4.85 20
      vertex 112.326 4.96003 20
      vertex 112.325 4.95994 20
    endloop
  endfacet
  facet normal 0 0 1
    outer loop
      vertex 112.326 4.96003 20
      vertex 112.325 4.85 20
      vertex 112.756 4.87823 20
    endloop
  endfacet
  facet normal -0 0 1
    outer loop
      vertex 109.925 4.95994 20
      vertex 112.325 4.85 20
      vertex 112.325 4.95994 20
    endloop
  endfacet
  facet normal 0 0 1
    outer loop
      vertex 109.925 4.95994 20
      vertex 109.925 4.85 20
      vertex 112.325 4.85 20
    endloop
  endfacet
  facet normal 0 0 1
    outer loop
      vertex 109.924 4.96003 20
      vertex 109.925 4.85 20
      vertex 109.925 4.95994 20
    endloop
  endfacet
  facet normal 0 0 1
    outer loop
      vertex 109.494 4.87823 20
      vertex 109.924 4.96003 20
      vertex 109.509 4.98723 20
    endloop
  endfacet
  facet normal 0 0 1
    outer loop
      vertex 109.924 4.96003 20
      vertex 109.494 4.87823 20
      vertex 109.925 4.85 20
    endloop
  endfacet
  facet normal 0 0 1
    outer loop
      vertex 109.101 5.06836 20
      vertex 109.494 4.87823 20
      vertex 109.509 4.98723 20
    endloop
  endfacet
  facet normal 0 0 1
    outer loop
      vertex 109.071 4.96244 20
      vertex 109.101 5.06836 20
      vertex 109.099 5.06863 20
    endloop
  endfacet
  facet normal 0 0 1
    outer loop
      vertex 109.071 4.96244 20
      vertex 109.099 5.06863 20
      vertex 109.098 5.06908 20
    endloop
  endfacet
  facet normal 0 0 1
    outer loop
      vertex 109.101 5.06836 20
      vertex 109.071 4.96244 20
      vertex 109.494 4.87823 20
    endloop
  endfacet
  facet normal -0 0 1
    outer loop
      vertex 108.662 5.1012 20
      vertex 109.098 5.06908 20
      vertex 108.704 5.20276 20
    endloop
  endfacet
  facet normal 0 0 1
    outer loop
      vertex 109.098 5.06908 20
      vertex 108.662 5.1012 20
      vertex 109.071 4.96244 20
    endloop
  endfacet
  facet normal 0 0 1
    outer loop
      vertex 108.331 5.38671 20
      vertex 108.662 5.1012 20
      vertex 108.704 5.20276 20
    endloop
  endfacet
  facet normal 0 0 1
    outer loop
      vertex 108.275 5.29212 20
      vertex 108.331 5.38671 20
      vertex 108.33 5.38732 20
    endloop
  endfacet
  facet normal 0 0 1
    outer loop
      vertex 108.275 5.29212 20
      vertex 108.33 5.38732 20
      vertex 108.329 5.38809 20
    endloop
  endfacet
  facet normal 0 0 1
    outer loop
      vertex 108.331 5.38671 20
      vertex 108.275 5.29212 20
      vertex 108.662 5.1012 20
    endloop
  endfacet
  facet normal -0 0 1
    outer loop
      vertex 107.916 5.53193 20
      vertex 108.329 5.38809 20
      vertex 107.983 5.61915 20
    endloop
  endfacet
  facet normal 0 0 1
    outer loop
      vertex 108.329 5.38809 20
      vertex 107.916 5.53193 20
      vertex 108.275 5.29212 20
    endloop
  endfacet
  facet normal 0 0 1
    outer loop
      vertex 107.67 5.89337 20
      vertex 107.916 5.53193 20
      vertex 107.983 5.61915 20
    endloop
  endfacet
  facet normal 0 0 1
    outer loop
      vertex 107.592 5.81655 20
      vertex 107.67 5.89337 20
      vertex 107.669 5.89428 20
    endloop
  endfacet
  facet normal 0 0 1
    outer loop
      vertex 107.67 5.89337 20
      vertex 107.592 5.81655 20
      vertex 107.916 5.53193 20
    endloop
  endfacet
  facet normal 0 0 1
    outer loop
      vertex 107.395 6.20697 20
      vertex 107.592 5.81655 20
      vertex 107.669 5.89428 20
    endloop
  endfacet
  facet normal 0 0 1
    outer loop
      vertex 107.307 6.14109 20
      vertex 107.395 6.20697 20
      vertex 107.394 6.20801 20
    endloop
  endfacet
  facet normal 0 0 1
    outer loop
      vertex 107.395 6.20697 20
      vertex 107.307 6.14109 20
      vertex 107.592 5.81655 20
    endloop
  endfacet
  facet normal 0 0 1
    outer loop
      vertex 107.163 6.55382 20
      vertex 107.307 6.14109 20
      vertex 107.394 6.20801 20
    endloop
  endfacet
  facet normal 0 0 1
    outer loop
      vertex 107.067 6.5 20
      vertex 107.163 6.55382 20
      vertex 107.162 6.55497 20
    endloop
  endfacet
  facet normal 0 0 1
    outer loop
      vertex 107.163 6.55382 20
      vertex 107.067 6.5 20
      vertex 107.307 6.14109 20
    endloop
  endfacet
  facet normal 0 0 1
    outer loop
      vertex 106.978 6.92797 20
      vertex 107.067 6.5 20
      vertex 107.162 6.55497 20
    endloop
  endfacet
  facet normal 0 0 1
    outer loop
      vertex 106.876 6.88714 20
      vertex 106.978 6.92797 20
      vertex 106.978 6.92921 20
    endloop
  endfacet
  facet normal 0 0 1
    outer loop
      vertex 106.876 6.88714 20
      vertex 106.978 6.92921 20
      vertex 106.977 6.93052 20
    endloop
  endfacet
  facet normal 0 0 1
    outer loop
      vertex 106.978 6.92797 20
      vertex 106.876 6.88714 20
      vertex 107.067 6.5 20
    endloop
  endfacet
  facet normal -0 0 1
    outer loop
      vertex 106.737 7.2959 20
      vertex 106.977 6.93052 20
      vertex 106.844 7.32435 20
    endloop
  endfacet
  facet normal 0 0 1
    outer loop
      vertex 106.737 7.2959 20
      vertex 106.844 7.32435 20
      vertex 106.762 7.73226 20
    endloop
  endfacet
  facet normal 0 0 1
    outer loop
      vertex 106.653 7.71926 20
      vertex 106.762 7.73226 20
      vertex 106.762 7.73361 20
    endloop
  endfacet
  facet normal 0 0 1
    outer loop
      vertex 106.977 6.93052 20
      vertex 106.737 7.2959 20
      vertex 106.876 6.88714 20
    endloop
  endfacet
  facet normal 0 0 1
    outer loop
      vertex 106.653 7.71926 20
      vertex 106.762 7.73361 20
      vertex 106.762 7.73499 20
    endloop
  endfacet
  facet normal -0 0 1
    outer loop
      vertex 106.625 8.15 20
      vertex 106.762 7.73499 20
      vertex 106.735 8.15 20
    endloop
  endfacet
  facet normal 0 0 1
    outer loop
      vertex 106.762 8.56501 20
      vertex 106.625 8.15 20
      vertex 106.735 8.15 20
    endloop
  endfacet
  facet normal 0 0 1
    outer loop
      vertex 106.762 7.73226 20
      vertex 106.653 7.71926 20
      vertex 106.737 7.2959 20
    endloop
  endfacet
  facet normal 0 0 1
    outer loop
      vertex 106.762 7.73499 20
      vertex 106.625 8.15 20
      vertex 106.653 7.71926 20
    endloop
  endfacet
  facet normal -0.751397 0.659851 0
    outer loop
      vertex 114.658 5.81655 20
      vertex 114.943 6.14109 46
      vertex 114.943 6.14109 20
    endloop
  endfacet
  facet normal -0.751397 0.659851 0
    outer loop
      vertex 114.943 6.14109 46
      vertex 114.658 5.81655 20
      vertex 114.658 5.81655 46
    endloop
  endfacet
  facet normal 0.831273 0.555865 0
    outer loop
      vertex 107.307 6.14109 46
      vertex 107.067 6.5 20
      vertex 107.067 6.5 46
    endloop
  endfacet
  facet normal 0.831273 0.555865 0
    outer loop
      vertex 107.067 6.5 20
      vertex 107.307 6.14109 46
      vertex 107.307 6.14109 20
    endloop
  endfacet
  facet normal 0.0653588 0.997862 -0
    outer loop
      vertex 109.925 4.85 20
      vertex 109.494 4.87823 46
      vertex 109.925 4.85 46
    endloop
  endfacet
  facet normal 0.0653588 0.997862 0
    outer loop
      vertex 109.494 4.87823 46
      vertex 109.925 4.85 20
      vertex 109.494 4.87823 20
    endloop
  endfacet
  facet normal -0.896796 -0.442445 0
    outer loop
      vertex 115.374 9.41286 20
      vertex 115.183 9.8 46
      vertex 115.183 9.8 20
    endloop
  endfacet
  facet normal -0.896796 -0.442445 0
    outer loop
      vertex 115.183 9.8 46
      vertex 115.374 9.41286 20
      vertex 115.374 9.41286 46
    endloop
  endfacet
  facet normal -0.442424 0.896806 0
    outer loop
      vertex 113.975 5.29212 20
      vertex 113.588 5.1012 46
      vertex 113.975 5.29212 46
    endloop
  endfacet
  facet normal -0.442424 0.896806 0
    outer loop
      vertex 113.588 5.1012 46
      vertex 113.975 5.29212 20
      vertex 113.588 5.1012 20
    endloop
  endfacet
  facet normal -0.946757 -0.321948 0
    outer loop
      vertex 115.513 9.0041 20
      vertex 115.374 9.41286 46
      vertex 115.374 9.41286 20
    endloop
  endfacet
  facet normal -0.946757 -0.321948 0
    outer loop
      vertex 115.374 9.41286 46
      vertex 115.513 9.0041 20
      vertex 115.513 9.0041 46
    endloop
  endfacet
  facet normal -0.195224 -0.980759 0
    outer loop
      vertex 112.756 11.4218 20
      vertex 113.179 11.3376 46
      vertex 112.756 11.4218 46
    endloop
  endfacet
  facet normal -0.195224 -0.980759 -0
    outer loop
      vertex 113.179 11.3376 46
      vertex 112.756 11.4218 20
      vertex 113.179 11.3376 20
    endloop
  endfacet
  facet normal -0.0653588 0.997862 0
    outer loop
      vertex 112.756 4.87823 20
      vertex 112.325 4.85 46
      vertex 112.756 4.87823 46
    endloop
  endfacet
  facet normal -0.0653588 0.997862 0
    outer loop
      vertex 112.325 4.85 46
      vertex 112.756 4.87823 20
      vertex 112.325 4.85 20
    endloop
  endfacet
  facet normal 0.195224 -0.980759 0
    outer loop
      vertex 109.071 11.3376 20
      vertex 109.494 11.4218 46
      vertex 109.071 11.3376 46
    endloop
  endfacet
  facet normal 0.195224 -0.980759 0
    outer loop
      vertex 109.494 11.4218 46
      vertex 109.071 11.3376 20
      vertex 109.494 11.4218 20
    endloop
  endfacet
  facet normal 0.946757 0.321948 0
    outer loop
      vertex 106.876 6.88714 46
      vertex 106.737 7.2959 20
      vertex 106.737 7.2959 46
    endloop
  endfacet
  facet normal 0.946757 0.321948 0
    outer loop
      vertex 106.737 7.2959 20
      vertex 106.876 6.88714 46
      vertex 106.876 6.88714 20
    endloop
  endfacet
  facet normal -0.980879 -0.194619 0
    outer loop
      vertex 115.597 8.58074 20
      vertex 115.513 9.0041 46
      vertex 115.513 9.0041 20
    endloop
  endfacet
  facet normal -0.980879 -0.194619 0
    outer loop
      vertex 115.513 9.0041 46
      vertex 115.597 8.58074 20
      vertex 115.597 8.58074 46
    endloop
  endfacet
  facet normal 0.321363 -0.946956 0
    outer loop
      vertex 108.662 11.1988 20
      vertex 109.071 11.3376 46
      vertex 108.662 11.1988 46
    endloop
  endfacet
  facet normal 0.321363 -0.946956 0
    outer loop
      vertex 109.071 11.3376 46
      vertex 108.662 11.1988 20
      vertex 109.071 11.3376 20
    endloop
  endfacet
  facet normal 0.751397 0.659851 0
    outer loop
      vertex 107.592 5.81655 46
      vertex 107.307 6.14109 20
      vertex 107.307 6.14109 46
    endloop
  endfacet
  facet normal 0.751397 0.659851 0
    outer loop
      vertex 107.307 6.14109 20
      vertex 107.592 5.81655 46
      vertex 107.592 5.81655 20
    endloop
  endfacet
  facet normal -0.831273 0.555865 0
    outer loop
      vertex 114.943 6.14109 20
      vertex 115.183 6.5 46
      vertex 115.183 6.5 20
    endloop
  endfacet
  facet normal -0.831273 0.555865 0
    outer loop
      vertex 115.183 6.5 46
      vertex 114.943 6.14109 20
      vertex 114.943 6.14109 46
    endloop
  endfacet
  facet normal 0.555448 -0.831551 0
    outer loop
      vertex 107.916 10.7681 20
      vertex 108.275 11.0079 46
      vertex 107.916 10.7681 46
    endloop
  endfacet
  facet normal 0.555448 -0.831551 0
    outer loop
      vertex 108.275 11.0079 46
      vertex 107.916 10.7681 20
      vertex 108.275 11.0079 20
    endloop
  endfacet
  facet normal -0.659974 0.751288 0
    outer loop
      vertex 114.658 5.81655 20
      vertex 114.334 5.53193 46
      vertex 114.658 5.81655 46
    endloop
  endfacet
  facet normal -0.659974 0.751288 0
    outer loop
      vertex 114.334 5.53193 46
      vertex 114.658 5.81655 20
      vertex 114.334 5.53193 20
    endloop
  endfacet
  facet normal 0 -1 0
    outer loop
      vertex 109.925 11.45 20
      vertex 112.325 11.45 46
      vertex 109.925 11.45 46
    endloop
  endfacet
  facet normal 0 -1 -0
    outer loop
      vertex 112.325 11.45 46
      vertex 109.925 11.45 20
      vertex 112.325 11.45 20
    endloop
  endfacet
  facet normal -0.555464 0.83154 0
    outer loop
      vertex 114.334 5.53193 20
      vertex 113.975 5.29212 46
      vertex 114.334 5.53193 46
    endloop
  endfacet
  facet normal -0.555464 0.83154 0
    outer loop
      vertex 113.975 5.29212 46
      vertex 114.334 5.53193 20
      vertex 113.975 5.29212 20
    endloop
  endfacet
  facet normal -0.980879 0.194619 0
    outer loop
      vertex 115.513 7.2959 20
      vertex 115.597 7.71926 46
      vertex 115.597 7.71926 20
    endloop
  endfacet
  facet normal -0.980879 0.194619 0
    outer loop
      vertex 115.597 7.71926 46
      vertex 115.513 7.2959 20
      vertex 115.513 7.2959 46
    endloop
  endfacet
  facet normal -0.997894 -0.0648675 0
    outer loop
      vertex 115.625 8.15 20
      vertex 115.597 8.58074 46
      vertex 115.597 8.58074 20
    endloop
  endfacet
  facet normal -0.997894 -0.0648675 0
    outer loop
      vertex 115.597 8.58074 46
      vertex 115.625 8.15 20
      vertex 115.625 8.15 46
    endloop
  endfacet
  facet normal -0.442387 -0.896824 0
    outer loop
      vertex 113.588 11.1988 20
      vertex 113.975 11.0079 46
      vertex 113.588 11.1988 46
    endloop
  endfacet
  facet normal -0.442387 -0.896824 -0
    outer loop
      vertex 113.975 11.0079 46
      vertex 113.588 11.1988 20
      vertex 113.975 11.0079 20
    endloop
  endfacet
  facet normal -0.896796 0.442445 0
    outer loop
      vertex 115.183 6.5 20
      vertex 115.374 6.88714 46
      vertex 115.374 6.88714 20
    endloop
  endfacet
  facet normal -0.896796 0.442445 0
    outer loop
      vertex 115.374 6.88714 46
      vertex 115.183 6.5 20
      vertex 115.183 6.5 46
    endloop
  endfacet
  facet normal -0.32128 0.946984 0
    outer loop
      vertex 113.588 5.1012 20
      vertex 113.179 4.96244 46
      vertex 113.588 5.1012 46
    endloop
  endfacet
  facet normal -0.32128 0.946984 0
    outer loop
      vertex 113.179 4.96244 46
      vertex 113.588 5.1012 20
      vertex 113.179 4.96244 20
    endloop
  endfacet
  facet normal 0.0652896 -0.997866 0
    outer loop
      vertex 109.494 11.4218 20
      vertex 109.925 11.45 46
      vertex 109.494 11.4218 46
    endloop
  endfacet
  facet normal 0.0652896 -0.997866 0
    outer loop
      vertex 109.925 11.45 46
      vertex 109.494 11.4218 20
      vertex 109.925 11.45 20
    endloop
  endfacet
  facet normal -0.195247 0.980754 0
    outer loop
      vertex 113.179 4.96244 20
      vertex 112.756 4.87823 46
      vertex 113.179 4.96244 46
    endloop
  endfacet
  facet normal -0.195247 0.980754 0
    outer loop
      vertex 112.756 4.87823 46
      vertex 113.179 4.96244 20
      vertex 112.756 4.87823 20
    endloop
  endfacet
  facet normal -0.751457 -0.659782 0
    outer loop
      vertex 114.943 10.1589 20
      vertex 114.658 10.4835 46
      vertex 114.658 10.4835 20
    endloop
  endfacet
  facet normal -0.751457 -0.659782 0
    outer loop
      vertex 114.658 10.4835 46
      vertex 114.943 10.1589 20
      vertex 114.943 10.1589 46
    endloop
  endfacet
  facet normal 0.980879 0.194619 0
    outer loop
      vertex 106.737 7.2959 46
      vertex 106.653 7.71926 20
      vertex 106.653 7.71926 46
    endloop
  endfacet
  facet normal 0.980879 0.194619 0
    outer loop
      vertex 106.653 7.71926 20
      vertex 106.737 7.2959 46
      vertex 106.737 7.2959 20
    endloop
  endfacet
  facet normal -0.321363 -0.946956 0
    outer loop
      vertex 113.179 11.3376 20
      vertex 113.588 11.1988 46
      vertex 113.179 11.3376 46
    endloop
  endfacet
  facet normal -0.321363 -0.946956 -0
    outer loop
      vertex 113.588 11.1988 46
      vertex 113.179 11.3376 20
      vertex 113.588 11.1988 20
    endloop
  endfacet
  facet normal -0.0652896 -0.997866 0
    outer loop
      vertex 112.325 11.45 20
      vertex 112.756 11.4218 46
      vertex 112.325 11.45 46
    endloop
  endfacet
  facet normal -0.0652896 -0.997866 -0
    outer loop
      vertex 112.756 11.4218 46
      vertex 112.325 11.45 20
      vertex 112.756 11.4218 20
    endloop
  endfacet
  facet normal 0.896796 0.442445 0
    outer loop
      vertex 107.067 6.5 46
      vertex 106.876 6.88714 20
      vertex 106.876 6.88714 46
    endloop
  endfacet
  facet normal 0.896796 0.442445 0
    outer loop
      vertex 106.876 6.88714 20
      vertex 107.067 6.5 46
      vertex 107.067 6.5 20
    endloop
  endfacet
  facet normal 0.659974 0.751288 -0
    outer loop
      vertex 107.916 5.53193 20
      vertex 107.592 5.81655 46
      vertex 107.916 5.53193 46
    endloop
  endfacet
  facet normal 0.659974 0.751288 0
    outer loop
      vertex 107.592 5.81655 46
      vertex 107.916 5.53193 20
      vertex 107.592 5.81655 20
    endloop
  endfacet
  facet normal -0.555448 -0.831551 0
    outer loop
      vertex 113.975 11.0079 20
      vertex 114.334 10.7681 46
      vertex 113.975 11.0079 46
    endloop
  endfacet
  facet normal -0.555448 -0.831551 -0
    outer loop
      vertex 114.334 10.7681 46
      vertex 113.975 11.0079 20
      vertex 114.334 10.7681 20
    endloop
  endfacet
  facet normal 0.896796 -0.442445 0
    outer loop
      vertex 106.876 9.41286 46
      vertex 107.067 9.8 20
      vertex 107.067 9.8 46
    endloop
  endfacet
  facet normal 0.896796 -0.442445 0
    outer loop
      vertex 107.067 9.8 20
      vertex 106.876 9.41286 46
      vertex 106.876 9.41286 20
    endloop
  endfacet
  facet normal 0.659948 -0.751311 0
    outer loop
      vertex 107.592 10.4835 20
      vertex 107.916 10.7681 46
      vertex 107.592 10.4835 46
    endloop
  endfacet
  facet normal 0.659948 -0.751311 0
    outer loop
      vertex 107.916 10.7681 46
      vertex 107.592 10.4835 20
      vertex 107.916 10.7681 20
    endloop
  endfacet
  facet normal 0.997894 0.0648675 0
    outer loop
      vertex 106.653 7.71926 46
      vertex 106.625 8.15 20
      vertex 106.625 8.15 46
    endloop
  endfacet
  facet normal 0.997894 0.0648675 0
    outer loop
      vertex 106.625 8.15 20
      vertex 106.653 7.71926 46
      vertex 106.653 7.71926 20
    endloop
  endfacet
  facet normal 0.946757 -0.321948 0
    outer loop
      vertex 106.737 9.0041 46
      vertex 106.876 9.41286 20
      vertex 106.876 9.41286 46
    endloop
  endfacet
  facet normal 0.946757 -0.321948 0
    outer loop
      vertex 106.876 9.41286 20
      vertex 106.737 9.0041 46
      vertex 106.737 9.0041 20
    endloop
  endfacet
  facet normal 0.442424 0.896806 -0
    outer loop
      vertex 108.662 5.1012 20
      vertex 108.275 5.29212 46
      vertex 108.662 5.1012 46
    endloop
  endfacet
  facet normal 0.442424 0.896806 0
    outer loop
      vertex 108.275 5.29212 46
      vertex 108.662 5.1012 20
      vertex 108.275 5.29212 20
    endloop
  endfacet
  facet normal 0.980879 -0.194619 0
    outer loop
      vertex 106.653 8.58074 46
      vertex 106.737 9.0041 20
      vertex 106.737 9.0041 46
    endloop
  endfacet
  facet normal 0.980879 -0.194619 0
    outer loop
      vertex 106.737 9.0041 20
      vertex 106.653 8.58074 46
      vertex 106.653 8.58074 20
    endloop
  endfacet
  facet normal 0.831266 -0.555876 0
    outer loop
      vertex 107.067 9.8 46
      vertex 107.307 10.1589 20
      vertex 107.307 10.1589 46
    endloop
  endfacet
  facet normal 0.831266 -0.555876 0
    outer loop
      vertex 107.307 10.1589 20
      vertex 107.067 9.8 46
      vertex 107.067 9.8 20
    endloop
  endfacet
  facet normal 0.751457 -0.659782 0
    outer loop
      vertex 107.307 10.1589 46
      vertex 107.592 10.4835 20
      vertex 107.592 10.4835 46
    endloop
  endfacet
  facet normal 0.751457 -0.659782 0
    outer loop
      vertex 107.592 10.4835 20
      vertex 107.307 10.1589 46
      vertex 107.307 10.1589 20
    endloop
  endfacet
  facet normal -0.659948 -0.751311 0
    outer loop
      vertex 114.334 10.7681 20
      vertex 114.658 10.4835 46
      vertex 114.334 10.7681 46
    endloop
  endfacet
  facet normal -0.659948 -0.751311 -0
    outer loop
      vertex 114.658 10.4835 46
      vertex 114.334 10.7681 20
      vertex 114.658 10.4835 20
    endloop
  endfacet
  facet normal 0.32128 0.946984 -0
    outer loop
      vertex 109.071 4.96244 20
      vertex 108.662 5.1012 46
      vertex 109.071 4.96244 46
    endloop
  endfacet
  facet normal 0.32128 0.946984 0
    outer loop
      vertex 108.662 5.1012 46
      vertex 109.071 4.96244 20
      vertex 108.662 5.1012 20
    endloop
  endfacet
  facet normal -0.290259 0.956948 0
    outer loop
      vertex 15.3138 18.837 3.5
      vertex 14.9762 18.7346 8
      vertex 15.3138 18.837 8
    endloop
  endfacet
  facet normal -0.290259 0.956948 0
    outer loop
      vertex 14.9762 18.7346 8
      vertex 15.3138 18.837 3.5
      vertex 14.9762 18.7346 3.5
    endloop
  endfacet
  facet normal -0.956948 -0.290259 0
    outer loop
      vertex 16.3904 20.8512 3.5
      vertex 16.288 21.1888 8
      vertex 16.288 21.1888 3.5
    endloop
  endfacet
  facet normal -0.956948 -0.290259 0
    outer loop
      vertex 16.288 21.1888 8
      vertex 16.3904 20.8512 3.5
      vertex 16.3904 20.8512 8
    endloop
  endfacet
  facet normal -0.995182 -0.0980447 0
    outer loop
      vertex 16.425 20.5 3.5
      vertex 16.3904 20.8512 8
      vertex 16.3904 20.8512 3.5
    endloop
  endfacet
  facet normal -0.995182 -0.0980447 0
    outer loop
      vertex 16.3904 20.8512 8
      vertex 16.425 20.5 3.5
      vertex 16.425 20.5 8
    endloop
  endfacet
  facet normal -0.88185 -0.471529 0
    outer loop
      vertex 16.288 21.1888 3.5
      vertex 16.1216 21.5 8
      vertex 16.1216 21.5 3.5
    endloop
  endfacet
  facet normal -0.88185 -0.471529 0
    outer loop
      vertex 16.1216 21.5 8
      vertex 16.288 21.1888 3.5
      vertex 16.288 21.1888 8
    endloop
  endfacet
  facet normal -0.995182 0.0980447 0
    outer loop
      vertex 16.3904 20.1488 3.5
      vertex 16.425 20.5 8
      vertex 16.425 20.5 3.5
    endloop
  endfacet
  facet normal -0.995182 0.0980447 0
    outer loop
      vertex 16.425 20.5 8
      vertex 16.3904 20.1488 3.5
      vertex 16.3904 20.1488 8
    endloop
  endfacet
  facet normal 0.471529 0.88185 -0
    outer loop
      vertex 13.9362 18.837 3.5
      vertex 13.625 19.0034 8
      vertex 13.9362 18.837 8
    endloop
  endfacet
  facet normal 0.471529 0.88185 0
    outer loop
      vertex 13.625 19.0034 8
      vertex 13.9362 18.837 3.5
      vertex 13.625 19.0034 3.5
    endloop
  endfacet
  facet normal -0.634256 -0.773123 0
    outer loop
      vertex 15.625 21.9966 3.5
      vertex 15.8978 21.7728 8
      vertex 15.625 21.9966 8
    endloop
  endfacet
  facet normal -0.634256 -0.773123 -0
    outer loop
      vertex 15.8978 21.7728 8
      vertex 15.625 21.9966 3.5
      vertex 15.8978 21.7728 3.5
    endloop
  endfacet
  facet normal 0.0980447 -0.995182 0
    outer loop
      vertex 14.2738 22.2654 3.5
      vertex 14.625 22.3 8
      vertex 14.2738 22.2654 8
    endloop
  endfacet
  facet normal 0.0980447 -0.995182 0
    outer loop
      vertex 14.625 22.3 8
      vertex 14.2738 22.2654 3.5
      vertex 14.625 22.3 3.5
    endloop
  endfacet
  facet normal 0.88185 0.471529 0
    outer loop
      vertex 13.1284 19.5 8
      vertex 12.962 19.8112 3.5
      vertex 12.962 19.8112 8
    endloop
  endfacet
  facet normal 0.88185 0.471529 0
    outer loop
      vertex 12.962 19.8112 3.5
      vertex 13.1284 19.5 8
      vertex 13.1284 19.5 3.5
    endloop
  endfacet
  facet normal 0 0 1
    outer loop
      vertex 16.3904 20.8512 3.5
      vertex 16.3904 20.1488 3.5
      vertex 16.425 20.5 3.5
    endloop
  endfacet
  facet normal 0 0 1
    outer loop
      vertex 16.288 21.1888 3.5
      vertex 16.3904 20.1488 3.5
      vertex 16.3904 20.8512 3.5
    endloop
  endfacet
  facet normal 0 0 1
    outer loop
      vertex 16.288 21.1888 3.5
      vertex 16.288 19.8112 3.5
      vertex 16.3904 20.1488 3.5
    endloop
  endfacet
  facet normal 0 0 1
    outer loop
      vertex 16.1216 21.5 3.5
      vertex 16.288 19.8112 3.5
      vertex 16.288 21.1888 3.5
    endloop
  endfacet
  facet normal 0 0 1
    outer loop
      vertex 16.1216 21.5 3.5
      vertex 16.1216 19.5 3.5
      vertex 16.288 19.8112 3.5
    endloop
  endfacet
  facet normal 0 0 1
    outer loop
      vertex 15.8978 21.7728 3.5
      vertex 16.1216 19.5 3.5
      vertex 16.1216 21.5 3.5
    endloop
  endfacet
  facet normal 0 0 1
    outer loop
      vertex 15.8978 21.7728 3.5
      vertex 15.8978 19.2272 3.5
      vertex 16.1216 19.5 3.5
    endloop
  endfacet
  facet normal 0 0 1
    outer loop
      vertex 15.625 21.9966 3.5
      vertex 15.8978 19.2272 3.5
      vertex 15.8978 21.7728 3.5
    endloop
  endfacet
  facet normal 0 0 1
    outer loop
      vertex 15.625 21.9966 3.5
      vertex 15.625 19.0034 3.5
      vertex 15.8978 19.2272 3.5
    endloop
  endfacet
  facet normal 0 0 1
    outer loop
      vertex 15.3138 22.163 3.5
      vertex 15.625 19.0034 3.5
      vertex 15.625 21.9966 3.5
    endloop
  endfacet
  facet normal 0 0 1
    outer loop
      vertex 15.3138 22.163 3.5
      vertex 15.3138 18.837 3.5
      vertex 15.625 19.0034 3.5
    endloop
  endfacet
  facet normal 0 0 1
    outer loop
      vertex 14.9762 22.2654 3.5
      vertex 15.3138 18.837 3.5
      vertex 15.3138 22.163 3.5
    endloop
  endfacet
  facet normal 0 0 1
    outer loop
      vertex 14.9762 22.2654 3.5
      vertex 14.9762 18.7346 3.5
      vertex 15.3138 18.837 3.5
    endloop
  endfacet
  facet normal 0 0 1
    outer loop
      vertex 14.625 22.3 3.5
      vertex 14.9762 18.7346 3.5
      vertex 14.9762 22.2654 3.5
    endloop
  endfacet
  facet normal 0 0 1
    outer loop
      vertex 14.625 22.3 3.5
      vertex 14.625 18.7 3.5
      vertex 14.9762 18.7346 3.5
    endloop
  endfacet
  facet normal -0 0 1
    outer loop
      vertex 14.2738 22.2654 3.5
      vertex 14.625 18.7 3.5
      vertex 14.625 22.3 3.5
    endloop
  endfacet
  facet normal 0 0 1
    outer loop
      vertex 14.2738 22.2654 3.5
      vertex 14.2738 18.7346 3.5
      vertex 14.625 18.7 3.5
    endloop
  endfacet
  facet normal -0 0 1
    outer loop
      vertex 13.9362 22.163 3.5
      vertex 14.2738 18.7346 3.5
      vertex 14.2738 22.2654 3.5
    endloop
  endfacet
  facet normal 0 0 1
    outer loop
      vertex 13.9362 22.163 3.5
      vertex 13.9362 18.837 3.5
      vertex 14.2738 18.7346 3.5
    endloop
  endfacet
  facet normal -0 0 1
    outer loop
      vertex 13.625 21.9966 3.5
      vertex 13.9362 18.837 3.5
      vertex 13.9362 22.163 3.5
    endloop
  endfacet
  facet normal 0 0 1
    outer loop
      vertex 13.625 21.9966 3.5
      vertex 13.625 19.0034 3.5
      vertex 13.9362 18.837 3.5
    endloop
  endfacet
  facet normal -0 0 1
    outer loop
      vertex 13.3522 21.7728 3.5
      vertex 13.625 19.0034 3.5
      vertex 13.625 21.9966 3.5
    endloop
  endfacet
  facet normal 0 0 1
    outer loop
      vertex 13.3522 21.7728 3.5
      vertex 13.3522 19.2272 3.5
      vertex 13.625 19.0034 3.5
    endloop
  endfacet
  facet normal -0 0 1
    outer loop
      vertex 13.1284 21.5 3.5
      vertex 13.3522 19.2272 3.5
      vertex 13.3522 21.7728 3.5
    endloop
  endfacet
  facet normal 0 0 1
    outer loop
      vertex 13.1284 21.5 3.5
      vertex 13.1284 19.5 3.5
      vertex 13.3522 19.2272 3.5
    endloop
  endfacet
  facet normal -0 0 1
    outer loop
      vertex 12.962 21.1888 3.5
      vertex 13.1284 19.5 3.5
      vertex 13.1284 21.5 3.5
    endloop
  endfacet
  facet normal 0 0 1
    outer loop
      vertex 12.962 21.1888 3.5
      vertex 12.962 19.8112 3.5
      vertex 13.1284 19.5 3.5
    endloop
  endfacet
  facet normal -0 0 1
    outer loop
      vertex 12.8596 20.8512 3.5
      vertex 12.962 19.8112 3.5
      vertex 12.962 21.1888 3.5
    endloop
  endfacet
  facet normal 0 0 1
    outer loop
      vertex 12.8596 20.8512 3.5
      vertex 12.8596 20.1488 3.5
      vertex 12.962 19.8112 3.5
    endloop
  endfacet
  facet normal 0 -0 1
    outer loop
      vertex 12.8596 20.1488 3.5
      vertex 12.8596 20.8512 3.5
      vertex 12.825 20.5 3.5
    endloop
  endfacet
  facet normal -0.0980447 0.995182 0
    outer loop
      vertex 14.9762 18.7346 3.5
      vertex 14.625 18.7 8
      vertex 14.9762 18.7346 8
    endloop
  endfacet
  facet normal -0.0980447 0.995182 0
    outer loop
      vertex 14.625 18.7 8
      vertex 14.9762 18.7346 3.5
      vertex 14.625 18.7 3.5
    endloop
  endfacet
  facet normal -0.956948 0.290259 0
    outer loop
      vertex 16.288 19.8112 3.5
      vertex 16.3904 20.1488 8
      vertex 16.3904 20.1488 3.5
    endloop
  endfacet
  facet normal -0.956948 0.290259 0
    outer loop
      vertex 16.3904 20.1488 8
      vertex 16.288 19.8112 3.5
      vertex 16.288 19.8112 8
    endloop
  endfacet
  facet normal -0.773123 0.634256 0
    outer loop
      vertex 15.8978 19.2272 3.5
      vertex 16.1216 19.5 8
      vertex 16.1216 19.5 3.5
    endloop
  endfacet
  facet normal -0.773123 0.634256 0
    outer loop
      vertex 16.1216 19.5 8
      vertex 15.8978 19.2272 3.5
      vertex 15.8978 19.2272 8
    endloop
  endfacet
  facet normal 0.634256 -0.773123 0
    outer loop
      vertex 13.3522 21.7728 3.5
      vertex 13.625 21.9966 8
      vertex 13.3522 21.7728 8
    endloop
  endfacet
  facet normal 0.634256 -0.773123 0
    outer loop
      vertex 13.625 21.9966 8
      vertex 13.3522 21.7728 3.5
      vertex 13.625 21.9966 3.5
    endloop
  endfacet
  facet normal 0.0980447 0.995182 -0
    outer loop
      vertex 14.625 18.7 3.5
      vertex 14.2738 18.7346 8
      vertex 14.625 18.7 8
    endloop
  endfacet
  facet normal 0.0980447 0.995182 0
    outer loop
      vertex 14.2738 18.7346 8
      vertex 14.625 18.7 3.5
      vertex 14.2738 18.7346 3.5
    endloop
  endfacet
  facet normal -0.88185 0.471529 0
    outer loop
      vertex 16.1216 19.5 3.5
      vertex 16.288 19.8112 8
      vertex 16.288 19.8112 3.5
    endloop
  endfacet
  facet normal -0.88185 0.471529 0
    outer loop
      vertex 16.288 19.8112 8
      vertex 16.1216 19.5 3.5
      vertex 16.1216 19.5 8
    endloop
  endfacet
  facet normal -0.471529 0.88185 0
    outer loop
      vertex 15.625 19.0034 3.5
      vertex 15.3138 18.837 8
      vertex 15.625 19.0034 8
    endloop
  endfacet
  facet normal -0.471529 0.88185 0
    outer loop
      vertex 15.3138 18.837 8
      vertex 15.625 19.0034 3.5
      vertex 15.3138 18.837 3.5
    endloop
  endfacet
  facet normal 0.956948 0.290259 0
    outer loop
      vertex 12.962 19.8112 8
      vertex 12.8596 20.1488 3.5
      vertex 12.8596 20.1488 8
    endloop
  endfacet
  facet normal 0.956948 0.290259 0
    outer loop
      vertex 12.8596 20.1488 3.5
      vertex 12.962 19.8112 8
      vertex 12.962 19.8112 3.5
    endloop
  endfacet
  facet normal 0.773123 -0.634256 0
    outer loop
      vertex 13.1284 21.5 8
      vertex 13.3522 21.7728 3.5
      vertex 13.3522 21.7728 8
    endloop
  endfacet
  facet normal 0.773123 -0.634256 0
    outer loop
      vertex 13.3522 21.7728 3.5
      vertex 13.1284 21.5 8
      vertex 13.1284 21.5 3.5
    endloop
  endfacet
  facet normal -0.773123 -0.634256 0
    outer loop
      vertex 16.1216 21.5 3.5
      vertex 15.8978 21.7728 8
      vertex 15.8978 21.7728 3.5
    endloop
  endfacet
  facet normal -0.773123 -0.634256 0
    outer loop
      vertex 15.8978 21.7728 8
      vertex 16.1216 21.5 3.5
      vertex 16.1216 21.5 8
    endloop
  endfacet
  facet normal 0.471529 -0.88185 0
    outer loop
      vertex 13.625 21.9966 3.5
      vertex 13.9362 22.163 8
      vertex 13.625 21.9966 8
    endloop
  endfacet
  facet normal 0.471529 -0.88185 0
    outer loop
      vertex 13.9362 22.163 8
      vertex 13.625 21.9966 3.5
      vertex 13.9362 22.163 3.5
    endloop
  endfacet
  facet normal 0.290259 -0.956948 0
    outer loop
      vertex 13.9362 22.163 3.5
      vertex 14.2738 22.2654 8
      vertex 13.9362 22.163 8
    endloop
  endfacet
  facet normal 0.290259 -0.956948 0
    outer loop
      vertex 14.2738 22.2654 8
      vertex 13.9362 22.163 3.5
      vertex 14.2738 22.2654 3.5
    endloop
  endfacet
  facet normal 0.290259 0.956948 -0
    outer loop
      vertex 14.2738 18.7346 3.5
      vertex 13.9362 18.837 8
      vertex 14.2738 18.7346 8
    endloop
  endfacet
  facet normal 0.290259 0.956948 0
    outer loop
      vertex 13.9362 18.837 8
      vertex 14.2738 18.7346 3.5
      vertex 13.9362 18.837 3.5
    endloop
  endfacet
  facet normal -0.290259 -0.956948 0
    outer loop
      vertex 14.9762 22.2654 3.5
      vertex 15.3138 22.163 8
      vertex 14.9762 22.2654 8
    endloop
  endfacet
  facet normal -0.290259 -0.956948 -0
    outer loop
      vertex 15.3138 22.163 8
      vertex 14.9762 22.2654 3.5
      vertex 15.3138 22.163 3.5
    endloop
  endfacet
  facet normal -0.634256 0.773123 0
    outer loop
      vertex 15.8978 19.2272 3.5
      vertex 15.625 19.0034 8
      vertex 15.8978 19.2272 8
    endloop
  endfacet
  facet normal -0.634256 0.773123 0
    outer loop
      vertex 15.625 19.0034 8
      vertex 15.8978 19.2272 3.5
      vertex 15.625 19.0034 3.5
    endloop
  endfacet
  facet normal 0.995182 -0.0980447 0
    outer loop
      vertex 12.825 20.5 8
      vertex 12.8596 20.8512 3.5
      vertex 12.8596 20.8512 8
    endloop
  endfacet
  facet normal 0.995182 -0.0980447 0
    outer loop
      vertex 12.8596 20.8512 3.5
      vertex 12.825 20.5 8
      vertex 12.825 20.5 3.5
    endloop
  endfacet
  facet normal -0.0980447 -0.995182 0
    outer loop
      vertex 14.625 22.3 3.5
      vertex 14.9762 22.2654 8
      vertex 14.625 22.3 8
    endloop
  endfacet
  facet normal -0.0980447 -0.995182 -0
    outer loop
      vertex 14.9762 22.2654 8
      vertex 14.625 22.3 3.5
      vertex 14.9762 22.2654 3.5
    endloop
  endfacet
  facet normal -0.471529 -0.88185 0
    outer loop
      vertex 15.3138 22.163 3.5
      vertex 15.625 21.9966 8
      vertex 15.3138 22.163 8
    endloop
  endfacet
  facet normal -0.471529 -0.88185 -0
    outer loop
      vertex 15.625 21.9966 8
      vertex 15.3138 22.163 3.5
      vertex 15.625 21.9966 3.5
    endloop
  endfacet
  facet normal 0.773123 0.634256 0
    outer loop
      vertex 13.3522 19.2272 8
      vertex 13.1284 19.5 3.5
      vertex 13.1284 19.5 8
    endloop
  endfacet
  facet normal 0.773123 0.634256 0
    outer loop
      vertex 13.1284 19.5 3.5
      vertex 13.3522 19.2272 8
      vertex 13.3522 19.2272 3.5
    endloop
  endfacet
  facet normal 0.634256 0.773123 -0
    outer loop
      vertex 13.625 19.0034 3.5
      vertex 13.3522 19.2272 8
      vertex 13.625 19.0034 8
    endloop
  endfacet
  facet normal 0.634256 0.773123 0
    outer loop
      vertex 13.3522 19.2272 8
      vertex 13.625 19.0034 3.5
      vertex 13.3522 19.2272 3.5
    endloop
  endfacet
  facet normal 0.956948 -0.290259 0
    outer loop
      vertex 12.8596 20.8512 8
      vertex 12.962 21.1888 3.5
      vertex 12.962 21.1888 8
    endloop
  endfacet
  facet normal 0.956948 -0.290259 0
    outer loop
      vertex 12.962 21.1888 3.5
      vertex 12.8596 20.8512 8
      vertex 12.8596 20.8512 3.5
    endloop
  endfacet
  facet normal 0.88185 -0.471529 0
    outer loop
      vertex 12.962 21.1888 8
      vertex 13.1284 21.5 3.5
      vertex 13.1284 21.5 8
    endloop
  endfacet
  facet normal 0.88185 -0.471529 0
    outer loop
      vertex 13.1284 21.5 3.5
      vertex 12.962 21.1888 8
      vertex 12.962 21.1888 3.5
    endloop
  endfacet
  facet normal 0.995182 0.0980447 0
    outer loop
      vertex 12.8596 20.1488 8
      vertex 12.825 20.5 3.5
      vertex 12.825 20.5 8
    endloop
  endfacet
  facet normal 0.995182 0.0980447 0
    outer loop
      vertex 12.825 20.5 3.5
      vertex 12.8596 20.1488 8
      vertex 12.8596 20.1488 3.5
    endloop
  endfacet
  facet normal -0.290259 0.956948 0
    outer loop
      vertex 73.3138 18.837 3.5
      vertex 72.9762 18.7346 5
      vertex 73.3138 18.837 5
    endloop
  endfacet
  facet normal -0.290259 0.956948 0
    outer loop
      vertex 72.9762 18.7346 5
      vertex 73.3138 18.837 3.5
      vertex 72.9762 18.7346 3.5
    endloop
  endfacet
  facet normal -0.956948 -0.290259 0
    outer loop
      vertex 74.3904 20.8512 3.5
      vertex 74.288 21.1888 5
      vertex 74.288 21.1888 3.5
    endloop
  endfacet
  facet normal -0.956948 -0.290259 0
    outer loop
      vertex 74.288 21.1888 5
      vertex 74.3904 20.8512 3.5
      vertex 74.3904 20.8512 5
    endloop
  endfacet
  facet normal -0.995182 -0.0980447 0
    outer loop
      vertex 74.425 20.5 3.5
      vertex 74.3904 20.8512 5
      vertex 74.3904 20.8512 3.5
    endloop
  endfacet
  facet normal -0.995182 -0.0980447 0
    outer loop
      vertex 74.3904 20.8512 5
      vertex 74.425 20.5 3.5
      vertex 74.425 20.5 5
    endloop
  endfacet
  facet normal -0.88185 -0.471529 0
    outer loop
      vertex 74.288 21.1888 3.5
      vertex 74.1216 21.5 5
      vertex 74.1216 21.5 3.5
    endloop
  endfacet
  facet normal -0.88185 -0.471529 0
    outer loop
      vertex 74.1216 21.5 5
      vertex 74.288 21.1888 3.5
      vertex 74.288 21.1888 5
    endloop
  endfacet
  facet normal -0.995182 0.0980447 0
    outer loop
      vertex 74.3904 20.1488 3.5
      vertex 74.425 20.5 5
      vertex 74.425 20.5 3.5
    endloop
  endfacet
  facet normal -0.995182 0.0980447 0
    outer loop
      vertex 74.425 20.5 5
      vertex 74.3904 20.1488 3.5
      vertex 74.3904 20.1488 5
    endloop
  endfacet
  facet normal 0.471529 0.88185 -0
    outer loop
      vertex 71.9362 18.837 3.5
      vertex 71.625 19.0034 5
      vertex 71.9362 18.837 5
    endloop
  endfacet
  facet normal 0.471529 0.88185 0
    outer loop
      vertex 71.625 19.0034 5
      vertex 71.9362 18.837 3.5
      vertex 71.625 19.0034 3.5
    endloop
  endfacet
  facet normal -0.634256 -0.773123 0
    outer loop
      vertex 73.625 21.9966 3.5
      vertex 73.8978 21.7728 5
      vertex 73.625 21.9966 5
    endloop
  endfacet
  facet normal -0.634256 -0.773123 -0
    outer loop
      vertex 73.8978 21.7728 5
      vertex 73.625 21.9966 3.5
      vertex 73.8978 21.7728 3.5
    endloop
  endfacet
  facet normal 0.0980447 -0.995182 0
    outer loop
      vertex 72.2738 22.2654 3.5
      vertex 72.625 22.3 5
      vertex 72.2738 22.2654 5
    endloop
  endfacet
  facet normal 0.0980447 -0.995182 0
    outer loop
      vertex 72.625 22.3 5
      vertex 72.2738 22.2654 3.5
      vertex 72.625 22.3 3.5
    endloop
  endfacet
  facet normal 0.88185 0.471529 0
    outer loop
      vertex 71.1284 19.5 5
      vertex 70.962 19.8112 3.5
      vertex 70.962 19.8112 5
    endloop
  endfacet
  facet normal 0.88185 0.471529 0
    outer loop
      vertex 70.962 19.8112 3.5
      vertex 71.1284 19.5 5
      vertex 71.1284 19.5 3.5
    endloop
  endfacet
  facet normal 0 0 1
    outer loop
      vertex 74.3904 20.8512 3.5
      vertex 74.3904 20.1488 3.5
      vertex 74.425 20.5 3.5
    endloop
  endfacet
  facet normal 0 0 1
    outer loop
      vertex 74.288 21.1888 3.5
      vertex 74.3904 20.1488 3.5
      vertex 74.3904 20.8512 3.5
    endloop
  endfacet
  facet normal 0 0 1
    outer loop
      vertex 74.288 21.1888 3.5
      vertex 74.288 19.8112 3.5
      vertex 74.3904 20.1488 3.5
    endloop
  endfacet
  facet normal 0 0 1
    outer loop
      vertex 74.1216 21.5 3.5
      vertex 74.288 19.8112 3.5
      vertex 74.288 21.1888 3.5
    endloop
  endfacet
  facet normal 0 0 1
    outer loop
      vertex 74.1216 21.5 3.5
      vertex 74.1216 19.5 3.5
      vertex 74.288 19.8112 3.5
    endloop
  endfacet
  facet normal 0 0 1
    outer loop
      vertex 73.8978 21.7728 3.5
      vertex 74.1216 19.5 3.5
      vertex 74.1216 21.5 3.5
    endloop
  endfacet
  facet normal 0 0 1
    outer loop
      vertex 73.8978 21.7728 3.5
      vertex 73.8978 19.2272 3.5
      vertex 74.1216 19.5 3.5
    endloop
  endfacet
  facet normal 0 0 1
    outer loop
      vertex 73.625 21.9966 3.5
      vertex 73.8978 19.2272 3.5
      vertex 73.8978 21.7728 3.5
    endloop
  endfacet
  facet normal 0 0 1
    outer loop
      vertex 73.625 21.9966 3.5
      vertex 73.625 19.0034 3.5
      vertex 73.8978 19.2272 3.5
    endloop
  endfacet
  facet normal 0 0 1
    outer loop
      vertex 73.3138 22.163 3.5
      vertex 73.625 19.0034 3.5
      vertex 73.625 21.9966 3.5
    endloop
  endfacet
  facet normal 0 0 1
    outer loop
      vertex 73.3138 22.163 3.5
      vertex 73.3138 18.837 3.5
      vertex 73.625 19.0034 3.5
    endloop
  endfacet
  facet normal 0 0 1
    outer loop
      vertex 72.9762 22.2654 3.5
      vertex 73.3138 18.837 3.5
      vertex 73.3138 22.163 3.5
    endloop
  endfacet
  facet normal 0 0 1
    outer loop
      vertex 72.9762 22.2654 3.5
      vertex 72.9762 18.7346 3.5
      vertex 73.3138 18.837 3.5
    endloop
  endfacet
  facet normal 0 0 1
    outer loop
      vertex 72.625 22.3 3.5
      vertex 72.9762 18.7346 3.5
      vertex 72.9762 22.2654 3.5
    endloop
  endfacet
  facet normal 0 0 1
    outer loop
      vertex 72.625 22.3 3.5
      vertex 72.625 18.7 3.5
      vertex 72.9762 18.7346 3.5
    endloop
  endfacet
  facet normal -0 0 1
    outer loop
      vertex 72.2738 22.2654 3.5
      vertex 72.625 18.7 3.5
      vertex 72.625 22.3 3.5
    endloop
  endfacet
  facet normal 0 0 1
    outer loop
      vertex 72.2738 22.2654 3.5
      vertex 72.2738 18.7346 3.5
      vertex 72.625 18.7 3.5
    endloop
  endfacet
  facet normal -0 0 1
    outer loop
      vertex 71.9362 22.163 3.5
      vertex 72.2738 18.7346 3.5
      vertex 72.2738 22.2654 3.5
    endloop
  endfacet
  facet normal 0 0 1
    outer loop
      vertex 71.9362 22.163 3.5
      vertex 71.9362 18.837 3.5
      vertex 72.2738 18.7346 3.5
    endloop
  endfacet
  facet normal -0 0 1
    outer loop
      vertex 71.625 21.9966 3.5
      vertex 71.9362 18.837 3.5
      vertex 71.9362 22.163 3.5
    endloop
  endfacet
  facet normal 0 0 1
    outer loop
      vertex 71.625 21.9966 3.5
      vertex 71.625 19.0034 3.5
      vertex 71.9362 18.837 3.5
    endloop
  endfacet
  facet normal -0 0 1
    outer loop
      vertex 71.3522 21.7728 3.5
      vertex 71.625 19.0034 3.5
      vertex 71.625 21.9966 3.5
    endloop
  endfacet
  facet normal 0 0 1
    outer loop
      vertex 71.3522 21.7728 3.5
      vertex 71.3522 19.2272 3.5
      vertex 71.625 19.0034 3.5
    endloop
  endfacet
  facet normal -0 0 1
    outer loop
      vertex 71.1284 21.5 3.5
      vertex 71.3522 19.2272 3.5
      vertex 71.3522 21.7728 3.5
    endloop
  endfacet
  facet normal 0 0 1
    outer loop
      vertex 71.1284 21.5 3.5
      vertex 71.1284 19.5 3.5
      vertex 71.3522 19.2272 3.5
    endloop
  endfacet
  facet normal -0 0 1
    outer loop
      vertex 70.962 21.1888 3.5
      vertex 71.1284 19.5 3.5
      vertex 71.1284 21.5 3.5
    endloop
  endfacet
  facet normal 0 0 1
    outer loop
      vertex 70.962 21.1888 3.5
      vertex 70.962 19.8112 3.5
      vertex 71.1284 19.5 3.5
    endloop
  endfacet
  facet normal -0 0 1
    outer loop
      vertex 70.8596 20.8512 3.5
      vertex 70.962 19.8112 3.5
      vertex 70.962 21.1888 3.5
    endloop
  endfacet
  facet normal 0 0 1
    outer loop
      vertex 70.8596 20.8512 3.5
      vertex 70.8596 20.1488 3.5
      vertex 70.962 19.8112 3.5
    endloop
  endfacet
  facet normal 0 -0 1
    outer loop
      vertex 70.8596 20.1488 3.5
      vertex 70.8596 20.8512 3.5
      vertex 70.825 20.5 3.5
    endloop
  endfacet
  facet normal -0.0980447 0.995182 0
    outer loop
      vertex 72.9762 18.7346 3.5
      vertex 72.625 18.7 5
      vertex 72.9762 18.7346 5
    endloop
  endfacet
  facet normal -0.0980447 0.995182 0
    outer loop
      vertex 72.625 18.7 5
      vertex 72.9762 18.7346 3.5
      vertex 72.625 18.7 3.5
    endloop
  endfacet
  facet normal -0.956948 0.290259 0
    outer loop
      vertex 74.288 19.8112 3.5
      vertex 74.3904 20.1488 5
      vertex 74.3904 20.1488 3.5
    endloop
  endfacet
  facet normal -0.956948 0.290259 0
    outer loop
      vertex 74.3904 20.1488 5
      vertex 74.288 19.8112 3.5
      vertex 74.288 19.8112 5
    endloop
  endfacet
  facet normal -0.773123 0.634256 0
    outer loop
      vertex 73.8978 19.2272 3.5
      vertex 74.1216 19.5 5
      vertex 74.1216 19.5 3.5
    endloop
  endfacet
  facet normal -0.773123 0.634256 0
    outer loop
      vertex 74.1216 19.5 5
      vertex 73.8978 19.2272 3.5
      vertex 73.8978 19.2272 5
    endloop
  endfacet
  facet normal -0.88185 0.471529 0
    outer loop
      vertex 74.1216 19.5 3.5
      vertex 74.288 19.8112 5
      vertex 74.288 19.8112 3.5
    endloop
  endfacet
  facet normal -0.88185 0.471529 0
    outer loop
      vertex 74.288 19.8112 5
      vertex 74.1216 19.5 3.5
      vertex 74.1216 19.5 5
    endloop
  endfacet
  facet normal -0.471529 0.88185 0
    outer loop
      vertex 73.625 19.0034 3.5
      vertex 73.3138 18.837 5
      vertex 73.625 19.0034 5
    endloop
  endfacet
  facet normal -0.471529 0.88185 0
    outer loop
      vertex 73.3138 18.837 5
      vertex 73.625 19.0034 3.5
      vertex 73.3138 18.837 3.5
    endloop
  endfacet
  facet normal 0.956948 0.290259 0
    outer loop
      vertex 70.962 19.8112 5
      vertex 70.8596 20.1488 3.5
      vertex 70.8596 20.1488 5
    endloop
  endfacet
  facet normal 0.956948 0.290259 0
    outer loop
      vertex 70.8596 20.1488 3.5
      vertex 70.962 19.8112 5
      vertex 70.962 19.8112 3.5
    endloop
  endfacet
  facet normal 0.773123 -0.634256 0
    outer loop
      vertex 71.1284 21.5 5
      vertex 71.3522 21.7728 3.5
      vertex 71.3522 21.7728 5
    endloop
  endfacet
  facet normal 0.773123 -0.634256 0
    outer loop
      vertex 71.3522 21.7728 3.5
      vertex 71.1284 21.5 5
      vertex 71.1284 21.5 3.5
    endloop
  endfacet
  facet normal -0.773123 -0.634256 0
    outer loop
      vertex 74.1216 21.5 3.5
      vertex 73.8978 21.7728 5
      vertex 73.8978 21.7728 3.5
    endloop
  endfacet
  facet normal -0.773123 -0.634256 0
    outer loop
      vertex 73.8978 21.7728 5
      vertex 74.1216 21.5 3.5
      vertex 74.1216 21.5 5
    endloop
  endfacet
  facet normal 0.471529 -0.88185 0
    outer loop
      vertex 71.625 21.9966 3.5
      vertex 71.9362 22.163 5
      vertex 71.625 21.9966 5
    endloop
  endfacet
  facet normal 0.471529 -0.88185 0
    outer loop
      vertex 71.9362 22.163 5
      vertex 71.625 21.9966 3.5
      vertex 71.9362 22.163 3.5
    endloop
  endfacet
  facet normal 0.290259 -0.956948 0
    outer loop
      vertex 71.9362 22.163 3.5
      vertex 72.2738 22.2654 5
      vertex 71.9362 22.163 5
    endloop
  endfacet
  facet normal 0.290259 -0.956948 0
    outer loop
      vertex 72.2738 22.2654 5
      vertex 71.9362 22.163 3.5
      vertex 72.2738 22.2654 3.5
    endloop
  endfacet
  facet normal 0.290259 0.956948 -0
    outer loop
      vertex 72.2738 18.7346 3.5
      vertex 71.9362 18.837 5
      vertex 72.2738 18.7346 5
    endloop
  endfacet
  facet normal 0.290259 0.956948 0
    outer loop
      vertex 71.9362 18.837 5
      vertex 72.2738 18.7346 3.5
      vertex 71.9362 18.837 3.5
    endloop
  endfacet
  facet normal 0.634256 -0.773123 0
    outer loop
      vertex 71.3522 21.7728 3.5
      vertex 71.625 21.9966 5
      vertex 71.3522 21.7728 5
    endloop
  endfacet
  facet normal 0.634256 -0.773123 0
    outer loop
      vertex 71.625 21.9966 5
      vertex 71.3522 21.7728 3.5
      vertex 71.625 21.9966 3.5
    endloop
  endfacet
  facet normal -0.290259 -0.956948 0
    outer loop
      vertex 72.9762 22.2654 3.5
      vertex 73.3138 22.163 5
      vertex 72.9762 22.2654 5
    endloop
  endfacet
  facet normal -0.290259 -0.956948 -0
    outer loop
      vertex 73.3138 22.163 5
      vertex 72.9762 22.2654 3.5
      vertex 73.3138 22.163 3.5
    endloop
  endfacet
  facet normal -0.634256 0.773123 0
    outer loop
      vertex 73.8978 19.2272 3.5
      vertex 73.625 19.0034 5
      vertex 73.8978 19.2272 5
    endloop
  endfacet
  facet normal -0.634256 0.773123 0
    outer loop
      vertex 73.625 19.0034 5
      vertex 73.8978 19.2272 3.5
      vertex 73.625 19.0034 3.5
    endloop
  endfacet
  facet normal 0.995182 -0.0980447 0
    outer loop
      vertex 70.825 20.5 5
      vertex 70.8596 20.8512 3.5
      vertex 70.8596 20.8512 5
    endloop
  endfacet
  facet normal 0.995182 -0.0980447 0
    outer loop
      vertex 70.8596 20.8512 3.5
      vertex 70.825 20.5 5
      vertex 70.825 20.5 3.5
    endloop
  endfacet
  facet normal -0.0980447 -0.995182 0
    outer loop
      vertex 72.625 22.3 3.5
      vertex 72.9762 22.2654 5
      vertex 72.625 22.3 5
    endloop
  endfacet
  facet normal -0.0980447 -0.995182 -0
    outer loop
      vertex 72.9762 22.2654 5
      vertex 72.625 22.3 3.5
      vertex 72.9762 22.2654 3.5
    endloop
  endfacet
  facet normal -0.471529 -0.88185 0
    outer loop
      vertex 73.3138 22.163 3.5
      vertex 73.625 21.9966 5
      vertex 73.3138 22.163 5
    endloop
  endfacet
  facet normal -0.471529 -0.88185 -0
    outer loop
      vertex 73.625 21.9966 5
      vertex 73.3138 22.163 3.5
      vertex 73.625 21.9966 3.5
    endloop
  endfacet
  facet normal 0.773123 0.634256 0
    outer loop
      vertex 71.3522 19.2272 5
      vertex 71.1284 19.5 3.5
      vertex 71.1284 19.5 5
    endloop
  endfacet
  facet normal 0.773123 0.634256 0
    outer loop
      vertex 71.1284 19.5 3.5
      vertex 71.3522 19.2272 5
      vertex 71.3522 19.2272 3.5
    endloop
  endfacet
  facet normal 0.0980447 0.995182 -0
    outer loop
      vertex 72.625 18.7 3.5
      vertex 72.2738 18.7346 5
      vertex 72.625 18.7 5
    endloop
  endfacet
  facet normal 0.0980447 0.995182 0
    outer loop
      vertex 72.2738 18.7346 5
      vertex 72.625 18.7 3.5
      vertex 72.2738 18.7346 3.5
    endloop
  endfacet
  facet normal 0.634256 0.773123 -0
    outer loop
      vertex 71.625 19.0034 3.5
      vertex 71.3522 19.2272 5
      vertex 71.625 19.0034 5
    endloop
  endfacet
  facet normal 0.634256 0.773123 0
    outer loop
      vertex 71.3522 19.2272 5
      vertex 71.625 19.0034 3.5
      vertex 71.3522 19.2272 3.5
    endloop
  endfacet
  facet normal 0.956948 -0.290259 0
    outer loop
      vertex 70.8596 20.8512 5
      vertex 70.962 21.1888 3.5
      vertex 70.962 21.1888 5
    endloop
  endfacet
  facet normal 0.956948 -0.290259 0
    outer loop
      vertex 70.962 21.1888 3.5
      vertex 70.8596 20.8512 5
      vertex 70.8596 20.8512 3.5
    endloop
  endfacet
  facet normal 0.88185 -0.471529 0
    outer loop
      vertex 70.962 21.1888 5
      vertex 71.1284 21.5 3.5
      vertex 71.1284 21.5 5
    endloop
  endfacet
  facet normal 0.88185 -0.471529 0
    outer loop
      vertex 71.1284 21.5 3.5
      vertex 70.962 21.1888 5
      vertex 70.962 21.1888 3.5
    endloop
  endfacet
  facet normal 0.995182 0.0980447 0
    outer loop
      vertex 70.8596 20.1488 5
      vertex 70.825 20.5 3.5
      vertex 70.825 20.5 5
    endloop
  endfacet
  facet normal 0.995182 0.0980447 0
    outer loop
      vertex 70.825 20.5 3.5
      vertex 70.8596 20.1488 5
      vertex 70.8596 20.1488 3.5
    endloop
  endfacet
  facet normal -0.290259 0.956948 0
    outer loop
      vertex 15.3138 67.837 3.5
      vertex 14.9762 67.7346 8
      vertex 15.3138 67.837 8
    endloop
  endfacet
  facet normal -0.290259 0.956948 0
    outer loop
      vertex 14.9762 67.7346 8
      vertex 15.3138 67.837 3.5
      vertex 14.9762 67.7346 3.5
    endloop
  endfacet
  facet normal -0.956948 -0.290259 0
    outer loop
      vertex 16.3904 69.8512 3.5
      vertex 16.288 70.1888 8
      vertex 16.288 70.1888 3.5
    endloop
  endfacet
  facet normal -0.956948 -0.290259 0
    outer loop
      vertex 16.288 70.1888 8
      vertex 16.3904 69.8512 3.5
      vertex 16.3904 69.8512 8
    endloop
  endfacet
  facet normal -0.995182 -0.0980447 0
    outer loop
      vertex 16.425 69.5 3.5
      vertex 16.3904 69.8512 8
      vertex 16.3904 69.8512 3.5
    endloop
  endfacet
  facet normal -0.995182 -0.0980447 0
    outer loop
      vertex 16.3904 69.8512 8
      vertex 16.425 69.5 3.5
      vertex 16.425 69.5 8
    endloop
  endfacet
  facet normal -0.88185 -0.471529 0
    outer loop
      vertex 16.288 70.1888 3.5
      vertex 16.1216 70.5 8
      vertex 16.1216 70.5 3.5
    endloop
  endfacet
  facet normal -0.88185 -0.471529 0
    outer loop
      vertex 16.1216 70.5 8
      vertex 16.288 70.1888 3.5
      vertex 16.288 70.1888 8
    endloop
  endfacet
  facet normal -0.995182 0.0980447 0
    outer loop
      vertex 16.3904 69.1488 3.5
      vertex 16.425 69.5 8
      vertex 16.425 69.5 3.5
    endloop
  endfacet
  facet normal -0.995182 0.0980447 0
    outer loop
      vertex 16.425 69.5 8
      vertex 16.3904 69.1488 3.5
      vertex 16.3904 69.1488 8
    endloop
  endfacet
  facet normal 0.471529 0.88185 -0
    outer loop
      vertex 13.9362 67.837 3.5
      vertex 13.625 68.0034 8
      vertex 13.9362 67.837 8
    endloop
  endfacet
  facet normal 0.471529 0.88185 0
    outer loop
      vertex 13.625 68.0034 8
      vertex 13.9362 67.837 3.5
      vertex 13.625 68.0034 3.5
    endloop
  endfacet
  facet normal -0.634256 -0.773123 0
    outer loop
      vertex 15.625 70.9966 3.5
      vertex 15.8978 70.7728 8
      vertex 15.625 70.9966 8
    endloop
  endfacet
  facet normal -0.634256 -0.773123 -0
    outer loop
      vertex 15.8978 70.7728 8
      vertex 15.625 70.9966 3.5
      vertex 15.8978 70.7728 3.5
    endloop
  endfacet
  facet normal 0.0980447 -0.995182 0
    outer loop
      vertex 14.2738 71.2654 3.5
      vertex 14.625 71.3 8
      vertex 14.2738 71.2654 8
    endloop
  endfacet
  facet normal 0.0980447 -0.995182 0
    outer loop
      vertex 14.625 71.3 8
      vertex 14.2738 71.2654 3.5
      vertex 14.625 71.3 3.5
    endloop
  endfacet
  facet normal 0.88185 0.471529 0
    outer loop
      vertex 13.1284 68.5 8
      vertex 12.962 68.8112 3.5
      vertex 12.962 68.8112 8
    endloop
  endfacet
  facet normal 0.88185 0.471529 0
    outer loop
      vertex 12.962 68.8112 3.5
      vertex 13.1284 68.5 8
      vertex 13.1284 68.5 3.5
    endloop
  endfacet
  facet normal 0 0 1
    outer loop
      vertex 16.3904 69.8512 3.5
      vertex 16.3904 69.1488 3.5
      vertex 16.425 69.5 3.5
    endloop
  endfacet
  facet normal 0 0 1
    outer loop
      vertex 16.288 70.1888 3.5
      vertex 16.3904 69.1488 3.5
      vertex 16.3904 69.8512 3.5
    endloop
  endfacet
  facet normal 0 0 1
    outer loop
      vertex 16.288 70.1888 3.5
      vertex 16.288 68.8112 3.5
      vertex 16.3904 69.1488 3.5
    endloop
  endfacet
  facet normal 0 0 1
    outer loop
      vertex 16.1216 70.5 3.5
      vertex 16.288 68.8112 3.5
      vertex 16.288 70.1888 3.5
    endloop
  endfacet
  facet normal 0 0 1
    outer loop
      vertex 16.1216 70.5 3.5
      vertex 16.1216 68.5 3.5
      vertex 16.288 68.8112 3.5
    endloop
  endfacet
  facet normal 0 0 1
    outer loop
      vertex 15.8978 70.7728 3.5
      vertex 16.1216 68.5 3.5
      vertex 16.1216 70.5 3.5
    endloop
  endfacet
  facet normal 0 0 1
    outer loop
      vertex 15.8978 70.7728 3.5
      vertex 15.8978 68.2272 3.5
      vertex 16.1216 68.5 3.5
    endloop
  endfacet
  facet normal 0 0 1
    outer loop
      vertex 15.625 70.9966 3.5
      vertex 15.8978 68.2272 3.5
      vertex 15.8978 70.7728 3.5
    endloop
  endfacet
  facet normal 0 0 1
    outer loop
      vertex 15.625 70.9966 3.5
      vertex 15.625 68.0034 3.5
      vertex 15.8978 68.2272 3.5
    endloop
  endfacet
  facet normal 0 0 1
    outer loop
      vertex 15.3138 71.163 3.5
      vertex 15.625 68.0034 3.5
      vertex 15.625 70.9966 3.5
    endloop
  endfacet
  facet normal 0 0 1
    outer loop
      vertex 15.3138 71.163 3.5
      vertex 15.3138 67.837 3.5
      vertex 15.625 68.0034 3.5
    endloop
  endfacet
  facet normal 0 0 1
    outer loop
      vertex 14.9762 71.2654 3.5
      vertex 15.3138 67.837 3.5
      vertex 15.3138 71.163 3.5
    endloop
  endfacet
  facet normal 0 0 1
    outer loop
      vertex 14.9762 71.2654 3.5
      vertex 14.9762 67.7346 3.5
      vertex 15.3138 67.837 3.5
    endloop
  endfacet
  facet normal 0 0 1
    outer loop
      vertex 14.625 71.3 3.5
      vertex 14.9762 67.7346 3.5
      vertex 14.9762 71.2654 3.5
    endloop
  endfacet
  facet normal 0 0 1
    outer loop
      vertex 14.625 71.3 3.5
      vertex 14.625 67.7 3.5
      vertex 14.9762 67.7346 3.5
    endloop
  endfacet
  facet normal -0 0 1
    outer loop
      vertex 14.2738 71.2654 3.5
      vertex 14.625 67.7 3.5
      vertex 14.625 71.3 3.5
    endloop
  endfacet
  facet normal 0 0 1
    outer loop
      vertex 14.2738 71.2654 3.5
      vertex 14.2738 67.7346 3.5
      vertex 14.625 67.7 3.5
    endloop
  endfacet
  facet normal -0 0 1
    outer loop
      vertex 13.9362 71.163 3.5
      vertex 14.2738 67.7346 3.5
      vertex 14.2738 71.2654 3.5
    endloop
  endfacet
  facet normal 0 0 1
    outer loop
      vertex 13.9362 71.163 3.5
      vertex 13.9362 67.837 3.5
      vertex 14.2738 67.7346 3.5
    endloop
  endfacet
  facet normal -0 0 1
    outer loop
      vertex 13.625 70.9966 3.5
      vertex 13.9362 67.837 3.5
      vertex 13.9362 71.163 3.5
    endloop
  endfacet
  facet normal 0 0 1
    outer loop
      vertex 13.625 70.9966 3.5
      vertex 13.625 68.0034 3.5
      vertex 13.9362 67.837 3.5
    endloop
  endfacet
  facet normal -0 0 1
    outer loop
      vertex 13.3522 70.7728 3.5
      vertex 13.625 68.0034 3.5
      vertex 13.625 70.9966 3.5
    endloop
  endfacet
  facet normal 0 0 1
    outer loop
      vertex 13.3522 70.7728 3.5
      vertex 13.3522 68.2272 3.5
      vertex 13.625 68.0034 3.5
    endloop
  endfacet
  facet normal -0 0 1
    outer loop
      vertex 13.1284 70.5 3.5
      vertex 13.3522 68.2272 3.5
      vertex 13.3522 70.7728 3.5
    endloop
  endfacet
  facet normal 0 0 1
    outer loop
      vertex 13.1284 70.5 3.5
      vertex 13.1284 68.5 3.5
      vertex 13.3522 68.2272 3.5
    endloop
  endfacet
  facet normal -0 0 1
    outer loop
      vertex 12.962 70.1888 3.5
      vertex 13.1284 68.5 3.5
      vertex 13.1284 70.5 3.5
    endloop
  endfacet
  facet normal 0 0 1
    outer loop
      vertex 12.962 70.1888 3.5
      vertex 12.962 68.8112 3.5
      vertex 13.1284 68.5 3.5
    endloop
  endfacet
  facet normal -0 0 1
    outer loop
      vertex 12.8596 69.8512 3.5
      vertex 12.962 68.8112 3.5
      vertex 12.962 70.1888 3.5
    endloop
  endfacet
  facet normal 0 0 1
    outer loop
      vertex 12.8596 69.8512 3.5
      vertex 12.8596 69.1488 3.5
      vertex 12.962 68.8112 3.5
    endloop
  endfacet
  facet normal 0 -0 1
    outer loop
      vertex 12.8596 69.1488 3.5
      vertex 12.8596 69.8512 3.5
      vertex 12.825 69.5 3.5
    endloop
  endfacet
  facet normal -0.0980447 0.995182 0
    outer loop
      vertex 14.9762 67.7346 3.5
      vertex 14.625 67.7 8
      vertex 14.9762 67.7346 8
    endloop
  endfacet
  facet normal -0.0980447 0.995182 0
    outer loop
      vertex 14.625 67.7 8
      vertex 14.9762 67.7346 3.5
      vertex 14.625 67.7 3.5
    endloop
  endfacet
  facet normal -0.956948 0.290259 0
    outer loop
      vertex 16.288 68.8112 3.5
      vertex 16.3904 69.1488 8
      vertex 16.3904 69.1488 3.5
    endloop
  endfacet
  facet normal -0.956948 0.290259 0
    outer loop
      vertex 16.3904 69.1488 8
      vertex 16.288 68.8112 3.5
      vertex 16.288 68.8112 8
    endloop
  endfacet
  facet normal -0.773123 0.634256 0
    outer loop
      vertex 15.8978 68.2272 3.5
      vertex 16.1216 68.5 8
      vertex 16.1216 68.5 3.5
    endloop
  endfacet
  facet normal -0.773123 0.634256 0
    outer loop
      vertex 16.1216 68.5 8
      vertex 15.8978 68.2272 3.5
      vertex 15.8978 68.2272 8
    endloop
  endfacet
  facet normal -0.88185 0.471529 0
    outer loop
      vertex 16.1216 68.5 3.5
      vertex 16.288 68.8112 8
      vertex 16.288 68.8112 3.5
    endloop
  endfacet
  facet normal -0.88185 0.471529 0
    outer loop
      vertex 16.288 68.8112 8
      vertex 16.1216 68.5 3.5
      vertex 16.1216 68.5 8
    endloop
  endfacet
  facet normal -0.471529 0.88185 0
    outer loop
      vertex 15.625 68.0034 3.5
      vertex 15.3138 67.837 8
      vertex 15.625 68.0034 8
    endloop
  endfacet
  facet normal -0.471529 0.88185 0
    outer loop
      vertex 15.3138 67.837 8
      vertex 15.625 68.0034 3.5
      vertex 15.3138 67.837 3.5
    endloop
  endfacet
  facet normal 0.956948 0.290259 0
    outer loop
      vertex 12.962 68.8112 8
      vertex 12.8596 69.1488 3.5
      vertex 12.8596 69.1488 8
    endloop
  endfacet
  facet normal 0.956948 0.290259 0
    outer loop
      vertex 12.8596 69.1488 3.5
      vertex 12.962 68.8112 8
      vertex 12.962 68.8112 3.5
    endloop
  endfacet
  facet normal 0.773123 -0.634256 0
    outer loop
      vertex 13.1284 70.5 8
      vertex 13.3522 70.7728 3.5
      vertex 13.3522 70.7728 8
    endloop
  endfacet
  facet normal 0.773123 -0.634256 0
    outer loop
      vertex 13.3522 70.7728 3.5
      vertex 13.1284 70.5 8
      vertex 13.1284 70.5 3.5
    endloop
  endfacet
  facet normal -0.773123 -0.634256 0
    outer loop
      vertex 16.1216 70.5 3.5
      vertex 15.8978 70.7728 8
      vertex 15.8978 70.7728 3.5
    endloop
  endfacet
  facet normal -0.773123 -0.634256 0
    outer loop
      vertex 15.8978 70.7728 8
      vertex 16.1216 70.5 3.5
      vertex 16.1216 70.5 8
    endloop
  endfacet
  facet normal 0.471529 -0.88185 0
    outer loop
      vertex 13.625 70.9966 3.5
      vertex 13.9362 71.163 8
      vertex 13.625 70.9966 8
    endloop
  endfacet
  facet normal 0.471529 -0.88185 0
    outer loop
      vertex 13.9362 71.163 8
      vertex 13.625 70.9966 3.5
      vertex 13.9362 71.163 3.5
    endloop
  endfacet
  facet normal 0.290259 -0.956948 0
    outer loop
      vertex 13.9362 71.163 3.5
      vertex 14.2738 71.2654 8
      vertex 13.9362 71.163 8
    endloop
  endfacet
  facet normal 0.290259 -0.956948 0
    outer loop
      vertex 14.2738 71.2654 8
      vertex 13.9362 71.163 3.5
      vertex 14.2738 71.2654 3.5
    endloop
  endfacet
  facet normal 0.290259 0.956948 -0
    outer loop
      vertex 14.2738 67.7346 3.5
      vertex 13.9362 67.837 8
      vertex 14.2738 67.7346 8
    endloop
  endfacet
  facet normal 0.290259 0.956948 0
    outer loop
      vertex 13.9362 67.837 8
      vertex 14.2738 67.7346 3.5
      vertex 13.9362 67.837 3.5
    endloop
  endfacet
  facet normal 0.634256 -0.773123 0
    outer loop
      vertex 13.3522 70.7728 3.5
      vertex 13.625 70.9966 8
      vertex 13.3522 70.7728 8
    endloop
  endfacet
  facet normal 0.634256 -0.773123 0
    outer loop
      vertex 13.625 70.9966 8
      vertex 13.3522 70.7728 3.5
      vertex 13.625 70.9966 3.5
    endloop
  endfacet
  facet normal -0.290259 -0.956948 0
    outer loop
      vertex 14.9762 71.2654 3.5
      vertex 15.3138 71.163 8
      vertex 14.9762 71.2654 8
    endloop
  endfacet
  facet normal -0.290259 -0.956948 -0
    outer loop
      vertex 15.3138 71.163 8
      vertex 14.9762 71.2654 3.5
      vertex 15.3138 71.163 3.5
    endloop
  endfacet
  facet normal -0.634256 0.773123 0
    outer loop
      vertex 15.8978 68.2272 3.5
      vertex 15.625 68.0034 8
      vertex 15.8978 68.2272 8
    endloop
  endfacet
  facet normal -0.634256 0.773123 0
    outer loop
      vertex 15.625 68.0034 8
      vertex 15.8978 68.2272 3.5
      vertex 15.625 68.0034 3.5
    endloop
  endfacet
  facet normal 0.995182 -0.0980447 0
    outer loop
      vertex 12.825 69.5 8
      vertex 12.8596 69.8512 3.5
      vertex 12.8596 69.8512 8
    endloop
  endfacet
  facet normal 0.995182 -0.0980447 0
    outer loop
      vertex 12.8596 69.8512 3.5
      vertex 12.825 69.5 8
      vertex 12.825 69.5 3.5
    endloop
  endfacet
  facet normal -0.0980447 -0.995182 0
    outer loop
      vertex 14.625 71.3 3.5
      vertex 14.9762 71.2654 8
      vertex 14.625 71.3 8
    endloop
  endfacet
  facet normal -0.0980447 -0.995182 -0
    outer loop
      vertex 14.9762 71.2654 8
      vertex 14.625 71.3 3.5
      vertex 14.9762 71.2654 3.5
    endloop
  endfacet
  facet normal -0.471529 -0.88185 0
    outer loop
      vertex 15.3138 71.163 3.5
      vertex 15.625 70.9966 8
      vertex 15.3138 71.163 8
    endloop
  endfacet
  facet normal -0.471529 -0.88185 -0
    outer loop
      vertex 15.625 70.9966 8
      vertex 15.3138 71.163 3.5
      vertex 15.625 70.9966 3.5
    endloop
  endfacet
  facet normal 0.773123 0.634256 0
    outer loop
      vertex 13.3522 68.2272 8
      vertex 13.1284 68.5 3.5
      vertex 13.1284 68.5 8
    endloop
  endfacet
  facet normal 0.773123 0.634256 0
    outer loop
      vertex 13.1284 68.5 3.5
      vertex 13.3522 68.2272 8
      vertex 13.3522 68.2272 3.5
    endloop
  endfacet
  facet normal 0.0980447 0.995182 -0
    outer loop
      vertex 14.625 67.7 3.5
      vertex 14.2738 67.7346 8
      vertex 14.625 67.7 8
    endloop
  endfacet
  facet normal 0.0980447 0.995182 0
    outer loop
      vertex 14.2738 67.7346 8
      vertex 14.625 67.7 3.5
      vertex 14.2738 67.7346 3.5
    endloop
  endfacet
  facet normal 0.634256 0.773123 -0
    outer loop
      vertex 13.625 68.0034 3.5
      vertex 13.3522 68.2272 8
      vertex 13.625 68.0034 8
    endloop
  endfacet
  facet normal 0.634256 0.773123 0
    outer loop
      vertex 13.3522 68.2272 8
      vertex 13.625 68.0034 3.5
      vertex 13.3522 68.2272 3.5
    endloop
  endfacet
  facet normal 0.956948 -0.290259 0
    outer loop
      vertex 12.8596 69.8512 8
      vertex 12.962 70.1888 3.5
      vertex 12.962 70.1888 8
    endloop
  endfacet
  facet normal 0.956948 -0.290259 0
    outer loop
      vertex 12.962 70.1888 3.5
      vertex 12.8596 69.8512 8
      vertex 12.8596 69.8512 3.5
    endloop
  endfacet
  facet normal 0.88185 -0.471529 0
    outer loop
      vertex 12.962 70.1888 8
      vertex 13.1284 70.5 3.5
      vertex 13.1284 70.5 8
    endloop
  endfacet
  facet normal 0.88185 -0.471529 0
    outer loop
      vertex 13.1284 70.5 3.5
      vertex 12.962 70.1888 8
      vertex 12.962 70.1888 3.5
    endloop
  endfacet
  facet normal 0.995182 0.0980447 0
    outer loop
      vertex 12.8596 69.1488 8
      vertex 12.825 69.5 3.5
      vertex 12.825 69.5 8
    endloop
  endfacet
  facet normal 0.995182 0.0980447 0
    outer loop
      vertex 12.825 69.5 3.5
      vertex 12.8596 69.1488 8
      vertex 12.8596 69.1488 3.5
    endloop
  endfacet
  facet normal -0.290259 0.956948 0
    outer loop
      vertex 73.3138 67.837 3.5
      vertex 72.9762 67.7346 8
      vertex 73.3138 67.837 8
    endloop
  endfacet
  facet normal -0.290259 0.956948 0
    outer loop
      vertex 72.9762 67.7346 8
      vertex 73.3138 67.837 3.5
      vertex 72.9762 67.7346 3.5
    endloop
  endfacet
  facet normal -0.956948 -0.290259 0
    outer loop
      vertex 74.3904 69.8512 3.5
      vertex 74.288 70.1888 8
      vertex 74.288 70.1888 3.5
    endloop
  endfacet
  facet normal -0.956948 -0.290259 0
    outer loop
      vertex 74.288 70.1888 8
      vertex 74.3904 69.8512 3.5
      vertex 74.3904 69.8512 8
    endloop
  endfacet
  facet normal -0.995182 -0.0980447 0
    outer loop
      vertex 74.425 69.5 3.5
      vertex 74.3904 69.8512 8
      vertex 74.3904 69.8512 3.5
    endloop
  endfacet
  facet normal -0.995182 -0.0980447 0
    outer loop
      vertex 74.3904 69.8512 8
      vertex 74.425 69.5 3.5
      vertex 74.425 69.5 8
    endloop
  endfacet
  facet normal -0.88185 -0.471529 0
    outer loop
      vertex 74.288 70.1888 3.5
      vertex 74.1216 70.5 8
      vertex 74.1216 70.5 3.5
    endloop
  endfacet
  facet normal -0.88185 -0.471529 0
    outer loop
      vertex 74.1216 70.5 8
      vertex 74.288 70.1888 3.5
      vertex 74.288 70.1888 8
    endloop
  endfacet
  facet normal -0.995182 0.0980447 0
    outer loop
      vertex 74.3904 69.1488 3.5
      vertex 74.425 69.5 8
      vertex 74.425 69.5 3.5
    endloop
  endfacet
  facet normal -0.995182 0.0980447 0
    outer loop
      vertex 74.425 69.5 8
      vertex 74.3904 69.1488 3.5
      vertex 74.3904 69.1488 8
    endloop
  endfacet
  facet normal 0.471529 0.88185 -0
    outer loop
      vertex 71.9362 67.837 3.5
      vertex 71.625 68.0034 8
      vertex 71.9362 67.837 8
    endloop
  endfacet
  facet normal 0.471529 0.88185 0
    outer loop
      vertex 71.625 68.0034 8
      vertex 71.9362 67.837 3.5
      vertex 71.625 68.0034 3.5
    endloop
  endfacet
  facet normal -0.634256 -0.773123 0
    outer loop
      vertex 73.625 70.9966 3.5
      vertex 73.8978 70.7728 8
      vertex 73.625 70.9966 8
    endloop
  endfacet
  facet normal -0.634256 -0.773123 -0
    outer loop
      vertex 73.8978 70.7728 8
      vertex 73.625 70.9966 3.5
      vertex 73.8978 70.7728 3.5
    endloop
  endfacet
  facet normal 0.0980447 -0.995182 0
    outer loop
      vertex 72.2738 71.2654 3.5
      vertex 72.625 71.3 8
      vertex 72.2738 71.2654 8
    endloop
  endfacet
  facet normal 0.0980447 -0.995182 0
    outer loop
      vertex 72.625 71.3 8
      vertex 72.2738 71.2654 3.5
      vertex 72.625 71.3 3.5
    endloop
  endfacet
  facet normal 0.88185 0.471529 0
    outer loop
      vertex 71.1284 68.5 8
      vertex 70.962 68.8112 3.5
      vertex 70.962 68.8112 8
    endloop
  endfacet
  facet normal 0.88185 0.471529 0
    outer loop
      vertex 70.962 68.8112 3.5
      vertex 71.1284 68.5 8
      vertex 71.1284 68.5 3.5
    endloop
  endfacet
  facet normal 0 0 1
    outer loop
      vertex 74.3904 69.8512 3.5
      vertex 74.3904 69.1488 3.5
      vertex 74.425 69.5 3.5
    endloop
  endfacet
  facet normal 0 0 1
    outer loop
      vertex 74.288 70.1888 3.5
      vertex 74.3904 69.1488 3.5
      vertex 74.3904 69.8512 3.5
    endloop
  endfacet
  facet normal 0 0 1
    outer loop
      vertex 74.288 70.1888 3.5
      vertex 74.288 68.8112 3.5
      vertex 74.3904 69.1488 3.5
    endloop
  endfacet
  facet normal 0 0 1
    outer loop
      vertex 74.1216 70.5 3.5
      vertex 74.288 68.8112 3.5
      vertex 74.288 70.1888 3.5
    endloop
  endfacet
  facet normal 0 0 1
    outer loop
      vertex 74.1216 70.5 3.5
      vertex 74.1216 68.5 3.5
      vertex 74.288 68.8112 3.5
    endloop
  endfacet
  facet normal 0 0 1
    outer loop
      vertex 73.8978 70.7728 3.5
      vertex 74.1216 68.5 3.5
      vertex 74.1216 70.5 3.5
    endloop
  endfacet
  facet normal 0 0 1
    outer loop
      vertex 73.8978 70.7728 3.5
      vertex 73.8978 68.2272 3.5
      vertex 74.1216 68.5 3.5
    endloop
  endfacet
  facet normal 0 0 1
    outer loop
      vertex 73.625 70.9966 3.5
      vertex 73.8978 68.2272 3.5
      vertex 73.8978 70.7728 3.5
    endloop
  endfacet
  facet normal 0 0 1
    outer loop
      vertex 73.625 70.9966 3.5
      vertex 73.625 68.0034 3.5
      vertex 73.8978 68.2272 3.5
    endloop
  endfacet
  facet normal 0 0 1
    outer loop
      vertex 73.3138 71.163 3.5
      vertex 73.625 68.0034 3.5
      vertex 73.625 70.9966 3.5
    endloop
  endfacet
  facet normal 0 0 1
    outer loop
      vertex 73.3138 71.163 3.5
      vertex 73.3138 67.837 3.5
      vertex 73.625 68.0034 3.5
    endloop
  endfacet
  facet normal 0 0 1
    outer loop
      vertex 72.9762 71.2654 3.5
      vertex 73.3138 67.837 3.5
      vertex 73.3138 71.163 3.5
    endloop
  endfacet
  facet normal 0 0 1
    outer loop
      vertex 72.9762 71.2654 3.5
      vertex 72.9762 67.7346 3.5
      vertex 73.3138 67.837 3.5
    endloop
  endfacet
  facet normal 0 0 1
    outer loop
      vertex 72.625 71.3 3.5
      vertex 72.9762 67.7346 3.5
      vertex 72.9762 71.2654 3.5
    endloop
  endfacet
  facet normal 0 0 1
    outer loop
      vertex 72.625 71.3 3.5
      vertex 72.625 67.7 3.5
      vertex 72.9762 67.7346 3.5
    endloop
  endfacet
  facet normal -0 0 1
    outer loop
      vertex 72.2738 71.2654 3.5
      vertex 72.625 67.7 3.5
      vertex 72.625 71.3 3.5
    endloop
  endfacet
  facet normal 0 0 1
    outer loop
      vertex 72.2738 71.2654 3.5
      vertex 72.2738 67.7346 3.5
      vertex 72.625 67.7 3.5
    endloop
  endfacet
  facet normal -0 0 1
    outer loop
      vertex 71.9362 71.163 3.5
      vertex 72.2738 67.7346 3.5
      vertex 72.2738 71.2654 3.5
    endloop
  endfacet
  facet normal 0 0 1
    outer loop
      vertex 71.9362 71.163 3.5
      vertex 71.9362 67.837 3.5
      vertex 72.2738 67.7346 3.5
    endloop
  endfacet
  facet normal -0 0 1
    outer loop
      vertex 71.625 70.9966 3.5
      vertex 71.9362 67.837 3.5
      vertex 71.9362 71.163 3.5
    endloop
  endfacet
  facet normal 0 0 1
    outer loop
      vertex 71.625 70.9966 3.5
      vertex 71.625 68.0034 3.5
      vertex 71.9362 67.837 3.5
    endloop
  endfacet
  facet normal -0 0 1
    outer loop
      vertex 71.3522 70.7728 3.5
      vertex 71.625 68.0034 3.5
      vertex 71.625 70.9966 3.5
    endloop
  endfacet
  facet normal 0 0 1
    outer loop
      vertex 71.3522 70.7728 3.5
      vertex 71.3522 68.2272 3.5
      vertex 71.625 68.0034 3.5
    endloop
  endfacet
  facet normal -0 0 1
    outer loop
      vertex 71.1284 70.5 3.5
      vertex 71.3522 68.2272 3.5
      vertex 71.3522 70.7728 3.5
    endloop
  endfacet
  facet normal 0 0 1
    outer loop
      vertex 71.1284 70.5 3.5
      vertex 71.1284 68.5 3.5
      vertex 71.3522 68.2272 3.5
    endloop
  endfacet
  facet normal -0 0 1
    outer loop
      vertex 70.962 70.1888 3.5
      vertex 71.1284 68.5 3.5
      vertex 71.1284 70.5 3.5
    endloop
  endfacet
  facet normal 0 0 1
    outer loop
      vertex 70.962 70.1888 3.5
      vertex 70.962 68.8112 3.5
      vertex 71.1284 68.5 3.5
    endloop
  endfacet
  facet normal -0 0 1
    outer loop
      vertex 70.8596 69.8512 3.5
      vertex 70.962 68.8112 3.5
      vertex 70.962 70.1888 3.5
    endloop
  endfacet
  facet normal 0 0 1
    outer loop
      vertex 70.8596 69.8512 3.5
      vertex 70.8596 69.1488 3.5
      vertex 70.962 68.8112 3.5
    endloop
  endfacet
  facet normal 0 -0 1
    outer loop
      vertex 70.8596 69.1488 3.5
      vertex 70.8596 69.8512 3.5
      vertex 70.825 69.5 3.5
    endloop
  endfacet
  facet normal -0.0980447 0.995182 0
    outer loop
      vertex 72.9762 67.7346 3.5
      vertex 72.625 67.7 8
      vertex 72.9762 67.7346 8
    endloop
  endfacet
  facet normal -0.0980447 0.995182 0
    outer loop
      vertex 72.625 67.7 8
      vertex 72.9762 67.7346 3.5
      vertex 72.625 67.7 3.5
    endloop
  endfacet
  facet normal -0.956948 0.290259 0
    outer loop
      vertex 74.288 68.8112 3.5
      vertex 74.3904 69.1488 8
      vertex 74.3904 69.1488 3.5
    endloop
  endfacet
  facet normal -0.956948 0.290259 0
    outer loop
      vertex 74.3904 69.1488 8
      vertex 74.288 68.8112 3.5
      vertex 74.288 68.8112 8
    endloop
  endfacet
  facet normal -0.773123 0.634256 0
    outer loop
      vertex 73.8978 68.2272 3.5
      vertex 74.1216 68.5 8
      vertex 74.1216 68.5 3.5
    endloop
  endfacet
  facet normal -0.773123 0.634256 0
    outer loop
      vertex 74.1216 68.5 8
      vertex 73.8978 68.2272 3.5
      vertex 73.8978 68.2272 8
    endloop
  endfacet
  facet normal -0.88185 0.471529 0
    outer loop
      vertex 74.1216 68.5 3.5
      vertex 74.288 68.8112 8
      vertex 74.288 68.8112 3.5
    endloop
  endfacet
  facet normal -0.88185 0.471529 0
    outer loop
      vertex 74.288 68.8112 8
      vertex 74.1216 68.5 3.5
      vertex 74.1216 68.5 8
    endloop
  endfacet
  facet normal -0.471529 0.88185 0
    outer loop
      vertex 73.625 68.0034 3.5
      vertex 73.3138 67.837 8
      vertex 73.625 68.0034 8
    endloop
  endfacet
  facet normal -0.471529 0.88185 0
    outer loop
      vertex 73.3138 67.837 8
      vertex 73.625 68.0034 3.5
      vertex 73.3138 67.837 3.5
    endloop
  endfacet
  facet normal 0.956948 0.290259 0
    outer loop
      vertex 70.962 68.8112 8
      vertex 70.8596 69.1488 3.5
      vertex 70.8596 69.1488 8
    endloop
  endfacet
  facet normal 0.956948 0.290259 0
    outer loop
      vertex 70.8596 69.1488 3.5
      vertex 70.962 68.8112 8
      vertex 70.962 68.8112 3.5
    endloop
  endfacet
  facet normal 0.773123 -0.634256 0
    outer loop
      vertex 71.1284 70.5 8
      vertex 71.3522 70.7728 3.5
      vertex 71.3522 70.7728 8
    endloop
  endfacet
  facet normal 0.773123 -0.634256 0
    outer loop
      vertex 71.3522 70.7728 3.5
      vertex 71.1284 70.5 8
      vertex 71.1284 70.5 3.5
    endloop
  endfacet
  facet normal -0.773123 -0.634256 0
    outer loop
      vertex 74.1216 70.5 3.5
      vertex 73.8978 70.7728 8
      vertex 73.8978 70.7728 3.5
    endloop
  endfacet
  facet normal -0.773123 -0.634256 0
    outer loop
      vertex 73.8978 70.7728 8
      vertex 74.1216 70.5 3.5
      vertex 74.1216 70.5 8
    endloop
  endfacet
  facet normal 0.471529 -0.88185 0
    outer loop
      vertex 71.625 70.9966 3.5
      vertex 71.9362 71.163 8
      vertex 71.625 70.9966 8
    endloop
  endfacet
  facet normal 0.471529 -0.88185 0
    outer loop
      vertex 71.9362 71.163 8
      vertex 71.625 70.9966 3.5
      vertex 71.9362 71.163 3.5
    endloop
  endfacet
  facet normal 0.290259 -0.956948 0
    outer loop
      vertex 71.9362 71.163 3.5
      vertex 72.2738 71.2654 8
      vertex 71.9362 71.163 8
    endloop
  endfacet
  facet normal 0.290259 -0.956948 0
    outer loop
      vertex 72.2738 71.2654 8
      vertex 71.9362 71.163 3.5
      vertex 72.2738 71.2654 3.5
    endloop
  endfacet
  facet normal 0.290259 0.956948 -0
    outer loop
      vertex 72.2738 67.7346 3.5
      vertex 71.9362 67.837 8
      vertex 72.2738 67.7346 8
    endloop
  endfacet
  facet normal 0.290259 0.956948 0
    outer loop
      vertex 71.9362 67.837 8
      vertex 72.2738 67.7346 3.5
      vertex 71.9362 67.837 3.5
    endloop
  endfacet
  facet normal 0.634256 -0.773123 0
    outer loop
      vertex 71.3522 70.7728 3.5
      vertex 71.625 70.9966 8
      vertex 71.3522 70.7728 8
    endloop
  endfacet
  facet normal 0.634256 -0.773123 0
    outer loop
      vertex 71.625 70.9966 8
      vertex 71.3522 70.7728 3.5
      vertex 71.625 70.9966 3.5
    endloop
  endfacet
  facet normal -0.290259 -0.956948 0
    outer loop
      vertex 72.9762 71.2654 3.5
      vertex 73.3138 71.163 8
      vertex 72.9762 71.2654 8
    endloop
  endfacet
  facet normal -0.290259 -0.956948 -0
    outer loop
      vertex 73.3138 71.163 8
      vertex 72.9762 71.2654 3.5
      vertex 73.3138 71.163 3.5
    endloop
  endfacet
  facet normal -0.634256 0.773123 0
    outer loop
      vertex 73.8978 68.2272 3.5
      vertex 73.625 68.0034 8
      vertex 73.8978 68.2272 8
    endloop
  endfacet
  facet normal -0.634256 0.773123 0
    outer loop
      vertex 73.625 68.0034 8
      vertex 73.8978 68.2272 3.5
      vertex 73.625 68.0034 3.5
    endloop
  endfacet
  facet normal 0.995182 -0.0980447 0
    outer loop
      vertex 70.825 69.5 8
      vertex 70.8596 69.8512 3.5
      vertex 70.8596 69.8512 8
    endloop
  endfacet
  facet normal 0.995182 -0.0980447 0
    outer loop
      vertex 70.8596 69.8512 3.5
      vertex 70.825 69.5 8
      vertex 70.825 69.5 3.5
    endloop
  endfacet
  facet normal -0.0980447 -0.995182 0
    outer loop
      vertex 72.625 71.3 3.5
      vertex 72.9762 71.2654 8
      vertex 72.625 71.3 8
    endloop
  endfacet
  facet normal -0.0980447 -0.995182 -0
    outer loop
      vertex 72.9762 71.2654 8
      vertex 72.625 71.3 3.5
      vertex 72.9762 71.2654 3.5
    endloop
  endfacet
  facet normal -0.471529 -0.88185 0
    outer loop
      vertex 73.3138 71.163 3.5
      vertex 73.625 70.9966 8
      vertex 73.3138 71.163 8
    endloop
  endfacet
  facet normal -0.471529 -0.88185 -0
    outer loop
      vertex 73.625 70.9966 8
      vertex 73.3138 71.163 3.5
      vertex 73.625 70.9966 3.5
    endloop
  endfacet
  facet normal 0.773123 0.634256 0
    outer loop
      vertex 71.3522 68.2272 8
      vertex 71.1284 68.5 3.5
      vertex 71.1284 68.5 8
    endloop
  endfacet
  facet normal 0.773123 0.634256 0
    outer loop
      vertex 71.1284 68.5 3.5
      vertex 71.3522 68.2272 8
      vertex 71.3522 68.2272 3.5
    endloop
  endfacet
  facet normal 0.0980447 0.995182 -0
    outer loop
      vertex 72.625 67.7 3.5
      vertex 72.2738 67.7346 8
      vertex 72.625 67.7 8
    endloop
  endfacet
  facet normal 0.0980447 0.995182 0
    outer loop
      vertex 72.2738 67.7346 8
      vertex 72.625 67.7 3.5
      vertex 72.2738 67.7346 3.5
    endloop
  endfacet
  facet normal 0.634256 0.773123 -0
    outer loop
      vertex 71.625 68.0034 3.5
      vertex 71.3522 68.2272 8
      vertex 71.625 68.0034 8
    endloop
  endfacet
  facet normal 0.634256 0.773123 0
    outer loop
      vertex 71.3522 68.2272 8
      vertex 71.625 68.0034 3.5
      vertex 71.3522 68.2272 3.5
    endloop
  endfacet
  facet normal 0.956948 -0.290259 0
    outer loop
      vertex 70.8596 69.8512 8
      vertex 70.962 70.1888 3.5
      vertex 70.962 70.1888 8
    endloop
  endfacet
  facet normal 0.956948 -0.290259 0
    outer loop
      vertex 70.962 70.1888 3.5
      vertex 70.8596 69.8512 8
      vertex 70.8596 69.8512 3.5
    endloop
  endfacet
  facet normal 0.88185 -0.471529 0
    outer loop
      vertex 70.962 70.1888 8
      vertex 71.1284 70.5 3.5
      vertex 71.1284 70.5 8
    endloop
  endfacet
  facet normal 0.88185 -0.471529 0
    outer loop
      vertex 71.1284 70.5 3.5
      vertex 70.962 70.1888 8
      vertex 70.962 70.1888 3.5
    endloop
  endfacet
  facet normal 0.995182 0.0980447 0
    outer loop
      vertex 70.8596 69.1488 8
      vertex 70.825 69.5 3.5
      vertex 70.825 69.5 8
    endloop
  endfacet
  facet normal 0.995182 0.0980447 0
    outer loop
      vertex 70.825 69.5 3.5
      vertex 70.8596 69.1488 8
      vertex 70.8596 69.1488 3.5
    endloop
  endfacet
  facet normal 0 0 1
    outer loop
      vertex 113.625 -5.5 3.4
      vertex 111.125 -1.5 3.4
      vertex 108.625 -5.5 3.4
    endloop
  endfacet
  facet normal 0 1 -0
    outer loop
      vertex 113.625 -5.5 3.4
      vertex 108.625 -5.5 4
      vertex 113.625 -5.5 4
    endloop
  endfacet
  facet normal 0 1 0
    outer loop
      vertex 108.625 -5.5 4
      vertex 113.625 -5.5 3.4
      vertex 108.625 -5.5 3.4
    endloop
  endfacet
  facet normal -0.847998 -0.529999 0
    outer loop
      vertex 113.625 -5.5 3.4
      vertex 111.125 -1.5 4
      vertex 111.125 -1.5 3.4
    endloop
  endfacet
  facet normal -0.847998 -0.529999 0
    outer loop
      vertex 111.125 -1.5 4
      vertex 113.625 -5.5 3.4
      vertex 113.625 -5.5 4
    endloop
  endfacet
  facet normal 0.847998 -0.529999 0
    outer loop
      vertex 108.625 -5.5 4
      vertex 111.125 -1.5 3.4
      vertex 111.125 -1.5 4
    endloop
  endfacet
  facet normal 0.847998 -0.529999 0
    outer loop
      vertex 111.125 -1.5 3.4
      vertex 108.625 -5.5 4
      vertex 108.625 -5.5 3.4
    endloop
  endfacet
endsolid OpenSCAD_Model
