solid OpenSCAD_Model
  facet normal 1 -0 0
    outer loop
      vertex 222.25 -11 46
      vertex 222.25 -4.18999 0.41
      vertex 222.25 -4.18999 46
    endloop
  endfacet
  facet normal 1 0 0
    outer loop
      vertex 222.25 -11 0.4
      vertex 222.25 -4.18999 0.41
      vertex 222.25 -11 46
    endloop
  endfacet
  facet normal 1 0 0
    outer loop
      vertex 222.25 -4.18999 0.41
      vertex 222.25 -11 0.4
      vertex 222.25 -4.20017 0.4
    endloop
  endfacet
  facet normal 1 -0 0
    outer loop
      vertex 222.25 4.18999 0.41
      vertex 222.25 11 0.4
      vertex 222.25 11 46
    endloop
  endfacet
  facet normal 1 0 0
    outer loop
      vertex 222.25 4.18999 0.41
      vertex 222.25 11 46
      vertex 222.25 4.18999 46
    endloop
  endfacet
  facet normal 1 0 0
    outer loop
      vertex 222.25 11 0.4
      vertex 222.25 4.18999 0.41
      vertex 222.25 4.20017 0.4
    endloop
  endfacet
  facet normal 0 0 1
    outer loop
      vertex 106.625 8.15 46
      vertex 104.425 8.15 46
      vertex 104.472 7.43211 46
    endloop
  endfacet
  facet normal 0 0 1
    outer loop
      vertex 222.25 11 46
      vertex 211.65 7.37 46
      vertex 222.25 4.18999 46
    endloop
  endfacet
  facet normal 0 0 1
    outer loop
      vertex 211.65 7.37 46
      vertex 208.65 8.3 46
      vertex 211.65 -7.37 46
    endloop
  endfacet
  facet normal 0 0 1
    outer loop
      vertex 222.25 11 46
      vertex 208.65 8.3 46
      vertex 211.65 7.37 46
    endloop
  endfacet
  facet normal -0 0 1
    outer loop
      vertex 117.021 11 46
      vertex 208.65 8.3 46
      vertex 222.25 11 46
    endloop
  endfacet
  facet normal 0 0 1
    outer loop
      vertex 117.825 8.15 46
      vertex 115.625 8.15 46
      vertex 117.778 7.43211 46
    endloop
  endfacet
  facet normal 0 0 1
    outer loop
      vertex 117.778 7.43211 46
      vertex 115.597 7.71926 46
      vertex 117.638 6.72649 46
    endloop
  endfacet
  facet normal -0 0 1
    outer loop
      vertex 115.513 7.2959 46
      vertex 117.638 6.72649 46
      vertex 115.597 7.71926 46
    endloop
  endfacet
  facet normal 0 0 1
    outer loop
      vertex 208.65 8.3 46
      vertex 117.021 11 46
      vertex 117.815 8.3 46
    endloop
  endfacet
  facet normal -0 0 1
    outer loop
      vertex 115.513 9.0041 46
      vertex 117.815 8.3 46
      vertex 117.021 11 46
    endloop
  endfacet
  facet normal 0 0 1
    outer loop
      vertex 114.943 10.1589 46
      vertex 117.021 11 46
      vertex 116.688 11.4982 46
    endloop
  endfacet
  facet normal 0 0 1
    outer loop
      vertex 117.778 7.43211 46
      vertex 115.625 8.15 46
      vertex 115.597 7.71926 46
    endloop
  endfacet
  facet normal 0 0 1
    outer loop
      vertex 114.943 10.1589 46
      vertex 116.688 11.4982 46
      vertex 116.214 12.0391 46
    endloop
  endfacet
  facet normal 0 0 1
    outer loop
      vertex 117.638 6.72649 46
      vertex 115.513 7.2959 46
      vertex 117.406 6.04524 46
    endloop
  endfacet
  facet normal 0 0 1
    outer loop
      vertex 114.658 10.4835 46
      vertex 116.214 12.0391 46
      vertex 115.673 12.5134 46
    endloop
  endfacet
  facet normal -0 0 1
    outer loop
      vertex 115.374 6.88714 46
      vertex 117.406 6.04524 46
      vertex 115.513 7.2959 46
    endloop
  endfacet
  facet normal 0 0 1
    outer loop
      vertex 117.406 6.04524 46
      vertex 115.374 6.88714 46
      vertex 117.088 5.4 46
    endloop
  endfacet
  facet normal 0 0 1
    outer loop
      vertex 117.815 8.3 46
      vertex 115.597 8.58074 46
      vertex 115.625 8.15 46
    endloop
  endfacet
  facet normal 0 0 1
    outer loop
      vertex 117.815 8.3 46
      vertex 115.513 9.0041 46
      vertex 115.597 8.58074 46
    endloop
  endfacet
  facet normal 0 0 1
    outer loop
      vertex 117.021 11 46
      vertex 115.374 9.41286 46
      vertex 115.513 9.0041 46
    endloop
  endfacet
  facet normal 0 0 1
    outer loop
      vertex 117.021 11 46
      vertex 115.183 9.8 46
      vertex 115.374 9.41286 46
    endloop
  endfacet
  facet normal 0 0 1
    outer loop
      vertex 114.334 10.7681 46
      vertex 115.673 12.5134 46
      vertex 115.075 12.9131 46
    endloop
  endfacet
  facet normal 0 0 1
    outer loop
      vertex 117.021 11 46
      vertex 114.943 10.1589 46
      vertex 115.183 9.8 46
    endloop
  endfacet
  facet normal 0 0 1
    outer loop
      vertex 116.214 12.0391 46
      vertex 114.658 10.4835 46
      vertex 114.943 10.1589 46
    endloop
  endfacet
  facet normal 0 0 1
    outer loop
      vertex 113.975 11.0079 46
      vertex 115.075 12.9131 46
      vertex 114.43 13.2313 46
    endloop
  endfacet
  facet normal 0 0 1
    outer loop
      vertex 115.673 12.5134 46
      vertex 114.334 10.7681 46
      vertex 114.658 10.4835 46
    endloop
  endfacet
  facet normal 0 0 1
    outer loop
      vertex 115.075 12.9131 46
      vertex 113.975 11.0079 46
      vertex 114.334 10.7681 46
    endloop
  endfacet
  facet normal 0 0 1
    outer loop
      vertex 113.588 11.1988 46
      vertex 114.43 13.2313 46
      vertex 113.749 13.4626 46
    endloop
  endfacet
  facet normal 0 0 1
    outer loop
      vertex 114.43 13.2313 46
      vertex 113.588 11.1988 46
      vertex 113.975 11.0079 46
    endloop
  endfacet
  facet normal 0 0 1
    outer loop
      vertex 113.749 13.4626 46
      vertex 113.179 11.3376 46
      vertex 113.588 11.1988 46
    endloop
  endfacet
  facet normal 0 0 1
    outer loop
      vertex 113.043 13.6029 46
      vertex 113.179 11.3376 46
      vertex 113.749 13.4626 46
    endloop
  endfacet
  facet normal 0 0 1
    outer loop
      vertex 113.043 13.6029 46
      vertex 112.756 11.4218 46
      vertex 113.179 11.3376 46
    endloop
  endfacet
  facet normal 0 0 1
    outer loop
      vertex 112.325 13.65 46
      vertex 112.756 11.4218 46
      vertex 113.043 13.6029 46
    endloop
  endfacet
  facet normal 0 0 1
    outer loop
      vertex 112.325 13.65 46
      vertex 112.325 11.45 46
      vertex 112.756 11.4218 46
    endloop
  endfacet
  facet normal -0 0 1
    outer loop
      vertex 109.925 13.65 46
      vertex 112.325 11.45 46
      vertex 112.325 13.65 46
    endloop
  endfacet
  facet normal 0 0 1
    outer loop
      vertex 109.925 13.65 46
      vertex 109.925 11.45 46
      vertex 112.325 11.45 46
    endloop
  endfacet
  facet normal 0 0 1
    outer loop
      vertex 109.925 13.65 46
      vertex 109.494 11.4218 46
      vertex 109.925 11.45 46
    endloop
  endfacet
  facet normal -0 0 1
    outer loop
      vertex 109.207 13.6029 46
      vertex 109.494 11.4218 46
      vertex 109.925 13.65 46
    endloop
  endfacet
  facet normal 0 0 1
    outer loop
      vertex 109.207 13.6029 46
      vertex 109.071 11.3376 46
      vertex 109.494 11.4218 46
    endloop
  endfacet
  facet normal -0 0 1
    outer loop
      vertex 108.501 13.4626 46
      vertex 109.071 11.3376 46
      vertex 109.207 13.6029 46
    endloop
  endfacet
  facet normal 0 0 1
    outer loop
      vertex 109.071 11.3376 46
      vertex 108.501 13.4626 46
      vertex 108.662 11.1988 46
    endloop
  endfacet
  facet normal -0 0 1
    outer loop
      vertex 107.82 13.2313 46
      vertex 108.662 11.1988 46
      vertex 108.501 13.4626 46
    endloop
  endfacet
  facet normal 0 0 1
    outer loop
      vertex 108.662 11.1988 46
      vertex 107.82 13.2313 46
      vertex 108.275 11.0079 46
    endloop
  endfacet
  facet normal -0 0 1
    outer loop
      vertex 107.175 12.9131 46
      vertex 108.275 11.0079 46
      vertex 107.82 13.2313 46
    endloop
  endfacet
  facet normal 0 0 1
    outer loop
      vertex 108.275 11.0079 46
      vertex 107.175 12.9131 46
      vertex 107.916 10.7681 46
    endloop
  endfacet
  facet normal -0 0 1
    outer loop
      vertex 106.577 12.5134 46
      vertex 107.916 10.7681 46
      vertex 107.175 12.9131 46
    endloop
  endfacet
  facet normal 0 0 1
    outer loop
      vertex 107.916 10.7681 46
      vertex 106.577 12.5134 46
      vertex 107.592 10.4835 46
    endloop
  endfacet
  facet normal -0 0 1
    outer loop
      vertex 106.036 12.0391 46
      vertex 107.592 10.4835 46
      vertex 106.577 12.5134 46
    endloop
  endfacet
  facet normal 0 0 1
    outer loop
      vertex 107.592 10.4835 46
      vertex 106.036 12.0391 46
      vertex 107.307 10.1589 46
    endloop
  endfacet
  facet normal -0 0 1
    outer loop
      vertex 105.562 11.4982 46
      vertex 107.307 10.1589 46
      vertex 106.036 12.0391 46
    endloop
  endfacet
  facet normal -0 0 1
    outer loop
      vertex 105.229 11 46
      vertex 107.307 10.1589 46
      vertex 105.562 11.4982 46
    endloop
  endfacet
  facet normal 0 0 1
    outer loop
      vertex 107.067 9.8 46
      vertex 105.229 11 46
      vertex 106.876 9.41286 46
    endloop
  endfacet
  facet normal 0 0 1
    outer loop
      vertex 107.307 10.1589 46
      vertex 105.229 11 46
      vertex 107.067 9.8 46
    endloop
  endfacet
  facet normal -0 0 1
    outer loop
      vertex 211.65 -7.37 46
      vertex 222.25 -11 46
      vertex 222.25 -4.18999 46
    endloop
  endfacet
  facet normal 0 0 1
    outer loop
      vertex 208.65 -8.3 46
      vertex 211.65 -7.37 46
      vertex 208.65 8.3 46
    endloop
  endfacet
  facet normal -0 0 1
    outer loop
      vertex 208.65 -8.3 46
      vertex 222.25 -11 46
      vertex 211.65 -7.37 46
    endloop
  endfacet
  facet normal -0 0 1
    outer loop
      vertex 13.6 -8.3 46
      vertex 222.25 -11 46
      vertex 208.65 -8.3 46
    endloop
  endfacet
  facet normal -0 0 1
    outer loop
      vertex 10.6 -7.37 46
      vertex 13.6 -8.3 46
      vertex 10.6 7.37 46
    endloop
  endfacet
  facet normal 0 0 1
    outer loop
      vertex 0 -11 46
      vertex 10.6 -7.37 46
      vertex 0 -4.18999 46
    endloop
  endfacet
  facet normal 0 0 1
    outer loop
      vertex 13.6 -8.3 46
      vertex 0 -11 46
      vertex 222.25 -11 46
    endloop
  endfacet
  facet normal 0 0 1
    outer loop
      vertex 10.6 -7.37 46
      vertex 0 -11 46
      vertex 13.6 -8.3 46
    endloop
  endfacet
  facet normal 0 0 1
    outer loop
      vertex 115.625 8.15 46
      vertex 117.825 8.15 46
      vertex 117.815 8.3 46
    endloop
  endfacet
  facet normal -0 0 1
    outer loop
      vertex 115.183 6.5 46
      vertex 117.088 5.4 46
      vertex 115.374 6.88714 46
    endloop
  endfacet
  facet normal 0 0 1
    outer loop
      vertex 117.088 5.4 46
      vertex 115.183 6.5 46
      vertex 116.688 4.80181 46
    endloop
  endfacet
  facet normal -0 0 1
    outer loop
      vertex 114.943 6.14109 46
      vertex 116.688 4.80181 46
      vertex 115.183 6.5 46
    endloop
  endfacet
  facet normal 0 0 1
    outer loop
      vertex 116.688 4.80181 46
      vertex 114.943 6.14109 46
      vertex 116.214 4.26091 46
    endloop
  endfacet
  facet normal -0 0 1
    outer loop
      vertex 114.658 5.81655 46
      vertex 116.214 4.26091 46
      vertex 114.943 6.14109 46
    endloop
  endfacet
  facet normal 0 0 1
    outer loop
      vertex 116.214 4.26091 46
      vertex 114.658 5.81655 46
      vertex 115.673 3.78656 46
    endloop
  endfacet
  facet normal -0 0 1
    outer loop
      vertex 114.334 5.53193 46
      vertex 115.673 3.78656 46
      vertex 114.658 5.81655 46
    endloop
  endfacet
  facet normal 0 0 1
    outer loop
      vertex 115.673 3.78656 46
      vertex 114.334 5.53193 46
      vertex 115.075 3.38686 46
    endloop
  endfacet
  facet normal -0 0 1
    outer loop
      vertex 113.975 5.29212 46
      vertex 115.075 3.38686 46
      vertex 114.334 5.53193 46
    endloop
  endfacet
  facet normal 0 0 1
    outer loop
      vertex 115.075 3.38686 46
      vertex 113.975 5.29212 46
      vertex 114.43 3.06866 46
    endloop
  endfacet
  facet normal -0 0 1
    outer loop
      vertex 113.588 5.1012 46
      vertex 114.43 3.06866 46
      vertex 113.975 5.29212 46
    endloop
  endfacet
  facet normal 0 0 1
    outer loop
      vertex 114.43 3.06866 46
      vertex 113.588 5.1012 46
      vertex 113.749 2.83741 46
    endloop
  endfacet
  facet normal -0 0 1
    outer loop
      vertex 113.179 4.96244 46
      vertex 113.749 2.83741 46
      vertex 113.588 5.1012 46
    endloop
  endfacet
  facet normal 0 0 1
    outer loop
      vertex 113.179 4.96244 46
      vertex 113.043 2.69705 46
      vertex 113.749 2.83741 46
    endloop
  endfacet
  facet normal -0 0 1
    outer loop
      vertex 112.756 4.87823 46
      vertex 113.043 2.69705 46
      vertex 113.179 4.96244 46
    endloop
  endfacet
  facet normal -0 0 1
    outer loop
      vertex 112.325 4.85 46
      vertex 113.043 2.69705 46
      vertex 112.756 4.87823 46
    endloop
  endfacet
  facet normal 0 0 1
    outer loop
      vertex 112.325 4.85 46
      vertex 112.325 2.65 46
      vertex 113.043 2.69705 46
    endloop
  endfacet
  facet normal -0 0 1
    outer loop
      vertex 109.925 4.85 46
      vertex 112.325 2.65 46
      vertex 112.325 4.85 46
    endloop
  endfacet
  facet normal 0 0 1
    outer loop
      vertex 109.925 4.85 46
      vertex 109.925 2.65 46
      vertex 112.325 2.65 46
    endloop
  endfacet
  facet normal 0 0 1
    outer loop
      vertex 109.494 4.87823 46
      vertex 109.925 2.65 46
      vertex 109.925 4.85 46
    endloop
  endfacet
  facet normal 0 0 1
    outer loop
      vertex 109.494 4.87823 46
      vertex 109.207 2.69705 46
      vertex 109.925 2.65 46
    endloop
  endfacet
  facet normal 0 0 1
    outer loop
      vertex 109.071 4.96244 46
      vertex 109.207 2.69705 46
      vertex 109.494 4.87823 46
    endloop
  endfacet
  facet normal 0 0 1
    outer loop
      vertex 108.501 2.83741 46
      vertex 109.071 4.96244 46
      vertex 108.662 5.1012 46
    endloop
  endfacet
  facet normal 0 0 1
    outer loop
      vertex 109.071 4.96244 46
      vertex 108.501 2.83741 46
      vertex 109.207 2.69705 46
    endloop
  endfacet
  facet normal 0 0 1
    outer loop
      vertex 107.82 3.06866 46
      vertex 108.662 5.1012 46
      vertex 108.275 5.29212 46
    endloop
  endfacet
  facet normal 0 0 1
    outer loop
      vertex 107.175 3.38686 46
      vertex 108.275 5.29212 46
      vertex 107.916 5.53193 46
    endloop
  endfacet
  facet normal 0 0 1
    outer loop
      vertex 108.662 5.1012 46
      vertex 107.82 3.06866 46
      vertex 108.501 2.83741 46
    endloop
  endfacet
  facet normal 0 0 1
    outer loop
      vertex 106.577 3.78656 46
      vertex 107.916 5.53193 46
      vertex 107.592 5.81655 46
    endloop
  endfacet
  facet normal 0 0 1
    outer loop
      vertex 106.036 4.26091 46
      vertex 107.592 5.81655 46
      vertex 107.307 6.14109 46
    endloop
  endfacet
  facet normal 0 0 1
    outer loop
      vertex 108.275 5.29212 46
      vertex 107.175 3.38686 46
      vertex 107.82 3.06866 46
    endloop
  endfacet
  facet normal 0 0 1
    outer loop
      vertex 105.562 4.80181 46
      vertex 107.307 6.14109 46
      vertex 107.067 6.5 46
    endloop
  endfacet
  facet normal 0 0 1
    outer loop
      vertex 105.162 5.4 46
      vertex 107.067 6.5 46
      vertex 106.876 6.88714 46
    endloop
  endfacet
  facet normal 0 0 1
    outer loop
      vertex 104.844 6.04524 46
      vertex 106.876 6.88714 46
      vertex 106.737 7.2959 46
    endloop
  endfacet
  facet normal 0 0 1
    outer loop
      vertex 104.612 6.72649 46
      vertex 106.737 7.2959 46
      vertex 106.653 7.71926 46
    endloop
  endfacet
  facet normal 0 0 1
    outer loop
      vertex 107.916 5.53193 46
      vertex 106.577 3.78656 46
      vertex 107.175 3.38686 46
    endloop
  endfacet
  facet normal 0 0 1
    outer loop
      vertex 104.472 7.43211 46
      vertex 106.653 7.71926 46
      vertex 106.625 8.15 46
    endloop
  endfacet
  facet normal 0 0 1
    outer loop
      vertex 106.876 9.41286 46
      vertex 105.229 11 46
      vertex 106.737 9.0041 46
    endloop
  endfacet
  facet normal 0 0 1
    outer loop
      vertex 104.435 8.3 46
      vertex 106.737 9.0041 46
      vertex 105.229 11 46
    endloop
  endfacet
  facet normal 0 0 1
    outer loop
      vertex 107.592 5.81655 46
      vertex 106.036 4.26091 46
      vertex 106.577 3.78656 46
    endloop
  endfacet
  facet normal 0 0 1
    outer loop
      vertex 106.737 9.0041 46
      vertex 104.435 8.3 46
      vertex 106.653 8.58074 46
    endloop
  endfacet
  facet normal 0 0 1
    outer loop
      vertex 106.653 8.58074 46
      vertex 104.435 8.3 46
      vertex 106.625 8.15 46
    endloop
  endfacet
  facet normal 0 0 1
    outer loop
      vertex 107.307 6.14109 46
      vertex 105.562 4.80181 46
      vertex 106.036 4.26091 46
    endloop
  endfacet
  facet normal 0 0 1
    outer loop
      vertex 107.067 6.5 46
      vertex 105.162 5.4 46
      vertex 105.562 4.80181 46
    endloop
  endfacet
  facet normal 0 0 1
    outer loop
      vertex 106.876 6.88714 46
      vertex 104.844 6.04524 46
      vertex 105.162 5.4 46
    endloop
  endfacet
  facet normal 0 0 1
    outer loop
      vertex 106.737 7.2959 46
      vertex 104.612 6.72649 46
      vertex 104.844 6.04524 46
    endloop
  endfacet
  facet normal 0 0 1
    outer loop
      vertex 104.425 8.15 46
      vertex 106.625 8.15 46
      vertex 104.435 8.3 46
    endloop
  endfacet
  facet normal 0 0 1
    outer loop
      vertex 106.653 7.71926 46
      vertex 104.472 7.43211 46
      vertex 104.612 6.72649 46
    endloop
  endfacet
  facet normal 0 0 1
    outer loop
      vertex 105.229 11 46
      vertex 13.6 8.3 46
      vertex 104.435 8.3 46
    endloop
  endfacet
  facet normal 0 0 1
    outer loop
      vertex 13.6 8.3 46
      vertex 10.6 7.37 46
      vertex 13.6 -8.3 46
    endloop
  endfacet
  facet normal -0 0 1
    outer loop
      vertex 0 11 46
      vertex 13.6 8.3 46
      vertex 105.229 11 46
    endloop
  endfacet
  facet normal 0 0 1
    outer loop
      vertex 0 11 46
      vertex 10.6 7.37 46
      vertex 13.6 8.3 46
    endloop
  endfacet
  facet normal 0 0 1
    outer loop
      vertex 10.6 7.37 46
      vertex 0 11 46
      vertex 0 4.18999 46
    endloop
  endfacet
  facet normal -1 0 0
    outer loop
      vertex 0 -11 0.4
      vertex 0 -4.18999 0.41
      vertex 0 -4.20017 0.4
    endloop
  endfacet
  facet normal -1 -0 0
    outer loop
      vertex 0 -4.18999 0.41
      vertex 0 -11 0.4
      vertex 0 -4.18999 46
    endloop
  endfacet
  facet normal -1 -0 0
    outer loop
      vertex 0 -4.18999 46
      vertex 0 -11 0.4
      vertex 0 -11 46
    endloop
  endfacet
  facet normal -1 0 0
    outer loop
      vertex 0 4.18999 0.41
      vertex 0 11 0.4
      vertex 0 4.20017 0.4
    endloop
  endfacet
  facet normal -1 0 0
    outer loop
      vertex 0 11 0.4
      vertex 0 4.18999 0.41
      vertex 0 11 46
    endloop
  endfacet
  facet normal -1 -0 0
    outer loop
      vertex 0 11 46
      vertex 0 4.18999 0.41
      vertex 0 4.18999 46
    endloop
  endfacet
  facet normal 0 1 -0
    outer loop
      vertex 59.95 -8.3 19
      vertex 39.775 -8.3 32
      vertex 72.95 -8.3 32
    endloop
  endfacet
  facet normal 0 1 0
    outer loop
      vertex 59.95 -8.3 19
      vertex 52.775 -8.3 19
      vertex 39.775 -8.3 32
    endloop
  endfacet
  facet normal 0 1 -0
    outer loop
      vertex 59.95 -8.3 5
      vertex 52.775 -8.3 19
      vertex 59.95 -8.3 19
    endloop
  endfacet
  facet normal 0 1 0
    outer loop
      vertex 52.775 -8.3 19
      vertex 59.95 -8.3 5
      vertex 52.775 -8.3 5
    endloop
  endfacet
  facet normal 0 1 -0
    outer loop
      vertex 130.3 -8.3 19
      vertex 78.95 -8.3 32
      vertex 143.3 -8.3 32
    endloop
  endfacet
  facet normal 0 1 0
    outer loop
      vertex 130.3 -8.3 19
      vertex 91.95 -8.3 19
      vertex 78.95 -8.3 32
    endloop
  endfacet
  facet normal 0 1 -0
    outer loop
      vertex 130.3 -8.3 5
      vertex 91.95 -8.3 19
      vertex 130.3 -8.3 19
    endloop
  endfacet
  facet normal 0 1 0
    outer loop
      vertex 91.95 -8.3 19
      vertex 130.3 -8.3 5
      vertex 91.95 -8.3 5
    endloop
  endfacet
  facet normal 0 1 -0
    outer loop
      vertex 169.475 -8.3 19
      vertex 149.3 -8.3 32
      vertex 182.475 -8.3 32
    endloop
  endfacet
  facet normal 0 1 0
    outer loop
      vertex 169.475 -8.3 19
      vertex 162.3 -8.3 19
      vertex 149.3 -8.3 32
    endloop
  endfacet
  facet normal 0 1 -0
    outer loop
      vertex 169.475 -8.3 5
      vertex 162.3 -8.3 19
      vertex 169.475 -8.3 19
    endloop
  endfacet
  facet normal 0 1 0
    outer loop
      vertex 162.3 -8.3 19
      vertex 169.475 -8.3 5
      vertex 162.3 -8.3 5
    endloop
  endfacet
  facet normal 0 1 0
    outer loop
      vertex 182.475 -8.3 32
      vertex 208.65 -8.3 46
      vertex 188.475 -8.3 32
    endloop
  endfacet
  facet normal 0 1 0
    outer loop
      vertex 208.65 -8.3 46
      vertex 201.475 -8.3 19
      vertex 188.475 -8.3 32
    endloop
  endfacet
  facet normal 0 1 -0
    outer loop
      vertex 208.65 -8.3 4
      vertex 201.475 -8.3 19
      vertex 208.65 -8.3 46
    endloop
  endfacet
  facet normal 0 1 0
    outer loop
      vertex 208.65 -8.3 4
      vertex 169.475 -8.3 5
      vertex 201.475 -8.3 5
    endloop
  endfacet
  facet normal 0 1 0
    outer loop
      vertex 169.475 -8.3 5
      vertex 208.65 -8.3 4
      vertex 162.3 -8.3 5
    endloop
  endfacet
  facet normal 0 1 0
    outer loop
      vertex 162.3 -8.3 5
      vertex 208.65 -8.3 4
      vertex 130.3 -8.3 5
    endloop
  endfacet
  facet normal 0 1 0
    outer loop
      vertex 130.3 -8.3 5
      vertex 208.65 -8.3 4
      vertex 91.95 -8.3 5
    endloop
  endfacet
  facet normal 0 1 0
    outer loop
      vertex 13.6 -8.3 4
      vertex 91.95 -8.3 5
      vertex 208.65 -8.3 4
    endloop
  endfacet
  facet normal 0 1 0
    outer loop
      vertex 91.95 -8.3 5
      vertex 13.6 -8.3 4
      vertex 59.95 -8.3 5
    endloop
  endfacet
  facet normal 0 1 0
    outer loop
      vertex 59.95 -8.3 5
      vertex 13.6 -8.3 4
      vertex 52.775 -8.3 5
    endloop
  endfacet
  facet normal 0 1 0
    outer loop
      vertex 201.475 -8.3 19
      vertex 208.65 -8.3 4
      vertex 201.475 -8.3 5
    endloop
  endfacet
  facet normal 0 1 0
    outer loop
      vertex 149.3 -8.3 32
      vertex 208.65 -8.3 46
      vertex 182.475 -8.3 32
    endloop
  endfacet
  facet normal 0 1 0
    outer loop
      vertex 143.3 -8.3 32
      vertex 208.65 -8.3 46
      vertex 149.3 -8.3 32
    endloop
  endfacet
  facet normal 0 1 0
    outer loop
      vertex 208.65 -8.3 46
      vertex 143.3 -8.3 32
      vertex 13.6 -8.3 46
    endloop
  endfacet
  facet normal 0 1 -0
    outer loop
      vertex 78.95 -8.3 32
      vertex 13.6 -8.3 46
      vertex 143.3 -8.3 32
    endloop
  endfacet
  facet normal 0 1 -0
    outer loop
      vertex 72.95 -8.3 32
      vertex 13.6 -8.3 46
      vertex 78.95 -8.3 32
    endloop
  endfacet
  facet normal 0 1 -0
    outer loop
      vertex 39.775 -8.3 32
      vertex 13.6 -8.3 46
      vertex 72.95 -8.3 32
    endloop
  endfacet
  facet normal 0 1 -0
    outer loop
      vertex 33.775 -8.3 32
      vertex 13.6 -8.3 46
      vertex 39.775 -8.3 32
    endloop
  endfacet
  facet normal 0 1 -0
    outer loop
      vertex 20.775 -8.3 19
      vertex 13.6 -8.3 46
      vertex 33.775 -8.3 32
    endloop
  endfacet
  facet normal 0 1 0
    outer loop
      vertex 13.6 -8.3 4
      vertex 20.775 -8.3 19
      vertex 20.775 -8.3 5
    endloop
  endfacet
  facet normal 0 1 0
    outer loop
      vertex 20.775 -8.3 19
      vertex 13.6 -8.3 4
      vertex 13.6 -8.3 46
    endloop
  endfacet
  facet normal 0 1 0
    outer loop
      vertex 52.775 -8.3 5
      vertex 13.6 -8.3 4
      vertex 20.775 -8.3 5
    endloop
  endfacet
  facet normal 0 -1 0
    outer loop
      vertex 162.3 -11 19
      vertex 182.475 -11 32
      vertex 149.3 -11 32
    endloop
  endfacet
  facet normal 0 -1 0
    outer loop
      vertex 162.3 -11 19
      vertex 169.475 -11 19
      vertex 182.475 -11 32
    endloop
  endfacet
  facet normal 0 -1 0
    outer loop
      vertex 162.3 -11 5
      vertex 169.475 -11 19
      vertex 162.3 -11 19
    endloop
  endfacet
  facet normal 0 -1 -0
    outer loop
      vertex 169.475 -11 19
      vertex 162.3 -11 5
      vertex 169.475 -11 5
    endloop
  endfacet
  facet normal 0 -1 0
    outer loop
      vertex 91.95 -11 19
      vertex 143.3 -11 32
      vertex 78.95 -11 32
    endloop
  endfacet
  facet normal 0 -1 0
    outer loop
      vertex 91.95 -11 19
      vertex 130.3 -11 19
      vertex 143.3 -11 32
    endloop
  endfacet
  facet normal 0 -1 0
    outer loop
      vertex 91.95 -11 5
      vertex 130.3 -11 19
      vertex 91.95 -11 19
    endloop
  endfacet
  facet normal 0 -1 -0
    outer loop
      vertex 130.3 -11 19
      vertex 91.95 -11 5
      vertex 130.3 -11 5
    endloop
  endfacet
  facet normal 0 -1 0
    outer loop
      vertex 52.775 -11 19
      vertex 72.95 -11 32
      vertex 39.775 -11 32
    endloop
  endfacet
  facet normal 0 -1 0
    outer loop
      vertex 52.775 -11 19
      vertex 59.95 -11 19
      vertex 72.95 -11 32
    endloop
  endfacet
  facet normal 0 -1 0
    outer loop
      vertex 52.775 -11 5
      vertex 59.95 -11 19
      vertex 52.775 -11 19
    endloop
  endfacet
  facet normal 0 -1 -0
    outer loop
      vertex 59.95 -11 19
      vertex 52.775 -11 5
      vertex 59.95 -11 5
    endloop
  endfacet
  facet normal 0 -1 0
    outer loop
      vertex 39.775 -11 32
      vertex 0 -11 46
      vertex 33.775 -11 32
    endloop
  endfacet
  facet normal 0 -1 0
    outer loop
      vertex 0 -11 46
      vertex 20.775 -11 19
      vertex 33.775 -11 32
    endloop
  endfacet
  facet normal 0 -1 0
    outer loop
      vertex 0 -11 0.4
      vertex 20.775 -11 19
      vertex 0 -11 46
    endloop
  endfacet
  facet normal 0 -1 0
    outer loop
      vertex 0 -11 0.4
      vertex 52.775 -11 5
      vertex 20.775 -11 5
    endloop
  endfacet
  facet normal 0 -1 -0
    outer loop
      vertex 52.775 -11 5
      vertex 0 -11 0.4
      vertex 59.95 -11 5
    endloop
  endfacet
  facet normal 0 -1 -0
    outer loop
      vertex 59.95 -11 5
      vertex 0 -11 0.4
      vertex 91.95 -11 5
    endloop
  endfacet
  facet normal 0 -1 -0
    outer loop
      vertex 91.95 -11 5
      vertex 0 -11 0.4
      vertex 130.3 -11 5
    endloop
  endfacet
  facet normal 0 -1 0
    outer loop
      vertex 222.25 -11 0.4
      vertex 130.3 -11 5
      vertex 0 -11 0.4
    endloop
  endfacet
  facet normal 0 -1 0
    outer loop
      vertex 130.3 -11 5
      vertex 222.25 -11 0.4
      vertex 162.3 -11 5
    endloop
  endfacet
  facet normal 0 -1 0
    outer loop
      vertex 162.3 -11 5
      vertex 222.25 -11 0.4
      vertex 169.475 -11 5
    endloop
  endfacet
  facet normal 0 -1 -0
    outer loop
      vertex 20.775 -11 19
      vertex 0 -11 0.4
      vertex 20.775 -11 5
    endloop
  endfacet
  facet normal 0 -1 0
    outer loop
      vertex 72.95 -11 32
      vertex 0 -11 46
      vertex 39.775 -11 32
    endloop
  endfacet
  facet normal 0 -1 0
    outer loop
      vertex 78.95 -11 32
      vertex 0 -11 46
      vertex 72.95 -11 32
    endloop
  endfacet
  facet normal 0 -1 0
    outer loop
      vertex 0 -11 46
      vertex 78.95 -11 32
      vertex 222.25 -11 46
    endloop
  endfacet
  facet normal 0 -1 0
    outer loop
      vertex 143.3 -11 32
      vertex 222.25 -11 46
      vertex 78.95 -11 32
    endloop
  endfacet
  facet normal 0 -1 0
    outer loop
      vertex 149.3 -11 32
      vertex 222.25 -11 46
      vertex 143.3 -11 32
    endloop
  endfacet
  facet normal 0 -1 0
    outer loop
      vertex 182.475 -11 32
      vertex 222.25 -11 46
      vertex 149.3 -11 32
    endloop
  endfacet
  facet normal 0 -1 0
    outer loop
      vertex 188.475 -11 32
      vertex 222.25 -11 46
      vertex 182.475 -11 32
    endloop
  endfacet
  facet normal 0 -1 0
    outer loop
      vertex 201.475 -11 19
      vertex 222.25 -11 46
      vertex 188.475 -11 32
    endloop
  endfacet
  facet normal 0 -1 0
    outer loop
      vertex 222.25 -11 0.4
      vertex 201.475 -11 19
      vertex 201.475 -11 5
    endloop
  endfacet
  facet normal 0 -1 0
    outer loop
      vertex 201.475 -11 19
      vertex 222.25 -11 0.4
      vertex 222.25 -11 46
    endloop
  endfacet
  facet normal 0 -1 0
    outer loop
      vertex 169.475 -11 5
      vertex 222.25 -11 0.4
      vertex 201.475 -11 5
    endloop
  endfacet
  facet normal 0 1 -0
    outer loop
      vertex 59.95 11 19
      vertex 39.775 11 32
      vertex 72.95 11 32
    endloop
  endfacet
  facet normal 0 1 0
    outer loop
      vertex 59.95 11 19
      vertex 52.775 11 19
      vertex 39.775 11 32
    endloop
  endfacet
  facet normal 0 1 -0
    outer loop
      vertex 59.95 11 5
      vertex 52.775 11 19
      vertex 59.95 11 19
    endloop
  endfacet
  facet normal 0 1 0
    outer loop
      vertex 52.775 11 19
      vertex 59.95 11 5
      vertex 52.775 11 5
    endloop
  endfacet
  facet normal 0 1 0
    outer loop
      vertex 72.95 11 32
      vertex 105.229 11 46
      vertex 78.95 11 32
    endloop
  endfacet
  facet normal 0 1 0
    outer loop
      vertex 105.229 11 46
      vertex 91.95 11 19
      vertex 78.95 11 32
    endloop
  endfacet
  facet normal 0 1 -0
    outer loop
      vertex 105.229 11 0.4
      vertex 91.95 11 19
      vertex 105.229 11 46
    endloop
  endfacet
  facet normal 0 1 0
    outer loop
      vertex 101.125 11 3
      vertex 59.95 11 5
      vertex 91.95 11 5
    endloop
  endfacet
  facet normal 0 1 0
    outer loop
      vertex 59.95 11 5
      vertex 101.125 11 3
      vertex 52.775 11 5
    endloop
  endfacet
  facet normal 0 1 0
    outer loop
      vertex 6 11 3
      vertex 52.775 11 5
      vertex 101.125 11 3
    endloop
  endfacet
  facet normal 0 1 0
    outer loop
      vertex 91.95 11 19
      vertex 101.125 11 3
      vertex 91.95 11 5
    endloop
  endfacet
  facet normal 0 1 0
    outer loop
      vertex 91.95 11 19
      vertex 105.229 11 0.4
      vertex 101.125 11 3
    endloop
  endfacet
  facet normal 0 1 0
    outer loop
      vertex 101.125 11 3
      vertex 105.229 11 0.4
      vertex 101.125 11 0.4
    endloop
  endfacet
  facet normal 0 1 0
    outer loop
      vertex 39.775 11 32
      vertex 105.229 11 46
      vertex 72.95 11 32
    endloop
  endfacet
  facet normal 0 1 0
    outer loop
      vertex 105.229 11 46
      vertex 39.775 11 32
      vertex 0 11 46
    endloop
  endfacet
  facet normal 0 1 -0
    outer loop
      vertex 33.775 11 32
      vertex 0 11 46
      vertex 39.775 11 32
    endloop
  endfacet
  facet normal 0 1 -0
    outer loop
      vertex 20.775 11 19
      vertex 0 11 46
      vertex 33.775 11 32
    endloop
  endfacet
  facet normal 0 1 0
    outer loop
      vertex 6 11 3
      vertex 20.775 11 19
      vertex 20.775 11 5
    endloop
  endfacet
  facet normal 0 1 0
    outer loop
      vertex 52.775 11 5
      vertex 6 11 3
      vertex 20.775 11 5
    endloop
  endfacet
  facet normal 0 1 0
    outer loop
      vertex 20.775 11 19
      vertex 6 11 3
      vertex 0 11 46
    endloop
  endfacet
  facet normal 0 1 0
    outer loop
      vertex 0 11 0.4
      vertex 6 11 3
      vertex 6 11 0.4
    endloop
  endfacet
  facet normal 0 1 0
    outer loop
      vertex 6 11 3
      vertex 0 11 0.4
      vertex 0 11 46
    endloop
  endfacet
  facet normal 0 1 -0
    outer loop
      vertex 169.475 11 19
      vertex 149.3 11 32
      vertex 182.475 11 32
    endloop
  endfacet
  facet normal 0 1 0
    outer loop
      vertex 169.475 11 19
      vertex 162.3 11 19
      vertex 149.3 11 32
    endloop
  endfacet
  facet normal 0 1 -0
    outer loop
      vertex 169.475 11 5
      vertex 162.3 11 19
      vertex 169.475 11 19
    endloop
  endfacet
  facet normal 0 1 0
    outer loop
      vertex 162.3 11 19
      vertex 169.475 11 5
      vertex 162.3 11 5
    endloop
  endfacet
  facet normal 0 1 0
    outer loop
      vertex 182.475 11 32
      vertex 222.25 11 46
      vertex 188.475 11 32
    endloop
  endfacet
  facet normal 0 1 0
    outer loop
      vertex 222.25 11 46
      vertex 201.475 11 19
      vertex 188.475 11 32
    endloop
  endfacet
  facet normal 0 1 -0
    outer loop
      vertex 222.25 11 0.4
      vertex 201.475 11 19
      vertex 222.25 11 46
    endloop
  endfacet
  facet normal 0 1 0
    outer loop
      vertex 222.25 11 0.4
      vertex 169.475 11 5
      vertex 201.475 11 5
    endloop
  endfacet
  facet normal 0 1 0
    outer loop
      vertex 117.021 11 0.4
      vertex 169.475 11 5
      vertex 222.25 11 0.4
    endloop
  endfacet
  facet normal 0 1 0
    outer loop
      vertex 169.475 11 5
      vertex 117.021 11 0.4
      vertex 162.3 11 5
    endloop
  endfacet
  facet normal 0 1 0
    outer loop
      vertex 201.475 11 19
      vertex 222.25 11 0.4
      vertex 201.475 11 5
    endloop
  endfacet
  facet normal 0 1 0
    outer loop
      vertex 222.25 11 46
      vertex 182.475 11 32
      vertex 117.021 11 46
    endloop
  endfacet
  facet normal 0 1 -0
    outer loop
      vertex 149.3 11 32
      vertex 117.021 11 46
      vertex 182.475 11 32
    endloop
  endfacet
  facet normal 0 1 -0
    outer loop
      vertex 143.3 11 32
      vertex 117.021 11 46
      vertex 149.3 11 32
    endloop
  endfacet
  facet normal 0 1 -0
    outer loop
      vertex 130.3 11 19
      vertex 117.021 11 46
      vertex 143.3 11 32
    endloop
  endfacet
  facet normal 0 1 0
    outer loop
      vertex 117.021 11 0.4
      vertex 130.3 11 19
      vertex 130.3 11 5
    endloop
  endfacet
  facet normal 0 1 0
    outer loop
      vertex 130.3 11 19
      vertex 117.021 11 0.4
      vertex 117.021 11 46
    endloop
  endfacet
  facet normal 0 1 0
    outer loop
      vertex 162.3 11 5
      vertex 117.021 11 0.4
      vertex 130.3 11 5
    endloop
  endfacet
  facet normal 0 -1 0
    outer loop
      vertex 52.775 8.3 19
      vertex 72.95 8.3 32
      vertex 39.775 8.3 32
    endloop
  endfacet
  facet normal 0 -1 0
    outer loop
      vertex 52.775 8.3 19
      vertex 59.95 8.3 19
      vertex 72.95 8.3 32
    endloop
  endfacet
  facet normal 0 -1 0
    outer loop
      vertex 52.775 8.3 5
      vertex 59.95 8.3 19
      vertex 52.775 8.3 19
    endloop
  endfacet
  facet normal 0 -1 -0
    outer loop
      vertex 59.95 8.3 19
      vertex 52.775 8.3 5
      vertex 59.95 8.3 5
    endloop
  endfacet
  facet normal 0 -1 0
    outer loop
      vertex 39.775 8.3 32
      vertex 13.6 8.3 46
      vertex 33.775 8.3 32
    endloop
  endfacet
  facet normal 0 -1 0
    outer loop
      vertex 13.6 8.3 46
      vertex 20.775 8.3 19
      vertex 33.775 8.3 32
    endloop
  endfacet
  facet normal 0 -1 0
    outer loop
      vertex 13.6 8.3 4
      vertex 20.775 8.3 19
      vertex 13.6 8.3 46
    endloop
  endfacet
  facet normal 0 -1 0
    outer loop
      vertex 13.6 8.3 4
      vertex 52.775 8.3 5
      vertex 20.775 8.3 5
    endloop
  endfacet
  facet normal 0 -1 -0
    outer loop
      vertex 52.775 8.3 5
      vertex 13.6 8.3 4
      vertex 59.95 8.3 5
    endloop
  endfacet
  facet normal 0 -1 0
    outer loop
      vertex 104.435 8.3 4
      vertex 59.95 8.3 5
      vertex 13.6 8.3 4
    endloop
  endfacet
  facet normal 0 -1 -0
    outer loop
      vertex 20.775 8.3 19
      vertex 13.6 8.3 4
      vertex 20.775 8.3 5
    endloop
  endfacet
  facet normal 0 -1 0
    outer loop
      vertex 72.95 8.3 32
      vertex 13.6 8.3 46
      vertex 39.775 8.3 32
    endloop
  endfacet
  facet normal 0 -1 0
    outer loop
      vertex 13.6 8.3 46
      vertex 72.95 8.3 32
      vertex 104.435 8.3 46
    endloop
  endfacet
  facet normal 0 -1 0
    outer loop
      vertex 78.95 8.3 32
      vertex 104.435 8.3 46
      vertex 72.95 8.3 32
    endloop
  endfacet
  facet normal 0 -1 0
    outer loop
      vertex 91.95 8.3 19
      vertex 104.435 8.3 46
      vertex 78.95 8.3 32
    endloop
  endfacet
  facet normal 0 -1 0
    outer loop
      vertex 104.435 8.3 4
      vertex 91.95 8.3 19
      vertex 91.95 8.3 5
    endloop
  endfacet
  facet normal 0 -1 0
    outer loop
      vertex 91.95 8.3 19
      vertex 104.435 8.3 4
      vertex 104.435 8.3 46
    endloop
  endfacet
  facet normal 0 -1 0
    outer loop
      vertex 59.95 8.3 5
      vertex 104.435 8.3 4
      vertex 91.95 8.3 5
    endloop
  endfacet
  facet normal 0 -1 0
    outer loop
      vertex 162.3 8.3 19
      vertex 182.475 8.3 32
      vertex 149.3 8.3 32
    endloop
  endfacet
  facet normal 0 -1 0
    outer loop
      vertex 162.3 8.3 19
      vertex 169.475 8.3 19
      vertex 182.475 8.3 32
    endloop
  endfacet
  facet normal 0 -1 0
    outer loop
      vertex 162.3 8.3 5
      vertex 169.475 8.3 19
      vertex 162.3 8.3 19
    endloop
  endfacet
  facet normal 0 -1 -0
    outer loop
      vertex 169.475 8.3 19
      vertex 162.3 8.3 5
      vertex 169.475 8.3 5
    endloop
  endfacet
  facet normal 0 -1 0
    outer loop
      vertex 149.3 8.3 32
      vertex 117.815 8.3 46
      vertex 143.3 8.3 32
    endloop
  endfacet
  facet normal 0 -1 0
    outer loop
      vertex 117.815 8.3 46
      vertex 130.3 8.3 19
      vertex 143.3 8.3 32
    endloop
  endfacet
  facet normal 0 -1 0
    outer loop
      vertex 117.815 8.3 4
      vertex 130.3 8.3 19
      vertex 117.815 8.3 46
    endloop
  endfacet
  facet normal 0 -1 0
    outer loop
      vertex 117.815 8.3 4
      vertex 162.3 8.3 5
      vertex 130.3 8.3 5
    endloop
  endfacet
  facet normal 0 -1 -0
    outer loop
      vertex 162.3 8.3 5
      vertex 117.815 8.3 4
      vertex 169.475 8.3 5
    endloop
  endfacet
  facet normal 0 -1 -0
    outer loop
      vertex 169.475 8.3 5
      vertex 117.815 8.3 4
      vertex 208.65 8.3 4
    endloop
  endfacet
  facet normal 0 -1 -0
    outer loop
      vertex 130.3 8.3 19
      vertex 117.815 8.3 4
      vertex 130.3 8.3 5
    endloop
  endfacet
  facet normal 0 -1 0
    outer loop
      vertex 117.815 8.3 46
      vertex 149.3 8.3 32
      vertex 208.65 8.3 46
    endloop
  endfacet
  facet normal 0 -1 0
    outer loop
      vertex 182.475 8.3 32
      vertex 208.65 8.3 46
      vertex 149.3 8.3 32
    endloop
  endfacet
  facet normal 0 -1 0
    outer loop
      vertex 188.475 8.3 32
      vertex 208.65 8.3 46
      vertex 182.475 8.3 32
    endloop
  endfacet
  facet normal 0 -1 0
    outer loop
      vertex 201.475 8.3 19
      vertex 208.65 8.3 46
      vertex 188.475 8.3 32
    endloop
  endfacet
  facet normal 0 -1 0
    outer loop
      vertex 208.65 8.3 4
      vertex 201.475 8.3 19
      vertex 201.475 8.3 5
    endloop
  endfacet
  facet normal 0 -1 0
    outer loop
      vertex 201.475 8.3 19
      vertex 208.65 8.3 4
      vertex 208.65 8.3 46
    endloop
  endfacet
  facet normal 0 -1 0
    outer loop
      vertex 169.475 8.3 5
      vertex 208.65 8.3 4
      vertex 201.475 8.3 5
    endloop
  endfacet
  facet normal 1 -0 0
    outer loop
      vertex 101.125 11 3
      vertex 101.125 83 0.4
      vertex 101.125 83 3
    endloop
  endfacet
  facet normal 1 0 0
    outer loop
      vertex 101.125 83 0.4
      vertex 101.125 11 3
      vertex 101.125 11 0.4
    endloop
  endfacet
  facet normal 0 0.707107 -0.707107
    outer loop
      vertex 6.4 82.6 0
      vertex 101.125 83 0.4
      vertex 100.725 82.6 0
    endloop
  endfacet
  facet normal 0 0.707107 -0.707107
    outer loop
      vertex 101.125 83 0.4
      vertex 6.4 82.6 0
      vertex 6 83 0.4
    endloop
  endfacet
  facet normal 0 1 -0
    outer loop
      vertex 101.125 83 0.4
      vertex 6 83 3
      vertex 101.125 83 3
    endloop
  endfacet
  facet normal 0 1 0
    outer loop
      vertex 6 83 3
      vertex 101.125 83 0.4
      vertex 6 83 0.4
    endloop
  endfacet
  facet normal 0 0 -1
    outer loop
      vertex 0.4 4.72759 0
      vertex 6.4 10.6 0
      vertex 11 7.90761 0
    endloop
  endfacet
  facet normal -0 0 -1
    outer loop
      vertex 6.4 10.6 0
      vertex 0.4 4.72759 0
      vertex 0.4 10.6 0
    endloop
  endfacet
  facet normal -0 0 -1
    outer loop
      vertex 21.125 27 0
      vertex 13.15 23.0548 0
      vertex 21.125 63 0
    endloop
  endfacet
  facet normal 0 0 -1
    outer loop
      vertex 21.125 63 0
      vertex 16.1 66.9452 0
      vertex 17.575 69.5 0
    endloop
  endfacet
  facet normal 0 0 -1
    outer loop
      vertex 13.15 66.9452 0
      vertex 21.125 63 0
      vertex 13.15 23.0548 0
    endloop
  endfacet
  facet normal 0 0 -1
    outer loop
      vertex 21.125 63 0
      vertex 13.15 66.9452 0
      vertex 16.1 66.9452 0
    endloop
  endfacet
  facet normal 0 0 -1
    outer loop
      vertex 11.675 20.5 0
      vertex 13.15 66.9452 0
      vertex 13.15 23.0548 0
    endloop
  endfacet
  facet normal -0 0 -1
    outer loop
      vertex 13.15 66.9452 0
      vertex 11.675 20.5 0
      vertex 11.675 69.5 0
    endloop
  endfacet
  facet normal 0 0 -1
    outer loop
      vertex 74.1 66.9452 0
      vertex 80.125 75 0
      vertex 74.1 23.0548 0
    endloop
  endfacet
  facet normal 0 0 -1
    outer loop
      vertex 80.125 75 0
      vertex 74.1 66.9452 0
      vertex 75.575 69.5 0
    endloop
  endfacet
  facet normal 0 0 -1
    outer loop
      vertex 66.125 27 0
      vertex 74.1 23.0548 0
      vertex 71.15 23.0548 0
    endloop
  endfacet
  facet normal 0 0 -1
    outer loop
      vertex 74.1 23.0548 0
      vertex 66.125 27 0
      vertex 74.1 66.9452 0
    endloop
  endfacet
  facet normal 0 0 -1
    outer loop
      vertex 66.125 27 0
      vertex 71.15 23.0548 0
      vertex 69.675 20.5 0
    endloop
  endfacet
  facet normal 0 0 -1
    outer loop
      vertex 66.125 63 0
      vertex 74.1 66.9452 0
      vertex 66.125 27 0
    endloop
  endfacet
  facet normal 0 0 -1
    outer loop
      vertex 221.85 -10.6 0
      vertex 211.25 -7.90761 0
      vertex 221.85 -4.72759 0
    endloop
  endfacet
  facet normal 0 0 -1
    outer loop
      vertex 211.25 -7.90761 0
      vertex 197.475 -6 0
      vertex 211.25 7.90761 0
    endloop
  endfacet
  facet normal 0 0 -1
    outer loop
      vertex 221.85 -10.6 0
      vertex 197.475 -6 0
      vertex 211.25 -7.90761 0
    endloop
  endfacet
  facet normal 0 0 -1
    outer loop
      vertex 221.85 -10.6 0
      vertex 173.475 -6 0
      vertex 197.475 -6 0
    endloop
  endfacet
  facet normal 0 0 -1
    outer loop
      vertex 173.475 -6 0
      vertex 158.3 -6 0
      vertex 173.475 6 0
    endloop
  endfacet
  facet normal 0 0 -1
    outer loop
      vertex 221.85 -10.6 0
      vertex 158.3 -6 0
      vertex 173.475 -6 0
    endloop
  endfacet
  facet normal 0 0 -1
    outer loop
      vertex 221.85 -10.6 0
      vertex 134.3 -6 0
      vertex 158.3 -6 0
    endloop
  endfacet
  facet normal 0 0 -1
    outer loop
      vertex 113.634 7.14554 0
      vertex 134.3 6 0
      vertex 134.3 -6 0
    endloop
  endfacet
  facet normal 0 0 -1
    outer loop
      vertex 113.754 8.975 0
      vertex 116.742 10.7 0
      vertex 116.791 10.6 0
    endloop
  endfacet
  facet normal -0 0 -1
    outer loop
      vertex 116.742 10.7 0
      vertex 113.754 8.975 0
      vertex 116.371 11.2547 0
    endloop
  endfacet
  facet normal -0 0 -1
    outer loop
      vertex 116.371 11.2547 0
      vertex 113.634 9.15446 0
      vertex 115.931 11.7562 0
    endloop
  endfacet
  facet normal 0 0 -1
    outer loop
      vertex 113.492 9.31673 0
      vertex 115.931 11.7562 0
      vertex 113.634 9.15446 0
    endloop
  endfacet
  facet normal 0 0 -1
    outer loop
      vertex 113.329 9.45903 0
      vertex 115.43 12.1961 0
      vertex 113.492 9.31673 0
    endloop
  endfacet
  facet normal 0 0 -1
    outer loop
      vertex 134.3 6 0
      vertex 113.754 7.325 0
      vertex 116.791 10.6 0
    endloop
  endfacet
  facet normal 0 0 -1
    outer loop
      vertex 116.791 10.6 0
      vertex 113.975 8.15 0
      vertex 113.961 8.36537 0
    endloop
  endfacet
  facet normal 0 0 -1
    outer loop
      vertex 116.791 10.6 0
      vertex 113.961 7.93463 0
      vertex 113.975 8.15 0
    endloop
  endfacet
  facet normal 0 0 -1
    outer loop
      vertex 116.791 10.6 0
      vertex 113.919 7.72295 0
      vertex 113.961 7.93463 0
    endloop
  endfacet
  facet normal 0 0 -1
    outer loop
      vertex 116.791 10.6 0
      vertex 113.849 7.51857 0
      vertex 113.919 7.72295 0
    endloop
  endfacet
  facet normal 0 0 -1
    outer loop
      vertex 116.791 10.6 0
      vertex 113.754 7.325 0
      vertex 113.849 7.51857 0
    endloop
  endfacet
  facet normal 0 0 -1
    outer loop
      vertex 134.3 6 0
      vertex 113.634 7.14554 0
      vertex 113.754 7.325 0
    endloop
  endfacet
  facet normal 0 0 -1
    outer loop
      vertex 134.3 -6 0
      vertex 113.492 6.98327 0
      vertex 113.634 7.14554 0
    endloop
  endfacet
  facet normal 0 0 -1
    outer loop
      vertex 134.3 -6 0
      vertex 113.329 6.84097 0
      vertex 113.492 6.98327 0
    endloop
  endfacet
  facet normal 0 0 -1
    outer loop
      vertex 134.3 -6 0
      vertex 113.15 6.72106 0
      vertex 113.329 6.84097 0
    endloop
  endfacet
  facet normal 0 0 -1
    outer loop
      vertex 134.3 -6 0
      vertex 112.956 6.6256 0
      vertex 113.15 6.72106 0
    endloop
  endfacet
  facet normal 0 0 -1
    outer loop
      vertex 134.3 -6 0
      vertex 112.752 6.55622 0
      vertex 112.956 6.6256 0
    endloop
  endfacet
  facet normal 0 0 -1
    outer loop
      vertex 134.3 -6 0
      vertex 112.54 6.51412 0
      vertex 112.752 6.55622 0
    endloop
  endfacet
  facet normal 0 0 -1
    outer loop
      vertex 134.3 -6 0
      vertex 112.325 6.5 0
      vertex 112.54 6.51412 0
    endloop
  endfacet
  facet normal 0 0 -1
    outer loop
      vertex 134.3 -6 0
      vertex 109.925 6.5 0
      vertex 112.325 6.5 0
    endloop
  endfacet
  facet normal 0 0 -1
    outer loop
      vertex 87.95 -6 0
      vertex 109.925 6.5 0
      vertex 134.3 -6 0
    endloop
  endfacet
  facet normal -0 0 -1
    outer loop
      vertex 109.925 6.5 0
      vertex 87.95 -6 0
      vertex 109.71 6.51412 0
    endloop
  endfacet
  facet normal -0 0 -1
    outer loop
      vertex 109.71 6.51412 0
      vertex 87.95 -6 0
      vertex 109.498 6.55622 0
    endloop
  endfacet
  facet normal -0 0 -1
    outer loop
      vertex 109.498 6.55622 0
      vertex 87.95 -6 0
      vertex 109.294 6.6256 0
    endloop
  endfacet
  facet normal 0 0 -1
    outer loop
      vertex 109.1 9.57894 0
      vertex 107.375 12.5667 0
      vertex 107.973 12.8618 0
    endloop
  endfacet
  facet normal 0 0 -1
    outer loop
      vertex 105.459 10.6 0
      vertex 108.275 8.15 0
      vertex 108.289 7.93463 0
    endloop
  endfacet
  facet normal 0 0 -1
    outer loop
      vertex 108.289 8.36537 0
      vertex 106.82 12.1961 0
      vertex 107.375 12.5667 0
    endloop
  endfacet
  facet normal 0 0 -1
    outer loop
      vertex 105.459 10.6 0
      vertex 108.289 7.93463 0
      vertex 108.331 7.72295 0
    endloop
  endfacet
  facet normal 0 0 -1
    outer loop
      vertex 108.289 8.36537 0
      vertex 106.319 11.7562 0
      vertex 106.82 12.1961 0
    endloop
  endfacet
  facet normal 0 0 -1
    outer loop
      vertex 105.459 10.6 0
      vertex 108.331 7.72295 0
      vertex 108.401 7.51857 0
    endloop
  endfacet
  facet normal 0 0 -1
    outer loop
      vertex 108.289 8.36537 0
      vertex 105.879 11.2547 0
      vertex 106.319 11.7562 0
    endloop
  endfacet
  facet normal 0 0 -1
    outer loop
      vertex 100.725 10.6 0
      vertex 108.401 7.51857 0
      vertex 108.496 7.325 0
    endloop
  endfacet
  facet normal 0 0 -1
    outer loop
      vertex 108.289 8.36537 0
      vertex 105.508 10.7 0
      vertex 105.879 11.2547 0
    endloop
  endfacet
  facet normal 0 0 -1
    outer loop
      vertex 100.725 10.6 0
      vertex 108.496 7.325 0
      vertex 108.616 7.14554 0
    endloop
  endfacet
  facet normal 0 0 -1
    outer loop
      vertex 108.289 8.36537 0
      vertex 105.459 10.6 0
      vertex 105.508 10.7 0
    endloop
  endfacet
  facet normal 0 0 -1
    outer loop
      vertex 100.725 10.6 0
      vertex 108.616 7.14554 0
      vertex 108.758 6.98327 0
    endloop
  endfacet
  facet normal 0 0 -1
    outer loop
      vertex 108.401 7.51857 0
      vertex 100.725 10.6 0
      vertex 105.459 10.6 0
    endloop
  endfacet
  facet normal 0 0 -1
    outer loop
      vertex 87.95 -6 0
      vertex 108.758 6.98327 0
      vertex 108.921 6.84097 0
    endloop
  endfacet
  facet normal 0 0 -1
    outer loop
      vertex 87.95 -6 0
      vertex 108.921 6.84097 0
      vertex 109.1 6.72106 0
    endloop
  endfacet
  facet normal -0 0 -1
    outer loop
      vertex 109.294 6.6256 0
      vertex 87.95 -6 0
      vertex 109.1 6.72106 0
    endloop
  endfacet
  facet normal 0 0 -1
    outer loop
      vertex 96.125 75 0
      vertex 100.725 10.6 0
      vertex 96.125 15 0
    endloop
  endfacet
  facet normal 0 0 -1
    outer loop
      vertex 87.95 6 0
      vertex 100.725 10.6 0
      vertex 87.95 -6 0
    endloop
  endfacet
  facet normal -0 0 -1
    outer loop
      vertex 108.758 6.98327 0
      vertex 87.95 -6 0
      vertex 100.725 10.6 0
    endloop
  endfacet
  facet normal 0 0 -1
    outer loop
      vertex 221.85 -10.6 0
      vertex 87.95 -6 0
      vertex 134.3 -6 0
    endloop
  endfacet
  facet normal 0 0 -1
    outer loop
      vertex 0.4 -10.6 0
      vertex 87.95 -6 0
      vertex 221.85 -10.6 0
    endloop
  endfacet
  facet normal 0 0 -1
    outer loop
      vertex 63.95 -6 0
      vertex 48.775 -6 0
      vertex 63.95 6 0
    endloop
  endfacet
  facet normal -0 0 -1
    outer loop
      vertex 87.95 -6 0
      vertex 0.4 -10.6 0
      vertex 63.95 -6 0
    endloop
  endfacet
  facet normal -0 0 -1
    outer loop
      vertex 63.95 -6 0
      vertex 0.4 -10.6 0
      vertex 48.775 -6 0
    endloop
  endfacet
  facet normal 0 0 -1
    outer loop
      vertex 11 7.90761 0
      vertex 24.775 6 0
      vertex 24.775 -6 0
    endloop
  endfacet
  facet normal 0 0 -1
    outer loop
      vertex 16.1 23.0548 0
      vertex 21.125 27 0
      vertex 17.575 20.5 0
    endloop
  endfacet
  facet normal 0 0 -1
    outer loop
      vertex 24.775 6 0
      vertex 17.575 20.5 0
      vertex 21.125 27 0
    endloop
  endfacet
  facet normal 0 0 -1
    outer loop
      vertex 24.775 6 0
      vertex 16.1 17.9452 0
      vertex 17.575 20.5 0
    endloop
  endfacet
  facet normal 0 0 -1
    outer loop
      vertex 24.775 6 0
      vertex 11 7.90761 0
      vertex 16.1 17.9452 0
    endloop
  endfacet
  facet normal -0 0 -1
    outer loop
      vertex 16.1 17.9452 0
      vertex 11 7.90761 0
      vertex 13.15 17.9452 0
    endloop
  endfacet
  facet normal 0 0 -1
    outer loop
      vertex 6.4 10.6 0
      vertex 13.15 17.9452 0
      vertex 11 7.90761 0
    endloop
  endfacet
  facet normal 0 0 -1
    outer loop
      vertex 11 7.90761 0
      vertex 24.775 -6 0
      vertex 11 -7.90761 0
    endloop
  endfacet
  facet normal -0 0 -1
    outer loop
      vertex 48.775 -6 0
      vertex 0.4 -10.6 0
      vertex 24.775 -6 0
    endloop
  endfacet
  facet normal 0 0 -1
    outer loop
      vertex 24.775 -6 0
      vertex 0.4 -10.6 0
      vertex 11 -7.90761 0
    endloop
  endfacet
  facet normal -0 0 -1
    outer loop
      vertex 11 -7.90761 0
      vertex 0.4 -10.6 0
      vertex 0.4 -4.72759 0
    endloop
  endfacet
  facet normal 0 0 -1
    outer loop
      vertex 211.25 7.90761 0
      vertex 221.85 10.6 0
      vertex 221.85 4.72759 0
    endloop
  endfacet
  facet normal 0 0 -1
    outer loop
      vertex 197.475 6 0
      vertex 211.25 7.90761 0
      vertex 197.475 -6 0
    endloop
  endfacet
  facet normal 0 0 -1
    outer loop
      vertex 197.475 6 0
      vertex 221.85 10.6 0
      vertex 211.25 7.90761 0
    endloop
  endfacet
  facet normal 0 0 -1
    outer loop
      vertex 173.475 6 0
      vertex 221.85 10.6 0
      vertex 197.475 6 0
    endloop
  endfacet
  facet normal 0 0 -1
    outer loop
      vertex 158.3 6 0
      vertex 173.475 6 0
      vertex 158.3 -6 0
    endloop
  endfacet
  facet normal 0 0 -1
    outer loop
      vertex 116.791 10.6 0
      vertex 173.475 6 0
      vertex 158.3 6 0
    endloop
  endfacet
  facet normal 0 0 -1
    outer loop
      vertex 116.791 10.6 0
      vertex 158.3 6 0
      vertex 134.3 6 0
    endloop
  endfacet
  facet normal 0 0 -1
    outer loop
      vertex 173.475 6 0
      vertex 116.791 10.6 0
      vertex 221.85 10.6 0
    endloop
  endfacet
  facet normal 0 0 -1
    outer loop
      vertex 113.919 8.57705 0
      vertex 116.791 10.6 0
      vertex 113.961 8.36537 0
    endloop
  endfacet
  facet normal 0 0 -1
    outer loop
      vertex 113.849 8.78143 0
      vertex 116.791 10.6 0
      vertex 113.919 8.57705 0
    endloop
  endfacet
  facet normal 0 0 -1
    outer loop
      vertex 113.754 8.975 0
      vertex 116.791 10.6 0
      vertex 113.849 8.78143 0
    endloop
  endfacet
  facet normal 0 0 -1
    outer loop
      vertex 116.371 11.2547 0
      vertex 113.754 8.975 0
      vertex 113.634 9.15446 0
    endloop
  endfacet
  facet normal -0 0 -1
    outer loop
      vertex 115.931 11.7562 0
      vertex 113.492 9.31673 0
      vertex 115.43 12.1961 0
    endloop
  endfacet
  facet normal -0 0 -1
    outer loop
      vertex 115.43 12.1961 0
      vertex 113.329 9.45903 0
      vertex 114.875 12.5667 0
    endloop
  endfacet
  facet normal 0 0 -1
    outer loop
      vertex 113.15 9.57894 0
      vertex 114.875 12.5667 0
      vertex 113.329 9.45903 0
    endloop
  endfacet
  facet normal -0 0 -1
    outer loop
      vertex 114.875 12.5667 0
      vertex 113.15 9.57894 0
      vertex 114.277 12.8618 0
    endloop
  endfacet
  facet normal 0 0 -1
    outer loop
      vertex 112.956 9.6744 0
      vertex 114.277 12.8618 0
      vertex 113.15 9.57894 0
    endloop
  endfacet
  facet normal -0 0 -1
    outer loop
      vertex 114.277 12.8618 0
      vertex 112.956 9.6744 0
      vertex 113.645 13.0762 0
    endloop
  endfacet
  facet normal 0 0 -1
    outer loop
      vertex 112.752 9.74378 0
      vertex 113.645 13.0762 0
      vertex 112.956 9.6744 0
    endloop
  endfacet
  facet normal -0 0 -1
    outer loop
      vertex 113.645 13.0762 0
      vertex 112.752 9.74378 0
      vertex 112.991 13.2064 0
    endloop
  endfacet
  facet normal 0 0 -1
    outer loop
      vertex 112.54 9.78588 0
      vertex 112.991 13.2064 0
      vertex 112.752 9.74378 0
    endloop
  endfacet
  facet normal 0 0 -1
    outer loop
      vertex 112.325 9.8 0
      vertex 112.991 13.2064 0
      vertex 112.54 9.78588 0
    endloop
  endfacet
  facet normal 0 0 -1
    outer loop
      vertex 112.325 9.8 0
      vertex 112.325 13.25 0
      vertex 112.991 13.2064 0
    endloop
  endfacet
  facet normal 0 0 -1
    outer loop
      vertex 109.925 9.8 0
      vertex 112.325 13.25 0
      vertex 112.325 9.8 0
    endloop
  endfacet
  facet normal 0 0 -1
    outer loop
      vertex 109.925 9.8 0
      vertex 109.925 13.25 0
      vertex 112.325 13.25 0
    endloop
  endfacet
  facet normal 0 0 -1
    outer loop
      vertex 109.71 9.78588 0
      vertex 109.925 13.25 0
      vertex 109.925 9.8 0
    endloop
  endfacet
  facet normal 0 0 -1
    outer loop
      vertex 109.259 13.2064 0
      vertex 109.71 9.78588 0
      vertex 109.498 9.74378 0
    endloop
  endfacet
  facet normal 0 0 -1
    outer loop
      vertex 108.605 13.0762 0
      vertex 109.498 9.74378 0
      vertex 109.294 9.6744 0
    endloop
  endfacet
  facet normal 0 0 -1
    outer loop
      vertex 109.71 9.78588 0
      vertex 109.259 13.2064 0
      vertex 109.925 13.25 0
    endloop
  endfacet
  facet normal 0 0 -1
    outer loop
      vertex 107.973 12.8618 0
      vertex 109.294 9.6744 0
      vertex 109.1 9.57894 0
    endloop
  endfacet
  facet normal 0 0 -1
    outer loop
      vertex 107.375 12.5667 0
      vertex 109.1 9.57894 0
      vertex 108.921 9.45903 0
    endloop
  endfacet
  facet normal 0 0 -1
    outer loop
      vertex 107.375 12.5667 0
      vertex 108.921 9.45903 0
      vertex 108.758 9.31673 0
    endloop
  endfacet
  facet normal 0 0 -1
    outer loop
      vertex 107.375 12.5667 0
      vertex 108.758 9.31673 0
      vertex 108.616 9.15446 0
    endloop
  endfacet
  facet normal 0 0 -1
    outer loop
      vertex 109.498 9.74378 0
      vertex 108.605 13.0762 0
      vertex 109.259 13.2064 0
    endloop
  endfacet
  facet normal 0 0 -1
    outer loop
      vertex 107.375 12.5667 0
      vertex 108.616 9.15446 0
      vertex 108.496 8.975 0
    endloop
  endfacet
  facet normal 0 0 -1
    outer loop
      vertex 107.375 12.5667 0
      vertex 108.496 8.975 0
      vertex 108.401 8.78143 0
    endloop
  endfacet
  facet normal 0 0 -1
    outer loop
      vertex 107.375 12.5667 0
      vertex 108.401 8.78143 0
      vertex 108.331 8.57705 0
    endloop
  endfacet
  facet normal 0 0 -1
    outer loop
      vertex 107.375 12.5667 0
      vertex 108.331 8.57705 0
      vertex 108.289 8.36537 0
    endloop
  endfacet
  facet normal 0 0 -1
    outer loop
      vertex 109.294 9.6744 0
      vertex 107.973 12.8618 0
      vertex 108.605 13.0762 0
    endloop
  endfacet
  facet normal 0 0 -1
    outer loop
      vertex 105.459 10.6 0
      vertex 108.289 8.36537 0
      vertex 108.275 8.15 0
    endloop
  endfacet
  facet normal 0 0 -1
    outer loop
      vertex 100.725 10.6 0
      vertex 96.125 75 0
      vertex 100.725 82.6 0
    endloop
  endfacet
  facet normal 0 0 -1
    outer loop
      vertex 80.125 75 0
      vertex 100.725 82.6 0
      vertex 96.125 75 0
    endloop
  endfacet
  facet normal 0 0 -1
    outer loop
      vertex 80.125 15 0
      vertex 74.1 23.0548 0
      vertex 80.125 75 0
    endloop
  endfacet
  facet normal 0 0 -1
    outer loop
      vertex 74.1 72.0548 0
      vertex 80.125 75 0
      vertex 75.575 69.5 0
    endloop
  endfacet
  facet normal 0 0 -1
    outer loop
      vertex 71.15 72.0548 0
      vertex 80.125 75 0
      vertex 74.1 72.0548 0
    endloop
  endfacet
  facet normal 0 0 -1
    outer loop
      vertex 6.4 82.6 0
      vertex 80.125 75 0
      vertex 71.15 72.0548 0
    endloop
  endfacet
  facet normal -0 0 -1
    outer loop
      vertex 71.15 66.9452 0
      vertex 66.125 63 0
      vertex 69.675 69.5 0
    endloop
  endfacet
  facet normal 0 0 -1
    outer loop
      vertex 21.125 63 0
      vertex 69.675 69.5 0
      vertex 66.125 63 0
    endloop
  endfacet
  facet normal 0 0 -1
    outer loop
      vertex 17.575 69.5 0
      vertex 69.675 69.5 0
      vertex 21.125 63 0
    endloop
  endfacet
  facet normal 0 0 -1
    outer loop
      vertex 69.675 69.5 0
      vertex 17.575 69.5 0
      vertex 71.15 72.0548 0
    endloop
  endfacet
  facet normal 0 0 -1
    outer loop
      vertex 13.15 23.0548 0
      vertex 21.125 27 0
      vertex 16.1 23.0548 0
    endloop
  endfacet
  facet normal 0 0 -1
    outer loop
      vertex 16.1 72.0548 0
      vertex 71.15 72.0548 0
      vertex 17.575 69.5 0
    endloop
  endfacet
  facet normal 0 0 -1
    outer loop
      vertex 6.4 82.6 0
      vertex 71.15 72.0548 0
      vertex 16.1 72.0548 0
    endloop
  endfacet
  facet normal 0 0 -1
    outer loop
      vertex 6.4 82.6 0
      vertex 16.1 72.0548 0
      vertex 13.15 72.0548 0
    endloop
  endfacet
  facet normal -0 0 -1
    outer loop
      vertex 13.15 17.9452 0
      vertex 6.4 10.6 0
      vertex 11.675 20.5 0
    endloop
  endfacet
  facet normal -0 0 -1
    outer loop
      vertex 11.675 20.5 0
      vertex 6.4 10.6 0
      vertex 11.675 69.5 0
    endloop
  endfacet
  facet normal 0 0 -1
    outer loop
      vertex 80.125 75 0
      vertex 6.4 82.6 0
      vertex 100.725 82.6 0
    endloop
  endfacet
  facet normal 0 0 -1
    outer loop
      vertex 11.675 69.5 0
      vertex 6.4 82.6 0
      vertex 13.15 72.0548 0
    endloop
  endfacet
  facet normal 0 0 -1
    outer loop
      vertex 6.4 82.6 0
      vertex 11.675 69.5 0
      vertex 6.4 10.6 0
    endloop
  endfacet
  facet normal -0 0 -1
    outer loop
      vertex 100.725 10.6 0
      vertex 87.95 6 0
      vertex 96.125 15 0
    endloop
  endfacet
  facet normal 0 0 -1
    outer loop
      vertex 87.95 6 0
      vertex 80.125 15 0
      vertex 96.125 15 0
    endloop
  endfacet
  facet normal 0 0 -1
    outer loop
      vertex 74.1 23.0548 0
      vertex 80.125 15 0
      vertex 75.575 20.5 0
    endloop
  endfacet
  facet normal 0 0 -1
    outer loop
      vertex 80.125 15 0
      vertex 74.1 17.9452 0
      vertex 75.575 20.5 0
    endloop
  endfacet
  facet normal 0 0 -1
    outer loop
      vertex 63.95 6 0
      vertex 80.125 15 0
      vertex 87.95 6 0
    endloop
  endfacet
  facet normal -0 0 -1
    outer loop
      vertex 80.125 15 0
      vertex 63.95 6 0
      vertex 74.1 17.9452 0
    endloop
  endfacet
  facet normal -0 0 -1
    outer loop
      vertex 74.1 66.9452 0
      vertex 66.125 63 0
      vertex 71.15 66.9452 0
    endloop
  endfacet
  facet normal -0 0 -1
    outer loop
      vertex 74.1 17.9452 0
      vertex 63.95 6 0
      vertex 71.15 17.9452 0
    endloop
  endfacet
  facet normal 0 0 -1
    outer loop
      vertex 63.95 6 0
      vertex 69.675 20.5 0
      vertex 71.15 17.9452 0
    endloop
  endfacet
  facet normal 0 0 -1
    outer loop
      vertex 63.95 6 0
      vertex 66.125 27 0
      vertex 69.675 20.5 0
    endloop
  endfacet
  facet normal 0 0 -1
    outer loop
      vertex 48.775 6 0
      vertex 63.95 6 0
      vertex 48.775 -6 0
    endloop
  endfacet
  facet normal 0 0 -1
    outer loop
      vertex 63.95 6 0
      vertex 48.775 6 0
      vertex 66.125 27 0
    endloop
  endfacet
  facet normal 0 0 -1
    outer loop
      vertex 21.125 27 0
      vertex 48.775 6 0
      vertex 24.775 6 0
    endloop
  endfacet
  facet normal 0 0 -1
    outer loop
      vertex 48.775 6 0
      vertex 21.125 27 0
      vertex 66.125 27 0
    endloop
  endfacet
  facet normal 0.707107 0 -0.707107
    outer loop
      vertex 100.725 82.6 0
      vertex 101.125 11 0.4
      vertex 100.725 10.6 0
    endloop
  endfacet
  facet normal 0.707107 0 -0.707107
    outer loop
      vertex 101.125 11 0.4
      vertex 100.725 82.6 0
      vertex 101.125 83 0.4
    endloop
  endfacet
  facet normal -0 0 1
    outer loop
      vertex 18.189 67.684 3
      vertex 21.125 63 3
      vertex 18.4292 68.2639 3
    endloop
  endfacet
  facet normal 0 0 1
    outer loop
      vertex 21.125 27 3
      vertex 18.5758 21.1257 3
      vertex 18.625 20.5 3
    endloop
  endfacet
  facet normal -0 0 1
    outer loop
      vertex 17.8611 67.1489 3
      vertex 21.125 63 3
      vertex 18.189 67.684 3
    endloop
  endfacet
  facet normal 0 0 1
    outer loop
      vertex 21.125 27 3
      vertex 18.4292 21.7361 3
      vertex 18.5758 21.1257 3
    endloop
  endfacet
  facet normal -0 0 1
    outer loop
      vertex 17.4534 66.6716 3
      vertex 21.125 63 3
      vertex 17.8611 67.1489 3
    endloop
  endfacet
  facet normal 0 0 1
    outer loop
      vertex 21.125 27 3
      vertex 18.189 22.316 3
      vertex 18.4292 21.7361 3
    endloop
  endfacet
  facet normal -0 0 1
    outer loop
      vertex 16.9761 66.2639 3
      vertex 21.125 63 3
      vertex 17.4534 66.6716 3
    endloop
  endfacet
  facet normal 0 0 1
    outer loop
      vertex 21.125 27 3
      vertex 17.8611 22.8511 3
      vertex 18.189 22.316 3
    endloop
  endfacet
  facet normal -0 0 1
    outer loop
      vertex 16.441 65.936 3
      vertex 21.125 63 3
      vertex 16.9761 66.2639 3
    endloop
  endfacet
  facet normal 0 0 1
    outer loop
      vertex 21.125 27 3
      vertex 17.4534 23.3284 3
      vertex 17.8611 22.8511 3
    endloop
  endfacet
  facet normal -0 0 1
    outer loop
      vertex 15.8611 65.6958 3
      vertex 21.125 63 3
      vertex 16.441 65.936 3
    endloop
  endfacet
  facet normal 0 0 1
    outer loop
      vertex 21.125 27 3
      vertex 16.9761 23.7361 3
      vertex 17.4534 23.3284 3
    endloop
  endfacet
  facet normal -0 0 1
    outer loop
      vertex 15.2507 65.5492 3
      vertex 21.125 63 3
      vertex 15.8611 65.6958 3
    endloop
  endfacet
  facet normal 0 0 1
    outer loop
      vertex 21.125 27 3
      vertex 16.441 24.064 3
      vertex 16.9761 23.7361 3
    endloop
  endfacet
  facet normal -0 0 1
    outer loop
      vertex 14.625 65.5 3
      vertex 21.125 63 3
      vertex 15.2507 65.5492 3
    endloop
  endfacet
  facet normal 0 0 1
    outer loop
      vertex 21.125 27 3
      vertex 15.8611 24.3042 3
      vertex 16.441 24.064 3
    endloop
  endfacet
  facet normal 0 0 1
    outer loop
      vertex 13.9993 65.5492 3
      vertex 21.125 63 3
      vertex 14.625 65.5 3
    endloop
  endfacet
  facet normal 0 0 1
    outer loop
      vertex 21.125 27 3
      vertex 15.2507 24.4508 3
      vertex 15.8611 24.3042 3
    endloop
  endfacet
  facet normal 0 0 1
    outer loop
      vertex 21.125 63 3
      vertex 13.9993 65.5492 3
      vertex 21.125 27 3
    endloop
  endfacet
  facet normal 0 0 1
    outer loop
      vertex 21.125 27 3
      vertex 14.625 24.5 3
      vertex 15.2507 24.4508 3
    endloop
  endfacet
  facet normal 0 0 1
    outer loop
      vertex 13.9993 24.4508 3
      vertex 21.125 27 3
      vertex 13.9993 65.5492 3
    endloop
  endfacet
  facet normal 0 0 1
    outer loop
      vertex 21.125 27 3
      vertex 13.9993 24.4508 3
      vertex 14.625 24.5 3
    endloop
  endfacet
  facet normal 0 0 1
    outer loop
      vertex 13.3889 65.6958 3
      vertex 13.9993 24.4508 3
      vertex 13.9993 65.5492 3
    endloop
  endfacet
  facet normal 0 0 1
    outer loop
      vertex 13.3889 65.6958 3
      vertex 13.3889 24.3042 3
      vertex 13.9993 24.4508 3
    endloop
  endfacet
  facet normal 0 0 1
    outer loop
      vertex 12.809 65.936 3
      vertex 13.3889 24.3042 3
      vertex 13.3889 65.6958 3
    endloop
  endfacet
  facet normal 0 0 1
    outer loop
      vertex 12.809 65.936 3
      vertex 12.809 24.064 3
      vertex 13.3889 24.3042 3
    endloop
  endfacet
  facet normal 0 0 1
    outer loop
      vertex 12.2739 66.2639 3
      vertex 12.809 24.064 3
      vertex 12.809 65.936 3
    endloop
  endfacet
  facet normal 0 0 1
    outer loop
      vertex 12.2739 66.2639 3
      vertex 12.2739 23.7361 3
      vertex 12.809 24.064 3
    endloop
  endfacet
  facet normal 0 0 1
    outer loop
      vertex 11.7966 66.6716 3
      vertex 12.2739 23.7361 3
      vertex 12.2739 66.2639 3
    endloop
  endfacet
  facet normal 0 0 1
    outer loop
      vertex 11.7966 66.6716 3
      vertex 11.7966 23.3284 3
      vertex 12.2739 23.7361 3
    endloop
  endfacet
  facet normal 0 0 1
    outer loop
      vertex 11.3889 67.1489 3
      vertex 11.7966 23.3284 3
      vertex 11.7966 66.6716 3
    endloop
  endfacet
  facet normal 0 0 1
    outer loop
      vertex 11.3889 67.1489 3
      vertex 11.3889 22.8511 3
      vertex 11.7966 23.3284 3
    endloop
  endfacet
  facet normal 0 0 1
    outer loop
      vertex 11.061 67.684 3
      vertex 11.3889 22.8511 3
      vertex 11.3889 67.1489 3
    endloop
  endfacet
  facet normal 0 0 1
    outer loop
      vertex 11.061 67.684 3
      vertex 11.061 22.316 3
      vertex 11.3889 22.8511 3
    endloop
  endfacet
  facet normal 0 0 1
    outer loop
      vertex 10.8208 68.2639 3
      vertex 11.061 22.316 3
      vertex 11.061 67.684 3
    endloop
  endfacet
  facet normal 0 0 1
    outer loop
      vertex 10.8208 68.2639 3
      vertex 10.8208 21.7361 3
      vertex 11.061 22.316 3
    endloop
  endfacet
  facet normal 0 0 1
    outer loop
      vertex 6 11 3
      vertex 10.8208 68.2639 3
      vertex 10.6742 68.8743 3
    endloop
  endfacet
  facet normal 0 0 1
    outer loop
      vertex 10.8208 68.2639 3
      vertex 6 11 3
      vertex 10.8208 21.7361 3
    endloop
  endfacet
  facet normal 0 0 1
    outer loop
      vertex 6 83 3
      vertex 10.6742 68.8743 3
      vertex 10.625 69.5 3
    endloop
  endfacet
  facet normal 0 0 1
    outer loop
      vertex 10.8208 21.7361 3
      vertex 6 11 3
      vertex 10.6742 21.1257 3
    endloop
  endfacet
  facet normal 0 0 1
    outer loop
      vertex 76.189 67.684 3
      vertex 80.125 75 3
      vertex 76.4292 68.2639 3
    endloop
  endfacet
  facet normal 0 0 1
    outer loop
      vertex 80.125 15 3
      vertex 76.5758 21.1257 3
      vertex 76.625 20.5 3
    endloop
  endfacet
  facet normal 0 0 1
    outer loop
      vertex 80.125 75 3
      vertex 76.189 67.684 3
      vertex 80.125 15 3
    endloop
  endfacet
  facet normal 0 0 1
    outer loop
      vertex 80.125 15 3
      vertex 76.4292 21.7361 3
      vertex 76.5758 21.1257 3
    endloop
  endfacet
  facet normal -0 0 1
    outer loop
      vertex 76.189 22.316 3
      vertex 80.125 15 3
      vertex 76.189 67.684 3
    endloop
  endfacet
  facet normal 0 0 1
    outer loop
      vertex 80.125 15 3
      vertex 76.189 22.316 3
      vertex 76.4292 21.7361 3
    endloop
  endfacet
  facet normal -0 0 1
    outer loop
      vertex 75.8611 67.1489 3
      vertex 76.189 22.316 3
      vertex 76.189 67.684 3
    endloop
  endfacet
  facet normal 0 0 1
    outer loop
      vertex 75.8611 67.1489 3
      vertex 75.8611 22.8511 3
      vertex 76.189 22.316 3
    endloop
  endfacet
  facet normal -0 0 1
    outer loop
      vertex 75.4534 66.6716 3
      vertex 75.8611 22.8511 3
      vertex 75.8611 67.1489 3
    endloop
  endfacet
  facet normal 0 0 1
    outer loop
      vertex 75.4534 66.6716 3
      vertex 75.4534 23.3284 3
      vertex 75.8611 22.8511 3
    endloop
  endfacet
  facet normal -0 0 1
    outer loop
      vertex 74.9761 66.2639 3
      vertex 75.4534 23.3284 3
      vertex 75.4534 66.6716 3
    endloop
  endfacet
  facet normal 0 0 1
    outer loop
      vertex 74.9761 66.2639 3
      vertex 74.9761 23.7361 3
      vertex 75.4534 23.3284 3
    endloop
  endfacet
  facet normal -0 0 1
    outer loop
      vertex 74.441 65.936 3
      vertex 74.9761 23.7361 3
      vertex 74.9761 66.2639 3
    endloop
  endfacet
  facet normal 0 0 1
    outer loop
      vertex 74.441 65.936 3
      vertex 74.441 24.064 3
      vertex 74.9761 23.7361 3
    endloop
  endfacet
  facet normal -0 0 1
    outer loop
      vertex 73.8611 65.6958 3
      vertex 74.441 24.064 3
      vertex 74.441 65.936 3
    endloop
  endfacet
  facet normal 0 0 1
    outer loop
      vertex 73.8611 65.6958 3
      vertex 73.8611 24.3042 3
      vertex 74.441 24.064 3
    endloop
  endfacet
  facet normal -0 0 1
    outer loop
      vertex 73.2507 65.5492 3
      vertex 73.8611 24.3042 3
      vertex 73.8611 65.6958 3
    endloop
  endfacet
  facet normal 0 0 1
    outer loop
      vertex 73.2507 65.5492 3
      vertex 73.2507 24.4508 3
      vertex 73.8611 24.3042 3
    endloop
  endfacet
  facet normal 0 0 1
    outer loop
      vertex 66.125 63 3
      vertex 73.2507 65.5492 3
      vertex 72.625 65.5 3
    endloop
  endfacet
  facet normal 0 0 1
    outer loop
      vertex 73.2507 65.5492 3
      vertex 66.125 63 3
      vertex 73.2507 24.4508 3
    endloop
  endfacet
  facet normal 0 0 1
    outer loop
      vertex 66.125 63 3
      vertex 72.625 65.5 3
      vertex 71.9993 65.5492 3
    endloop
  endfacet
  facet normal -0 0 1
    outer loop
      vertex 66.125 27 3
      vertex 73.2507 24.4508 3
      vertex 66.125 63 3
    endloop
  endfacet
  facet normal 0 0 1
    outer loop
      vertex 66.125 63 3
      vertex 71.9993 65.5492 3
      vertex 71.3889 65.6958 3
    endloop
  endfacet
  facet normal 0 0 1
    outer loop
      vertex 73.2507 24.4508 3
      vertex 66.125 27 3
      vertex 72.625 24.5 3
    endloop
  endfacet
  facet normal 0 0 1
    outer loop
      vertex 66.125 63 3
      vertex 71.3889 65.6958 3
      vertex 70.809 65.936 3
    endloop
  endfacet
  facet normal 0 0 1
    outer loop
      vertex 72.625 24.5 3
      vertex 66.125 27 3
      vertex 71.9993 24.4508 3
    endloop
  endfacet
  facet normal 0 0 1
    outer loop
      vertex 66.125 63 3
      vertex 70.809 65.936 3
      vertex 70.2739 66.2639 3
    endloop
  endfacet
  facet normal 0 0 1
    outer loop
      vertex 71.9993 24.4508 3
      vertex 66.125 27 3
      vertex 71.3889 24.3042 3
    endloop
  endfacet
  facet normal 0 0 1
    outer loop
      vertex 66.125 63 3
      vertex 70.2739 66.2639 3
      vertex 69.7966 66.6716 3
    endloop
  endfacet
  facet normal 0 0 1
    outer loop
      vertex 71.3889 24.3042 3
      vertex 66.125 27 3
      vertex 70.809 24.064 3
    endloop
  endfacet
  facet normal 0 0 1
    outer loop
      vertex 66.125 63 3
      vertex 69.7966 66.6716 3
      vertex 69.3889 67.1489 3
    endloop
  endfacet
  facet normal 0 0 1
    outer loop
      vertex 70.809 24.064 3
      vertex 66.125 27 3
      vertex 70.2739 23.7361 3
    endloop
  endfacet
  facet normal 0 0 1
    outer loop
      vertex 66.125 63 3
      vertex 69.3889 67.1489 3
      vertex 69.061 67.684 3
    endloop
  endfacet
  facet normal 0 0 1
    outer loop
      vertex 70.2739 23.7361 3
      vertex 66.125 27 3
      vertex 69.7966 23.3284 3
    endloop
  endfacet
  facet normal 0 0 1
    outer loop
      vertex 66.125 63 3
      vertex 69.061 67.684 3
      vertex 68.8208 68.2639 3
    endloop
  endfacet
  facet normal 0 0 1
    outer loop
      vertex 69.7966 23.3284 3
      vertex 66.125 27 3
      vertex 69.3889 22.8511 3
    endloop
  endfacet
  facet normal 0 0 1
    outer loop
      vertex 66.125 63 3
      vertex 68.8208 68.2639 3
      vertex 68.6742 68.8743 3
    endloop
  endfacet
  facet normal 0 0 1
    outer loop
      vertex 69.3889 22.8511 3
      vertex 66.125 27 3
      vertex 69.061 22.316 3
    endloop
  endfacet
  facet normal 0 0 1
    outer loop
      vertex 66.125 63 3
      vertex 68.6742 68.8743 3
      vertex 68.625 69.5 3
    endloop
  endfacet
  facet normal 0 0 1
    outer loop
      vertex 69.061 22.316 3
      vertex 66.125 27 3
      vertex 68.8208 21.7361 3
    endloop
  endfacet
  facet normal 0 0 1
    outer loop
      vertex 101.125 83 3
      vertex 96.125 75 3
      vertex 101.125 11 3
    endloop
  endfacet
  facet normal 0 0 1
    outer loop
      vertex 101.125 83 3
      vertex 80.125 75 3
      vertex 96.125 75 3
    endloop
  endfacet
  facet normal 0 0 1
    outer loop
      vertex 76.5758 68.8743 3
      vertex 80.125 75 3
      vertex 76.625 69.5 3
    endloop
  endfacet
  facet normal 0 0 1
    outer loop
      vertex 80.125 75 3
      vertex 76.5758 70.1257 3
      vertex 76.625 69.5 3
    endloop
  endfacet
  facet normal 0 0 1
    outer loop
      vertex 80.125 75 3
      vertex 76.4292 70.7361 3
      vertex 76.5758 70.1257 3
    endloop
  endfacet
  facet normal 0 0 1
    outer loop
      vertex 80.125 75 3
      vertex 76.189 71.316 3
      vertex 76.4292 70.7361 3
    endloop
  endfacet
  facet normal 0 0 1
    outer loop
      vertex 80.125 75 3
      vertex 75.8611 71.8511 3
      vertex 76.189 71.316 3
    endloop
  endfacet
  facet normal 0 0 1
    outer loop
      vertex 80.125 75 3
      vertex 75.4534 72.3284 3
      vertex 75.8611 71.8511 3
    endloop
  endfacet
  facet normal 0 0 1
    outer loop
      vertex 80.125 75 3
      vertex 74.9761 72.7361 3
      vertex 75.4534 72.3284 3
    endloop
  endfacet
  facet normal 0 0 1
    outer loop
      vertex 80.125 75 3
      vertex 74.441 73.064 3
      vertex 74.9761 72.7361 3
    endloop
  endfacet
  facet normal 0 0 1
    outer loop
      vertex 71.9993 73.4508 3
      vertex 80.125 75 3
      vertex 101.125 83 3
    endloop
  endfacet
  facet normal 0 0 1
    outer loop
      vertex 80.125 75 3
      vertex 73.8611 73.3042 3
      vertex 74.441 73.064 3
    endloop
  endfacet
  facet normal 0 0 1
    outer loop
      vertex 80.125 75 3
      vertex 73.2507 73.4508 3
      vertex 73.8611 73.3042 3
    endloop
  endfacet
  facet normal 0 0 1
    outer loop
      vertex 80.125 75 3
      vertex 72.625 73.5 3
      vertex 73.2507 73.4508 3
    endloop
  endfacet
  facet normal 0 0 1
    outer loop
      vertex 80.125 75 3
      vertex 71.9993 73.4508 3
      vertex 72.625 73.5 3
    endloop
  endfacet
  facet normal -0 0 1
    outer loop
      vertex 6 83 3
      vertex 71.9993 73.4508 3
      vertex 101.125 83 3
    endloop
  endfacet
  facet normal 0 0 1
    outer loop
      vertex 68.8208 21.7361 3
      vertex 66.125 27 3
      vertex 68.6742 21.1257 3
    endloop
  endfacet
  facet normal 0 0 1
    outer loop
      vertex 68.6742 70.1257 3
      vertex 66.125 63 3
      vertex 68.625 69.5 3
    endloop
  endfacet
  facet normal 0 0 1
    outer loop
      vertex 18.5758 70.1257 3
      vertex 68.6742 70.1257 3
      vertex 68.8208 70.7361 3
    endloop
  endfacet
  facet normal 0 0 1
    outer loop
      vertex 68.6742 70.1257 3
      vertex 21.125 63 3
      vertex 66.125 63 3
    endloop
  endfacet
  facet normal 0 0 1
    outer loop
      vertex 18.4292 70.7361 3
      vertex 68.8208 70.7361 3
      vertex 69.061 71.316 3
    endloop
  endfacet
  facet normal 0 0 1
    outer loop
      vertex 18.189 71.316 3
      vertex 69.061 71.316 3
      vertex 69.3889 71.8511 3
    endloop
  endfacet
  facet normal 0 0 1
    outer loop
      vertex 17.8611 71.8511 3
      vertex 69.3889 71.8511 3
      vertex 69.7966 72.3284 3
    endloop
  endfacet
  facet normal 0 0 1
    outer loop
      vertex 17.4534 72.3284 3
      vertex 69.7966 72.3284 3
      vertex 70.2739 72.7361 3
    endloop
  endfacet
  facet normal 0 0 1
    outer loop
      vertex 6 83 3
      vertex 70.2739 72.7361 3
      vertex 70.809 73.064 3
    endloop
  endfacet
  facet normal 0 0 1
    outer loop
      vertex 6 83 3
      vertex 70.809 73.064 3
      vertex 71.3889 73.3042 3
    endloop
  endfacet
  facet normal 0 0 1
    outer loop
      vertex 71.9993 73.4508 3
      vertex 6 83 3
      vertex 71.3889 73.3042 3
    endloop
  endfacet
  facet normal -0 0 1
    outer loop
      vertex 18.5758 68.8743 3
      vertex 21.125 63 3
      vertex 18.625 69.5 3
    endloop
  endfacet
  facet normal 0 0 1
    outer loop
      vertex 68.8208 70.7361 3
      vertex 18.4292 70.7361 3
      vertex 18.5758 70.1257 3
    endloop
  endfacet
  facet normal 0 0 1
    outer loop
      vertex 21.125 63 3
      vertex 18.5758 70.1257 3
      vertex 18.625 69.5 3
    endloop
  endfacet
  facet normal 0 0 1
    outer loop
      vertex 68.6742 70.1257 3
      vertex 18.5758 70.1257 3
      vertex 21.125 63 3
    endloop
  endfacet
  facet normal 0 0 1
    outer loop
      vertex 69.061 71.316 3
      vertex 18.189 71.316 3
      vertex 18.4292 70.7361 3
    endloop
  endfacet
  facet normal 0 0 1
    outer loop
      vertex 69.3889 71.8511 3
      vertex 17.8611 71.8511 3
      vertex 18.189 71.316 3
    endloop
  endfacet
  facet normal 0 0 1
    outer loop
      vertex 69.7966 72.3284 3
      vertex 17.4534 72.3284 3
      vertex 17.8611 71.8511 3
    endloop
  endfacet
  facet normal 0 0 1
    outer loop
      vertex 70.2739 72.7361 3
      vertex 16.9761 72.7361 3
      vertex 17.4534 72.3284 3
    endloop
  endfacet
  facet normal 0 0 1
    outer loop
      vertex 70.2739 72.7361 3
      vertex 6 83 3
      vertex 16.9761 72.7361 3
    endloop
  endfacet
  facet normal 0 0 1
    outer loop
      vertex 16.9761 72.7361 3
      vertex 6 83 3
      vertex 16.441 73.064 3
    endloop
  endfacet
  facet normal 0 0 1
    outer loop
      vertex 16.441 73.064 3
      vertex 6 83 3
      vertex 15.8611 73.3042 3
    endloop
  endfacet
  facet normal 0 0 1
    outer loop
      vertex 15.8611 73.3042 3
      vertex 6 83 3
      vertex 15.2507 73.4508 3
    endloop
  endfacet
  facet normal 0 0 1
    outer loop
      vertex 15.2507 73.4508 3
      vertex 6 83 3
      vertex 14.625 73.5 3
    endloop
  endfacet
  facet normal 0 0 1
    outer loop
      vertex 10.6742 68.8743 3
      vertex 6 83 3
      vertex 6 11 3
    endloop
  endfacet
  facet normal 0 0 1
    outer loop
      vertex 10.6742 70.1257 3
      vertex 6 83 3
      vertex 10.625 69.5 3
    endloop
  endfacet
  facet normal 0 0 1
    outer loop
      vertex 10.8208 70.7361 3
      vertex 6 83 3
      vertex 10.6742 70.1257 3
    endloop
  endfacet
  facet normal 0 0 1
    outer loop
      vertex 11.061 71.316 3
      vertex 6 83 3
      vertex 10.8208 70.7361 3
    endloop
  endfacet
  facet normal 0 0 1
    outer loop
      vertex 11.3889 71.8511 3
      vertex 6 83 3
      vertex 11.061 71.316 3
    endloop
  endfacet
  facet normal 0 0 1
    outer loop
      vertex 11.7966 72.3284 3
      vertex 6 83 3
      vertex 11.3889 71.8511 3
    endloop
  endfacet
  facet normal 0 0 1
    outer loop
      vertex 12.2739 72.7361 3
      vertex 6 83 3
      vertex 11.7966 72.3284 3
    endloop
  endfacet
  facet normal 0 0 1
    outer loop
      vertex 12.809 73.064 3
      vertex 6 83 3
      vertex 12.2739 72.7361 3
    endloop
  endfacet
  facet normal 0 0 1
    outer loop
      vertex 13.3889 73.3042 3
      vertex 6 83 3
      vertex 12.809 73.064 3
    endloop
  endfacet
  facet normal 0 0 1
    outer loop
      vertex 13.9993 73.4508 3
      vertex 6 83 3
      vertex 13.3889 73.3042 3
    endloop
  endfacet
  facet normal 0 0 1
    outer loop
      vertex 14.625 73.5 3
      vertex 6 83 3
      vertex 13.9993 73.4508 3
    endloop
  endfacet
  facet normal -0 0 1
    outer loop
      vertex 96.125 15 3
      vertex 101.125 11 3
      vertex 96.125 75 3
    endloop
  endfacet
  facet normal -0 0 1
    outer loop
      vertex 80.125 15 3
      vertex 101.125 11 3
      vertex 96.125 15 3
    endloop
  endfacet
  facet normal 0 0 1
    outer loop
      vertex 76.4292 68.2639 3
      vertex 80.125 75 3
      vertex 76.5758 68.8743 3
    endloop
  endfacet
  facet normal -0 0 1
    outer loop
      vertex 76.5758 19.8743 3
      vertex 80.125 15 3
      vertex 76.625 20.5 3
    endloop
  endfacet
  facet normal -0 0 1
    outer loop
      vertex 76.4292 19.2639 3
      vertex 80.125 15 3
      vertex 76.5758 19.8743 3
    endloop
  endfacet
  facet normal -0 0 1
    outer loop
      vertex 76.189 18.684 3
      vertex 80.125 15 3
      vertex 76.4292 19.2639 3
    endloop
  endfacet
  facet normal -0 0 1
    outer loop
      vertex 75.8611 18.1489 3
      vertex 80.125 15 3
      vertex 76.189 18.684 3
    endloop
  endfacet
  facet normal -0 0 1
    outer loop
      vertex 75.4534 17.6716 3
      vertex 80.125 15 3
      vertex 75.8611 18.1489 3
    endloop
  endfacet
  facet normal -0 0 1
    outer loop
      vertex 74.9761 17.2639 3
      vertex 80.125 15 3
      vertex 75.4534 17.6716 3
    endloop
  endfacet
  facet normal -0 0 1
    outer loop
      vertex 74.441 16.936 3
      vertex 80.125 15 3
      vertex 74.9761 17.2639 3
    endloop
  endfacet
  facet normal -0 0 1
    outer loop
      vertex 73.8611 16.6958 3
      vertex 80.125 15 3
      vertex 74.441 16.936 3
    endloop
  endfacet
  facet normal -0 0 1
    outer loop
      vertex 73.2507 16.5492 3
      vertex 80.125 15 3
      vertex 73.8611 16.6958 3
    endloop
  endfacet
  facet normal -0 0 1
    outer loop
      vertex 72.625 16.5 3
      vertex 80.125 15 3
      vertex 73.2507 16.5492 3
    endloop
  endfacet
  facet normal 0 0 1
    outer loop
      vertex 71.9993 16.5492 3
      vertex 80.125 15 3
      vertex 72.625 16.5 3
    endloop
  endfacet
  facet normal 0 0 1
    outer loop
      vertex 68.6742 21.1257 3
      vertex 66.125 27 3
      vertex 68.625 20.5 3
    endloop
  endfacet
  facet normal 0 0 1
    outer loop
      vertex 66.125 27 3
      vertex 68.6742 19.8743 3
      vertex 68.625 20.5 3
    endloop
  endfacet
  facet normal -0 0 1
    outer loop
      vertex 21.125 27 3
      vertex 68.6742 19.8743 3
      vertex 66.125 27 3
    endloop
  endfacet
  facet normal 0 0 1
    outer loop
      vertex 18.5758 19.8743 3
      vertex 68.6742 19.8743 3
      vertex 21.125 27 3
    endloop
  endfacet
  facet normal 0 0 1
    outer loop
      vertex 68.6742 19.8743 3
      vertex 18.5758 19.8743 3
      vertex 68.8208 19.2639 3
    endloop
  endfacet
  facet normal 0 0 1
    outer loop
      vertex 18.4292 19.2639 3
      vertex 68.8208 19.2639 3
      vertex 18.5758 19.8743 3
    endloop
  endfacet
  facet normal 0 0 1
    outer loop
      vertex 68.8208 19.2639 3
      vertex 18.4292 19.2639 3
      vertex 69.061 18.684 3
    endloop
  endfacet
  facet normal 0 0 1
    outer loop
      vertex 18.189 18.684 3
      vertex 69.061 18.684 3
      vertex 18.4292 19.2639 3
    endloop
  endfacet
  facet normal 0 0 1
    outer loop
      vertex 69.061 18.684 3
      vertex 18.189 18.684 3
      vertex 69.3889 18.1489 3
    endloop
  endfacet
  facet normal 0 0 1
    outer loop
      vertex 17.8611 18.1489 3
      vertex 69.3889 18.1489 3
      vertex 18.189 18.684 3
    endloop
  endfacet
  facet normal 0 0 1
    outer loop
      vertex 69.3889 18.1489 3
      vertex 17.8611 18.1489 3
      vertex 69.7966 17.6716 3
    endloop
  endfacet
  facet normal -0 0 1
    outer loop
      vertex 18.4292 68.2639 3
      vertex 21.125 63 3
      vertex 18.5758 68.8743 3
    endloop
  endfacet
  facet normal 0 0 1
    outer loop
      vertex 18.5758 19.8743 3
      vertex 21.125 27 3
      vertex 18.625 20.5 3
    endloop
  endfacet
  facet normal 0 0 1
    outer loop
      vertex 17.4534 17.6716 3
      vertex 69.7966 17.6716 3
      vertex 17.8611 18.1489 3
    endloop
  endfacet
  facet normal 0 0 1
    outer loop
      vertex 69.7966 17.6716 3
      vertex 17.4534 17.6716 3
      vertex 70.2739 17.2639 3
    endloop
  endfacet
  facet normal 0 0 1
    outer loop
      vertex 16.9761 17.2639 3
      vertex 70.2739 17.2639 3
      vertex 17.4534 17.6716 3
    endloop
  endfacet
  facet normal 0 0 1
    outer loop
      vertex 70.2739 17.2639 3
      vertex 16.9761 17.2639 3
      vertex 70.809 16.936 3
    endloop
  endfacet
  facet normal 0 0 1
    outer loop
      vertex 16.441 16.936 3
      vertex 70.809 16.936 3
      vertex 16.9761 17.2639 3
    endloop
  endfacet
  facet normal 0 0 1
    outer loop
      vertex 6 11 3
      vertex 70.809 16.936 3
      vertex 16.441 16.936 3
    endloop
  endfacet
  facet normal 0 0 1
    outer loop
      vertex 70.809 16.936 3
      vertex 6 11 3
      vertex 71.3889 16.6958 3
    endloop
  endfacet
  facet normal 0 0 1
    outer loop
      vertex 71.3889 16.6958 3
      vertex 6 11 3
      vertex 71.9993 16.5492 3
    endloop
  endfacet
  facet normal 0 0 1
    outer loop
      vertex 71.9993 16.5492 3
      vertex 6 11 3
      vertex 80.125 15 3
    endloop
  endfacet
  facet normal 0 0 1
    outer loop
      vertex 6 11 3
      vertex 16.441 16.936 3
      vertex 15.8611 16.6958 3
    endloop
  endfacet
  facet normal 0 0 1
    outer loop
      vertex 6 11 3
      vertex 15.8611 16.6958 3
      vertex 15.2507 16.5492 3
    endloop
  endfacet
  facet normal 0 0 1
    outer loop
      vertex 6 11 3
      vertex 15.2507 16.5492 3
      vertex 14.625 16.5 3
    endloop
  endfacet
  facet normal 0 0 1
    outer loop
      vertex 80.125 15 3
      vertex 6 11 3
      vertex 101.125 11 3
    endloop
  endfacet
  facet normal 0 0 1
    outer loop
      vertex 13.9993 16.5492 3
      vertex 6 11 3
      vertex 14.625 16.5 3
    endloop
  endfacet
  facet normal 0 0 1
    outer loop
      vertex 13.3889 16.6958 3
      vertex 6 11 3
      vertex 13.9993 16.5492 3
    endloop
  endfacet
  facet normal 0 0 1
    outer loop
      vertex 12.809 16.936 3
      vertex 6 11 3
      vertex 13.3889 16.6958 3
    endloop
  endfacet
  facet normal 0 0 1
    outer loop
      vertex 12.2739 17.2639 3
      vertex 6 11 3
      vertex 12.809 16.936 3
    endloop
  endfacet
  facet normal 0 0 1
    outer loop
      vertex 11.7966 17.6716 3
      vertex 6 11 3
      vertex 12.2739 17.2639 3
    endloop
  endfacet
  facet normal 0 0 1
    outer loop
      vertex 11.3889 18.1489 3
      vertex 6 11 3
      vertex 11.7966 17.6716 3
    endloop
  endfacet
  facet normal 0 0 1
    outer loop
      vertex 11.061 18.684 3
      vertex 6 11 3
      vertex 11.3889 18.1489 3
    endloop
  endfacet
  facet normal 0 0 1
    outer loop
      vertex 10.8208 19.2639 3
      vertex 6 11 3
      vertex 11.061 18.684 3
    endloop
  endfacet
  facet normal 0 0 1
    outer loop
      vertex 10.6742 19.8743 3
      vertex 6 11 3
      vertex 10.8208 19.2639 3
    endloop
  endfacet
  facet normal 0 0 1
    outer loop
      vertex 10.625 20.5 3
      vertex 6 11 3
      vertex 10.6742 19.8743 3
    endloop
  endfacet
  facet normal 0 0 1
    outer loop
      vertex 10.6742 21.1257 3
      vertex 6 11 3
      vertex 10.625 20.5 3
    endloop
  endfacet
  facet normal -1 0 0
    outer loop
      vertex 6 11 0.4
      vertex 6 83 3
      vertex 6 83 0.4
    endloop
  endfacet
  facet normal -1 -0 0
    outer loop
      vertex 6 83 3
      vertex 6 11 0.4
      vertex 6 11 3
    endloop
  endfacet
  facet normal -0.707107 0 -0.707107
    outer loop
      vertex 6.4 82.6 0
      vertex 6 11 0.4
      vertex 6 83 0.4
    endloop
  endfacet
  facet normal -0.707107 0 -0.707107
    outer loop
      vertex 6 11 0.4
      vertex 6.4 82.6 0
      vertex 6.4 10.6 0
    endloop
  endfacet
  facet normal -1 0 0
    outer loop
      vertex 66.125 27 0
      vertex 66.125 63 3
      vertex 66.125 63 0
    endloop
  endfacet
  facet normal -1 -0 0
    outer loop
      vertex 66.125 63 3
      vertex 66.125 27 0
      vertex 66.125 27 3
    endloop
  endfacet
  facet normal 1 -0 0
    outer loop
      vertex 21.125 27 3
      vertex 21.125 63 0
      vertex 21.125 63 3
    endloop
  endfacet
  facet normal 1 0 0
    outer loop
      vertex 21.125 63 0
      vertex 21.125 27 3
      vertex 21.125 27 0
    endloop
  endfacet
  facet normal 0 -1 0
    outer loop
      vertex 21.125 63 0
      vertex 66.125 63 3
      vertex 21.125 63 3
    endloop
  endfacet
  facet normal 0 -1 -0
    outer loop
      vertex 66.125 63 3
      vertex 21.125 63 0
      vertex 66.125 63 0
    endloop
  endfacet
  facet normal 0 1 -0
    outer loop
      vertex 66.125 27 0
      vertex 21.125 27 3
      vertex 66.125 27 3
    endloop
  endfacet
  facet normal 0 1 0
    outer loop
      vertex 21.125 27 3
      vertex 66.125 27 0
      vertex 21.125 27 0
    endloop
  endfacet
  facet normal -1 0 0
    outer loop
      vertex 96.125 15 0
      vertex 96.125 75 3
      vertex 96.125 75 0
    endloop
  endfacet
  facet normal -1 -0 0
    outer loop
      vertex 96.125 75 3
      vertex 96.125 15 0
      vertex 96.125 15 3
    endloop
  endfacet
  facet normal 1 -0 0
    outer loop
      vertex 80.125 15 3
      vertex 80.125 75 0
      vertex 80.125 75 3
    endloop
  endfacet
  facet normal 1 0 0
    outer loop
      vertex 80.125 75 0
      vertex 80.125 15 3
      vertex 80.125 15 0
    endloop
  endfacet
  facet normal 0 -1 0
    outer loop
      vertex 80.125 75 0
      vertex 96.125 75 3
      vertex 80.125 75 3
    endloop
  endfacet
  facet normal 0 -1 -0
    outer loop
      vertex 96.125 75 3
      vertex 80.125 75 0
      vertex 96.125 75 0
    endloop
  endfacet
  facet normal 0 1 -0
    outer loop
      vertex 96.125 15 0
      vertex 80.125 15 3
      vertex 96.125 15 3
    endloop
  endfacet
  facet normal 0 1 0
    outer loop
      vertex 80.125 15 3
      vertex 96.125 15 0
      vertex 80.125 15 0
    endloop
  endfacet
  facet normal -0.923881 0.38268 0
    outer loop
      vertex 10.8208 21.7361 3
      vertex 11.061 22.316 8
      vertex 11.061 22.316 3
    endloop
  endfacet
  facet normal -0.923881 0.38268 0
    outer loop
      vertex 11.061 22.316 8
      vertex 10.8208 21.7361 3
      vertex 10.8208 21.7361 8
    endloop
  endfacet
  facet normal 0.23353 -0.97235 0
    outer loop
      vertex 15.2507 16.5492 3
      vertex 15.8611 16.6958 8
      vertex 15.2507 16.5492 8
    endloop
  endfacet
  facet normal 0.23353 -0.97235 0
    outer loop
      vertex 15.8611 16.6958 8
      vertex 15.2507 16.5492 3
      vertex 15.8611 16.6958 3
    endloop
  endfacet
  facet normal 0.97235 0.23353 0
    outer loop
      vertex 18.5758 21.1257 8
      vertex 18.4292 21.7361 3
      vertex 18.4292 21.7361 8
    endloop
  endfacet
  facet normal 0.97235 0.23353 0
    outer loop
      vertex 18.4292 21.7361 3
      vertex 18.5758 21.1257 8
      vertex 18.5758 21.1257 3
    endloop
  endfacet
  facet normal 0.996923 0.07839 0
    outer loop
      vertex 18.625 20.5 8
      vertex 18.5758 21.1257 3
      vertex 18.5758 21.1257 8
    endloop
  endfacet
  facet normal 0.996923 0.07839 0
    outer loop
      vertex 18.5758 21.1257 3
      vertex 18.625 20.5 8
      vertex 18.625 20.5 3
    endloop
  endfacet
  facet normal 0.996923 -0.07839 0
    outer loop
      vertex 18.5758 19.8743 8
      vertex 18.625 20.5 3
      vertex 18.625 20.5 8
    endloop
  endfacet
  facet normal 0.996923 -0.07839 0
    outer loop
      vertex 18.625 20.5 3
      vertex 18.5758 19.8743 8
      vertex 18.5758 19.8743 3
    endloop
  endfacet
  facet normal 0.760369 0.649492 0
    outer loop
      vertex 17.8611 22.8511 8
      vertex 17.4534 23.3284 3
      vertex 17.4534 23.3284 8
    endloop
  endfacet
  facet normal 0.760369 0.649492 0
    outer loop
      vertex 17.4534 23.3284 3
      vertex 17.8611 22.8511 8
      vertex 17.8611 22.8511 3
    endloop
  endfacet
  facet normal 0.649492 0.760369 -0
    outer loop
      vertex 17.4534 23.3284 3
      vertex 16.9761 23.7361 8
      vertex 17.4534 23.3284 8
    endloop
  endfacet
  facet normal 0.649492 0.760369 0
    outer loop
      vertex 16.9761 23.7361 8
      vertex 17.4534 23.3284 3
      vertex 16.9761 23.7361 3
    endloop
  endfacet
  facet normal -0.649492 0.760369 0
    outer loop
      vertex 12.2739 23.7361 3
      vertex 11.7966 23.3284 8
      vertex 12.2739 23.7361 8
    endloop
  endfacet
  facet normal -0.649492 0.760369 0
    outer loop
      vertex 11.7966 23.3284 8
      vertex 12.2739 23.7361 3
      vertex 11.7966 23.3284 3
    endloop
  endfacet
  facet normal -0.522487 -0.852647 0
    outer loop
      vertex 12.2739 17.2639 3
      vertex 12.809 16.936 8
      vertex 12.2739 17.2639 8
    endloop
  endfacet
  facet normal -0.522487 -0.852647 -0
    outer loop
      vertex 12.809 16.936 8
      vertex 12.2739 17.2639 3
      vertex 12.809 16.936 3
    endloop
  endfacet
  facet normal -0.97235 0.23353 0
    outer loop
      vertex 10.6742 21.1257 3
      vertex 10.8208 21.7361 8
      vertex 10.8208 21.7361 3
    endloop
  endfacet
  facet normal -0.97235 0.23353 0
    outer loop
      vertex 10.8208 21.7361 8
      vertex 10.6742 21.1257 3
      vertex 10.6742 21.1257 8
    endloop
  endfacet
  facet normal -0.97235 -0.23353 0
    outer loop
      vertex 10.8208 19.2639 3
      vertex 10.6742 19.8743 8
      vertex 10.6742 19.8743 3
    endloop
  endfacet
  facet normal -0.97235 -0.23353 0
    outer loop
      vertex 10.6742 19.8743 8
      vertex 10.8208 19.2639 3
      vertex 10.8208 19.2639 8
    endloop
  endfacet
  facet normal 0.852647 -0.522487 0
    outer loop
      vertex 17.8611 18.1489 8
      vertex 18.189 18.684 3
      vertex 18.189 18.684 8
    endloop
  endfacet
  facet normal 0.852647 -0.522487 0
    outer loop
      vertex 18.189 18.684 3
      vertex 17.8611 18.1489 8
      vertex 17.8611 18.1489 3
    endloop
  endfacet
  facet normal -0.38268 -0.923881 0
    outer loop
      vertex 12.809 16.936 3
      vertex 13.3889 16.6958 8
      vertex 12.809 16.936 8
    endloop
  endfacet
  facet normal -0.38268 -0.923881 -0
    outer loop
      vertex 13.3889 16.6958 8
      vertex 12.809 16.936 3
      vertex 13.3889 16.6958 3
    endloop
  endfacet
  facet normal -0.852647 -0.522487 0
    outer loop
      vertex 11.3889 18.1489 3
      vertex 11.061 18.684 8
      vertex 11.061 18.684 3
    endloop
  endfacet
  facet normal -0.852647 -0.522487 0
    outer loop
      vertex 11.061 18.684 8
      vertex 11.3889 18.1489 3
      vertex 11.3889 18.1489 8
    endloop
  endfacet
  facet normal -0.38268 0.923881 0
    outer loop
      vertex 13.3889 24.3042 3
      vertex 12.809 24.064 8
      vertex 13.3889 24.3042 8
    endloop
  endfacet
  facet normal -0.38268 0.923881 0
    outer loop
      vertex 12.809 24.064 8
      vertex 13.3889 24.3042 3
      vertex 12.809 24.064 3
    endloop
  endfacet
  facet normal 0.923881 -0.38268 0
    outer loop
      vertex 18.189 18.684 8
      vertex 18.4292 19.2639 3
      vertex 18.4292 19.2639 8
    endloop
  endfacet
  facet normal 0.923881 -0.38268 0
    outer loop
      vertex 18.4292 19.2639 3
      vertex 18.189 18.684 8
      vertex 18.189 18.684 3
    endloop
  endfacet
  facet normal 0.38268 0.923881 -0
    outer loop
      vertex 16.441 24.064 3
      vertex 15.8611 24.3042 8
      vertex 16.441 24.064 8
    endloop
  endfacet
  facet normal 0.38268 0.923881 0
    outer loop
      vertex 15.8611 24.3042 8
      vertex 16.441 24.064 3
      vertex 15.8611 24.3042 3
    endloop
  endfacet
  facet normal 0.23353 0.97235 -0
    outer loop
      vertex 15.8611 24.3042 3
      vertex 15.2507 24.4508 8
      vertex 15.8611 24.3042 8
    endloop
  endfacet
  facet normal 0.23353 0.97235 0
    outer loop
      vertex 15.2507 24.4508 8
      vertex 15.8611 24.3042 3
      vertex 15.2507 24.4508 3
    endloop
  endfacet
  facet normal 0 0 1
    outer loop
      vertex 16.025 20.5 8
      vertex 18.625 20.5 8
      vertex 18.5758 21.1257 8
    endloop
  endfacet
  facet normal 0 0 1
    outer loop
      vertex 15.9773 20.8623 8
      vertex 18.5758 21.1257 8
      vertex 18.4292 21.7361 8
    endloop
  endfacet
  facet normal 0 0 1
    outer loop
      vertex 18.625 20.5 8
      vertex 16.025 20.5 8
      vertex 18.5758 19.8743 8
    endloop
  endfacet
  facet normal 0 0 1
    outer loop
      vertex 15.9773 20.8623 8
      vertex 18.4292 21.7361 8
      vertex 18.189 22.316 8
    endloop
  endfacet
  facet normal -0 0 1
    outer loop
      vertex 15.9773 20.1377 8
      vertex 18.5758 19.8743 8
      vertex 16.025 20.5 8
    endloop
  endfacet
  facet normal 0 0 1
    outer loop
      vertex 15.8374 21.2 8
      vertex 18.189 22.316 8
      vertex 17.8611 22.8511 8
    endloop
  endfacet
  facet normal 0 0 1
    outer loop
      vertex 18.5758 19.8743 8
      vertex 15.9773 20.1377 8
      vertex 18.4292 19.2639 8
    endloop
  endfacet
  facet normal 0 0 1
    outer loop
      vertex 15.6149 21.4899 8
      vertex 17.8611 22.8511 8
      vertex 17.4534 23.3284 8
    endloop
  endfacet
  facet normal 0 0 1
    outer loop
      vertex 18.4292 19.2639 8
      vertex 15.9773 20.1377 8
      vertex 18.189 18.684 8
    endloop
  endfacet
  facet normal 0 0 1
    outer loop
      vertex 15.6149 21.4899 8
      vertex 17.4534 23.3284 8
      vertex 16.9761 23.7361 8
    endloop
  endfacet
  facet normal -0 0 1
    outer loop
      vertex 15.8374 19.8 8
      vertex 18.189 18.684 8
      vertex 15.9773 20.1377 8
    endloop
  endfacet
  facet normal 0 0 1
    outer loop
      vertex 15.325 21.7124 8
      vertex 16.9761 23.7361 8
      vertex 16.441 24.064 8
    endloop
  endfacet
  facet normal 0 0 1
    outer loop
      vertex 18.189 18.684 8
      vertex 15.8374 19.8 8
      vertex 17.8611 18.1489 8
    endloop
  endfacet
  facet normal -0 0 1
    outer loop
      vertex 15.6149 19.5101 8
      vertex 17.8611 18.1489 8
      vertex 15.8374 19.8 8
    endloop
  endfacet
  facet normal 0 0 1
    outer loop
      vertex 18.5758 21.1257 8
      vertex 15.9773 20.8623 8
      vertex 16.025 20.5 8
    endloop
  endfacet
  facet normal 0 0 1
    outer loop
      vertex 15.325 21.7124 8
      vertex 16.441 24.064 8
      vertex 15.8611 24.3042 8
    endloop
  endfacet
  facet normal 0 0 1
    outer loop
      vertex 18.189 22.316 8
      vertex 15.8374 21.2 8
      vertex 15.9773 20.8623 8
    endloop
  endfacet
  facet normal 0 0 1
    outer loop
      vertex 17.8611 22.8511 8
      vertex 15.6149 21.4899 8
      vertex 15.8374 21.2 8
    endloop
  endfacet
  facet normal 0 0 1
    outer loop
      vertex 16.9761 23.7361 8
      vertex 15.325 21.7124 8
      vertex 15.6149 21.4899 8
    endloop
  endfacet
  facet normal 0 0 1
    outer loop
      vertex 14.9873 21.8523 8
      vertex 15.8611 24.3042 8
      vertex 15.2507 24.4508 8
    endloop
  endfacet
  facet normal 0 0 1
    outer loop
      vertex 15.8611 24.3042 8
      vertex 14.9873 21.8523 8
      vertex 15.325 21.7124 8
    endloop
  endfacet
  facet normal 0 0 1
    outer loop
      vertex 14.625 21.9 8
      vertex 15.2507 24.4508 8
      vertex 14.625 24.5 8
    endloop
  endfacet
  facet normal 0 0 1
    outer loop
      vertex 15.2507 24.4508 8
      vertex 14.625 21.9 8
      vertex 14.9873 21.8523 8
    endloop
  endfacet
  facet normal -0 0 1
    outer loop
      vertex 13.9993 24.4508 8
      vertex 14.625 21.9 8
      vertex 14.625 24.5 8
    endloop
  endfacet
  facet normal 0 0 1
    outer loop
      vertex 14.625 21.9 8
      vertex 13.9993 24.4508 8
      vertex 14.2627 21.8523 8
    endloop
  endfacet
  facet normal -0 0 1
    outer loop
      vertex 13.3889 24.3042 8
      vertex 14.2627 21.8523 8
      vertex 13.9993 24.4508 8
    endloop
  endfacet
  facet normal 0 0 1
    outer loop
      vertex 14.2627 21.8523 8
      vertex 13.3889 24.3042 8
      vertex 13.925 21.7124 8
    endloop
  endfacet
  facet normal -0 0 1
    outer loop
      vertex 12.809 24.064 8
      vertex 13.925 21.7124 8
      vertex 13.3889 24.3042 8
    endloop
  endfacet
  facet normal -0 0 1
    outer loop
      vertex 12.2739 23.7361 8
      vertex 13.925 21.7124 8
      vertex 12.809 24.064 8
    endloop
  endfacet
  facet normal 0 0 1
    outer loop
      vertex 13.925 21.7124 8
      vertex 12.2739 23.7361 8
      vertex 13.6351 21.4899 8
    endloop
  endfacet
  facet normal -0 0 1
    outer loop
      vertex 11.7966 23.3284 8
      vertex 13.6351 21.4899 8
      vertex 12.2739 23.7361 8
    endloop
  endfacet
  facet normal -0 0 1
    outer loop
      vertex 11.3889 22.8511 8
      vertex 13.6351 21.4899 8
      vertex 11.7966 23.3284 8
    endloop
  endfacet
  facet normal 0 0 1
    outer loop
      vertex 17.8611 18.1489 8
      vertex 15.6149 19.5101 8
      vertex 17.4534 17.6716 8
    endloop
  endfacet
  facet normal 0 0 1
    outer loop
      vertex 17.4534 17.6716 8
      vertex 15.6149 19.5101 8
      vertex 16.9761 17.2639 8
    endloop
  endfacet
  facet normal -0 0 1
    outer loop
      vertex 15.325 19.2876 8
      vertex 16.9761 17.2639 8
      vertex 15.6149 19.5101 8
    endloop
  endfacet
  facet normal 0 0 1
    outer loop
      vertex 16.9761 17.2639 8
      vertex 15.325 19.2876 8
      vertex 16.441 16.936 8
    endloop
  endfacet
  facet normal 0 0 1
    outer loop
      vertex 16.441 16.936 8
      vertex 15.325 19.2876 8
      vertex 15.8611 16.6958 8
    endloop
  endfacet
  facet normal -0 0 1
    outer loop
      vertex 14.9873 19.1477 8
      vertex 15.8611 16.6958 8
      vertex 15.325 19.2876 8
    endloop
  endfacet
  facet normal 0 0 1
    outer loop
      vertex 15.8611 16.6958 8
      vertex 14.9873 19.1477 8
      vertex 15.2507 16.5492 8
    endloop
  endfacet
  facet normal -0 0 1
    outer loop
      vertex 14.625 19.1 8
      vertex 15.2507 16.5492 8
      vertex 14.9873 19.1477 8
    endloop
  endfacet
  facet normal 0 0 1
    outer loop
      vertex 14.625 19.1 8
      vertex 14.625 16.5 8
      vertex 15.2507 16.5492 8
    endloop
  endfacet
  facet normal 0 0 1
    outer loop
      vertex 13.9993 16.5492 8
      vertex 14.625 19.1 8
      vertex 14.2627 19.1477 8
    endloop
  endfacet
  facet normal 0 0 1
    outer loop
      vertex 14.625 19.1 8
      vertex 13.9993 16.5492 8
      vertex 14.625 16.5 8
    endloop
  endfacet
  facet normal 0 0 1
    outer loop
      vertex 13.3889 16.6958 8
      vertex 14.2627 19.1477 8
      vertex 13.925 19.2876 8
    endloop
  endfacet
  facet normal 0 0 1
    outer loop
      vertex 12.2739 17.2639 8
      vertex 13.925 19.2876 8
      vertex 13.6351 19.5101 8
    endloop
  endfacet
  facet normal 0 0 1
    outer loop
      vertex 11.3889 18.1489 8
      vertex 13.6351 19.5101 8
      vertex 13.4126 19.8 8
    endloop
  endfacet
  facet normal 0 0 1
    outer loop
      vertex 14.2627 19.1477 8
      vertex 13.3889 16.6958 8
      vertex 13.9993 16.5492 8
    endloop
  endfacet
  facet normal 0 0 1
    outer loop
      vertex 11.061 18.684 8
      vertex 13.4126 19.8 8
      vertex 13.2727 20.1377 8
    endloop
  endfacet
  facet normal 0 0 1
    outer loop
      vertex 10.6742 19.8743 8
      vertex 13.2727 20.1377 8
      vertex 13.225 20.5 8
    endloop
  endfacet
  facet normal 0 0 1
    outer loop
      vertex 13.6351 21.4899 8
      vertex 11.3889 22.8511 8
      vertex 13.4126 21.2 8
    endloop
  endfacet
  facet normal 0 0 1
    outer loop
      vertex 13.925 19.2876 8
      vertex 12.809 16.936 8
      vertex 13.3889 16.6958 8
    endloop
  endfacet
  facet normal -0 0 1
    outer loop
      vertex 11.061 22.316 8
      vertex 13.4126 21.2 8
      vertex 11.3889 22.8511 8
    endloop
  endfacet
  facet normal 0 0 1
    outer loop
      vertex 13.925 19.2876 8
      vertex 12.2739 17.2639 8
      vertex 12.809 16.936 8
    endloop
  endfacet
  facet normal 0 0 1
    outer loop
      vertex 13.4126 21.2 8
      vertex 11.061 22.316 8
      vertex 13.2727 20.8623 8
    endloop
  endfacet
  facet normal 0 0 1
    outer loop
      vertex 13.6351 19.5101 8
      vertex 11.7966 17.6716 8
      vertex 12.2739 17.2639 8
    endloop
  endfacet
  facet normal -0 0 1
    outer loop
      vertex 10.8208 21.7361 8
      vertex 13.2727 20.8623 8
      vertex 11.061 22.316 8
    endloop
  endfacet
  facet normal 0 0 1
    outer loop
      vertex 13.6351 19.5101 8
      vertex 11.3889 18.1489 8
      vertex 11.7966 17.6716 8
    endloop
  endfacet
  facet normal -0 0 1
    outer loop
      vertex 10.6742 21.1257 8
      vertex 13.2727 20.8623 8
      vertex 10.8208 21.7361 8
    endloop
  endfacet
  facet normal 0 0 1
    outer loop
      vertex 13.4126 19.8 8
      vertex 11.061 18.684 8
      vertex 11.3889 18.1489 8
    endloop
  endfacet
  facet normal 0 0 1
    outer loop
      vertex 13.2727 20.8623 8
      vertex 10.6742 21.1257 8
      vertex 13.225 20.5 8
    endloop
  endfacet
  facet normal 0 0 1
    outer loop
      vertex 13.2727 20.1377 8
      vertex 10.8208 19.2639 8
      vertex 11.061 18.684 8
    endloop
  endfacet
  facet normal 0 0 1
    outer loop
      vertex 10.625 20.5 8
      vertex 13.225 20.5 8
      vertex 10.6742 21.1257 8
    endloop
  endfacet
  facet normal 0 0 1
    outer loop
      vertex 13.2727 20.1377 8
      vertex 10.6742 19.8743 8
      vertex 10.8208 19.2639 8
    endloop
  endfacet
  facet normal 0 0 1
    outer loop
      vertex 13.225 20.5 8
      vertex 10.625 20.5 8
      vertex 10.6742 19.8743 8
    endloop
  endfacet
  facet normal 0.07839 -0.996923 0
    outer loop
      vertex 14.625 16.5 3
      vertex 15.2507 16.5492 8
      vertex 14.625 16.5 8
    endloop
  endfacet
  facet normal 0.07839 -0.996923 0
    outer loop
      vertex 15.2507 16.5492 8
      vertex 14.625 16.5 3
      vertex 15.2507 16.5492 3
    endloop
  endfacet
  facet normal -0.852647 0.522487 0
    outer loop
      vertex 11.061 22.316 3
      vertex 11.3889 22.8511 8
      vertex 11.3889 22.8511 3
    endloop
  endfacet
  facet normal -0.852647 0.522487 0
    outer loop
      vertex 11.3889 22.8511 8
      vertex 11.061 22.316 3
      vertex 11.061 22.316 8
    endloop
  endfacet
  facet normal -0.760369 0.649492 0
    outer loop
      vertex 11.3889 22.8511 3
      vertex 11.7966 23.3284 8
      vertex 11.7966 23.3284 3
    endloop
  endfacet
  facet normal -0.760369 0.649492 0
    outer loop
      vertex 11.7966 23.3284 8
      vertex 11.3889 22.8511 3
      vertex 11.3889 22.8511 8
    endloop
  endfacet
  facet normal -0.522487 0.852647 0
    outer loop
      vertex 12.809 24.064 3
      vertex 12.2739 23.7361 8
      vertex 12.809 24.064 8
    endloop
  endfacet
  facet normal -0.522487 0.852647 0
    outer loop
      vertex 12.2739 23.7361 8
      vertex 12.809 24.064 3
      vertex 12.2739 23.7361 3
    endloop
  endfacet
  facet normal -0.996923 -0.07839 0
    outer loop
      vertex 10.6742 19.8743 3
      vertex 10.625 20.5 8
      vertex 10.625 20.5 3
    endloop
  endfacet
  facet normal -0.996923 -0.07839 0
    outer loop
      vertex 10.625 20.5 8
      vertex 10.6742 19.8743 3
      vertex 10.6742 19.8743 8
    endloop
  endfacet
  facet normal 0.522487 0.852647 -0
    outer loop
      vertex 16.9761 23.7361 3
      vertex 16.441 24.064 8
      vertex 16.9761 23.7361 8
    endloop
  endfacet
  facet normal 0.522487 0.852647 0
    outer loop
      vertex 16.441 24.064 8
      vertex 16.9761 23.7361 3
      vertex 16.441 24.064 3
    endloop
  endfacet
  facet normal 0.522487 -0.852647 0
    outer loop
      vertex 16.441 16.936 3
      vertex 16.9761 17.2639 8
      vertex 16.441 16.936 8
    endloop
  endfacet
  facet normal 0.522487 -0.852647 0
    outer loop
      vertex 16.9761 17.2639 8
      vertex 16.441 16.936 3
      vertex 16.9761 17.2639 3
    endloop
  endfacet
  facet normal 0.07839 0.996923 -0
    outer loop
      vertex 15.2507 24.4508 3
      vertex 14.625 24.5 8
      vertex 15.2507 24.4508 8
    endloop
  endfacet
  facet normal 0.07839 0.996923 0
    outer loop
      vertex 14.625 24.5 8
      vertex 15.2507 24.4508 3
      vertex 14.625 24.5 3
    endloop
  endfacet
  facet normal -0.23353 0.97235 0
    outer loop
      vertex 13.9993 24.4508 3
      vertex 13.3889 24.3042 8
      vertex 13.9993 24.4508 8
    endloop
  endfacet
  facet normal -0.23353 0.97235 0
    outer loop
      vertex 13.3889 24.3042 8
      vertex 13.9993 24.4508 3
      vertex 13.3889 24.3042 3
    endloop
  endfacet
  facet normal 0.852647 0.522487 0
    outer loop
      vertex 18.189 22.316 8
      vertex 17.8611 22.8511 3
      vertex 17.8611 22.8511 8
    endloop
  endfacet
  facet normal 0.852647 0.522487 0
    outer loop
      vertex 17.8611 22.8511 3
      vertex 18.189 22.316 8
      vertex 18.189 22.316 3
    endloop
  endfacet
  facet normal -0.760369 -0.649492 0
    outer loop
      vertex 11.7966 17.6716 3
      vertex 11.3889 18.1489 8
      vertex 11.3889 18.1489 3
    endloop
  endfacet
  facet normal -0.760369 -0.649492 0
    outer loop
      vertex 11.3889 18.1489 8
      vertex 11.7966 17.6716 3
      vertex 11.7966 17.6716 8
    endloop
  endfacet
  facet normal 0.97235 -0.23353 0
    outer loop
      vertex 18.4292 19.2639 8
      vertex 18.5758 19.8743 3
      vertex 18.5758 19.8743 8
    endloop
  endfacet
  facet normal 0.97235 -0.23353 0
    outer loop
      vertex 18.5758 19.8743 3
      vertex 18.4292 19.2639 8
      vertex 18.4292 19.2639 3
    endloop
  endfacet
  facet normal -0.649492 -0.760369 0
    outer loop
      vertex 11.7966 17.6716 3
      vertex 12.2739 17.2639 8
      vertex 11.7966 17.6716 8
    endloop
  endfacet
  facet normal -0.649492 -0.760369 -0
    outer loop
      vertex 12.2739 17.2639 8
      vertex 11.7966 17.6716 3
      vertex 12.2739 17.2639 3
    endloop
  endfacet
  facet normal 0.760369 -0.649492 0
    outer loop
      vertex 17.4534 17.6716 8
      vertex 17.8611 18.1489 3
      vertex 17.8611 18.1489 8
    endloop
  endfacet
  facet normal 0.760369 -0.649492 0
    outer loop
      vertex 17.8611 18.1489 3
      vertex 17.4534 17.6716 8
      vertex 17.4534 17.6716 3
    endloop
  endfacet
  facet normal 0.649492 -0.760369 0
    outer loop
      vertex 16.9761 17.2639 3
      vertex 17.4534 17.6716 8
      vertex 16.9761 17.2639 8
    endloop
  endfacet
  facet normal 0.649492 -0.760369 0
    outer loop
      vertex 17.4534 17.6716 8
      vertex 16.9761 17.2639 3
      vertex 17.4534 17.6716 3
    endloop
  endfacet
  facet normal -0.07839 -0.996923 0
    outer loop
      vertex 13.9993 16.5492 3
      vertex 14.625 16.5 8
      vertex 13.9993 16.5492 8
    endloop
  endfacet
  facet normal -0.07839 -0.996923 -0
    outer loop
      vertex 14.625 16.5 8
      vertex 13.9993 16.5492 3
      vertex 14.625 16.5 3
    endloop
  endfacet
  facet normal 0.38268 -0.923881 0
    outer loop
      vertex 15.8611 16.6958 3
      vertex 16.441 16.936 8
      vertex 15.8611 16.6958 8
    endloop
  endfacet
  facet normal 0.38268 -0.923881 0
    outer loop
      vertex 16.441 16.936 8
      vertex 15.8611 16.6958 3
      vertex 16.441 16.936 3
    endloop
  endfacet
  facet normal -0.923881 -0.38268 0
    outer loop
      vertex 11.061 18.684 3
      vertex 10.8208 19.2639 8
      vertex 10.8208 19.2639 3
    endloop
  endfacet
  facet normal -0.923881 -0.38268 0
    outer loop
      vertex 10.8208 19.2639 8
      vertex 11.061 18.684 3
      vertex 11.061 18.684 8
    endloop
  endfacet
  facet normal -0.07839 0.996923 0
    outer loop
      vertex 14.625 24.5 3
      vertex 13.9993 24.4508 8
      vertex 14.625 24.5 8
    endloop
  endfacet
  facet normal -0.07839 0.996923 0
    outer loop
      vertex 13.9993 24.4508 8
      vertex 14.625 24.5 3
      vertex 13.9993 24.4508 3
    endloop
  endfacet
  facet normal 0.923881 0.38268 0
    outer loop
      vertex 18.4292 21.7361 8
      vertex 18.189 22.316 3
      vertex 18.189 22.316 8
    endloop
  endfacet
  facet normal 0.923881 0.38268 0
    outer loop
      vertex 18.189 22.316 3
      vertex 18.4292 21.7361 8
      vertex 18.4292 21.7361 3
    endloop
  endfacet
  facet normal -0.23353 -0.97235 0
    outer loop
      vertex 13.3889 16.6958 3
      vertex 13.9993 16.5492 8
      vertex 13.3889 16.6958 8
    endloop
  endfacet
  facet normal -0.23353 -0.97235 -0
    outer loop
      vertex 13.9993 16.5492 8
      vertex 13.3889 16.6958 3
      vertex 13.9993 16.5492 3
    endloop
  endfacet
  facet normal -0.996923 0.07839 0
    outer loop
      vertex 10.625 20.5 3
      vertex 10.6742 21.1257 8
      vertex 10.6742 21.1257 3
    endloop
  endfacet
  facet normal -0.996923 0.07839 0
    outer loop
      vertex 10.6742 21.1257 8
      vertex 10.625 20.5 3
      vertex 10.625 20.5 8
    endloop
  endfacet
  facet normal -0.923881 0.38268 0
    outer loop
      vertex 68.8208 21.7361 3
      vertex 69.061 22.316 5
      vertex 69.061 22.316 3
    endloop
  endfacet
  facet normal -0.923881 0.38268 0
    outer loop
      vertex 69.061 22.316 5
      vertex 68.8208 21.7361 3
      vertex 68.8208 21.7361 5
    endloop
  endfacet
  facet normal 0.23353 -0.97235 0
    outer loop
      vertex 73.2507 16.5492 3
      vertex 73.8611 16.6958 5
      vertex 73.2507 16.5492 5
    endloop
  endfacet
  facet normal 0.23353 -0.97235 0
    outer loop
      vertex 73.8611 16.6958 5
      vertex 73.2507 16.5492 3
      vertex 73.8611 16.6958 3
    endloop
  endfacet
  facet normal 0.97235 0.23353 0
    outer loop
      vertex 76.5758 21.1257 5
      vertex 76.4292 21.7361 3
      vertex 76.4292 21.7361 5
    endloop
  endfacet
  facet normal 0.97235 0.23353 0
    outer loop
      vertex 76.4292 21.7361 3
      vertex 76.5758 21.1257 5
      vertex 76.5758 21.1257 3
    endloop
  endfacet
  facet normal 0.996923 0.07839 0
    outer loop
      vertex 76.625 20.5 5
      vertex 76.5758 21.1257 3
      vertex 76.5758 21.1257 5
    endloop
  endfacet
  facet normal 0.996923 0.07839 0
    outer loop
      vertex 76.5758 21.1257 3
      vertex 76.625 20.5 5
      vertex 76.625 20.5 3
    endloop
  endfacet
  facet normal 0.996923 -0.07839 0
    outer loop
      vertex 76.5758 19.8743 5
      vertex 76.625 20.5 3
      vertex 76.625 20.5 5
    endloop
  endfacet
  facet normal 0.996923 -0.07839 0
    outer loop
      vertex 76.625 20.5 3
      vertex 76.5758 19.8743 5
      vertex 76.5758 19.8743 3
    endloop
  endfacet
  facet normal 0.760369 0.649492 0
    outer loop
      vertex 75.8611 22.8511 5
      vertex 75.4534 23.3284 3
      vertex 75.4534 23.3284 5
    endloop
  endfacet
  facet normal 0.760369 0.649492 0
    outer loop
      vertex 75.4534 23.3284 3
      vertex 75.8611 22.8511 5
      vertex 75.8611 22.8511 3
    endloop
  endfacet
  facet normal 0.649492 0.760369 -0
    outer loop
      vertex 75.4534 23.3284 3
      vertex 74.9761 23.7361 5
      vertex 75.4534 23.3284 5
    endloop
  endfacet
  facet normal 0.649492 0.760369 0
    outer loop
      vertex 74.9761 23.7361 5
      vertex 75.4534 23.3284 3
      vertex 74.9761 23.7361 3
    endloop
  endfacet
  facet normal -0.649492 0.760369 0
    outer loop
      vertex 70.2739 23.7361 3
      vertex 69.7966 23.3284 5
      vertex 70.2739 23.7361 5
    endloop
  endfacet
  facet normal -0.649492 0.760369 0
    outer loop
      vertex 69.7966 23.3284 5
      vertex 70.2739 23.7361 3
      vertex 69.7966 23.3284 3
    endloop
  endfacet
  facet normal -0.522487 -0.852647 0
    outer loop
      vertex 70.2739 17.2639 3
      vertex 70.809 16.936 5
      vertex 70.2739 17.2639 5
    endloop
  endfacet
  facet normal -0.522487 -0.852647 -0
    outer loop
      vertex 70.809 16.936 5
      vertex 70.2739 17.2639 3
      vertex 70.809 16.936 3
    endloop
  endfacet
  facet normal -0.97235 0.23353 0
    outer loop
      vertex 68.6742 21.1257 3
      vertex 68.8208 21.7361 5
      vertex 68.8208 21.7361 3
    endloop
  endfacet
  facet normal -0.97235 0.23353 0
    outer loop
      vertex 68.8208 21.7361 5
      vertex 68.6742 21.1257 3
      vertex 68.6742 21.1257 5
    endloop
  endfacet
  facet normal -0.97235 -0.23353 0
    outer loop
      vertex 68.8208 19.2639 3
      vertex 68.6742 19.8743 5
      vertex 68.6742 19.8743 3
    endloop
  endfacet
  facet normal -0.97235 -0.23353 0
    outer loop
      vertex 68.6742 19.8743 5
      vertex 68.8208 19.2639 3
      vertex 68.8208 19.2639 5
    endloop
  endfacet
  facet normal 0.852647 -0.522487 0
    outer loop
      vertex 75.8611 18.1489 5
      vertex 76.189 18.684 3
      vertex 76.189 18.684 5
    endloop
  endfacet
  facet normal 0.852647 -0.522487 0
    outer loop
      vertex 76.189 18.684 3
      vertex 75.8611 18.1489 5
      vertex 75.8611 18.1489 3
    endloop
  endfacet
  facet normal -0.38268 -0.923881 0
    outer loop
      vertex 70.809 16.936 3
      vertex 71.3889 16.6958 5
      vertex 70.809 16.936 5
    endloop
  endfacet
  facet normal -0.38268 -0.923881 -0
    outer loop
      vertex 71.3889 16.6958 5
      vertex 70.809 16.936 3
      vertex 71.3889 16.6958 3
    endloop
  endfacet
  facet normal -0.852647 -0.522487 0
    outer loop
      vertex 69.3889 18.1489 3
      vertex 69.061 18.684 5
      vertex 69.061 18.684 3
    endloop
  endfacet
  facet normal -0.852647 -0.522487 0
    outer loop
      vertex 69.061 18.684 5
      vertex 69.3889 18.1489 3
      vertex 69.3889 18.1489 5
    endloop
  endfacet
  facet normal -0.38268 0.923881 0
    outer loop
      vertex 71.3889 24.3042 3
      vertex 70.809 24.064 5
      vertex 71.3889 24.3042 5
    endloop
  endfacet
  facet normal -0.38268 0.923881 0
    outer loop
      vertex 70.809 24.064 5
      vertex 71.3889 24.3042 3
      vertex 70.809 24.064 3
    endloop
  endfacet
  facet normal 0.923881 -0.38268 0
    outer loop
      vertex 76.189 18.684 5
      vertex 76.4292 19.2639 3
      vertex 76.4292 19.2639 5
    endloop
  endfacet
  facet normal 0.923881 -0.38268 0
    outer loop
      vertex 76.4292 19.2639 3
      vertex 76.189 18.684 5
      vertex 76.189 18.684 3
    endloop
  endfacet
  facet normal 0.38268 0.923881 -0
    outer loop
      vertex 74.441 24.064 3
      vertex 73.8611 24.3042 5
      vertex 74.441 24.064 5
    endloop
  endfacet
  facet normal 0.38268 0.923881 0
    outer loop
      vertex 73.8611 24.3042 5
      vertex 74.441 24.064 3
      vertex 73.8611 24.3042 3
    endloop
  endfacet
  facet normal 0.23353 0.97235 -0
    outer loop
      vertex 73.8611 24.3042 3
      vertex 73.2507 24.4508 5
      vertex 73.8611 24.3042 5
    endloop
  endfacet
  facet normal 0.23353 0.97235 0
    outer loop
      vertex 73.2507 24.4508 5
      vertex 73.8611 24.3042 3
      vertex 73.2507 24.4508 3
    endloop
  endfacet
  facet normal 0.07839 -0.996923 0
    outer loop
      vertex 72.625 16.5 3
      vertex 73.2507 16.5492 5
      vertex 72.625 16.5 5
    endloop
  endfacet
  facet normal 0.07839 -0.996923 0
    outer loop
      vertex 73.2507 16.5492 5
      vertex 72.625 16.5 3
      vertex 73.2507 16.5492 3
    endloop
  endfacet
  facet normal -0.852647 0.522487 0
    outer loop
      vertex 69.061 22.316 3
      vertex 69.3889 22.8511 5
      vertex 69.3889 22.8511 3
    endloop
  endfacet
  facet normal -0.852647 0.522487 0
    outer loop
      vertex 69.3889 22.8511 5
      vertex 69.061 22.316 3
      vertex 69.061 22.316 5
    endloop
  endfacet
  facet normal -0.760369 0.649492 0
    outer loop
      vertex 69.3889 22.8511 3
      vertex 69.7966 23.3284 5
      vertex 69.7966 23.3284 3
    endloop
  endfacet
  facet normal -0.760369 0.649492 0
    outer loop
      vertex 69.7966 23.3284 5
      vertex 69.3889 22.8511 3
      vertex 69.3889 22.8511 5
    endloop
  endfacet
  facet normal -0.522487 0.852647 0
    outer loop
      vertex 70.809 24.064 3
      vertex 70.2739 23.7361 5
      vertex 70.809 24.064 5
    endloop
  endfacet
  facet normal -0.522487 0.852647 0
    outer loop
      vertex 70.2739 23.7361 5
      vertex 70.809 24.064 3
      vertex 70.2739 23.7361 3
    endloop
  endfacet
  facet normal -0.996923 -0.07839 0
    outer loop
      vertex 68.6742 19.8743 3
      vertex 68.625 20.5 5
      vertex 68.625 20.5 3
    endloop
  endfacet
  facet normal -0.996923 -0.07839 0
    outer loop
      vertex 68.625 20.5 5
      vertex 68.6742 19.8743 3
      vertex 68.6742 19.8743 5
    endloop
  endfacet
  facet normal 0.522487 0.852647 -0
    outer loop
      vertex 74.9761 23.7361 3
      vertex 74.441 24.064 5
      vertex 74.9761 23.7361 5
    endloop
  endfacet
  facet normal 0.522487 0.852647 0
    outer loop
      vertex 74.441 24.064 5
      vertex 74.9761 23.7361 3
      vertex 74.441 24.064 3
    endloop
  endfacet
  facet normal -0.07839 0.996923 0
    outer loop
      vertex 72.625 24.5 3
      vertex 71.9993 24.4508 5
      vertex 72.625 24.5 5
    endloop
  endfacet
  facet normal -0.07839 0.996923 0
    outer loop
      vertex 71.9993 24.4508 5
      vertex 72.625 24.5 3
      vertex 71.9993 24.4508 3
    endloop
  endfacet
  facet normal 0.522487 -0.852647 0
    outer loop
      vertex 74.441 16.936 3
      vertex 74.9761 17.2639 5
      vertex 74.441 16.936 5
    endloop
  endfacet
  facet normal 0.522487 -0.852647 0
    outer loop
      vertex 74.9761 17.2639 5
      vertex 74.441 16.936 3
      vertex 74.9761 17.2639 3
    endloop
  endfacet
  facet normal 0.07839 0.996923 -0
    outer loop
      vertex 73.2507 24.4508 3
      vertex 72.625 24.5 5
      vertex 73.2507 24.4508 5
    endloop
  endfacet
  facet normal 0.07839 0.996923 0
    outer loop
      vertex 72.625 24.5 5
      vertex 73.2507 24.4508 3
      vertex 72.625 24.5 3
    endloop
  endfacet
  facet normal -0.23353 0.97235 0
    outer loop
      vertex 71.9993 24.4508 3
      vertex 71.3889 24.3042 5
      vertex 71.9993 24.4508 5
    endloop
  endfacet
  facet normal -0.23353 0.97235 0
    outer loop
      vertex 71.3889 24.3042 5
      vertex 71.9993 24.4508 3
      vertex 71.3889 24.3042 3
    endloop
  endfacet
  facet normal 0.852647 0.522487 0
    outer loop
      vertex 76.189 22.316 5
      vertex 75.8611 22.8511 3
      vertex 75.8611 22.8511 5
    endloop
  endfacet
  facet normal 0.852647 0.522487 0
    outer loop
      vertex 75.8611 22.8511 3
      vertex 76.189 22.316 5
      vertex 76.189 22.316 3
    endloop
  endfacet
  facet normal -0.760369 -0.649492 0
    outer loop
      vertex 69.7966 17.6716 3
      vertex 69.3889 18.1489 5
      vertex 69.3889 18.1489 3
    endloop
  endfacet
  facet normal -0.760369 -0.649492 0
    outer loop
      vertex 69.3889 18.1489 5
      vertex 69.7966 17.6716 3
      vertex 69.7966 17.6716 5
    endloop
  endfacet
  facet normal 0.97235 -0.23353 0
    outer loop
      vertex 76.4292 19.2639 5
      vertex 76.5758 19.8743 3
      vertex 76.5758 19.8743 5
    endloop
  endfacet
  facet normal 0.97235 -0.23353 0
    outer loop
      vertex 76.5758 19.8743 3
      vertex 76.4292 19.2639 5
      vertex 76.4292 19.2639 3
    endloop
  endfacet
  facet normal -0.649492 -0.760369 0
    outer loop
      vertex 69.7966 17.6716 3
      vertex 70.2739 17.2639 5
      vertex 69.7966 17.6716 5
    endloop
  endfacet
  facet normal -0.649492 -0.760369 -0
    outer loop
      vertex 70.2739 17.2639 5
      vertex 69.7966 17.6716 3
      vertex 70.2739 17.2639 3
    endloop
  endfacet
  facet normal 0.760369 -0.649492 0
    outer loop
      vertex 75.4534 17.6716 5
      vertex 75.8611 18.1489 3
      vertex 75.8611 18.1489 5
    endloop
  endfacet
  facet normal 0.760369 -0.649492 0
    outer loop
      vertex 75.8611 18.1489 3
      vertex 75.4534 17.6716 5
      vertex 75.4534 17.6716 3
    endloop
  endfacet
  facet normal 0.649492 -0.760369 0
    outer loop
      vertex 74.9761 17.2639 3
      vertex 75.4534 17.6716 5
      vertex 74.9761 17.2639 5
    endloop
  endfacet
  facet normal 0.649492 -0.760369 0
    outer loop
      vertex 75.4534 17.6716 5
      vertex 74.9761 17.2639 3
      vertex 75.4534 17.6716 3
    endloop
  endfacet
  facet normal -0.07839 -0.996923 0
    outer loop
      vertex 71.9993 16.5492 3
      vertex 72.625 16.5 5
      vertex 71.9993 16.5492 5
    endloop
  endfacet
  facet normal -0.07839 -0.996923 -0
    outer loop
      vertex 72.625 16.5 5
      vertex 71.9993 16.5492 3
      vertex 72.625 16.5 3
    endloop
  endfacet
  facet normal 0.38268 -0.923881 0
    outer loop
      vertex 73.8611 16.6958 3
      vertex 74.441 16.936 5
      vertex 73.8611 16.6958 5
    endloop
  endfacet
  facet normal 0.38268 -0.923881 0
    outer loop
      vertex 74.441 16.936 5
      vertex 73.8611 16.6958 3
      vertex 74.441 16.936 3
    endloop
  endfacet
  facet normal -0.923881 -0.38268 0
    outer loop
      vertex 69.061 18.684 3
      vertex 68.8208 19.2639 5
      vertex 68.8208 19.2639 3
    endloop
  endfacet
  facet normal -0.923881 -0.38268 0
    outer loop
      vertex 68.8208 19.2639 5
      vertex 69.061 18.684 3
      vertex 69.061 18.684 5
    endloop
  endfacet
  facet normal 0.923881 0.38268 0
    outer loop
      vertex 76.4292 21.7361 5
      vertex 76.189 22.316 3
      vertex 76.189 22.316 5
    endloop
  endfacet
  facet normal 0.923881 0.38268 0
    outer loop
      vertex 76.189 22.316 3
      vertex 76.4292 21.7361 5
      vertex 76.4292 21.7361 3
    endloop
  endfacet
  facet normal -0.23353 -0.97235 0
    outer loop
      vertex 71.3889 16.6958 3
      vertex 71.9993 16.5492 5
      vertex 71.3889 16.6958 5
    endloop
  endfacet
  facet normal -0.23353 -0.97235 -0
    outer loop
      vertex 71.9993 16.5492 5
      vertex 71.3889 16.6958 3
      vertex 71.9993 16.5492 3
    endloop
  endfacet
  facet normal -0.996923 0.07839 0
    outer loop
      vertex 68.625 20.5 3
      vertex 68.6742 21.1257 5
      vertex 68.6742 21.1257 3
    endloop
  endfacet
  facet normal -0.996923 0.07839 0
    outer loop
      vertex 68.6742 21.1257 5
      vertex 68.625 20.5 3
      vertex 68.625 20.5 5
    endloop
  endfacet
  facet normal -0.923881 0.38268 0
    outer loop
      vertex 10.8208 70.7361 3
      vertex 11.061 71.316 8
      vertex 11.061 71.316 3
    endloop
  endfacet
  facet normal -0.923881 0.38268 0
    outer loop
      vertex 11.061 71.316 8
      vertex 10.8208 70.7361 3
      vertex 10.8208 70.7361 8
    endloop
  endfacet
  facet normal 0.23353 -0.97235 0
    outer loop
      vertex 15.2507 65.5492 3
      vertex 15.8611 65.6958 8
      vertex 15.2507 65.5492 8
    endloop
  endfacet
  facet normal 0.23353 -0.97235 0
    outer loop
      vertex 15.8611 65.6958 8
      vertex 15.2507 65.5492 3
      vertex 15.8611 65.6958 3
    endloop
  endfacet
  facet normal 0.97235 0.23353 0
    outer loop
      vertex 18.5758 70.1257 8
      vertex 18.4292 70.7361 3
      vertex 18.4292 70.7361 8
    endloop
  endfacet
  facet normal 0.97235 0.23353 0
    outer loop
      vertex 18.4292 70.7361 3
      vertex 18.5758 70.1257 8
      vertex 18.5758 70.1257 3
    endloop
  endfacet
  facet normal 0.996923 0.07839 0
    outer loop
      vertex 18.625 69.5 8
      vertex 18.5758 70.1257 3
      vertex 18.5758 70.1257 8
    endloop
  endfacet
  facet normal 0.996923 0.07839 0
    outer loop
      vertex 18.5758 70.1257 3
      vertex 18.625 69.5 8
      vertex 18.625 69.5 3
    endloop
  endfacet
  facet normal 0.996923 -0.07839 0
    outer loop
      vertex 18.5758 68.8743 8
      vertex 18.625 69.5 3
      vertex 18.625 69.5 8
    endloop
  endfacet
  facet normal 0.996923 -0.07839 0
    outer loop
      vertex 18.625 69.5 3
      vertex 18.5758 68.8743 8
      vertex 18.5758 68.8743 3
    endloop
  endfacet
  facet normal 0.760369 0.649492 0
    outer loop
      vertex 17.8611 71.8511 8
      vertex 17.4534 72.3284 3
      vertex 17.4534 72.3284 8
    endloop
  endfacet
  facet normal 0.760369 0.649492 0
    outer loop
      vertex 17.4534 72.3284 3
      vertex 17.8611 71.8511 8
      vertex 17.8611 71.8511 3
    endloop
  endfacet
  facet normal 0.649492 0.760369 -0
    outer loop
      vertex 17.4534 72.3284 3
      vertex 16.9761 72.7361 8
      vertex 17.4534 72.3284 8
    endloop
  endfacet
  facet normal 0.649492 0.760369 0
    outer loop
      vertex 16.9761 72.7361 8
      vertex 17.4534 72.3284 3
      vertex 16.9761 72.7361 3
    endloop
  endfacet
  facet normal -0.649492 0.760369 0
    outer loop
      vertex 12.2739 72.7361 3
      vertex 11.7966 72.3284 8
      vertex 12.2739 72.7361 8
    endloop
  endfacet
  facet normal -0.649492 0.760369 0
    outer loop
      vertex 11.7966 72.3284 8
      vertex 12.2739 72.7361 3
      vertex 11.7966 72.3284 3
    endloop
  endfacet
  facet normal -0.522487 -0.852647 0
    outer loop
      vertex 12.2739 66.2639 3
      vertex 12.809 65.936 8
      vertex 12.2739 66.2639 8
    endloop
  endfacet
  facet normal -0.522487 -0.852647 -0
    outer loop
      vertex 12.809 65.936 8
      vertex 12.2739 66.2639 3
      vertex 12.809 65.936 3
    endloop
  endfacet
  facet normal -0.97235 0.23353 0
    outer loop
      vertex 10.6742 70.1257 3
      vertex 10.8208 70.7361 8
      vertex 10.8208 70.7361 3
    endloop
  endfacet
  facet normal -0.97235 0.23353 0
    outer loop
      vertex 10.8208 70.7361 8
      vertex 10.6742 70.1257 3
      vertex 10.6742 70.1257 8
    endloop
  endfacet
  facet normal -0.97235 -0.23353 0
    outer loop
      vertex 10.8208 68.2639 3
      vertex 10.6742 68.8743 8
      vertex 10.6742 68.8743 3
    endloop
  endfacet
  facet normal -0.97235 -0.23353 0
    outer loop
      vertex 10.6742 68.8743 8
      vertex 10.8208 68.2639 3
      vertex 10.8208 68.2639 8
    endloop
  endfacet
  facet normal 0.852647 -0.522487 0
    outer loop
      vertex 17.8611 67.1489 8
      vertex 18.189 67.684 3
      vertex 18.189 67.684 8
    endloop
  endfacet
  facet normal 0.852647 -0.522487 0
    outer loop
      vertex 18.189 67.684 3
      vertex 17.8611 67.1489 8
      vertex 17.8611 67.1489 3
    endloop
  endfacet
  facet normal -0.38268 -0.923881 0
    outer loop
      vertex 12.809 65.936 3
      vertex 13.3889 65.6958 8
      vertex 12.809 65.936 8
    endloop
  endfacet
  facet normal -0.38268 -0.923881 -0
    outer loop
      vertex 13.3889 65.6958 8
      vertex 12.809 65.936 3
      vertex 13.3889 65.6958 3
    endloop
  endfacet
  facet normal -0.852647 -0.522487 0
    outer loop
      vertex 11.3889 67.1489 3
      vertex 11.061 67.684 8
      vertex 11.061 67.684 3
    endloop
  endfacet
  facet normal -0.852647 -0.522487 0
    outer loop
      vertex 11.061 67.684 8
      vertex 11.3889 67.1489 3
      vertex 11.3889 67.1489 8
    endloop
  endfacet
  facet normal -0.38268 0.923881 0
    outer loop
      vertex 13.3889 73.3042 3
      vertex 12.809 73.064 8
      vertex 13.3889 73.3042 8
    endloop
  endfacet
  facet normal -0.38268 0.923881 0
    outer loop
      vertex 12.809 73.064 8
      vertex 13.3889 73.3042 3
      vertex 12.809 73.064 3
    endloop
  endfacet
  facet normal 0.923881 -0.38268 0
    outer loop
      vertex 18.189 67.684 8
      vertex 18.4292 68.2639 3
      vertex 18.4292 68.2639 8
    endloop
  endfacet
  facet normal 0.923881 -0.38268 0
    outer loop
      vertex 18.4292 68.2639 3
      vertex 18.189 67.684 8
      vertex 18.189 67.684 3
    endloop
  endfacet
  facet normal 0.38268 0.923881 -0
    outer loop
      vertex 16.441 73.064 3
      vertex 15.8611 73.3042 8
      vertex 16.441 73.064 8
    endloop
  endfacet
  facet normal 0.38268 0.923881 0
    outer loop
      vertex 15.8611 73.3042 8
      vertex 16.441 73.064 3
      vertex 15.8611 73.3042 3
    endloop
  endfacet
  facet normal 0 0 1
    outer loop
      vertex 16.025 69.5 8
      vertex 18.625 69.5 8
      vertex 18.5758 70.1257 8
    endloop
  endfacet
  facet normal 0 0 1
    outer loop
      vertex 15.9773 69.8624 8
      vertex 18.5758 70.1257 8
      vertex 18.4292 70.7361 8
    endloop
  endfacet
  facet normal 0 0 1
    outer loop
      vertex 18.625 69.5 8
      vertex 16.025 69.5 8
      vertex 18.5758 68.8743 8
    endloop
  endfacet
  facet normal 0 0 1
    outer loop
      vertex 15.9773 69.8624 8
      vertex 18.4292 70.7361 8
      vertex 18.189 71.316 8
    endloop
  endfacet
  facet normal -0 0 1
    outer loop
      vertex 15.9773 69.1376 8
      vertex 18.5758 68.8743 8
      vertex 16.025 69.5 8
    endloop
  endfacet
  facet normal 0 0 1
    outer loop
      vertex 15.8374 70.2 8
      vertex 18.189 71.316 8
      vertex 17.8611 71.8511 8
    endloop
  endfacet
  facet normal 0 0 1
    outer loop
      vertex 18.5758 68.8743 8
      vertex 15.9773 69.1376 8
      vertex 18.4292 68.2639 8
    endloop
  endfacet
  facet normal 0 0 1
    outer loop
      vertex 15.6149 70.49 8
      vertex 17.8611 71.8511 8
      vertex 17.4534 72.3284 8
    endloop
  endfacet
  facet normal 0 0 1
    outer loop
      vertex 18.4292 68.2639 8
      vertex 15.9773 69.1376 8
      vertex 18.189 67.684 8
    endloop
  endfacet
  facet normal 0 0 1
    outer loop
      vertex 15.6149 70.49 8
      vertex 17.4534 72.3284 8
      vertex 16.9761 72.7361 8
    endloop
  endfacet
  facet normal -0 0 1
    outer loop
      vertex 15.8374 68.8 8
      vertex 18.189 67.684 8
      vertex 15.9773 69.1376 8
    endloop
  endfacet
  facet normal 0 0 1
    outer loop
      vertex 15.325 70.7124 8
      vertex 16.9761 72.7361 8
      vertex 16.441 73.064 8
    endloop
  endfacet
  facet normal 0 0 1
    outer loop
      vertex 18.189 67.684 8
      vertex 15.8374 68.8 8
      vertex 17.8611 67.1489 8
    endloop
  endfacet
  facet normal -0 0 1
    outer loop
      vertex 15.6149 68.51 8
      vertex 17.8611 67.1489 8
      vertex 15.8374 68.8 8
    endloop
  endfacet
  facet normal 0 0 1
    outer loop
      vertex 18.5758 70.1257 8
      vertex 15.9773 69.8624 8
      vertex 16.025 69.5 8
    endloop
  endfacet
  facet normal 0 0 1
    outer loop
      vertex 15.325 70.7124 8
      vertex 16.441 73.064 8
      vertex 15.8611 73.3042 8
    endloop
  endfacet
  facet normal 0 0 1
    outer loop
      vertex 18.189 71.316 8
      vertex 15.8374 70.2 8
      vertex 15.9773 69.8624 8
    endloop
  endfacet
  facet normal 0 0 1
    outer loop
      vertex 17.8611 71.8511 8
      vertex 15.6149 70.49 8
      vertex 15.8374 70.2 8
    endloop
  endfacet
  facet normal 0 0 1
    outer loop
      vertex 16.9761 72.7361 8
      vertex 15.325 70.7124 8
      vertex 15.6149 70.49 8
    endloop
  endfacet
  facet normal 0 0 1
    outer loop
      vertex 14.9873 70.8523 8
      vertex 15.8611 73.3042 8
      vertex 15.2507 73.4508 8
    endloop
  endfacet
  facet normal 0 0 1
    outer loop
      vertex 15.8611 73.3042 8
      vertex 14.9873 70.8523 8
      vertex 15.325 70.7124 8
    endloop
  endfacet
  facet normal 0 0 1
    outer loop
      vertex 14.625 70.9 8
      vertex 15.2507 73.4508 8
      vertex 14.625 73.5 8
    endloop
  endfacet
  facet normal 0 0 1
    outer loop
      vertex 15.2507 73.4508 8
      vertex 14.625 70.9 8
      vertex 14.9873 70.8523 8
    endloop
  endfacet
  facet normal -0 0 1
    outer loop
      vertex 13.9993 73.4508 8
      vertex 14.625 70.9 8
      vertex 14.625 73.5 8
    endloop
  endfacet
  facet normal 0 0 1
    outer loop
      vertex 14.625 70.9 8
      vertex 13.9993 73.4508 8
      vertex 14.2627 70.8523 8
    endloop
  endfacet
  facet normal -0 0 1
    outer loop
      vertex 13.3889 73.3042 8
      vertex 14.2627 70.8523 8
      vertex 13.9993 73.4508 8
    endloop
  endfacet
  facet normal 0 0 1
    outer loop
      vertex 14.2627 70.8523 8
      vertex 13.3889 73.3042 8
      vertex 13.925 70.7124 8
    endloop
  endfacet
  facet normal -0 0 1
    outer loop
      vertex 12.809 73.064 8
      vertex 13.925 70.7124 8
      vertex 13.3889 73.3042 8
    endloop
  endfacet
  facet normal -0 0 1
    outer loop
      vertex 12.2739 72.7361 8
      vertex 13.925 70.7124 8
      vertex 12.809 73.064 8
    endloop
  endfacet
  facet normal 0 0 1
    outer loop
      vertex 13.925 70.7124 8
      vertex 12.2739 72.7361 8
      vertex 13.6351 70.49 8
    endloop
  endfacet
  facet normal -0 0 1
    outer loop
      vertex 11.7966 72.3284 8
      vertex 13.6351 70.49 8
      vertex 12.2739 72.7361 8
    endloop
  endfacet
  facet normal -0 0 1
    outer loop
      vertex 11.3889 71.8511 8
      vertex 13.6351 70.49 8
      vertex 11.7966 72.3284 8
    endloop
  endfacet
  facet normal 0 0 1
    outer loop
      vertex 17.8611 67.1489 8
      vertex 15.6149 68.51 8
      vertex 17.4534 66.6716 8
    endloop
  endfacet
  facet normal 0 0 1
    outer loop
      vertex 17.4534 66.6716 8
      vertex 15.6149 68.51 8
      vertex 16.9761 66.2639 8
    endloop
  endfacet
  facet normal -0 0 1
    outer loop
      vertex 15.325 68.2876 8
      vertex 16.9761 66.2639 8
      vertex 15.6149 68.51 8
    endloop
  endfacet
  facet normal 0 0 1
    outer loop
      vertex 16.9761 66.2639 8
      vertex 15.325 68.2876 8
      vertex 16.441 65.936 8
    endloop
  endfacet
  facet normal 0 0 1
    outer loop
      vertex 16.441 65.936 8
      vertex 15.325 68.2876 8
      vertex 15.8611 65.6958 8
    endloop
  endfacet
  facet normal -0 0 1
    outer loop
      vertex 14.9873 68.1477 8
      vertex 15.8611 65.6958 8
      vertex 15.325 68.2876 8
    endloop
  endfacet
  facet normal 0 0 1
    outer loop
      vertex 15.8611 65.6958 8
      vertex 14.9873 68.1477 8
      vertex 15.2507 65.5492 8
    endloop
  endfacet
  facet normal -0 0 1
    outer loop
      vertex 14.625 68.1 8
      vertex 15.2507 65.5492 8
      vertex 14.9873 68.1477 8
    endloop
  endfacet
  facet normal 0 0 1
    outer loop
      vertex 14.625 68.1 8
      vertex 14.625 65.5 8
      vertex 15.2507 65.5492 8
    endloop
  endfacet
  facet normal 0 0 1
    outer loop
      vertex 13.9993 65.5492 8
      vertex 14.625 68.1 8
      vertex 14.2627 68.1477 8
    endloop
  endfacet
  facet normal 0 0 1
    outer loop
      vertex 14.625 68.1 8
      vertex 13.9993 65.5492 8
      vertex 14.625 65.5 8
    endloop
  endfacet
  facet normal 0 0 1
    outer loop
      vertex 13.3889 65.6958 8
      vertex 14.2627 68.1477 8
      vertex 13.925 68.2876 8
    endloop
  endfacet
  facet normal 0 0 1
    outer loop
      vertex 12.2739 66.2639 8
      vertex 13.925 68.2876 8
      vertex 13.6351 68.51 8
    endloop
  endfacet
  facet normal 0 0 1
    outer loop
      vertex 11.3889 67.1489 8
      vertex 13.6351 68.51 8
      vertex 13.4126 68.8 8
    endloop
  endfacet
  facet normal 0 0 1
    outer loop
      vertex 14.2627 68.1477 8
      vertex 13.3889 65.6958 8
      vertex 13.9993 65.5492 8
    endloop
  endfacet
  facet normal 0 0 1
    outer loop
      vertex 11.061 67.684 8
      vertex 13.4126 68.8 8
      vertex 13.2727 69.1376 8
    endloop
  endfacet
  facet normal 0 0 1
    outer loop
      vertex 10.6742 68.8743 8
      vertex 13.2727 69.1376 8
      vertex 13.225 69.5 8
    endloop
  endfacet
  facet normal 0 0 1
    outer loop
      vertex 13.6351 70.49 8
      vertex 11.3889 71.8511 8
      vertex 13.4126 70.2 8
    endloop
  endfacet
  facet normal 0 0 1
    outer loop
      vertex 13.925 68.2876 8
      vertex 12.809 65.936 8
      vertex 13.3889 65.6958 8
    endloop
  endfacet
  facet normal -0 0 1
    outer loop
      vertex 11.061 71.316 8
      vertex 13.4126 70.2 8
      vertex 11.3889 71.8511 8
    endloop
  endfacet
  facet normal 0 0 1
    outer loop
      vertex 13.925 68.2876 8
      vertex 12.2739 66.2639 8
      vertex 12.809 65.936 8
    endloop
  endfacet
  facet normal 0 0 1
    outer loop
      vertex 13.4126 70.2 8
      vertex 11.061 71.316 8
      vertex 13.2727 69.8624 8
    endloop
  endfacet
  facet normal 0 0 1
    outer loop
      vertex 13.6351 68.51 8
      vertex 11.7966 66.6716 8
      vertex 12.2739 66.2639 8
    endloop
  endfacet
  facet normal -0 0 1
    outer loop
      vertex 10.8208 70.7361 8
      vertex 13.2727 69.8624 8
      vertex 11.061 71.316 8
    endloop
  endfacet
  facet normal 0 0 1
    outer loop
      vertex 13.6351 68.51 8
      vertex 11.3889 67.1489 8
      vertex 11.7966 66.6716 8
    endloop
  endfacet
  facet normal -0 0 1
    outer loop
      vertex 10.6742 70.1257 8
      vertex 13.2727 69.8624 8
      vertex 10.8208 70.7361 8
    endloop
  endfacet
  facet normal 0 0 1
    outer loop
      vertex 13.4126 68.8 8
      vertex 11.061 67.684 8
      vertex 11.3889 67.1489 8
    endloop
  endfacet
  facet normal 0 0 1
    outer loop
      vertex 13.2727 69.8624 8
      vertex 10.6742 70.1257 8
      vertex 13.225 69.5 8
    endloop
  endfacet
  facet normal 0 0 1
    outer loop
      vertex 13.2727 69.1376 8
      vertex 10.8208 68.2639 8
      vertex 11.061 67.684 8
    endloop
  endfacet
  facet normal 0 0 1
    outer loop
      vertex 10.625 69.5 8
      vertex 13.225 69.5 8
      vertex 10.6742 70.1257 8
    endloop
  endfacet
  facet normal 0 0 1
    outer loop
      vertex 13.2727 69.1376 8
      vertex 10.6742 68.8743 8
      vertex 10.8208 68.2639 8
    endloop
  endfacet
  facet normal 0 0 1
    outer loop
      vertex 13.225 69.5 8
      vertex 10.625 69.5 8
      vertex 10.6742 68.8743 8
    endloop
  endfacet
  facet normal 0.23353 0.97235 -0
    outer loop
      vertex 15.8611 73.3042 3
      vertex 15.2507 73.4508 8
      vertex 15.8611 73.3042 8
    endloop
  endfacet
  facet normal 0.23353 0.97235 0
    outer loop
      vertex 15.2507 73.4508 8
      vertex 15.8611 73.3042 3
      vertex 15.2507 73.4508 3
    endloop
  endfacet
  facet normal 0.07839 -0.996923 0
    outer loop
      vertex 14.625 65.5 3
      vertex 15.2507 65.5492 8
      vertex 14.625 65.5 8
    endloop
  endfacet
  facet normal 0.07839 -0.996923 0
    outer loop
      vertex 15.2507 65.5492 8
      vertex 14.625 65.5 3
      vertex 15.2507 65.5492 3
    endloop
  endfacet
  facet normal -0.852647 0.522487 0
    outer loop
      vertex 11.061 71.316 3
      vertex 11.3889 71.8511 8
      vertex 11.3889 71.8511 3
    endloop
  endfacet
  facet normal -0.852647 0.522487 0
    outer loop
      vertex 11.3889 71.8511 8
      vertex 11.061 71.316 3
      vertex 11.061 71.316 8
    endloop
  endfacet
  facet normal -0.760369 0.649492 0
    outer loop
      vertex 11.3889 71.8511 3
      vertex 11.7966 72.3284 8
      vertex 11.7966 72.3284 3
    endloop
  endfacet
  facet normal -0.760369 0.649492 0
    outer loop
      vertex 11.7966 72.3284 8
      vertex 11.3889 71.8511 3
      vertex 11.3889 71.8511 8
    endloop
  endfacet
  facet normal -0.522487 0.852647 0
    outer loop
      vertex 12.809 73.064 3
      vertex 12.2739 72.7361 8
      vertex 12.809 73.064 8
    endloop
  endfacet
  facet normal -0.522487 0.852647 0
    outer loop
      vertex 12.2739 72.7361 8
      vertex 12.809 73.064 3
      vertex 12.2739 72.7361 3
    endloop
  endfacet
  facet normal -0.996923 -0.07839 0
    outer loop
      vertex 10.6742 68.8743 3
      vertex 10.625 69.5 8
      vertex 10.625 69.5 3
    endloop
  endfacet
  facet normal -0.996923 -0.07839 0
    outer loop
      vertex 10.625 69.5 8
      vertex 10.6742 68.8743 3
      vertex 10.6742 68.8743 8
    endloop
  endfacet
  facet normal 0.522487 0.852647 -0
    outer loop
      vertex 16.9761 72.7361 3
      vertex 16.441 73.064 8
      vertex 16.9761 72.7361 8
    endloop
  endfacet
  facet normal 0.522487 0.852647 0
    outer loop
      vertex 16.441 73.064 8
      vertex 16.9761 72.7361 3
      vertex 16.441 73.064 3
    endloop
  endfacet
  facet normal 0.522487 -0.852647 0
    outer loop
      vertex 16.441 65.936 3
      vertex 16.9761 66.2639 8
      vertex 16.441 65.936 8
    endloop
  endfacet
  facet normal 0.522487 -0.852647 0
    outer loop
      vertex 16.9761 66.2639 8
      vertex 16.441 65.936 3
      vertex 16.9761 66.2639 3
    endloop
  endfacet
  facet normal 0.07839 0.996923 -0
    outer loop
      vertex 15.2507 73.4508 3
      vertex 14.625 73.5 8
      vertex 15.2507 73.4508 8
    endloop
  endfacet
  facet normal 0.07839 0.996923 0
    outer loop
      vertex 14.625 73.5 8
      vertex 15.2507 73.4508 3
      vertex 14.625 73.5 3
    endloop
  endfacet
  facet normal -0.23353 0.97235 0
    outer loop
      vertex 13.9993 73.4508 3
      vertex 13.3889 73.3042 8
      vertex 13.9993 73.4508 8
    endloop
  endfacet
  facet normal -0.23353 0.97235 0
    outer loop
      vertex 13.3889 73.3042 8
      vertex 13.9993 73.4508 3
      vertex 13.3889 73.3042 3
    endloop
  endfacet
  facet normal 0.852647 0.522487 0
    outer loop
      vertex 18.189 71.316 8
      vertex 17.8611 71.8511 3
      vertex 17.8611 71.8511 8
    endloop
  endfacet
  facet normal 0.852647 0.522487 0
    outer loop
      vertex 17.8611 71.8511 3
      vertex 18.189 71.316 8
      vertex 18.189 71.316 3
    endloop
  endfacet
  facet normal -0.760369 -0.649492 0
    outer loop
      vertex 11.7966 66.6716 3
      vertex 11.3889 67.1489 8
      vertex 11.3889 67.1489 3
    endloop
  endfacet
  facet normal -0.760369 -0.649492 0
    outer loop
      vertex 11.3889 67.1489 8
      vertex 11.7966 66.6716 3
      vertex 11.7966 66.6716 8
    endloop
  endfacet
  facet normal 0.97235 -0.23353 0
    outer loop
      vertex 18.4292 68.2639 8
      vertex 18.5758 68.8743 3
      vertex 18.5758 68.8743 8
    endloop
  endfacet
  facet normal 0.97235 -0.23353 0
    outer loop
      vertex 18.5758 68.8743 3
      vertex 18.4292 68.2639 8
      vertex 18.4292 68.2639 3
    endloop
  endfacet
  facet normal -0.649492 -0.760369 0
    outer loop
      vertex 11.7966 66.6716 3
      vertex 12.2739 66.2639 8
      vertex 11.7966 66.6716 8
    endloop
  endfacet
  facet normal -0.649492 -0.760369 -0
    outer loop
      vertex 12.2739 66.2639 8
      vertex 11.7966 66.6716 3
      vertex 12.2739 66.2639 3
    endloop
  endfacet
  facet normal 0.760369 -0.649492 0
    outer loop
      vertex 17.4534 66.6716 8
      vertex 17.8611 67.1489 3
      vertex 17.8611 67.1489 8
    endloop
  endfacet
  facet normal 0.760369 -0.649492 0
    outer loop
      vertex 17.8611 67.1489 3
      vertex 17.4534 66.6716 8
      vertex 17.4534 66.6716 3
    endloop
  endfacet
  facet normal 0.649492 -0.760369 0
    outer loop
      vertex 16.9761 66.2639 3
      vertex 17.4534 66.6716 8
      vertex 16.9761 66.2639 8
    endloop
  endfacet
  facet normal 0.649492 -0.760369 0
    outer loop
      vertex 17.4534 66.6716 8
      vertex 16.9761 66.2639 3
      vertex 17.4534 66.6716 3
    endloop
  endfacet
  facet normal -0.07839 -0.996923 0
    outer loop
      vertex 13.9993 65.5492 3
      vertex 14.625 65.5 8
      vertex 13.9993 65.5492 8
    endloop
  endfacet
  facet normal -0.07839 -0.996923 -0
    outer loop
      vertex 14.625 65.5 8
      vertex 13.9993 65.5492 3
      vertex 14.625 65.5 3
    endloop
  endfacet
  facet normal 0.38268 -0.923881 0
    outer loop
      vertex 15.8611 65.6958 3
      vertex 16.441 65.936 8
      vertex 15.8611 65.6958 8
    endloop
  endfacet
  facet normal 0.38268 -0.923881 0
    outer loop
      vertex 16.441 65.936 8
      vertex 15.8611 65.6958 3
      vertex 16.441 65.936 3
    endloop
  endfacet
  facet normal -0.923881 -0.38268 0
    outer loop
      vertex 11.061 67.684 3
      vertex 10.8208 68.2639 8
      vertex 10.8208 68.2639 3
    endloop
  endfacet
  facet normal -0.923881 -0.38268 0
    outer loop
      vertex 10.8208 68.2639 8
      vertex 11.061 67.684 3
      vertex 11.061 67.684 8
    endloop
  endfacet
  facet normal -0.07839 0.996923 0
    outer loop
      vertex 14.625 73.5 3
      vertex 13.9993 73.4508 8
      vertex 14.625 73.5 8
    endloop
  endfacet
  facet normal -0.07839 0.996923 0
    outer loop
      vertex 13.9993 73.4508 8
      vertex 14.625 73.5 3
      vertex 13.9993 73.4508 3
    endloop
  endfacet
  facet normal 0.923881 0.38268 0
    outer loop
      vertex 18.4292 70.7361 8
      vertex 18.189 71.316 3
      vertex 18.189 71.316 8
    endloop
  endfacet
  facet normal 0.923881 0.38268 0
    outer loop
      vertex 18.189 71.316 3
      vertex 18.4292 70.7361 8
      vertex 18.4292 70.7361 3
    endloop
  endfacet
  facet normal -0.23353 -0.97235 0
    outer loop
      vertex 13.3889 65.6958 3
      vertex 13.9993 65.5492 8
      vertex 13.3889 65.6958 8
    endloop
  endfacet
  facet normal -0.23353 -0.97235 -0
    outer loop
      vertex 13.9993 65.5492 8
      vertex 13.3889 65.6958 3
      vertex 13.9993 65.5492 3
    endloop
  endfacet
  facet normal -0.996923 0.07839 0
    outer loop
      vertex 10.625 69.5 3
      vertex 10.6742 70.1257 8
      vertex 10.6742 70.1257 3
    endloop
  endfacet
  facet normal -0.996923 0.07839 0
    outer loop
      vertex 10.6742 70.1257 8
      vertex 10.625 69.5 3
      vertex 10.625 69.5 8
    endloop
  endfacet
  facet normal -0.923881 0.38268 0
    outer loop
      vertex 68.8208 70.7361 3
      vertex 69.061 71.316 8
      vertex 69.061 71.316 3
    endloop
  endfacet
  facet normal -0.923881 0.38268 0
    outer loop
      vertex 69.061 71.316 8
      vertex 68.8208 70.7361 3
      vertex 68.8208 70.7361 8
    endloop
  endfacet
  facet normal 0.23353 -0.97235 0
    outer loop
      vertex 73.2507 65.5492 3
      vertex 73.8611 65.6958 8
      vertex 73.2507 65.5492 8
    endloop
  endfacet
  facet normal 0.23353 -0.97235 0
    outer loop
      vertex 73.8611 65.6958 8
      vertex 73.2507 65.5492 3
      vertex 73.8611 65.6958 3
    endloop
  endfacet
  facet normal 0.97235 0.23353 0
    outer loop
      vertex 76.5758 70.1257 8
      vertex 76.4292 70.7361 3
      vertex 76.4292 70.7361 8
    endloop
  endfacet
  facet normal 0.97235 0.23353 0
    outer loop
      vertex 76.4292 70.7361 3
      vertex 76.5758 70.1257 8
      vertex 76.5758 70.1257 3
    endloop
  endfacet
  facet normal 0.996923 0.07839 0
    outer loop
      vertex 76.625 69.5 8
      vertex 76.5758 70.1257 3
      vertex 76.5758 70.1257 8
    endloop
  endfacet
  facet normal 0.996923 0.07839 0
    outer loop
      vertex 76.5758 70.1257 3
      vertex 76.625 69.5 8
      vertex 76.625 69.5 3
    endloop
  endfacet
  facet normal 0.996923 -0.07839 0
    outer loop
      vertex 76.5758 68.8743 8
      vertex 76.625 69.5 3
      vertex 76.625 69.5 8
    endloop
  endfacet
  facet normal 0.996923 -0.07839 0
    outer loop
      vertex 76.625 69.5 3
      vertex 76.5758 68.8743 8
      vertex 76.5758 68.8743 3
    endloop
  endfacet
  facet normal 0.760369 0.649492 0
    outer loop
      vertex 75.8611 71.8511 8
      vertex 75.4534 72.3284 3
      vertex 75.4534 72.3284 8
    endloop
  endfacet
  facet normal 0.760369 0.649492 0
    outer loop
      vertex 75.4534 72.3284 3
      vertex 75.8611 71.8511 8
      vertex 75.8611 71.8511 3
    endloop
  endfacet
  facet normal 0.649492 0.760369 -0
    outer loop
      vertex 75.4534 72.3284 3
      vertex 74.9761 72.7361 8
      vertex 75.4534 72.3284 8
    endloop
  endfacet
  facet normal 0.649492 0.760369 0
    outer loop
      vertex 74.9761 72.7361 8
      vertex 75.4534 72.3284 3
      vertex 74.9761 72.7361 3
    endloop
  endfacet
  facet normal -0.649492 0.760369 0
    outer loop
      vertex 70.2739 72.7361 3
      vertex 69.7966 72.3284 8
      vertex 70.2739 72.7361 8
    endloop
  endfacet
  facet normal -0.649492 0.760369 0
    outer loop
      vertex 69.7966 72.3284 8
      vertex 70.2739 72.7361 3
      vertex 69.7966 72.3284 3
    endloop
  endfacet
  facet normal -0.522487 -0.852647 0
    outer loop
      vertex 70.2739 66.2639 3
      vertex 70.809 65.936 8
      vertex 70.2739 66.2639 8
    endloop
  endfacet
  facet normal -0.522487 -0.852647 -0
    outer loop
      vertex 70.809 65.936 8
      vertex 70.2739 66.2639 3
      vertex 70.809 65.936 3
    endloop
  endfacet
  facet normal -0.97235 0.23353 0
    outer loop
      vertex 68.6742 70.1257 3
      vertex 68.8208 70.7361 8
      vertex 68.8208 70.7361 3
    endloop
  endfacet
  facet normal -0.97235 0.23353 0
    outer loop
      vertex 68.8208 70.7361 8
      vertex 68.6742 70.1257 3
      vertex 68.6742 70.1257 8
    endloop
  endfacet
  facet normal -0.23353 -0.97235 0
    outer loop
      vertex 71.3889 65.6958 3
      vertex 71.9993 65.5492 8
      vertex 71.3889 65.6958 8
    endloop
  endfacet
  facet normal -0.23353 -0.97235 -0
    outer loop
      vertex 71.9993 65.5492 8
      vertex 71.3889 65.6958 3
      vertex 71.9993 65.5492 3
    endloop
  endfacet
  facet normal -0.97235 -0.23353 0
    outer loop
      vertex 68.8208 68.2639 3
      vertex 68.6742 68.8743 8
      vertex 68.6742 68.8743 3
    endloop
  endfacet
  facet normal -0.97235 -0.23353 0
    outer loop
      vertex 68.6742 68.8743 8
      vertex 68.8208 68.2639 3
      vertex 68.8208 68.2639 8
    endloop
  endfacet
  facet normal 0.852647 -0.522487 0
    outer loop
      vertex 75.8611 67.1489 8
      vertex 76.189 67.684 3
      vertex 76.189 67.684 8
    endloop
  endfacet
  facet normal 0.852647 -0.522487 0
    outer loop
      vertex 76.189 67.684 3
      vertex 75.8611 67.1489 8
      vertex 75.8611 67.1489 3
    endloop
  endfacet
  facet normal -0.38268 -0.923881 0
    outer loop
      vertex 70.809 65.936 3
      vertex 71.3889 65.6958 8
      vertex 70.809 65.936 8
    endloop
  endfacet
  facet normal -0.38268 -0.923881 -0
    outer loop
      vertex 71.3889 65.6958 8
      vertex 70.809 65.936 3
      vertex 71.3889 65.6958 3
    endloop
  endfacet
  facet normal -0.852647 -0.522487 0
    outer loop
      vertex 69.3889 67.1489 3
      vertex 69.061 67.684 8
      vertex 69.061 67.684 3
    endloop
  endfacet
  facet normal -0.852647 -0.522487 0
    outer loop
      vertex 69.061 67.684 8
      vertex 69.3889 67.1489 3
      vertex 69.3889 67.1489 8
    endloop
  endfacet
  facet normal -0.38268 0.923881 0
    outer loop
      vertex 71.3889 73.3042 3
      vertex 70.809 73.064 8
      vertex 71.3889 73.3042 8
    endloop
  endfacet
  facet normal -0.38268 0.923881 0
    outer loop
      vertex 70.809 73.064 8
      vertex 71.3889 73.3042 3
      vertex 70.809 73.064 3
    endloop
  endfacet
  facet normal 0.923881 -0.38268 0
    outer loop
      vertex 76.189 67.684 8
      vertex 76.4292 68.2639 3
      vertex 76.4292 68.2639 8
    endloop
  endfacet
  facet normal 0.923881 -0.38268 0
    outer loop
      vertex 76.4292 68.2639 3
      vertex 76.189 67.684 8
      vertex 76.189 67.684 3
    endloop
  endfacet
  facet normal 0.38268 0.923881 -0
    outer loop
      vertex 74.441 73.064 3
      vertex 73.8611 73.3042 8
      vertex 74.441 73.064 8
    endloop
  endfacet
  facet normal 0.38268 0.923881 0
    outer loop
      vertex 73.8611 73.3042 8
      vertex 74.441 73.064 3
      vertex 73.8611 73.3042 3
    endloop
  endfacet
  facet normal 0.23353 0.97235 -0
    outer loop
      vertex 73.8611 73.3042 3
      vertex 73.2507 73.4508 8
      vertex 73.8611 73.3042 8
    endloop
  endfacet
  facet normal 0.23353 0.97235 0
    outer loop
      vertex 73.2507 73.4508 8
      vertex 73.8611 73.3042 3
      vertex 73.2507 73.4508 3
    endloop
  endfacet
  facet normal 0 0 1
    outer loop
      vertex 74.025 69.5 8
      vertex 76.625 69.5 8
      vertex 76.5758 70.1257 8
    endloop
  endfacet
  facet normal 0 0 1
    outer loop
      vertex 73.9773 69.8624 8
      vertex 76.5758 70.1257 8
      vertex 76.4292 70.7361 8
    endloop
  endfacet
  facet normal 0 0 1
    outer loop
      vertex 76.625 69.5 8
      vertex 74.025 69.5 8
      vertex 76.5758 68.8743 8
    endloop
  endfacet
  facet normal 0 0 1
    outer loop
      vertex 73.9773 69.8624 8
      vertex 76.4292 70.7361 8
      vertex 76.189 71.316 8
    endloop
  endfacet
  facet normal -0 0 1
    outer loop
      vertex 73.9773 69.1376 8
      vertex 76.5758 68.8743 8
      vertex 74.025 69.5 8
    endloop
  endfacet
  facet normal 0 0 1
    outer loop
      vertex 73.8374 70.2 8
      vertex 76.189 71.316 8
      vertex 75.8611 71.8511 8
    endloop
  endfacet
  facet normal 0 0 1
    outer loop
      vertex 76.5758 68.8743 8
      vertex 73.9773 69.1376 8
      vertex 76.4292 68.2639 8
    endloop
  endfacet
  facet normal 0 0 1
    outer loop
      vertex 73.615 70.49 8
      vertex 75.8611 71.8511 8
      vertex 75.4534 72.3284 8
    endloop
  endfacet
  facet normal 0 0 1
    outer loop
      vertex 76.4292 68.2639 8
      vertex 73.9773 69.1376 8
      vertex 76.189 67.684 8
    endloop
  endfacet
  facet normal 0 0 1
    outer loop
      vertex 73.615 70.49 8
      vertex 75.4534 72.3284 8
      vertex 74.9761 72.7361 8
    endloop
  endfacet
  facet normal -0 0 1
    outer loop
      vertex 73.8374 68.8 8
      vertex 76.189 67.684 8
      vertex 73.9773 69.1376 8
    endloop
  endfacet
  facet normal 0 0 1
    outer loop
      vertex 73.325 70.7124 8
      vertex 74.9761 72.7361 8
      vertex 74.441 73.064 8
    endloop
  endfacet
  facet normal 0 0 1
    outer loop
      vertex 76.189 67.684 8
      vertex 73.8374 68.8 8
      vertex 75.8611 67.1489 8
    endloop
  endfacet
  facet normal -0 0 1
    outer loop
      vertex 73.615 68.51 8
      vertex 75.8611 67.1489 8
      vertex 73.8374 68.8 8
    endloop
  endfacet
  facet normal 0 0 1
    outer loop
      vertex 76.5758 70.1257 8
      vertex 73.9773 69.8624 8
      vertex 74.025 69.5 8
    endloop
  endfacet
  facet normal 0 0 1
    outer loop
      vertex 73.325 70.7124 8
      vertex 74.441 73.064 8
      vertex 73.8611 73.3042 8
    endloop
  endfacet
  facet normal 0 0 1
    outer loop
      vertex 76.189 71.316 8
      vertex 73.8374 70.2 8
      vertex 73.9773 69.8624 8
    endloop
  endfacet
  facet normal 0 0 1
    outer loop
      vertex 75.8611 71.8511 8
      vertex 73.615 70.49 8
      vertex 73.8374 70.2 8
    endloop
  endfacet
  facet normal 0 0 1
    outer loop
      vertex 74.9761 72.7361 8
      vertex 73.325 70.7124 8
      vertex 73.615 70.49 8
    endloop
  endfacet
  facet normal 0 0 1
    outer loop
      vertex 72.9874 70.8523 8
      vertex 73.8611 73.3042 8
      vertex 73.2507 73.4508 8
    endloop
  endfacet
  facet normal 0 0 1
    outer loop
      vertex 73.8611 73.3042 8
      vertex 72.9874 70.8523 8
      vertex 73.325 70.7124 8
    endloop
  endfacet
  facet normal 0 0 1
    outer loop
      vertex 72.625 70.9 8
      vertex 73.2507 73.4508 8
      vertex 72.625 73.5 8
    endloop
  endfacet
  facet normal 0 0 1
    outer loop
      vertex 73.2507 73.4508 8
      vertex 72.625 70.9 8
      vertex 72.9874 70.8523 8
    endloop
  endfacet
  facet normal -0 0 1
    outer loop
      vertex 71.9993 73.4508 8
      vertex 72.625 70.9 8
      vertex 72.625 73.5 8
    endloop
  endfacet
  facet normal 0 0 1
    outer loop
      vertex 72.625 70.9 8
      vertex 71.9993 73.4508 8
      vertex 72.2627 70.8523 8
    endloop
  endfacet
  facet normal -0 0 1
    outer loop
      vertex 71.3889 73.3042 8
      vertex 72.2627 70.8523 8
      vertex 71.9993 73.4508 8
    endloop
  endfacet
  facet normal 0 0 1
    outer loop
      vertex 72.2627 70.8523 8
      vertex 71.3889 73.3042 8
      vertex 71.925 70.7124 8
    endloop
  endfacet
  facet normal -0 0 1
    outer loop
      vertex 70.809 73.064 8
      vertex 71.925 70.7124 8
      vertex 71.3889 73.3042 8
    endloop
  endfacet
  facet normal -0 0 1
    outer loop
      vertex 70.2739 72.7361 8
      vertex 71.925 70.7124 8
      vertex 70.809 73.064 8
    endloop
  endfacet
  facet normal 0 0 1
    outer loop
      vertex 71.925 70.7124 8
      vertex 70.2739 72.7361 8
      vertex 71.635 70.49 8
    endloop
  endfacet
  facet normal -0 0 1
    outer loop
      vertex 69.7966 72.3284 8
      vertex 71.635 70.49 8
      vertex 70.2739 72.7361 8
    endloop
  endfacet
  facet normal -0 0 1
    outer loop
      vertex 69.3889 71.8511 8
      vertex 71.635 70.49 8
      vertex 69.7966 72.3284 8
    endloop
  endfacet
  facet normal 0 0 1
    outer loop
      vertex 75.8611 67.1489 8
      vertex 73.615 68.51 8
      vertex 75.4534 66.6716 8
    endloop
  endfacet
  facet normal 0 0 1
    outer loop
      vertex 75.4534 66.6716 8
      vertex 73.615 68.51 8
      vertex 74.9761 66.2639 8
    endloop
  endfacet
  facet normal -0 0 1
    outer loop
      vertex 73.325 68.2876 8
      vertex 74.9761 66.2639 8
      vertex 73.615 68.51 8
    endloop
  endfacet
  facet normal 0 0 1
    outer loop
      vertex 74.9761 66.2639 8
      vertex 73.325 68.2876 8
      vertex 74.441 65.936 8
    endloop
  endfacet
  facet normal 0 0 1
    outer loop
      vertex 74.441 65.936 8
      vertex 73.325 68.2876 8
      vertex 73.8611 65.6958 8
    endloop
  endfacet
  facet normal -0 0 1
    outer loop
      vertex 72.9874 68.1477 8
      vertex 73.8611 65.6958 8
      vertex 73.325 68.2876 8
    endloop
  endfacet
  facet normal 0 0 1
    outer loop
      vertex 73.8611 65.6958 8
      vertex 72.9874 68.1477 8
      vertex 73.2507 65.5492 8
    endloop
  endfacet
  facet normal -0 0 1
    outer loop
      vertex 72.625 68.1 8
      vertex 73.2507 65.5492 8
      vertex 72.9874 68.1477 8
    endloop
  endfacet
  facet normal 0 0 1
    outer loop
      vertex 72.625 68.1 8
      vertex 72.625 65.5 8
      vertex 73.2507 65.5492 8
    endloop
  endfacet
  facet normal 0 0 1
    outer loop
      vertex 71.9993 65.5492 8
      vertex 72.625 68.1 8
      vertex 72.2627 68.1477 8
    endloop
  endfacet
  facet normal 0 0 1
    outer loop
      vertex 72.625 68.1 8
      vertex 71.9993 65.5492 8
      vertex 72.625 65.5 8
    endloop
  endfacet
  facet normal 0 0 1
    outer loop
      vertex 71.3889 65.6958 8
      vertex 72.2627 68.1477 8
      vertex 71.925 68.2876 8
    endloop
  endfacet
  facet normal 0 0 1
    outer loop
      vertex 70.2739 66.2639 8
      vertex 71.925 68.2876 8
      vertex 71.635 68.51 8
    endloop
  endfacet
  facet normal 0 0 1
    outer loop
      vertex 69.3889 67.1489 8
      vertex 71.635 68.51 8
      vertex 71.4126 68.8 8
    endloop
  endfacet
  facet normal 0 0 1
    outer loop
      vertex 72.2627 68.1477 8
      vertex 71.3889 65.6958 8
      vertex 71.9993 65.5492 8
    endloop
  endfacet
  facet normal 0 0 1
    outer loop
      vertex 69.061 67.684 8
      vertex 71.4126 68.8 8
      vertex 71.2727 69.1376 8
    endloop
  endfacet
  facet normal 0 0 1
    outer loop
      vertex 68.6742 68.8743 8
      vertex 71.2727 69.1376 8
      vertex 71.225 69.5 8
    endloop
  endfacet
  facet normal 0 0 1
    outer loop
      vertex 71.635 70.49 8
      vertex 69.3889 71.8511 8
      vertex 71.4126 70.2 8
    endloop
  endfacet
  facet normal 0 0 1
    outer loop
      vertex 71.925 68.2876 8
      vertex 70.809 65.936 8
      vertex 71.3889 65.6958 8
    endloop
  endfacet
  facet normal -0 0 1
    outer loop
      vertex 69.061 71.316 8
      vertex 71.4126 70.2 8
      vertex 69.3889 71.8511 8
    endloop
  endfacet
  facet normal 0 0 1
    outer loop
      vertex 71.925 68.2876 8
      vertex 70.2739 66.2639 8
      vertex 70.809 65.936 8
    endloop
  endfacet
  facet normal 0 0 1
    outer loop
      vertex 71.4126 70.2 8
      vertex 69.061 71.316 8
      vertex 71.2727 69.8624 8
    endloop
  endfacet
  facet normal 0 0 1
    outer loop
      vertex 71.635 68.51 8
      vertex 69.7966 66.6716 8
      vertex 70.2739 66.2639 8
    endloop
  endfacet
  facet normal -0 0 1
    outer loop
      vertex 68.8208 70.7361 8
      vertex 71.2727 69.8624 8
      vertex 69.061 71.316 8
    endloop
  endfacet
  facet normal 0 0 1
    outer loop
      vertex 71.635 68.51 8
      vertex 69.3889 67.1489 8
      vertex 69.7966 66.6716 8
    endloop
  endfacet
  facet normal -0 0 1
    outer loop
      vertex 68.6742 70.1257 8
      vertex 71.2727 69.8624 8
      vertex 68.8208 70.7361 8
    endloop
  endfacet
  facet normal 0 0 1
    outer loop
      vertex 71.4126 68.8 8
      vertex 69.061 67.684 8
      vertex 69.3889 67.1489 8
    endloop
  endfacet
  facet normal 0 0 1
    outer loop
      vertex 71.2727 69.8624 8
      vertex 68.6742 70.1257 8
      vertex 71.225 69.5 8
    endloop
  endfacet
  facet normal 0 0 1
    outer loop
      vertex 71.2727 69.1376 8
      vertex 68.8208 68.2639 8
      vertex 69.061 67.684 8
    endloop
  endfacet
  facet normal 0 0 1
    outer loop
      vertex 68.625 69.5 8
      vertex 71.225 69.5 8
      vertex 68.6742 70.1257 8
    endloop
  endfacet
  facet normal 0 0 1
    outer loop
      vertex 71.2727 69.1376 8
      vertex 68.6742 68.8743 8
      vertex 68.8208 68.2639 8
    endloop
  endfacet
  facet normal 0 0 1
    outer loop
      vertex 71.225 69.5 8
      vertex 68.625 69.5 8
      vertex 68.6742 68.8743 8
    endloop
  endfacet
  facet normal 0.07839 -0.996923 0
    outer loop
      vertex 72.625 65.5 3
      vertex 73.2507 65.5492 8
      vertex 72.625 65.5 8
    endloop
  endfacet
  facet normal 0.07839 -0.996923 0
    outer loop
      vertex 73.2507 65.5492 8
      vertex 72.625 65.5 3
      vertex 73.2507 65.5492 3
    endloop
  endfacet
  facet normal -0.852647 0.522487 0
    outer loop
      vertex 69.061 71.316 3
      vertex 69.3889 71.8511 8
      vertex 69.3889 71.8511 3
    endloop
  endfacet
  facet normal -0.852647 0.522487 0
    outer loop
      vertex 69.3889 71.8511 8
      vertex 69.061 71.316 3
      vertex 69.061 71.316 8
    endloop
  endfacet
  facet normal -0.760369 0.649492 0
    outer loop
      vertex 69.3889 71.8511 3
      vertex 69.7966 72.3284 8
      vertex 69.7966 72.3284 3
    endloop
  endfacet
  facet normal -0.760369 0.649492 0
    outer loop
      vertex 69.7966 72.3284 8
      vertex 69.3889 71.8511 3
      vertex 69.3889 71.8511 8
    endloop
  endfacet
  facet normal -0.522487 0.852647 0
    outer loop
      vertex 70.809 73.064 3
      vertex 70.2739 72.7361 8
      vertex 70.809 73.064 8
    endloop
  endfacet
  facet normal -0.522487 0.852647 0
    outer loop
      vertex 70.2739 72.7361 8
      vertex 70.809 73.064 3
      vertex 70.2739 72.7361 3
    endloop
  endfacet
  facet normal -0.996923 -0.07839 0
    outer loop
      vertex 68.6742 68.8743 3
      vertex 68.625 69.5 8
      vertex 68.625 69.5 3
    endloop
  endfacet
  facet normal -0.996923 -0.07839 0
    outer loop
      vertex 68.625 69.5 8
      vertex 68.6742 68.8743 3
      vertex 68.6742 68.8743 8
    endloop
  endfacet
  facet normal 0.522487 0.852647 -0
    outer loop
      vertex 74.9761 72.7361 3
      vertex 74.441 73.064 8
      vertex 74.9761 72.7361 8
    endloop
  endfacet
  facet normal 0.522487 0.852647 0
    outer loop
      vertex 74.441 73.064 8
      vertex 74.9761 72.7361 3
      vertex 74.441 73.064 3
    endloop
  endfacet
  facet normal -0.07839 0.996923 0
    outer loop
      vertex 72.625 73.5 3
      vertex 71.9993 73.4508 8
      vertex 72.625 73.5 8
    endloop
  endfacet
  facet normal -0.07839 0.996923 0
    outer loop
      vertex 71.9993 73.4508 8
      vertex 72.625 73.5 3
      vertex 71.9993 73.4508 3
    endloop
  endfacet
  facet normal 0.522487 -0.852647 0
    outer loop
      vertex 74.441 65.936 3
      vertex 74.9761 66.2639 8
      vertex 74.441 65.936 8
    endloop
  endfacet
  facet normal 0.522487 -0.852647 0
    outer loop
      vertex 74.9761 66.2639 8
      vertex 74.441 65.936 3
      vertex 74.9761 66.2639 3
    endloop
  endfacet
  facet normal 0.07839 0.996923 -0
    outer loop
      vertex 73.2507 73.4508 3
      vertex 72.625 73.5 8
      vertex 73.2507 73.4508 8
    endloop
  endfacet
  facet normal 0.07839 0.996923 0
    outer loop
      vertex 72.625 73.5 8
      vertex 73.2507 73.4508 3
      vertex 72.625 73.5 3
    endloop
  endfacet
  facet normal -0.23353 0.97235 0
    outer loop
      vertex 71.9993 73.4508 3
      vertex 71.3889 73.3042 8
      vertex 71.9993 73.4508 8
    endloop
  endfacet
  facet normal -0.23353 0.97235 0
    outer loop
      vertex 71.3889 73.3042 8
      vertex 71.9993 73.4508 3
      vertex 71.3889 73.3042 3
    endloop
  endfacet
  facet normal 0.852647 0.522487 0
    outer loop
      vertex 76.189 71.316 8
      vertex 75.8611 71.8511 3
      vertex 75.8611 71.8511 8
    endloop
  endfacet
  facet normal 0.852647 0.522487 0
    outer loop
      vertex 75.8611 71.8511 3
      vertex 76.189 71.316 8
      vertex 76.189 71.316 3
    endloop
  endfacet
  facet normal -0.760369 -0.649492 0
    outer loop
      vertex 69.7966 66.6716 3
      vertex 69.3889 67.1489 8
      vertex 69.3889 67.1489 3
    endloop
  endfacet
  facet normal -0.760369 -0.649492 0
    outer loop
      vertex 69.3889 67.1489 8
      vertex 69.7966 66.6716 3
      vertex 69.7966 66.6716 8
    endloop
  endfacet
  facet normal 0.97235 -0.23353 0
    outer loop
      vertex 76.4292 68.2639 8
      vertex 76.5758 68.8743 3
      vertex 76.5758 68.8743 8
    endloop
  endfacet
  facet normal 0.97235 -0.23353 0
    outer loop
      vertex 76.5758 68.8743 3
      vertex 76.4292 68.2639 8
      vertex 76.4292 68.2639 3
    endloop
  endfacet
  facet normal -0.649492 -0.760369 0
    outer loop
      vertex 69.7966 66.6716 3
      vertex 70.2739 66.2639 8
      vertex 69.7966 66.6716 8
    endloop
  endfacet
  facet normal -0.649492 -0.760369 -0
    outer loop
      vertex 70.2739 66.2639 8
      vertex 69.7966 66.6716 3
      vertex 70.2739 66.2639 3
    endloop
  endfacet
  facet normal 0.760369 -0.649492 0
    outer loop
      vertex 75.4534 66.6716 8
      vertex 75.8611 67.1489 3
      vertex 75.8611 67.1489 8
    endloop
  endfacet
  facet normal 0.760369 -0.649492 0
    outer loop
      vertex 75.8611 67.1489 3
      vertex 75.4534 66.6716 8
      vertex 75.4534 66.6716 3
    endloop
  endfacet
  facet normal 0.649492 -0.760369 0
    outer loop
      vertex 74.9761 66.2639 3
      vertex 75.4534 66.6716 8
      vertex 74.9761 66.2639 8
    endloop
  endfacet
  facet normal 0.649492 -0.760369 0
    outer loop
      vertex 75.4534 66.6716 8
      vertex 74.9761 66.2639 3
      vertex 75.4534 66.6716 3
    endloop
  endfacet
  facet normal -0.07839 -0.996923 0
    outer loop
      vertex 71.9993 65.5492 3
      vertex 72.625 65.5 8
      vertex 71.9993 65.5492 8
    endloop
  endfacet
  facet normal -0.07839 -0.996923 -0
    outer loop
      vertex 72.625 65.5 8
      vertex 71.9993 65.5492 3
      vertex 72.625 65.5 3
    endloop
  endfacet
  facet normal 0.38268 -0.923881 0
    outer loop
      vertex 73.8611 65.6958 3
      vertex 74.441 65.936 8
      vertex 73.8611 65.6958 8
    endloop
  endfacet
  facet normal 0.38268 -0.923881 0
    outer loop
      vertex 74.441 65.936 8
      vertex 73.8611 65.6958 3
      vertex 74.441 65.936 3
    endloop
  endfacet
  facet normal -0.923881 -0.38268 0
    outer loop
      vertex 69.061 67.684 3
      vertex 68.8208 68.2639 8
      vertex 68.8208 68.2639 3
    endloop
  endfacet
  facet normal -0.923881 -0.38268 0
    outer loop
      vertex 68.8208 68.2639 8
      vertex 69.061 67.684 3
      vertex 69.061 67.684 8
    endloop
  endfacet
  facet normal 0.923881 0.38268 0
    outer loop
      vertex 76.4292 70.7361 8
      vertex 76.189 71.316 3
      vertex 76.189 71.316 8
    endloop
  endfacet
  facet normal 0.923881 0.38268 0
    outer loop
      vertex 76.189 71.316 3
      vertex 76.4292 70.7361 8
      vertex 76.4292 70.7361 3
    endloop
  endfacet
  facet normal -0.996923 0.07839 0
    outer loop
      vertex 68.625 69.5 3
      vertex 68.6742 70.1257 8
      vertex 68.6742 70.1257 3
    endloop
  endfacet
  facet normal -0.996923 0.07839 0
    outer loop
      vertex 68.6742 70.1257 8
      vertex 68.625 69.5 3
      vertex 68.625 69.5 8
    endloop
  endfacet
  facet normal 0.707107 0 -0.707107
    outer loop
      vertex 222.25 -11 0.4
      vertex 221.85 -4.72759 0
      vertex 222.25 -4.20017 0.4
    endloop
  endfacet
  facet normal 0.707107 0 -0.707107
    outer loop
      vertex 221.85 -4.72759 0
      vertex 222.25 -11 0.4
      vertex 221.85 -10.6 0
    endloop
  endfacet
  facet normal 0.707107 0 -0.707107
    outer loop
      vertex 222.25 11 0.4
      vertex 221.85 4.72759 0
      vertex 221.85 10.6 0
    endloop
  endfacet
  facet normal 0.707107 0 -0.707107
    outer loop
      vertex 221.85 4.72759 0
      vertex 222.25 11 0.4
      vertex 222.25 4.20017 0.4
    endloop
  endfacet
  facet normal -0.707107 0 -0.707107
    outer loop
      vertex 0 -11 0.4
      vertex 0.4 -4.72759 0
      vertex 0.4 -10.6 0
    endloop
  endfacet
  facet normal -0.707107 0 -0.707107
    outer loop
      vertex 0.4 -4.72759 0
      vertex 0 -11 0.4
      vertex 0 -4.20017 0.4
    endloop
  endfacet
  facet normal -0.707107 0 -0.707107
    outer loop
      vertex 0.4 4.72759 0
      vertex 0 11 0.4
      vertex 0.4 10.6 0
    endloop
  endfacet
  facet normal -0.707107 -0 -0.707107
    outer loop
      vertex 0 11 0.4
      vertex 0.4 4.72759 0
      vertex 0 4.20017 0.4
    endloop
  endfacet
  facet normal 0 0 1
    outer loop
      vertex 104.435 8.3 4
      vertex 87.95 6 4
      vertex 104.425 8.15 4
    endloop
  endfacet
  facet normal 0 0 1
    outer loop
      vertex 104.435 8.3 4
      vertex 63.95 6 4
      vertex 87.95 6 4
    endloop
  endfacet
  facet normal 0 0 1
    outer loop
      vertex 63.95 6 4
      vertex 48.775 6 4
      vertex 63.95 -6 4
    endloop
  endfacet
  facet normal 0 0 1
    outer loop
      vertex 104.435 8.3 4
      vertex 48.775 6 4
      vertex 63.95 6 4
    endloop
  endfacet
  facet normal -0 0 1
    outer loop
      vertex 13.6 8.3 4
      vertex 48.775 6 4
      vertex 104.435 8.3 4
    endloop
  endfacet
  facet normal 0 0 1
    outer loop
      vertex 24.775 6 4
      vertex 13.6 8.3 4
      vertex 24.775 -6 4
    endloop
  endfacet
  facet normal 0 0 1
    outer loop
      vertex 48.775 6 4
      vertex 13.6 8.3 4
      vertex 24.775 6 4
    endloop
  endfacet
  facet normal 0 0 1
    outer loop
      vertex 111.125 -1.5 4
      vertex 113.749 2.83741 4
      vertex 113.043 2.69705 4
    endloop
  endfacet
  facet normal 0 0 1
    outer loop
      vertex 111.125 -1.5 4
      vertex 113.043 2.69705 4
      vertex 112.325 2.65 4
    endloop
  endfacet
  facet normal 0 0 1
    outer loop
      vertex 113.749 2.83741 4
      vertex 111.125 -1.5 4
      vertex 113.625 -5.5 4
    endloop
  endfacet
  facet normal -0 0 1
    outer loop
      vertex 109.925 2.65 4
      vertex 111.125 -1.5 4
      vertex 112.325 2.65 4
    endloop
  endfacet
  facet normal 0 0 1
    outer loop
      vertex 109.207 2.69705 4
      vertex 111.125 -1.5 4
      vertex 109.925 2.65 4
    endloop
  endfacet
  facet normal 0 0 1
    outer loop
      vertex 108.501 2.83741 4
      vertex 111.125 -1.5 4
      vertex 109.207 2.69705 4
    endloop
  endfacet
  facet normal 0 0 1
    outer loop
      vertex 107.82 3.06866 4
      vertex 111.125 -1.5 4
      vertex 108.501 2.83741 4
    endloop
  endfacet
  facet normal 0 0 1
    outer loop
      vertex 208.65 8.3 4
      vertex 197.475 6 4
      vertex 208.65 -8.3 4
    endloop
  endfacet
  facet normal 0 0 1
    outer loop
      vertex 208.65 8.3 4
      vertex 173.475 6 4
      vertex 197.475 6 4
    endloop
  endfacet
  facet normal 0 0 1
    outer loop
      vertex 173.475 6 4
      vertex 158.3 6 4
      vertex 173.475 -6 4
    endloop
  endfacet
  facet normal 0 0 1
    outer loop
      vertex 208.65 8.3 4
      vertex 158.3 6 4
      vertex 173.475 6 4
    endloop
  endfacet
  facet normal -0 0 1
    outer loop
      vertex 117.815 8.3 4
      vertex 158.3 6 4
      vertex 208.65 8.3 4
    endloop
  endfacet
  facet normal -0 0 1
    outer loop
      vertex 117.778 7.43211 4
      vertex 134.3 6 4
      vertex 117.825 8.15 4
    endloop
  endfacet
  facet normal 0 0 1
    outer loop
      vertex 158.3 6 4
      vertex 117.815 8.3 4
      vertex 134.3 6 4
    endloop
  endfacet
  facet normal 0 0 1
    outer loop
      vertex 134.3 6 4
      vertex 117.815 8.3 4
      vertex 117.825 8.15 4
    endloop
  endfacet
  facet normal -0 0 1
    outer loop
      vertex 197.475 -6 4
      vertex 208.65 -8.3 4
      vertex 197.475 6 4
    endloop
  endfacet
  facet normal -0 0 1
    outer loop
      vertex 173.475 -6 4
      vertex 208.65 -8.3 4
      vertex 197.475 -6 4
    endloop
  endfacet
  facet normal 0 0 1
    outer loop
      vertex 158.3 -6 4
      vertex 173.475 -6 4
      vertex 158.3 6 4
    endloop
  endfacet
  facet normal -0 0 1
    outer loop
      vertex 158.3 -6 4
      vertex 208.65 -8.3 4
      vertex 173.475 -6 4
    endloop
  endfacet
  facet normal -0 0 1
    outer loop
      vertex 134.3 -6 4
      vertex 208.65 -8.3 4
      vertex 158.3 -6 4
    endloop
  endfacet
  facet normal -0 0 1
    outer loop
      vertex 117.638 6.72649 4
      vertex 134.3 6 4
      vertex 117.778 7.43211 4
    endloop
  endfacet
  facet normal -0 0 1
    outer loop
      vertex 117.406 6.04524 4
      vertex 134.3 6 4
      vertex 117.638 6.72649 4
    endloop
  endfacet
  facet normal 0 0 1
    outer loop
      vertex 117.088 5.4 4
      vertex 134.3 6 4
      vertex 117.406 6.04524 4
    endloop
  endfacet
  facet normal 0 0 1
    outer loop
      vertex 134.3 6 4
      vertex 117.088 5.4 4
      vertex 134.3 -6 4
    endloop
  endfacet
  facet normal -0 0 1
    outer loop
      vertex 116.688 4.80181 4
      vertex 134.3 -6 4
      vertex 117.088 5.4 4
    endloop
  endfacet
  facet normal -0 0 1
    outer loop
      vertex 116.214 4.26091 4
      vertex 134.3 -6 4
      vertex 116.688 4.80181 4
    endloop
  endfacet
  facet normal 0 0 1
    outer loop
      vertex 113.625 -5.5 4
      vertex 116.214 4.26091 4
      vertex 115.673 3.78656 4
    endloop
  endfacet
  facet normal 0 0 1
    outer loop
      vertex 113.625 -5.5 4
      vertex 115.673 3.78656 4
      vertex 115.075 3.38686 4
    endloop
  endfacet
  facet normal 0 0 1
    outer loop
      vertex 113.625 -5.5 4
      vertex 115.075 3.38686 4
      vertex 114.43 3.06866 4
    endloop
  endfacet
  facet normal 0 0 1
    outer loop
      vertex 113.625 -5.5 4
      vertex 114.43 3.06866 4
      vertex 113.749 2.83741 4
    endloop
  endfacet
  facet normal 0 0 1
    outer loop
      vertex 116.214 4.26091 4
      vertex 113.625 -5.5 4
      vertex 134.3 -6 4
    endloop
  endfacet
  facet normal 0 0 1
    outer loop
      vertex 87.95 -6 4
      vertex 134.3 -6 4
      vertex 113.625 -5.5 4
    endloop
  endfacet
  facet normal 0 0 1
    outer loop
      vertex 87.95 -6 4
      vertex 113.625 -5.5 4
      vertex 108.625 -5.5 4
    endloop
  endfacet
  facet normal 0 0 1
    outer loop
      vertex 111.125 -1.5 4
      vertex 107.82 3.06866 4
      vertex 108.625 -5.5 4
    endloop
  endfacet
  facet normal 0 0 1
    outer loop
      vertex 107.175 3.38686 4
      vertex 108.625 -5.5 4
      vertex 107.82 3.06866 4
    endloop
  endfacet
  facet normal 0 0 1
    outer loop
      vertex 106.577 3.78656 4
      vertex 108.625 -5.5 4
      vertex 107.175 3.38686 4
    endloop
  endfacet
  facet normal 0 0 1
    outer loop
      vertex 106.036 4.26091 4
      vertex 108.625 -5.5 4
      vertex 106.577 3.78656 4
    endloop
  endfacet
  facet normal 0 0 1
    outer loop
      vertex 87.95 -6 4
      vertex 106.036 4.26091 4
      vertex 105.562 4.80181 4
    endloop
  endfacet
  facet normal 0 0 1
    outer loop
      vertex 87.95 -6 4
      vertex 105.562 4.80181 4
      vertex 105.162 5.4 4
    endloop
  endfacet
  facet normal -0 0 1
    outer loop
      vertex 87.95 6 4
      vertex 105.162 5.4 4
      vertex 104.844 6.04524 4
    endloop
  endfacet
  facet normal 0 0 1
    outer loop
      vertex 87.95 6 4
      vertex 104.844 6.04524 4
      vertex 104.612 6.72649 4
    endloop
  endfacet
  facet normal 0 0 1
    outer loop
      vertex 87.95 6 4
      vertex 104.472 7.43211 4
      vertex 104.425 8.15 4
    endloop
  endfacet
  facet normal 0 0 1
    outer loop
      vertex 87.95 6 4
      vertex 104.612 6.72649 4
      vertex 104.472 7.43211 4
    endloop
  endfacet
  facet normal 0 0 1
    outer loop
      vertex 105.162 5.4 4
      vertex 87.95 6 4
      vertex 87.95 -6 4
    endloop
  endfacet
  facet normal 0 0 1
    outer loop
      vertex 106.036 4.26091 4
      vertex 87.95 -6 4
      vertex 108.625 -5.5 4
    endloop
  endfacet
  facet normal 0 0 1
    outer loop
      vertex 134.3 -6 4
      vertex 87.95 -6 4
      vertex 208.65 -8.3 4
    endloop
  endfacet
  facet normal 0 0 1
    outer loop
      vertex 13.6 -8.3 4
      vertex 87.95 -6 4
      vertex 63.95 -6 4
    endloop
  endfacet
  facet normal 0 0 1
    outer loop
      vertex 48.775 -6 4
      vertex 63.95 -6 4
      vertex 48.775 6 4
    endloop
  endfacet
  facet normal 0 0 1
    outer loop
      vertex 13.6 -8.3 4
      vertex 63.95 -6 4
      vertex 48.775 -6 4
    endloop
  endfacet
  facet normal 0 0 1
    outer loop
      vertex 13.6 -8.3 4
      vertex 48.775 -6 4
      vertex 24.775 -6 4
    endloop
  endfacet
  facet normal 0 0 1
    outer loop
      vertex 87.95 -6 4
      vertex 13.6 -8.3 4
      vertex 208.65 -8.3 4
    endloop
  endfacet
  facet normal 0 0 1
    outer loop
      vertex 13.6 -8.3 4
      vertex 24.775 -6 4
      vertex 13.6 8.3 4
    endloop
  endfacet
  facet normal 0 -0.707107 -0.707107
    outer loop
      vertex 222.25 -11 0.4
      vertex 0.4 -10.6 0
      vertex 221.85 -10.6 0
    endloop
  endfacet
  facet normal 0 -0.707107 -0.707107
    outer loop
      vertex 0.4 -10.6 0
      vertex 222.25 -11 0.4
      vertex 0 -11 0.4
    endloop
  endfacet
  facet normal 0 0.707107 -0.707107
    outer loop
      vertex 0.4 10.6 0
      vertex 6 11 0.4
      vertex 6.4 10.6 0
    endloop
  endfacet
  facet normal 0 0.707107 -0.707107
    outer loop
      vertex 6 11 0.4
      vertex 0.4 10.6 0
      vertex 0 11 0.4
    endloop
  endfacet
  facet normal 0 0.707107 -0.707107
    outer loop
      vertex 221.85 10.6 0
      vertex 117.021 11 0.4
      vertex 222.25 11 0.4
    endloop
  endfacet
  facet normal 1.52413e-07 0.707127 -0.707087
    outer loop
      vertex 221.85 10.6 0
      vertex 116.993 10.947 0.346997
      vertex 117.021 11 0.4
    endloop
  endfacet
  facet normal -2.74767e-08 0.7071 -0.707114
    outer loop
      vertex 221.85 10.6 0
      vertex 116.915 10.8 0.2
      vertex 116.993 10.947 0.346997
    endloop
  endfacet
  facet normal 0 0.707107 -0.707107
    outer loop
      vertex 116.915 10.8 0.2
      vertex 221.85 10.6 0
      vertex 116.791 10.6 0
    endloop
  endfacet
  facet normal -7.03281e-07 0.707099 -0.707114
    outer loop
      vertex 101.125 11 0.4
      vertex 105.257 10.947 0.346997
      vertex 105.335 10.8 0.2
    endloop
  endfacet
  facet normal 0 0.707127 -0.707087
    outer loop
      vertex 105.257 10.947 0.346997
      vertex 101.125 11 0.4
      vertex 105.229 11 0.4
    endloop
  endfacet
  facet normal -3.12212e-16 0.707107 -0.707107
    outer loop
      vertex 105.459 10.6 0
      vertex 101.125 11 0.4
      vertex 105.335 10.8 0.2
    endloop
  endfacet
  facet normal 0 0.707107 -0.707107
    outer loop
      vertex 101.125 11 0.4
      vertex 105.459 10.6 0
      vertex 100.725 10.6 0
    endloop
  endfacet
  facet normal 1 -0 0
    outer loop
      vertex 13.6 -8.3 46
      vertex 13.6 8.3 4
      vertex 13.6 8.3 46
    endloop
  endfacet
  facet normal 1 0 0
    outer loop
      vertex 13.6 8.3 4
      vertex 13.6 -8.3 46
      vertex 13.6 -8.3 4
    endloop
  endfacet
  facet normal -1 0 0
    outer loop
      vertex 208.65 -8.3 4
      vertex 208.65 8.3 46
      vertex 208.65 8.3 4
    endloop
  endfacet
  facet normal -1 -0 0
    outer loop
      vertex 208.65 8.3 46
      vertex 208.65 -8.3 4
      vertex 208.65 -8.3 46
    endloop
  endfacet
  facet normal -0.831276 -0.555861 0
    outer loop
      vertex 105.562 4.80181 4
      vertex 105.162 5.4 46
      vertex 105.162 5.4 4
    endloop
  endfacet
  facet normal -0.831276 -0.555861 0
    outer loop
      vertex 105.162 5.4 46
      vertex 105.562 4.80181 4
      vertex 105.562 4.80181 46
    endloop
  endfacet
  facet normal -0.0463356 0.706347 -0.706347
    outer loop
      vertex 109.925 13.25 0
      vertex 109.207 13.6029 0.4
      vertex 109.925 13.65 0.4
    endloop
  endfacet
  facet normal -0.997864 -0.0653298 0
    outer loop
      vertex 104.472 7.43211 4
      vertex 104.425 8.15 46
      vertex 104.425 8.15 4
    endloop
  endfacet
  facet normal -0.997864 -0.0653298 0
    outer loop
      vertex 104.425 8.15 46
      vertex 104.472 7.43211 4
      vertex 104.472 7.43211 46
    endloop
  endfacet
  facet normal 0.997785 0.066519 0
    outer loop
      vertex 117.825 8.15 46
      vertex 117.815 8.3 4
      vertex 117.815 8.3 46
    endloop
  endfacet
  facet normal 0.997785 0.066519 0
    outer loop
      vertex 117.815 8.3 4
      vertex 117.825 8.15 46
      vertex 117.825 8.15 4
    endloop
  endfacet
  facet normal 0 0.707107 -0.707107
    outer loop
      vertex 112.325 13.25 0
      vertex 109.925 13.65 0.4
      vertex 112.325 13.65 0.4
    endloop
  endfacet
  facet normal 0 0.707107 -0.707107
    outer loop
      vertex 109.925 13.65 0.4
      vertex 112.325 13.25 0
      vertex 109.925 13.25 0
    endloop
  endfacet
  facet normal 0.194994 -0.980804 0
    outer loop
      vertex 113.043 2.69705 4
      vertex 113.749 2.83741 46
      vertex 113.043 2.69705 46
    endloop
  endfacet
  facet normal 0.194994 -0.980804 0
    outer loop
      vertex 113.749 2.83741 46
      vertex 113.043 2.69705 4
      vertex 113.749 2.83741 4
    endloop
  endfacet
  facet normal 0.997864 -0.0653298 0
    outer loop
      vertex 117.778 7.43211 46
      vertex 117.825 8.15 4
      vertex 117.825 8.15 46
    endloop
  endfacet
  facet normal 0.997864 -0.0653298 0
    outer loop
      vertex 117.825 8.15 4
      vertex 117.778 7.43211 46
      vertex 117.778 7.43211 4
    endloop
  endfacet
  facet normal -0.896981 -0.442068 0
    outer loop
      vertex 105.162 5.4 4
      vertex 104.844 6.04524 46
      vertex 104.844 6.04524 4
    endloop
  endfacet
  facet normal -0.896981 -0.442068 0
    outer loop
      vertex 104.844 6.04524 46
      vertex 105.162 5.4 4
      vertex 105.162 5.4 46
    endloop
  endfacet
  facet normal -0.946614 -0.32237 0
    outer loop
      vertex 104.844 6.04524 4
      vertex 104.612 6.72649 46
      vertex 104.612 6.72649 4
    endloop
  endfacet
  facet normal -0.946614 -0.32237 0
    outer loop
      vertex 104.612 6.72649 46
      vertex 104.844 6.04524 4
      vertex 104.844 6.04524 46
    endloop
  endfacet
  facet normal 0.0654582 0.997855 -0
    outer loop
      vertex 113.043 13.6029 0.4
      vertex 112.325 13.65 46
      vertex 113.043 13.6029 46
    endloop
  endfacet
  facet normal 0.0654582 0.997855 0
    outer loop
      vertex 112.325 13.65 46
      vertex 113.043 13.6029 0.4
      vertex 112.325 13.65 0.4
    endloop
  endfacet
  facet normal 0.442424 0.896806 -0
    outer loop
      vertex 115.075 12.9131 0.4
      vertex 114.43 13.2313 46
      vertex 115.075 12.9131 46
    endloop
  endfacet
  facet normal 0.442424 0.896806 0
    outer loop
      vertex 114.43 13.2313 46
      vertex 115.075 12.9131 0.4
      vertex 114.43 13.2313 0.4
    endloop
  endfacet
  facet normal 0.555694 0.831387 -0
    outer loop
      vertex 115.673 12.5134 0.4
      vertex 115.075 12.9131 46
      vertex 115.673 12.5134 46
    endloop
  endfacet
  facet normal 0.555694 0.831387 0
    outer loop
      vertex 115.075 12.9131 46
      vertex 115.673 12.5134 0.4
      vertex 115.075 12.9131 0.4
    endloop
  endfacet
  facet normal -0.442424 0.896806 0
    outer loop
      vertex 107.82 13.2313 0.4
      vertex 107.175 12.9131 46
      vertex 107.82 13.2313 46
    endloop
  endfacet
  facet normal -0.442424 0.896806 0
    outer loop
      vertex 107.175 12.9131 46
      vertex 107.82 13.2313 0.4
      vertex 107.175 12.9131 0.4
    endloop
  endfacet
  facet normal 0.752086 -0.659066 0
    outer loop
      vertex 116.214 4.26091 46
      vertex 116.688 4.80181 4
      vertex 116.688 4.80181 46
    endloop
  endfacet
  facet normal 0.752086 -0.659066 0
    outer loop
      vertex 116.688 4.80181 4
      vertex 116.214 4.26091 46
      vertex 116.214 4.26091 4
    endloop
  endfacet
  facet normal 0.831382 0.555701 0
    outer loop
      vertex 117.021 11 46
      vertex 116.688 11.4982 0.4
      vertex 116.688 11.4982 46
    endloop
  endfacet
  facet normal 0.831382 0.555701 0
    outer loop
      vertex 116.688 11.4982 0.4
      vertex 117.021 11 46
      vertex 117.021 11 0.4
    endloop
  endfacet
  facet normal -0.532541 0.466675 -0.706127
    outer loop
      vertex 105.879 11.2547 0
      vertex 105.562 11.4982 0.4
      vertex 106.036 12.0391 0.4
    endloop
  endfacet
  facet normal -0.065389 -0.99786 0
    outer loop
      vertex 109.207 2.69705 4
      vertex 109.925 2.65 46
      vertex 109.207 2.69705 46
    endloop
  endfacet
  facet normal -0.065389 -0.99786 -0
    outer loop
      vertex 109.925 2.65 46
      vertex 109.207 2.69705 4
      vertex 109.925 2.65 4
    endloop
  endfacet
  facet normal -0.659232 0.751939 0
    outer loop
      vertex 106.577 12.5134 0.4
      vertex 106.036 12.0391 46
      vertex 106.577 12.5134 46
    endloop
  endfacet
  facet normal -0.659232 0.751939 0
    outer loop
      vertex 106.036 12.0391 46
      vertex 106.577 12.5134 0.4
      vertex 106.036 12.0391 0.4
    endloop
  endfacet
  facet normal -0.752086 -0.659066 0
    outer loop
      vertex 106.036 4.26091 4
      vertex 105.562 4.80181 46
      vertex 105.562 4.80181 4
    endloop
  endfacet
  facet normal -0.752086 -0.659066 0
    outer loop
      vertex 105.562 4.80181 46
      vertex 106.036 4.26091 4
      vertex 106.036 4.26091 46
    endloop
  endfacet
  facet normal -0.313209 0.634883 -0.706275
    outer loop
      vertex 107.973 12.8618 0
      vertex 107.175 12.9131 0.4
      vertex 107.82 13.2313 0.4
    endloop
  endfacet
  facet normal -0.0654582 0.997855 0
    outer loop
      vertex 109.925 13.65 0.4
      vertex 109.207 13.6029 46
      vertex 109.925 13.65 46
    endloop
  endfacet
  facet normal -0.0654582 0.997855 0
    outer loop
      vertex 109.207 13.6029 46
      vertex 109.925 13.65 0.4
      vertex 109.207 13.6029 0.4
    endloop
  endfacet
  facet normal -0.588677 0.393664 -0.706037
    outer loop
      vertex 105.257 10.947 0.346997
      vertex 105.508 10.7 0
      vertex 105.335 10.8 0.2
    endloop
  endfacet
  facet normal -0.588645 0.393703 -0.706042
    outer loop
      vertex 105.508 10.7 0
      vertex 105.257 10.947 0.346997
      vertex 105.879 11.2547 0
    endloop
  endfacet
  facet normal 0.659272 -0.751905 0
    outer loop
      vertex 115.673 3.78656 4
      vertex 116.214 4.26091 46
      vertex 115.673 3.78656 46
    endloop
  endfacet
  facet normal 0.659272 -0.751905 0
    outer loop
      vertex 116.214 4.26091 46
      vertex 115.673 3.78656 4
      vertex 116.214 4.26091 4
    endloop
  endfacet
  facet normal 0.555694 -0.831387 0
    outer loop
      vertex 115.075 3.38686 4
      vertex 115.673 3.78656 46
      vertex 115.075 3.38686 46
    endloop
  endfacet
  facet normal 0.555694 -0.831387 0
    outer loop
      vertex 115.673 3.78656 46
      vertex 115.075 3.38686 4
      vertex 115.673 3.78656 4
    endloop
  endfacet
  facet normal 0.0462471 0.706435 -0.706266
    outer loop
      vertex 112.991 13.2064 0
      vertex 112.325 13.25 0
      vertex 113.043 13.6029 0.4
    endloop
  endfacet
  facet normal 0 -1 0
    outer loop
      vertex 109.925 2.65 4
      vertex 112.325 2.65 46
      vertex 109.925 2.65 46
    endloop
  endfacet
  facet normal 0 -1 -0
    outer loop
      vertex 112.325 2.65 46
      vertex 109.925 2.65 4
      vertex 112.325 2.65 4
    endloop
  endfacet
  facet normal 0.321604 0.946874 -0
    outer loop
      vertex 114.43 13.2313 0.4
      vertex 113.749 13.4626 46
      vertex 114.43 13.2313 46
    endloop
  endfacet
  facet normal 0.321604 0.946874 0
    outer loop
      vertex 113.749 13.4626 46
      vertex 114.43 13.2313 0.4
      vertex 113.749 13.4626 0.4
    endloop
  endfacet
  facet normal 0.896981 -0.442068 0
    outer loop
      vertex 117.088 5.4 46
      vertex 117.406 6.04524 4
      vertex 117.406 6.04524 46
    endloop
  endfacet
  facet normal 0.896981 -0.442068 0
    outer loop
      vertex 117.406 6.04524 4
      vertex 117.088 5.4 46
      vertex 117.088 5.4 4
    endloop
  endfacet
  facet normal 0.466857 0.53251 -0.706029
    outer loop
      vertex 116.214 12.0391 0.4
      vertex 115.43 12.1961 0
      vertex 115.673 12.5134 0.4
    endloop
  endfacet
  facet normal -0.831382 0.555701 0
    outer loop
      vertex 105.229 11 0.4
      vertex 105.562 11.4982 46
      vertex 105.562 11.4982 0.4
    endloop
  endfacet
  facet normal -0.831382 0.555701 0
    outer loop
      vertex 105.562 11.4982 46
      vertex 105.229 11 0.4
      vertex 105.229 11 46
    endloop
  endfacet
  facet normal -0.227429 0.670407 -0.70628
    outer loop
      vertex 107.973 12.8618 0
      vertex 107.82 13.2313 0.4
      vertex 108.605 13.0762 0
    endloop
  endfacet
  facet normal 0.393251 0.588922 -0.706063
    outer loop
      vertex 115.43 12.1961 0
      vertex 114.875 12.5667 0
      vertex 115.673 12.5134 0.4
    endloop
  endfacet
  facet normal -0.98088 -0.194614 0
    outer loop
      vertex 104.612 6.72649 4
      vertex 104.472 7.43211 46
      vertex 104.472 7.43211 4
    endloop
  endfacet
  facet normal -0.98088 -0.194614 0
    outer loop
      vertex 104.472 7.43211 46
      vertex 104.612 6.72649 4
      vertex 104.612 6.72649 46
    endloop
  endfacet
  facet normal -0.138232 0.694346 -0.706241
    outer loop
      vertex 109.259 13.2064 0
      vertex 108.605 13.0762 0
      vertex 109.207 13.6029 0.4
    endloop
  endfacet
  facet normal -0.194994 -0.980804 0
    outer loop
      vertex 108.501 2.83741 4
      vertex 109.207 2.69705 46
      vertex 108.501 2.83741 46
    endloop
  endfacet
  facet normal -0.194994 -0.980804 -0
    outer loop
      vertex 109.207 2.69705 46
      vertex 108.501 2.83741 4
      vertex 109.207 2.69705 4
    endloop
  endfacet
  facet normal -0.997785 0.066519 0
    outer loop
      vertex 104.425 8.15 4
      vertex 104.435 8.3 46
      vertex 104.435 8.3 4
    endloop
  endfacet
  facet normal -0.997785 0.066519 0
    outer loop
      vertex 104.435 8.3 46
      vertex 104.425 8.15 4
      vertex 104.425 8.15 46
    endloop
  endfacet
  facet normal 0.831276 -0.555861 0
    outer loop
      vertex 116.688 4.80181 46
      vertex 117.088 5.4 4
      vertex 117.088 5.4 46
    endloop
  endfacet
  facet normal 0.831276 -0.555861 0
    outer loop
      vertex 117.088 5.4 4
      vertex 116.688 4.80181 46
      vertex 116.688 4.80181 4
    endloop
  endfacet
  facet normal -0.555694 0.831387 0
    outer loop
      vertex 107.175 12.9131 0.4
      vertex 106.577 12.5134 46
      vertex 107.175 12.9131 46
    endloop
  endfacet
  facet normal -0.555694 0.831387 0
    outer loop
      vertex 106.577 12.5134 46
      vertex 107.175 12.9131 0.4
      vertex 106.577 12.5134 0.4
    endloop
  endfacet
  facet normal 0.321541 -0.946896 0
    outer loop
      vertex 113.749 2.83741 4
      vertex 114.43 3.06866 46
      vertex 113.749 2.83741 46
    endloop
  endfacet
  facet normal 0.321541 -0.946896 0
    outer loop
      vertex 114.43 3.06866 46
      vertex 113.749 2.83741 4
      vertex 114.43 3.06866 4
    endloop
  endfacet
  facet normal 0 1 -0
    outer loop
      vertex 112.325 13.65 0.4
      vertex 109.925 13.65 46
      vertex 112.325 13.65 46
    endloop
  endfacet
  facet normal 0 1 0
    outer loop
      vertex 109.925 13.65 46
      vertex 112.325 13.65 0.4
      vertex 109.925 13.65 0.4
    endloop
  endfacet
  facet normal 0.466953 0.531811 -0.706493
    outer loop
      vertex 115.931 11.7562 0
      vertex 115.43 12.1961 0
      vertex 116.214 12.0391 0.4
    endloop
  endfacet
  facet normal -0.321604 0.946874 0
    outer loop
      vertex 108.501 13.4626 0.4
      vertex 107.82 13.2313 46
      vertex 108.501 13.4626 46
    endloop
  endfacet
  facet normal -0.321604 0.946874 0
    outer loop
      vertex 107.82 13.2313 46
      vertex 108.501 13.4626 0.4
      vertex 107.82 13.2313 0.4
    endloop
  endfacet
  facet normal 0.752086 0.659066 0
    outer loop
      vertex 116.688 11.4982 46
      vertex 116.214 12.0391 0.4
      vertex 116.214 12.0391 46
    endloop
  endfacet
  facet normal 0.752086 0.659066 0
    outer loop
      vertex 116.214 12.0391 0.4
      vertex 116.688 11.4982 46
      vertex 116.688 11.4982 0.4
    endloop
  endfacet
  facet normal -0.442424 -0.896806 0
    outer loop
      vertex 107.175 3.38686 4
      vertex 107.82 3.06866 46
      vertex 107.175 3.38686 46
    endloop
  endfacet
  facet normal -0.442424 -0.896806 -0
    outer loop
      vertex 107.82 3.06866 46
      vertex 107.175 3.38686 4
      vertex 107.82 3.06866 4
    endloop
  endfacet
  facet normal -0.393362 0.588518 -0.706338
    outer loop
      vertex 107.375 12.5667 0
      vertex 106.577 12.5134 0.4
      vertex 107.175 12.9131 0.4
    endloop
  endfacet
  facet normal 0.946614 -0.32237 0
    outer loop
      vertex 117.406 6.04524 46
      vertex 117.638 6.72649 4
      vertex 117.638 6.72649 46
    endloop
  endfacet
  facet normal 0.946614 -0.32237 0
    outer loop
      vertex 117.638 6.72649 4
      vertex 117.406 6.04524 46
      vertex 117.406 6.04524 4
    endloop
  endfacet
  facet normal 0.227429 0.670407 -0.70628
    outer loop
      vertex 114.277 12.8618 0
      vertex 113.645 13.0762 0
      vertex 114.43 13.2313 0.4
    endloop
  endfacet
  facet normal 0.227602 0.670111 -0.706504
    outer loop
      vertex 114.43 13.2313 0.4
      vertex 113.645 13.0762 0
      vertex 113.749 13.4626 0.4
    endloop
  endfacet
  facet normal -0.588746 0.394511 -0.705507
    outer loop
      vertex 105.229 11 0.4
      vertex 105.879 11.2547 0
      vertex 105.257 10.947 0.346997
    endloop
  endfacet
  facet normal -0.588713 0.3935 -0.706098
    outer loop
      vertex 105.879 11.2547 0
      vertex 105.229 11 0.4
      vertex 105.562 11.4982 0.4
    endloop
  endfacet
  facet normal 0.442424 -0.896806 0
    outer loop
      vertex 114.43 3.06866 4
      vertex 115.075 3.38686 46
      vertex 114.43 3.06866 46
    endloop
  endfacet
  facet normal 0.442424 -0.896806 0
    outer loop
      vertex 115.075 3.38686 46
      vertex 114.43 3.06866 4
      vertex 115.075 3.38686 4
    endloop
  endfacet
  facet normal 0.98088 -0.194614 0
    outer loop
      vertex 117.638 6.72649 46
      vertex 117.778 7.43211 4
      vertex 117.778 7.43211 46
    endloop
  endfacet
  facet normal 0.98088 -0.194614 0
    outer loop
      vertex 117.778 7.43211 4
      vertex 117.638 6.72649 46
      vertex 117.638 6.72649 4
    endloop
  endfacet
  facet normal -0.752086 0.659066 0
    outer loop
      vertex 105.562 11.4982 0.4
      vertex 106.036 12.0391 46
      vertex 106.036 12.0391 0.4
    endloop
  endfacet
  facet normal -0.752086 0.659066 0
    outer loop
      vertex 106.036 12.0391 46
      vertex 105.562 11.4982 0.4
      vertex 105.562 11.4982 46
    endloop
  endfacet
  facet normal 0.659232 0.751939 -0
    outer loop
      vertex 116.214 12.0391 0.4
      vertex 115.673 12.5134 46
      vertex 116.214 12.0391 46
    endloop
  endfacet
  facet normal 0.659232 0.751939 0
    outer loop
      vertex 115.673 12.5134 46
      vertex 116.214 12.0391 0.4
      vertex 115.673 12.5134 0.4
    endloop
  endfacet
  facet normal -0.321541 -0.946896 0
    outer loop
      vertex 107.82 3.06866 4
      vertex 108.501 2.83741 46
      vertex 107.82 3.06866 46
    endloop
  endfacet
  facet normal -0.321541 -0.946896 -0
    outer loop
      vertex 108.501 2.83741 46
      vertex 107.82 3.06866 4
      vertex 108.501 2.83741 4
    endloop
  endfacet
  facet normal -0.194914 0.98082 0
    outer loop
      vertex 109.207 13.6029 0.4
      vertex 108.501 13.4626 46
      vertex 109.207 13.6029 46
    endloop
  endfacet
  facet normal -0.194914 0.98082 0
    outer loop
      vertex 108.501 13.4626 46
      vertex 109.207 13.6029 0.4
      vertex 108.501 13.4626 0.4
    endloop
  endfacet
  facet normal -0.393251 0.588922 -0.706063
    outer loop
      vertex 106.82 12.1961 0
      vertex 106.577 12.5134 0.4
      vertex 107.375 12.5667 0
    endloop
  endfacet
  facet normal 0.138232 0.694346 -0.706241
    outer loop
      vertex 113.645 13.0762 0
      vertex 112.991 13.2064 0
      vertex 113.043 13.6029 0.4
    endloop
  endfacet
  facet normal -0.466857 0.53251 -0.706029
    outer loop
      vertex 106.82 12.1961 0
      vertex 106.036 12.0391 0.4
      vertex 106.577 12.5134 0.4
    endloop
  endfacet
  facet normal 0.0463356 0.706347 -0.706347
    outer loop
      vertex 113.043 13.6029 0.4
      vertex 112.325 13.25 0
      vertex 112.325 13.65 0.4
    endloop
  endfacet
  facet normal -0.636002 0.311641 -0.705962
    outer loop
      vertex 105.459 10.6 0
      vertex 105.335 10.8 0.2
      vertex 105.508 10.7 0
    endloop
  endfacet
  facet normal 0.065389 -0.99786 0
    outer loop
      vertex 112.325 2.65 4
      vertex 113.043 2.69705 46
      vertex 112.325 2.65 46
    endloop
  endfacet
  facet normal 0.065389 -0.99786 0
    outer loop
      vertex 113.043 2.69705 46
      vertex 112.325 2.65 4
      vertex 113.043 2.69705 4
    endloop
  endfacet
  facet normal -0.137952 0.694187 -0.706452
    outer loop
      vertex 108.605 13.0762 0
      vertex 108.501 13.4626 0.4
      vertex 109.207 13.6029 0.4
    endloop
  endfacet
  facet normal 0.313284 0.634848 -0.706272
    outer loop
      vertex 114.875 12.5667 0
      vertex 114.277 12.8618 0
      vertex 114.43 13.2313 0.4
    endloop
  endfacet
  facet normal -0.227602 0.670111 -0.706504
    outer loop
      vertex 108.605 13.0762 0
      vertex 107.82 13.2313 0.4
      vertex 108.501 13.4626 0.4
    endloop
  endfacet
  facet normal 0.636002 0.311641 -0.705962
    outer loop
      vertex 116.791 10.6 0
      vertex 116.742 10.7 0
      vertex 116.915 10.8 0.2
    endloop
  endfacet
  facet normal -0.53199 0.466751 -0.706492
    outer loop
      vertex 106.319 11.7562 0
      vertex 105.879 11.2547 0
      vertex 106.036 12.0391 0.4
    endloop
  endfacet
  facet normal 0.588746 0.394511 -0.705507
    outer loop
      vertex 116.371 11.2547 0
      vertex 117.021 11 0.4
      vertex 116.993 10.947 0.346997
    endloop
  endfacet
  facet normal 0.588713 0.3935 -0.706098
    outer loop
      vertex 117.021 11 0.4
      vertex 116.371 11.2547 0
      vertex 116.688 11.4982 0.4
    endloop
  endfacet
  facet normal -0.0462471 0.706435 -0.706266
    outer loop
      vertex 109.259 13.2064 0
      vertex 109.207 13.6029 0.4
      vertex 109.925 13.25 0
    endloop
  endfacet
  facet normal -0.313251 0.634782 -0.706347
    outer loop
      vertex 107.375 12.5667 0
      vertex 107.175 12.9131 0.4
      vertex 107.973 12.8618 0
    endloop
  endfacet
  facet normal -0.555694 -0.831387 0
    outer loop
      vertex 106.577 3.78656 4
      vertex 107.175 3.38686 46
      vertex 106.577 3.78656 46
    endloop
  endfacet
  facet normal -0.555694 -0.831387 -0
    outer loop
      vertex 107.175 3.38686 46
      vertex 106.577 3.78656 4
      vertex 107.175 3.38686 4
    endloop
  endfacet
  facet normal 0.137952 0.694187 -0.706452
    outer loop
      vertex 113.645 13.0762 0
      vertex 113.043 13.6029 0.4
      vertex 113.749 13.4626 0.4
    endloop
  endfacet
  facet normal 0.194914 0.98082 -0
    outer loop
      vertex 113.749 13.4626 0.4
      vertex 113.043 13.6029 46
      vertex 113.749 13.4626 46
    endloop
  endfacet
  facet normal 0.194914 0.98082 0
    outer loop
      vertex 113.043 13.6029 46
      vertex 113.749 13.4626 0.4
      vertex 113.043 13.6029 0.4
    endloop
  endfacet
  facet normal -0.466953 0.531811 -0.706493
    outer loop
      vertex 106.319 11.7562 0
      vertex 106.036 12.0391 0.4
      vertex 106.82 12.1961 0
    endloop
  endfacet
  facet normal 0.53199 0.466751 -0.706492
    outer loop
      vertex 116.371 11.2547 0
      vertex 115.931 11.7562 0
      vertex 116.214 12.0391 0.4
    endloop
  endfacet
  facet normal 0.532541 0.466675 -0.706127
    outer loop
      vertex 116.371 11.2547 0
      vertex 116.214 12.0391 0.4
      vertex 116.688 11.4982 0.4
    endloop
  endfacet
  facet normal 0.588677 0.393664 -0.706037
    outer loop
      vertex 116.742 10.7 0
      vertex 116.993 10.947 0.346997
      vertex 116.915 10.8 0.2
    endloop
  endfacet
  facet normal 0.588645 0.393703 -0.706042
    outer loop
      vertex 116.993 10.947 0.346997
      vertex 116.742 10.7 0
      vertex 116.371 11.2547 0
    endloop
  endfacet
  facet normal 0.393362 0.588518 -0.706338
    outer loop
      vertex 115.673 12.5134 0.4
      vertex 114.875 12.5667 0
      vertex 115.075 12.9131 0.4
    endloop
  endfacet
  facet normal 0.313178 0.634821 -0.706344
    outer loop
      vertex 114.875 12.5667 0
      vertex 114.43 13.2313 0.4
      vertex 115.075 12.9131 0.4
    endloop
  endfacet
  facet normal -0.659272 -0.751905 0
    outer loop
      vertex 106.036 4.26091 4
      vertex 106.577 3.78656 46
      vertex 106.036 4.26091 46
    endloop
  endfacet
  facet normal -0.659272 -0.751905 -0
    outer loop
      vertex 106.577 3.78656 46
      vertex 106.036 4.26091 4
      vertex 106.577 3.78656 4
    endloop
  endfacet
  facet normal 0.287349 0.957826 -0
    outer loop
      vertex 10.6 -7.37 0.41
      vertex 0 -4.18999 46
      vertex 10.6 -7.37 46
    endloop
  endfacet
  facet normal 0.287349 0.957826 0
    outer loop
      vertex 0 -4.18999 46
      vertex 10.6 -7.37 0.41
      vertex 0 -4.18999 0.41
    endloop
  endfacet
  facet normal -1 0 0
    outer loop
      vertex 10.6 -7.37 0.41
      vertex 10.6 7.37 46
      vertex 10.6 7.37 0.41
    endloop
  endfacet
  facet normal -1 -0 0
    outer loop
      vertex 10.6 7.37 46
      vertex 10.6 -7.37 0.41
      vertex 10.6 -7.37 46
    endloop
  endfacet
  facet normal 0.287349 -0.957826 0
    outer loop
      vertex 0 4.18999 0.41
      vertex 10.6 7.37 46
      vertex 0 4.18999 46
    endloop
  endfacet
  facet normal 0.287349 -0.957826 0
    outer loop
      vertex 10.6 7.37 46
      vertex 0 4.18999 0.41
      vertex 10.6 7.37 0.41
    endloop
  endfacet
  facet normal 0.206095 0.685727 -0.698071
    outer loop
      vertex 0 -4.18999 0.41
      vertex 0.4 -4.72759 0
      vertex 0 -4.20017 0.4
    endloop
  endfacet
  facet normal 0.205683 0.685605 -0.698313
    outer loop
      vertex 0.4 -4.72759 0
      vertex 0 -4.18999 0.41
      vertex 11 -7.90761 0
    endloop
  endfacet
  facet normal 0.20568 -0.685597 -0.698321
    outer loop
      vertex 11 7.90761 0
      vertex 10.6 7.37 0.41
      vertex 0 4.18999 0.41
    endloop
  endfacet
  facet normal -0.715782 0 -0.698324
    outer loop
      vertex 11 7.90761 0
      vertex 10.6 -7.37 0.41
      vertex 10.6 7.37 0.41
    endloop
  endfacet
  facet normal -0.715782 0 -0.698324
    outer loop
      vertex 10.6 -7.37 0.41
      vertex 11 7.90761 0
      vertex 11 -7.90761 0
    endloop
  endfacet
  facet normal 0.20568 0.685597 -0.698321
    outer loop
      vertex 10.6 -7.37 0.41
      vertex 11 -7.90761 0
      vertex 0 -4.18999 0.41
    endloop
  endfacet
  facet normal 0.205683 -0.685605 -0.698313
    outer loop
      vertex 0 4.18999 0.41
      vertex 0.4 4.72759 0
      vertex 11 7.90761 0
    endloop
  endfacet
  facet normal 0.206095 -0.685727 -0.698071
    outer loop
      vertex 0.4 4.72759 0
      vertex 0 4.18999 0.41
      vertex 0 4.20017 0.4
    endloop
  endfacet
  facet normal -0.287349 0.957826 0
    outer loop
      vertex 222.25 -4.18999 0.41
      vertex 211.65 -7.37 46
      vertex 222.25 -4.18999 46
    endloop
  endfacet
  facet normal -0.287349 0.957826 0
    outer loop
      vertex 211.65 -7.37 46
      vertex 222.25 -4.18999 0.41
      vertex 211.65 -7.37 0.41
    endloop
  endfacet
  facet normal 1 -0 0
    outer loop
      vertex 211.65 -7.37 46
      vertex 211.65 7.37 0.41
      vertex 211.65 7.37 46
    endloop
  endfacet
  facet normal 1 0 0
    outer loop
      vertex 211.65 7.37 0.41
      vertex 211.65 -7.37 46
      vertex 211.65 -7.37 0.41
    endloop
  endfacet
  facet normal -0.287349 -0.957826 0
    outer loop
      vertex 211.65 7.37 0.41
      vertex 222.25 4.18999 46
      vertex 211.65 7.37 46
    endloop
  endfacet
  facet normal -0.287349 -0.957826 -0
    outer loop
      vertex 222.25 4.18999 46
      vertex 211.65 7.37 0.41
      vertex 222.25 4.18999 0.41
    endloop
  endfacet
  facet normal -0.206095 0.685727 -0.698071
    outer loop
      vertex 221.85 -4.72759 0
      vertex 222.25 -4.18999 0.41
      vertex 222.25 -4.20017 0.4
    endloop
  endfacet
  facet normal -0.205683 0.685605 -0.698313
    outer loop
      vertex 222.25 -4.18999 0.41
      vertex 221.85 -4.72759 0
      vertex 211.25 -7.90761 0
    endloop
  endfacet
  facet normal -0.20568 -0.685597 -0.698321
    outer loop
      vertex 211.65 7.37 0.41
      vertex 211.25 7.90761 0
      vertex 222.25 4.18999 0.41
    endloop
  endfacet
  facet normal 0.715782 0 -0.698324
    outer loop
      vertex 211.65 -7.37 0.41
      vertex 211.25 7.90761 0
      vertex 211.65 7.37 0.41
    endloop
  endfacet
  facet normal 0.715782 0 -0.698324
    outer loop
      vertex 211.25 7.90761 0
      vertex 211.65 -7.37 0.41
      vertex 211.25 -7.90761 0
    endloop
  endfacet
  facet normal -0.20568 0.685597 -0.698321
    outer loop
      vertex 222.25 -4.18999 0.41
      vertex 211.25 -7.90761 0
      vertex 211.65 -7.37 0.41
    endloop
  endfacet
  facet normal -0.206095 -0.685727 -0.698071
    outer loop
      vertex 222.25 4.18999 0.41
      vertex 221.85 4.72759 0
      vertex 222.25 4.20017 0.4
    endloop
  endfacet
  facet normal -0.205683 -0.685605 -0.698313
    outer loop
      vertex 221.85 4.72759 0
      vertex 222.25 4.18999 0.41
      vertex 211.25 7.90761 0
    endloop
  endfacet
  facet normal -0.707107 0 -0.707107
    outer loop
      vertex 52.775 -11 19
      vertex 39.775 -8.3 32
      vertex 52.775 -8.3 19
    endloop
  endfacet
  facet normal -0.707107 -0 -0.707107
    outer loop
      vertex 39.775 -8.3 32
      vertex 52.775 -11 19
      vertex 39.775 -11 32
    endloop
  endfacet
  facet normal -0.707107 0 -0.707107
    outer loop
      vertex 52.775 8.3 19
      vertex 39.775 11 32
      vertex 52.775 11 19
    endloop
  endfacet
  facet normal -0.707107 -0 -0.707107
    outer loop
      vertex 39.775 11 32
      vertex 52.775 8.3 19
      vertex 39.775 8.3 32
    endloop
  endfacet
  facet normal 0 0 -1
    outer loop
      vertex 33.775 -11 32
      vertex 39.775 -8.3 32
      vertex 39.775 -11 32
    endloop
  endfacet
  facet normal -0 0 -1
    outer loop
      vertex 39.775 -8.3 32
      vertex 33.775 -11 32
      vertex 33.775 -8.3 32
    endloop
  endfacet
  facet normal 0 0 -1
    outer loop
      vertex 33.775 8.3 32
      vertex 39.775 11 32
      vertex 39.775 8.3 32
    endloop
  endfacet
  facet normal -0 0 -1
    outer loop
      vertex 39.775 11 32
      vertex 33.775 8.3 32
      vertex 33.775 11 32
    endloop
  endfacet
  facet normal -0 0 1
    outer loop
      vertex 20.775 -8.3 5
      vertex 52.775 -11 5
      vertex 52.775 -8.3 5
    endloop
  endfacet
  facet normal 0 0 1
    outer loop
      vertex 52.775 -11 5
      vertex 20.775 -8.3 5
      vertex 20.775 -11 5
    endloop
  endfacet
  facet normal -0 0 1
    outer loop
      vertex 20.775 11 5
      vertex 52.775 8.3 5
      vertex 52.775 11 5
    endloop
  endfacet
  facet normal 0 0 1
    outer loop
      vertex 52.775 8.3 5
      vertex 20.775 11 5
      vertex 20.775 8.3 5
    endloop
  endfacet
  facet normal -1 0 0
    outer loop
      vertex 52.775 -11 5
      vertex 52.775 -8.3 19
      vertex 52.775 -8.3 5
    endloop
  endfacet
  facet normal -1 -0 0
    outer loop
      vertex 52.775 -8.3 19
      vertex 52.775 -11 5
      vertex 52.775 -11 19
    endloop
  endfacet
  facet normal -1 0 0
    outer loop
      vertex 52.775 8.3 5
      vertex 52.775 11 19
      vertex 52.775 11 5
    endloop
  endfacet
  facet normal -1 -0 0
    outer loop
      vertex 52.775 11 19
      vertex 52.775 8.3 5
      vertex 52.775 8.3 19
    endloop
  endfacet
  facet normal 0.707107 0 -0.707107
    outer loop
      vertex 20.775 -11 19
      vertex 33.775 -8.3 32
      vertex 33.775 -11 32
    endloop
  endfacet
  facet normal 0.707107 0 -0.707107
    outer loop
      vertex 33.775 -8.3 32
      vertex 20.775 -11 19
      vertex 20.775 -8.3 19
    endloop
  endfacet
  facet normal 0.707107 0 -0.707107
    outer loop
      vertex 20.775 8.3 19
      vertex 33.775 11 32
      vertex 33.775 8.3 32
    endloop
  endfacet
  facet normal 0.707107 0 -0.707107
    outer loop
      vertex 33.775 11 32
      vertex 20.775 8.3 19
      vertex 20.775 11 19
    endloop
  endfacet
  facet normal 1 -0 0
    outer loop
      vertex 20.775 -11 19
      vertex 20.775 -8.3 5
      vertex 20.775 -8.3 19
    endloop
  endfacet
  facet normal 1 0 0
    outer loop
      vertex 20.775 -8.3 5
      vertex 20.775 -11 19
      vertex 20.775 -11 5
    endloop
  endfacet
  facet normal 1 -0 0
    outer loop
      vertex 20.775 8.3 19
      vertex 20.775 11 5
      vertex 20.775 11 19
    endloop
  endfacet
  facet normal 1 0 0
    outer loop
      vertex 20.775 11 5
      vertex 20.775 8.3 19
      vertex 20.775 8.3 5
    endloop
  endfacet
  facet normal -1 0 0
    outer loop
      vertex 48.775 -6 0
      vertex 48.775 6 4
      vertex 48.775 6 0
    endloop
  endfacet
  facet normal -1 -0 0
    outer loop
      vertex 48.775 6 4
      vertex 48.775 -6 0
      vertex 48.775 -6 4
    endloop
  endfacet
  facet normal 1 -0 0
    outer loop
      vertex 24.775 -6 4
      vertex 24.775 6 0
      vertex 24.775 6 4
    endloop
  endfacet
  facet normal 1 0 0
    outer loop
      vertex 24.775 6 0
      vertex 24.775 -6 4
      vertex 24.775 -6 0
    endloop
  endfacet
  facet normal 0 -1 0
    outer loop
      vertex 24.775 6 0
      vertex 48.775 6 4
      vertex 24.775 6 4
    endloop
  endfacet
  facet normal 0 -1 -0
    outer loop
      vertex 48.775 6 4
      vertex 24.775 6 0
      vertex 48.775 6 0
    endloop
  endfacet
  facet normal 0 1 -0
    outer loop
      vertex 48.775 -6 0
      vertex 24.775 -6 4
      vertex 48.775 -6 4
    endloop
  endfacet
  facet normal 0 1 0
    outer loop
      vertex 24.775 -6 4
      vertex 48.775 -6 0
      vertex 24.775 -6 0
    endloop
  endfacet
  facet normal -0.707107 0 -0.707107
    outer loop
      vertex 91.95 -11 19
      vertex 78.95 -8.3 32
      vertex 91.95 -8.3 19
    endloop
  endfacet
  facet normal -0.707107 -0 -0.707107
    outer loop
      vertex 78.95 -8.3 32
      vertex 91.95 -11 19
      vertex 78.95 -11 32
    endloop
  endfacet
  facet normal -0.707107 0 -0.707107
    outer loop
      vertex 91.95 8.3 19
      vertex 78.95 11 32
      vertex 91.95 11 19
    endloop
  endfacet
  facet normal -0.707107 -0 -0.707107
    outer loop
      vertex 78.95 11 32
      vertex 91.95 8.3 19
      vertex 78.95 8.3 32
    endloop
  endfacet
  facet normal 0 0 -1
    outer loop
      vertex 72.95 -11 32
      vertex 78.95 -8.3 32
      vertex 78.95 -11 32
    endloop
  endfacet
  facet normal -0 0 -1
    outer loop
      vertex 78.95 -8.3 32
      vertex 72.95 -11 32
      vertex 72.95 -8.3 32
    endloop
  endfacet
  facet normal 0 0 -1
    outer loop
      vertex 72.95 8.3 32
      vertex 78.95 11 32
      vertex 78.95 8.3 32
    endloop
  endfacet
  facet normal -0 0 -1
    outer loop
      vertex 78.95 11 32
      vertex 72.95 8.3 32
      vertex 72.95 11 32
    endloop
  endfacet
  facet normal 0 0 1
    outer loop
      vertex 74.025 20.5 5
      vertex 76.625 20.5 5
      vertex 76.5758 21.1257 5
    endloop
  endfacet
  facet normal 0 0 1
    outer loop
      vertex 73.9773 20.8623 5
      vertex 76.5758 21.1257 5
      vertex 76.4292 21.7361 5
    endloop
  endfacet
  facet normal 0 0 1
    outer loop
      vertex 76.625 20.5 5
      vertex 74.025 20.5 5
      vertex 76.5758 19.8743 5
    endloop
  endfacet
  facet normal 0 0 1
    outer loop
      vertex 73.9773 20.8623 5
      vertex 76.4292 21.7361 5
      vertex 76.189 22.316 5
    endloop
  endfacet
  facet normal -0 0 1
    outer loop
      vertex 73.9773 20.1377 5
      vertex 76.5758 19.8743 5
      vertex 74.025 20.5 5
    endloop
  endfacet
  facet normal 0 0 1
    outer loop
      vertex 73.8374 21.2 5
      vertex 76.189 22.316 5
      vertex 75.8611 22.8511 5
    endloop
  endfacet
  facet normal 0 0 1
    outer loop
      vertex 76.5758 19.8743 5
      vertex 73.9773 20.1377 5
      vertex 76.4292 19.2639 5
    endloop
  endfacet
  facet normal 0 0 1
    outer loop
      vertex 73.615 21.4899 5
      vertex 75.8611 22.8511 5
      vertex 75.4534 23.3284 5
    endloop
  endfacet
  facet normal 0 0 1
    outer loop
      vertex 76.4292 19.2639 5
      vertex 73.9773 20.1377 5
      vertex 76.189 18.684 5
    endloop
  endfacet
  facet normal 0 0 1
    outer loop
      vertex 73.615 21.4899 5
      vertex 75.4534 23.3284 5
      vertex 74.9761 23.7361 5
    endloop
  endfacet
  facet normal -0 0 1
    outer loop
      vertex 73.8374 19.8 5
      vertex 76.189 18.684 5
      vertex 73.9773 20.1377 5
    endloop
  endfacet
  facet normal 0 0 1
    outer loop
      vertex 73.325 21.7124 5
      vertex 74.9761 23.7361 5
      vertex 74.441 24.064 5
    endloop
  endfacet
  facet normal 0 0 1
    outer loop
      vertex 76.189 18.684 5
      vertex 73.8374 19.8 5
      vertex 75.8611 18.1489 5
    endloop
  endfacet
  facet normal -0 0 1
    outer loop
      vertex 73.615 19.5101 5
      vertex 75.8611 18.1489 5
      vertex 73.8374 19.8 5
    endloop
  endfacet
  facet normal 0 0 1
    outer loop
      vertex 76.5758 21.1257 5
      vertex 73.9773 20.8623 5
      vertex 74.025 20.5 5
    endloop
  endfacet
  facet normal 0 0 1
    outer loop
      vertex 73.325 21.7124 5
      vertex 74.441 24.064 5
      vertex 73.8611 24.3042 5
    endloop
  endfacet
  facet normal 0 0 1
    outer loop
      vertex 76.189 22.316 5
      vertex 73.8374 21.2 5
      vertex 73.9773 20.8623 5
    endloop
  endfacet
  facet normal 0 0 1
    outer loop
      vertex 75.8611 22.8511 5
      vertex 73.615 21.4899 5
      vertex 73.8374 21.2 5
    endloop
  endfacet
  facet normal 0 0 1
    outer loop
      vertex 74.9761 23.7361 5
      vertex 73.325 21.7124 5
      vertex 73.615 21.4899 5
    endloop
  endfacet
  facet normal 0 0 1
    outer loop
      vertex 72.9874 21.8523 5
      vertex 73.8611 24.3042 5
      vertex 73.2507 24.4508 5
    endloop
  endfacet
  facet normal 0 0 1
    outer loop
      vertex 73.8611 24.3042 5
      vertex 72.9874 21.8523 5
      vertex 73.325 21.7124 5
    endloop
  endfacet
  facet normal 0 0 1
    outer loop
      vertex 72.625 21.9 5
      vertex 73.2507 24.4508 5
      vertex 72.625 24.5 5
    endloop
  endfacet
  facet normal 0 0 1
    outer loop
      vertex 73.2507 24.4508 5
      vertex 72.625 21.9 5
      vertex 72.9874 21.8523 5
    endloop
  endfacet
  facet normal -0 0 1
    outer loop
      vertex 71.9993 24.4508 5
      vertex 72.625 21.9 5
      vertex 72.625 24.5 5
    endloop
  endfacet
  facet normal 0 0 1
    outer loop
      vertex 72.625 21.9 5
      vertex 71.9993 24.4508 5
      vertex 72.2627 21.8523 5
    endloop
  endfacet
  facet normal -0 0 1
    outer loop
      vertex 71.3889 24.3042 5
      vertex 72.2627 21.8523 5
      vertex 71.9993 24.4508 5
    endloop
  endfacet
  facet normal 0 0 1
    outer loop
      vertex 72.2627 21.8523 5
      vertex 71.3889 24.3042 5
      vertex 71.925 21.7124 5
    endloop
  endfacet
  facet normal -0 0 1
    outer loop
      vertex 70.809 24.064 5
      vertex 71.925 21.7124 5
      vertex 71.3889 24.3042 5
    endloop
  endfacet
  facet normal -0 0 1
    outer loop
      vertex 70.2739 23.7361 5
      vertex 71.925 21.7124 5
      vertex 70.809 24.064 5
    endloop
  endfacet
  facet normal 0 0 1
    outer loop
      vertex 71.925 21.7124 5
      vertex 70.2739 23.7361 5
      vertex 71.635 21.4899 5
    endloop
  endfacet
  facet normal -0 0 1
    outer loop
      vertex 69.7966 23.3284 5
      vertex 71.635 21.4899 5
      vertex 70.2739 23.7361 5
    endloop
  endfacet
  facet normal -0 0 1
    outer loop
      vertex 69.3889 22.8511 5
      vertex 71.635 21.4899 5
      vertex 69.7966 23.3284 5
    endloop
  endfacet
  facet normal 0 0 1
    outer loop
      vertex 75.8611 18.1489 5
      vertex 73.615 19.5101 5
      vertex 75.4534 17.6716 5
    endloop
  endfacet
  facet normal 0 0 1
    outer loop
      vertex 75.4534 17.6716 5
      vertex 73.615 19.5101 5
      vertex 74.9761 17.2639 5
    endloop
  endfacet
  facet normal -0 0 1
    outer loop
      vertex 73.325 19.2876 5
      vertex 74.9761 17.2639 5
      vertex 73.615 19.5101 5
    endloop
  endfacet
  facet normal 0 0 1
    outer loop
      vertex 74.9761 17.2639 5
      vertex 73.325 19.2876 5
      vertex 74.441 16.936 5
    endloop
  endfacet
  facet normal 0 0 1
    outer loop
      vertex 74.441 16.936 5
      vertex 73.325 19.2876 5
      vertex 73.8611 16.6958 5
    endloop
  endfacet
  facet normal -0 0 1
    outer loop
      vertex 72.9874 19.1477 5
      vertex 73.8611 16.6958 5
      vertex 73.325 19.2876 5
    endloop
  endfacet
  facet normal 0 0 1
    outer loop
      vertex 73.8611 16.6958 5
      vertex 72.9874 19.1477 5
      vertex 73.2507 16.5492 5
    endloop
  endfacet
  facet normal -0 0 1
    outer loop
      vertex 72.625 19.1 5
      vertex 73.2507 16.5492 5
      vertex 72.9874 19.1477 5
    endloop
  endfacet
  facet normal 0 0 1
    outer loop
      vertex 72.625 19.1 5
      vertex 72.625 16.5 5
      vertex 73.2507 16.5492 5
    endloop
  endfacet
  facet normal 0 0 1
    outer loop
      vertex 71.9993 16.5492 5
      vertex 72.625 19.1 5
      vertex 72.2627 19.1477 5
    endloop
  endfacet
  facet normal 0 0 1
    outer loop
      vertex 72.625 19.1 5
      vertex 71.9993 16.5492 5
      vertex 72.625 16.5 5
    endloop
  endfacet
  facet normal 0 0 1
    outer loop
      vertex 71.3889 16.6958 5
      vertex 72.2627 19.1477 5
      vertex 71.925 19.2876 5
    endloop
  endfacet
  facet normal 0 0 1
    outer loop
      vertex 70.2739 17.2639 5
      vertex 71.925 19.2876 5
      vertex 71.635 19.5101 5
    endloop
  endfacet
  facet normal 0 0 1
    outer loop
      vertex 69.3889 18.1489 5
      vertex 71.635 19.5101 5
      vertex 71.4126 19.8 5
    endloop
  endfacet
  facet normal 0 0 1
    outer loop
      vertex 72.2627 19.1477 5
      vertex 71.3889 16.6958 5
      vertex 71.9993 16.5492 5
    endloop
  endfacet
  facet normal 0 0 1
    outer loop
      vertex 69.061 18.684 5
      vertex 71.4126 19.8 5
      vertex 71.2727 20.1377 5
    endloop
  endfacet
  facet normal 0 0 1
    outer loop
      vertex 68.6742 19.8743 5
      vertex 71.2727 20.1377 5
      vertex 71.225 20.5 5
    endloop
  endfacet
  facet normal 0 0 1
    outer loop
      vertex 71.635 21.4899 5
      vertex 69.3889 22.8511 5
      vertex 71.4126 21.2 5
    endloop
  endfacet
  facet normal 0 0 1
    outer loop
      vertex 71.925 19.2876 5
      vertex 70.809 16.936 5
      vertex 71.3889 16.6958 5
    endloop
  endfacet
  facet normal -0 0 1
    outer loop
      vertex 69.061 22.316 5
      vertex 71.4126 21.2 5
      vertex 69.3889 22.8511 5
    endloop
  endfacet
  facet normal 0 0 1
    outer loop
      vertex 71.925 19.2876 5
      vertex 70.2739 17.2639 5
      vertex 70.809 16.936 5
    endloop
  endfacet
  facet normal 0 0 1
    outer loop
      vertex 71.4126 21.2 5
      vertex 69.061 22.316 5
      vertex 71.2727 20.8623 5
    endloop
  endfacet
  facet normal 0 0 1
    outer loop
      vertex 71.635 19.5101 5
      vertex 69.7966 17.6716 5
      vertex 70.2739 17.2639 5
    endloop
  endfacet
  facet normal -0 0 1
    outer loop
      vertex 68.8208 21.7361 5
      vertex 71.2727 20.8623 5
      vertex 69.061 22.316 5
    endloop
  endfacet
  facet normal 0 0 1
    outer loop
      vertex 71.635 19.5101 5
      vertex 69.3889 18.1489 5
      vertex 69.7966 17.6716 5
    endloop
  endfacet
  facet normal -0 0 1
    outer loop
      vertex 68.6742 21.1257 5
      vertex 71.2727 20.8623 5
      vertex 68.8208 21.7361 5
    endloop
  endfacet
  facet normal 0 0 1
    outer loop
      vertex 71.4126 19.8 5
      vertex 69.061 18.684 5
      vertex 69.3889 18.1489 5
    endloop
  endfacet
  facet normal 0 0 1
    outer loop
      vertex 71.2727 20.8623 5
      vertex 68.6742 21.1257 5
      vertex 71.225 20.5 5
    endloop
  endfacet
  facet normal 0 0 1
    outer loop
      vertex 71.2727 20.1377 5
      vertex 68.8208 19.2639 5
      vertex 69.061 18.684 5
    endloop
  endfacet
  facet normal 0 0 1
    outer loop
      vertex 68.625 20.5 5
      vertex 71.225 20.5 5
      vertex 68.6742 21.1257 5
    endloop
  endfacet
  facet normal 0 0 1
    outer loop
      vertex 71.2727 20.1377 5
      vertex 68.6742 19.8743 5
      vertex 68.8208 19.2639 5
    endloop
  endfacet
  facet normal 0 0 1
    outer loop
      vertex 71.225 20.5 5
      vertex 68.625 20.5 5
      vertex 68.6742 19.8743 5
    endloop
  endfacet
  facet normal -0 0 1
    outer loop
      vertex 59.95 -8.3 5
      vertex 91.95 -11 5
      vertex 91.95 -8.3 5
    endloop
  endfacet
  facet normal 0 0 1
    outer loop
      vertex 91.95 -11 5
      vertex 59.95 -8.3 5
      vertex 59.95 -11 5
    endloop
  endfacet
  facet normal -0 0 1
    outer loop
      vertex 59.95 11 5
      vertex 91.95 8.3 5
      vertex 91.95 11 5
    endloop
  endfacet
  facet normal 0 0 1
    outer loop
      vertex 91.95 8.3 5
      vertex 59.95 11 5
      vertex 59.95 8.3 5
    endloop
  endfacet
  facet normal -1 0 0
    outer loop
      vertex 91.95 -11 5
      vertex 91.95 -8.3 19
      vertex 91.95 -8.3 5
    endloop
  endfacet
  facet normal -1 -0 0
    outer loop
      vertex 91.95 -8.3 19
      vertex 91.95 -11 5
      vertex 91.95 -11 19
    endloop
  endfacet
  facet normal -1 0 0
    outer loop
      vertex 91.95 8.3 5
      vertex 91.95 11 19
      vertex 91.95 11 5
    endloop
  endfacet
  facet normal -1 -0 0
    outer loop
      vertex 91.95 11 19
      vertex 91.95 8.3 5
      vertex 91.95 8.3 19
    endloop
  endfacet
  facet normal 0.707107 0 -0.707107
    outer loop
      vertex 72.95 -11 32
      vertex 59.95 -8.3 19
      vertex 72.95 -8.3 32
    endloop
  endfacet
  facet normal 0.707107 0 -0.707107
    outer loop
      vertex 59.95 -8.3 19
      vertex 72.95 -11 32
      vertex 59.95 -11 19
    endloop
  endfacet
  facet normal 0.707107 0 -0.707107
    outer loop
      vertex 72.95 8.3 32
      vertex 59.95 11 19
      vertex 72.95 11 32
    endloop
  endfacet
  facet normal 0.707107 0 -0.707107
    outer loop
      vertex 59.95 11 19
      vertex 72.95 8.3 32
      vertex 59.95 8.3 19
    endloop
  endfacet
  facet normal 1 -0 0
    outer loop
      vertex 59.95 -11 19
      vertex 59.95 -8.3 5
      vertex 59.95 -8.3 19
    endloop
  endfacet
  facet normal 1 0 0
    outer loop
      vertex 59.95 -8.3 5
      vertex 59.95 -11 19
      vertex 59.95 -11 5
    endloop
  endfacet
  facet normal 1 -0 0
    outer loop
      vertex 59.95 8.3 19
      vertex 59.95 11 5
      vertex 59.95 11 19
    endloop
  endfacet
  facet normal 1 0 0
    outer loop
      vertex 59.95 11 5
      vertex 59.95 8.3 19
      vertex 59.95 8.3 5
    endloop
  endfacet
  facet normal -1 0 0
    outer loop
      vertex 87.95 -6 0
      vertex 87.95 6 4
      vertex 87.95 6 0
    endloop
  endfacet
  facet normal -1 -0 0
    outer loop
      vertex 87.95 6 4
      vertex 87.95 -6 0
      vertex 87.95 -6 4
    endloop
  endfacet
  facet normal 1 -0 0
    outer loop
      vertex 63.95 -6 4
      vertex 63.95 6 0
      vertex 63.95 6 4
    endloop
  endfacet
  facet normal 1 0 0
    outer loop
      vertex 63.95 6 0
      vertex 63.95 -6 4
      vertex 63.95 -6 0
    endloop
  endfacet
  facet normal 0 -1 0
    outer loop
      vertex 63.95 6 0
      vertex 87.95 6 4
      vertex 63.95 6 4
    endloop
  endfacet
  facet normal 0 -1 -0
    outer loop
      vertex 87.95 6 4
      vertex 63.95 6 0
      vertex 87.95 6 0
    endloop
  endfacet
  facet normal 0 1 -0
    outer loop
      vertex 87.95 -6 0
      vertex 63.95 -6 4
      vertex 87.95 -6 4
    endloop
  endfacet
  facet normal 0 1 0
    outer loop
      vertex 63.95 -6 4
      vertex 87.95 -6 0
      vertex 63.95 -6 0
    endloop
  endfacet
  facet normal -0.707107 0 -0.707107
    outer loop
      vertex 162.3 -11 19
      vertex 149.3 -8.3 32
      vertex 162.3 -8.3 19
    endloop
  endfacet
  facet normal -0.707107 -0 -0.707107
    outer loop
      vertex 149.3 -8.3 32
      vertex 162.3 -11 19
      vertex 149.3 -11 32
    endloop
  endfacet
  facet normal -0.707107 0 -0.707107
    outer loop
      vertex 162.3 8.3 19
      vertex 149.3 11 32
      vertex 162.3 11 19
    endloop
  endfacet
  facet normal -0.707107 -0 -0.707107
    outer loop
      vertex 149.3 11 32
      vertex 162.3 8.3 19
      vertex 149.3 8.3 32
    endloop
  endfacet
  facet normal 0 0 -1
    outer loop
      vertex 143.3 -11 32
      vertex 149.3 -8.3 32
      vertex 149.3 -11 32
    endloop
  endfacet
  facet normal -0 0 -1
    outer loop
      vertex 149.3 -8.3 32
      vertex 143.3 -11 32
      vertex 143.3 -8.3 32
    endloop
  endfacet
  facet normal 0 0 -1
    outer loop
      vertex 143.3 8.3 32
      vertex 149.3 11 32
      vertex 149.3 8.3 32
    endloop
  endfacet
  facet normal -0 0 -1
    outer loop
      vertex 149.3 11 32
      vertex 143.3 8.3 32
      vertex 143.3 11 32
    endloop
  endfacet
  facet normal -0 0 1
    outer loop
      vertex 130.3 -8.3 5
      vertex 162.3 -11 5
      vertex 162.3 -8.3 5
    endloop
  endfacet
  facet normal 0 0 1
    outer loop
      vertex 162.3 -11 5
      vertex 130.3 -8.3 5
      vertex 130.3 -11 5
    endloop
  endfacet
  facet normal -0 0 1
    outer loop
      vertex 130.3 11 5
      vertex 162.3 8.3 5
      vertex 162.3 11 5
    endloop
  endfacet
  facet normal 0 0 1
    outer loop
      vertex 162.3 8.3 5
      vertex 130.3 11 5
      vertex 130.3 8.3 5
    endloop
  endfacet
  facet normal -1 0 0
    outer loop
      vertex 162.3 -11 5
      vertex 162.3 -8.3 19
      vertex 162.3 -8.3 5
    endloop
  endfacet
  facet normal -1 -0 0
    outer loop
      vertex 162.3 -8.3 19
      vertex 162.3 -11 5
      vertex 162.3 -11 19
    endloop
  endfacet
  facet normal -1 0 0
    outer loop
      vertex 162.3 8.3 5
      vertex 162.3 11 19
      vertex 162.3 11 5
    endloop
  endfacet
  facet normal -1 -0 0
    outer loop
      vertex 162.3 11 19
      vertex 162.3 8.3 5
      vertex 162.3 8.3 19
    endloop
  endfacet
  facet normal 0.707107 0 -0.707107
    outer loop
      vertex 143.3 -11 32
      vertex 130.3 -8.3 19
      vertex 143.3 -8.3 32
    endloop
  endfacet
  facet normal 0.707107 0 -0.707107
    outer loop
      vertex 130.3 -8.3 19
      vertex 143.3 -11 32
      vertex 130.3 -11 19
    endloop
  endfacet
  facet normal 0.707107 0 -0.707107
    outer loop
      vertex 143.3 8.3 32
      vertex 130.3 11 19
      vertex 143.3 11 32
    endloop
  endfacet
  facet normal 0.707107 0 -0.707107
    outer loop
      vertex 130.3 11 19
      vertex 143.3 8.3 32
      vertex 130.3 8.3 19
    endloop
  endfacet
  facet normal 1 -0 0
    outer loop
      vertex 130.3 -11 19
      vertex 130.3 -8.3 5
      vertex 130.3 -8.3 19
    endloop
  endfacet
  facet normal 1 0 0
    outer loop
      vertex 130.3 -8.3 5
      vertex 130.3 -11 19
      vertex 130.3 -11 5
    endloop
  endfacet
  facet normal 1 -0 0
    outer loop
      vertex 130.3 8.3 19
      vertex 130.3 11 5
      vertex 130.3 11 19
    endloop
  endfacet
  facet normal 1 0 0
    outer loop
      vertex 130.3 11 5
      vertex 130.3 8.3 19
      vertex 130.3 8.3 5
    endloop
  endfacet
  facet normal -1 0 0
    outer loop
      vertex 158.3 -6 0
      vertex 158.3 6 4
      vertex 158.3 6 0
    endloop
  endfacet
  facet normal -1 -0 0
    outer loop
      vertex 158.3 6 4
      vertex 158.3 -6 0
      vertex 158.3 -6 4
    endloop
  endfacet
  facet normal 1 -0 0
    outer loop
      vertex 134.3 -6 4
      vertex 134.3 6 0
      vertex 134.3 6 4
    endloop
  endfacet
  facet normal 1 0 0
    outer loop
      vertex 134.3 6 0
      vertex 134.3 -6 4
      vertex 134.3 -6 0
    endloop
  endfacet
  facet normal 0 -1 0
    outer loop
      vertex 134.3 6 0
      vertex 158.3 6 4
      vertex 134.3 6 4
    endloop
  endfacet
  facet normal 0 -1 -0
    outer loop
      vertex 158.3 6 4
      vertex 134.3 6 0
      vertex 158.3 6 0
    endloop
  endfacet
  facet normal 0 1 -0
    outer loop
      vertex 158.3 -6 0
      vertex 134.3 -6 4
      vertex 158.3 -6 4
    endloop
  endfacet
  facet normal 0 1 0
    outer loop
      vertex 134.3 -6 4
      vertex 158.3 -6 0
      vertex 134.3 -6 0
    endloop
  endfacet
  facet normal -0.707107 0 -0.707107
    outer loop
      vertex 201.475 -11 19
      vertex 188.475 -8.3 32
      vertex 201.475 -8.3 19
    endloop
  endfacet
  facet normal -0.707107 -0 -0.707107
    outer loop
      vertex 188.475 -8.3 32
      vertex 201.475 -11 19
      vertex 188.475 -11 32
    endloop
  endfacet
  facet normal -0.707107 0 -0.707107
    outer loop
      vertex 201.475 8.3 19
      vertex 188.475 11 32
      vertex 201.475 11 19
    endloop
  endfacet
  facet normal -0.707107 -0 -0.707107
    outer loop
      vertex 188.475 11 32
      vertex 201.475 8.3 19
      vertex 188.475 8.3 32
    endloop
  endfacet
  facet normal 0 0 -1
    outer loop
      vertex 182.475 -11 32
      vertex 188.475 -8.3 32
      vertex 188.475 -11 32
    endloop
  endfacet
  facet normal -0 0 -1
    outer loop
      vertex 188.475 -8.3 32
      vertex 182.475 -11 32
      vertex 182.475 -8.3 32
    endloop
  endfacet
  facet normal 0 0 -1
    outer loop
      vertex 182.475 8.3 32
      vertex 188.475 11 32
      vertex 188.475 8.3 32
    endloop
  endfacet
  facet normal -0 0 -1
    outer loop
      vertex 188.475 11 32
      vertex 182.475 8.3 32
      vertex 182.475 11 32
    endloop
  endfacet
  facet normal -0 0 1
    outer loop
      vertex 169.475 -8.3 5
      vertex 201.475 -11 5
      vertex 201.475 -8.3 5
    endloop
  endfacet
  facet normal 0 0 1
    outer loop
      vertex 201.475 -11 5
      vertex 169.475 -8.3 5
      vertex 169.475 -11 5
    endloop
  endfacet
  facet normal -0 0 1
    outer loop
      vertex 169.475 11 5
      vertex 201.475 8.3 5
      vertex 201.475 11 5
    endloop
  endfacet
  facet normal 0 0 1
    outer loop
      vertex 201.475 8.3 5
      vertex 169.475 11 5
      vertex 169.475 8.3 5
    endloop
  endfacet
  facet normal -1 0 0
    outer loop
      vertex 201.475 -11 5
      vertex 201.475 -8.3 19
      vertex 201.475 -8.3 5
    endloop
  endfacet
  facet normal -1 -0 0
    outer loop
      vertex 201.475 -8.3 19
      vertex 201.475 -11 5
      vertex 201.475 -11 19
    endloop
  endfacet
  facet normal -1 0 0
    outer loop
      vertex 201.475 8.3 5
      vertex 201.475 11 19
      vertex 201.475 11 5
    endloop
  endfacet
  facet normal -1 -0 0
    outer loop
      vertex 201.475 11 19
      vertex 201.475 8.3 5
      vertex 201.475 8.3 19
    endloop
  endfacet
  facet normal 0.707107 0 -0.707107
    outer loop
      vertex 182.475 -11 32
      vertex 169.475 -8.3 19
      vertex 182.475 -8.3 32
    endloop
  endfacet
  facet normal 0.707107 0 -0.707107
    outer loop
      vertex 169.475 -8.3 19
      vertex 182.475 -11 32
      vertex 169.475 -11 19
    endloop
  endfacet
  facet normal 0.707107 0 -0.707107
    outer loop
      vertex 182.475 8.3 32
      vertex 169.475 11 19
      vertex 182.475 11 32
    endloop
  endfacet
  facet normal 0.707107 0 -0.707107
    outer loop
      vertex 169.475 11 19
      vertex 182.475 8.3 32
      vertex 169.475 8.3 19
    endloop
  endfacet
  facet normal 1 -0 0
    outer loop
      vertex 169.475 -11 19
      vertex 169.475 -8.3 5
      vertex 169.475 -8.3 19
    endloop
  endfacet
  facet normal 1 0 0
    outer loop
      vertex 169.475 -8.3 5
      vertex 169.475 -11 19
      vertex 169.475 -11 5
    endloop
  endfacet
  facet normal 1 -0 0
    outer loop
      vertex 169.475 8.3 19
      vertex 169.475 11 5
      vertex 169.475 11 19
    endloop
  endfacet
  facet normal 1 0 0
    outer loop
      vertex 169.475 11 5
      vertex 169.475 8.3 19
      vertex 169.475 8.3 5
    endloop
  endfacet
  facet normal -1 0 0
    outer loop
      vertex 197.475 -6 0
      vertex 197.475 6 4
      vertex 197.475 6 0
    endloop
  endfacet
  facet normal -1 -0 0
    outer loop
      vertex 197.475 6 4
      vertex 197.475 -6 0
      vertex 197.475 -6 4
    endloop
  endfacet
  facet normal 1 -0 0
    outer loop
      vertex 173.475 -6 4
      vertex 173.475 6 0
      vertex 173.475 6 4
    endloop
  endfacet
  facet normal 1 0 0
    outer loop
      vertex 173.475 6 0
      vertex 173.475 -6 4
      vertex 173.475 -6 0
    endloop
  endfacet
  facet normal 0 -1 0
    outer loop
      vertex 173.475 6 0
      vertex 197.475 6 4
      vertex 173.475 6 4
    endloop
  endfacet
  facet normal 0 -1 -0
    outer loop
      vertex 197.475 6 4
      vertex 173.475 6 0
      vertex 197.475 6 0
    endloop
  endfacet
  facet normal 0 1 -0
    outer loop
      vertex 197.475 -6 0
      vertex 173.475 -6 4
      vertex 197.475 -6 4
    endloop
  endfacet
  facet normal 0 1 0
    outer loop
      vertex 173.475 -6 4
      vertex 197.475 -6 0
      vertex 173.475 -6 0
    endloop
  endfacet
  facet normal 0.980879 0.194619 0
    outer loop
      vertex 108.331 7.72295 18.45
      vertex 108.289 7.93463 0
      vertex 108.289 7.93463 18.45
    endloop
  endfacet
  facet normal 0.980879 0.194619 0
    outer loop
      vertex 108.289 7.93463 0
      vertex 108.331 7.72295 18.45
      vertex 108.331 7.72295 0
    endloop
  endfacet
  facet normal -0.752545 0.658541 0
    outer loop
      vertex 113.492 6.98327 0
      vertex 113.634 7.14554 18.45
      vertex 113.634 7.14554 0
    endloop
  endfacet
  facet normal -0.752545 0.658541 0
    outer loop
      vertex 113.634 7.14554 18.45
      vertex 113.492 6.98327 0
      vertex 113.492 6.98327 18.45
    endloop
  endfacet
  facet normal 0.752545 -0.658541 0
    outer loop
      vertex 108.616 9.15446 18.45
      vertex 108.758 9.31673 0
      vertex 108.758 9.31673 18.45
    endloop
  endfacet
  facet normal 0.752545 -0.658541 0
    outer loop
      vertex 108.758 9.31673 0
      vertex 108.616 9.15446 18.45
      vertex 108.616 9.15446 0
    endloop
  endfacet
  facet normal -0.94605 0.324021 0
    outer loop
      vertex 113.849 7.51857 0
      vertex 113.919 7.72295 18.45
      vertex 113.919 7.72295 0
    endloop
  endfacet
  facet normal -0.94605 0.324021 0
    outer loop
      vertex 113.919 7.72295 18.45
      vertex 113.849 7.51857 0
      vertex 113.849 7.51857 18.45
    endloop
  endfacet
  facet normal 0.83128 0.555854 0
    outer loop
      vertex 108.616 7.14554 18.45
      vertex 108.496 7.325 0
      vertex 108.496 7.325 18.45
    endloop
  endfacet
  facet normal 0.83128 0.555854 0
    outer loop
      vertex 108.496 7.325 0
      vertex 108.616 7.14554 18.45
      vertex 108.616 7.14554 0
    endloop
  endfacet
  facet normal 0 1 -0
    outer loop
      vertex 112.325 6.5 0
      vertex 109.925 6.5 18.45
      vertex 112.325 6.5 18.45
    endloop
  endfacet
  facet normal 0 1 0
    outer loop
      vertex 109.925 6.5 18.45
      vertex 112.325 6.5 0
      vertex 109.925 6.5 0
    endloop
  endfacet
  facet normal -0.897714 0.440579 0
    outer loop
      vertex 113.754 7.325 0
      vertex 113.849 7.51857 18.45
      vertex 113.849 7.51857 0
    endloop
  endfacet
  facet normal -0.897714 0.440579 0
    outer loop
      vertex 113.849 7.51857 18.45
      vertex 113.754 7.325 0
      vertex 113.754 7.325 18.45
    endloop
  endfacet
  facet normal -0.0655332 -0.99785 0
    outer loop
      vertex 112.325 9.8 0
      vertex 112.54 9.78588 18.45
      vertex 112.325 9.8 18.45
    endloop
  endfacet
  facet normal -0.0655332 -0.99785 -0
    outer loop
      vertex 112.54 9.78588 18.45
      vertex 112.325 9.8 0
      vertex 112.54 9.78588 0
    endloop
  endfacet
  facet normal 0.94605 -0.324021 0
    outer loop
      vertex 108.331 8.57705 18.45
      vertex 108.401 8.78143 0
      vertex 108.401 8.78143 18.45
    endloop
  endfacet
  facet normal 0.94605 -0.324021 0
    outer loop
      vertex 108.401 8.78143 0
      vertex 108.331 8.57705 18.45
      vertex 108.331 8.57705 0
    endloop
  endfacet
  facet normal -0.556552 -0.830813 0
    outer loop
      vertex 113.15 9.57894 0
      vertex 113.329 9.45903 18.45
      vertex 113.15 9.57894 18.45
    endloop
  endfacet
  facet normal -0.556552 -0.830813 -0
    outer loop
      vertex 113.329 9.45903 18.45
      vertex 113.15 9.57894 0
      vertex 113.329 9.45903 0
    endloop
  endfacet
  facet normal -0.83128 -0.555854 0
    outer loop
      vertex 113.754 8.975 0
      vertex 113.634 9.15446 18.45
      vertex 113.634 9.15446 0
    endloop
  endfacet
  facet normal -0.83128 -0.555854 0
    outer loop
      vertex 113.634 9.15446 18.45
      vertex 113.754 8.975 0
      vertex 113.754 8.975 18.45
    endloop
  endfacet
  facet normal 0.897714 0.440579 0
    outer loop
      vertex 108.496 7.325 18.45
      vertex 108.401 7.51857 0
      vertex 108.401 7.51857 18.45
    endloop
  endfacet
  facet normal 0.897714 0.440579 0
    outer loop
      vertex 108.401 7.51857 0
      vertex 108.496 7.325 18.45
      vertex 108.496 7.325 0
    endloop
  endfacet
  facet normal 0.0655332 0.99785 -0
    outer loop
      vertex 109.925 6.5 0
      vertex 109.71 6.51412 18.45
      vertex 109.925 6.5 18.45
    endloop
  endfacet
  facet normal 0.0655332 0.99785 0
    outer loop
      vertex 109.71 6.51412 18.45
      vertex 109.925 6.5 0
      vertex 109.71 6.51412 0
    endloop
  endfacet
  facet normal 0.321986 -0.946744 0
    outer loop
      vertex 109.294 9.6744 0
      vertex 109.498 9.74378 18.45
      vertex 109.294 9.6744 18.45
    endloop
  endfacet
  facet normal 0.321986 -0.946744 0
    outer loop
      vertex 109.498 9.74378 18.45
      vertex 109.294 9.6744 0
      vertex 109.498 9.74378 0
    endloop
  endfacet
  facet normal 0.556552 0.830813 -0
    outer loop
      vertex 109.1 6.72106 0
      vertex 108.921 6.84097 18.45
      vertex 109.1 6.72106 18.45
    endloop
  endfacet
  facet normal 0.556552 0.830813 0
    outer loop
      vertex 108.921 6.84097 18.45
      vertex 109.1 6.72106 0
      vertex 108.921 6.84097 0
    endloop
  endfacet
  facet normal 0.441506 -0.897258 0
    outer loop
      vertex 109.1 9.57894 0
      vertex 109.294 9.6744 18.45
      vertex 109.1 9.57894 18.45
    endloop
  endfacet
  facet normal 0.441506 -0.897258 0
    outer loop
      vertex 109.294 9.6744 18.45
      vertex 109.1 9.57894 0
      vertex 109.294 9.6744 0
    endloop
  endfacet
  facet normal 0.0655332 -0.99785 0
    outer loop
      vertex 109.71 9.78588 0
      vertex 109.925 9.8 18.45
      vertex 109.71 9.78588 18.45
    endloop
  endfacet
  facet normal 0.0655332 -0.99785 0
    outer loop
      vertex 109.925 9.8 18.45
      vertex 109.71 9.78588 0
      vertex 109.925 9.8 0
    endloop
  endfacet
  facet normal 0 -1 0
    outer loop
      vertex 109.925 9.8 0
      vertex 112.325 9.8 18.45
      vertex 109.925 9.8 18.45
    endloop
  endfacet
  facet normal 0 -1 -0
    outer loop
      vertex 112.325 9.8 18.45
      vertex 109.925 9.8 0
      vertex 112.325 9.8 0
    endloop
  endfacet
  facet normal -0.83128 0.555854 0
    outer loop
      vertex 113.634 7.14554 0
      vertex 113.754 7.325 18.45
      vertex 113.754 7.325 0
    endloop
  endfacet
  facet normal -0.83128 0.555854 0
    outer loop
      vertex 113.754 7.325 18.45
      vertex 113.634 7.14554 0
      vertex 113.634 7.14554 18.45
    endloop
  endfacet
  facet normal -0.441506 -0.897258 0
    outer loop
      vertex 112.956 9.6744 0
      vertex 113.15 9.57894 18.45
      vertex 112.956 9.6744 18.45
    endloop
  endfacet
  facet normal -0.441506 -0.897258 -0
    outer loop
      vertex 113.15 9.57894 18.45
      vertex 112.956 9.6744 0
      vertex 113.15 9.57894 0
    endloop
  endfacet
  facet normal -0.556552 0.830813 0
    outer loop
      vertex 113.329 6.84097 0
      vertex 113.15 6.72106 18.45
      vertex 113.329 6.84097 18.45
    endloop
  endfacet
  facet normal -0.556552 0.830813 0
    outer loop
      vertex 113.15 6.72106 18.45
      vertex 113.329 6.84097 0
      vertex 113.15 6.72106 0
    endloop
  endfacet
  facet normal 0.556552 -0.830813 0
    outer loop
      vertex 108.921 9.45903 0
      vertex 109.1 9.57894 18.45
      vertex 108.921 9.45903 18.45
    endloop
  endfacet
  facet normal 0.556552 -0.830813 0
    outer loop
      vertex 109.1 9.57894 18.45
      vertex 108.921 9.45903 0
      vertex 109.1 9.57894 0
    endloop
  endfacet
  facet normal -0.997894 0.0648675 0
    outer loop
      vertex 113.961 7.93463 0
      vertex 113.975 8.15 18.45
      vertex 113.975 8.15 0
    endloop
  endfacet
  facet normal -0.997894 0.0648675 0
    outer loop
      vertex 113.975 8.15 18.45
      vertex 113.961 7.93463 0
      vertex 113.961 7.93463 18.45
    endloop
  endfacet
  facet normal -0.657653 0.753321 0
    outer loop
      vertex 113.492 6.98327 0
      vertex 113.329 6.84097 18.45
      vertex 113.492 6.98327 18.45
    endloop
  endfacet
  facet normal -0.657653 0.753321 0
    outer loop
      vertex 113.329 6.84097 18.45
      vertex 113.492 6.98327 0
      vertex 113.329 6.84097 0
    endloop
  endfacet
  facet normal -0.0655332 0.99785 0
    outer loop
      vertex 112.54 6.51412 0
      vertex 112.325 6.5 18.45
      vertex 112.54 6.51412 18.45
    endloop
  endfacet
  facet normal -0.0655332 0.99785 0
    outer loop
      vertex 112.325 6.5 18.45
      vertex 112.54 6.51412 0
      vertex 112.325 6.5 0
    endloop
  endfacet
  facet normal 0.194781 0.980847 -0
    outer loop
      vertex 109.71 6.51412 0
      vertex 109.498 6.55622 18.45
      vertex 109.71 6.51412 18.45
    endloop
  endfacet
  facet normal 0.194781 0.980847 0
    outer loop
      vertex 109.498 6.55622 18.45
      vertex 109.71 6.51412 0
      vertex 109.498 6.55622 0
    endloop
  endfacet
  facet normal 0.194781 -0.980847 0
    outer loop
      vertex 109.498 9.74378 0
      vertex 109.71 9.78588 18.45
      vertex 109.498 9.74378 18.45
    endloop
  endfacet
  facet normal 0.194781 -0.980847 0
    outer loop
      vertex 109.71 9.78588 18.45
      vertex 109.498 9.74378 0
      vertex 109.71 9.78588 0
    endloop
  endfacet
  facet normal 0.997894 -0.0648675 0
    outer loop
      vertex 108.275 8.15 18.45
      vertex 108.289 8.36537 0
      vertex 108.289 8.36537 18.45
    endloop
  endfacet
  facet normal 0.997894 -0.0648675 0
    outer loop
      vertex 108.289 8.36537 0
      vertex 108.275 8.15 18.45
      vertex 108.275 8.15 0
    endloop
  endfacet
  facet normal -0.997894 -0.0648675 0
    outer loop
      vertex 113.975 8.15 0
      vertex 113.961 8.36537 18.45
      vertex 113.961 8.36537 0
    endloop
  endfacet
  facet normal -0.997894 -0.0648675 0
    outer loop
      vertex 113.961 8.36537 18.45
      vertex 113.975 8.15 0
      vertex 113.975 8.15 18.45
    endloop
  endfacet
  facet normal 0.897714 -0.440579 0
    outer loop
      vertex 108.401 8.78143 18.45
      vertex 108.496 8.975 0
      vertex 108.496 8.975 18.45
    endloop
  endfacet
  facet normal 0.897714 -0.440579 0
    outer loop
      vertex 108.496 8.975 0
      vertex 108.401 8.78143 18.45
      vertex 108.401 8.78143 0
    endloop
  endfacet
  facet normal 0.657653 -0.753321 0
    outer loop
      vertex 108.758 9.31673 0
      vertex 108.921 9.45903 18.45
      vertex 108.758 9.31673 18.45
    endloop
  endfacet
  facet normal 0.657653 -0.753321 0
    outer loop
      vertex 108.921 9.45903 18.45
      vertex 108.758 9.31673 0
      vertex 108.921 9.45903 0
    endloop
  endfacet
  facet normal 0.752545 0.658541 0
    outer loop
      vertex 108.758 6.98327 18.45
      vertex 108.616 7.14554 0
      vertex 108.616 7.14554 18.45
    endloop
  endfacet
  facet normal 0.752545 0.658541 0
    outer loop
      vertex 108.616 7.14554 0
      vertex 108.758 6.98327 18.45
      vertex 108.758 6.98327 0
    endloop
  endfacet
  facet normal 0.657653 0.753321 -0
    outer loop
      vertex 108.921 6.84097 0
      vertex 108.758 6.98327 18.45
      vertex 108.921 6.84097 18.45
    endloop
  endfacet
  facet normal 0.657653 0.753321 0
    outer loop
      vertex 108.758 6.98327 18.45
      vertex 108.921 6.84097 0
      vertex 108.758 6.98327 0
    endloop
  endfacet
  facet normal 0.441506 0.897258 -0
    outer loop
      vertex 109.294 6.6256 0
      vertex 109.1 6.72106 18.45
      vertex 109.294 6.6256 18.45
    endloop
  endfacet
  facet normal 0.441506 0.897258 0
    outer loop
      vertex 109.1 6.72106 18.45
      vertex 109.294 6.6256 0
      vertex 109.1 6.72106 0
    endloop
  endfacet
  facet normal -0.194781 0.980847 0
    outer loop
      vertex 112.752 6.55622 0
      vertex 112.54 6.51412 18.45
      vertex 112.752 6.55622 18.45
    endloop
  endfacet
  facet normal -0.194781 0.980847 0
    outer loop
      vertex 112.54 6.51412 18.45
      vertex 112.752 6.55622 0
      vertex 112.54 6.51412 0
    endloop
  endfacet
  facet normal 0.321986 0.946744 -0
    outer loop
      vertex 109.498 6.55622 0
      vertex 109.294 6.6256 18.45
      vertex 109.498 6.55622 18.45
    endloop
  endfacet
  facet normal 0.321986 0.946744 0
    outer loop
      vertex 109.294 6.6256 18.45
      vertex 109.498 6.55622 0
      vertex 109.294 6.6256 0
    endloop
  endfacet
  facet normal 0.94605 0.324021 0
    outer loop
      vertex 108.401 7.51857 18.45
      vertex 108.331 7.72295 0
      vertex 108.331 7.72295 18.45
    endloop
  endfacet
  facet normal 0.94605 0.324021 0
    outer loop
      vertex 108.331 7.72295 0
      vertex 108.401 7.51857 18.45
      vertex 108.401 7.51857 0
    endloop
  endfacet
  facet normal -0.94605 -0.324021 0
    outer loop
      vertex 113.919 8.57705 0
      vertex 113.849 8.78143 18.45
      vertex 113.849 8.78143 0
    endloop
  endfacet
  facet normal -0.94605 -0.324021 0
    outer loop
      vertex 113.849 8.78143 18.45
      vertex 113.919 8.57705 0
      vertex 113.919 8.57705 18.45
    endloop
  endfacet
  facet normal -0.441506 0.897258 0
    outer loop
      vertex 113.15 6.72106 0
      vertex 112.956 6.6256 18.45
      vertex 113.15 6.72106 18.45
    endloop
  endfacet
  facet normal -0.441506 0.897258 0
    outer loop
      vertex 112.956 6.6256 18.45
      vertex 113.15 6.72106 0
      vertex 112.956 6.6256 0
    endloop
  endfacet
  facet normal -0.752545 -0.658541 0
    outer loop
      vertex 113.634 9.15446 0
      vertex 113.492 9.31673 18.45
      vertex 113.492 9.31673 0
    endloop
  endfacet
  facet normal -0.752545 -0.658541 0
    outer loop
      vertex 113.492 9.31673 18.45
      vertex 113.634 9.15446 0
      vertex 113.634 9.15446 18.45
    endloop
  endfacet
  facet normal -0.897714 -0.440579 0
    outer loop
      vertex 113.849 8.78143 0
      vertex 113.754 8.975 18.45
      vertex 113.754 8.975 0
    endloop
  endfacet
  facet normal -0.897714 -0.440579 0
    outer loop
      vertex 113.754 8.975 18.45
      vertex 113.849 8.78143 0
      vertex 113.849 8.78143 18.45
    endloop
  endfacet
  facet normal -0.321986 0.946744 0
    outer loop
      vertex 112.956 6.6256 0
      vertex 112.752 6.55622 18.45
      vertex 112.956 6.6256 18.45
    endloop
  endfacet
  facet normal -0.321986 0.946744 0
    outer loop
      vertex 112.752 6.55622 18.45
      vertex 112.956 6.6256 0
      vertex 112.752 6.55622 0
    endloop
  endfacet
  facet normal 0.83128 -0.555854 0
    outer loop
      vertex 108.496 8.975 18.45
      vertex 108.616 9.15446 0
      vertex 108.616 9.15446 18.45
    endloop
  endfacet
  facet normal 0.83128 -0.555854 0
    outer loop
      vertex 108.616 9.15446 0
      vertex 108.496 8.975 18.45
      vertex 108.496 8.975 0
    endloop
  endfacet
  facet normal -0.980879 0.194619 0
    outer loop
      vertex 113.919 7.72295 0
      vertex 113.961 7.93463 18.45
      vertex 113.961 7.93463 0
    endloop
  endfacet
  facet normal -0.980879 0.194619 0
    outer loop
      vertex 113.961 7.93463 18.45
      vertex 113.919 7.72295 0
      vertex 113.919 7.72295 18.45
    endloop
  endfacet
  facet normal 0.980879 -0.194619 0
    outer loop
      vertex 108.289 8.36537 18.45
      vertex 108.331 8.57705 0
      vertex 108.331 8.57705 18.45
    endloop
  endfacet
  facet normal 0.980879 -0.194619 0
    outer loop
      vertex 108.331 8.57705 0
      vertex 108.289 8.36537 18.45
      vertex 108.289 8.36537 0
    endloop
  endfacet
  facet normal -0.980879 -0.194619 0
    outer loop
      vertex 113.961 8.36537 0
      vertex 113.919 8.57705 18.45
      vertex 113.919 8.57705 0
    endloop
  endfacet
  facet normal -0.980879 -0.194619 0
    outer loop
      vertex 113.919 8.57705 18.45
      vertex 113.961 8.36537 0
      vertex 113.961 8.36537 18.45
    endloop
  endfacet
  facet normal -0.657653 -0.753321 0
    outer loop
      vertex 113.329 9.45903 0
      vertex 113.492 9.31673 18.45
      vertex 113.329 9.45903 18.45
    endloop
  endfacet
  facet normal -0.657653 -0.753321 -0
    outer loop
      vertex 113.492 9.31673 18.45
      vertex 113.329 9.45903 0
      vertex 113.492 9.31673 0
    endloop
  endfacet
  facet normal -0.194781 -0.980847 0
    outer loop
      vertex 112.54 9.78588 0
      vertex 112.752 9.74378 18.45
      vertex 112.54 9.78588 18.45
    endloop
  endfacet
  facet normal -0.194781 -0.980847 -0
    outer loop
      vertex 112.752 9.74378 18.45
      vertex 112.54 9.78588 0
      vertex 112.752 9.74378 0
    endloop
  endfacet
  facet normal 0.997894 0.0648675 0
    outer loop
      vertex 108.289 7.93463 18.45
      vertex 108.275 8.15 0
      vertex 108.275 8.15 18.45
    endloop
  endfacet
  facet normal 0.997894 0.0648675 0
    outer loop
      vertex 108.275 8.15 0
      vertex 108.289 7.93463 18.45
      vertex 108.289 7.93463 0
    endloop
  endfacet
  facet normal -0.321986 -0.946744 0
    outer loop
      vertex 112.752 9.74378 0
      vertex 112.956 9.6744 18.45
      vertex 112.752 9.74378 18.45
    endloop
  endfacet
  facet normal -0.321986 -0.946744 -0
    outer loop
      vertex 112.956 9.6744 18.45
      vertex 112.752 9.74378 0
      vertex 112.956 9.6744 0
    endloop
  endfacet
  facet normal 0.59032 0.394731 0.704067
    outer loop
      vertex 108.496 7.325 18.45
      vertex 107.163 6.55382 20
      vertex 108.616 7.14554 18.45
    endloop
  endfacet
  facet normal 0.540181 0.469722 0.698259
    outer loop
      vertex 107.163 6.55382 20
      vertex 108.496 7.325 18.45
      vertex 107.162 6.55497 20
    endloop
  endfacet
  facet normal 0.636808 0.314136 0.704126
    outer loop
      vertex 107.162 6.55497 20
      vertex 108.496 7.325 18.45
      vertex 106.978 6.92797 20
    endloop
  endfacet
  facet normal -0.314063 0.636834 0.704136
    outer loop
      vertex 113.546 5.20276 20
      vertex 113.919 5.38671 20
      vertex 112.956 6.6256 18.45
    endloop
  endfacet
  facet normal -0.0464435 -0.708604 0.704076
    outer loop
      vertex 112.54 9.78588 18.45
      vertex 112.741 11.3128 20
      vertex 112.326 11.34 20
    endloop
  endfacet
  facet normal 0.672889 0.227241 0.703976
    outer loop
      vertex 106.977 6.93052 20
      vertex 108.331 7.72295 18.45
      vertex 106.844 7.32435 20
    endloop
  endfacet
  facet normal -0.22815 0.672436 0.704115
    outer loop
      vertex 113.152 5.06908 20
      vertex 113.546 5.20276 20
      vertex 112.956 6.6256 18.45
    endloop
  endfacet
  facet normal 0.696288 0.139971 0.703982
    outer loop
      vertex 106.844 7.32435 20
      vertex 108.331 7.72295 18.45
      vertex 106.762 7.73226 20
    endloop
  endfacet
  facet normal 0.138326 -0.696556 0.704042
    outer loop
      vertex 109.101 11.2316 20
      vertex 109.498 9.74378 18.45
      vertex 109.71 9.78588 18.45
    endloop
  endfacet
  facet normal 0.0710453 -0.710453 0.700149
    outer loop
      vertex 109.498 9.74378 18.45
      vertex 109.101 11.2316 20
      vertex 109.099 11.2314 20
    endloop
  endfacet
  facet normal -0.0710453 -0.710453 0.700149
    outer loop
      vertex 113.149 11.2316 20
      vertex 112.752 9.74378 18.45
      vertex 113.151 11.2314 20
    endloop
  endfacet
  facet normal -0.138326 -0.696556 0.704042
    outer loop
      vertex 112.752 9.74378 18.45
      vertex 113.149 11.2316 20
      vertex 112.54 9.78588 18.45
    endloop
  endfacet
  facet normal -0.540181 0.469722 0.698259
    outer loop
      vertex 113.754 7.325 18.45
      vertex 115.087 6.55382 20
      vertex 115.088 6.55497 20
    endloop
  endfacet
  facet normal -0.59032 0.394731 0.704067
    outer loop
      vertex 115.087 6.55382 20
      vertex 113.754 7.325 18.45
      vertex 113.634 7.14554 18.45
    endloop
  endfacet
  facet normal -0.467948 -0.534164 0.704055
    outer loop
      vertex 114.581 10.4057 20
      vertex 114.268 10.6799 20
      vertex 113.492 9.31673 18.45
    endloop
  endfacet
  facet normal -0.671614 0.230027 0.704288
    outer loop
      vertex 113.849 7.51857 18.45
      vertex 115.273 6.93052 20
      vertex 113.919 7.72295 18.45
    endloop
  endfacet
  facet normal -0.57328 0.437618 0.692705
    outer loop
      vertex 115.273 6.93052 20
      vertex 113.849 7.51857 18.45
      vertex 115.272 6.92921 20
    endloop
  endfacet
  facet normal -0.636835 -0.314141 0.7041
    outer loop
      vertex 115.272 9.37078 20
      vertex 115.088 9.74379 20
      vertex 113.849 8.78143 18.45
    endloop
  endfacet
  facet normal 0.708644 0.046065 0.704061
    outer loop
      vertex 106.762 7.73499 20
      vertex 108.289 7.93463 18.45
      vertex 108.275 8.15 18.45
    endloop
  endfacet
  facet normal 0.712372 0 0.701802
    outer loop
      vertex 108.289 7.93463 18.45
      vertex 106.762 7.73499 20
      vertex 106.762 7.73361 20
    endloop
  endfacet
  facet normal 0.0465374 -0.708608 0.704066
    outer loop
      vertex 109.925 9.8 18.45
      vertex 109.924 11.34 20
      vertex 109.71 9.78588 18.45
    endloop
  endfacet
  facet normal 0.070759 -0.70759 0.703071
    outer loop
      vertex 109.924 11.34 20
      vertex 109.925 9.8 18.45
      vertex 109.925 11.3401 20
    endloop
  endfacet
  facet normal 0.228648 -0.6723 0.704083
    outer loop
      vertex 108.706 11.0977 20
      vertex 109.294 9.6744 18.45
      vertex 109.498 9.74378 18.45
    endloop
  endfacet
  facet normal 0.172976 -0.691902 0.700964
    outer loop
      vertex 109.294 9.6744 18.45
      vertex 108.706 11.0977 20
      vertex 108.704 11.0972 20
    endloop
  endfacet
  facet normal 0.59048 -0.394428 0.704102
    outer loop
      vertex 108.616 9.15446 18.45
      vertex 107.394 10.092 20
      vertex 107.163 9.74618 20
    endloop
  endfacet
  facet normal -0.228655 0.67232 0.704062
    outer loop
      vertex 112.752 6.55622 18.45
      vertex 113.152 5.06908 20
      vertex 112.956 6.6256 18.45
    endloop
  endfacet
  facet normal -0.292965 0.651033 0.700234
    outer loop
      vertex 113.152 5.06908 20
      vertex 112.752 6.55622 18.45
      vertex 113.151 5.06863 20
    endloop
  endfacet
  facet normal 0.0464439 0.708611 0.704069
    outer loop
      vertex 109.924 4.96003 20
      vertex 109.71 6.51412 18.45
      vertex 109.509 4.98723 20
    endloop
  endfacet
  facet normal 0.22815 0.672436 0.704115
    outer loop
      vertex 109.098 5.06908 20
      vertex 109.294 6.6256 18.45
      vertex 108.704 5.20276 20
    endloop
  endfacet
  facet normal -0.443152 -0.553941 0.704816
    outer loop
      vertex 114.266 10.6816 20
      vertex 113.329 9.45903 18.45
      vertex 114.267 10.6808 20
    endloop
  endfacet
  facet normal -0.395168 -0.589901 0.704173
    outer loop
      vertex 113.329 9.45903 18.45
      vertex 114.266 10.6816 20
      vertex 113.15 9.57894 18.45
    endloop
  endfacet
  facet normal -0.708644 0.046065 0.704061
    outer loop
      vertex 113.961 7.93463 18.45
      vertex 115.488 7.73499 20
      vertex 113.975 8.15 18.45
    endloop
  endfacet
  facet normal -0.712372 0 0.701802
    outer loop
      vertex 115.488 7.73499 20
      vertex 113.961 7.93463 18.45
      vertex 115.488 7.73361 20
    endloop
  endfacet
  facet normal 0 -0.709369 0.704838
    outer loop
      vertex 109.925 9.8 18.45
      vertex 112.325 11.3401 20
      vertex 109.925 11.3401 20
    endloop
  endfacet
  facet normal 0 -0.709369 0.704838
    outer loop
      vertex 112.325 11.3401 20
      vertex 109.925 9.8 18.45
      vertex 112.325 9.8 18.45
    endloop
  endfacet
  facet normal -0.314024 -0.636927 0.704069
    outer loop
      vertex 113.92 10.9127 20
      vertex 113.547 11.0966 20
      vertex 113.15 9.57894 18.45
    endloop
  endfacet
  facet normal 0.0464435 -0.708604 0.704076
    outer loop
      vertex 109.71 9.78588 18.45
      vertex 109.924 11.34 20
      vertex 109.509 11.3128 20
    endloop
  endfacet
  facet normal 0.696459 0.138186 0.704166
    outer loop
      vertex 108.289 7.93463 18.45
      vertex 106.762 7.73226 20
      vertex 108.331 7.72295 18.45
    endloop
  endfacet
  facet normal 0.712372 -0 0.701802
    outer loop
      vertex 106.762 7.73226 20
      vertex 108.289 7.93463 18.45
      vertex 106.762 7.73361 20
    endloop
  endfacet
  facet normal 0.138611 -0.696469 0.704073
    outer loop
      vertex 109.71 9.78588 18.45
      vertex 109.509 11.3128 20
      vertex 109.101 11.2316 20
    endloop
  endfacet
  facet normal 0.228709 -0.672272 0.70409
    outer loop
      vertex 109.498 9.74378 18.45
      vertex 109.099 11.2314 20
      vertex 108.706 11.0977 20
    endloop
  endfacet
  facet normal 0.696288 -0.139971 0.703982
    outer loop
      vertex 108.331 8.57705 18.45
      vertex 106.844 8.97565 20
      vertex 106.762 8.56774 20
    endloop
  endfacet
  facet normal 0 0.709378 0.704829
    outer loop
      vertex 112.325 6.5 18.45
      vertex 109.925 4.95994 20
      vertex 112.325 4.95994 20
    endloop
  endfacet
  facet normal 0 0.709378 0.704829
    outer loop
      vertex 109.925 4.95994 20
      vertex 112.325 6.5 18.45
      vertex 109.925 6.5 18.45
    endloop
  endfacet
  facet normal -0.477701 0.524947 0.704438
    outer loop
      vertex 113.492 6.98327 18.45
      vertex 114.58 5.89337 20
      vertex 114.581 5.89428 20
    endloop
  endfacet
  facet normal -0.46705 0.534991 0.704024
    outer loop
      vertex 114.58 5.89337 20
      vertex 113.492 6.98327 18.45
      vertex 113.329 6.84097 18.45
    endloop
  endfacet
  facet normal 0.394345 0.59051 0.704124
    outer loop
      vertex 108.329 5.38809 20
      vertex 108.921 6.84097 18.45
      vertex 107.983 5.61915 20
    endloop
  endfacet
  facet normal -0.672887 -0.227246 0.703976
    outer loop
      vertex 115.406 8.97565 20
      vertex 115.273 9.36947 20
      vertex 113.919 8.57705 18.45
    endloop
  endfacet
  facet normal -0.540181 -0.469722 0.698259
    outer loop
      vertex 115.087 9.74618 20
      vertex 113.754 8.975 18.45
      vertex 115.088 9.74503 20
    endloop
  endfacet
  facet normal -0.59032 -0.394731 0.704067
    outer loop
      vertex 113.754 8.975 18.45
      vertex 115.087 9.74618 20
      vertex 113.634 9.15446 18.45
    endloop
  endfacet
  facet normal 0.138324 0.696547 0.704051
    outer loop
      vertex 109.498 6.55622 18.45
      vertex 109.101 5.06836 20
      vertex 109.71 6.51412 18.45
    endloop
  endfacet
  facet normal 0.0952873 0.705832 0.701941
    outer loop
      vertex 109.101 5.06836 20
      vertex 109.498 6.55622 18.45
      vertex 109.099 5.06863 20
    endloop
  endfacet
  facet normal -0.59048 -0.394428 0.704102
    outer loop
      vertex 115.087 9.74618 20
      vertex 114.856 10.092 20
      vertex 113.634 9.15446 18.45
    endloop
  endfacet
  facet normal -0.696288 0.139971 0.703982
    outer loop
      vertex 115.406 7.32435 20
      vertex 115.488 7.73226 20
      vertex 113.919 7.72295 18.45
    endloop
  endfacet
  facet normal -0.475228 -0.528031 0.703805
    outer loop
      vertex 113.329 9.45903 18.45
      vertex 114.268 10.6799 20
      vertex 114.267 10.6808 20
    endloop
  endfacet
  facet normal -0.466949 -0.534875 0.704179
    outer loop
      vertex 114.268 10.6799 20
      vertex 113.329 9.45903 18.45
      vertex 113.492 9.31673 18.45
    endloop
  endfacet
  facet normal 0.534379 -0.467627 0.704105
    outer loop
      vertex 107.395 10.093 20
      vertex 108.616 9.15446 18.45
      vertex 108.758 9.31673 18.45
    endloop
  endfacet
  facet normal 0.503719 -0.503719 0.701808
    outer loop
      vertex 108.616 9.15446 18.45
      vertex 107.395 10.093 20
      vertex 107.394 10.092 20
    endloop
  endfacet
  facet normal -0.394419 -0.59052 0.704074
    outer loop
      vertex 114.266 10.6816 20
      vertex 113.92 10.9127 20
      vertex 113.15 9.57894 18.45
    endloop
  endfacet
  facet normal -0.503719 -0.503719 0.701808
    outer loop
      vertex 114.855 10.093 20
      vertex 113.634 9.15446 18.45
      vertex 114.856 10.092 20
    endloop
  endfacet
  facet normal -0.534379 -0.467627 0.704105
    outer loop
      vertex 113.634 9.15446 18.45
      vertex 114.855 10.093 20
      vertex 113.492 9.31673 18.45
    endloop
  endfacet
  facet normal -0.138611 -0.696469 0.704073
    outer loop
      vertex 113.149 11.2316 20
      vertex 112.741 11.3128 20
      vertex 112.54 9.78588 18.45
    endloop
  endfacet
  facet normal -0.0952873 0.705832 0.701941
    outer loop
      vertex 112.752 6.55622 18.45
      vertex 113.149 5.06836 20
      vertex 113.151 5.06863 20
    endloop
  endfacet
  facet normal -0.138324 0.696547 0.704051
    outer loop
      vertex 113.149 5.06836 20
      vertex 112.752 6.55622 18.45
      vertex 112.54 6.51412 18.45
    endloop
  endfacet
  facet normal 0.637313 0.31278 0.704274
    outer loop
      vertex 108.401 7.51857 18.45
      vertex 106.978 6.92797 20
      vertex 108.496 7.325 18.45
    endloop
  endfacet
  facet normal 0.736641 -0 0.676284
    outer loop
      vertex 106.978 6.92797 20
      vertex 108.401 7.51857 18.45
      vertex 106.978 6.92921 20
    endloop
  endfacet
  facet normal 0.313527 0.63717 0.704071
    outer loop
      vertex 109.1 6.72106 18.45
      vertex 108.331 5.38671 20
      vertex 109.294 6.6256 18.45
    endloop
  endfacet
  facet normal 0.369469 0.605688 0.704723
    outer loop
      vertex 108.331 5.38671 20
      vertex 109.1 6.72106 18.45
      vertex 108.33 5.38732 20
    endloop
  endfacet
  facet normal -0.0465379 0.708615 0.704059
    outer loop
      vertex 112.325 6.5 18.45
      vertex 112.326 4.96003 20
      vertex 112.54 6.51412 18.45
    endloop
  endfacet
  facet normal -0.0637143 0.707936 0.703396
    outer loop
      vertex 112.326 4.96003 20
      vertex 112.325 6.5 18.45
      vertex 112.325 4.95994 20
    endloop
  endfacet
  facet normal -0.394345 0.59051 0.704124
    outer loop
      vertex 113.921 5.38809 20
      vertex 114.267 5.61915 20
      vertex 113.329 6.84097 18.45
    endloop
  endfacet
  facet normal 0.314024 -0.636927 0.704069
    outer loop
      vertex 109.1 9.57894 18.45
      vertex 108.703 11.0966 20
      vertex 108.33 10.9127 20
    endloop
  endfacet
  facet normal -0.070759 -0.70759 0.703071
    outer loop
      vertex 112.325 9.8 18.45
      vertex 112.326 11.34 20
      vertex 112.325 11.3401 20
    endloop
  endfacet
  facet normal -0.0465374 -0.708608 0.704066
    outer loop
      vertex 112.326 11.34 20
      vertex 112.325 9.8 18.45
      vertex 112.54 9.78588 18.45
    endloop
  endfacet
  facet normal 0.534109 -0.468007 0.704058
    outer loop
      vertex 108.758 9.31673 18.45
      vertex 107.669 10.4057 20
      vertex 107.395 10.093 20
    endloop
  endfacet
  facet normal 0.672887 -0.227246 0.703976
    outer loop
      vertex 108.331 8.57705 18.45
      vertex 106.977 9.36947 20
      vertex 106.844 8.97565 20
    endloop
  endfacet
  facet normal -0.0464439 0.708611 0.704069
    outer loop
      vertex 112.741 4.98723 20
      vertex 112.54 6.51412 18.45
      vertex 112.326 4.96003 20
    endloop
  endfacet
  facet normal 0.467904 0.534074 0.704152
    outer loop
      vertex 107.983 5.61915 20
      vertex 108.921 6.84097 18.45
      vertex 107.67 5.89337 20
    endloop
  endfacet
  facet normal 0.395253 0.590028 0.704019
    outer loop
      vertex 108.329 5.38809 20
      vertex 109.1 6.72106 18.45
      vertex 108.921 6.84097 18.45
    endloop
  endfacet
  facet normal 0.434679 0.564518 0.701693
    outer loop
      vertex 109.1 6.72106 18.45
      vertex 108.329 5.38809 20
      vertex 108.33 5.38732 20
    endloop
  endfacet
  facet normal 0.708637 0.046103 0.704065
    outer loop
      vertex 106.762 7.73499 20
      vertex 108.275 8.15 18.45
      vertex 106.735 8.15 20
    endloop
  endfacet
  facet normal -0.736641 0 0.676284
    outer loop
      vertex 113.849 7.51857 18.45
      vertex 115.272 6.92797 20
      vertex 115.272 6.92921 20
    endloop
  endfacet
  facet normal -0.637313 0.31278 0.704274
    outer loop
      vertex 115.272 6.92797 20
      vertex 113.849 7.51857 18.45
      vertex 113.754 7.325 18.45
    endloop
  endfacet
  facet normal 0.573281 -0.437619 0.692703
    outer loop
      vertex 106.977 9.36947 20
      vertex 108.401 8.78143 18.45
      vertex 106.978 9.37078 20
    endloop
  endfacet
  facet normal 0.671615 -0.230028 0.704287
    outer loop
      vertex 108.401 8.78143 18.45
      vertex 106.977 9.36947 20
      vertex 108.331 8.57705 18.45
    endloop
  endfacet
  facet normal 0.636835 -0.314141 0.7041
    outer loop
      vertex 108.401 8.78143 18.45
      vertex 107.162 9.74379 20
      vertex 106.978 9.37078 20
    endloop
  endfacet
  facet normal 0.314063 0.636834 0.704136
    outer loop
      vertex 108.704 5.20276 20
      vertex 109.294 6.6256 18.45
      vertex 108.331 5.38671 20
    endloop
  endfacet
  facet normal 0.696459 -0.138186 0.704166
    outer loop
      vertex 106.762 8.56774 20
      vertex 108.289 8.36537 18.45
      vertex 108.331 8.57705 18.45
    endloop
  endfacet
  facet normal 0.712372 0 0.701802
    outer loop
      vertex 108.289 8.36537 18.45
      vertex 106.762 8.56774 20
      vertex 106.762 8.56639 20
    endloop
  endfacet
  facet normal -0.395253 0.590028 0.704019
    outer loop
      vertex 113.15 6.72106 18.45
      vertex 113.921 5.38809 20
      vertex 113.329 6.84097 18.45
    endloop
  endfacet
  facet normal -0.434679 0.564518 0.701693
    outer loop
      vertex 113.921 5.38809 20
      vertex 113.15 6.72106 18.45
      vertex 113.92 5.38732 20
    endloop
  endfacet
  facet normal 0.712372 -0 0.701802
    outer loop
      vertex 106.762 8.56501 20
      vertex 108.289 8.36537 18.45
      vertex 106.762 8.56639 20
    endloop
  endfacet
  facet normal 0.708644 -0.046065 0.704061
    outer loop
      vertex 108.289 8.36537 18.45
      vertex 106.762 8.56501 20
      vertex 108.275 8.15 18.45
    endloop
  endfacet
  facet normal -0.467904 0.534074 0.704152
    outer loop
      vertex 114.267 5.61915 20
      vertex 114.58 5.89337 20
      vertex 113.329 6.84097 18.45
    endloop
  endfacet
  facet normal -0.757943 0 0.65232
    outer loop
      vertex 113.754 8.975 18.45
      vertex 115.088 9.74379 20
      vertex 115.088 9.74503 20
    endloop
  endfacet
  facet normal -0.637599 -0.31292 0.703952
    outer loop
      vertex 115.088 9.74379 20
      vertex 113.754 8.975 18.45
      vertex 113.849 8.78143 18.45
    endloop
  endfacet
  facet normal 0.708637 -0.046103 0.704065
    outer loop
      vertex 108.275 8.15 18.45
      vertex 106.762 8.56501 20
      vertex 106.735 8.15 20
    endloop
  endfacet
  facet normal 0.228655 0.67232 0.704062
    outer loop
      vertex 109.098 5.06908 20
      vertex 109.498 6.55622 18.45
      vertex 109.294 6.6256 18.45
    endloop
  endfacet
  facet normal 0.292965 0.651033 0.700234
    outer loop
      vertex 109.498 6.55622 18.45
      vertex 109.098 5.06908 20
      vertex 109.099 5.06863 20
    endloop
  endfacet
  facet normal 0.671614 0.230027 0.704288
    outer loop
      vertex 106.977 6.93052 20
      vertex 108.401 7.51857 18.45
      vertex 108.331 7.72295 18.45
    endloop
  endfacet
  facet normal 0.57328 0.437618 0.692705
    outer loop
      vertex 108.401 7.51857 18.45
      vertex 106.977 6.93052 20
      vertex 106.978 6.92921 20
    endloop
  endfacet
  facet normal -0.534099 0.468013 0.704061
    outer loop
      vertex 114.581 5.89428 20
      vertex 114.855 6.20697 20
      vertex 113.492 6.98327 18.45
    endloop
  endfacet
  facet normal 0.590476 0.394436 0.704101
    outer loop
      vertex 107.394 6.20801 20
      vertex 108.616 7.14554 18.45
      vertex 107.163 6.55382 20
    endloop
  endfacet
  facet normal -0.672889 0.227241 0.703976
    outer loop
      vertex 115.273 6.93052 20
      vertex 115.406 7.32435 20
      vertex 113.919 7.72295 18.45
    endloop
  endfacet
  facet normal 0.366915 -0.611526 0.701006
    outer loop
      vertex 108.703 11.0966 20
      vertex 109.294 9.6744 18.45
      vertex 108.704 11.0972 20
    endloop
  endfacet
  facet normal 0.313503 -0.637121 0.704125
    outer loop
      vertex 109.294 9.6744 18.45
      vertex 108.703 11.0966 20
      vertex 109.1 9.57894 18.45
    endloop
  endfacet
  facet normal -0.366915 -0.611526 0.701006
    outer loop
      vertex 112.956 9.6744 18.45
      vertex 113.547 11.0966 20
      vertex 113.546 11.0972 20
    endloop
  endfacet
  facet normal -0.313503 -0.637121 0.704125
    outer loop
      vertex 113.547 11.0966 20
      vertex 112.956 9.6744 18.45
      vertex 113.15 9.57894 18.45
    endloop
  endfacet
  facet normal 0.467948 -0.534164 0.704055
    outer loop
      vertex 108.758 9.31673 18.45
      vertex 107.982 10.6799 20
      vertex 107.669 10.4057 20
    endloop
  endfacet
  facet normal -0.636808 0.314136 0.704126
    outer loop
      vertex 115.088 6.55497 20
      vertex 115.272 6.92797 20
      vertex 113.754 7.325 18.45
    endloop
  endfacet
  facet normal -0.534109 -0.468007 0.704058
    outer loop
      vertex 114.855 10.093 20
      vertex 114.581 10.4057 20
      vertex 113.492 9.31673 18.45
    endloop
  endfacet
  facet normal 0.0637143 0.707936 0.703396
    outer loop
      vertex 109.925 6.5 18.45
      vertex 109.924 4.96003 20
      vertex 109.925 4.95994 20
    endloop
  endfacet
  facet normal 0.0465379 0.708615 0.704059
    outer loop
      vertex 109.924 4.96003 20
      vertex 109.925 6.5 18.45
      vertex 109.71 6.51412 18.45
    endloop
  endfacet
  facet normal -0.228709 -0.672272 0.70409
    outer loop
      vertex 113.544 11.0977 20
      vertex 113.151 11.2314 20
      vertex 112.752 9.74378 18.45
    endloop
  endfacet
  facet normal 0.534099 0.468013 0.704061
    outer loop
      vertex 107.669 5.89428 20
      vertex 108.758 6.98327 18.45
      vertex 107.395 6.20697 20
    endloop
  endfacet
  facet normal 0.138497 0.696494 0.70407
    outer loop
      vertex 109.509 4.98723 20
      vertex 109.71 6.51412 18.45
      vertex 109.101 5.06836 20
    endloop
  endfacet
  facet normal 0.394419 -0.59052 0.704074
    outer loop
      vertex 109.1 9.57894 18.45
      vertex 108.33 10.9127 20
      vertex 107.984 10.6816 20
    endloop
  endfacet
  facet normal -0.708637 -0.046103 0.704065
    outer loop
      vertex 115.515 8.15 20
      vertex 115.488 8.56501 20
      vertex 113.975 8.15 18.45
    endloop
  endfacet
  facet normal 0.757943 -0 0.65232
    outer loop
      vertex 107.162 9.74379 20
      vertex 108.496 8.975 18.45
      vertex 107.162 9.74503 20
    endloop
  endfacet
  facet normal 0.637599 -0.31292 0.703952
    outer loop
      vertex 108.496 8.975 18.45
      vertex 107.162 9.74379 20
      vertex 108.401 8.78143 18.45
    endloop
  endfacet
  facet normal -0.138497 0.696494 0.70407
    outer loop
      vertex 112.741 4.98723 20
      vertex 113.149 5.06836 20
      vertex 112.54 6.51412 18.45
    endloop
  endfacet
  facet normal 0.46705 0.534991 0.704024
    outer loop
      vertex 108.758 6.98327 18.45
      vertex 107.67 5.89337 20
      vertex 108.921 6.84097 18.45
    endloop
  endfacet
  facet normal 0.477701 0.524947 0.704438
    outer loop
      vertex 107.67 5.89337 20
      vertex 108.758 6.98327 18.45
      vertex 107.669 5.89428 20
    endloop
  endfacet
  facet normal -0.712372 0 0.701802
    outer loop
      vertex 115.488 8.56774 20
      vertex 113.961 8.36537 18.45
      vertex 115.488 8.56639 20
    endloop
  endfacet
  facet normal -0.696459 -0.138186 0.704166
    outer loop
      vertex 113.961 8.36537 18.45
      vertex 115.488 8.56774 20
      vertex 113.919 8.57705 18.45
    endloop
  endfacet
  facet normal -0.172976 -0.691902 0.700964
    outer loop
      vertex 113.544 11.0977 20
      vertex 112.956 9.6744 18.45
      vertex 113.546 11.0972 20
    endloop
  endfacet
  facet normal -0.228648 -0.6723 0.704083
    outer loop
      vertex 112.956 9.6744 18.45
      vertex 113.544 11.0977 20
      vertex 112.752 9.74378 18.45
    endloop
  endfacet
  facet normal 0.534376 0.467624 0.70411
    outer loop
      vertex 108.616 7.14554 18.45
      vertex 107.395 6.20697 20
      vertex 108.758 6.98327 18.45
    endloop
  endfacet
  facet normal 0.512894 0.493168 0.702656
    outer loop
      vertex 107.395 6.20697 20
      vertex 108.616 7.14554 18.45
      vertex 107.394 6.20801 20
    endloop
  endfacet
  facet normal -0.696288 -0.139971 0.703982
    outer loop
      vertex 115.488 8.56774 20
      vertex 115.406 8.97565 20
      vertex 113.919 8.57705 18.45
    endloop
  endfacet
  facet normal 0.59032 -0.394731 0.704067
    outer loop
      vertex 107.163 9.74618 20
      vertex 108.496 8.975 18.45
      vertex 108.616 9.15446 18.45
    endloop
  endfacet
  facet normal 0.540181 -0.469722 0.698259
    outer loop
      vertex 108.496 8.975 18.45
      vertex 107.163 9.74618 20
      vertex 107.162 9.74503 20
    endloop
  endfacet
  facet normal -0.712372 0 0.701802
    outer loop
      vertex 113.961 8.36537 18.45
      vertex 115.488 8.56501 20
      vertex 115.488 8.56639 20
    endloop
  endfacet
  facet normal -0.708644 -0.046065 0.704061
    outer loop
      vertex 115.488 8.56501 20
      vertex 113.961 8.36537 18.45
      vertex 113.975 8.15 18.45
    endloop
  endfacet
  facet normal 0.395168 -0.589901 0.704173
    outer loop
      vertex 107.984 10.6816 20
      vertex 108.921 9.45903 18.45
      vertex 109.1 9.57894 18.45
    endloop
  endfacet
  facet normal 0.443152 -0.553941 0.704816
    outer loop
      vertex 108.921 9.45903 18.45
      vertex 107.984 10.6816 20
      vertex 107.983 10.6808 20
    endloop
  endfacet
  facet normal -0.573281 -0.437619 0.692703
    outer loop
      vertex 113.849 8.78143 18.45
      vertex 115.273 9.36947 20
      vertex 115.272 9.37078 20
    endloop
  endfacet
  facet normal -0.671615 -0.230028 0.704287
    outer loop
      vertex 115.273 9.36947 20
      vertex 113.849 8.78143 18.45
      vertex 113.919 8.57705 18.45
    endloop
  endfacet
  facet normal -0.590476 0.394436 0.704101
    outer loop
      vertex 114.856 6.20801 20
      vertex 115.087 6.55382 20
      vertex 113.634 7.14554 18.45
    endloop
  endfacet
  facet normal -0.512894 0.493168 0.702656
    outer loop
      vertex 113.634 7.14554 18.45
      vertex 114.855 6.20697 20
      vertex 114.856 6.20801 20
    endloop
  endfacet
  facet normal -0.534376 0.467624 0.70411
    outer loop
      vertex 114.855 6.20697 20
      vertex 113.634 7.14554 18.45
      vertex 113.492 6.98327 18.45
    endloop
  endfacet
  facet normal -0.708637 0.046103 0.704065
    outer loop
      vertex 115.488 7.73499 20
      vertex 115.515 8.15 20
      vertex 113.975 8.15 18.45
    endloop
  endfacet
  facet normal -0.712372 0 0.701802
    outer loop
      vertex 113.961 7.93463 18.45
      vertex 115.488 7.73226 20
      vertex 115.488 7.73361 20
    endloop
  endfacet
  facet normal -0.696459 0.138186 0.704166
    outer loop
      vertex 115.488 7.73226 20
      vertex 113.961 7.93463 18.45
      vertex 113.919 7.72295 18.45
    endloop
  endfacet
  facet normal 0.475228 -0.528031 0.703805
    outer loop
      vertex 107.982 10.6799 20
      vertex 108.921 9.45903 18.45
      vertex 107.983 10.6808 20
    endloop
  endfacet
  facet normal 0.466949 -0.534875 0.704179
    outer loop
      vertex 108.921 9.45903 18.45
      vertex 107.982 10.6799 20
      vertex 108.758 9.31673 18.45
    endloop
  endfacet
  facet normal -0.369469 0.605688 0.704723
    outer loop
      vertex 113.15 6.72106 18.45
      vertex 113.919 5.38671 20
      vertex 113.92 5.38732 20
    endloop
  endfacet
  facet normal -0.313527 0.63717 0.704071
    outer loop
      vertex 113.919 5.38671 20
      vertex 113.15 6.72106 18.45
      vertex 112.956 6.6256 18.45
    endloop
  endfacet
  facet normal -0.831266 -0.555876 0
    outer loop
      vertex 115.183 9.8 20
      vertex 114.943 10.1589 46
      vertex 114.943 10.1589 20
    endloop
  endfacet
  facet normal -0.831266 -0.555876 0
    outer loop
      vertex 114.943 10.1589 46
      vertex 115.183 9.8 20
      vertex 115.183 9.8 46
    endloop
  endfacet
  facet normal 0.997894 -0.0648675 0
    outer loop
      vertex 106.625 8.15 46
      vertex 106.653 8.58074 20
      vertex 106.653 8.58074 46
    endloop
  endfacet
  facet normal 0.997894 -0.0648675 0
    outer loop
      vertex 106.653 8.58074 20
      vertex 106.625 8.15 46
      vertex 106.625 8.15 20
    endloop
  endfacet
  facet normal 0.195247 0.980754 -0
    outer loop
      vertex 109.494 4.87823 20
      vertex 109.071 4.96244 46
      vertex 109.494 4.87823 46
    endloop
  endfacet
  facet normal 0.195247 0.980754 0
    outer loop
      vertex 109.071 4.96244 46
      vertex 109.494 4.87823 20
      vertex 109.071 4.96244 20
    endloop
  endfacet
  facet normal 0.555464 0.83154 -0
    outer loop
      vertex 108.275 5.29212 20
      vertex 107.916 5.53193 46
      vertex 108.275 5.29212 46
    endloop
  endfacet
  facet normal 0.555464 0.83154 0
    outer loop
      vertex 107.916 5.53193 46
      vertex 108.275 5.29212 20
      vertex 107.916 5.53193 20
    endloop
  endfacet
  facet normal -0.997894 0.0648675 0
    outer loop
      vertex 115.597 7.71926 20
      vertex 115.625 8.15 46
      vertex 115.625 8.15 20
    endloop
  endfacet
  facet normal -0.997894 0.0648675 0
    outer loop
      vertex 115.625 8.15 46
      vertex 115.597 7.71926 20
      vertex 115.597 7.71926 46
    endloop
  endfacet
  facet normal -0.946757 0.321948 0
    outer loop
      vertex 115.374 6.88714 20
      vertex 115.513 7.2959 46
      vertex 115.513 7.2959 20
    endloop
  endfacet
  facet normal -0.946757 0.321948 0
    outer loop
      vertex 115.513 7.2959 46
      vertex 115.374 6.88714 20
      vertex 115.374 6.88714 46
    endloop
  endfacet
  facet normal 0.442387 -0.896824 0
    outer loop
      vertex 108.275 11.0079 20
      vertex 108.662 11.1988 46
      vertex 108.275 11.0079 46
    endloop
  endfacet
  facet normal 0.442387 -0.896824 0
    outer loop
      vertex 108.662 11.1988 46
      vertex 108.275 11.0079 20
      vertex 108.662 11.1988 20
    endloop
  endfacet
  facet normal 0 1 -0
    outer loop
      vertex 112.325 4.85 20
      vertex 109.925 4.85 46
      vertex 112.325 4.85 46
    endloop
  endfacet
  facet normal 0 1 0
    outer loop
      vertex 109.925 4.85 46
      vertex 112.325 4.85 20
      vertex 109.925 4.85 20
    endloop
  endfacet
  facet normal -0.751397 0.659851 0
    outer loop
      vertex 114.658 5.81655 20
      vertex 114.943 6.14109 46
      vertex 114.943 6.14109 20
    endloop
  endfacet
  facet normal -0.751397 0.659851 0
    outer loop
      vertex 114.943 6.14109 46
      vertex 114.658 5.81655 20
      vertex 114.658 5.81655 46
    endloop
  endfacet
  facet normal 0.831273 0.555865 0
    outer loop
      vertex 107.307 6.14109 46
      vertex 107.067 6.5 20
      vertex 107.067 6.5 46
    endloop
  endfacet
  facet normal 0.831273 0.555865 0
    outer loop
      vertex 107.067 6.5 20
      vertex 107.307 6.14109 46
      vertex 107.307 6.14109 20
    endloop
  endfacet
  facet normal -0.659974 0.751288 0
    outer loop
      vertex 114.658 5.81655 20
      vertex 114.334 5.53193 46
      vertex 114.658 5.81655 46
    endloop
  endfacet
  facet normal -0.659974 0.751288 0
    outer loop
      vertex 114.334 5.53193 46
      vertex 114.658 5.81655 20
      vertex 114.334 5.53193 20
    endloop
  endfacet
  facet normal 0.0653588 0.997862 -0
    outer loop
      vertex 109.925 4.85 20
      vertex 109.494 4.87823 46
      vertex 109.925 4.85 46
    endloop
  endfacet
  facet normal 0.0653588 0.997862 0
    outer loop
      vertex 109.494 4.87823 46
      vertex 109.925 4.85 20
      vertex 109.494 4.87823 20
    endloop
  endfacet
  facet normal -0.896796 -0.442445 0
    outer loop
      vertex 115.374 9.41286 20
      vertex 115.183 9.8 46
      vertex 115.183 9.8 20
    endloop
  endfacet
  facet normal -0.896796 -0.442445 0
    outer loop
      vertex 115.183 9.8 46
      vertex 115.374 9.41286 20
      vertex 115.374 9.41286 46
    endloop
  endfacet
  facet normal -0.442424 0.896806 0
    outer loop
      vertex 113.975 5.29212 20
      vertex 113.588 5.1012 46
      vertex 113.975 5.29212 46
    endloop
  endfacet
  facet normal -0.442424 0.896806 0
    outer loop
      vertex 113.588 5.1012 46
      vertex 113.975 5.29212 20
      vertex 113.588 5.1012 20
    endloop
  endfacet
  facet normal -0.946757 -0.321948 0
    outer loop
      vertex 115.513 9.0041 20
      vertex 115.374 9.41286 46
      vertex 115.374 9.41286 20
    endloop
  endfacet
  facet normal -0.946757 -0.321948 0
    outer loop
      vertex 115.374 9.41286 46
      vertex 115.513 9.0041 20
      vertex 115.513 9.0041 46
    endloop
  endfacet
  facet normal -0.195224 -0.980759 0
    outer loop
      vertex 112.756 11.4218 20
      vertex 113.179 11.3376 46
      vertex 112.756 11.4218 46
    endloop
  endfacet
  facet normal -0.195224 -0.980759 -0
    outer loop
      vertex 113.179 11.3376 46
      vertex 112.756 11.4218 20
      vertex 113.179 11.3376 20
    endloop
  endfacet
  facet normal -0.0653588 0.997862 0
    outer loop
      vertex 112.756 4.87823 20
      vertex 112.325 4.85 46
      vertex 112.756 4.87823 46
    endloop
  endfacet
  facet normal -0.0653588 0.997862 0
    outer loop
      vertex 112.325 4.85 46
      vertex 112.756 4.87823 20
      vertex 112.325 4.85 20
    endloop
  endfacet
  facet normal 0.195224 -0.980759 0
    outer loop
      vertex 109.071 11.3376 20
      vertex 109.494 11.4218 46
      vertex 109.071 11.3376 46
    endloop
  endfacet
  facet normal 0.195224 -0.980759 0
    outer loop
      vertex 109.494 11.4218 46
      vertex 109.071 11.3376 20
      vertex 109.494 11.4218 20
    endloop
  endfacet
  facet normal 0.946757 0.321948 0
    outer loop
      vertex 106.876 6.88714 46
      vertex 106.737 7.2959 20
      vertex 106.737 7.2959 46
    endloop
  endfacet
  facet normal 0.946757 0.321948 0
    outer loop
      vertex 106.737 7.2959 20
      vertex 106.876 6.88714 46
      vertex 106.876 6.88714 20
    endloop
  endfacet
  facet normal -0.980879 -0.194619 0
    outer loop
      vertex 115.597 8.58074 20
      vertex 115.513 9.0041 46
      vertex 115.513 9.0041 20
    endloop
  endfacet
  facet normal -0.980879 -0.194619 0
    outer loop
      vertex 115.513 9.0041 46
      vertex 115.597 8.58074 20
      vertex 115.597 8.58074 46
    endloop
  endfacet
  facet normal 0.321363 -0.946956 0
    outer loop
      vertex 108.662 11.1988 20
      vertex 109.071 11.3376 46
      vertex 108.662 11.1988 46
    endloop
  endfacet
  facet normal 0.321363 -0.946956 0
    outer loop
      vertex 109.071 11.3376 46
      vertex 108.662 11.1988 20
      vertex 109.071 11.3376 20
    endloop
  endfacet
  facet normal 0.751397 0.659851 0
    outer loop
      vertex 107.592 5.81655 46
      vertex 107.307 6.14109 20
      vertex 107.307 6.14109 46
    endloop
  endfacet
  facet normal 0.751397 0.659851 0
    outer loop
      vertex 107.307 6.14109 20
      vertex 107.592 5.81655 46
      vertex 107.592 5.81655 20
    endloop
  endfacet
  facet normal -0.831273 0.555865 0
    outer loop
      vertex 114.943 6.14109 20
      vertex 115.183 6.5 46
      vertex 115.183 6.5 20
    endloop
  endfacet
  facet normal -0.831273 0.555865 0
    outer loop
      vertex 115.183 6.5 46
      vertex 114.943 6.14109 20
      vertex 114.943 6.14109 46
    endloop
  endfacet
  facet normal 0.555448 -0.831551 0
    outer loop
      vertex 107.916 10.7681 20
      vertex 108.275 11.0079 46
      vertex 107.916 10.7681 46
    endloop
  endfacet
  facet normal 0.555448 -0.831551 0
    outer loop
      vertex 108.275 11.0079 46
      vertex 107.916 10.7681 20
      vertex 108.275 11.0079 20
    endloop
  endfacet
  facet normal 0 -1 0
    outer loop
      vertex 109.925 11.45 20
      vertex 112.325 11.45 46
      vertex 109.925 11.45 46
    endloop
  endfacet
  facet normal 0 -1 -0
    outer loop
      vertex 112.325 11.45 46
      vertex 109.925 11.45 20
      vertex 112.325 11.45 20
    endloop
  endfacet
  facet normal -0.555464 0.83154 0
    outer loop
      vertex 114.334 5.53193 20
      vertex 113.975 5.29212 46
      vertex 114.334 5.53193 46
    endloop
  endfacet
  facet normal -0.555464 0.83154 0
    outer loop
      vertex 113.975 5.29212 46
      vertex 114.334 5.53193 20
      vertex 113.975 5.29212 20
    endloop
  endfacet
  facet normal -0.980879 0.194619 0
    outer loop
      vertex 115.513 7.2959 20
      vertex 115.597 7.71926 46
      vertex 115.597 7.71926 20
    endloop
  endfacet
  facet normal -0.980879 0.194619 0
    outer loop
      vertex 115.597 7.71926 46
      vertex 115.513 7.2959 20
      vertex 115.513 7.2959 46
    endloop
  endfacet
  facet normal -0.997894 -0.0648675 0
    outer loop
      vertex 115.625 8.15 20
      vertex 115.597 8.58074 46
      vertex 115.597 8.58074 20
    endloop
  endfacet
  facet normal -0.997894 -0.0648675 0
    outer loop
      vertex 115.597 8.58074 46
      vertex 115.625 8.15 20
      vertex 115.625 8.15 46
    endloop
  endfacet
  facet normal -0.442387 -0.896824 0
    outer loop
      vertex 113.588 11.1988 20
      vertex 113.975 11.0079 46
      vertex 113.588 11.1988 46
    endloop
  endfacet
  facet normal -0.442387 -0.896824 -0
    outer loop
      vertex 113.975 11.0079 46
      vertex 113.588 11.1988 20
      vertex 113.975 11.0079 20
    endloop
  endfacet
  facet normal -0.896796 0.442445 0
    outer loop
      vertex 115.183 6.5 20
      vertex 115.374 6.88714 46
      vertex 115.374 6.88714 20
    endloop
  endfacet
  facet normal -0.896796 0.442445 0
    outer loop
      vertex 115.374 6.88714 46
      vertex 115.183 6.5 20
      vertex 115.183 6.5 46
    endloop
  endfacet
  facet normal -0.32128 0.946984 0
    outer loop
      vertex 113.588 5.1012 20
      vertex 113.179 4.96244 46
      vertex 113.588 5.1012 46
    endloop
  endfacet
  facet normal -0.32128 0.946984 0
    outer loop
      vertex 113.179 4.96244 46
      vertex 113.588 5.1012 20
      vertex 113.179 4.96244 20
    endloop
  endfacet
  facet normal 0.0652896 -0.997866 0
    outer loop
      vertex 109.494 11.4218 20
      vertex 109.925 11.45 46
      vertex 109.494 11.4218 46
    endloop
  endfacet
  facet normal 0.0652896 -0.997866 0
    outer loop
      vertex 109.925 11.45 46
      vertex 109.494 11.4218 20
      vertex 109.925 11.45 20
    endloop
  endfacet
  facet normal -0.195247 0.980754 0
    outer loop
      vertex 113.179 4.96244 20
      vertex 112.756 4.87823 46
      vertex 113.179 4.96244 46
    endloop
  endfacet
  facet normal -0.195247 0.980754 0
    outer loop
      vertex 112.756 4.87823 46
      vertex 113.179 4.96244 20
      vertex 112.756 4.87823 20
    endloop
  endfacet
  facet normal -0.751457 -0.659782 0
    outer loop
      vertex 114.943 10.1589 20
      vertex 114.658 10.4835 46
      vertex 114.658 10.4835 20
    endloop
  endfacet
  facet normal -0.751457 -0.659782 0
    outer loop
      vertex 114.658 10.4835 46
      vertex 114.943 10.1589 20
      vertex 114.943 10.1589 46
    endloop
  endfacet
  facet normal 0.980879 0.194619 0
    outer loop
      vertex 106.737 7.2959 46
      vertex 106.653 7.71926 20
      vertex 106.653 7.71926 46
    endloop
  endfacet
  facet normal 0.980879 0.194619 0
    outer loop
      vertex 106.653 7.71926 20
      vertex 106.737 7.2959 46
      vertex 106.737 7.2959 20
    endloop
  endfacet
  facet normal -0.321363 -0.946956 0
    outer loop
      vertex 113.179 11.3376 20
      vertex 113.588 11.1988 46
      vertex 113.179 11.3376 46
    endloop
  endfacet
  facet normal -0.321363 -0.946956 -0
    outer loop
      vertex 113.588 11.1988 46
      vertex 113.179 11.3376 20
      vertex 113.588 11.1988 20
    endloop
  endfacet
  facet normal -0.0652896 -0.997866 0
    outer loop
      vertex 112.325 11.45 20
      vertex 112.756 11.4218 46
      vertex 112.325 11.45 46
    endloop
  endfacet
  facet normal -0.0652896 -0.997866 -0
    outer loop
      vertex 112.756 11.4218 46
      vertex 112.325 11.45 20
      vertex 112.756 11.4218 20
    endloop
  endfacet
  facet normal 0.896796 0.442445 0
    outer loop
      vertex 107.067 6.5 46
      vertex 106.876 6.88714 20
      vertex 106.876 6.88714 46
    endloop
  endfacet
  facet normal 0.896796 0.442445 0
    outer loop
      vertex 106.876 6.88714 20
      vertex 107.067 6.5 46
      vertex 107.067 6.5 20
    endloop
  endfacet
  facet normal 0.659974 0.751288 -0
    outer loop
      vertex 107.916 5.53193 20
      vertex 107.592 5.81655 46
      vertex 107.916 5.53193 46
    endloop
  endfacet
  facet normal 0.659974 0.751288 0
    outer loop
      vertex 107.592 5.81655 46
      vertex 107.916 5.53193 20
      vertex 107.592 5.81655 20
    endloop
  endfacet
  facet normal -0.555448 -0.831551 0
    outer loop
      vertex 113.975 11.0079 20
      vertex 114.334 10.7681 46
      vertex 113.975 11.0079 46
    endloop
  endfacet
  facet normal -0.555448 -0.831551 -0
    outer loop
      vertex 114.334 10.7681 46
      vertex 113.975 11.0079 20
      vertex 114.334 10.7681 20
    endloop
  endfacet
  facet normal 0.896796 -0.442445 0
    outer loop
      vertex 106.876 9.41286 46
      vertex 107.067 9.8 20
      vertex 107.067 9.8 46
    endloop
  endfacet
  facet normal 0.896796 -0.442445 0
    outer loop
      vertex 107.067 9.8 20
      vertex 106.876 9.41286 46
      vertex 106.876 9.41286 20
    endloop
  endfacet
  facet normal 0.659948 -0.751311 0
    outer loop
      vertex 107.592 10.4835 20
      vertex 107.916 10.7681 46
      vertex 107.592 10.4835 46
    endloop
  endfacet
  facet normal 0.659948 -0.751311 0
    outer loop
      vertex 107.916 10.7681 46
      vertex 107.592 10.4835 20
      vertex 107.916 10.7681 20
    endloop
  endfacet
  facet normal 0.997894 0.0648675 0
    outer loop
      vertex 106.653 7.71926 46
      vertex 106.625 8.15 20
      vertex 106.625 8.15 46
    endloop
  endfacet
  facet normal 0.997894 0.0648675 0
    outer loop
      vertex 106.625 8.15 20
      vertex 106.653 7.71926 46
      vertex 106.653 7.71926 20
    endloop
  endfacet
  facet normal 0.946757 -0.321948 0
    outer loop
      vertex 106.737 9.0041 46
      vertex 106.876 9.41286 20
      vertex 106.876 9.41286 46
    endloop
  endfacet
  facet normal 0.946757 -0.321948 0
    outer loop
      vertex 106.876 9.41286 20
      vertex 106.737 9.0041 46
      vertex 106.737 9.0041 20
    endloop
  endfacet
  facet normal 0.442424 0.896806 -0
    outer loop
      vertex 108.662 5.1012 20
      vertex 108.275 5.29212 46
      vertex 108.662 5.1012 46
    endloop
  endfacet
  facet normal 0.442424 0.896806 0
    outer loop
      vertex 108.275 5.29212 46
      vertex 108.662 5.1012 20
      vertex 108.275 5.29212 20
    endloop
  endfacet
  facet normal 0.980879 -0.194619 0
    outer loop
      vertex 106.653 8.58074 46
      vertex 106.737 9.0041 20
      vertex 106.737 9.0041 46
    endloop
  endfacet
  facet normal 0.980879 -0.194619 0
    outer loop
      vertex 106.737 9.0041 20
      vertex 106.653 8.58074 46
      vertex 106.653 8.58074 20
    endloop
  endfacet
  facet normal 0.831266 -0.555876 0
    outer loop
      vertex 107.067 9.8 46
      vertex 107.307 10.1589 20
      vertex 107.307 10.1589 46
    endloop
  endfacet
  facet normal 0.831266 -0.555876 0
    outer loop
      vertex 107.307 10.1589 20
      vertex 107.067 9.8 46
      vertex 107.067 9.8 20
    endloop
  endfacet
  facet normal 0.751457 -0.659782 0
    outer loop
      vertex 107.307 10.1589 46
      vertex 107.592 10.4835 20
      vertex 107.592 10.4835 46
    endloop
  endfacet
  facet normal 0.751457 -0.659782 0
    outer loop
      vertex 107.592 10.4835 20
      vertex 107.307 10.1589 46
      vertex 107.307 10.1589 20
    endloop
  endfacet
  facet normal -0.659948 -0.751311 0
    outer loop
      vertex 114.334 10.7681 20
      vertex 114.658 10.4835 46
      vertex 114.334 10.7681 46
    endloop
  endfacet
  facet normal -0.659948 -0.751311 -0
    outer loop
      vertex 114.658 10.4835 46
      vertex 114.334 10.7681 20
      vertex 114.658 10.4835 20
    endloop
  endfacet
  facet normal -0 0 1
    outer loop
      vertex 115.488 8.56501 20
      vertex 115.625 8.15 20
      vertex 115.597 8.58074 20
    endloop
  endfacet
  facet normal 0 0 1
    outer loop
      vertex 115.488 7.73499 20
      vertex 115.625 8.15 20
      vertex 115.515 8.15 20
    endloop
  endfacet
  facet normal 0 0 1
    outer loop
      vertex 115.488 8.56774 20
      vertex 115.597 8.58074 20
      vertex 115.513 9.0041 20
    endloop
  endfacet
  facet normal 0 0 1
    outer loop
      vertex 115.625 8.15 20
      vertex 115.488 8.56501 20
      vertex 115.515 8.15 20
    endloop
  endfacet
  facet normal 0 0 1
    outer loop
      vertex 115.597 8.58074 20
      vertex 115.488 8.56639 20
      vertex 115.488 8.56501 20
    endloop
  endfacet
  facet normal 0 0 1
    outer loop
      vertex 115.597 8.58074 20
      vertex 115.488 8.56774 20
      vertex 115.488 8.56639 20
    endloop
  endfacet
  facet normal 0 0 1
    outer loop
      vertex 115.513 9.0041 20
      vertex 115.406 8.97565 20
      vertex 115.488 8.56774 20
    endloop
  endfacet
  facet normal -0 0 1
    outer loop
      vertex 115.273 9.36947 20
      vertex 115.513 9.0041 20
      vertex 115.374 9.41286 20
    endloop
  endfacet
  facet normal 0 0 1
    outer loop
      vertex 115.513 9.0041 20
      vertex 115.273 9.36947 20
      vertex 115.406 8.97565 20
    endloop
  endfacet
  facet normal 0 0 1
    outer loop
      vertex 115.374 9.41286 20
      vertex 115.272 9.37078 20
      vertex 115.273 9.36947 20
    endloop
  endfacet
  facet normal -0 0 1
    outer loop
      vertex 115.088 9.74379 20
      vertex 115.374 9.41286 20
      vertex 115.183 9.8 20
    endloop
  endfacet
  facet normal 0 0 1
    outer loop
      vertex 115.374 9.41286 20
      vertex 115.088 9.74379 20
      vertex 115.272 9.37078 20
    endloop
  endfacet
  facet normal 0 0 1
    outer loop
      vertex 115.183 9.8 20
      vertex 115.088 9.74503 20
      vertex 115.088 9.74379 20
    endloop
  endfacet
  facet normal 0 0 1
    outer loop
      vertex 115.183 9.8 20
      vertex 115.087 9.74618 20
      vertex 115.088 9.74503 20
    endloop
  endfacet
  facet normal 0 0 1
    outer loop
      vertex 114.943 10.1589 20
      vertex 115.087 9.74618 20
      vertex 115.183 9.8 20
    endloop
  endfacet
  facet normal 0 0 1
    outer loop
      vertex 114.943 10.1589 20
      vertex 114.856 10.092 20
      vertex 115.087 9.74618 20
    endloop
  endfacet
  facet normal 0 0 1
    outer loop
      vertex 114.943 10.1589 20
      vertex 114.855 10.093 20
      vertex 114.856 10.092 20
    endloop
  endfacet
  facet normal 0 0 1
    outer loop
      vertex 114.658 10.4835 20
      vertex 114.855 10.093 20
      vertex 114.943 10.1589 20
    endloop
  endfacet
  facet normal 0 0 1
    outer loop
      vertex 114.658 10.4835 20
      vertex 114.581 10.4057 20
      vertex 114.855 10.093 20
    endloop
  endfacet
  facet normal -0 0 1
    outer loop
      vertex 114.268 10.6799 20
      vertex 114.658 10.4835 20
      vertex 114.334 10.7681 20
    endloop
  endfacet
  facet normal 0 0 1
    outer loop
      vertex 114.658 10.4835 20
      vertex 114.268 10.6799 20
      vertex 114.581 10.4057 20
    endloop
  endfacet
  facet normal 0 0 1
    outer loop
      vertex 114.334 10.7681 20
      vertex 114.267 10.6808 20
      vertex 114.268 10.6799 20
    endloop
  endfacet
  facet normal 0 0 1
    outer loop
      vertex 114.334 10.7681 20
      vertex 114.266 10.6816 20
      vertex 114.267 10.6808 20
    endloop
  endfacet
  facet normal 0 0 1
    outer loop
      vertex 113.975 11.0079 20
      vertex 114.266 10.6816 20
      vertex 114.334 10.7681 20
    endloop
  endfacet
  facet normal 0 0 1
    outer loop
      vertex 113.975 11.0079 20
      vertex 113.92 10.9127 20
      vertex 114.266 10.6816 20
    endloop
  endfacet
  facet normal -0 0 1
    outer loop
      vertex 113.547 11.0966 20
      vertex 113.975 11.0079 20
      vertex 113.588 11.1988 20
    endloop
  endfacet
  facet normal 0 0 1
    outer loop
      vertex 113.975 11.0079 20
      vertex 113.547 11.0966 20
      vertex 113.92 10.9127 20
    endloop
  endfacet
  facet normal 0 0 1
    outer loop
      vertex 113.588 11.1988 20
      vertex 113.546 11.0972 20
      vertex 113.547 11.0966 20
    endloop
  endfacet
  facet normal 0 0 1
    outer loop
      vertex 113.588 11.1988 20
      vertex 113.544 11.0977 20
      vertex 113.546 11.0972 20
    endloop
  endfacet
  facet normal 0 0 1
    outer loop
      vertex 113.179 11.3376 20
      vertex 113.544 11.0977 20
      vertex 113.588 11.1988 20
    endloop
  endfacet
  facet normal 0 0 1
    outer loop
      vertex 113.179 11.3376 20
      vertex 113.151 11.2314 20
      vertex 113.544 11.0977 20
    endloop
  endfacet
  facet normal 0 0 1
    outer loop
      vertex 113.179 11.3376 20
      vertex 113.149 11.2316 20
      vertex 113.151 11.2314 20
    endloop
  endfacet
  facet normal 0 0 1
    outer loop
      vertex 112.756 11.4218 20
      vertex 113.149 11.2316 20
      vertex 113.179 11.3376 20
    endloop
  endfacet
  facet normal 0 0 1
    outer loop
      vertex 112.756 11.4218 20
      vertex 112.741 11.3128 20
      vertex 113.149 11.2316 20
    endloop
  endfacet
  facet normal 0 0 1
    outer loop
      vertex 112.756 11.4218 20
      vertex 112.326 11.34 20
      vertex 112.741 11.3128 20
    endloop
  endfacet
  facet normal 0 0 1
    outer loop
      vertex 112.325 11.45 20
      vertex 112.326 11.34 20
      vertex 112.756 11.4218 20
    endloop
  endfacet
  facet normal 0 0 1
    outer loop
      vertex 112.325 11.45 20
      vertex 112.325 11.3401 20
      vertex 112.326 11.34 20
    endloop
  endfacet
  facet normal -0 0 1
    outer loop
      vertex 109.925 11.45 20
      vertex 112.325 11.3401 20
      vertex 112.325 11.45 20
    endloop
  endfacet
  facet normal 0 0 1
    outer loop
      vertex 109.925 11.45 20
      vertex 109.925 11.3401 20
      vertex 112.325 11.3401 20
    endloop
  endfacet
  facet normal 0 0 1
    outer loop
      vertex 109.925 11.45 20
      vertex 109.924 11.34 20
      vertex 109.925 11.3401 20
    endloop
  endfacet
  facet normal -0 0 1
    outer loop
      vertex 109.494 11.4218 20
      vertex 109.924 11.34 20
      vertex 109.925 11.45 20
    endloop
  endfacet
  facet normal 0 0 1
    outer loop
      vertex 109.924 11.34 20
      vertex 109.494 11.4218 20
      vertex 109.509 11.3128 20
    endloop
  endfacet
  facet normal 0 0 1
    outer loop
      vertex 109.494 11.4218 20
      vertex 109.101 11.2316 20
      vertex 109.509 11.3128 20
    endloop
  endfacet
  facet normal -0 0 1
    outer loop
      vertex 109.071 11.3376 20
      vertex 109.101 11.2316 20
      vertex 109.494 11.4218 20
    endloop
  endfacet
  facet normal 0 0 1
    outer loop
      vertex 109.101 11.2316 20
      vertex 109.071 11.3376 20
      vertex 109.099 11.2314 20
    endloop
  endfacet
  facet normal 0 0 1
    outer loop
      vertex 109.071 11.3376 20
      vertex 108.706 11.0977 20
      vertex 109.099 11.2314 20
    endloop
  endfacet
  facet normal -0 0 1
    outer loop
      vertex 108.662 11.1988 20
      vertex 108.706 11.0977 20
      vertex 109.071 11.3376 20
    endloop
  endfacet
  facet normal 0 0 1
    outer loop
      vertex 108.706 11.0977 20
      vertex 108.662 11.1988 20
      vertex 108.704 11.0972 20
    endloop
  endfacet
  facet normal 0 0 1
    outer loop
      vertex 108.704 11.0972 20
      vertex 108.662 11.1988 20
      vertex 108.703 11.0966 20
    endloop
  endfacet
  facet normal 0 0 1
    outer loop
      vertex 108.275 11.0079 20
      vertex 108.703 11.0966 20
      vertex 108.662 11.1988 20
    endloop
  endfacet
  facet normal 0 0 1
    outer loop
      vertex 108.703 11.0966 20
      vertex 108.275 11.0079 20
      vertex 108.33 10.9127 20
    endloop
  endfacet
  facet normal 0 0 1
    outer loop
      vertex 108.275 11.0079 20
      vertex 107.984 10.6816 20
      vertex 108.33 10.9127 20
    endloop
  endfacet
  facet normal -0 0 1
    outer loop
      vertex 107.916 10.7681 20
      vertex 107.984 10.6816 20
      vertex 108.275 11.0079 20
    endloop
  endfacet
  facet normal 0 0 1
    outer loop
      vertex 107.984 10.6816 20
      vertex 107.916 10.7681 20
      vertex 107.983 10.6808 20
    endloop
  endfacet
  facet normal 0 0 1
    outer loop
      vertex 107.983 10.6808 20
      vertex 107.916 10.7681 20
      vertex 107.982 10.6799 20
    endloop
  endfacet
  facet normal 0 0 1
    outer loop
      vertex 107.592 10.4835 20
      vertex 107.982 10.6799 20
      vertex 107.916 10.7681 20
    endloop
  endfacet
  facet normal 0 0 1
    outer loop
      vertex 107.982 10.6799 20
      vertex 107.592 10.4835 20
      vertex 107.669 10.4057 20
    endloop
  endfacet
  facet normal 0 0 1
    outer loop
      vertex 107.592 10.4835 20
      vertex 107.395 10.093 20
      vertex 107.669 10.4057 20
    endloop
  endfacet
  facet normal -0 0 1
    outer loop
      vertex 107.307 10.1589 20
      vertex 107.395 10.093 20
      vertex 107.592 10.4835 20
    endloop
  endfacet
  facet normal 0 0 1
    outer loop
      vertex 107.395 10.093 20
      vertex 107.307 10.1589 20
      vertex 107.394 10.092 20
    endloop
  endfacet
  facet normal 0 0 1
    outer loop
      vertex 107.307 10.1589 20
      vertex 107.163 9.74618 20
      vertex 107.394 10.092 20
    endloop
  endfacet
  facet normal -0 0 1
    outer loop
      vertex 107.067 9.8 20
      vertex 107.163 9.74618 20
      vertex 107.307 10.1589 20
    endloop
  endfacet
  facet normal 0 0 1
    outer loop
      vertex 107.163 9.74618 20
      vertex 107.067 9.8 20
      vertex 107.162 9.74503 20
    endloop
  endfacet
  facet normal 0 0 1
    outer loop
      vertex 107.162 9.74503 20
      vertex 107.067 9.8 20
      vertex 107.162 9.74379 20
    endloop
  endfacet
  facet normal 0 0 1
    outer loop
      vertex 106.876 9.41286 20
      vertex 107.162 9.74379 20
      vertex 107.067 9.8 20
    endloop
  endfacet
  facet normal 0 0 1
    outer loop
      vertex 107.162 9.74379 20
      vertex 106.876 9.41286 20
      vertex 106.978 9.37078 20
    endloop
  endfacet
  facet normal 0 0 1
    outer loop
      vertex 106.978 9.37078 20
      vertex 106.876 9.41286 20
      vertex 106.977 9.36947 20
    endloop
  endfacet
  facet normal 0 0 1
    outer loop
      vertex 106.737 9.0041 20
      vertex 106.977 9.36947 20
      vertex 106.876 9.41286 20
    endloop
  endfacet
  facet normal 0 0 1
    outer loop
      vertex 106.977 9.36947 20
      vertex 106.737 9.0041 20
      vertex 106.844 8.97565 20
    endloop
  endfacet
  facet normal 0 0 1
    outer loop
      vertex 106.844 8.97565 20
      vertex 106.737 9.0041 20
      vertex 106.762 8.56774 20
    endloop
  endfacet
  facet normal -0 0 1
    outer loop
      vertex 106.653 8.58074 20
      vertex 106.762 8.56774 20
      vertex 106.737 9.0041 20
    endloop
  endfacet
  facet normal 0 0 1
    outer loop
      vertex 106.762 8.56774 20
      vertex 106.653 8.58074 20
      vertex 106.762 8.56639 20
    endloop
  endfacet
  facet normal 0 0 1
    outer loop
      vertex 106.762 8.56639 20
      vertex 106.653 8.58074 20
      vertex 106.762 8.56501 20
    endloop
  endfacet
  facet normal 0 0 1
    outer loop
      vertex 106.625 8.15 20
      vertex 106.762 8.56501 20
      vertex 106.653 8.58074 20
    endloop
  endfacet
  facet normal 0 0 1
    outer loop
      vertex 115.625 8.15 20
      vertex 115.488 7.73499 20
      vertex 115.597 7.71926 20
    endloop
  endfacet
  facet normal -0 0 1
    outer loop
      vertex 115.488 7.73361 20
      vertex 115.597 7.71926 20
      vertex 115.488 7.73499 20
    endloop
  endfacet
  facet normal -0 0 1
    outer loop
      vertex 115.488 7.73226 20
      vertex 115.597 7.71926 20
      vertex 115.488 7.73361 20
    endloop
  endfacet
  facet normal 0 0 1
    outer loop
      vertex 115.597 7.71926 20
      vertex 115.488 7.73226 20
      vertex 115.513 7.2959 20
    endloop
  endfacet
  facet normal -0 0 1
    outer loop
      vertex 115.406 7.32435 20
      vertex 115.513 7.2959 20
      vertex 115.488 7.73226 20
    endloop
  endfacet
  facet normal 0 0 1
    outer loop
      vertex 115.273 6.93052 20
      vertex 115.513 7.2959 20
      vertex 115.406 7.32435 20
    endloop
  endfacet
  facet normal 0 0 1
    outer loop
      vertex 115.513 7.2959 20
      vertex 115.273 6.93052 20
      vertex 115.374 6.88714 20
    endloop
  endfacet
  facet normal -0 0 1
    outer loop
      vertex 115.272 6.92921 20
      vertex 115.374 6.88714 20
      vertex 115.273 6.93052 20
    endloop
  endfacet
  facet normal -0 0 1
    outer loop
      vertex 115.272 6.92797 20
      vertex 115.374 6.88714 20
      vertex 115.272 6.92921 20
    endloop
  endfacet
  facet normal 0 0 1
    outer loop
      vertex 115.272 6.92797 20
      vertex 115.183 6.5 20
      vertex 115.374 6.88714 20
    endloop
  endfacet
  facet normal -0 0 1
    outer loop
      vertex 115.088 6.55497 20
      vertex 115.183 6.5 20
      vertex 115.272 6.92797 20
    endloop
  endfacet
  facet normal -0 0 1
    outer loop
      vertex 115.087 6.55382 20
      vertex 115.183 6.5 20
      vertex 115.088 6.55497 20
    endloop
  endfacet
  facet normal 0 0 1
    outer loop
      vertex 115.087 6.55382 20
      vertex 114.943 6.14109 20
      vertex 115.183 6.5 20
    endloop
  endfacet
  facet normal -0 0 1
    outer loop
      vertex 114.856 6.20801 20
      vertex 114.943 6.14109 20
      vertex 115.087 6.55382 20
    endloop
  endfacet
  facet normal -0 0 1
    outer loop
      vertex 114.855 6.20697 20
      vertex 114.943 6.14109 20
      vertex 114.856 6.20801 20
    endloop
  endfacet
  facet normal 0 0 1
    outer loop
      vertex 114.855 6.20697 20
      vertex 114.658 5.81655 20
      vertex 114.943 6.14109 20
    endloop
  endfacet
  facet normal -0 0 1
    outer loop
      vertex 114.581 5.89428 20
      vertex 114.658 5.81655 20
      vertex 114.855 6.20697 20
    endloop
  endfacet
  facet normal -0 0 1
    outer loop
      vertex 114.58 5.89337 20
      vertex 114.658 5.81655 20
      vertex 114.581 5.89428 20
    endloop
  endfacet
  facet normal 0 0 1
    outer loop
      vertex 114.58 5.89337 20
      vertex 114.334 5.53193 20
      vertex 114.658 5.81655 20
    endloop
  endfacet
  facet normal -0 0 1
    outer loop
      vertex 114.267 5.61915 20
      vertex 114.334 5.53193 20
      vertex 114.58 5.89337 20
    endloop
  endfacet
  facet normal 0 0 1
    outer loop
      vertex 113.921 5.38809 20
      vertex 114.334 5.53193 20
      vertex 114.267 5.61915 20
    endloop
  endfacet
  facet normal 0 0 1
    outer loop
      vertex 114.334 5.53193 20
      vertex 113.921 5.38809 20
      vertex 113.975 5.29212 20
    endloop
  endfacet
  facet normal -0 0 1
    outer loop
      vertex 113.92 5.38732 20
      vertex 113.975 5.29212 20
      vertex 113.921 5.38809 20
    endloop
  endfacet
  facet normal -0 0 1
    outer loop
      vertex 113.919 5.38671 20
      vertex 113.975 5.29212 20
      vertex 113.92 5.38732 20
    endloop
  endfacet
  facet normal 0 0 1
    outer loop
      vertex 113.919 5.38671 20
      vertex 113.588 5.1012 20
      vertex 113.975 5.29212 20
    endloop
  endfacet
  facet normal -0 0 1
    outer loop
      vertex 113.546 5.20276 20
      vertex 113.588 5.1012 20
      vertex 113.919 5.38671 20
    endloop
  endfacet
  facet normal 0 0 1
    outer loop
      vertex 113.152 5.06908 20
      vertex 113.588 5.1012 20
      vertex 113.546 5.20276 20
    endloop
  endfacet
  facet normal 0 0 1
    outer loop
      vertex 113.588 5.1012 20
      vertex 113.152 5.06908 20
      vertex 113.179 4.96244 20
    endloop
  endfacet
  facet normal -0 0 1
    outer loop
      vertex 113.151 5.06863 20
      vertex 113.179 4.96244 20
      vertex 113.152 5.06908 20
    endloop
  endfacet
  facet normal -0 0 1
    outer loop
      vertex 113.149 5.06836 20
      vertex 113.179 4.96244 20
      vertex 113.151 5.06863 20
    endloop
  endfacet
  facet normal 0 0 1
    outer loop
      vertex 113.149 5.06836 20
      vertex 112.756 4.87823 20
      vertex 113.179 4.96244 20
    endloop
  endfacet
  facet normal -0 0 1
    outer loop
      vertex 112.741 4.98723 20
      vertex 112.756 4.87823 20
      vertex 113.149 5.06836 20
    endloop
  endfacet
  facet normal -0 0 1
    outer loop
      vertex 112.326 4.96003 20
      vertex 112.756 4.87823 20
      vertex 112.741 4.98723 20
    endloop
  endfacet
  facet normal 0 0 1
    outer loop
      vertex 112.325 4.85 20
      vertex 112.326 4.96003 20
      vertex 112.325 4.95994 20
    endloop
  endfacet
  facet normal 0 0 1
    outer loop
      vertex 112.326 4.96003 20
      vertex 112.325 4.85 20
      vertex 112.756 4.87823 20
    endloop
  endfacet
  facet normal -0 0 1
    outer loop
      vertex 109.925 4.95994 20
      vertex 112.325 4.85 20
      vertex 112.325 4.95994 20
    endloop
  endfacet
  facet normal 0 0 1
    outer loop
      vertex 109.925 4.95994 20
      vertex 109.925 4.85 20
      vertex 112.325 4.85 20
    endloop
  endfacet
  facet normal 0 0 1
    outer loop
      vertex 109.924 4.96003 20
      vertex 109.925 4.85 20
      vertex 109.925 4.95994 20
    endloop
  endfacet
  facet normal 0 0 1
    outer loop
      vertex 109.494 4.87823 20
      vertex 109.924 4.96003 20
      vertex 109.509 4.98723 20
    endloop
  endfacet
  facet normal 0 0 1
    outer loop
      vertex 109.924 4.96003 20
      vertex 109.494 4.87823 20
      vertex 109.925 4.85 20
    endloop
  endfacet
  facet normal 0 0 1
    outer loop
      vertex 109.101 5.06836 20
      vertex 109.494 4.87823 20
      vertex 109.509 4.98723 20
    endloop
  endfacet
  facet normal 0 0 1
    outer loop
      vertex 109.071 4.96244 20
      vertex 109.101 5.06836 20
      vertex 109.099 5.06863 20
    endloop
  endfacet
  facet normal 0 0 1
    outer loop
      vertex 109.071 4.96244 20
      vertex 109.099 5.06863 20
      vertex 109.098 5.06908 20
    endloop
  endfacet
  facet normal 0 0 1
    outer loop
      vertex 109.101 5.06836 20
      vertex 109.071 4.96244 20
      vertex 109.494 4.87823 20
    endloop
  endfacet
  facet normal -0 0 1
    outer loop
      vertex 108.662 5.1012 20
      vertex 109.098 5.06908 20
      vertex 108.704 5.20276 20
    endloop
  endfacet
  facet normal 0 0 1
    outer loop
      vertex 109.098 5.06908 20
      vertex 108.662 5.1012 20
      vertex 109.071 4.96244 20
    endloop
  endfacet
  facet normal 0 0 1
    outer loop
      vertex 108.331 5.38671 20
      vertex 108.662 5.1012 20
      vertex 108.704 5.20276 20
    endloop
  endfacet
  facet normal 0 0 1
    outer loop
      vertex 108.275 5.29212 20
      vertex 108.331 5.38671 20
      vertex 108.33 5.38732 20
    endloop
  endfacet
  facet normal 0 0 1
    outer loop
      vertex 108.275 5.29212 20
      vertex 108.33 5.38732 20
      vertex 108.329 5.38809 20
    endloop
  endfacet
  facet normal 0 0 1
    outer loop
      vertex 108.331 5.38671 20
      vertex 108.275 5.29212 20
      vertex 108.662 5.1012 20
    endloop
  endfacet
  facet normal -0 0 1
    outer loop
      vertex 107.916 5.53193 20
      vertex 108.329 5.38809 20
      vertex 107.983 5.61915 20
    endloop
  endfacet
  facet normal 0 0 1
    outer loop
      vertex 108.329 5.38809 20
      vertex 107.916 5.53193 20
      vertex 108.275 5.29212 20
    endloop
  endfacet
  facet normal 0 0 1
    outer loop
      vertex 107.67 5.89337 20
      vertex 107.916 5.53193 20
      vertex 107.983 5.61915 20
    endloop
  endfacet
  facet normal 0 0 1
    outer loop
      vertex 107.592 5.81655 20
      vertex 107.67 5.89337 20
      vertex 107.669 5.89428 20
    endloop
  endfacet
  facet normal 0 0 1
    outer loop
      vertex 107.67 5.89337 20
      vertex 107.592 5.81655 20
      vertex 107.916 5.53193 20
    endloop
  endfacet
  facet normal 0 0 1
    outer loop
      vertex 107.395 6.20697 20
      vertex 107.592 5.81655 20
      vertex 107.669 5.89428 20
    endloop
  endfacet
  facet normal 0 0 1
    outer loop
      vertex 107.307 6.14109 20
      vertex 107.395 6.20697 20
      vertex 107.394 6.20801 20
    endloop
  endfacet
  facet normal 0 0 1
    outer loop
      vertex 107.395 6.20697 20
      vertex 107.307 6.14109 20
      vertex 107.592 5.81655 20
    endloop
  endfacet
  facet normal 0 0 1
    outer loop
      vertex 107.163 6.55382 20
      vertex 107.307 6.14109 20
      vertex 107.394 6.20801 20
    endloop
  endfacet
  facet normal 0 0 1
    outer loop
      vertex 107.067 6.5 20
      vertex 107.163 6.55382 20
      vertex 107.162 6.55497 20
    endloop
  endfacet
  facet normal 0 0 1
    outer loop
      vertex 107.163 6.55382 20
      vertex 107.067 6.5 20
      vertex 107.307 6.14109 20
    endloop
  endfacet
  facet normal 0 0 1
    outer loop
      vertex 106.978 6.92797 20
      vertex 107.067 6.5 20
      vertex 107.162 6.55497 20
    endloop
  endfacet
  facet normal 0 0 1
    outer loop
      vertex 106.876 6.88714 20
      vertex 106.978 6.92797 20
      vertex 106.978 6.92921 20
    endloop
  endfacet
  facet normal 0 0 1
    outer loop
      vertex 106.876 6.88714 20
      vertex 106.978 6.92921 20
      vertex 106.977 6.93052 20
    endloop
  endfacet
  facet normal 0 0 1
    outer loop
      vertex 106.978 6.92797 20
      vertex 106.876 6.88714 20
      vertex 107.067 6.5 20
    endloop
  endfacet
  facet normal -0 0 1
    outer loop
      vertex 106.737 7.2959 20
      vertex 106.977 6.93052 20
      vertex 106.844 7.32435 20
    endloop
  endfacet
  facet normal 0 0 1
    outer loop
      vertex 106.737 7.2959 20
      vertex 106.844 7.32435 20
      vertex 106.762 7.73226 20
    endloop
  endfacet
  facet normal 0 0 1
    outer loop
      vertex 106.653 7.71926 20
      vertex 106.762 7.73226 20
      vertex 106.762 7.73361 20
    endloop
  endfacet
  facet normal 0 0 1
    outer loop
      vertex 106.977 6.93052 20
      vertex 106.737 7.2959 20
      vertex 106.876 6.88714 20
    endloop
  endfacet
  facet normal 0 0 1
    outer loop
      vertex 106.653 7.71926 20
      vertex 106.762 7.73361 20
      vertex 106.762 7.73499 20
    endloop
  endfacet
  facet normal -0 0 1
    outer loop
      vertex 106.625 8.15 20
      vertex 106.762 7.73499 20
      vertex 106.735 8.15 20
    endloop
  endfacet
  facet normal 0 0 1
    outer loop
      vertex 106.762 8.56501 20
      vertex 106.625 8.15 20
      vertex 106.735 8.15 20
    endloop
  endfacet
  facet normal 0 0 1
    outer loop
      vertex 106.762 7.73226 20
      vertex 106.653 7.71926 20
      vertex 106.737 7.2959 20
    endloop
  endfacet
  facet normal 0 0 1
    outer loop
      vertex 106.762 7.73499 20
      vertex 106.625 8.15 20
      vertex 106.653 7.71926 20
    endloop
  endfacet
  facet normal 0.32128 0.946984 -0
    outer loop
      vertex 109.071 4.96244 20
      vertex 108.662 5.1012 46
      vertex 109.071 4.96244 46
    endloop
  endfacet
  facet normal 0.32128 0.946984 0
    outer loop
      vertex 108.662 5.1012 46
      vertex 109.071 4.96244 20
      vertex 108.662 5.1012 20
    endloop
  endfacet
  facet normal -0.92386 -0.38273 0
    outer loop
      vertex 15.9773 20.8623 2.39
      vertex 15.8374 21.2 8
      vertex 15.8374 21.2 2.39
    endloop
  endfacet
  facet normal -0.92386 -0.38273 0
    outer loop
      vertex 15.8374 21.2 8
      vertex 15.9773 20.8623 2.39
      vertex 15.9773 20.8623 8
    endloop
  endfacet
  facet normal -0.991444 -0.130532 0
    outer loop
      vertex 16.025 20.5 2.39
      vertex 15.9773 20.8623 8
      vertex 15.9773 20.8623 2.39
    endloop
  endfacet
  facet normal -0.991444 -0.130532 0
    outer loop
      vertex 15.9773 20.8623 8
      vertex 16.025 20.5 2.39
      vertex 16.025 20.5 8
    endloop
  endfacet
  facet normal -0.793285 -0.608851 0
    outer loop
      vertex 15.8374 21.2 2.39
      vertex 15.6149 21.4899 8
      vertex 15.6149 21.4899 2.39
    endloop
  endfacet
  facet normal -0.793285 -0.608851 0
    outer loop
      vertex 15.6149 21.4899 8
      vertex 15.8374 21.2 2.39
      vertex 15.8374 21.2 8
    endloop
  endfacet
  facet normal -0.130532 -0.991444 0
    outer loop
      vertex 14.625 21.9 2.39
      vertex 14.9873 21.8523 8
      vertex 14.625 21.9 8
    endloop
  endfacet
  facet normal -0.130532 -0.991444 -0
    outer loop
      vertex 14.9873 21.8523 8
      vertex 14.625 21.9 2.39
      vertex 14.9873 21.8523 2.39
    endloop
  endfacet
  facet normal -0.793285 0.608851 0
    outer loop
      vertex 15.6149 19.5101 2.39
      vertex 15.8374 19.8 8
      vertex 15.8374 19.8 2.39
    endloop
  endfacet
  facet normal -0.793285 0.608851 0
    outer loop
      vertex 15.8374 19.8 8
      vertex 15.6149 19.5101 2.39
      vertex 15.6149 19.5101 8
    endloop
  endfacet
  facet normal -0.608851 -0.793285 0
    outer loop
      vertex 15.325 21.7124 2.39
      vertex 15.6149 21.4899 8
      vertex 15.325 21.7124 8
    endloop
  endfacet
  facet normal -0.608851 -0.793285 -0
    outer loop
      vertex 15.6149 21.4899 8
      vertex 15.325 21.7124 2.39
      vertex 15.6149 21.4899 2.39
    endloop
  endfacet
  facet normal 0.608851 -0.793285 0
    outer loop
      vertex 13.6351 21.4899 2.39
      vertex 13.925 21.7124 8
      vertex 13.6351 21.4899 8
    endloop
  endfacet
  facet normal 0.608851 -0.793285 0
    outer loop
      vertex 13.925 21.7124 8
      vertex 13.6351 21.4899 2.39
      vertex 13.925 21.7124 2.39
    endloop
  endfacet
  facet normal 0.92386 0.38273 0
    outer loop
      vertex 13.4126 19.8 8
      vertex 13.2727 20.1377 2.39
      vertex 13.2727 20.1377 8
    endloop
  endfacet
  facet normal 0.92386 0.38273 0
    outer loop
      vertex 13.2727 20.1377 2.39
      vertex 13.4126 19.8 8
      vertex 13.4126 19.8 2.39
    endloop
  endfacet
  facet normal 0.793285 -0.608851 0
    outer loop
      vertex 13.4126 21.2 8
      vertex 13.6351 21.4899 2.39
      vertex 13.6351 21.4899 8
    endloop
  endfacet
  facet normal 0.793285 -0.608851 0
    outer loop
      vertex 13.6351 21.4899 2.39
      vertex 13.4126 21.2 8
      vertex 13.4126 21.2 2.39
    endloop
  endfacet
  facet normal -0.991444 0.130532 0
    outer loop
      vertex 15.9773 20.1377 2.39
      vertex 16.025 20.5 8
      vertex 16.025 20.5 2.39
    endloop
  endfacet
  facet normal -0.991444 0.130532 0
    outer loop
      vertex 16.025 20.5 8
      vertex 15.9773 20.1377 2.39
      vertex 15.9773 20.1377 8
    endloop
  endfacet
  facet normal 0.130532 0.991444 -0
    outer loop
      vertex 14.625 19.1 2.39
      vertex 14.2627 19.1477 8
      vertex 14.625 19.1 8
    endloop
  endfacet
  facet normal 0.130532 0.991444 0
    outer loop
      vertex 14.2627 19.1477 8
      vertex 14.625 19.1 2.39
      vertex 14.2627 19.1477 2.39
    endloop
  endfacet
  facet normal -0.38273 -0.92386 0
    outer loop
      vertex 14.9873 21.8523 2.39
      vertex 15.325 21.7124 8
      vertex 14.9873 21.8523 8
    endloop
  endfacet
  facet normal -0.38273 -0.92386 -0
    outer loop
      vertex 15.325 21.7124 8
      vertex 14.9873 21.8523 2.39
      vertex 15.325 21.7124 2.39
    endloop
  endfacet
  facet normal -0.92386 0.38273 0
    outer loop
      vertex 15.8374 19.8 2.39
      vertex 15.9773 20.1377 8
      vertex 15.9773 20.1377 2.39
    endloop
  endfacet
  facet normal -0.92386 0.38273 0
    outer loop
      vertex 15.9773 20.1377 8
      vertex 15.8374 19.8 2.39
      vertex 15.8374 19.8 8
    endloop
  endfacet
  facet normal -0.38273 0.92386 0
    outer loop
      vertex 15.325 19.2876 2.39
      vertex 14.9873 19.1477 8
      vertex 15.325 19.2876 8
    endloop
  endfacet
  facet normal -0.38273 0.92386 0
    outer loop
      vertex 14.9873 19.1477 8
      vertex 15.325 19.2876 2.39
      vertex 14.9873 19.1477 2.39
    endloop
  endfacet
  facet normal 0.991444 0.130532 0
    outer loop
      vertex 13.2727 20.1377 8
      vertex 13.225 20.5 2.39
      vertex 13.225 20.5 8
    endloop
  endfacet
  facet normal 0.991444 0.130532 0
    outer loop
      vertex 13.225 20.5 2.39
      vertex 13.2727 20.1377 8
      vertex 13.2727 20.1377 2.39
    endloop
  endfacet
  facet normal 0.38273 -0.92386 0
    outer loop
      vertex 13.925 21.7124 2.39
      vertex 14.2627 21.8523 8
      vertex 13.925 21.7124 8
    endloop
  endfacet
  facet normal 0.38273 -0.92386 0
    outer loop
      vertex 14.2627 21.8523 8
      vertex 13.925 21.7124 2.39
      vertex 14.2627 21.8523 2.39
    endloop
  endfacet
  facet normal -0.608851 0.793285 0
    outer loop
      vertex 15.6149 19.5101 2.39
      vertex 15.325 19.2876 8
      vertex 15.6149 19.5101 8
    endloop
  endfacet
  facet normal -0.608851 0.793285 0
    outer loop
      vertex 15.325 19.2876 8
      vertex 15.6149 19.5101 2.39
      vertex 15.325 19.2876 2.39
    endloop
  endfacet
  facet normal 0.130532 -0.991444 0
    outer loop
      vertex 14.2627 21.8523 2.39
      vertex 14.625 21.9 8
      vertex 14.2627 21.8523 8
    endloop
  endfacet
  facet normal 0.130532 -0.991444 0
    outer loop
      vertex 14.625 21.9 8
      vertex 14.2627 21.8523 2.39
      vertex 14.625 21.9 2.39
    endloop
  endfacet
  facet normal 0.608851 0.793285 -0
    outer loop
      vertex 13.925 19.2876 2.39
      vertex 13.6351 19.5101 8
      vertex 13.925 19.2876 8
    endloop
  endfacet
  facet normal 0.608851 0.793285 0
    outer loop
      vertex 13.6351 19.5101 8
      vertex 13.925 19.2876 2.39
      vertex 13.6351 19.5101 2.39
    endloop
  endfacet
  facet normal 0.991444 -0.130532 0
    outer loop
      vertex 13.225 20.5 8
      vertex 13.2727 20.8623 2.39
      vertex 13.2727 20.8623 8
    endloop
  endfacet
  facet normal 0.991444 -0.130532 0
    outer loop
      vertex 13.2727 20.8623 2.39
      vertex 13.225 20.5 8
      vertex 13.225 20.5 2.39
    endloop
  endfacet
  facet normal -0.130532 0.991444 0
    outer loop
      vertex 14.9873 19.1477 2.39
      vertex 14.625 19.1 8
      vertex 14.9873 19.1477 8
    endloop
  endfacet
  facet normal -0.130532 0.991444 0
    outer loop
      vertex 14.625 19.1 8
      vertex 14.9873 19.1477 2.39
      vertex 14.625 19.1 2.39
    endloop
  endfacet
  facet normal 0.793285 0.608851 0
    outer loop
      vertex 13.6351 19.5101 8
      vertex 13.4126 19.8 2.39
      vertex 13.4126 19.8 8
    endloop
  endfacet
  facet normal 0.793285 0.608851 0
    outer loop
      vertex 13.4126 19.8 2.39
      vertex 13.6351 19.5101 8
      vertex 13.6351 19.5101 2.39
    endloop
  endfacet
  facet normal 0.38273 0.92386 -0
    outer loop
      vertex 14.2627 19.1477 2.39
      vertex 13.925 19.2876 8
      vertex 14.2627 19.1477 8
    endloop
  endfacet
  facet normal 0.38273 0.92386 0
    outer loop
      vertex 13.925 19.2876 8
      vertex 14.2627 19.1477 2.39
      vertex 13.925 19.2876 2.39
    endloop
  endfacet
  facet normal 0.92386 -0.38273 0
    outer loop
      vertex 13.2727 20.8623 8
      vertex 13.4126 21.2 2.39
      vertex 13.4126 21.2 8
    endloop
  endfacet
  facet normal 0.92386 -0.38273 0
    outer loop
      vertex 13.4126 21.2 2.39
      vertex 13.2727 20.8623 8
      vertex 13.2727 20.8623 2.39
    endloop
  endfacet
  facet normal 0 1 -0
    outer loop
      vertex 16.1 17.9452 0
      vertex 13.15 17.9452 2.39
      vertex 16.1 17.9452 2.39
    endloop
  endfacet
  facet normal 0 1 0
    outer loop
      vertex 13.15 17.9452 2.39
      vertex 16.1 17.9452 0
      vertex 13.15 17.9452 0
    endloop
  endfacet
  facet normal -0.866028 0.499996 0
    outer loop
      vertex 16.1 17.9452 0
      vertex 17.575 20.5 2.39
      vertex 17.575 20.5 0
    endloop
  endfacet
  facet normal -0.866028 0.499996 0
    outer loop
      vertex 17.575 20.5 2.39
      vertex 16.1 17.9452 0
      vertex 16.1 17.9452 2.39
    endloop
  endfacet
  facet normal 0 -1 0
    outer loop
      vertex 13.15 23.0548 0
      vertex 16.1 23.0548 2.39
      vertex 13.15 23.0548 2.39
    endloop
  endfacet
  facet normal 0 -1 -0
    outer loop
      vertex 16.1 23.0548 2.39
      vertex 13.15 23.0548 0
      vertex 16.1 23.0548 0
    endloop
  endfacet
  facet normal -0.866028 -0.499996 0
    outer loop
      vertex 17.575 20.5 0
      vertex 16.1 23.0548 2.39
      vertex 16.1 23.0548 0
    endloop
  endfacet
  facet normal -0.866028 -0.499996 0
    outer loop
      vertex 16.1 23.0548 2.39
      vertex 17.575 20.5 0
      vertex 17.575 20.5 2.39
    endloop
  endfacet
  facet normal 0.866028 -0.499996 0
    outer loop
      vertex 11.675 20.5 2.39
      vertex 13.15 23.0548 0
      vertex 13.15 23.0548 2.39
    endloop
  endfacet
  facet normal 0.866028 -0.499996 0
    outer loop
      vertex 13.15 23.0548 0
      vertex 11.675 20.5 2.39
      vertex 11.675 20.5 0
    endloop
  endfacet
  facet normal 0.866028 0.499996 0
    outer loop
      vertex 13.15 17.9452 2.39
      vertex 11.675 20.5 0
      vertex 11.675 20.5 2.39
    endloop
  endfacet
  facet normal 0.866028 0.499996 0
    outer loop
      vertex 11.675 20.5 0
      vertex 13.15 17.9452 2.39
      vertex 13.15 17.9452 0
    endloop
  endfacet
  facet normal 0 0 -1
    outer loop
      vertex 15.8374 19.8 2.39
      vertex 17.575 20.5 2.39
      vertex 16.1 17.9452 2.39
    endloop
  endfacet
  facet normal 0 0 -1
    outer loop
      vertex 15.9773 20.8623 2.39
      vertex 17.575 20.5 2.39
      vertex 16.025 20.5 2.39
    endloop
  endfacet
  facet normal -0 0 -1
    outer loop
      vertex 17.575 20.5 2.39
      vertex 15.9773 20.1377 2.39
      vertex 16.025 20.5 2.39
    endloop
  endfacet
  facet normal 0 0 -1
    outer loop
      vertex 17.575 20.5 2.39
      vertex 15.8374 19.8 2.39
      vertex 15.9773 20.1377 2.39
    endloop
  endfacet
  facet normal 0 0 -1
    outer loop
      vertex 16.1 17.9452 2.39
      vertex 15.6149 19.5101 2.39
      vertex 15.8374 19.8 2.39
    endloop
  endfacet
  facet normal 0 0 -1
    outer loop
      vertex 16.1 17.9452 2.39
      vertex 15.325 19.2876 2.39
      vertex 15.6149 19.5101 2.39
    endloop
  endfacet
  facet normal 0 0 -1
    outer loop
      vertex 16.1 17.9452 2.39
      vertex 14.9873 19.1477 2.39
      vertex 15.325 19.2876 2.39
    endloop
  endfacet
  facet normal 0 0 -1
    outer loop
      vertex 16.1 17.9452 2.39
      vertex 14.625 19.1 2.39
      vertex 14.9873 19.1477 2.39
    endloop
  endfacet
  facet normal 0 0 -1
    outer loop
      vertex 13.15 17.9452 2.39
      vertex 14.625 19.1 2.39
      vertex 16.1 17.9452 2.39
    endloop
  endfacet
  facet normal -0 0 -1
    outer loop
      vertex 14.625 19.1 2.39
      vertex 13.15 17.9452 2.39
      vertex 14.2627 19.1477 2.39
    endloop
  endfacet
  facet normal 0 0 -1
    outer loop
      vertex 13.4126 19.8 2.39
      vertex 11.675 20.5 2.39
      vertex 13.2727 20.1377 2.39
    endloop
  endfacet
  facet normal 0 0 -1
    outer loop
      vertex 11.675 20.5 2.39
      vertex 13.4126 19.8 2.39
      vertex 13.15 17.9452 2.39
    endloop
  endfacet
  facet normal -0 0 -1
    outer loop
      vertex 13.6351 19.5101 2.39
      vertex 13.15 17.9452 2.39
      vertex 13.4126 19.8 2.39
    endloop
  endfacet
  facet normal -0 0 -1
    outer loop
      vertex 13.925 19.2876 2.39
      vertex 13.15 17.9452 2.39
      vertex 13.6351 19.5101 2.39
    endloop
  endfacet
  facet normal -0 0 -1
    outer loop
      vertex 14.2627 19.1477 2.39
      vertex 13.15 17.9452 2.39
      vertex 13.925 19.2876 2.39
    endloop
  endfacet
  facet normal 0 0 -1
    outer loop
      vertex 15.8374 21.2 2.39
      vertex 17.575 20.5 2.39
      vertex 15.9773 20.8623 2.39
    endloop
  endfacet
  facet normal 0 0 -1
    outer loop
      vertex 17.575 20.5 2.39
      vertex 15.8374 21.2 2.39
      vertex 16.1 23.0548 2.39
    endloop
  endfacet
  facet normal 0 0 -1
    outer loop
      vertex 15.6149 21.4899 2.39
      vertex 16.1 23.0548 2.39
      vertex 15.8374 21.2 2.39
    endloop
  endfacet
  facet normal 0 0 -1
    outer loop
      vertex 15.325 21.7124 2.39
      vertex 16.1 23.0548 2.39
      vertex 15.6149 21.4899 2.39
    endloop
  endfacet
  facet normal 0 0 -1
    outer loop
      vertex 14.9873 21.8523 2.39
      vertex 16.1 23.0548 2.39
      vertex 15.325 21.7124 2.39
    endloop
  endfacet
  facet normal 0 0 -1
    outer loop
      vertex 14.625 21.9 2.39
      vertex 16.1 23.0548 2.39
      vertex 14.9873 21.8523 2.39
    endloop
  endfacet
  facet normal 0 0 -1
    outer loop
      vertex 13.15 23.0548 2.39
      vertex 14.625 21.9 2.39
      vertex 14.2627 21.8523 2.39
    endloop
  endfacet
  facet normal 0 0 -1
    outer loop
      vertex 13.15 23.0548 2.39
      vertex 14.2627 21.8523 2.39
      vertex 13.925 21.7124 2.39
    endloop
  endfacet
  facet normal 0 0 -1
    outer loop
      vertex 14.625 21.9 2.39
      vertex 13.15 23.0548 2.39
      vertex 16.1 23.0548 2.39
    endloop
  endfacet
  facet normal 0 0 -1
    outer loop
      vertex 13.6351 21.4899 2.39
      vertex 13.15 23.0548 2.39
      vertex 13.925 21.7124 2.39
    endloop
  endfacet
  facet normal 0 0 -1
    outer loop
      vertex 13.4126 21.2 2.39
      vertex 13.15 23.0548 2.39
      vertex 13.6351 21.4899 2.39
    endloop
  endfacet
  facet normal 0 0 -1
    outer loop
      vertex 11.675 20.5 2.39
      vertex 13.4126 21.2 2.39
      vertex 13.2727 20.8623 2.39
    endloop
  endfacet
  facet normal 0 0 -1
    outer loop
      vertex 11.675 20.5 2.39
      vertex 13.2727 20.8623 2.39
      vertex 13.225 20.5 2.39
    endloop
  endfacet
  facet normal 0 0 -1
    outer loop
      vertex 13.2727 20.1377 2.39
      vertex 11.675 20.5 2.39
      vertex 13.225 20.5 2.39
    endloop
  endfacet
  facet normal -0 0 -1
    outer loop
      vertex 13.4126 21.2 2.39
      vertex 11.675 20.5 2.39
      vertex 13.15 23.0548 2.39
    endloop
  endfacet
  facet normal -0.92386 -0.38273 0
    outer loop
      vertex 73.9773 20.8623 2.39
      vertex 73.8374 21.2 5
      vertex 73.8374 21.2 2.39
    endloop
  endfacet
  facet normal -0.92386 -0.38273 0
    outer loop
      vertex 73.8374 21.2 5
      vertex 73.9773 20.8623 2.39
      vertex 73.9773 20.8623 5
    endloop
  endfacet
  facet normal -0.991444 -0.130532 0
    outer loop
      vertex 74.025 20.5 2.39
      vertex 73.9773 20.8623 5
      vertex 73.9773 20.8623 2.39
    endloop
  endfacet
  facet normal -0.991444 -0.130532 0
    outer loop
      vertex 73.9773 20.8623 5
      vertex 74.025 20.5 2.39
      vertex 74.025 20.5 5
    endloop
  endfacet
  facet normal -0.793417 -0.608679 0
    outer loop
      vertex 73.8374 21.2 2.39
      vertex 73.615 21.4899 5
      vertex 73.615 21.4899 2.39
    endloop
  endfacet
  facet normal -0.793417 -0.608679 0
    outer loop
      vertex 73.615 21.4899 5
      vertex 73.8374 21.2 2.39
      vertex 73.8374 21.2 5
    endloop
  endfacet
  facet normal -0.130497 -0.991449 0
    outer loop
      vertex 72.625 21.9 2.39
      vertex 72.9874 21.8523 5
      vertex 72.625 21.9 5
    endloop
  endfacet
  facet normal -0.130497 -0.991449 -0
    outer loop
      vertex 72.9874 21.8523 5
      vertex 72.625 21.9 2.39
      vertex 72.9874 21.8523 2.39
    endloop
  endfacet
  facet normal -0.793417 0.608679 0
    outer loop
      vertex 73.615 19.5101 2.39
      vertex 73.8374 19.8 5
      vertex 73.8374 19.8 2.39
    endloop
  endfacet
  facet normal -0.793417 0.608679 0
    outer loop
      vertex 73.8374 19.8 5
      vertex 73.615 19.5101 2.39
      vertex 73.615 19.5101 5
    endloop
  endfacet
  facet normal -0.608719 -0.793386 0
    outer loop
      vertex 73.325 21.7124 2.39
      vertex 73.615 21.4899 5
      vertex 73.325 21.7124 5
    endloop
  endfacet
  facet normal -0.608719 -0.793386 -0
    outer loop
      vertex 73.615 21.4899 5
      vertex 73.325 21.7124 2.39
      vertex 73.615 21.4899 2.39
    endloop
  endfacet
  facet normal 0.608719 -0.793386 0
    outer loop
      vertex 71.635 21.4899 2.39
      vertex 71.925 21.7124 5
      vertex 71.635 21.4899 5
    endloop
  endfacet
  facet normal 0.608719 -0.793386 0
    outer loop
      vertex 71.925 21.7124 5
      vertex 71.635 21.4899 2.39
      vertex 71.925 21.7124 2.39
    endloop
  endfacet
  facet normal 0.92386 0.38273 0
    outer loop
      vertex 71.4126 19.8 5
      vertex 71.2727 20.1377 2.39
      vertex 71.2727 20.1377 5
    endloop
  endfacet
  facet normal 0.92386 0.38273 0
    outer loop
      vertex 71.2727 20.1377 2.39
      vertex 71.4126 19.8 5
      vertex 71.4126 19.8 2.39
    endloop
  endfacet
  facet normal 0.793417 -0.608679 0
    outer loop
      vertex 71.4126 21.2 5
      vertex 71.635 21.4899 2.39
      vertex 71.635 21.4899 5
    endloop
  endfacet
  facet normal 0.793417 -0.608679 0
    outer loop
      vertex 71.635 21.4899 2.39
      vertex 71.4126 21.2 5
      vertex 71.4126 21.2 2.39
    endloop
  endfacet
  facet normal -0.991444 0.130532 0
    outer loop
      vertex 73.9773 20.1377 2.39
      vertex 74.025 20.5 5
      vertex 74.025 20.5 2.39
    endloop
  endfacet
  facet normal -0.991444 0.130532 0
    outer loop
      vertex 74.025 20.5 5
      vertex 73.9773 20.1377 2.39
      vertex 73.9773 20.1377 5
    endloop
  endfacet
  facet normal 0.130532 0.991444 -0
    outer loop
      vertex 72.625 19.1 2.39
      vertex 72.2627 19.1477 5
      vertex 72.625 19.1 5
    endloop
  endfacet
  facet normal 0.130532 0.991444 0
    outer loop
      vertex 72.2627 19.1477 5
      vertex 72.625 19.1 2.39
      vertex 72.2627 19.1477 2.39
    endloop
  endfacet
  facet normal -0.382827 -0.92382 0
    outer loop
      vertex 72.9874 21.8523 2.39
      vertex 73.325 21.7124 5
      vertex 72.9874 21.8523 5
    endloop
  endfacet
  facet normal -0.382827 -0.92382 -0
    outer loop
      vertex 73.325 21.7124 5
      vertex 72.9874 21.8523 2.39
      vertex 73.325 21.7124 2.39
    endloop
  endfacet
  facet normal -0.92386 0.38273 0
    outer loop
      vertex 73.8374 19.8 2.39
      vertex 73.9773 20.1377 5
      vertex 73.9773 20.1377 2.39
    endloop
  endfacet
  facet normal -0.92386 0.38273 0
    outer loop
      vertex 73.9773 20.1377 5
      vertex 73.8374 19.8 2.39
      vertex 73.8374 19.8 5
    endloop
  endfacet
  facet normal -0.382827 0.92382 0
    outer loop
      vertex 73.325 19.2876 2.39
      vertex 72.9874 19.1477 5
      vertex 73.325 19.2876 5
    endloop
  endfacet
  facet normal -0.382827 0.92382 0
    outer loop
      vertex 72.9874 19.1477 5
      vertex 73.325 19.2876 2.39
      vertex 72.9874 19.1477 2.39
    endloop
  endfacet
  facet normal 0.991444 0.130532 0
    outer loop
      vertex 71.2727 20.1377 5
      vertex 71.225 20.5 2.39
      vertex 71.225 20.5 5
    endloop
  endfacet
  facet normal 0.991444 0.130532 0
    outer loop
      vertex 71.225 20.5 2.39
      vertex 71.2727 20.1377 5
      vertex 71.2727 20.1377 2.39
    endloop
  endfacet
  facet normal 0.38273 -0.92386 0
    outer loop
      vertex 71.925 21.7124 2.39
      vertex 72.2627 21.8523 5
      vertex 71.925 21.7124 5
    endloop
  endfacet
  facet normal 0.38273 -0.92386 0
    outer loop
      vertex 72.2627 21.8523 5
      vertex 71.925 21.7124 2.39
      vertex 72.2627 21.8523 2.39
    endloop
  endfacet
  facet normal -0.608719 0.793386 0
    outer loop
      vertex 73.615 19.5101 2.39
      vertex 73.325 19.2876 5
      vertex 73.615 19.5101 5
    endloop
  endfacet
  facet normal -0.608719 0.793386 0
    outer loop
      vertex 73.325 19.2876 5
      vertex 73.615 19.5101 2.39
      vertex 73.325 19.2876 2.39
    endloop
  endfacet
  facet normal 0.130532 -0.991444 0
    outer loop
      vertex 72.2627 21.8523 2.39
      vertex 72.625 21.9 5
      vertex 72.2627 21.8523 5
    endloop
  endfacet
  facet normal 0.130532 -0.991444 0
    outer loop
      vertex 72.625 21.9 5
      vertex 72.2627 21.8523 2.39
      vertex 72.625 21.9 2.39
    endloop
  endfacet
  facet normal 0.608719 0.793386 -0
    outer loop
      vertex 71.925 19.2876 2.39
      vertex 71.635 19.5101 5
      vertex 71.925 19.2876 5
    endloop
  endfacet
  facet normal 0.608719 0.793386 0
    outer loop
      vertex 71.635 19.5101 5
      vertex 71.925 19.2876 2.39
      vertex 71.635 19.5101 2.39
    endloop
  endfacet
  facet normal 0.991444 -0.130532 0
    outer loop
      vertex 71.225 20.5 5
      vertex 71.2727 20.8623 2.39
      vertex 71.2727 20.8623 5
    endloop
  endfacet
  facet normal 0.991444 -0.130532 0
    outer loop
      vertex 71.2727 20.8623 2.39
      vertex 71.225 20.5 5
      vertex 71.225 20.5 2.39
    endloop
  endfacet
  facet normal -0.130497 0.991449 0
    outer loop
      vertex 72.9874 19.1477 2.39
      vertex 72.625 19.1 5
      vertex 72.9874 19.1477 5
    endloop
  endfacet
  facet normal -0.130497 0.991449 0
    outer loop
      vertex 72.625 19.1 5
      vertex 72.9874 19.1477 2.39
      vertex 72.625 19.1 2.39
    endloop
  endfacet
  facet normal 0.793417 0.608679 0
    outer loop
      vertex 71.635 19.5101 5
      vertex 71.4126 19.8 2.39
      vertex 71.4126 19.8 5
    endloop
  endfacet
  facet normal 0.793417 0.608679 0
    outer loop
      vertex 71.4126 19.8 2.39
      vertex 71.635 19.5101 5
      vertex 71.635 19.5101 2.39
    endloop
  endfacet
  facet normal 0.38273 0.92386 -0
    outer loop
      vertex 72.2627 19.1477 2.39
      vertex 71.925 19.2876 5
      vertex 72.2627 19.1477 5
    endloop
  endfacet
  facet normal 0.38273 0.92386 0
    outer loop
      vertex 71.925 19.2876 5
      vertex 72.2627 19.1477 2.39
      vertex 71.925 19.2876 2.39
    endloop
  endfacet
  facet normal 0.92386 -0.38273 0
    outer loop
      vertex 71.2727 20.8623 5
      vertex 71.4126 21.2 2.39
      vertex 71.4126 21.2 5
    endloop
  endfacet
  facet normal 0.92386 -0.38273 0
    outer loop
      vertex 71.4126 21.2 2.39
      vertex 71.2727 20.8623 5
      vertex 71.2727 20.8623 2.39
    endloop
  endfacet
  facet normal 0 1 -0
    outer loop
      vertex 74.1 17.9452 0
      vertex 71.15 17.9452 2.39
      vertex 74.1 17.9452 2.39
    endloop
  endfacet
  facet normal 0 1 0
    outer loop
      vertex 71.15 17.9452 2.39
      vertex 74.1 17.9452 0
      vertex 71.15 17.9452 0
    endloop
  endfacet
  facet normal -0.866028 0.499996 0
    outer loop
      vertex 74.1 17.9452 0
      vertex 75.575 20.5 2.39
      vertex 75.575 20.5 0
    endloop
  endfacet
  facet normal -0.866028 0.499996 0
    outer loop
      vertex 75.575 20.5 2.39
      vertex 74.1 17.9452 0
      vertex 74.1 17.9452 2.39
    endloop
  endfacet
  facet normal 0 -1 0
    outer loop
      vertex 71.15 23.0548 0
      vertex 74.1 23.0548 2.39
      vertex 71.15 23.0548 2.39
    endloop
  endfacet
  facet normal 0 -1 -0
    outer loop
      vertex 74.1 23.0548 2.39
      vertex 71.15 23.0548 0
      vertex 74.1 23.0548 0
    endloop
  endfacet
  facet normal -0.866028 -0.499996 0
    outer loop
      vertex 75.575 20.5 0
      vertex 74.1 23.0548 2.39
      vertex 74.1 23.0548 0
    endloop
  endfacet
  facet normal -0.866028 -0.499996 0
    outer loop
      vertex 74.1 23.0548 2.39
      vertex 75.575 20.5 0
      vertex 75.575 20.5 2.39
    endloop
  endfacet
  facet normal 0.866028 -0.499996 0
    outer loop
      vertex 69.675 20.5 2.39
      vertex 71.15 23.0548 0
      vertex 71.15 23.0548 2.39
    endloop
  endfacet
  facet normal 0.866028 -0.499996 0
    outer loop
      vertex 71.15 23.0548 0
      vertex 69.675 20.5 2.39
      vertex 69.675 20.5 0
    endloop
  endfacet
  facet normal 0.866028 0.499996 0
    outer loop
      vertex 71.15 17.9452 2.39
      vertex 69.675 20.5 0
      vertex 69.675 20.5 2.39
    endloop
  endfacet
  facet normal 0.866028 0.499996 0
    outer loop
      vertex 69.675 20.5 0
      vertex 71.15 17.9452 2.39
      vertex 71.15 17.9452 0
    endloop
  endfacet
  facet normal 0 0 -1
    outer loop
      vertex 73.8374 19.8 2.39
      vertex 75.575 20.5 2.39
      vertex 74.1 17.9452 2.39
    endloop
  endfacet
  facet normal 0 0 -1
    outer loop
      vertex 73.9773 20.8623 2.39
      vertex 75.575 20.5 2.39
      vertex 74.025 20.5 2.39
    endloop
  endfacet
  facet normal -0 0 -1
    outer loop
      vertex 75.575 20.5 2.39
      vertex 73.9773 20.1377 2.39
      vertex 74.025 20.5 2.39
    endloop
  endfacet
  facet normal 0 0 -1
    outer loop
      vertex 75.575 20.5 2.39
      vertex 73.8374 19.8 2.39
      vertex 73.9773 20.1377 2.39
    endloop
  endfacet
  facet normal 0 0 -1
    outer loop
      vertex 74.1 17.9452 2.39
      vertex 73.615 19.5101 2.39
      vertex 73.8374 19.8 2.39
    endloop
  endfacet
  facet normal 0 0 -1
    outer loop
      vertex 74.1 17.9452 2.39
      vertex 73.325 19.2876 2.39
      vertex 73.615 19.5101 2.39
    endloop
  endfacet
  facet normal 0 0 -1
    outer loop
      vertex 74.1 17.9452 2.39
      vertex 72.9874 19.1477 2.39
      vertex 73.325 19.2876 2.39
    endloop
  endfacet
  facet normal 0 0 -1
    outer loop
      vertex 74.1 17.9452 2.39
      vertex 72.625 19.1 2.39
      vertex 72.9874 19.1477 2.39
    endloop
  endfacet
  facet normal 0 0 -1
    outer loop
      vertex 71.15 17.9452 2.39
      vertex 72.625 19.1 2.39
      vertex 74.1 17.9452 2.39
    endloop
  endfacet
  facet normal -0 0 -1
    outer loop
      vertex 72.625 19.1 2.39
      vertex 71.15 17.9452 2.39
      vertex 72.2627 19.1477 2.39
    endloop
  endfacet
  facet normal 0 0 -1
    outer loop
      vertex 71.4126 19.8 2.39
      vertex 69.675 20.5 2.39
      vertex 71.2727 20.1377 2.39
    endloop
  endfacet
  facet normal 0 0 -1
    outer loop
      vertex 69.675 20.5 2.39
      vertex 71.4126 19.8 2.39
      vertex 71.15 17.9452 2.39
    endloop
  endfacet
  facet normal -0 0 -1
    outer loop
      vertex 71.635 19.5101 2.39
      vertex 71.15 17.9452 2.39
      vertex 71.4126 19.8 2.39
    endloop
  endfacet
  facet normal -0 0 -1
    outer loop
      vertex 71.925 19.2876 2.39
      vertex 71.15 17.9452 2.39
      vertex 71.635 19.5101 2.39
    endloop
  endfacet
  facet normal -0 0 -1
    outer loop
      vertex 72.2627 19.1477 2.39
      vertex 71.15 17.9452 2.39
      vertex 71.925 19.2876 2.39
    endloop
  endfacet
  facet normal 0 0 -1
    outer loop
      vertex 73.8374 21.2 2.39
      vertex 75.575 20.5 2.39
      vertex 73.9773 20.8623 2.39
    endloop
  endfacet
  facet normal 0 0 -1
    outer loop
      vertex 75.575 20.5 2.39
      vertex 73.8374 21.2 2.39
      vertex 74.1 23.0548 2.39
    endloop
  endfacet
  facet normal 0 0 -1
    outer loop
      vertex 73.615 21.4899 2.39
      vertex 74.1 23.0548 2.39
      vertex 73.8374 21.2 2.39
    endloop
  endfacet
  facet normal 0 0 -1
    outer loop
      vertex 73.325 21.7124 2.39
      vertex 74.1 23.0548 2.39
      vertex 73.615 21.4899 2.39
    endloop
  endfacet
  facet normal 0 0 -1
    outer loop
      vertex 72.9874 21.8523 2.39
      vertex 74.1 23.0548 2.39
      vertex 73.325 21.7124 2.39
    endloop
  endfacet
  facet normal 0 0 -1
    outer loop
      vertex 72.625 21.9 2.39
      vertex 74.1 23.0548 2.39
      vertex 72.9874 21.8523 2.39
    endloop
  endfacet
  facet normal 0 0 -1
    outer loop
      vertex 71.15 23.0548 2.39
      vertex 72.625 21.9 2.39
      vertex 72.2627 21.8523 2.39
    endloop
  endfacet
  facet normal 0 0 -1
    outer loop
      vertex 71.15 23.0548 2.39
      vertex 72.2627 21.8523 2.39
      vertex 71.925 21.7124 2.39
    endloop
  endfacet
  facet normal 0 0 -1
    outer loop
      vertex 72.625 21.9 2.39
      vertex 71.15 23.0548 2.39
      vertex 74.1 23.0548 2.39
    endloop
  endfacet
  facet normal 0 0 -1
    outer loop
      vertex 71.635 21.4899 2.39
      vertex 71.15 23.0548 2.39
      vertex 71.925 21.7124 2.39
    endloop
  endfacet
  facet normal 0 0 -1
    outer loop
      vertex 71.4126 21.2 2.39
      vertex 71.15 23.0548 2.39
      vertex 71.635 21.4899 2.39
    endloop
  endfacet
  facet normal 0 0 -1
    outer loop
      vertex 69.675 20.5 2.39
      vertex 71.4126 21.2 2.39
      vertex 71.2727 20.8623 2.39
    endloop
  endfacet
  facet normal 0 0 -1
    outer loop
      vertex 69.675 20.5 2.39
      vertex 71.2727 20.8623 2.39
      vertex 71.225 20.5 2.39
    endloop
  endfacet
  facet normal 0 0 -1
    outer loop
      vertex 71.2727 20.1377 2.39
      vertex 69.675 20.5 2.39
      vertex 71.225 20.5 2.39
    endloop
  endfacet
  facet normal -0 0 -1
    outer loop
      vertex 71.4126 21.2 2.39
      vertex 69.675 20.5 2.39
      vertex 71.15 23.0548 2.39
    endloop
  endfacet
  facet normal -0.92382 -0.382827 0
    outer loop
      vertex 15.9773 69.8624 2.39
      vertex 15.8374 70.2 8
      vertex 15.8374 70.2 2.39
    endloop
  endfacet
  facet normal -0.92382 -0.382827 0
    outer loop
      vertex 15.8374 70.2 8
      vertex 15.9773 69.8624 2.39
      vertex 15.9773 69.8624 8
    endloop
  endfacet
  facet normal -0.991449 -0.130497 0
    outer loop
      vertex 16.025 69.5 2.39
      vertex 15.9773 69.8624 8
      vertex 15.9773 69.8624 2.39
    endloop
  endfacet
  facet normal -0.991449 -0.130497 0
    outer loop
      vertex 15.9773 69.8624 8
      vertex 16.025 69.5 2.39
      vertex 16.025 69.5 8
    endloop
  endfacet
  facet normal -0.793386 -0.608719 0
    outer loop
      vertex 15.8374 70.2 2.39
      vertex 15.6149 70.49 8
      vertex 15.6149 70.49 2.39
    endloop
  endfacet
  facet normal -0.793386 -0.608719 0
    outer loop
      vertex 15.6149 70.49 8
      vertex 15.8374 70.2 2.39
      vertex 15.8374 70.2 8
    endloop
  endfacet
  facet normal -0.130532 -0.991444 0
    outer loop
      vertex 14.625 70.9 2.39
      vertex 14.9873 70.8523 8
      vertex 14.625 70.9 8
    endloop
  endfacet
  facet normal -0.130532 -0.991444 -0
    outer loop
      vertex 14.9873 70.8523 8
      vertex 14.625 70.9 2.39
      vertex 14.9873 70.8523 2.39
    endloop
  endfacet
  facet normal -0.793386 0.608719 0
    outer loop
      vertex 15.6149 68.51 2.39
      vertex 15.8374 68.8 8
      vertex 15.8374 68.8 2.39
    endloop
  endfacet
  facet normal -0.793386 0.608719 0
    outer loop
      vertex 15.8374 68.8 8
      vertex 15.6149 68.51 2.39
      vertex 15.6149 68.51 8
    endloop
  endfacet
  facet normal -0.608679 -0.793417 0
    outer loop
      vertex 15.325 70.7124 2.39
      vertex 15.6149 70.49 8
      vertex 15.325 70.7124 8
    endloop
  endfacet
  facet normal -0.608679 -0.793417 -0
    outer loop
      vertex 15.6149 70.49 8
      vertex 15.325 70.7124 2.39
      vertex 15.6149 70.49 2.39
    endloop
  endfacet
  facet normal 0.608679 -0.793417 0
    outer loop
      vertex 13.6351 70.49 2.39
      vertex 13.925 70.7124 8
      vertex 13.6351 70.49 8
    endloop
  endfacet
  facet normal 0.608679 -0.793417 0
    outer loop
      vertex 13.925 70.7124 8
      vertex 13.6351 70.49 2.39
      vertex 13.925 70.7124 2.39
    endloop
  endfacet
  facet normal 0.92382 0.382827 0
    outer loop
      vertex 13.4126 68.8 8
      vertex 13.2727 69.1376 2.39
      vertex 13.2727 69.1376 8
    endloop
  endfacet
  facet normal 0.92382 0.382827 0
    outer loop
      vertex 13.2727 69.1376 2.39
      vertex 13.4126 68.8 8
      vertex 13.4126 68.8 2.39
    endloop
  endfacet
  facet normal 0.793386 -0.608719 0
    outer loop
      vertex 13.4126 70.2 8
      vertex 13.6351 70.49 2.39
      vertex 13.6351 70.49 8
    endloop
  endfacet
  facet normal 0.793386 -0.608719 0
    outer loop
      vertex 13.6351 70.49 2.39
      vertex 13.4126 70.2 8
      vertex 13.4126 70.2 2.39
    endloop
  endfacet
  facet normal -0.991449 0.130497 0
    outer loop
      vertex 15.9773 69.1376 2.39
      vertex 16.025 69.5 8
      vertex 16.025 69.5 2.39
    endloop
  endfacet
  facet normal -0.991449 0.130497 0
    outer loop
      vertex 16.025 69.5 8
      vertex 15.9773 69.1376 2.39
      vertex 15.9773 69.1376 8
    endloop
  endfacet
  facet normal 0.130532 0.991444 -0
    outer loop
      vertex 14.625 68.1 2.39
      vertex 14.2627 68.1477 8
      vertex 14.625 68.1 8
    endloop
  endfacet
  facet normal 0.130532 0.991444 0
    outer loop
      vertex 14.2627 68.1477 8
      vertex 14.625 68.1 2.39
      vertex 14.2627 68.1477 2.39
    endloop
  endfacet
  facet normal -0.38273 -0.92386 0
    outer loop
      vertex 14.9873 70.8523 2.39
      vertex 15.325 70.7124 8
      vertex 14.9873 70.8523 8
    endloop
  endfacet
  facet normal -0.38273 -0.92386 -0
    outer loop
      vertex 15.325 70.7124 8
      vertex 14.9873 70.8523 2.39
      vertex 15.325 70.7124 2.39
    endloop
  endfacet
  facet normal -0.92382 0.382827 0
    outer loop
      vertex 15.8374 68.8 2.39
      vertex 15.9773 69.1376 8
      vertex 15.9773 69.1376 2.39
    endloop
  endfacet
  facet normal -0.92382 0.382827 0
    outer loop
      vertex 15.9773 69.1376 8
      vertex 15.8374 68.8 2.39
      vertex 15.8374 68.8 8
    endloop
  endfacet
  facet normal -0.38273 0.92386 0
    outer loop
      vertex 15.325 68.2876 2.39
      vertex 14.9873 68.1477 8
      vertex 15.325 68.2876 8
    endloop
  endfacet
  facet normal -0.38273 0.92386 0
    outer loop
      vertex 14.9873 68.1477 8
      vertex 15.325 68.2876 2.39
      vertex 14.9873 68.1477 2.39
    endloop
  endfacet
  facet normal 0.991449 0.130497 0
    outer loop
      vertex 13.2727 69.1376 8
      vertex 13.225 69.5 2.39
      vertex 13.225 69.5 8
    endloop
  endfacet
  facet normal 0.991449 0.130497 0
    outer loop
      vertex 13.225 69.5 2.39
      vertex 13.2727 69.1376 8
      vertex 13.2727 69.1376 2.39
    endloop
  endfacet
  facet normal 0.38273 -0.92386 0
    outer loop
      vertex 13.925 70.7124 2.39
      vertex 14.2627 70.8523 8
      vertex 13.925 70.7124 8
    endloop
  endfacet
  facet normal 0.38273 -0.92386 0
    outer loop
      vertex 14.2627 70.8523 8
      vertex 13.925 70.7124 2.39
      vertex 14.2627 70.8523 2.39
    endloop
  endfacet
  facet normal -0.608679 0.793417 0
    outer loop
      vertex 15.6149 68.51 2.39
      vertex 15.325 68.2876 8
      vertex 15.6149 68.51 8
    endloop
  endfacet
  facet normal -0.608679 0.793417 0
    outer loop
      vertex 15.325 68.2876 8
      vertex 15.6149 68.51 2.39
      vertex 15.325 68.2876 2.39
    endloop
  endfacet
  facet normal 0.130532 -0.991444 0
    outer loop
      vertex 14.2627 70.8523 2.39
      vertex 14.625 70.9 8
      vertex 14.2627 70.8523 8
    endloop
  endfacet
  facet normal 0.130532 -0.991444 0
    outer loop
      vertex 14.625 70.9 8
      vertex 14.2627 70.8523 2.39
      vertex 14.625 70.9 2.39
    endloop
  endfacet
  facet normal 0.608679 0.793417 -0
    outer loop
      vertex 13.925 68.2876 2.39
      vertex 13.6351 68.51 8
      vertex 13.925 68.2876 8
    endloop
  endfacet
  facet normal 0.608679 0.793417 0
    outer loop
      vertex 13.6351 68.51 8
      vertex 13.925 68.2876 2.39
      vertex 13.6351 68.51 2.39
    endloop
  endfacet
  facet normal 0.991449 -0.130497 0
    outer loop
      vertex 13.225 69.5 8
      vertex 13.2727 69.8624 2.39
      vertex 13.2727 69.8624 8
    endloop
  endfacet
  facet normal 0.991449 -0.130497 0
    outer loop
      vertex 13.2727 69.8624 2.39
      vertex 13.225 69.5 8
      vertex 13.225 69.5 2.39
    endloop
  endfacet
  facet normal -0.130532 0.991444 0
    outer loop
      vertex 14.9873 68.1477 2.39
      vertex 14.625 68.1 8
      vertex 14.9873 68.1477 8
    endloop
  endfacet
  facet normal -0.130532 0.991444 0
    outer loop
      vertex 14.625 68.1 8
      vertex 14.9873 68.1477 2.39
      vertex 14.625 68.1 2.39
    endloop
  endfacet
  facet normal 0.793386 0.608719 0
    outer loop
      vertex 13.6351 68.51 8
      vertex 13.4126 68.8 2.39
      vertex 13.4126 68.8 8
    endloop
  endfacet
  facet normal 0.793386 0.608719 0
    outer loop
      vertex 13.4126 68.8 2.39
      vertex 13.6351 68.51 8
      vertex 13.6351 68.51 2.39
    endloop
  endfacet
  facet normal 0.38273 0.92386 -0
    outer loop
      vertex 14.2627 68.1477 2.39
      vertex 13.925 68.2876 8
      vertex 14.2627 68.1477 8
    endloop
  endfacet
  facet normal 0.38273 0.92386 0
    outer loop
      vertex 13.925 68.2876 8
      vertex 14.2627 68.1477 2.39
      vertex 13.925 68.2876 2.39
    endloop
  endfacet
  facet normal 0.92382 -0.382827 0
    outer loop
      vertex 13.2727 69.8624 8
      vertex 13.4126 70.2 2.39
      vertex 13.4126 70.2 8
    endloop
  endfacet
  facet normal 0.92382 -0.382827 0
    outer loop
      vertex 13.4126 70.2 2.39
      vertex 13.2727 69.8624 8
      vertex 13.2727 69.8624 2.39
    endloop
  endfacet
  facet normal 0 1 -0
    outer loop
      vertex 16.1 66.9452 0
      vertex 13.15 66.9452 2.39
      vertex 16.1 66.9452 2.39
    endloop
  endfacet
  facet normal 0 1 0
    outer loop
      vertex 13.15 66.9452 2.39
      vertex 16.1 66.9452 0
      vertex 13.15 66.9452 0
    endloop
  endfacet
  facet normal -0.866028 0.499996 0
    outer loop
      vertex 16.1 66.9452 0
      vertex 17.575 69.5 2.39
      vertex 17.575 69.5 0
    endloop
  endfacet
  facet normal -0.866028 0.499996 0
    outer loop
      vertex 17.575 69.5 2.39
      vertex 16.1 66.9452 0
      vertex 16.1 66.9452 2.39
    endloop
  endfacet
  facet normal 0 -1 0
    outer loop
      vertex 13.15 72.0548 0
      vertex 16.1 72.0548 2.39
      vertex 13.15 72.0548 2.39
    endloop
  endfacet
  facet normal 0 -1 -0
    outer loop
      vertex 16.1 72.0548 2.39
      vertex 13.15 72.0548 0
      vertex 16.1 72.0548 0
    endloop
  endfacet
  facet normal -0.866028 -0.499996 0
    outer loop
      vertex 17.575 69.5 0
      vertex 16.1 72.0548 2.39
      vertex 16.1 72.0548 0
    endloop
  endfacet
  facet normal -0.866028 -0.499996 0
    outer loop
      vertex 16.1 72.0548 2.39
      vertex 17.575 69.5 0
      vertex 17.575 69.5 2.39
    endloop
  endfacet
  facet normal 0.866028 -0.499996 0
    outer loop
      vertex 11.675 69.5 2.39
      vertex 13.15 72.0548 0
      vertex 13.15 72.0548 2.39
    endloop
  endfacet
  facet normal 0.866028 -0.499996 0
    outer loop
      vertex 13.15 72.0548 0
      vertex 11.675 69.5 2.39
      vertex 11.675 69.5 0
    endloop
  endfacet
  facet normal 0.866028 0.499996 0
    outer loop
      vertex 13.15 66.9452 2.39
      vertex 11.675 69.5 0
      vertex 11.675 69.5 2.39
    endloop
  endfacet
  facet normal 0.866028 0.499996 0
    outer loop
      vertex 11.675 69.5 0
      vertex 13.15 66.9452 2.39
      vertex 13.15 66.9452 0
    endloop
  endfacet
  facet normal 0 0 -1
    outer loop
      vertex 15.8374 68.8 2.39
      vertex 17.575 69.5 2.39
      vertex 16.1 66.9452 2.39
    endloop
  endfacet
  facet normal 0 0 -1
    outer loop
      vertex 15.9773 69.8624 2.39
      vertex 17.575 69.5 2.39
      vertex 16.025 69.5 2.39
    endloop
  endfacet
  facet normal -0 0 -1
    outer loop
      vertex 17.575 69.5 2.39
      vertex 15.9773 69.1376 2.39
      vertex 16.025 69.5 2.39
    endloop
  endfacet
  facet normal 0 0 -1
    outer loop
      vertex 17.575 69.5 2.39
      vertex 15.8374 68.8 2.39
      vertex 15.9773 69.1376 2.39
    endloop
  endfacet
  facet normal 0 0 -1
    outer loop
      vertex 16.1 66.9452 2.39
      vertex 15.6149 68.51 2.39
      vertex 15.8374 68.8 2.39
    endloop
  endfacet
  facet normal 0 0 -1
    outer loop
      vertex 16.1 66.9452 2.39
      vertex 15.325 68.2876 2.39
      vertex 15.6149 68.51 2.39
    endloop
  endfacet
  facet normal 0 0 -1
    outer loop
      vertex 16.1 66.9452 2.39
      vertex 14.9873 68.1477 2.39
      vertex 15.325 68.2876 2.39
    endloop
  endfacet
  facet normal 0 0 -1
    outer loop
      vertex 16.1 66.9452 2.39
      vertex 14.625 68.1 2.39
      vertex 14.9873 68.1477 2.39
    endloop
  endfacet
  facet normal 0 0 -1
    outer loop
      vertex 13.15 66.9452 2.39
      vertex 14.625 68.1 2.39
      vertex 16.1 66.9452 2.39
    endloop
  endfacet
  facet normal -0 0 -1
    outer loop
      vertex 14.625 68.1 2.39
      vertex 13.15 66.9452 2.39
      vertex 14.2627 68.1477 2.39
    endloop
  endfacet
  facet normal 0 0 -1
    outer loop
      vertex 13.4126 68.8 2.39
      vertex 11.675 69.5 2.39
      vertex 13.2727 69.1376 2.39
    endloop
  endfacet
  facet normal 0 0 -1
    outer loop
      vertex 11.675 69.5 2.39
      vertex 13.4126 68.8 2.39
      vertex 13.15 66.9452 2.39
    endloop
  endfacet
  facet normal -0 0 -1
    outer loop
      vertex 13.6351 68.51 2.39
      vertex 13.15 66.9452 2.39
      vertex 13.4126 68.8 2.39
    endloop
  endfacet
  facet normal -0 0 -1
    outer loop
      vertex 13.925 68.2876 2.39
      vertex 13.15 66.9452 2.39
      vertex 13.6351 68.51 2.39
    endloop
  endfacet
  facet normal -0 0 -1
    outer loop
      vertex 14.2627 68.1477 2.39
      vertex 13.15 66.9452 2.39
      vertex 13.925 68.2876 2.39
    endloop
  endfacet
  facet normal 0 0 -1
    outer loop
      vertex 15.8374 70.2 2.39
      vertex 17.575 69.5 2.39
      vertex 15.9773 69.8624 2.39
    endloop
  endfacet
  facet normal 0 0 -1
    outer loop
      vertex 17.575 69.5 2.39
      vertex 15.8374 70.2 2.39
      vertex 16.1 72.0548 2.39
    endloop
  endfacet
  facet normal 0 0 -1
    outer loop
      vertex 15.6149 70.49 2.39
      vertex 16.1 72.0548 2.39
      vertex 15.8374 70.2 2.39
    endloop
  endfacet
  facet normal 0 0 -1
    outer loop
      vertex 15.325 70.7124 2.39
      vertex 16.1 72.0548 2.39
      vertex 15.6149 70.49 2.39
    endloop
  endfacet
  facet normal 0 0 -1
    outer loop
      vertex 14.9873 70.8523 2.39
      vertex 16.1 72.0548 2.39
      vertex 15.325 70.7124 2.39
    endloop
  endfacet
  facet normal 0 0 -1
    outer loop
      vertex 14.625 70.9 2.39
      vertex 16.1 72.0548 2.39
      vertex 14.9873 70.8523 2.39
    endloop
  endfacet
  facet normal 0 0 -1
    outer loop
      vertex 13.15 72.0548 2.39
      vertex 14.625 70.9 2.39
      vertex 14.2627 70.8523 2.39
    endloop
  endfacet
  facet normal 0 0 -1
    outer loop
      vertex 13.15 72.0548 2.39
      vertex 14.2627 70.8523 2.39
      vertex 13.925 70.7124 2.39
    endloop
  endfacet
  facet normal 0 0 -1
    outer loop
      vertex 14.625 70.9 2.39
      vertex 13.15 72.0548 2.39
      vertex 16.1 72.0548 2.39
    endloop
  endfacet
  facet normal 0 0 -1
    outer loop
      vertex 13.6351 70.49 2.39
      vertex 13.15 72.0548 2.39
      vertex 13.925 70.7124 2.39
    endloop
  endfacet
  facet normal 0 0 -1
    outer loop
      vertex 13.4126 70.2 2.39
      vertex 13.15 72.0548 2.39
      vertex 13.6351 70.49 2.39
    endloop
  endfacet
  facet normal 0 0 -1
    outer loop
      vertex 11.675 69.5 2.39
      vertex 13.4126 70.2 2.39
      vertex 13.2727 69.8624 2.39
    endloop
  endfacet
  facet normal 0 0 -1
    outer loop
      vertex 11.675 69.5 2.39
      vertex 13.2727 69.8624 2.39
      vertex 13.225 69.5 2.39
    endloop
  endfacet
  facet normal 0 0 -1
    outer loop
      vertex 13.2727 69.1376 2.39
      vertex 11.675 69.5 2.39
      vertex 13.225 69.5 2.39
    endloop
  endfacet
  facet normal -0 0 -1
    outer loop
      vertex 13.4126 70.2 2.39
      vertex 11.675 69.5 2.39
      vertex 13.15 72.0548 2.39
    endloop
  endfacet
  facet normal -0.92382 -0.382827 0
    outer loop
      vertex 73.9773 69.8624 2.39
      vertex 73.8374 70.2 8
      vertex 73.8374 70.2 2.39
    endloop
  endfacet
  facet normal -0.92382 -0.382827 0
    outer loop
      vertex 73.8374 70.2 8
      vertex 73.9773 69.8624 2.39
      vertex 73.9773 69.8624 8
    endloop
  endfacet
  facet normal -0.991449 -0.130497 0
    outer loop
      vertex 74.025 69.5 2.39
      vertex 73.9773 69.8624 8
      vertex 73.9773 69.8624 2.39
    endloop
  endfacet
  facet normal -0.991449 -0.130497 0
    outer loop
      vertex 73.9773 69.8624 8
      vertex 74.025 69.5 2.39
      vertex 74.025 69.5 8
    endloop
  endfacet
  facet normal -0.793518 -0.608546 0
    outer loop
      vertex 73.8374 70.2 2.39
      vertex 73.615 70.49 8
      vertex 73.615 70.49 2.39
    endloop
  endfacet
  facet normal -0.793518 -0.608546 0
    outer loop
      vertex 73.615 70.49 8
      vertex 73.8374 70.2 2.39
      vertex 73.8374 70.2 8
    endloop
  endfacet
  facet normal -0.130497 -0.991449 0
    outer loop
      vertex 72.625 70.9 2.39
      vertex 72.9874 70.8523 8
      vertex 72.625 70.9 8
    endloop
  endfacet
  facet normal -0.130497 -0.991449 -0
    outer loop
      vertex 72.9874 70.8523 8
      vertex 72.625 70.9 2.39
      vertex 72.9874 70.8523 2.39
    endloop
  endfacet
  facet normal -0.793518 0.608546 0
    outer loop
      vertex 73.615 68.51 2.39
      vertex 73.8374 68.8 8
      vertex 73.8374 68.8 2.39
    endloop
  endfacet
  facet normal -0.793518 0.608546 0
    outer loop
      vertex 73.8374 68.8 8
      vertex 73.615 68.51 2.39
      vertex 73.615 68.51 8
    endloop
  endfacet
  facet normal -0.608546 -0.793518 0
    outer loop
      vertex 73.325 70.7124 2.39
      vertex 73.615 70.49 8
      vertex 73.325 70.7124 8
    endloop
  endfacet
  facet normal -0.608546 -0.793518 -0
    outer loop
      vertex 73.615 70.49 8
      vertex 73.325 70.7124 2.39
      vertex 73.615 70.49 2.39
    endloop
  endfacet
  facet normal 0.608546 -0.793518 0
    outer loop
      vertex 71.635 70.49 2.39
      vertex 71.925 70.7124 8
      vertex 71.635 70.49 8
    endloop
  endfacet
  facet normal 0.608546 -0.793518 0
    outer loop
      vertex 71.925 70.7124 8
      vertex 71.635 70.49 2.39
      vertex 71.925 70.7124 2.39
    endloop
  endfacet
  facet normal 0.92382 0.382827 0
    outer loop
      vertex 71.4126 68.8 8
      vertex 71.2727 69.1376 2.39
      vertex 71.2727 69.1376 8
    endloop
  endfacet
  facet normal 0.92382 0.382827 0
    outer loop
      vertex 71.2727 69.1376 2.39
      vertex 71.4126 68.8 8
      vertex 71.4126 68.8 2.39
    endloop
  endfacet
  facet normal 0.793518 -0.608546 0
    outer loop
      vertex 71.4126 70.2 8
      vertex 71.635 70.49 2.39
      vertex 71.635 70.49 8
    endloop
  endfacet
  facet normal 0.793518 -0.608546 0
    outer loop
      vertex 71.635 70.49 2.39
      vertex 71.4126 70.2 8
      vertex 71.4126 70.2 2.39
    endloop
  endfacet
  facet normal -0.991449 0.130497 0
    outer loop
      vertex 73.9773 69.1376 2.39
      vertex 74.025 69.5 8
      vertex 74.025 69.5 2.39
    endloop
  endfacet
  facet normal -0.991449 0.130497 0
    outer loop
      vertex 74.025 69.5 8
      vertex 73.9773 69.1376 2.39
      vertex 73.9773 69.1376 8
    endloop
  endfacet
  facet normal 0.130532 0.991444 -0
    outer loop
      vertex 72.625 68.1 2.39
      vertex 72.2627 68.1477 8
      vertex 72.625 68.1 8
    endloop
  endfacet
  facet normal 0.130532 0.991444 0
    outer loop
      vertex 72.2627 68.1477 8
      vertex 72.625 68.1 2.39
      vertex 72.2627 68.1477 2.39
    endloop
  endfacet
  facet normal -0.382827 -0.92382 0
    outer loop
      vertex 72.9874 70.8523 2.39
      vertex 73.325 70.7124 8
      vertex 72.9874 70.8523 8
    endloop
  endfacet
  facet normal -0.382827 -0.92382 -0
    outer loop
      vertex 73.325 70.7124 8
      vertex 72.9874 70.8523 2.39
      vertex 73.325 70.7124 2.39
    endloop
  endfacet
  facet normal -0.92382 0.382827 0
    outer loop
      vertex 73.8374 68.8 2.39
      vertex 73.9773 69.1376 8
      vertex 73.9773 69.1376 2.39
    endloop
  endfacet
  facet normal -0.92382 0.382827 0
    outer loop
      vertex 73.9773 69.1376 8
      vertex 73.8374 68.8 2.39
      vertex 73.8374 68.8 8
    endloop
  endfacet
  facet normal -0.382827 0.92382 0
    outer loop
      vertex 73.325 68.2876 2.39
      vertex 72.9874 68.1477 8
      vertex 73.325 68.2876 8
    endloop
  endfacet
  facet normal -0.382827 0.92382 0
    outer loop
      vertex 72.9874 68.1477 8
      vertex 73.325 68.2876 2.39
      vertex 72.9874 68.1477 2.39
    endloop
  endfacet
  facet normal 0.991449 0.130497 0
    outer loop
      vertex 71.2727 69.1376 8
      vertex 71.225 69.5 2.39
      vertex 71.225 69.5 8
    endloop
  endfacet
  facet normal 0.991449 0.130497 0
    outer loop
      vertex 71.225 69.5 2.39
      vertex 71.2727 69.1376 8
      vertex 71.2727 69.1376 2.39
    endloop
  endfacet
  facet normal 0.38273 -0.92386 0
    outer loop
      vertex 71.925 70.7124 2.39
      vertex 72.2627 70.8523 8
      vertex 71.925 70.7124 8
    endloop
  endfacet
  facet normal 0.38273 -0.92386 0
    outer loop
      vertex 72.2627 70.8523 8
      vertex 71.925 70.7124 2.39
      vertex 72.2627 70.8523 2.39
    endloop
  endfacet
  facet normal -0.608546 0.793518 0
    outer loop
      vertex 73.615 68.51 2.39
      vertex 73.325 68.2876 8
      vertex 73.615 68.51 8
    endloop
  endfacet
  facet normal -0.608546 0.793518 0
    outer loop
      vertex 73.325 68.2876 8
      vertex 73.615 68.51 2.39
      vertex 73.325 68.2876 2.39
    endloop
  endfacet
  facet normal 0.130532 -0.991444 0
    outer loop
      vertex 72.2627 70.8523 2.39
      vertex 72.625 70.9 8
      vertex 72.2627 70.8523 8
    endloop
  endfacet
  facet normal 0.130532 -0.991444 0
    outer loop
      vertex 72.625 70.9 8
      vertex 72.2627 70.8523 2.39
      vertex 72.625 70.9 2.39
    endloop
  endfacet
  facet normal 0.608546 0.793518 -0
    outer loop
      vertex 71.925 68.2876 2.39
      vertex 71.635 68.51 8
      vertex 71.925 68.2876 8
    endloop
  endfacet
  facet normal 0.608546 0.793518 0
    outer loop
      vertex 71.635 68.51 8
      vertex 71.925 68.2876 2.39
      vertex 71.635 68.51 2.39
    endloop
  endfacet
  facet normal 0.991449 -0.130497 0
    outer loop
      vertex 71.225 69.5 8
      vertex 71.2727 69.8624 2.39
      vertex 71.2727 69.8624 8
    endloop
  endfacet
  facet normal 0.991449 -0.130497 0
    outer loop
      vertex 71.2727 69.8624 2.39
      vertex 71.225 69.5 8
      vertex 71.225 69.5 2.39
    endloop
  endfacet
  facet normal -0.130497 0.991449 0
    outer loop
      vertex 72.9874 68.1477 2.39
      vertex 72.625 68.1 8
      vertex 72.9874 68.1477 8
    endloop
  endfacet
  facet normal -0.130497 0.991449 0
    outer loop
      vertex 72.625 68.1 8
      vertex 72.9874 68.1477 2.39
      vertex 72.625 68.1 2.39
    endloop
  endfacet
  facet normal 0.793518 0.608546 0
    outer loop
      vertex 71.635 68.51 8
      vertex 71.4126 68.8 2.39
      vertex 71.4126 68.8 8
    endloop
  endfacet
  facet normal 0.793518 0.608546 0
    outer loop
      vertex 71.4126 68.8 2.39
      vertex 71.635 68.51 8
      vertex 71.635 68.51 2.39
    endloop
  endfacet
  facet normal 0.38273 0.92386 -0
    outer loop
      vertex 72.2627 68.1477 2.39
      vertex 71.925 68.2876 8
      vertex 72.2627 68.1477 8
    endloop
  endfacet
  facet normal 0.38273 0.92386 0
    outer loop
      vertex 71.925 68.2876 8
      vertex 72.2627 68.1477 2.39
      vertex 71.925 68.2876 2.39
    endloop
  endfacet
  facet normal 0.92382 -0.382827 0
    outer loop
      vertex 71.2727 69.8624 8
      vertex 71.4126 70.2 2.39
      vertex 71.4126 70.2 8
    endloop
  endfacet
  facet normal 0.92382 -0.382827 0
    outer loop
      vertex 71.4126 70.2 2.39
      vertex 71.2727 69.8624 8
      vertex 71.2727 69.8624 2.39
    endloop
  endfacet
  facet normal 0 1 -0
    outer loop
      vertex 74.1 66.9452 0
      vertex 71.15 66.9452 2.39
      vertex 74.1 66.9452 2.39
    endloop
  endfacet
  facet normal 0 1 0
    outer loop
      vertex 71.15 66.9452 2.39
      vertex 74.1 66.9452 0
      vertex 71.15 66.9452 0
    endloop
  endfacet
  facet normal -0.866028 0.499996 0
    outer loop
      vertex 74.1 66.9452 0
      vertex 75.575 69.5 2.39
      vertex 75.575 69.5 0
    endloop
  endfacet
  facet normal -0.866028 0.499996 0
    outer loop
      vertex 75.575 69.5 2.39
      vertex 74.1 66.9452 0
      vertex 74.1 66.9452 2.39
    endloop
  endfacet
  facet normal 0 -1 0
    outer loop
      vertex 71.15 72.0548 0
      vertex 74.1 72.0548 2.39
      vertex 71.15 72.0548 2.39
    endloop
  endfacet
  facet normal 0 -1 -0
    outer loop
      vertex 74.1 72.0548 2.39
      vertex 71.15 72.0548 0
      vertex 74.1 72.0548 0
    endloop
  endfacet
  facet normal -0.866028 -0.499996 0
    outer loop
      vertex 75.575 69.5 0
      vertex 74.1 72.0548 2.39
      vertex 74.1 72.0548 0
    endloop
  endfacet
  facet normal -0.866028 -0.499996 0
    outer loop
      vertex 74.1 72.0548 2.39
      vertex 75.575 69.5 0
      vertex 75.575 69.5 2.39
    endloop
  endfacet
  facet normal 0.866028 -0.499996 0
    outer loop
      vertex 69.675 69.5 2.39
      vertex 71.15 72.0548 0
      vertex 71.15 72.0548 2.39
    endloop
  endfacet
  facet normal 0.866028 -0.499996 0
    outer loop
      vertex 71.15 72.0548 0
      vertex 69.675 69.5 2.39
      vertex 69.675 69.5 0
    endloop
  endfacet
  facet normal 0.866028 0.499996 0
    outer loop
      vertex 71.15 66.9452 2.39
      vertex 69.675 69.5 0
      vertex 69.675 69.5 2.39
    endloop
  endfacet
  facet normal 0.866028 0.499996 0
    outer loop
      vertex 69.675 69.5 0
      vertex 71.15 66.9452 2.39
      vertex 71.15 66.9452 0
    endloop
  endfacet
  facet normal 0 0 -1
    outer loop
      vertex 73.8374 68.8 2.39
      vertex 75.575 69.5 2.39
      vertex 74.1 66.9452 2.39
    endloop
  endfacet
  facet normal 0 0 -1
    outer loop
      vertex 73.9773 69.8624 2.39
      vertex 75.575 69.5 2.39
      vertex 74.025 69.5 2.39
    endloop
  endfacet
  facet normal -0 0 -1
    outer loop
      vertex 75.575 69.5 2.39
      vertex 73.9773 69.1376 2.39
      vertex 74.025 69.5 2.39
    endloop
  endfacet
  facet normal 0 0 -1
    outer loop
      vertex 75.575 69.5 2.39
      vertex 73.8374 68.8 2.39
      vertex 73.9773 69.1376 2.39
    endloop
  endfacet
  facet normal 0 0 -1
    outer loop
      vertex 74.1 66.9452 2.39
      vertex 73.615 68.51 2.39
      vertex 73.8374 68.8 2.39
    endloop
  endfacet
  facet normal 0 0 -1
    outer loop
      vertex 74.1 66.9452 2.39
      vertex 73.325 68.2876 2.39
      vertex 73.615 68.51 2.39
    endloop
  endfacet
  facet normal 0 0 -1
    outer loop
      vertex 74.1 66.9452 2.39
      vertex 72.9874 68.1477 2.39
      vertex 73.325 68.2876 2.39
    endloop
  endfacet
  facet normal 0 0 -1
    outer loop
      vertex 74.1 66.9452 2.39
      vertex 72.625 68.1 2.39
      vertex 72.9874 68.1477 2.39
    endloop
  endfacet
  facet normal 0 0 -1
    outer loop
      vertex 71.15 66.9452 2.39
      vertex 72.625 68.1 2.39
      vertex 74.1 66.9452 2.39
    endloop
  endfacet
  facet normal -0 0 -1
    outer loop
      vertex 72.625 68.1 2.39
      vertex 71.15 66.9452 2.39
      vertex 72.2627 68.1477 2.39
    endloop
  endfacet
  facet normal 0 0 -1
    outer loop
      vertex 71.4126 68.8 2.39
      vertex 69.675 69.5 2.39
      vertex 71.2727 69.1376 2.39
    endloop
  endfacet
  facet normal 0 0 -1
    outer loop
      vertex 69.675 69.5 2.39
      vertex 71.4126 68.8 2.39
      vertex 71.15 66.9452 2.39
    endloop
  endfacet
  facet normal -0 0 -1
    outer loop
      vertex 71.635 68.51 2.39
      vertex 71.15 66.9452 2.39
      vertex 71.4126 68.8 2.39
    endloop
  endfacet
  facet normal -0 0 -1
    outer loop
      vertex 71.925 68.2876 2.39
      vertex 71.15 66.9452 2.39
      vertex 71.635 68.51 2.39
    endloop
  endfacet
  facet normal -0 0 -1
    outer loop
      vertex 72.2627 68.1477 2.39
      vertex 71.15 66.9452 2.39
      vertex 71.925 68.2876 2.39
    endloop
  endfacet
  facet normal 0 0 -1
    outer loop
      vertex 73.8374 70.2 2.39
      vertex 75.575 69.5 2.39
      vertex 73.9773 69.8624 2.39
    endloop
  endfacet
  facet normal 0 0 -1
    outer loop
      vertex 75.575 69.5 2.39
      vertex 73.8374 70.2 2.39
      vertex 74.1 72.0548 2.39
    endloop
  endfacet
  facet normal 0 0 -1
    outer loop
      vertex 73.615 70.49 2.39
      vertex 74.1 72.0548 2.39
      vertex 73.8374 70.2 2.39
    endloop
  endfacet
  facet normal 0 0 -1
    outer loop
      vertex 73.325 70.7124 2.39
      vertex 74.1 72.0548 2.39
      vertex 73.615 70.49 2.39
    endloop
  endfacet
  facet normal 0 0 -1
    outer loop
      vertex 72.9874 70.8523 2.39
      vertex 74.1 72.0548 2.39
      vertex 73.325 70.7124 2.39
    endloop
  endfacet
  facet normal 0 0 -1
    outer loop
      vertex 72.625 70.9 2.39
      vertex 74.1 72.0548 2.39
      vertex 72.9874 70.8523 2.39
    endloop
  endfacet
  facet normal 0 0 -1
    outer loop
      vertex 71.15 72.0548 2.39
      vertex 72.625 70.9 2.39
      vertex 72.2627 70.8523 2.39
    endloop
  endfacet
  facet normal 0 0 -1
    outer loop
      vertex 71.15 72.0548 2.39
      vertex 72.2627 70.8523 2.39
      vertex 71.925 70.7124 2.39
    endloop
  endfacet
  facet normal 0 0 -1
    outer loop
      vertex 72.625 70.9 2.39
      vertex 71.15 72.0548 2.39
      vertex 74.1 72.0548 2.39
    endloop
  endfacet
  facet normal 0 0 -1
    outer loop
      vertex 71.635 70.49 2.39
      vertex 71.15 72.0548 2.39
      vertex 71.925 70.7124 2.39
    endloop
  endfacet
  facet normal 0 0 -1
    outer loop
      vertex 71.4126 70.2 2.39
      vertex 71.15 72.0548 2.39
      vertex 71.635 70.49 2.39
    endloop
  endfacet
  facet normal 0 0 -1
    outer loop
      vertex 69.675 69.5 2.39
      vertex 71.4126 70.2 2.39
      vertex 71.2727 69.8624 2.39
    endloop
  endfacet
  facet normal 0 0 -1
    outer loop
      vertex 69.675 69.5 2.39
      vertex 71.2727 69.8624 2.39
      vertex 71.225 69.5 2.39
    endloop
  endfacet
  facet normal 0 0 -1
    outer loop
      vertex 71.2727 69.1376 2.39
      vertex 69.675 69.5 2.39
      vertex 71.225 69.5 2.39
    endloop
  endfacet
  facet normal -0 0 -1
    outer loop
      vertex 71.4126 70.2 2.39
      vertex 69.675 69.5 2.39
      vertex 71.15 72.0548 2.39
    endloop
  endfacet
  facet normal 0 0 1
    outer loop
      vertex 113.625 -5.5 3.4
      vertex 111.125 -1.5 3.4
      vertex 108.625 -5.5 3.4
    endloop
  endfacet
  facet normal 0 1 -0
    outer loop
      vertex 113.625 -5.5 3.4
      vertex 108.625 -5.5 4
      vertex 113.625 -5.5 4
    endloop
  endfacet
  facet normal 0 1 0
    outer loop
      vertex 108.625 -5.5 4
      vertex 113.625 -5.5 3.4
      vertex 108.625 -5.5 3.4
    endloop
  endfacet
  facet normal -0.847998 -0.529999 0
    outer loop
      vertex 113.625 -5.5 3.4
      vertex 111.125 -1.5 4
      vertex 111.125 -1.5 3.4
    endloop
  endfacet
  facet normal -0.847998 -0.529999 0
    outer loop
      vertex 111.125 -1.5 4
      vertex 113.625 -5.5 3.4
      vertex 113.625 -5.5 4
    endloop
  endfacet
  facet normal 0.847998 -0.529999 0
    outer loop
      vertex 108.625 -5.5 4
      vertex 111.125 -1.5 3.4
      vertex 111.125 -1.5 4
    endloop
  endfacet
  facet normal 0.847998 -0.529999 0
    outer loop
      vertex 111.125 -1.5 3.4
      vertex 108.625 -5.5 4
      vertex 108.625 -5.5 3.4
    endloop
  endfacet
endsolid OpenSCAD_Model
