solid OpenSCAD_Model
  facet normal 0.164598 -0.986361 0
    outer loop
      vertex 24 0 0
      vertex 25.9482 0.325104 33
      vertex 24 0 33
    endloop
  endfacet
  facet normal 0.164598 -0.986361 0
    outer loop
      vertex 25.9482 0.325104 33
      vertex 24 0 0
      vertex 25.9482 0.325104 0
    endloop
  endfacet
  facet normal 0.735731 -0.677274 0
    outer loop
      vertex 27.6853 1.26515 33
      vertex 29.023 2.71831 0
      vertex 29.023 2.71831 33
    endloop
  endfacet
  facet normal 0.735731 -0.677274 0
    outer loop
      vertex 29.023 2.71831 0
      vertex 27.6853 1.26515 33
      vertex 27.6853 1.26515 0
    endloop
  endfacet
  facet normal 0 -1 0
    outer loop
      vertex 3 0 15
      vertex 14.7626 0 11.2374
      vertex 16 0 12.4748
    endloop
  endfacet
  facet normal 0 -1 0
    outer loop
      vertex 9 0 9
      vertex 14.7626 0 11.2374
      vertex 3 0 15
    endloop
  endfacet
  facet normal 0 -1 0
    outer loop
      vertex 14.7626 0 11.2374
      vertex 9 0 9
      vertex 14.5449 0 10.9722
    endloop
  endfacet
  facet normal 0 -1 0
    outer loop
      vertex 14.5449 0 10.9722
      vertex 9 0 9
      vertex 14.3832 0 10.6697
    endloop
  endfacet
  facet normal 0 -1 0
    outer loop
      vertex 14.3832 0 10.6697
      vertex 9 0 9
      vertex 14.2836 0 10.3414
    endloop
  endfacet
  facet normal 0 -1 0
    outer loop
      vertex 14.2836 0 10.3414
      vertex 9 0 9
      vertex 14.25 0 10
    endloop
  endfacet
  facet normal 0 -1 -0
    outer loop
      vertex 14.25 0 10
      vertex 9 0 9
      vertex 14.2836 0 9.65859
    endloop
  endfacet
  facet normal 0 -1 -0
    outer loop
      vertex 14.2836 0 9.65859
      vertex 9 0 9
      vertex 14.3832 0 9.3303
    endloop
  endfacet
  facet normal 0 -1 -0
    outer loop
      vertex 14.3832 0 9.3303
      vertex 9 0 9
      vertex 14.5449 0 9.02775
    endloop
  endfacet
  facet normal 0 -1 0
    outer loop
      vertex 9 0 9
      vertex 14.7626 0 8.76256
      vertex 14.5449 0 9.02775
    endloop
  endfacet
  facet normal 0 -1 0
    outer loop
      vertex 9 0 3
      vertex 14.7626 0 8.76256
      vertex 9 0 9
    endloop
  endfacet
  facet normal 0 -1 -0
    outer loop
      vertex 14.7626 0 8.76256
      vertex 9 0 3
      vertex 15.0278 0 8.54493
    endloop
  endfacet
  facet normal 0 -1 -0
    outer loop
      vertex 15.0278 0 8.54493
      vertex 9 0 3
      vertex 15.3303 0 8.38321
    endloop
  endfacet
  facet normal 0 -1 -0
    outer loop
      vertex 15.6586 0 8.28363
      vertex 9 0 3
      vertex 16 0 8.25
    endloop
  endfacet
  facet normal 0 -1 -0
    outer loop
      vertex 15.3303 0 8.38321
      vertex 9 0 3
      vertex 15.6586 0 8.28363
    endloop
  endfacet
  facet normal 0 -1 0
    outer loop
      vertex -24 0 33
      vertex -3 0 15
      vertex 24 0 33
    endloop
  endfacet
  facet normal 0 -1 0
    outer loop
      vertex -24 0 33
      vertex -16 0 12.4748
      vertex -3 0 15
    endloop
  endfacet
  facet normal 0 -1 0
    outer loop
      vertex -24 0 33
      vertex -17.2374 0 11.2374
      vertex -16 0 12.4748
    endloop
  endfacet
  facet normal 0 -1 0
    outer loop
      vertex -24 0 33
      vertex -17.4551 0 10.9722
      vertex -17.2374 0 11.2374
    endloop
  endfacet
  facet normal 0 -1 0
    outer loop
      vertex -24 0 33
      vertex -17.6168 0 10.6697
      vertex -17.4551 0 10.9722
    endloop
  endfacet
  facet normal 0 -1 0
    outer loop
      vertex -24 0 33
      vertex -17.7164 0 10.3414
      vertex -17.6168 0 10.6697
    endloop
  endfacet
  facet normal 0 -1 0
    outer loop
      vertex -24 0 0
      vertex -17.7164 0 10.3414
      vertex -24 0 33
    endloop
  endfacet
  facet normal 0 -1 0
    outer loop
      vertex -17.7164 0 10.3414
      vertex -24 0 0
      vertex -17.75 0 10
    endloop
  endfacet
  facet normal 0 -1 0
    outer loop
      vertex -24 0 0
      vertex -16 0 8.25
      vertex -16.3414 0 8.28363
    endloop
  endfacet
  facet normal 0 -1 0
    outer loop
      vertex -24 0 0
      vertex -16.3414 0 8.28363
      vertex -16.6697 0 8.38321
    endloop
  endfacet
  facet normal 0 -1 0
    outer loop
      vertex -24 0 0
      vertex -16.6697 0 8.38321
      vertex -16.9722 0 8.54493
    endloop
  endfacet
  facet normal 0 -1 -0
    outer loop
      vertex -9 0 3
      vertex -24 0 0
      vertex 9 0 3
    endloop
  endfacet
  facet normal 0 -1 -0
    outer loop
      vertex -16 0 8.25
      vertex -24 0 0
      vertex -9 0 3
    endloop
  endfacet
  facet normal 0 -1 -0
    outer loop
      vertex -17.2374 0 8.76256
      vertex -24 0 0
      vertex -16.9722 0 8.54493
    endloop
  endfacet
  facet normal 0 -1 -0
    outer loop
      vertex -17.4551 0 9.02775
      vertex -24 0 0
      vertex -17.2374 0 8.76256
    endloop
  endfacet
  facet normal 0 -1 -0
    outer loop
      vertex -17.6168 0 9.3303
      vertex -24 0 0
      vertex -17.4551 0 9.02775
    endloop
  endfacet
  facet normal 0 -1 -0
    outer loop
      vertex -17.7164 0 9.65859
      vertex -24 0 0
      vertex -17.6168 0 9.3303
    endloop
  endfacet
  facet normal 0 -1 -0
    outer loop
      vertex -17.75 0 10
      vertex -24 0 0
      vertex -17.7164 0 9.65859
    endloop
  endfacet
  facet normal 0 -1 0
    outer loop
      vertex 3 0 15
      vertex 24 0 33
      vertex -3 0 15
    endloop
  endfacet
  facet normal 0 -1 0
    outer loop
      vertex 16 0 12.4748
      vertex 24 0 33
      vertex 3 0 15
    endloop
  endfacet
  facet normal 0 -1 0
    outer loop
      vertex 17.2374 0 11.2374
      vertex 24 0 33
      vertex 16 0 12.4748
    endloop
  endfacet
  facet normal 0 -1 0
    outer loop
      vertex 17.4551 0 10.9722
      vertex 24 0 33
      vertex 17.2374 0 11.2374
    endloop
  endfacet
  facet normal 0 -1 0
    outer loop
      vertex 17.6168 0 10.6697
      vertex 24 0 33
      vertex 17.4551 0 10.9722
    endloop
  endfacet
  facet normal 0 -1 0
    outer loop
      vertex 17.7164 0 10.3414
      vertex 24 0 33
      vertex 17.6168 0 10.6697
    endloop
  endfacet
  facet normal 0 -1 0
    outer loop
      vertex 24 0 0
      vertex 17.7164 0 10.3414
      vertex 17.75 0 10
    endloop
  endfacet
  facet normal 0 -1 0
    outer loop
      vertex 24 0 0
      vertex 17.75 0 10
      vertex 17.7164 0 9.65859
    endloop
  endfacet
  facet normal 0 -1 0
    outer loop
      vertex 24 0 0
      vertex 16 0 8.25
      vertex 9 0 3
    endloop
  endfacet
  facet normal 0 -1 0
    outer loop
      vertex 16 0 8.25
      vertex 24 0 0
      vertex 16.3414 0 8.28363
    endloop
  endfacet
  facet normal 0 -1 0
    outer loop
      vertex 16.3414 0 8.28363
      vertex 24 0 0
      vertex 16.6697 0 8.38321
    endloop
  endfacet
  facet normal 0 -1 0
    outer loop
      vertex 17.7164 0 10.3414
      vertex 24 0 0
      vertex 24 0 33
    endloop
  endfacet
  facet normal 0 -1 0
    outer loop
      vertex 17.6168 0 9.3303
      vertex 24 0 0
      vertex 17.7164 0 9.65859
    endloop
  endfacet
  facet normal 0 -1 0
    outer loop
      vertex 17.4551 0 9.02775
      vertex 24 0 0
      vertex 17.6168 0 9.3303
    endloop
  endfacet
  facet normal 0 -1 0
    outer loop
      vertex 17.2374 0 8.76256
      vertex 24 0 0
      vertex 17.4551 0 9.02775
    endloop
  endfacet
  facet normal 0 -1 0
    outer loop
      vertex 16.9722 0 8.54493
      vertex 24 0 0
      vertex 17.2374 0 8.76256
    endloop
  endfacet
  facet normal 0 -1 0
    outer loop
      vertex 16.6697 0 8.38321
      vertex 24 0 0
      vertex 16.9722 0 8.54493
    endloop
  endfacet
  facet normal 0 -1 0
    outer loop
      vertex 24 0 0
      vertex 9 0 3
      vertex -24 0 0
    endloop
  endfacet
  facet normal 0 -1 0
    outer loop
      vertex -14.7626 0 11.2374
      vertex -3 0 15
      vertex -16 0 12.4748
    endloop
  endfacet
  facet normal 0 -1 0
    outer loop
      vertex -9 0 9
      vertex -14.7626 0 11.2374
      vertex -14.5449 0 10.9722
    endloop
  endfacet
  facet normal 0 -1 0
    outer loop
      vertex -9 0 9
      vertex -14.5449 0 10.9722
      vertex -14.3832 0 10.6697
    endloop
  endfacet
  facet normal 0 -1 0
    outer loop
      vertex -9 0 9
      vertex -14.3832 0 10.6697
      vertex -14.2836 0 10.3414
    endloop
  endfacet
  facet normal 0 -1 0
    outer loop
      vertex -9 0 9
      vertex -14.2836 0 10.3414
      vertex -14.25 0 10
    endloop
  endfacet
  facet normal 0 -1 0
    outer loop
      vertex -9 0 9
      vertex -14.25 0 10
      vertex -14.2836 0 9.65859
    endloop
  endfacet
  facet normal 0 -1 0
    outer loop
      vertex -9 0 9
      vertex -14.2836 0 9.65859
      vertex -14.3832 0 9.3303
    endloop
  endfacet
  facet normal 0 -1 0
    outer loop
      vertex -9 0 9
      vertex -14.3832 0 9.3303
      vertex -14.5449 0 9.02775
    endloop
  endfacet
  facet normal 0 -1 0
    outer loop
      vertex -14.7626 0 11.2374
      vertex -9 0 9
      vertex -3 0 15
    endloop
  endfacet
  facet normal 0 -1 0
    outer loop
      vertex -14.7626 0 8.76256
      vertex -9 0 9
      vertex -14.5449 0 9.02775
    endloop
  endfacet
  facet normal 0 -1 0
    outer loop
      vertex -9 0 3
      vertex -14.7626 0 8.76256
      vertex -15.0278 0 8.54493
    endloop
  endfacet
  facet normal 0 -1 0
    outer loop
      vertex -9 0 3
      vertex -15.0278 0 8.54493
      vertex -15.3303 0 8.38321
    endloop
  endfacet
  facet normal 0 -1 0
    outer loop
      vertex -9 0 3
      vertex -15.3303 0 8.38321
      vertex -15.6586 0 8.28363
    endloop
  endfacet
  facet normal 0 -1 0
    outer loop
      vertex -14.7626 0 8.76256
      vertex -9 0 3
      vertex -9 0 9
    endloop
  endfacet
  facet normal 0 -1 0
    outer loop
      vertex -9 0 3
      vertex -15.6586 0 8.28363
      vertex -16 0 8.25
    endloop
  endfacet
  facet normal 0.475937 -0.879479 0
    outer loop
      vertex 25.9482 0.325104 0
      vertex 27.6853 1.26515 33
      vertex 25.9482 0.325104 33
    endloop
  endfacet
  facet normal 0.475937 -0.879479 0
    outer loop
      vertex 27.6853 1.26515 33
      vertex 25.9482 0.325104 0
      vertex 27.6853 1.26515 0
    endloop
  endfacet
  facet normal -0.164596 0.986361 0
    outer loop
      vertex -24 44 0
      vertex -25.9482 43.6749 33
      vertex -24 44 33
    endloop
  endfacet
  facet normal -0.164596 0.986361 0
    outer loop
      vertex -25.9482 43.6749 33
      vertex -24 44 0
      vertex -25.9482 43.6749 0
    endloop
  endfacet
  facet normal -0.915776 0.40169 0
    outer loop
      vertex -29.8164 39.4729 0
      vertex -29.023 41.2817 33
      vertex -29.023 41.2817 0
    endloop
  endfacet
  facet normal -0.915776 0.40169 0
    outer loop
      vertex -29.023 41.2817 33
      vertex -29.8164 39.4729 0
      vertex -29.8164 39.4729 33
    endloop
  endfacet
  facet normal -0.123691 -0.992321 0
    outer loop
      vertex -25.4729 0.183594 0
      vertex -24 0 33
      vertex -25.4729 0.183594 33
    endloop
  endfacet
  facet normal -0.123691 -0.992321 -0
    outer loop
      vertex -24 0 33
      vertex -25.4729 0.183594 0
      vertex -24 0 0
    endloop
  endfacet
  facet normal -0.99232 0.123695 0
    outer loop
      vertex -30 38 0
      vertex -29.8164 39.4729 33
      vertex -29.8164 39.4729 0
    endloop
  endfacet
  facet normal -0.99232 0.123695 0
    outer loop
      vertex -29.8164 39.4729 33
      vertex -30 38 0
      vertex -30 38 33
    endloop
  endfacet
  facet normal 0 1 -0
    outer loop
      vertex 24 44 0
      vertex -24 44 33
      vertex 24 44 33
    endloop
  endfacet
  facet normal 0 1 0
    outer loop
      vertex -24 44 33
      vertex 24 44 0
      vertex -24 44 0
    endloop
  endfacet
  facet normal -1 0 0
    outer loop
      vertex -30 6 0
      vertex -30 38 33
      vertex -30 38 0
    endloop
  endfacet
  facet normal -1 -0 0
    outer loop
      vertex -30 38 33
      vertex -30 6 0
      vertex -30 6 33
    endloop
  endfacet
  facet normal -0.677296 -0.735711 0
    outer loop
      vertex -28.7348 2.31473 0
      vertex -27.2817 0.977005 33
      vertex -28.7348 2.31473 33
    endloop
  endfacet
  facet normal -0.677296 -0.735711 -0
    outer loop
      vertex -27.2817 0.977005 33
      vertex -28.7348 2.31473 0
      vertex -27.2817 0.977005 0
    endloop
  endfacet
  facet normal 0 0 -1
    outer loop
      vertex 24 0 0
      vertex 30 6 0
      vertex 29.8164 4.52708 0
    endloop
  endfacet
  facet normal -0 0 -1
    outer loop
      vertex 30 6 0
      vertex 24 0 0
      vertex 30 38 0
    endloop
  endfacet
  facet normal 0 0 -1
    outer loop
      vertex 24 0 0
      vertex 29.8164 4.52708 0
      vertex 29.023 2.71831 0
    endloop
  endfacet
  facet normal -0 0 -1
    outer loop
      vertex 30 38 0
      vertex 24 0 0
      vertex 24 44 0
    endloop
  endfacet
  facet normal 0 0 -1
    outer loop
      vertex 24 0 0
      vertex 29.023 2.71831 0
      vertex 27.6853 1.26515 0
    endloop
  endfacet
  facet normal 0 0 -1
    outer loop
      vertex 30 38 0
      vertex 24 44 0
      vertex 29.6749 39.9482 0
    endloop
  endfacet
  facet normal 0 0 -1
    outer loop
      vertex 24 0 0
      vertex 27.6853 1.26515 0
      vertex 25.9482 0.325104 0
    endloop
  endfacet
  facet normal 0 0 -1
    outer loop
      vertex 29.6749 39.9482 0
      vertex 24 44 0
      vertex 28.7348 41.6853 0
    endloop
  endfacet
  facet normal 0 0 -1
    outer loop
      vertex 28.7348 41.6853 0
      vertex 24 44 0
      vertex 27.2817 43.023 0
    endloop
  endfacet
  facet normal 0 0 -1
    outer loop
      vertex 27.2817 43.023 0
      vertex 24 44 0
      vertex 25.4729 43.8164 0
    endloop
  endfacet
  facet normal 0 0 -1
    outer loop
      vertex -24 0 0
      vertex 24 44 0
      vertex 24 0 0
    endloop
  endfacet
  facet normal 0 0 -1
    outer loop
      vertex -24 0 0
      vertex -24 44 0
      vertex 24 44 0
    endloop
  endfacet
  facet normal 0 0 -1
    outer loop
      vertex -30 6 0
      vertex -24 0 0
      vertex -25.4729 0.183594 0
    endloop
  endfacet
  facet normal 0 0 -1
    outer loop
      vertex -24 0 0
      vertex -30 6 0
      vertex -24 44 0
    endloop
  endfacet
  facet normal 0 0 -1
    outer loop
      vertex -30 6 0
      vertex -25.4729 0.183594 0
      vertex -27.2817 0.977005 0
    endloop
  endfacet
  facet normal 0 0 -1
    outer loop
      vertex -24 44 0
      vertex -30 6 0
      vertex -30 38 0
    endloop
  endfacet
  facet normal 0 0 -1
    outer loop
      vertex -30 6 0
      vertex -27.2817 0.977005 0
      vertex -28.7348 2.31473 0
    endloop
  endfacet
  facet normal 0 0 -1
    outer loop
      vertex -24 44 0
      vertex -30 38 0
      vertex -25.9482 43.6749 0
    endloop
  endfacet
  facet normal 0 0 -1
    outer loop
      vertex -30 6 0
      vertex -28.7348 2.31473 0
      vertex -29.6749 4.0518 0
    endloop
  endfacet
  facet normal 0 0 -1
    outer loop
      vertex -25.9482 43.6749 0
      vertex -30 38 0
      vertex -27.6853 42.7348 0
    endloop
  endfacet
  facet normal 0 0 -1
    outer loop
      vertex -27.6853 42.7348 0
      vertex -30 38 0
      vertex -29.023 41.2817 0
    endloop
  endfacet
  facet normal 0 0 -1
    outer loop
      vertex -29.023 41.2817 0
      vertex -30 38 0
      vertex -29.8164 39.4729 0
    endloop
  endfacet
  facet normal -0.401694 -0.915774 0
    outer loop
      vertex -27.2817 0.977005 0
      vertex -25.4729 0.183594 33
      vertex -27.2817 0.977005 33
    endloop
  endfacet
  facet normal -0.401694 -0.915774 -0
    outer loop
      vertex -25.4729 0.183594 33
      vertex -27.2817 0.977005 0
      vertex -25.4729 0.183594 0
    endloop
  endfacet
  facet normal 0.992321 -0.123693 0
    outer loop
      vertex 29.8164 4.52708 33
      vertex 30 6 0
      vertex 30 6 33
    endloop
  endfacet
  facet normal 0.992321 -0.123693 0
    outer loop
      vertex 30 6 0
      vertex 29.8164 4.52708 33
      vertex 29.8164 4.52708 0
    endloop
  endfacet
  facet normal 0.879468 0.475959 0
    outer loop
      vertex 29.6749 39.9482 33
      vertex 28.7348 41.6853 0
      vertex 28.7348 41.6853 33
    endloop
  endfacet
  facet normal 0.879468 0.475959 0
    outer loop
      vertex 28.7348 41.6853 0
      vertex 29.6749 39.9482 33
      vertex 29.6749 39.9482 0
    endloop
  endfacet
  facet normal -0.475959 0.879468 0
    outer loop
      vertex -25.9482 43.6749 0
      vertex -27.6853 42.7348 33
      vertex -25.9482 43.6749 33
    endloop
  endfacet
  facet normal -0.475959 0.879468 0
    outer loop
      vertex -27.6853 42.7348 33
      vertex -25.9482 43.6749 0
      vertex -27.6853 42.7348 0
    endloop
  endfacet
  facet normal -0.735717 0.677289 0
    outer loop
      vertex -29.023 41.2817 0
      vertex -27.6853 42.7348 33
      vertex -27.6853 42.7348 0
    endloop
  endfacet
  facet normal -0.735717 0.677289 0
    outer loop
      vertex -27.6853 42.7348 33
      vertex -29.023 41.2817 0
      vertex -29.023 41.2817 33
    endloop
  endfacet
  facet normal -0.879464 -0.475965 0
    outer loop
      vertex -28.7348 2.31473 0
      vertex -29.6749 4.0518 33
      vertex -29.6749 4.0518 0
    endloop
  endfacet
  facet normal -0.879464 -0.475965 0
    outer loop
      vertex -29.6749 4.0518 33
      vertex -28.7348 2.31473 0
      vertex -28.7348 2.31473 33
    endloop
  endfacet
  facet normal -0.986361 -0.164596 0
    outer loop
      vertex -29.6749 4.0518 0
      vertex -30 6 33
      vertex -30 6 0
    endloop
  endfacet
  facet normal -0.986361 -0.164596 0
    outer loop
      vertex -30 6 33
      vertex -29.6749 4.0518 0
      vertex -29.6749 4.0518 33
    endloop
  endfacet
  facet normal 0.677289 0.735717 -0
    outer loop
      vertex 28.7348 41.6853 0
      vertex 27.2817 43.023 33
      vertex 28.7348 41.6853 33
    endloop
  endfacet
  facet normal 0.677289 0.735717 0
    outer loop
      vertex 27.2817 43.023 33
      vertex 28.7348 41.6853 0
      vertex 27.2817 43.023 0
    endloop
  endfacet
  facet normal 1 -0 0
    outer loop
      vertex 30 6 33
      vertex 30 38 0
      vertex 30 38 33
    endloop
  endfacet
  facet normal 1 0 0
    outer loop
      vertex 30 38 0
      vertex 30 6 33
      vertex 30 6 0
    endloop
  endfacet
  facet normal 0.986361 0.164596 0
    outer loop
      vertex 30 38 33
      vertex 29.6749 39.9482 0
      vertex 29.6749 39.9482 33
    endloop
  endfacet
  facet normal 0.986361 0.164596 0
    outer loop
      vertex 29.6749 39.9482 0
      vertex 30 38 33
      vertex 30 38 0
    endloop
  endfacet
  facet normal 0 0 1
    outer loop
      vertex -21.7 7 33
      vertex -18.7 7 33
      vertex -18.7529 7.67267 33
    endloop
  endfacet
  facet normal 0 0 1
    outer loop
      vertex -21.7443 7.33646 33
      vertex -18.7529 7.67267 33
      vertex -18.9105 8.32877 33
    endloop
  endfacet
  facet normal 0 0 1
    outer loop
      vertex -18.7 7 33
      vertex -21.7 7 33
      vertex -18.7529 6.32733 33
    endloop
  endfacet
  facet normal 0 0 1
    outer loop
      vertex -21.7443 7.33646 33
      vertex -18.9105 8.32877 33
      vertex -19.1687 8.95216 33
    endloop
  endfacet
  facet normal -0 0 1
    outer loop
      vertex -21.7443 6.66354 33
      vertex -18.7529 6.32733 33
      vertex -21.7 7 33
    endloop
  endfacet
  facet normal 0 0 1
    outer loop
      vertex -21.8742 7.65 33
      vertex -19.1687 8.95216 33
      vertex -19.5212 9.52748 33
    endloop
  endfacet
  facet normal 0 0 1
    outer loop
      vertex -18.7529 6.32733 33
      vertex -21.7443 6.66354 33
      vertex -18.9105 5.67123 33
    endloop
  endfacet
  facet normal 0 0 1
    outer loop
      vertex -22.0808 7.91924 33
      vertex -19.5212 9.52748 33
      vertex -19.9594 10.0406 33
    endloop
  endfacet
  facet normal 0 0 1
    outer loop
      vertex -18.9105 5.67123 33
      vertex -21.7443 6.66354 33
      vertex -19.1687 5.04784 33
    endloop
  endfacet
  facet normal 0 0 1
    outer loop
      vertex -22.0808 7.91924 33
      vertex -19.9594 10.0406 33
      vertex -20.4725 10.4788 33
    endloop
  endfacet
  facet normal -0 0 1
    outer loop
      vertex -21.8742 6.35 33
      vertex -19.1687 5.04784 33
      vertex -21.7443 6.66354 33
    endloop
  endfacet
  facet normal 0 0 1
    outer loop
      vertex -22.35 8.12583 33
      vertex -20.4725 10.4788 33
      vertex -21.0478 10.8313 33
    endloop
  endfacet
  facet normal 0 0 1
    outer loop
      vertex -19.1687 5.04784 33
      vertex -21.8742 6.35 33
      vertex -19.5212 4.47252 33
    endloop
  endfacet
  facet normal -0 0 1
    outer loop
      vertex -22.0808 6.08076 33
      vertex -19.5212 4.47252 33
      vertex -21.8742 6.35 33
    endloop
  endfacet
  facet normal 0 0 1
    outer loop
      vertex -22.35 8.12583 33
      vertex -21.0478 10.8313 33
      vertex -21.6712 11.0895 33
    endloop
  endfacet
  facet normal 0 0 1
    outer loop
      vertex 22.0808 7.91924 33
      vertex 19.5212 9.52748 33
      vertex 21.8742 7.65 33
    endloop
  endfacet
  facet normal -0 0 1
    outer loop
      vertex 19.1687 8.95216 33
      vertex 21.8742 7.65 33
      vertex 19.5212 9.52748 33
    endloop
  endfacet
  facet normal 0 -0 1
    outer loop
      vertex 21.0478 3.16867 33
      vertex 21.7 7 33
      vertex 20.4725 3.52123 33
    endloop
  endfacet
  facet normal 0 0 1
    outer loop
      vertex 21.7 7 33
      vertex 21.0478 3.16867 33
      vertex 21.455 3 33
    endloop
  endfacet
  facet normal 0 0 1
    outer loop
      vertex 21.8742 7.65 33
      vertex 19.1687 8.95216 33
      vertex 21.7443 7.33646 33
    endloop
  endfacet
  facet normal 0 0 1
    outer loop
      vertex 21.7 7 33
      vertex 19.9594 3.95944 33
      vertex 20.4725 3.52123 33
    endloop
  endfacet
  facet normal -0 0 1
    outer loop
      vertex 18.9105 8.32877 33
      vertex 21.7443 7.33646 33
      vertex 19.1687 8.95216 33
    endloop
  endfacet
  facet normal 0 0 1
    outer loop
      vertex 21.7 7 33
      vertex 19.5212 4.47252 33
      vertex 19.9594 3.95944 33
    endloop
  endfacet
  facet normal -0 0 1
    outer loop
      vertex 18.7529 7.67267 33
      vertex 21.7443 7.33646 33
      vertex 18.9105 8.32877 33
    endloop
  endfacet
  facet normal 0 0 1
    outer loop
      vertex 21.7 7 33
      vertex 19.1687 5.04784 33
      vertex 19.5212 4.47252 33
    endloop
  endfacet
  facet normal 0 0 1
    outer loop
      vertex 21.7443 7.33646 33
      vertex 18.7529 7.67267 33
      vertex 21.7 7 33
    endloop
  endfacet
  facet normal 0 0 1
    outer loop
      vertex 21.7 7 33
      vertex 18.9105 5.67123 33
      vertex 19.1687 5.04784 33
    endloop
  endfacet
  facet normal 0 0 1
    outer loop
      vertex 18.7 7 33
      vertex 21.7 7 33
      vertex 18.7529 7.67267 33
    endloop
  endfacet
  facet normal 0 0 1
    outer loop
      vertex 21.7 7 33
      vertex 18.7529 6.32733 33
      vertex 18.9105 5.67123 33
    endloop
  endfacet
  facet normal 0 0 1
    outer loop
      vertex 21.7 7 33
      vertex 18.7 7 33
      vertex 18.7529 6.32733 33
    endloop
  endfacet
  facet normal 0 0 1
    outer loop
      vertex 22.0808 37.9192 33
      vertex 19.5212 39.5275 33
      vertex 21.8742 37.65 33
    endloop
  endfacet
  facet normal 0 0 1
    outer loop
      vertex 21.7 37 33
      vertex 21.0478 33.1687 33
      vertex 21.6712 32.9105 33
    endloop
  endfacet
  facet normal -0 0 1
    outer loop
      vertex 19.1687 38.9522 33
      vertex 21.8742 37.65 33
      vertex 19.5212 39.5275 33
    endloop
  endfacet
  facet normal 0 0 1
    outer loop
      vertex 21.7 37 33
      vertex 20.4725 33.5212 33
      vertex 21.0478 33.1687 33
    endloop
  endfacet
  facet normal 0 0 1
    outer loop
      vertex 21.8742 37.65 33
      vertex 19.1687 38.9522 33
      vertex 21.7443 37.3365 33
    endloop
  endfacet
  facet normal 0 0 1
    outer loop
      vertex 21.7 37 33
      vertex 19.9594 33.9594 33
      vertex 20.4725 33.5212 33
    endloop
  endfacet
  facet normal -0 0 1
    outer loop
      vertex 18.9105 38.3288 33
      vertex 21.7443 37.3365 33
      vertex 19.1687 38.9522 33
    endloop
  endfacet
  facet normal 0 0 1
    outer loop
      vertex 21.7 37 33
      vertex 19.5212 34.4725 33
      vertex 19.9594 33.9594 33
    endloop
  endfacet
  facet normal -0 0 1
    outer loop
      vertex 18.7529 37.6727 33
      vertex 21.7443 37.3365 33
      vertex 18.9105 38.3288 33
    endloop
  endfacet
  facet normal 0 0 1
    outer loop
      vertex 21.7 37 33
      vertex 19.1687 35.0478 33
      vertex 19.5212 34.4725 33
    endloop
  endfacet
  facet normal 0 0 1
    outer loop
      vertex 21.7443 37.3365 33
      vertex 18.7529 37.6727 33
      vertex 21.7 37 33
    endloop
  endfacet
  facet normal 0 0 1
    outer loop
      vertex 21.7 37 33
      vertex 18.9105 35.6712 33
      vertex 19.1687 35.0478 33
    endloop
  endfacet
  facet normal 0 0 1
    outer loop
      vertex 18.7 37 33
      vertex 21.7 37 33
      vertex 18.7529 37.6727 33
    endloop
  endfacet
  facet normal 0 0 1
    outer loop
      vertex 21.7 37 33
      vertex 18.7529 36.3273 33
      vertex 18.9105 35.6712 33
    endloop
  endfacet
  facet normal 0 0 1
    outer loop
      vertex 21.7 37 33
      vertex 18.7 37 33
      vertex 18.7529 36.3273 33
    endloop
  endfacet
  facet normal 0 0 1
    outer loop
      vertex -24.1258 7.65 33
      vertex -27 8.54495 33
      vertex -24.2557 7.33646 33
    endloop
  endfacet
  facet normal 0 -0 1
    outer loop
      vertex -26.5318 4.55907 33
      vertex -24.3 7 33
      vertex -27 8.54495 33
    endloop
  endfacet
  facet normal 0 0 1
    outer loop
      vertex -24.3 7 33
      vertex -26.4788 4.47252 33
      vertex -26.162 4.10158 33
    endloop
  endfacet
  facet normal 0 0 1
    outer loop
      vertex -24.2557 7.33646 33
      vertex -27 8.54495 33
      vertex -24.3 7 33
    endloop
  endfacet
  facet normal 0 0 1
    outer loop
      vertex -27 35.4551 33
      vertex -24.2557 37.3365 33
      vertex -25.8984 40.162 33
    endloop
  endfacet
  facet normal 0 0 1
    outer loop
      vertex -24.2557 37.3365 33
      vertex -27 35.4551 33
      vertex -24.3 37 33
    endloop
  endfacet
  facet normal 0 0 1
    outer loop
      vertex -24.3 37 33
      vertex -25.5275 33.5212 33
      vertex -24.9522 33.1687 33
    endloop
  endfacet
  facet normal 0 0 1
    outer loop
      vertex -24.3 37 33
      vertex -26.0406 33.9594 33
      vertex -25.5275 33.5212 33
    endloop
  endfacet
  facet normal 0 0 1
    outer loop
      vertex -25.7634 40.427 33
      vertex -27.6853 42.7348 33
      vertex -25.8984 40.162 33
    endloop
  endfacet
  facet normal 0 -0 1
    outer loop
      vertex -26.8313 35.0478 33
      vertex -24.3 37 33
      vertex -27 35.4551 33
    endloop
  endfacet
  facet normal 0 0 1
    outer loop
      vertex -24.3 37 33
      vertex -26.4788 34.4725 33
      vertex -26.0406 33.9594 33
    endloop
  endfacet
  facet normal 0 0 1
    outer loop
      vertex -24.3 37 33
      vertex -26.8313 35.0478 33
      vertex -26.4788 34.4725 33
    endloop
  endfacet
  facet normal 0 0 1
    outer loop
      vertex -30 6 33
      vertex -27 8.54495 33
      vertex -27 35.4551 33
    endloop
  endfacet
  facet normal -0 0 1
    outer loop
      vertex -29.023 41.2817 33
      vertex -25.8984 40.162 33
      vertex -27.6853 42.7348 33
    endloop
  endfacet
  facet normal 0 0 1
    outer loop
      vertex -29.8164 39.4729 33
      vertex -25.8984 40.162 33
      vertex -29.023 41.2817 33
    endloop
  endfacet
  facet normal 0 0 1
    outer loop
      vertex -30 6 33
      vertex -27 35.4551 33
      vertex -30 38 33
    endloop
  endfacet
  facet normal 0 0 1
    outer loop
      vertex -30 38 33
      vertex -25.8984 40.162 33
      vertex -29.8164 39.4729 33
    endloop
  endfacet
  facet normal 0 -0 1
    outer loop
      vertex -29.6749 4.0518 33
      vertex -27 8.54495 33
      vertex -30 6 33
    endloop
  endfacet
  facet normal 0 0 1
    outer loop
      vertex -25.8984 40.162 33
      vertex -30 38 33
      vertex -27 35.4551 33
    endloop
  endfacet
  facet normal 0 0 1
    outer loop
      vertex -27 8.54495 33
      vertex -28.7348 2.31473 33
      vertex -27.2817 0.977005 33
    endloop
  endfacet
  facet normal 0 0 1
    outer loop
      vertex -27 8.54495 33
      vertex -29.6749 4.0518 33
      vertex -28.7348 2.31473 33
    endloop
  endfacet
  facet normal 0 0 1
    outer loop
      vertex -18.7529 7.67267 33
      vertex -21.7443 7.33646 33
      vertex -21.7 7 33
    endloop
  endfacet
  facet normal 0 0 1
    outer loop
      vertex -19.1687 8.95216 33
      vertex -21.8742 7.65 33
      vertex -21.7443 7.33646 33
    endloop
  endfacet
  facet normal 0 0 1
    outer loop
      vertex -19.5212 9.52748 33
      vertex -22.0808 7.91924 33
      vertex -21.8742 7.65 33
    endloop
  endfacet
  facet normal 0 0 1
    outer loop
      vertex -22.6635 8.2557 33
      vertex -21.6712 11.0895 33
      vertex -22.3273 11.2471 33
    endloop
  endfacet
  facet normal 0 0 1
    outer loop
      vertex -20.4725 10.4788 33
      vertex -22.35 8.12583 33
      vertex -22.0808 7.91924 33
    endloop
  endfacet
  facet normal 0 0 1
    outer loop
      vertex -21.6712 11.0895 33
      vertex -22.6635 8.2557 33
      vertex -22.35 8.12583 33
    endloop
  endfacet
  facet normal 0 0 1
    outer loop
      vertex -23 8.3 33
      vertex -22.3273 11.2471 33
      vertex -23 11.3 33
    endloop
  endfacet
  facet normal 0 0 1
    outer loop
      vertex -22.3273 11.2471 33
      vertex -23 8.3 33
      vertex -22.6635 8.2557 33
    endloop
  endfacet
  facet normal -0 0 1
    outer loop
      vertex -23.6727 11.2471 33
      vertex -23 8.3 33
      vertex -23 11.3 33
    endloop
  endfacet
  facet normal 0 0 1
    outer loop
      vertex -23 8.3 33
      vertex -23.6727 11.2471 33
      vertex -23.3365 8.2557 33
    endloop
  endfacet
  facet normal -0 0 1
    outer loop
      vertex -24.3288 11.0895 33
      vertex -23.3365 8.2557 33
      vertex -23.6727 11.2471 33
    endloop
  endfacet
  facet normal 0 0 1
    outer loop
      vertex -23.3365 8.2557 33
      vertex -24.3288 11.0895 33
      vertex -23.65 8.12583 33
    endloop
  endfacet
  facet normal -0 0 1
    outer loop
      vertex -24.9522 10.8313 33
      vertex -23.65 8.12583 33
      vertex -24.3288 11.0895 33
    endloop
  endfacet
  facet normal -0 0 1
    outer loop
      vertex -25.5275 10.4788 33
      vertex -23.65 8.12583 33
      vertex -24.9522 10.8313 33
    endloop
  endfacet
  facet normal -0 0 1
    outer loop
      vertex -26.0406 10.0406 33
      vertex -23.9192 7.91924 33
      vertex -25.5275 10.4788 33
    endloop
  endfacet
  facet normal 0 0 1
    outer loop
      vertex -23.65 8.12583 33
      vertex -25.5275 10.4788 33
      vertex -23.9192 7.91924 33
    endloop
  endfacet
  facet normal 0 0 1
    outer loop
      vertex -21.7 37 33
      vertex -18.7 37 33
      vertex -18.7529 37.6727 33
    endloop
  endfacet
  facet normal 0 0 1
    outer loop
      vertex -21.7443 37.3365 33
      vertex -18.7529 37.6727 33
      vertex -18.9105 38.3288 33
    endloop
  endfacet
  facet normal 0 0 1
    outer loop
      vertex -18.7 37 33
      vertex -21.7 37 33
      vertex -18.7529 36.3273 33
    endloop
  endfacet
  facet normal 0 0 1
    outer loop
      vertex -21.7443 37.3365 33
      vertex -18.9105 38.3288 33
      vertex -19.1687 38.9522 33
    endloop
  endfacet
  facet normal -0 0 1
    outer loop
      vertex -21.7443 36.6635 33
      vertex -18.7529 36.3273 33
      vertex -21.7 37 33
    endloop
  endfacet
  facet normal 0 0 1
    outer loop
      vertex -21.8742 37.65 33
      vertex -19.1687 38.9522 33
      vertex -19.5212 39.5275 33
    endloop
  endfacet
  facet normal 0 0 1
    outer loop
      vertex -18.7529 36.3273 33
      vertex -21.7443 36.6635 33
      vertex -18.9105 35.6712 33
    endloop
  endfacet
  facet normal 0 0 1
    outer loop
      vertex -22.0808 37.9192 33
      vertex -19.5212 39.5275 33
      vertex -19.9594 40.0406 33
    endloop
  endfacet
  facet normal 0 0 1
    outer loop
      vertex -18.9105 35.6712 33
      vertex -21.7443 36.6635 33
      vertex -19.1687 35.0478 33
    endloop
  endfacet
  facet normal 0 0 1
    outer loop
      vertex -22.0808 37.9192 33
      vertex -19.9594 40.0406 33
      vertex -20.4725 40.4788 33
    endloop
  endfacet
  facet normal -0 0 1
    outer loop
      vertex -21.8742 36.35 33
      vertex -19.1687 35.0478 33
      vertex -21.7443 36.6635 33
    endloop
  endfacet
  facet normal 0 0 1
    outer loop
      vertex -22.35 38.1258 33
      vertex -20.4725 40.4788 33
      vertex -21.0478 40.8313 33
    endloop
  endfacet
  facet normal 0 0 1
    outer loop
      vertex -19.1687 35.0478 33
      vertex -21.8742 36.35 33
      vertex -19.5212 34.4725 33
    endloop
  endfacet
  facet normal 0 0 1
    outer loop
      vertex -22.35 38.1258 33
      vertex -21.0478 40.8313 33
      vertex -21.4551 41 33
    endloop
  endfacet
  facet normal -0 0 1
    outer loop
      vertex -22.0808 36.0808 33
      vertex -19.5212 34.4725 33
      vertex -21.8742 36.35 33
    endloop
  endfacet
  facet normal 0 0 1
    outer loop
      vertex -19.9594 33.9594 33
      vertex -22.0808 36.0808 33
      vertex -20.4725 33.5212 33
    endloop
  endfacet
  facet normal -0 0 1
    outer loop
      vertex -22.35 35.8742 33
      vertex -20.4725 33.5212 33
      vertex -22.0808 36.0808 33
    endloop
  endfacet
  facet normal 0 0 1
    outer loop
      vertex -20.4725 33.5212 33
      vertex -22.35 35.8742 33
      vertex -21.0478 33.1687 33
    endloop
  endfacet
  facet normal 0 0 1
    outer loop
      vertex -21.0478 33.1687 33
      vertex -22.35 35.8742 33
      vertex -21.6712 32.9105 33
    endloop
  endfacet
  facet normal -0 0 1
    outer loop
      vertex -22.6635 35.7443 33
      vertex -21.6712 32.9105 33
      vertex -22.35 35.8742 33
    endloop
  endfacet
  facet normal 0 0 1
    outer loop
      vertex -21.6712 32.9105 33
      vertex -22.6635 35.7443 33
      vertex -22.3273 32.7529 33
    endloop
  endfacet
  facet normal -0 0 1
    outer loop
      vertex -23 35.7 33
      vertex -22.3273 32.7529 33
      vertex -22.6635 35.7443 33
    endloop
  endfacet
  facet normal 0 0 1
    outer loop
      vertex -23 35.7 33
      vertex -23 32.7 33
      vertex -22.3273 32.7529 33
    endloop
  endfacet
  facet normal 0 0 1
    outer loop
      vertex -23.6727 32.7529 33
      vertex -23 35.7 33
      vertex -23.3365 35.7443 33
    endloop
  endfacet
  facet normal 0 0 1
    outer loop
      vertex -24.3288 32.9105 33
      vertex -23.3365 35.7443 33
      vertex -23.65 35.8742 33
    endloop
  endfacet
  facet normal 0 0 1
    outer loop
      vertex -23 35.7 33
      vertex -23.6727 32.7529 33
      vertex -23 32.7 33
    endloop
  endfacet
  facet normal 0 0 1
    outer loop
      vertex -24.9522 33.1687 33
      vertex -23.65 35.8742 33
      vertex -23.9192 36.0808 33
    endloop
  endfacet
  facet normal 0 0 1
    outer loop
      vertex -24.9522 33.1687 33
      vertex -23.9192 36.0808 33
      vertex -24.1258 36.35 33
    endloop
  endfacet
  facet normal 0 0 1
    outer loop
      vertex -24.9522 33.1687 33
      vertex -24.1258 36.35 33
      vertex -24.2557 36.6635 33
    endloop
  endfacet
  facet normal 0 0 1
    outer loop
      vertex -23.3365 35.7443 33
      vertex -24.3288 32.9105 33
      vertex -23.6727 32.7529 33
    endloop
  endfacet
  facet normal 0 0 1
    outer loop
      vertex -24.9522 33.1687 33
      vertex -24.2557 36.6635 33
      vertex -24.3 37 33
    endloop
  endfacet
  facet normal 0 0 1
    outer loop
      vertex 27 8.54495 33
      vertex 24.2557 7.33646 33
      vertex 24.3 7 33
    endloop
  endfacet
  facet normal 0 0 1
    outer loop
      vertex 24.9522 10.8313 33
      vertex 24.1258 7.65 33
      vertex 24.2557 7.33646 33
    endloop
  endfacet
  facet normal 0 0 1
    outer loop
      vertex 24.9522 10.8313 33
      vertex 23.9192 7.91924 33
      vertex 24.1258 7.65 33
    endloop
  endfacet
  facet normal 0 0 1
    outer loop
      vertex 23.3365 8.2557 33
      vertex 24.3288 11.0895 33
      vertex 23.6727 11.2471 33
    endloop
  endfacet
  facet normal 0 0 1
    outer loop
      vertex 24.9522 10.8313 33
      vertex 23.65 8.12583 33
      vertex 23.9192 7.91924 33
    endloop
  endfacet
  facet normal 0 0 1
    outer loop
      vertex 24.3288 11.0895 33
      vertex 23.3365 8.2557 33
      vertex 23.65 8.12583 33
    endloop
  endfacet
  facet normal 0 0 1
    outer loop
      vertex 23 8.3 33
      vertex 23.6727 11.2471 33
      vertex 23 11.3 33
    endloop
  endfacet
  facet normal 0 0 1
    outer loop
      vertex 23.6727 11.2471 33
      vertex 23 8.3 33
      vertex 23.3365 8.2557 33
    endloop
  endfacet
  facet normal -0 0 1
    outer loop
      vertex 22.3273 11.2471 33
      vertex 23 8.3 33
      vertex 23 11.3 33
    endloop
  endfacet
  facet normal 0 0 1
    outer loop
      vertex 23 8.3 33
      vertex 22.3273 11.2471 33
      vertex 22.6635 8.2557 33
    endloop
  endfacet
  facet normal -0 0 1
    outer loop
      vertex 21.6712 11.0895 33
      vertex 22.6635 8.2557 33
      vertex 22.3273 11.2471 33
    endloop
  endfacet
  facet normal 0 0 1
    outer loop
      vertex 22.6635 8.2557 33
      vertex 21.6712 11.0895 33
      vertex 22.35 8.12583 33
    endloop
  endfacet
  facet normal -0 0 1
    outer loop
      vertex 21.0478 10.8313 33
      vertex 22.35 8.12583 33
      vertex 21.6712 11.0895 33
    endloop
  endfacet
  facet normal -0 0 1
    outer loop
      vertex 20.4725 10.4788 33
      vertex 22.35 8.12583 33
      vertex 21.0478 10.8313 33
    endloop
  endfacet
  facet normal -0 0 1
    outer loop
      vertex 19.9594 10.0406 33
      vertex 22.0808 7.91924 33
      vertex 20.4725 10.4788 33
    endloop
  endfacet
  facet normal 0 0 1
    outer loop
      vertex 22.35 8.12583 33
      vertex 20.4725 10.4788 33
      vertex 22.0808 7.91924 33
    endloop
  endfacet
  facet normal 0 0 1
    outer loop
      vertex 26.0406 33.9594 33
      vertex 23.9192 36.0808 33
      vertex 25.5275 33.5212 33
    endloop
  endfacet
  facet normal -0 0 1
    outer loop
      vertex 23.65 35.8742 33
      vertex 25.5275 33.5212 33
      vertex 23.9192 36.0808 33
    endloop
  endfacet
  facet normal 0 0 1
    outer loop
      vertex 25.5275 33.5212 33
      vertex 23.65 35.8742 33
      vertex 24.9522 33.1687 33
    endloop
  endfacet
  facet normal 0 0 1
    outer loop
      vertex 24.9522 33.1687 33
      vertex 23.65 35.8742 33
      vertex 24.3288 32.9105 33
    endloop
  endfacet
  facet normal -0 0 1
    outer loop
      vertex 23.3365 35.7443 33
      vertex 24.3288 32.9105 33
      vertex 23.65 35.8742 33
    endloop
  endfacet
  facet normal 0 0 1
    outer loop
      vertex 24.3288 32.9105 33
      vertex 23.3365 35.7443 33
      vertex 23.6727 32.7529 33
    endloop
  endfacet
  facet normal -0 0 1
    outer loop
      vertex 23 35.7 33
      vertex 23.6727 32.7529 33
      vertex 23.3365 35.7443 33
    endloop
  endfacet
  facet normal 0 0 1
    outer loop
      vertex 23 35.7 33
      vertex 23 32.7 33
      vertex 23.6727 32.7529 33
    endloop
  endfacet
  facet normal 0 0 1
    outer loop
      vertex 22.3273 32.7529 33
      vertex 23 35.7 33
      vertex 22.6635 35.7443 33
    endloop
  endfacet
  facet normal 0 0 1
    outer loop
      vertex 21.6712 32.9105 33
      vertex 22.6635 35.7443 33
      vertex 22.35 35.8742 33
    endloop
  endfacet
  facet normal 0 0 1
    outer loop
      vertex 23 35.7 33
      vertex 22.3273 32.7529 33
      vertex 23 32.7 33
    endloop
  endfacet
  facet normal 0 0 1
    outer loop
      vertex 21.6712 32.9105 33
      vertex 22.35 35.8742 33
      vertex 22.0808 36.0808 33
    endloop
  endfacet
  facet normal 0 0 1
    outer loop
      vertex 21.6712 32.9105 33
      vertex 22.0808 36.0808 33
      vertex 21.8742 36.35 33
    endloop
  endfacet
  facet normal 0 0 1
    outer loop
      vertex 21.6712 32.9105 33
      vertex 21.8742 36.35 33
      vertex 21.7443 36.6635 33
    endloop
  endfacet
  facet normal 0 0 1
    outer loop
      vertex 22.6635 35.7443 33
      vertex 21.6712 32.9105 33
      vertex 22.3273 32.7529 33
    endloop
  endfacet
  facet normal 0 0 1
    outer loop
      vertex 21.6712 32.9105 33
      vertex 21.7443 36.6635 33
      vertex 21.7 37 33
    endloop
  endfacet
  facet normal 0 0 1
    outer loop
      vertex 30 38 33
      vertex 26.5318 39.4409 33
      vertex 27 35.4551 33
    endloop
  endfacet
  facet normal -0 0 1
    outer loop
      vertex 24.3 37 33
      vertex 27 35.4551 33
      vertex 26.5318 39.4409 33
    endloop
  endfacet
  facet normal 0 0 1
    outer loop
      vertex 27.2817 43.023 33
      vertex 26.427 39.7634 33
      vertex 26.5318 39.4409 33
    endloop
  endfacet
  facet normal 0 0 1
    outer loop
      vertex 27.2817 43.023 33
      vertex 26.162 39.8984 33
      vertex 26.427 39.7634 33
    endloop
  endfacet
  facet normal 0 0 1
    outer loop
      vertex 27 35.4551 33
      vertex 24.1258 36.35 33
      vertex 26.8313 35.0478 33
    endloop
  endfacet
  facet normal 0 0 1
    outer loop
      vertex 25.4729 43.8164 33
      vertex 26.162 39.8984 33
      vertex 27.2817 43.023 33
    endloop
  endfacet
  facet normal 0 0 1
    outer loop
      vertex 24 44 33
      vertex 26.162 39.8984 33
      vertex 25.4729 43.8164 33
    endloop
  endfacet
  facet normal 0 -0 1
    outer loop
      vertex 24.3 37 33
      vertex 26.162 39.8984 33
      vertex 24.2557 37.3365 33
    endloop
  endfacet
  facet normal -0 0 1
    outer loop
      vertex 23.9192 36.0808 33
      vertex 26.4788 34.4725 33
      vertex 24.1258 36.35 33
    endloop
  endfacet
  facet normal 0 0 1
    outer loop
      vertex 26.4788 34.4725 33
      vertex 23.9192 36.0808 33
      vertex 26.0406 33.9594 33
    endloop
  endfacet
  facet normal 0 0 1
    outer loop
      vertex 26.8313 35.0478 33
      vertex 24.1258 36.35 33
      vertex 26.4788 34.4725 33
    endloop
  endfacet
  facet normal 0 0 1
    outer loop
      vertex 26.162 39.8984 33
      vertex 24.1258 37.65 33
      vertex 24.2557 37.3365 33
    endloop
  endfacet
  facet normal 0 0 1
    outer loop
      vertex 26.162 39.8984 33
      vertex 24 44 33
      vertex 21.4551 41 33
    endloop
  endfacet
  facet normal 0 0 1
    outer loop
      vertex 26.162 39.8984 33
      vertex 23.9192 37.9192 33
      vertex 24.1258 37.65 33
    endloop
  endfacet
  facet normal 0 0 1
    outer loop
      vertex 26.162 39.8984 33
      vertex 23.65 38.1258 33
      vertex 23.9192 37.9192 33
    endloop
  endfacet
  facet normal 0 0 1
    outer loop
      vertex 26.162 39.8984 33
      vertex 23.3365 38.2557 33
      vertex 23.65 38.1258 33
    endloop
  endfacet
  facet normal 0 0 1
    outer loop
      vertex 26.162 39.8984 33
      vertex 21.4551 41 33
      vertex 23.3365 38.2557 33
    endloop
  endfacet
  facet normal 0 0 1
    outer loop
      vertex 23.3365 38.2557 33
      vertex 21.4551 41 33
      vertex 23 38.3 33
    endloop
  endfacet
  facet normal 0 0 1
    outer loop
      vertex 23 38.3 33
      vertex 21.4551 41 33
      vertex 22.6635 38.2557 33
    endloop
  endfacet
  facet normal 0 0 1
    outer loop
      vertex 22.6635 38.2557 33
      vertex 21.4551 41 33
      vertex 22.35 38.1258 33
    endloop
  endfacet
  facet normal -0 0 1
    outer loop
      vertex 21.0478 40.8313 33
      vertex 22.35 38.1258 33
      vertex 21.4551 41 33
    endloop
  endfacet
  facet normal -0 0 1
    outer loop
      vertex 20.4725 40.4788 33
      vertex 22.35 38.1258 33
      vertex 21.0478 40.8313 33
    endloop
  endfacet
  facet normal -0 0 1
    outer loop
      vertex 19.5212 39.5275 33
      vertex 22.0808 37.9192 33
      vertex 19.9594 40.0406 33
    endloop
  endfacet
  facet normal -0 0 1
    outer loop
      vertex 19.9594 40.0406 33
      vertex 22.0808 37.9192 33
      vertex 20.4725 40.4788 33
    endloop
  endfacet
  facet normal 0 0 1
    outer loop
      vertex 22.35 38.1258 33
      vertex 20.4725 40.4788 33
      vertex 22.0808 37.9192 33
    endloop
  endfacet
  facet normal 0 0 1
    outer loop
      vertex 24 44 33
      vertex -21.4551 41 33
      vertex 21.4551 41 33
    endloop
  endfacet
  facet normal 0 0 1
    outer loop
      vertex -19.5212 34.4725 33
      vertex -22.0808 36.0808 33
      vertex -19.9594 33.9594 33
    endloop
  endfacet
  facet normal 0 0 1
    outer loop
      vertex -18.7529 37.6727 33
      vertex -21.7443 37.3365 33
      vertex -21.7 37 33
    endloop
  endfacet
  facet normal 0 0 1
    outer loop
      vertex -19.1687 38.9522 33
      vertex -21.8742 37.65 33
      vertex -21.7443 37.3365 33
    endloop
  endfacet
  facet normal 0 0 1
    outer loop
      vertex -19.5212 39.5275 33
      vertex -22.0808 37.9192 33
      vertex -21.8742 37.65 33
    endloop
  endfacet
  facet normal 0 0 1
    outer loop
      vertex -20.4725 40.4788 33
      vertex -22.35 38.1258 33
      vertex -22.0808 37.9192 33
    endloop
  endfacet
  facet normal 0 0 1
    outer loop
      vertex -21.4551 41 33
      vertex -22.6635 38.2557 33
      vertex -22.35 38.1258 33
    endloop
  endfacet
  facet normal 0 0 1
    outer loop
      vertex -21.4551 41 33
      vertex -23 38.3 33
      vertex -22.6635 38.2557 33
    endloop
  endfacet
  facet normal -0 0 1
    outer loop
      vertex -25.4409 40.5318 33
      vertex -23 38.3 33
      vertex -21.4551 41 33
    endloop
  endfacet
  facet normal 0 0 1
    outer loop
      vertex -23 38.3 33
      vertex -25.4409 40.5318 33
      vertex -23.3365 38.2557 33
    endloop
  endfacet
  facet normal 0 0 1
    outer loop
      vertex -23.3365 38.2557 33
      vertex -25.4409 40.5318 33
      vertex -23.65 38.1258 33
    endloop
  endfacet
  facet normal -0 0 1
    outer loop
      vertex -24 44 33
      vertex -21.4551 41 33
      vertex 24 44 33
    endloop
  endfacet
  facet normal 0 0 1
    outer loop
      vertex -25.4409 40.5318 33
      vertex -21.4551 41 33
      vertex -24 44 33
    endloop
  endfacet
  facet normal 0 0 1
    outer loop
      vertex -23.65 38.1258 33
      vertex -25.4409 40.5318 33
      vertex -23.9192 37.9192 33
    endloop
  endfacet
  facet normal -0 0 1
    outer loop
      vertex -25.5275 40.4788 33
      vertex -23.9192 37.9192 33
      vertex -25.4409 40.5318 33
    endloop
  endfacet
  facet normal -0 0 1
    outer loop
      vertex -25.8984 40.162 33
      vertex -23.9192 37.9192 33
      vertex -25.5275 40.4788 33
    endloop
  endfacet
  facet normal 0 0 1
    outer loop
      vertex -23.65 35.8742 33
      vertex -24.9522 33.1687 33
      vertex -24.3288 32.9105 33
    endloop
  endfacet
  facet normal 0 0 1
    outer loop
      vertex -23.9192 37.9192 33
      vertex -25.8984 40.162 33
      vertex -24.1258 37.65 33
    endloop
  endfacet
  facet normal 0 0 1
    outer loop
      vertex -24.1258 37.65 33
      vertex -25.8984 40.162 33
      vertex -24.2557 37.3365 33
    endloop
  endfacet
  facet normal -0 0 1
    outer loop
      vertex -25.9482 43.6749 33
      vertex -25.4409 40.5318 33
      vertex -24 44 33
    endloop
  endfacet
  facet normal 0 0 1
    outer loop
      vertex -25.4409 40.5318 33
      vertex -25.9482 43.6749 33
      vertex -25.7634 40.427 33
    endloop
  endfacet
  facet normal -0 0 1
    outer loop
      vertex -27.6853 42.7348 33
      vertex -25.7634 40.427 33
      vertex -25.9482 43.6749 33
    endloop
  endfacet
  facet normal -0 0 1
    outer loop
      vertex 27 8.54495 33
      vertex 30 6 33
      vertex 30 38 33
    endloop
  endfacet
  facet normal -0 0 1
    outer loop
      vertex 26.5318 39.4409 33
      vertex 30 38 33
      vertex 29.6749 39.9482 33
    endloop
  endfacet
  facet normal 0 0 1
    outer loop
      vertex 27 8.54495 33
      vertex 30 38 33
      vertex 27 35.4551 33
    endloop
  endfacet
  facet normal 0 0 1
    outer loop
      vertex 26.5318 39.4409 33
      vertex 29.6749 39.9482 33
      vertex 28.7348 41.6853 33
    endloop
  endfacet
  facet normal 0 0 1
    outer loop
      vertex 25.8984 3.83805 33
      vertex 30 6 33
      vertex 27 8.54495 33
    endloop
  endfacet
  facet normal 0 0 1
    outer loop
      vertex 26.5318 39.4409 33
      vertex 28.7348 41.6853 33
      vertex 27.2817 43.023 33
    endloop
  endfacet
  facet normal 0 0 1
    outer loop
      vertex 30 6 33
      vertex 25.8984 3.83805 33
      vertex 29.8164 4.52708 33
    endloop
  endfacet
  facet normal 0 0 1
    outer loop
      vertex 29.8164 4.52708 33
      vertex 25.8984 3.83805 33
      vertex 29.023 2.71831 33
    endloop
  endfacet
  facet normal 0 0 1
    outer loop
      vertex 24.2557 7.33646 33
      vertex 27 8.54495 33
      vertex 26.8313 8.95216 33
    endloop
  endfacet
  facet normal 0 0 1
    outer loop
      vertex 24.2557 7.33646 33
      vertex 26.8313 8.95216 33
      vertex 26.4788 9.52748 33
    endloop
  endfacet
  facet normal 0 0 1
    outer loop
      vertex 24.2557 7.33646 33
      vertex 26.4788 9.52748 33
      vertex 26.0406 10.0406 33
    endloop
  endfacet
  facet normal 0 0 1
    outer loop
      vertex 29.023 2.71831 33
      vertex 25.8984 3.83805 33
      vertex 27.6853 1.26515 33
    endloop
  endfacet
  facet normal -0 0 1
    outer loop
      vertex 25.7634 3.57295 33
      vertex 27.6853 1.26515 33
      vertex 25.8984 3.83805 33
    endloop
  endfacet
  facet normal 0 0 1
    outer loop
      vertex 24.2557 7.33646 33
      vertex 26.0406 10.0406 33
      vertex 25.5275 10.4788 33
    endloop
  endfacet
  facet normal 0 0 1
    outer loop
      vertex 27 8.54495 33
      vertex 24.3 7 33
      vertex 24.2557 6.66354 33
    endloop
  endfacet
  facet normal 0 0 1
    outer loop
      vertex 27 8.54495 33
      vertex 24.2557 6.66354 33
      vertex 25.8984 3.83805 33
    endloop
  endfacet
  facet normal 0 0 1
    outer loop
      vertex 24.2557 7.33646 33
      vertex 25.5275 10.4788 33
      vertex 24.9522 10.8313 33
    endloop
  endfacet
  facet normal 0 0 1
    outer loop
      vertex 24.3 37 33
      vertex 26.4788 39.5275 33
      vertex 26.162 39.8984 33
    endloop
  endfacet
  facet normal 0 0 1
    outer loop
      vertex 26.4788 39.5275 33
      vertex 24.3 37 33
      vertex 26.5318 39.4409 33
    endloop
  endfacet
  facet normal -0 0 1
    outer loop
      vertex 24.2557 36.6635 33
      vertex 27 35.4551 33
      vertex 24.3 37 33
    endloop
  endfacet
  facet normal -0 0 1
    outer loop
      vertex 24.1258 36.35 33
      vertex 27 35.4551 33
      vertex 24.2557 36.6635 33
    endloop
  endfacet
  facet normal 0 0 1
    outer loop
      vertex 27.6853 1.26515 33
      vertex 25.7634 3.57295 33
      vertex 25.9482 0.325104 33
    endloop
  endfacet
  facet normal -0 0 1
    outer loop
      vertex 25.4409 3.46819 33
      vertex 25.9482 0.325104 33
      vertex 25.7634 3.57295 33
    endloop
  endfacet
  facet normal 0 0 1
    outer loop
      vertex 23.65 8.12583 33
      vertex 24.9522 10.8313 33
      vertex 24.3288 11.0895 33
    endloop
  endfacet
  facet normal -0 0 1
    outer loop
      vertex 24.1258 6.35 33
      vertex 25.8984 3.83805 33
      vertex 24.2557 6.66354 33
    endloop
  endfacet
  facet normal -0 0 1
    outer loop
      vertex 23.9192 6.08076 33
      vertex 25.8984 3.83805 33
      vertex 24.1258 6.35 33
    endloop
  endfacet
  facet normal 0 0 1
    outer loop
      vertex 25.8984 3.83805 33
      vertex 23.9192 6.08076 33
      vertex 25.5275 3.52123 33
    endloop
  endfacet
  facet normal 0 0 1
    outer loop
      vertex 25.5275 3.52123 33
      vertex 23.9192 6.08076 33
      vertex 25.4409 3.46819 33
    endloop
  endfacet
  facet normal -0 0 1
    outer loop
      vertex 23.65 5.87417 33
      vertex 25.4409 3.46819 33
      vertex 23.9192 6.08076 33
    endloop
  endfacet
  facet normal -0 0 1
    outer loop
      vertex 23.3365 5.7443 33
      vertex 25.4409 3.46819 33
      vertex 23.65 5.87417 33
    endloop
  endfacet
  facet normal -0 0 1
    outer loop
      vertex 23 5.7 33
      vertex 25.4409 3.46819 33
      vertex 23.3365 5.7443 33
    endloop
  endfacet
  facet normal 0 0 1
    outer loop
      vertex 25.4409 3.46819 33
      vertex 24 0 33
      vertex 25.9482 0.325104 33
    endloop
  endfacet
  facet normal 0 0 1
    outer loop
      vertex 25.4409 3.46819 33
      vertex 23 5.7 33
      vertex 21.455 3 33
    endloop
  endfacet
  facet normal 0 0 1
    outer loop
      vertex 21.455 3 33
      vertex 23 5.7 33
      vertex 22.6635 5.7443 33
    endloop
  endfacet
  facet normal 0 0 1
    outer loop
      vertex 21.455 3 33
      vertex 22.6635 5.7443 33
      vertex 22.35 5.87417 33
    endloop
  endfacet
  facet normal 0 0 1
    outer loop
      vertex 21.455 3 33
      vertex 22.35 5.87417 33
      vertex 22.0808 6.08076 33
    endloop
  endfacet
  facet normal 0 0 1
    outer loop
      vertex 21.455 3 33
      vertex 22.0808 6.08076 33
      vertex 21.8742 6.35 33
    endloop
  endfacet
  facet normal 0 0 1
    outer loop
      vertex 21.455 3 33
      vertex 21.8742 6.35 33
      vertex 21.7443 6.66354 33
    endloop
  endfacet
  facet normal -0 0 1
    outer loop
      vertex 19.5212 9.52748 33
      vertex 22.0808 7.91924 33
      vertex 19.9594 10.0406 33
    endloop
  endfacet
  facet normal 0 0 1
    outer loop
      vertex 21.455 3 33
      vertex 21.7443 6.66354 33
      vertex 21.7 7 33
    endloop
  endfacet
  facet normal 0 0 1
    outer loop
      vertex 25.4409 3.46819 33
      vertex 21.455 3 33
      vertex 24 0 33
    endloop
  endfacet
  facet normal -0 0 1
    outer loop
      vertex -21.455 3 33
      vertex 24 0 33
      vertex 21.455 3 33
    endloop
  endfacet
  facet normal 0 0 1
    outer loop
      vertex -19.5212 4.47252 33
      vertex -22.0808 6.08076 33
      vertex -19.9594 3.95944 33
    endloop
  endfacet
  facet normal 0 0 1
    outer loop
      vertex -19.9594 3.95944 33
      vertex -22.0808 6.08076 33
      vertex -20.4725 3.52123 33
    endloop
  endfacet
  facet normal -0 0 1
    outer loop
      vertex -22.35 5.87417 33
      vertex -20.4725 3.52123 33
      vertex -22.0808 6.08076 33
    endloop
  endfacet
  facet normal 0 0 1
    outer loop
      vertex -20.4725 3.52123 33
      vertex -22.35 5.87417 33
      vertex -21.0478 3.16867 33
    endloop
  endfacet
  facet normal 0 0 1
    outer loop
      vertex -21.0478 3.16867 33
      vertex -22.35 5.87417 33
      vertex -21.455 3 33
    endloop
  endfacet
  facet normal -0 0 1
    outer loop
      vertex -22.6635 5.7443 33
      vertex -21.455 3 33
      vertex -22.35 5.87417 33
    endloop
  endfacet
  facet normal -0 0 1
    outer loop
      vertex -23 5.7 33
      vertex -21.455 3 33
      vertex -22.6635 5.7443 33
    endloop
  endfacet
  facet normal 0 0 1
    outer loop
      vertex -23.3365 5.7443 33
      vertex -21.455 3 33
      vertex -23 5.7 33
    endloop
  endfacet
  facet normal 0 0 1
    outer loop
      vertex -26.162 4.10158 33
      vertex -23.3365 5.7443 33
      vertex -23.65 5.87417 33
    endloop
  endfacet
  facet normal 0 0 1
    outer loop
      vertex -26.162 4.10158 33
      vertex -23.65 5.87417 33
      vertex -23.9192 6.08076 33
    endloop
  endfacet
  facet normal 0 0 1
    outer loop
      vertex -21.455 3 33
      vertex -24 0 33
      vertex 24 0 33
    endloop
  endfacet
  facet normal 0 0 1
    outer loop
      vertex -23.3365 5.7443 33
      vertex -26.162 4.10158 33
      vertex -21.455 3 33
    endloop
  endfacet
  facet normal 0 0 1
    outer loop
      vertex -26.162 4.10158 33
      vertex -23.9192 6.08076 33
      vertex -24.1258 6.35 33
    endloop
  endfacet
  facet normal 0 0 1
    outer loop
      vertex -26.162 4.10158 33
      vertex -24.1258 6.35 33
      vertex -24.2557 6.66354 33
    endloop
  endfacet
  facet normal 0 0 1
    outer loop
      vertex -26.162 4.10158 33
      vertex -24.2557 6.66354 33
      vertex -24.3 7 33
    endloop
  endfacet
  facet normal -0 0 1
    outer loop
      vertex -26.4788 9.52748 33
      vertex -23.9192 7.91924 33
      vertex -26.0406 10.0406 33
    endloop
  endfacet
  facet normal 0 0 1
    outer loop
      vertex -23.9192 7.91924 33
      vertex -26.4788 9.52748 33
      vertex -24.1258 7.65 33
    endloop
  endfacet
  facet normal 0 0 1
    outer loop
      vertex -21.455 3 33
      vertex -26.162 4.10158 33
      vertex -24 0 33
    endloop
  endfacet
  facet normal -0 0 1
    outer loop
      vertex -26.8313 8.95216 33
      vertex -24.1258 7.65 33
      vertex -26.4788 9.52748 33
    endloop
  endfacet
  facet normal -0 0 1
    outer loop
      vertex -27 8.54495 33
      vertex -24.1258 7.65 33
      vertex -26.8313 8.95216 33
    endloop
  endfacet
  facet normal 0 0 1
    outer loop
      vertex -24 0 33
      vertex -26.162 4.10158 33
      vertex -25.4729 0.183594 33
    endloop
  endfacet
  facet normal 0 0 1
    outer loop
      vertex -27.2817 0.977005 33
      vertex -26.162 4.10158 33
      vertex -26.427 4.23665 33
    endloop
  endfacet
  facet normal 0 0 1
    outer loop
      vertex -27.2817 0.977005 33
      vertex -26.427 4.23665 33
      vertex -26.5318 4.55907 33
    endloop
  endfacet
  facet normal 0 -0 1
    outer loop
      vertex -26.4788 4.47252 33
      vertex -24.3 7 33
      vertex -26.5318 4.55907 33
    endloop
  endfacet
  facet normal 0 0 1
    outer loop
      vertex -26.162 4.10158 33
      vertex -27.2817 0.977005 33
      vertex -25.4729 0.183594 33
    endloop
  endfacet
  facet normal 0 0 1
    outer loop
      vertex -27.2817 0.977005 33
      vertex -26.5318 4.55907 33
      vertex -27 8.54495 33
    endloop
  endfacet
  facet normal 0.915773 -0.401695 0
    outer loop
      vertex 29.023 2.71831 33
      vertex 29.8164 4.52708 0
      vertex 29.8164 4.52708 33
    endloop
  endfacet
  facet normal 0.915773 -0.401695 0
    outer loop
      vertex 29.8164 4.52708 0
      vertex 29.023 2.71831 33
      vertex 29.023 2.71831 0
    endloop
  endfacet
  facet normal 0.40169 0.915776 -0
    outer loop
      vertex 27.2817 43.023 0
      vertex 25.4729 43.8164 33
      vertex 27.2817 43.023 33
    endloop
  endfacet
  facet normal 0.40169 0.915776 0
    outer loop
      vertex 25.4729 43.8164 33
      vertex 27.2817 43.023 0
      vertex 25.4729 43.8164 0
    endloop
  endfacet
  facet normal 0.123695 0.99232 -0
    outer loop
      vertex 25.4729 43.8164 0
      vertex 24 44 33
      vertex 25.4729 43.8164 33
    endloop
  endfacet
  facet normal 0.123695 0.99232 0
    outer loop
      vertex 24 44 33
      vertex 25.4729 43.8164 0
      vertex 24 44 0
    endloop
  endfacet
  facet normal 0.891039 -0.453926 0
    outer loop
      vertex -25.8984 40.162 33
      vertex -25.7634 40.427 3
      vertex -25.7634 40.427 33
    endloop
  endfacet
  facet normal 0.891039 -0.453926 0
    outer loop
      vertex -25.7634 40.427 3
      vertex -25.8984 40.162 33
      vertex -25.8984 40.162 3
    endloop
  endfacet
  facet normal -0.308946 0.95108 0
    outer loop
      vertex 25.7634 3.57295 3
      vertex 25.4409 3.46819 33
      vertex 25.7634 3.57295 33
    endloop
  endfacet
  facet normal -0.308946 0.95108 0
    outer loop
      vertex 25.4409 3.46819 33
      vertex 25.7634 3.57295 3
      vertex 25.4409 3.46819 3
    endloop
  endfacet
  facet normal -0.453926 -0.891039 0
    outer loop
      vertex 26.162 39.8984 3
      vertex 26.427 39.7634 33
      vertex 26.162 39.8984 33
    endloop
  endfacet
  facet normal -0.453926 -0.891039 -0
    outer loop
      vertex 26.427 39.7634 33
      vertex 26.162 39.8984 3
      vertex 26.427 39.7634 3
    endloop
  endfacet
  facet normal -0.951045 -0.309053 0
    outer loop
      vertex 26.5318 39.4409 3
      vertex 26.427 39.7634 33
      vertex 26.427 39.7634 3
    endloop
  endfacet
  facet normal -0.951045 -0.309053 0
    outer loop
      vertex 26.427 39.7634 33
      vertex 26.5318 39.4409 3
      vertex 26.5318 39.4409 33
    endloop
  endfacet
  facet normal 0 -1 0
    outer loop
      vertex -21.4551 41 3
      vertex 21.4551 41 33
      vertex -21.4551 41 33
    endloop
  endfacet
  facet normal 0 -1 -0
    outer loop
      vertex 21.4551 41 33
      vertex -21.4551 41 3
      vertex 21.4551 41 3
    endloop
  endfacet
  facet normal 0.454113 0.890944 -0
    outer loop
      vertex -26.162 4.10158 3
      vertex -26.427 4.23665 33
      vertex -26.162 4.10158 33
    endloop
  endfacet
  facet normal 0.454113 0.890944 0
    outer loop
      vertex -26.427 4.23665 33
      vertex -26.162 4.10158 3
      vertex -26.427 4.23665 3
    endloop
  endfacet
  facet normal 0 1 0
    outer loop
      vertex -3 3 15
      vertex -14.7626 3 11.2374
      vertex -16 3 12.4748
    endloop
  endfacet
  facet normal 0 1 -0
    outer loop
      vertex -9 3 9
      vertex -14.7626 3 11.2374
      vertex -3 3 15
    endloop
  endfacet
  facet normal 0 1 0
    outer loop
      vertex -14.7626 3 11.2374
      vertex -9 3 9
      vertex -14.5449 3 10.9722
    endloop
  endfacet
  facet normal 0 1 0
    outer loop
      vertex -14.5449 3 10.9722
      vertex -9 3 9
      vertex -14.3832 3 10.6697
    endloop
  endfacet
  facet normal 0 1 0
    outer loop
      vertex -14.3832 3 10.6697
      vertex -9 3 9
      vertex -14.2836 3 10.3414
    endloop
  endfacet
  facet normal 0 1 0
    outer loop
      vertex -14.2836 3 10.3414
      vertex -9 3 9
      vertex -14.25 3 10
    endloop
  endfacet
  facet normal 0 1 0
    outer loop
      vertex -14.25 3 10
      vertex -9 3 9
      vertex -14.2836 3 9.65859
    endloop
  endfacet
  facet normal 0 1 0
    outer loop
      vertex -14.2836 3 9.65859
      vertex -9 3 9
      vertex -14.3832 3 9.3303
    endloop
  endfacet
  facet normal 0 1 0
    outer loop
      vertex -14.3832 3 9.3303
      vertex -9 3 9
      vertex -14.5449 3 9.02775
    endloop
  endfacet
  facet normal 0 1 0
    outer loop
      vertex -9 3 9
      vertex -14.7626 3 8.76256
      vertex -14.5449 3 9.02775
    endloop
  endfacet
  facet normal 0 1 -0
    outer loop
      vertex -9 3 3
      vertex -14.7626 3 8.76256
      vertex -9 3 9
    endloop
  endfacet
  facet normal 0 1 0
    outer loop
      vertex -14.7626 3 8.76256
      vertex -9 3 3
      vertex -15.0278 3 8.54493
    endloop
  endfacet
  facet normal 0 1 0
    outer loop
      vertex -15.0278 3 8.54493
      vertex -9 3 3
      vertex -15.3303 3 8.38321
    endloop
  endfacet
  facet normal 0 1 0
    outer loop
      vertex -15.6586 3 8.28363
      vertex -9 3 3
      vertex -16 3 8.25
    endloop
  endfacet
  facet normal 0 1 0
    outer loop
      vertex -15.3303 3 8.38321
      vertex -9 3 3
      vertex -15.6586 3 8.28363
    endloop
  endfacet
  facet normal 0 1 0
    outer loop
      vertex 21.455 3 33
      vertex 3 3 15
      vertex -21.455 3 33
    endloop
  endfacet
  facet normal 0 1 0
    outer loop
      vertex 21.455 3 33
      vertex 16 3 12.4748
      vertex 3 3 15
    endloop
  endfacet
  facet normal 0 1 0
    outer loop
      vertex 21.455 3 33
      vertex 17.2374 3 11.2374
      vertex 16 3 12.4748
    endloop
  endfacet
  facet normal 0 1 0
    outer loop
      vertex 21.455 3 33
      vertex 17.4551 3 10.9722
      vertex 17.2374 3 11.2374
    endloop
  endfacet
  facet normal 0 1 0
    outer loop
      vertex 21.455 3 33
      vertex 17.6168 3 10.6697
      vertex 17.4551 3 10.9722
    endloop
  endfacet
  facet normal 0 1 0
    outer loop
      vertex 21.455 3 33
      vertex 17.7164 3 10.3414
      vertex 17.6168 3 10.6697
    endloop
  endfacet
  facet normal 0 1 -0
    outer loop
      vertex 21.455 3 3
      vertex 17.7164 3 10.3414
      vertex 21.455 3 33
    endloop
  endfacet
  facet normal 0 1 0
    outer loop
      vertex 17.7164 3 10.3414
      vertex 21.455 3 3
      vertex 17.75 3 10
    endloop
  endfacet
  facet normal 0 1 0
    outer loop
      vertex 16.3414 3 8.28363
      vertex 21.455 3 3
      vertex 16 3 8.25
    endloop
  endfacet
  facet normal 0 1 0
    outer loop
      vertex 16.6697 3 8.38321
      vertex 21.455 3 3
      vertex 16.3414 3 8.28363
    endloop
  endfacet
  facet normal 0 1 0
    outer loop
      vertex 16.9722 3 8.54493
      vertex 21.455 3 3
      vertex 16.6697 3 8.38321
    endloop
  endfacet
  facet normal 0 1 0
    outer loop
      vertex 17.2374 3 8.76256
      vertex 21.455 3 3
      vertex 16.9722 3 8.54493
    endloop
  endfacet
  facet normal 0 1 0
    outer loop
      vertex 17.4551 3 9.02775
      vertex 21.455 3 3
      vertex 17.2374 3 8.76256
    endloop
  endfacet
  facet normal 0 1 0
    outer loop
      vertex 17.6168 3 9.3303
      vertex 21.455 3 3
      vertex 17.4551 3 9.02775
    endloop
  endfacet
  facet normal 0 1 0
    outer loop
      vertex 17.7164 3 9.65859
      vertex 21.455 3 3
      vertex 17.6168 3 9.3303
    endloop
  endfacet
  facet normal 0 1 0
    outer loop
      vertex 17.75 3 10
      vertex 21.455 3 3
      vertex 17.7164 3 9.65859
    endloop
  endfacet
  facet normal 0 1 -0
    outer loop
      vertex -3 3 15
      vertex -21.455 3 33
      vertex 3 3 15
    endloop
  endfacet
  facet normal 0 1 -0
    outer loop
      vertex -16 3 12.4748
      vertex -21.455 3 33
      vertex -3 3 15
    endloop
  endfacet
  facet normal 0 1 -0
    outer loop
      vertex -17.2374 3 11.2374
      vertex -21.455 3 33
      vertex -16 3 12.4748
    endloop
  endfacet
  facet normal 0 1 -0
    outer loop
      vertex -17.4551 3 10.9722
      vertex -21.455 3 33
      vertex -17.2374 3 11.2374
    endloop
  endfacet
  facet normal 0 1 -0
    outer loop
      vertex -17.6168 3 10.6697
      vertex -21.455 3 33
      vertex -17.4551 3 10.9722
    endloop
  endfacet
  facet normal 0 1 -0
    outer loop
      vertex -17.7164 3 10.3414
      vertex -21.455 3 33
      vertex -17.6168 3 10.6697
    endloop
  endfacet
  facet normal 0 1 0
    outer loop
      vertex -21.455 3 3
      vertex -17.7164 3 10.3414
      vertex -17.75 3 10
    endloop
  endfacet
  facet normal 0 1 0
    outer loop
      vertex -21.455 3 3
      vertex -17.75 3 10
      vertex -17.7164 3 9.65859
    endloop
  endfacet
  facet normal 0 1 0
    outer loop
      vertex -21.455 3 3
      vertex -16 3 8.25
      vertex -9 3 3
    endloop
  endfacet
  facet normal 0 1 0
    outer loop
      vertex -16 3 8.25
      vertex -21.455 3 3
      vertex -16.3414 3 8.28363
    endloop
  endfacet
  facet normal 0 1 0
    outer loop
      vertex -16.3414 3 8.28363
      vertex -21.455 3 3
      vertex -16.6697 3 8.38321
    endloop
  endfacet
  facet normal 0 1 0
    outer loop
      vertex -17.7164 3 10.3414
      vertex -21.455 3 3
      vertex -21.455 3 33
    endloop
  endfacet
  facet normal 0 1 0
    outer loop
      vertex -17.6168 3 9.3303
      vertex -21.455 3 3
      vertex -17.7164 3 9.65859
    endloop
  endfacet
  facet normal 0 1 0
    outer loop
      vertex -17.4551 3 9.02775
      vertex -21.455 3 3
      vertex -17.6168 3 9.3303
    endloop
  endfacet
  facet normal 0 1 0
    outer loop
      vertex -17.2374 3 8.76256
      vertex -21.455 3 3
      vertex -17.4551 3 9.02775
    endloop
  endfacet
  facet normal 0 1 0
    outer loop
      vertex -16.9722 3 8.54493
      vertex -21.455 3 3
      vertex -17.2374 3 8.76256
    endloop
  endfacet
  facet normal 0 1 0
    outer loop
      vertex -16.6697 3 8.38321
      vertex -21.455 3 3
      vertex -16.9722 3 8.54493
    endloop
  endfacet
  facet normal 0 1 -0
    outer loop
      vertex 14.7626 3 11.2374
      vertex 3 3 15
      vertex 16 3 12.4748
    endloop
  endfacet
  facet normal 0 1 0
    outer loop
      vertex 9 3 9
      vertex 14.7626 3 11.2374
      vertex 14.5449 3 10.9722
    endloop
  endfacet
  facet normal 0 1 0
    outer loop
      vertex 9 3 9
      vertex 14.5449 3 10.9722
      vertex 14.3832 3 10.6697
    endloop
  endfacet
  facet normal 0 1 0
    outer loop
      vertex 9 3 9
      vertex 14.3832 3 10.6697
      vertex 14.2836 3 10.3414
    endloop
  endfacet
  facet normal 0 1 0
    outer loop
      vertex 9 3 9
      vertex 14.2836 3 10.3414
      vertex 14.25 3 10
    endloop
  endfacet
  facet normal 0 1 0
    outer loop
      vertex 9 3 9
      vertex 14.25 3 10
      vertex 14.2836 3 9.65859
    endloop
  endfacet
  facet normal 0 1 0
    outer loop
      vertex 9 3 9
      vertex 14.2836 3 9.65859
      vertex 14.3832 3 9.3303
    endloop
  endfacet
  facet normal 0 1 0
    outer loop
      vertex 9 3 9
      vertex 14.3832 3 9.3303
      vertex 14.5449 3 9.02775
    endloop
  endfacet
  facet normal 0 1 0
    outer loop
      vertex 14.7626 3 11.2374
      vertex 9 3 9
      vertex 3 3 15
    endloop
  endfacet
  facet normal 0 1 0
    outer loop
      vertex 14.7626 3 8.76256
      vertex 9 3 9
      vertex 14.5449 3 9.02775
    endloop
  endfacet
  facet normal 0 1 0
    outer loop
      vertex 9 3 3
      vertex 14.7626 3 8.76256
      vertex 15.0278 3 8.54493
    endloop
  endfacet
  facet normal 0 1 0
    outer loop
      vertex 9 3 3
      vertex 15.0278 3 8.54493
      vertex 15.3303 3 8.38321
    endloop
  endfacet
  facet normal 0 1 0
    outer loop
      vertex 9 3 3
      vertex 15.3303 3 8.38321
      vertex 15.6586 3 8.28363
    endloop
  endfacet
  facet normal 0 1 0
    outer loop
      vertex 21.455 3 3
      vertex 15.6586 3 8.28363
      vertex 16 3 8.25
    endloop
  endfacet
  facet normal 0 1 0
    outer loop
      vertex 9 3 3
      vertex 15.6586 3 8.28363
      vertex 21.455 3 3
    endloop
  endfacet
  facet normal 0 1 0
    outer loop
      vertex 14.7626 3 8.76256
      vertex 9 3 3
      vertex 9 3 9
    endloop
  endfacet
  facet normal 1 -0 0
    outer loop
      vertex -27 8.54495 33
      vertex -27 35.4551 3
      vertex -27 35.4551 33
    endloop
  endfacet
  facet normal 1 0 0
    outer loop
      vertex -27 35.4551 3
      vertex -27 8.54495 33
      vertex -27 8.54495 3
    endloop
  endfacet
  facet normal 0.309053 -0.951045 0
    outer loop
      vertex -25.7634 40.427 3
      vertex -25.4409 40.5318 33
      vertex -25.7634 40.427 33
    endloop
  endfacet
  facet normal 0.309053 -0.951045 0
    outer loop
      vertex -25.4409 40.5318 33
      vertex -25.7634 40.427 3
      vertex -25.4409 40.5318 3
    endloop
  endfacet
  facet normal 0.951022 0.309122 0
    outer loop
      vertex -26.427 4.23665 33
      vertex -26.5318 4.55907 3
      vertex -26.5318 4.55907 33
    endloop
  endfacet
  facet normal 0.951022 0.309122 0
    outer loop
      vertex -26.5318 4.55907 3
      vertex -26.427 4.23665 33
      vertex -26.427 4.23665 3
    endloop
  endfacet
  facet normal -1 0 0
    outer loop
      vertex 27 8.54495 3
      vertex 27 35.4551 33
      vertex 27 35.4551 3
    endloop
  endfacet
  facet normal -1 -0 0
    outer loop
      vertex 27 35.4551 33
      vertex 27 8.54495 3
      vertex 27 8.54495 33
    endloop
  endfacet
  facet normal 0 0 1
    outer loop
      vertex 26.427 39.7634 3
      vertex 26.4788 39.5275 3
      vertex 26.5318 39.4409 3
    endloop
  endfacet
  facet normal 0 0 1
    outer loop
      vertex 26.4788 39.5275 3
      vertex 26.427 39.7634 3
      vertex 26.162 39.8984 3
    endloop
  endfacet
  facet normal 0 0 1
    outer loop
      vertex 25.5275 3.52123 3
      vertex 25.7634 3.57295 3
      vertex 25.8984 3.83805 3
    endloop
  endfacet
  facet normal 0 0 1
    outer loop
      vertex 25.7634 3.57295 3
      vertex 25.5275 3.52123 3
      vertex 25.4409 3.46819 3
    endloop
  endfacet
  facet normal 0 0 1
    outer loop
      vertex -25.7634 40.427 3
      vertex -25.5275 40.4788 3
      vertex -25.4409 40.5318 3
    endloop
  endfacet
  facet normal 0 0 1
    outer loop
      vertex -25.5275 40.4788 3
      vertex -25.7634 40.427 3
      vertex -25.8984 40.162 3
    endloop
  endfacet
  facet normal 0 0 1
    outer loop
      vertex -26.4788 4.47252 3
      vertex -26.427 4.23665 3
      vertex -26.162 4.10158 3
    endloop
  endfacet
  facet normal 0 0 1
    outer loop
      vertex -26.427 4.23665 3
      vertex -26.4788 4.47252 3
      vertex -26.5318 4.55907 3
    endloop
  endfacet
  facet normal 0 0 1
    outer loop
      vertex -19.1687 35.0478 3
      vertex 18.7529 36.3273 3
      vertex -18.9105 35.6712 3
    endloop
  endfacet
  facet normal 0 0 1
    outer loop
      vertex -9 3 3
      vertex -18.7529 7.67267 3
      vertex -18.7 7 3
    endloop
  endfacet
  facet normal 0 0 1
    outer loop
      vertex 18.7529 36.3273 3
      vertex -19.1687 35.0478 3
      vertex -9 3 3
    endloop
  endfacet
  facet normal 0 0 1
    outer loop
      vertex -9 3 3
      vertex -18.9105 8.32877 3
      vertex -18.7529 7.67267 3
    endloop
  endfacet
  facet normal -0 0 1
    outer loop
      vertex -19.5212 34.4725 3
      vertex -9 3 3
      vertex -19.1687 35.0478 3
    endloop
  endfacet
  facet normal 0 0 1
    outer loop
      vertex -9 3 3
      vertex -19.1687 8.95216 3
      vertex -18.9105 8.32877 3
    endloop
  endfacet
  facet normal -0 0 1
    outer loop
      vertex -19.5212 9.52748 3
      vertex -9 3 3
      vertex -19.5212 34.4725 3
    endloop
  endfacet
  facet normal 0 0 1
    outer loop
      vertex -9 3 3
      vertex -19.5212 9.52748 3
      vertex -19.1687 8.95216 3
    endloop
  endfacet
  facet normal -0 0 1
    outer loop
      vertex -19.9594 33.9594 3
      vertex -19.5212 9.52748 3
      vertex -19.5212 34.4725 3
    endloop
  endfacet
  facet normal 0 0 1
    outer loop
      vertex -19.9594 33.9594 3
      vertex -19.9594 10.0406 3
      vertex -19.5212 9.52748 3
    endloop
  endfacet
  facet normal -0 0 1
    outer loop
      vertex -20.4725 33.5212 3
      vertex -19.9594 10.0406 3
      vertex -19.9594 33.9594 3
    endloop
  endfacet
  facet normal 0 0 1
    outer loop
      vertex -20.4725 33.5212 3
      vertex -20.4725 10.4788 3
      vertex -19.9594 10.0406 3
    endloop
  endfacet
  facet normal -0 0 1
    outer loop
      vertex -21.0478 33.1687 3
      vertex -20.4725 10.4788 3
      vertex -20.4725 33.5212 3
    endloop
  endfacet
  facet normal 0 0 1
    outer loop
      vertex -21.0478 33.1687 3
      vertex -21.0478 10.8313 3
      vertex -20.4725 10.4788 3
    endloop
  endfacet
  facet normal -0 0 1
    outer loop
      vertex -21.6712 32.9105 3
      vertex -21.0478 10.8313 3
      vertex -21.0478 33.1687 3
    endloop
  endfacet
  facet normal 0 0 1
    outer loop
      vertex -21.6712 32.9105 3
      vertex -21.6712 11.0895 3
      vertex -21.0478 10.8313 3
    endloop
  endfacet
  facet normal -0 0 1
    outer loop
      vertex -22.3273 32.7529 3
      vertex -21.6712 11.0895 3
      vertex -21.6712 32.9105 3
    endloop
  endfacet
  facet normal 0 0 1
    outer loop
      vertex -22.3273 32.7529 3
      vertex -22.3273 11.2471 3
      vertex -21.6712 11.0895 3
    endloop
  endfacet
  facet normal -0 0 1
    outer loop
      vertex -23 32.7 3
      vertex -22.3273 11.2471 3
      vertex -22.3273 32.7529 3
    endloop
  endfacet
  facet normal 0 0 1
    outer loop
      vertex -23 32.7 3
      vertex -23 11.3 3
      vertex -22.3273 11.2471 3
    endloop
  endfacet
  facet normal 0 0 1
    outer loop
      vertex -23.6727 32.7529 3
      vertex -23 11.3 3
      vertex -23 32.7 3
    endloop
  endfacet
  facet normal 0 0 1
    outer loop
      vertex -23.6727 32.7529 3
      vertex -23.6727 11.2471 3
      vertex -23 11.3 3
    endloop
  endfacet
  facet normal 0 0 1
    outer loop
      vertex -24.3288 32.9105 3
      vertex -23.6727 11.2471 3
      vertex -23.6727 32.7529 3
    endloop
  endfacet
  facet normal 0 0 1
    outer loop
      vertex -24.3288 32.9105 3
      vertex -24.3288 11.0895 3
      vertex -23.6727 11.2471 3
    endloop
  endfacet
  facet normal 0 0 1
    outer loop
      vertex -24.9522 33.1687 3
      vertex -24.3288 11.0895 3
      vertex -24.3288 32.9105 3
    endloop
  endfacet
  facet normal 0 0 1
    outer loop
      vertex -24.9522 33.1687 3
      vertex -24.9522 10.8313 3
      vertex -24.3288 11.0895 3
    endloop
  endfacet
  facet normal 0 0 1
    outer loop
      vertex -25.5275 33.5212 3
      vertex -24.9522 10.8313 3
      vertex -24.9522 33.1687 3
    endloop
  endfacet
  facet normal 0 0 1
    outer loop
      vertex -25.5275 33.5212 3
      vertex -25.5275 10.4788 3
      vertex -24.9522 10.8313 3
    endloop
  endfacet
  facet normal 0 0 1
    outer loop
      vertex -26.0406 33.9594 3
      vertex -25.5275 10.4788 3
      vertex -25.5275 33.5212 3
    endloop
  endfacet
  facet normal 0 0 1
    outer loop
      vertex -26.0406 33.9594 3
      vertex -26.0406 10.0406 3
      vertex -25.5275 10.4788 3
    endloop
  endfacet
  facet normal 0 0 1
    outer loop
      vertex -26.4788 34.4725 3
      vertex -26.0406 10.0406 3
      vertex -26.0406 33.9594 3
    endloop
  endfacet
  facet normal 0 0 1
    outer loop
      vertex -26.4788 34.4725 3
      vertex -26.4788 9.52748 3
      vertex -26.0406 10.0406 3
    endloop
  endfacet
  facet normal 0 0 1
    outer loop
      vertex -26.8313 35.0478 3
      vertex -26.4788 9.52748 3
      vertex -26.4788 34.4725 3
    endloop
  endfacet
  facet normal 0 0 1
    outer loop
      vertex -26.8313 35.0478 3
      vertex -26.8313 8.95216 3
      vertex -26.4788 9.52748 3
    endloop
  endfacet
  facet normal 0 0 1
    outer loop
      vertex -27 35.4551 3
      vertex -26.8313 8.95216 3
      vertex -26.8313 35.0478 3
    endloop
  endfacet
  facet normal 0 0 1
    outer loop
      vertex -26.8313 8.95216 3
      vertex -27 35.4551 3
      vertex -27 8.54495 3
    endloop
  endfacet
  facet normal 0 0 1
    outer loop
      vertex 18.7529 7.67267 3
      vertex 9 3 3
      vertex 18.7 7 3
    endloop
  endfacet
  facet normal 0 0 1
    outer loop
      vertex -18.7 37 3
      vertex 18.7 37 3
      vertex 18.7529 37.6727 3
    endloop
  endfacet
  facet normal 0 0 1
    outer loop
      vertex -18.7529 37.6727 3
      vertex 18.7529 37.6727 3
      vertex 18.9105 38.3288 3
    endloop
  endfacet
  facet normal 0 0 1
    outer loop
      vertex 9 3 3
      vertex -9 3 3
      vertex 9 0 3
    endloop
  endfacet
  facet normal 0 0 1
    outer loop
      vertex -18.7529 36.3273 3
      vertex 18.7529 36.3273 3
      vertex -18.7 37 3
    endloop
  endfacet
  facet normal 0 0 1
    outer loop
      vertex -18.9105 38.3288 3
      vertex 18.9105 38.3288 3
      vertex 19.1687 38.9522 3
    endloop
  endfacet
  facet normal 0 0 1
    outer loop
      vertex -19.1687 38.9522 3
      vertex 19.1687 38.9522 3
      vertex 19.5212 39.5275 3
    endloop
  endfacet
  facet normal 0 0 1
    outer loop
      vertex 18.7529 36.3273 3
      vertex -9 3 3
      vertex 9 3 3
    endloop
  endfacet
  facet normal 0 0 1
    outer loop
      vertex -19.5212 39.5275 3
      vertex 19.5212 39.5275 3
      vertex 19.9594 40.0406 3
    endloop
  endfacet
  facet normal 0 0 1
    outer loop
      vertex -19.9594 40.0406 3
      vertex 19.9594 40.0406 3
      vertex 20.4725 40.4788 3
    endloop
  endfacet
  facet normal 0 0 1
    outer loop
      vertex -20.4725 40.4788 3
      vertex 20.4725 40.4788 3
      vertex 21.0478 40.8313 3
    endloop
  endfacet
  facet normal 0 0 1
    outer loop
      vertex -21.0478 40.8313 3
      vertex 21.0478 40.8313 3
      vertex 21.4551 41 3
    endloop
  endfacet
  facet normal 0 0 1
    outer loop
      vertex 18.7529 37.6727 3
      vertex -18.7529 37.6727 3
      vertex -18.7 37 3
    endloop
  endfacet
  facet normal 0 0 1
    outer loop
      vertex 18.9105 38.3288 3
      vertex -18.9105 38.3288 3
      vertex -18.7529 37.6727 3
    endloop
  endfacet
  facet normal 0 0 1
    outer loop
      vertex 19.1687 38.9522 3
      vertex -19.1687 38.9522 3
      vertex -18.9105 38.3288 3
    endloop
  endfacet
  facet normal 0 0 1
    outer loop
      vertex 19.5212 39.5275 3
      vertex -19.5212 39.5275 3
      vertex -19.1687 38.9522 3
    endloop
  endfacet
  facet normal 0 0 1
    outer loop
      vertex 19.9594 40.0406 3
      vertex -19.9594 40.0406 3
      vertex -19.5212 39.5275 3
    endloop
  endfacet
  facet normal 0 0 1
    outer loop
      vertex 20.4725 40.4788 3
      vertex -20.4725 40.4788 3
      vertex -19.9594 40.0406 3
    endloop
  endfacet
  facet normal 0 0 1
    outer loop
      vertex 21.0478 40.8313 3
      vertex -21.0478 40.8313 3
      vertex -20.4725 40.4788 3
    endloop
  endfacet
  facet normal 0 -0 1
    outer loop
      vertex -21.0478 40.8313 3
      vertex 21.4551 41 3
      vertex -21.4551 41 3
    endloop
  endfacet
  facet normal -0 0 1
    outer loop
      vertex 26.8313 35.0478 3
      vertex 27 8.54495 3
      vertex 27 35.4551 3
    endloop
  endfacet
  facet normal 0 0 1
    outer loop
      vertex 26.8313 35.0478 3
      vertex 26.8313 8.95216 3
      vertex 27 8.54495 3
    endloop
  endfacet
  facet normal -0 0 1
    outer loop
      vertex 26.4788 34.4725 3
      vertex 26.8313 8.95216 3
      vertex 26.8313 35.0478 3
    endloop
  endfacet
  facet normal 0 0 1
    outer loop
      vertex 26.4788 34.4725 3
      vertex 26.4788 9.52748 3
      vertex 26.8313 8.95216 3
    endloop
  endfacet
  facet normal -0 0 1
    outer loop
      vertex 26.0406 33.9594 3
      vertex 26.4788 9.52748 3
      vertex 26.4788 34.4725 3
    endloop
  endfacet
  facet normal 0 0 1
    outer loop
      vertex 26.0406 33.9594 3
      vertex 26.0406 10.0406 3
      vertex 26.4788 9.52748 3
    endloop
  endfacet
  facet normal -0 0 1
    outer loop
      vertex 25.5275 33.5212 3
      vertex 26.0406 10.0406 3
      vertex 26.0406 33.9594 3
    endloop
  endfacet
  facet normal 0 0 1
    outer loop
      vertex 25.5275 33.5212 3
      vertex 25.5275 10.4788 3
      vertex 26.0406 10.0406 3
    endloop
  endfacet
  facet normal -0 0 1
    outer loop
      vertex 24.9522 33.1687 3
      vertex 25.5275 10.4788 3
      vertex 25.5275 33.5212 3
    endloop
  endfacet
  facet normal 0 0 1
    outer loop
      vertex 24.9522 33.1687 3
      vertex 24.9522 10.8313 3
      vertex 25.5275 10.4788 3
    endloop
  endfacet
  facet normal -0 0 1
    outer loop
      vertex 24.3288 32.9105 3
      vertex 24.9522 10.8313 3
      vertex 24.9522 33.1687 3
    endloop
  endfacet
  facet normal 0 0 1
    outer loop
      vertex 24.3288 32.9105 3
      vertex 24.3288 11.0895 3
      vertex 24.9522 10.8313 3
    endloop
  endfacet
  facet normal -0 0 1
    outer loop
      vertex 23.6727 32.7529 3
      vertex 24.3288 11.0895 3
      vertex 24.3288 32.9105 3
    endloop
  endfacet
  facet normal 0 0 1
    outer loop
      vertex 23.6727 32.7529 3
      vertex 23.6727 11.2471 3
      vertex 24.3288 11.0895 3
    endloop
  endfacet
  facet normal -0 0 1
    outer loop
      vertex 23 32.7 3
      vertex 23.6727 11.2471 3
      vertex 23.6727 32.7529 3
    endloop
  endfacet
  facet normal 0 0 1
    outer loop
      vertex 23 32.7 3
      vertex 23 11.3 3
      vertex 23.6727 11.2471 3
    endloop
  endfacet
  facet normal 0 0 1
    outer loop
      vertex 22.3273 32.7529 3
      vertex 23 11.3 3
      vertex 23 32.7 3
    endloop
  endfacet
  facet normal 0 0 1
    outer loop
      vertex 22.3273 32.7529 3
      vertex 22.3273 11.2471 3
      vertex 23 11.3 3
    endloop
  endfacet
  facet normal 0 0 1
    outer loop
      vertex 21.6712 32.9105 3
      vertex 22.3273 11.2471 3
      vertex 22.3273 32.7529 3
    endloop
  endfacet
  facet normal 0 0 1
    outer loop
      vertex 21.6712 32.9105 3
      vertex 21.6712 11.0895 3
      vertex 22.3273 11.2471 3
    endloop
  endfacet
  facet normal 0 0 1
    outer loop
      vertex 21.0478 33.1687 3
      vertex 21.6712 11.0895 3
      vertex 21.6712 32.9105 3
    endloop
  endfacet
  facet normal 0 0 1
    outer loop
      vertex 21.0478 33.1687 3
      vertex 21.0478 10.8313 3
      vertex 21.6712 11.0895 3
    endloop
  endfacet
  facet normal 0 0 1
    outer loop
      vertex 20.4725 33.5212 3
      vertex 21.0478 10.8313 3
      vertex 21.0478 33.1687 3
    endloop
  endfacet
  facet normal 0 0 1
    outer loop
      vertex 20.4725 33.5212 3
      vertex 20.4725 10.4788 3
      vertex 21.0478 10.8313 3
    endloop
  endfacet
  facet normal 0 0 1
    outer loop
      vertex 19.9594 33.9594 3
      vertex 20.4725 10.4788 3
      vertex 20.4725 33.5212 3
    endloop
  endfacet
  facet normal 0 0 1
    outer loop
      vertex 19.9594 33.9594 3
      vertex 19.9594 10.0406 3
      vertex 20.4725 10.4788 3
    endloop
  endfacet
  facet normal 0 0 1
    outer loop
      vertex 19.5212 34.4725 3
      vertex 19.9594 10.0406 3
      vertex 19.9594 33.9594 3
    endloop
  endfacet
  facet normal 0 0 1
    outer loop
      vertex 19.5212 34.4725 3
      vertex 19.5212 9.52748 3
      vertex 19.9594 10.0406 3
    endloop
  endfacet
  facet normal 0 0 1
    outer loop
      vertex 9 3 3
      vertex 19.5212 34.4725 3
      vertex 19.1687 35.0478 3
    endloop
  endfacet
  facet normal 0 0 1
    outer loop
      vertex 19.5212 34.4725 3
      vertex 9 3 3
      vertex 19.5212 9.52748 3
    endloop
  endfacet
  facet normal 0 0 1
    outer loop
      vertex 9 3 3
      vertex 19.1687 35.0478 3
      vertex 18.9105 35.6712 3
    endloop
  endfacet
  facet normal 0 0 1
    outer loop
      vertex 19.5212 9.52748 3
      vertex 9 3 3
      vertex 19.1687 8.95216 3
    endloop
  endfacet
  facet normal 0 0 1
    outer loop
      vertex 9 3 3
      vertex 18.9105 35.6712 3
      vertex 18.7529 36.3273 3
    endloop
  endfacet
  facet normal 0 0 1
    outer loop
      vertex 19.1687 8.95216 3
      vertex 9 3 3
      vertex 18.9105 8.32877 3
    endloop
  endfacet
  facet normal -0 0 1
    outer loop
      vertex -18.7 37 3
      vertex 18.7529 36.3273 3
      vertex 18.7 37 3
    endloop
  endfacet
  facet normal 0 0 1
    outer loop
      vertex 18.9105 8.32877 3
      vertex 9 3 3
      vertex 18.7529 7.67267 3
    endloop
  endfacet
  facet normal 0 0 1
    outer loop
      vertex 21.0478 3.16867 3
      vertex 9 3 3
      vertex 21.455 3 3
    endloop
  endfacet
  facet normal 0 0 1
    outer loop
      vertex 20.4725 3.52123 3
      vertex 9 3 3
      vertex 21.0478 3.16867 3
    endloop
  endfacet
  facet normal 0 0 1
    outer loop
      vertex 19.9594 3.95944 3
      vertex 9 3 3
      vertex 20.4725 3.52123 3
    endloop
  endfacet
  facet normal 0 0 1
    outer loop
      vertex 19.5212 4.47252 3
      vertex 9 3 3
      vertex 19.9594 3.95944 3
    endloop
  endfacet
  facet normal 0 0 1
    outer loop
      vertex 19.1687 5.04784 3
      vertex 9 3 3
      vertex 19.5212 4.47252 3
    endloop
  endfacet
  facet normal 0 0 1
    outer loop
      vertex 18.9105 5.67123 3
      vertex 9 3 3
      vertex 19.1687 5.04784 3
    endloop
  endfacet
  facet normal 0 0 1
    outer loop
      vertex 18.7529 6.32733 3
      vertex 9 3 3
      vertex 18.9105 5.67123 3
    endloop
  endfacet
  facet normal 0 0 1
    outer loop
      vertex 9 3 3
      vertex 18.7529 6.32733 3
      vertex 18.7 7 3
    endloop
  endfacet
  facet normal 0 0 1
    outer loop
      vertex 9 0 3
      vertex -9 3 3
      vertex -9 0 3
    endloop
  endfacet
  facet normal 0 0 1
    outer loop
      vertex -18.9105 35.6712 3
      vertex 18.7529 36.3273 3
      vertex -18.7529 36.3273 3
    endloop
  endfacet
  facet normal -0 0 1
    outer loop
      vertex -18.7529 6.32733 3
      vertex -9 3 3
      vertex -18.7 7 3
    endloop
  endfacet
  facet normal -0 0 1
    outer loop
      vertex -18.9105 5.67123 3
      vertex -9 3 3
      vertex -18.7529 6.32733 3
    endloop
  endfacet
  facet normal -0 0 1
    outer loop
      vertex -19.1687 5.04784 3
      vertex -9 3 3
      vertex -18.9105 5.67123 3
    endloop
  endfacet
  facet normal -0 0 1
    outer loop
      vertex -19.5212 4.47252 3
      vertex -9 3 3
      vertex -19.1687 5.04784 3
    endloop
  endfacet
  facet normal -0 0 1
    outer loop
      vertex -19.9594 3.95944 3
      vertex -9 3 3
      vertex -19.5212 4.47252 3
    endloop
  endfacet
  facet normal -0 0 1
    outer loop
      vertex -20.4725 3.52123 3
      vertex -9 3 3
      vertex -19.9594 3.95944 3
    endloop
  endfacet
  facet normal -0 0 1
    outer loop
      vertex -21.0478 3.16867 3
      vertex -9 3 3
      vertex -20.4725 3.52123 3
    endloop
  endfacet
  facet normal 0 0 1
    outer loop
      vertex -9 3 3
      vertex -21.0478 3.16867 3
      vertex -21.455 3 3
    endloop
  endfacet
  facet normal -0.891109 0.45379 0
    outer loop
      vertex 25.7634 3.57295 3
      vertex 25.8984 3.83805 33
      vertex 25.8984 3.83805 3
    endloop
  endfacet
  facet normal -0.891109 0.45379 0
    outer loop
      vertex 25.8984 3.83805 33
      vertex 25.7634 3.57295 3
      vertex 25.7634 3.57295 33
    endloop
  endfacet
  facet normal 0.972342 0.233564 0
    outer loop
      vertex -18.7529 7.67267 33
      vertex -18.9105 8.32877 3
      vertex -18.9105 8.32877 33
    endloop
  endfacet
  facet normal 0.972342 0.233564 0
    outer loop
      vertex -18.9105 8.32877 3
      vertex -18.7529 7.67267 33
      vertex -18.7529 7.67267 3
    endloop
  endfacet
  facet normal 0.996922 0.0783998 0
    outer loop
      vertex -18.7 7 33
      vertex -18.7529 7.67267 3
      vertex -18.7529 7.67267 33
    endloop
  endfacet
  facet normal 0.996922 0.0783998 0
    outer loop
      vertex -18.7529 7.67267 3
      vertex -18.7 7 33
      vertex -18.7 7 3
    endloop
  endfacet
  facet normal 0.923888 0.382662 0
    outer loop
      vertex -18.9105 8.32877 33
      vertex -19.1687 8.95216 3
      vertex -19.1687 8.95216 33
    endloop
  endfacet
  facet normal 0.923888 0.382662 0
    outer loop
      vertex -19.1687 8.95216 3
      vertex -18.9105 8.32877 33
      vertex -18.9105 8.32877 3
    endloop
  endfacet
  facet normal 0.996922 -0.0783998 0
    outer loop
      vertex -18.7529 6.32733 33
      vertex -18.7 7 3
      vertex -18.7 7 33
    endloop
  endfacet
  facet normal 0.996922 -0.0783998 0
    outer loop
      vertex -18.7 7 3
      vertex -18.7529 6.32733 33
      vertex -18.7529 6.32733 3
    endloop
  endfacet
  facet normal -0.649423 0.760427 0
    outer loop
      vertex -25.5275 10.4788 3
      vertex -26.0406 10.0406 33
      vertex -25.5275 10.4788 33
    endloop
  endfacet
  facet normal -0.649423 0.760427 0
    outer loop
      vertex -26.0406 10.0406 33
      vertex -25.5275 10.4788 3
      vertex -26.0406 10.0406 3
    endloop
  endfacet
  facet normal 0.649423 0.760427 -0
    outer loop
      vertex -19.9594 10.0406 3
      vertex -20.4725 10.4788 33
      vertex -19.9594 10.0406 33
    endloop
  endfacet
  facet normal 0.649423 0.760427 0
    outer loop
      vertex -20.4725 10.4788 33
      vertex -19.9594 10.0406 3
      vertex -20.4725 10.4788 3
    endloop
  endfacet
  facet normal 0.649432 -0.76042 0
    outer loop
      vertex -20.4725 3.52123 3
      vertex -19.9594 3.95944 33
      vertex -20.4725 3.52123 33
    endloop
  endfacet
  facet normal 0.649432 -0.76042 0
    outer loop
      vertex -19.9594 3.95944 33
      vertex -20.4725 3.52123 3
      vertex -19.9594 3.95944 3
    endloop
  endfacet
  facet normal 0.923888 -0.382662 0
    outer loop
      vertex -19.1687 5.04784 33
      vertex -18.9105 5.67123 3
      vertex -18.9105 5.67123 33
    endloop
  endfacet
  facet normal 0.923888 -0.382662 0
    outer loop
      vertex -18.9105 5.67123 3
      vertex -19.1687 5.04784 33
      vertex -19.1687 5.04784 3
    endloop
  endfacet
  facet normal -0.923857 0.382738 0
    outer loop
      vertex -27 8.54495 3
      vertex -26.8313 8.95216 33
      vertex -26.8313 8.95216 3
    endloop
  endfacet
  facet normal -0.923857 0.382738 0
    outer loop
      vertex -26.8313 8.95216 33
      vertex -27 8.54495 3
      vertex -27 8.54495 33
    endloop
  endfacet
  facet normal 0.760415 -0.649438 0
    outer loop
      vertex -19.9594 3.95944 33
      vertex -19.5212 4.47252 3
      vertex -19.5212 4.47252 33
    endloop
  endfacet
  facet normal 0.760415 -0.649438 0
    outer loop
      vertex -19.5212 4.47252 3
      vertex -19.9594 3.95944 33
      vertex -19.9594 3.95944 3
    endloop
  endfacet
  facet normal 0.852678 -0.522438 0
    outer loop
      vertex -19.5212 4.47252 33
      vertex -19.1687 5.04784 3
      vertex -19.1687 5.04784 33
    endloop
  endfacet
  facet normal 0.852678 -0.522438 0
    outer loop
      vertex -19.1687 5.04784 3
      vertex -19.5212 4.47252 33
      vertex -19.5212 4.47252 3
    endloop
  endfacet
  facet normal -0.852678 0.522438 0
    outer loop
      vertex -26.8313 8.95216 3
      vertex -26.4788 9.52748 33
      vertex -26.4788 9.52748 3
    endloop
  endfacet
  facet normal -0.852678 0.522438 0
    outer loop
      vertex -26.4788 9.52748 33
      vertex -26.8313 8.95216 3
      vertex -26.8313 8.95216 33
    endloop
  endfacet
  facet normal 0.382688 -0.923878 0
    outer loop
      vertex -21.455 3 3
      vertex -21.0478 3.16867 33
      vertex -21.455 3 33
    endloop
  endfacet
  facet normal 0.382688 -0.923878 0
    outer loop
      vertex -21.0478 3.16867 33
      vertex -21.455 3 3
      vertex -21.0478 3.16867 3
    endloop
  endfacet
  facet normal -0.76044 0.649409 0
    outer loop
      vertex -26.4788 9.52748 3
      vertex -26.0406 10.0406 33
      vertex -26.0406 10.0406 3
    endloop
  endfacet
  facet normal -0.76044 0.649409 0
    outer loop
      vertex -26.0406 10.0406 33
      vertex -26.4788 9.52748 3
      vertex -26.4788 9.52748 33
    endloop
  endfacet
  facet normal -0.233564 0.972342 0
    outer loop
      vertex -23.6727 11.2471 3
      vertex -24.3288 11.0895 33
      vertex -23.6727 11.2471 33
    endloop
  endfacet
  facet normal -0.233564 0.972342 0
    outer loop
      vertex -24.3288 11.0895 33
      vertex -23.6727 11.2471 3
      vertex -24.3288 11.0895 3
    endloop
  endfacet
  facet normal -0.522451 0.852669 0
    outer loop
      vertex -24.9522 10.8313 3
      vertex -25.5275 10.4788 33
      vertex -24.9522 10.8313 33
    endloop
  endfacet
  facet normal -0.522451 0.852669 0
    outer loop
      vertex -25.5275 10.4788 33
      vertex -24.9522 10.8313 3
      vertex -25.5275 10.4788 3
    endloop
  endfacet
  facet normal 0.382657 0.92389 -0
    outer loop
      vertex -21.0478 10.8313 3
      vertex -21.6712 11.0895 33
      vertex -21.0478 10.8313 33
    endloop
  endfacet
  facet normal 0.382657 0.92389 0
    outer loop
      vertex -21.6712 11.0895 33
      vertex -21.0478 10.8313 3
      vertex -21.6712 11.0895 3
    endloop
  endfacet
  facet normal 0.76044 0.649409 0
    outer loop
      vertex -19.5212 9.52748 33
      vertex -19.9594 10.0406 3
      vertex -19.9594 10.0406 33
    endloop
  endfacet
  facet normal 0.76044 0.649409 0
    outer loop
      vertex -19.9594 10.0406 3
      vertex -19.5212 9.52748 33
      vertex -19.5212 9.52748 3
    endloop
  endfacet
  facet normal 0.522451 0.852669 -0
    outer loop
      vertex -20.4725 10.4788 3
      vertex -21.0478 10.8313 33
      vertex -20.4725 10.4788 33
    endloop
  endfacet
  facet normal 0.522451 0.852669 0
    outer loop
      vertex -21.0478 10.8313 33
      vertex -20.4725 10.4788 3
      vertex -21.0478 10.8313 3
    endloop
  endfacet
  facet normal -0.0783963 0.996922 0
    outer loop
      vertex -23 11.3 3
      vertex -23.6727 11.2471 33
      vertex -23 11.3 33
    endloop
  endfacet
  facet normal -0.0783963 0.996922 0
    outer loop
      vertex -23.6727 11.2471 33
      vertex -23 11.3 3
      vertex -23.6727 11.2471 3
    endloop
  endfacet
  facet normal -0.382657 0.92389 0
    outer loop
      vertex -24.3288 11.0895 3
      vertex -24.9522 10.8313 33
      vertex -24.3288 11.0895 33
    endloop
  endfacet
  facet normal -0.382657 0.92389 0
    outer loop
      vertex -24.9522 10.8313 33
      vertex -24.3288 11.0895 3
      vertex -24.9522 10.8313 3
    endloop
  endfacet
  facet normal 0.972342 -0.233564 0
    outer loop
      vertex -18.9105 5.67123 33
      vertex -18.7529 6.32733 3
      vertex -18.7529 6.32733 33
    endloop
  endfacet
  facet normal 0.972342 -0.233564 0
    outer loop
      vertex -18.7529 6.32733 3
      vertex -18.9105 5.67123 33
      vertex -18.9105 5.67123 3
    endloop
  endfacet
  facet normal 0.852678 0.522438 0
    outer loop
      vertex -19.1687 8.95216 33
      vertex -19.5212 9.52748 3
      vertex -19.5212 9.52748 33
    endloop
  endfacet
  facet normal 0.852678 0.522438 0
    outer loop
      vertex -19.5212 9.52748 3
      vertex -19.1687 8.95216 33
      vertex -19.1687 8.95216 3
    endloop
  endfacet
  facet normal -0.760419 -0.649433 0
    outer loop
      vertex -26.162 4.10158 3
      vertex -26.4788 4.47252 33
      vertex -26.4788 4.47252 3
    endloop
  endfacet
  facet normal -0.760419 -0.649433 0
    outer loop
      vertex -26.4788 4.47252 33
      vertex -26.162 4.10158 3
      vertex -26.162 4.10158 33
    endloop
  endfacet
  facet normal 0.233564 0.972342 -0
    outer loop
      vertex -21.6712 11.0895 3
      vertex -22.3273 11.2471 33
      vertex -21.6712 11.0895 33
    endloop
  endfacet
  facet normal 0.233564 0.972342 0
    outer loop
      vertex -22.3273 11.2471 33
      vertex -21.6712 11.0895 3
      vertex -22.3273 11.2471 3
    endloop
  endfacet
  facet normal 0.0783963 0.996922 -0
    outer loop
      vertex -22.3273 11.2471 3
      vertex -23 11.3 33
      vertex -22.3273 11.2471 33
    endloop
  endfacet
  facet normal 0.0783963 0.996922 0
    outer loop
      vertex -23 11.3 33
      vertex -22.3273 11.2471 3
      vertex -23 11.3 3
    endloop
  endfacet
  facet normal 0.522515 -0.85263 0
    outer loop
      vertex -21.0478 3.16867 3
      vertex -20.4725 3.52123 33
      vertex -21.0478 3.16867 33
    endloop
  endfacet
  facet normal 0.522515 -0.85263 0
    outer loop
      vertex -20.4725 3.52123 33
      vertex -21.0478 3.16867 3
      vertex -20.4725 3.52123 3
    endloop
  endfacet
  facet normal -0.852807 -0.522227 0
    outer loop
      vertex -26.4788 4.47252 3
      vertex -26.5318 4.55907 33
      vertex -26.5318 4.55907 3
    endloop
  endfacet
  facet normal -0.852807 -0.522227 0
    outer loop
      vertex -26.5318 4.55907 33
      vertex -26.4788 4.47252 3
      vertex -26.4788 4.47252 33
    endloop
  endfacet
  facet normal 0.233564 -0.972342 0
    outer loop
      vertex -22.3273 32.7529 3
      vertex -21.6712 32.9105 33
      vertex -22.3273 32.7529 33
    endloop
  endfacet
  facet normal 0.233564 -0.972342 0
    outer loop
      vertex -21.6712 32.9105 33
      vertex -22.3273 32.7529 3
      vertex -21.6712 32.9105 3
    endloop
  endfacet
  facet normal 0.972342 0.233564 0
    outer loop
      vertex -18.7529 37.6727 33
      vertex -18.9105 38.3288 3
      vertex -18.9105 38.3288 33
    endloop
  endfacet
  facet normal 0.972342 0.233564 0
    outer loop
      vertex -18.9105 38.3288 3
      vertex -18.7529 37.6727 33
      vertex -18.7529 37.6727 3
    endloop
  endfacet
  facet normal 0.996922 0.0783963 0
    outer loop
      vertex -18.7 37 33
      vertex -18.7529 37.6727 3
      vertex -18.7529 37.6727 33
    endloop
  endfacet
  facet normal 0.996922 0.0783963 0
    outer loop
      vertex -18.7529 37.6727 3
      vertex -18.7 37 33
      vertex -18.7 37 3
    endloop
  endfacet
  facet normal 0.92389 0.382657 0
    outer loop
      vertex -18.9105 38.3288 33
      vertex -19.1687 38.9522 3
      vertex -19.1687 38.9522 33
    endloop
  endfacet
  facet normal 0.92389 0.382657 0
    outer loop
      vertex -19.1687 38.9522 3
      vertex -18.9105 38.3288 33
      vertex -18.9105 38.3288 3
    endloop
  endfacet
  facet normal -0.0783963 -0.996922 0
    outer loop
      vertex -23.6727 32.7529 3
      vertex -23 32.7 33
      vertex -23.6727 32.7529 33
    endloop
  endfacet
  facet normal -0.0783963 -0.996922 -0
    outer loop
      vertex -23 32.7 33
      vertex -23.6727 32.7529 3
      vertex -23 32.7 3
    endloop
  endfacet
  facet normal 0.996922 -0.0783963 0
    outer loop
      vertex -18.7529 36.3273 33
      vertex -18.7 37 3
      vertex -18.7 37 33
    endloop
  endfacet
  facet normal 0.996922 -0.0783963 0
    outer loop
      vertex -18.7 37 3
      vertex -18.7529 36.3273 33
      vertex -18.7529 36.3273 3
    endloop
  endfacet
  facet normal -0.649474 0.760384 0
    outer loop
      vertex -25.5275 40.4788 3
      vertex -25.8984 40.162 33
      vertex -25.5275 40.4788 33
    endloop
  endfacet
  facet normal -0.649474 0.760384 0
    outer loop
      vertex -25.8984 40.162 33
      vertex -25.5275 40.4788 3
      vertex -25.8984 40.162 3
    endloop
  endfacet
  facet normal 0.649423 0.760427 -0
    outer loop
      vertex -19.9594 40.0406 3
      vertex -20.4725 40.4788 33
      vertex -19.9594 40.0406 33
    endloop
  endfacet
  facet normal 0.649423 0.760427 0
    outer loop
      vertex -20.4725 40.4788 33
      vertex -19.9594 40.0406 3
      vertex -20.4725 40.4788 3
    endloop
  endfacet
  facet normal 0.0783963 -0.996922 0
    outer loop
      vertex -23 32.7 3
      vertex -22.3273 32.7529 33
      vertex -23 32.7 33
    endloop
  endfacet
  facet normal 0.0783963 -0.996922 0
    outer loop
      vertex -22.3273 32.7529 33
      vertex -23 32.7 3
      vertex -22.3273 32.7529 3
    endloop
  endfacet
  facet normal 0.649423 -0.760427 0
    outer loop
      vertex -20.4725 33.5212 3
      vertex -19.9594 33.9594 33
      vertex -20.4725 33.5212 33
    endloop
  endfacet
  facet normal 0.649423 -0.760427 0
    outer loop
      vertex -19.9594 33.9594 33
      vertex -20.4725 33.5212 3
      vertex -19.9594 33.9594 3
    endloop
  endfacet
  facet normal -0.923887 -0.382666 0
    outer loop
      vertex -26.8313 35.0478 3
      vertex -27 35.4551 33
      vertex -27 35.4551 3
    endloop
  endfacet
  facet normal -0.923887 -0.382666 0
    outer loop
      vertex -27 35.4551 33
      vertex -26.8313 35.0478 3
      vertex -26.8313 35.0478 33
    endloop
  endfacet
  facet normal 0.92389 -0.382657 0
    outer loop
      vertex -19.1687 35.0478 33
      vertex -18.9105 35.6712 3
      vertex -18.9105 35.6712 33
    endloop
  endfacet
  facet normal 0.92389 -0.382657 0
    outer loop
      vertex -18.9105 35.6712 3
      vertex -19.1687 35.0478 33
      vertex -19.1687 35.0478 3
    endloop
  endfacet
  facet normal 0.760427 -0.649423 0
    outer loop
      vertex -19.9594 33.9594 33
      vertex -19.5212 34.4725 3
      vertex -19.5212 34.4725 33
    endloop
  endfacet
  facet normal 0.760427 -0.649423 0
    outer loop
      vertex -19.5212 34.4725 3
      vertex -19.9594 33.9594 33
      vertex -19.9594 33.9594 3
    endloop
  endfacet
  facet normal 0.852669 -0.522451 0
    outer loop
      vertex -19.5212 34.4725 33
      vertex -19.1687 35.0478 3
      vertex -19.1687 35.0478 33
    endloop
  endfacet
  facet normal 0.852669 -0.522451 0
    outer loop
      vertex -19.1687 35.0478 3
      vertex -19.5212 34.4725 33
      vertex -19.5212 34.4725 3
    endloop
  endfacet
  facet normal 0.382657 -0.92389 0
    outer loop
      vertex -21.6712 32.9105 3
      vertex -21.0478 33.1687 33
      vertex -21.6712 32.9105 33
    endloop
  endfacet
  facet normal 0.382657 -0.92389 0
    outer loop
      vertex -21.0478 33.1687 33
      vertex -21.6712 32.9105 3
      vertex -21.0478 33.1687 3
    endloop
  endfacet
  facet normal -0.522008 0.852941 0
    outer loop
      vertex -25.4409 40.5318 3
      vertex -25.5275 40.4788 33
      vertex -25.4409 40.5318 33
    endloop
  endfacet
  facet normal -0.522008 0.852941 0
    outer loop
      vertex -25.5275 40.4788 33
      vertex -25.4409 40.5318 3
      vertex -25.5275 40.4788 3
    endloop
  endfacet
  facet normal -0.522451 -0.852669 0
    outer loop
      vertex -25.5275 33.5212 3
      vertex -24.9522 33.1687 33
      vertex -25.5275 33.5212 33
    endloop
  endfacet
  facet normal -0.522451 -0.852669 -0
    outer loop
      vertex -24.9522 33.1687 33
      vertex -25.5275 33.5212 3
      vertex -24.9522 33.1687 3
    endloop
  endfacet
  facet normal 0.382666 0.923887 -0
    outer loop
      vertex -21.0478 40.8313 3
      vertex -21.4551 41 33
      vertex -21.0478 40.8313 33
    endloop
  endfacet
  facet normal 0.382666 0.923887 0
    outer loop
      vertex -21.4551 41 33
      vertex -21.0478 40.8313 3
      vertex -21.4551 41 3
    endloop
  endfacet
  facet normal 0.760427 0.649423 0
    outer loop
      vertex -19.5212 39.5275 33
      vertex -19.9594 40.0406 3
      vertex -19.9594 40.0406 33
    endloop
  endfacet
  facet normal 0.760427 0.649423 0
    outer loop
      vertex -19.9594 40.0406 3
      vertex -19.5212 39.5275 33
      vertex -19.5212 39.5275 3
    endloop
  endfacet
  facet normal -0.382657 -0.92389 0
    outer loop
      vertex -24.9522 33.1687 3
      vertex -24.3288 32.9105 33
      vertex -24.9522 33.1687 33
    endloop
  endfacet
  facet normal -0.382657 -0.92389 -0
    outer loop
      vertex -24.3288 32.9105 33
      vertex -24.9522 33.1687 3
      vertex -24.3288 32.9105 3
    endloop
  endfacet
  facet normal 0.522451 0.852669 -0
    outer loop
      vertex -20.4725 40.4788 3
      vertex -21.0478 40.8313 33
      vertex -20.4725 40.4788 33
    endloop
  endfacet
  facet normal 0.522451 0.852669 0
    outer loop
      vertex -21.0478 40.8313 33
      vertex -20.4725 40.4788 3
      vertex -21.0478 40.8313 3
    endloop
  endfacet
  facet normal 0.972342 -0.233564 0
    outer loop
      vertex -18.9105 35.6712 33
      vertex -18.7529 36.3273 3
      vertex -18.7529 36.3273 33
    endloop
  endfacet
  facet normal 0.972342 -0.233564 0
    outer loop
      vertex -18.7529 36.3273 3
      vertex -18.9105 35.6712 33
      vertex -18.9105 35.6712 3
    endloop
  endfacet
  facet normal 0.852669 0.522451 0
    outer loop
      vertex -19.1687 38.9522 33
      vertex -19.5212 39.5275 3
      vertex -19.5212 39.5275 33
    endloop
  endfacet
  facet normal 0.852669 0.522451 0
    outer loop
      vertex -19.5212 39.5275 3
      vertex -19.1687 38.9522 33
      vertex -19.1687 38.9522 3
    endloop
  endfacet
  facet normal -0.760427 -0.649423 0
    outer loop
      vertex -26.0406 33.9594 3
      vertex -26.4788 34.4725 33
      vertex -26.4788 34.4725 3
    endloop
  endfacet
  facet normal -0.760427 -0.649423 0
    outer loop
      vertex -26.4788 34.4725 33
      vertex -26.0406 33.9594 3
      vertex -26.0406 33.9594 33
    endloop
  endfacet
  facet normal -0.649423 -0.760427 0
    outer loop
      vertex -26.0406 33.9594 3
      vertex -25.5275 33.5212 33
      vertex -26.0406 33.9594 33
    endloop
  endfacet
  facet normal -0.649423 -0.760427 -0
    outer loop
      vertex -25.5275 33.5212 33
      vertex -26.0406 33.9594 3
      vertex -25.5275 33.5212 3
    endloop
  endfacet
  facet normal -0.233564 -0.972342 0
    outer loop
      vertex -24.3288 32.9105 3
      vertex -23.6727 32.7529 33
      vertex -24.3288 32.9105 33
    endloop
  endfacet
  facet normal -0.233564 -0.972342 -0
    outer loop
      vertex -23.6727 32.7529 33
      vertex -24.3288 32.9105 3
      vertex -23.6727 32.7529 3
    endloop
  endfacet
  facet normal 0.522451 -0.852669 0
    outer loop
      vertex -21.0478 33.1687 3
      vertex -20.4725 33.5212 33
      vertex -21.0478 33.1687 33
    endloop
  endfacet
  facet normal 0.522451 -0.852669 0
    outer loop
      vertex -20.4725 33.5212 33
      vertex -21.0478 33.1687 3
      vertex -20.4725 33.5212 3
    endloop
  endfacet
  facet normal -0.852669 -0.522451 0
    outer loop
      vertex -26.4788 34.4725 3
      vertex -26.8313 35.0478 33
      vertex -26.8313 35.0478 3
    endloop
  endfacet
  facet normal -0.852669 -0.522451 0
    outer loop
      vertex -26.8313 35.0478 33
      vertex -26.4788 34.4725 3
      vertex -26.4788 34.4725 33
    endloop
  endfacet
  facet normal 0.923857 0.382738 0
    outer loop
      vertex 27 8.54495 33
      vertex 26.8313 8.95216 3
      vertex 26.8313 8.95216 33
    endloop
  endfacet
  facet normal 0.923857 0.382738 0
    outer loop
      vertex 26.8313 8.95216 3
      vertex 27 8.54495 33
      vertex 27 8.54495 3
    endloop
  endfacet
  facet normal -0.649423 0.760427 0
    outer loop
      vertex 20.4725 10.4788 3
      vertex 19.9594 10.0406 33
      vertex 20.4725 10.4788 33
    endloop
  endfacet
  facet normal -0.649423 0.760427 0
    outer loop
      vertex 19.9594 10.0406 33
      vertex 20.4725 10.4788 3
      vertex 19.9594 10.0406 3
    endloop
  endfacet
  facet normal 0.649423 0.760427 -0
    outer loop
      vertex 26.0406 10.0406 3
      vertex 25.5275 10.4788 33
      vertex 26.0406 10.0406 33
    endloop
  endfacet
  facet normal 0.649423 0.760427 0
    outer loop
      vertex 25.5275 10.4788 33
      vertex 26.0406 10.0406 3
      vertex 25.5275 10.4788 3
    endloop
  endfacet
  facet normal 0.649497 -0.760364 0
    outer loop
      vertex 25.5275 3.52123 3
      vertex 25.8984 3.83805 33
      vertex 25.5275 3.52123 33
    endloop
  endfacet
  facet normal 0.649497 -0.760364 0
    outer loop
      vertex 25.8984 3.83805 33
      vertex 25.5275 3.52123 3
      vertex 25.8984 3.83805 3
    endloop
  endfacet
  facet normal -0.923888 -0.382662 0
    outer loop
      vertex 19.1687 5.04784 3
      vertex 18.9105 5.67123 33
      vertex 18.9105 5.67123 3
    endloop
  endfacet
  facet normal -0.923888 -0.382662 0
    outer loop
      vertex 18.9105 5.67123 33
      vertex 19.1687 5.04784 3
      vertex 19.1687 5.04784 33
    endloop
  endfacet
  facet normal -0.996922 0.0783998 0
    outer loop
      vertex 18.7 7 3
      vertex 18.7529 7.67267 33
      vertex 18.7529 7.67267 3
    endloop
  endfacet
  facet normal -0.996922 0.0783998 0
    outer loop
      vertex 18.7529 7.67267 33
      vertex 18.7 7 3
      vertex 18.7 7 33
    endloop
  endfacet
  facet normal -0.923888 0.382662 0
    outer loop
      vertex 18.9105 8.32877 3
      vertex 19.1687 8.95216 33
      vertex 19.1687 8.95216 3
    endloop
  endfacet
  facet normal -0.923888 0.382662 0
    outer loop
      vertex 19.1687 8.95216 33
      vertex 18.9105 8.32877 3
      vertex 18.9105 8.32877 33
    endloop
  endfacet
  facet normal -0.852678 0.522438 0
    outer loop
      vertex 19.1687 8.95216 3
      vertex 19.5212 9.52748 33
      vertex 19.5212 9.52748 3
    endloop
  endfacet
  facet normal -0.852678 0.522438 0
    outer loop
      vertex 19.5212 9.52748 33
      vertex 19.1687 8.95216 3
      vertex 19.1687 8.95216 33
    endloop
  endfacet
  facet normal -0.972342 -0.233564 0
    outer loop
      vertex 18.9105 5.67123 3
      vertex 18.7529 6.32733 33
      vertex 18.7529 6.32733 3
    endloop
  endfacet
  facet normal -0.972342 -0.233564 0
    outer loop
      vertex 18.7529 6.32733 33
      vertex 18.9105 5.67123 3
      vertex 18.9105 5.67123 33
    endloop
  endfacet
  facet normal -0.76044 0.649409 0
    outer loop
      vertex 19.5212 9.52748 3
      vertex 19.9594 10.0406 33
      vertex 19.9594 10.0406 3
    endloop
  endfacet
  facet normal -0.76044 0.649409 0
    outer loop
      vertex 19.9594 10.0406 33
      vertex 19.5212 9.52748 3
      vertex 19.5212 9.52748 33
    endloop
  endfacet
  facet normal -0.233564 0.972342 0
    outer loop
      vertex 22.3273 11.2471 3
      vertex 21.6712 11.0895 33
      vertex 22.3273 11.2471 33
    endloop
  endfacet
  facet normal -0.233564 0.972342 0
    outer loop
      vertex 21.6712 11.0895 33
      vertex 22.3273 11.2471 3
      vertex 21.6712 11.0895 3
    endloop
  endfacet
  facet normal -0.522451 0.852669 0
    outer loop
      vertex 21.0478 10.8313 3
      vertex 20.4725 10.4788 33
      vertex 21.0478 10.8313 33
    endloop
  endfacet
  facet normal -0.522451 0.852669 0
    outer loop
      vertex 20.4725 10.4788 33
      vertex 21.0478 10.8313 3
      vertex 20.4725 10.4788 3
    endloop
  endfacet
  facet normal -0.522515 -0.85263 0
    outer loop
      vertex 20.4725 3.52123 3
      vertex 21.0478 3.16867 33
      vertex 20.4725 3.52123 33
    endloop
  endfacet
  facet normal -0.522515 -0.85263 -0
    outer loop
      vertex 21.0478 3.16867 33
      vertex 20.4725 3.52123 3
      vertex 21.0478 3.16867 3
    endloop
  endfacet
  facet normal 0.382657 0.92389 -0
    outer loop
      vertex 24.9522 10.8313 3
      vertex 24.3288 11.0895 33
      vertex 24.9522 10.8313 33
    endloop
  endfacet
  facet normal 0.382657 0.92389 0
    outer loop
      vertex 24.3288 11.0895 33
      vertex 24.9522 10.8313 3
      vertex 24.3288 11.0895 3
    endloop
  endfacet
  facet normal 0.76044 0.649409 0
    outer loop
      vertex 26.4788 9.52748 33
      vertex 26.0406 10.0406 3
      vertex 26.0406 10.0406 33
    endloop
  endfacet
  facet normal 0.76044 0.649409 0
    outer loop
      vertex 26.0406 10.0406 3
      vertex 26.4788 9.52748 33
      vertex 26.4788 9.52748 3
    endloop
  endfacet
  facet normal -0.972342 0.233564 0
    outer loop
      vertex 18.7529 7.67267 3
      vertex 18.9105 8.32877 33
      vertex 18.9105 8.32877 3
    endloop
  endfacet
  facet normal -0.972342 0.233564 0
    outer loop
      vertex 18.9105 8.32877 33
      vertex 18.7529 7.67267 3
      vertex 18.7529 7.67267 33
    endloop
  endfacet
  facet normal -0.382688 -0.923878 0
    outer loop
      vertex 21.0478 3.16867 3
      vertex 21.455 3 33
      vertex 21.0478 3.16867 33
    endloop
  endfacet
  facet normal -0.382688 -0.923878 -0
    outer loop
      vertex 21.455 3 33
      vertex 21.0478 3.16867 3
      vertex 21.455 3 3
    endloop
  endfacet
  facet normal 0.522451 0.852669 -0
    outer loop
      vertex 25.5275 10.4788 3
      vertex 24.9522 10.8313 33
      vertex 25.5275 10.4788 33
    endloop
  endfacet
  facet normal 0.522451 0.852669 0
    outer loop
      vertex 24.9522 10.8313 33
      vertex 25.5275 10.4788 3
      vertex 24.9522 10.8313 3
    endloop
  endfacet
  facet normal -0.0783963 0.996922 0
    outer loop
      vertex 23 11.3 3
      vertex 22.3273 11.2471 33
      vertex 23 11.3 33
    endloop
  endfacet
  facet normal -0.0783963 0.996922 0
    outer loop
      vertex 22.3273 11.2471 33
      vertex 23 11.3 3
      vertex 22.3273 11.2471 3
    endloop
  endfacet
  facet normal -0.382657 0.92389 0
    outer loop
      vertex 21.6712 11.0895 3
      vertex 21.0478 10.8313 33
      vertex 21.6712 11.0895 33
    endloop
  endfacet
  facet normal -0.382657 0.92389 0
    outer loop
      vertex 21.0478 10.8313 33
      vertex 21.6712 11.0895 3
      vertex 21.0478 10.8313 3
    endloop
  endfacet
  facet normal 0.852678 0.522438 0
    outer loop
      vertex 26.8313 8.95216 33
      vertex 26.4788 9.52748 3
      vertex 26.4788 9.52748 33
    endloop
  endfacet
  facet normal 0.852678 0.522438 0
    outer loop
      vertex 26.4788 9.52748 3
      vertex 26.8313 8.95216 33
      vertex 26.8313 8.95216 3
    endloop
  endfacet
  facet normal -0.760415 -0.649438 0
    outer loop
      vertex 19.9594 3.95944 3
      vertex 19.5212 4.47252 33
      vertex 19.5212 4.47252 3
    endloop
  endfacet
  facet normal -0.760415 -0.649438 0
    outer loop
      vertex 19.5212 4.47252 33
      vertex 19.9594 3.95944 3
      vertex 19.9594 3.95944 33
    endloop
  endfacet
  facet normal -0.649432 -0.76042 0
    outer loop
      vertex 19.9594 3.95944 3
      vertex 20.4725 3.52123 33
      vertex 19.9594 3.95944 33
    endloop
  endfacet
  facet normal -0.649432 -0.76042 -0
    outer loop
      vertex 20.4725 3.52123 33
      vertex 19.9594 3.95944 3
      vertex 20.4725 3.52123 3
    endloop
  endfacet
  facet normal 0.233564 0.972342 -0
    outer loop
      vertex 24.3288 11.0895 3
      vertex 23.6727 11.2471 33
      vertex 24.3288 11.0895 33
    endloop
  endfacet
  facet normal 0.233564 0.972342 0
    outer loop
      vertex 23.6727 11.2471 33
      vertex 24.3288 11.0895 3
      vertex 23.6727 11.2471 3
    endloop
  endfacet
  facet normal 0.0783963 0.996922 -0
    outer loop
      vertex 23.6727 11.2471 3
      vertex 23 11.3 33
      vertex 23.6727 11.2471 33
    endloop
  endfacet
  facet normal 0.0783963 0.996922 0
    outer loop
      vertex 23 11.3 33
      vertex 23.6727 11.2471 3
      vertex 23 11.3 3
    endloop
  endfacet
  facet normal 0.522294 -0.852765 0
    outer loop
      vertex 25.4409 3.46819 3
      vertex 25.5275 3.52123 33
      vertex 25.4409 3.46819 33
    endloop
  endfacet
  facet normal 0.522294 -0.852765 0
    outer loop
      vertex 25.5275 3.52123 33
      vertex 25.4409 3.46819 3
      vertex 25.5275 3.52123 3
    endloop
  endfacet
  facet normal -0.996922 -0.0783998 0
    outer loop
      vertex 18.7529 6.32733 3
      vertex 18.7 7 33
      vertex 18.7 7 3
    endloop
  endfacet
  facet normal -0.996922 -0.0783998 0
    outer loop
      vertex 18.7 7 33
      vertex 18.7529 6.32733 3
      vertex 18.7529 6.32733 33
    endloop
  endfacet
  facet normal -0.852678 -0.522438 0
    outer loop
      vertex 19.5212 4.47252 3
      vertex 19.1687 5.04784 33
      vertex 19.1687 5.04784 3
    endloop
  endfacet
  facet normal -0.852678 -0.522438 0
    outer loop
      vertex 19.1687 5.04784 33
      vertex 19.5212 4.47252 3
      vertex 19.5212 4.47252 33
    endloop
  endfacet
  facet normal 0.233564 -0.972342 0
    outer loop
      vertex 23.6727 32.7529 3
      vertex 24.3288 32.9105 33
      vertex 23.6727 32.7529 33
    endloop
  endfacet
  facet normal 0.233564 -0.972342 0
    outer loop
      vertex 24.3288 32.9105 33
      vertex 23.6727 32.7529 3
      vertex 24.3288 32.9105 3
    endloop
  endfacet
  facet normal -0.0783963 -0.996922 0
    outer loop
      vertex 22.3273 32.7529 3
      vertex 23 32.7 33
      vertex 22.3273 32.7529 33
    endloop
  endfacet
  facet normal -0.0783963 -0.996922 -0
    outer loop
      vertex 23 32.7 33
      vertex 22.3273 32.7529 3
      vertex 23 32.7 3
    endloop
  endfacet
  facet normal -0.649423 0.760427 0
    outer loop
      vertex 20.4725 40.4788 3
      vertex 19.9594 40.0406 33
      vertex 20.4725 40.4788 33
    endloop
  endfacet
  facet normal -0.649423 0.760427 0
    outer loop
      vertex 19.9594 40.0406 33
      vertex 20.4725 40.4788 3
      vertex 19.9594 40.0406 3
    endloop
  endfacet
  facet normal -0.382657 -0.92389 0
    outer loop
      vertex 21.0478 33.1687 3
      vertex 21.6712 32.9105 33
      vertex 21.0478 33.1687 33
    endloop
  endfacet
  facet normal -0.382657 -0.92389 -0
    outer loop
      vertex 21.6712 32.9105 33
      vertex 21.0478 33.1687 3
      vertex 21.6712 32.9105 3
    endloop
  endfacet
  facet normal 0.0783963 -0.996922 0
    outer loop
      vertex 23 32.7 3
      vertex 23.6727 32.7529 33
      vertex 23 32.7 33
    endloop
  endfacet
  facet normal 0.0783963 -0.996922 0
    outer loop
      vertex 23.6727 32.7529 33
      vertex 23 32.7 3
      vertex 23.6727 32.7529 3
    endloop
  endfacet
  facet normal 0.649423 -0.760427 0
    outer loop
      vertex 25.5275 33.5212 3
      vertex 26.0406 33.9594 33
      vertex 25.5275 33.5212 33
    endloop
  endfacet
  facet normal 0.649423 -0.760427 0
    outer loop
      vertex 26.0406 33.9594 33
      vertex 25.5275 33.5212 3
      vertex 26.0406 33.9594 3
    endloop
  endfacet
  facet normal -0.92389 -0.382657 0
    outer loop
      vertex 19.1687 35.0478 3
      vertex 18.9105 35.6712 33
      vertex 18.9105 35.6712 3
    endloop
  endfacet
  facet normal -0.92389 -0.382657 0
    outer loop
      vertex 18.9105 35.6712 33
      vertex 19.1687 35.0478 3
      vertex 19.1687 35.0478 33
    endloop
  endfacet
  facet normal -0.996922 0.0783963 0
    outer loop
      vertex 18.7 37 3
      vertex 18.7529 37.6727 33
      vertex 18.7529 37.6727 3
    endloop
  endfacet
  facet normal -0.996922 0.0783963 0
    outer loop
      vertex 18.7529 37.6727 33
      vertex 18.7 37 3
      vertex 18.7 37 33
    endloop
  endfacet
  facet normal 0.923887 -0.382666 0
    outer loop
      vertex 26.8313 35.0478 33
      vertex 27 35.4551 3
      vertex 27 35.4551 33
    endloop
  endfacet
  facet normal 0.923887 -0.382666 0
    outer loop
      vertex 27 35.4551 3
      vertex 26.8313 35.0478 33
      vertex 26.8313 35.0478 3
    endloop
  endfacet
  facet normal -0.92389 0.382657 0
    outer loop
      vertex 18.9105 38.3288 3
      vertex 19.1687 38.9522 33
      vertex 19.1687 38.9522 3
    endloop
  endfacet
  facet normal -0.92389 0.382657 0
    outer loop
      vertex 19.1687 38.9522 33
      vertex 18.9105 38.3288 3
      vertex 18.9105 38.3288 33
    endloop
  endfacet
  facet normal 0.760427 -0.649423 0
    outer loop
      vertex 26.0406 33.9594 33
      vertex 26.4788 34.4725 3
      vertex 26.4788 34.4725 33
    endloop
  endfacet
  facet normal 0.760427 -0.649423 0
    outer loop
      vertex 26.4788 34.4725 3
      vertex 26.0406 33.9594 33
      vertex 26.0406 33.9594 3
    endloop
  endfacet
  facet normal 0.852669 -0.522451 0
    outer loop
      vertex 26.4788 34.4725 33
      vertex 26.8313 35.0478 3
      vertex 26.8313 35.0478 33
    endloop
  endfacet
  facet normal 0.852669 -0.522451 0
    outer loop
      vertex 26.8313 35.0478 3
      vertex 26.4788 34.4725 33
      vertex 26.4788 34.4725 3
    endloop
  endfacet
  facet normal -0.852669 0.522451 0
    outer loop
      vertex 19.1687 38.9522 3
      vertex 19.5212 39.5275 33
      vertex 19.5212 39.5275 3
    endloop
  endfacet
  facet normal -0.852669 0.522451 0
    outer loop
      vertex 19.5212 39.5275 33
      vertex 19.1687 38.9522 3
      vertex 19.1687 38.9522 33
    endloop
  endfacet
  facet normal 0.382657 -0.92389 0
    outer loop
      vertex 24.3288 32.9105 3
      vertex 24.9522 33.1687 33
      vertex 24.3288 32.9105 33
    endloop
  endfacet
  facet normal 0.382657 -0.92389 0
    outer loop
      vertex 24.9522 33.1687 33
      vertex 24.3288 32.9105 3
      vertex 24.9522 33.1687 3
    endloop
  endfacet
  facet normal -0.972342 -0.233564 0
    outer loop
      vertex 18.9105 35.6712 3
      vertex 18.7529 36.3273 33
      vertex 18.7529 36.3273 3
    endloop
  endfacet
  facet normal -0.972342 -0.233564 0
    outer loop
      vertex 18.7529 36.3273 33
      vertex 18.9105 35.6712 3
      vertex 18.9105 35.6712 33
    endloop
  endfacet
  facet normal -0.760427 0.649423 0
    outer loop
      vertex 19.5212 39.5275 3
      vertex 19.9594 40.0406 33
      vertex 19.9594 40.0406 3
    endloop
  endfacet
  facet normal -0.760427 0.649423 0
    outer loop
      vertex 19.9594 40.0406 33
      vertex 19.5212 39.5275 3
      vertex 19.5212 39.5275 33
    endloop
  endfacet
  facet normal -0.522451 0.852669 0
    outer loop
      vertex 21.0478 40.8313 3
      vertex 20.4725 40.4788 33
      vertex 21.0478 40.8313 33
    endloop
  endfacet
  facet normal -0.522451 0.852669 0
    outer loop
      vertex 20.4725 40.4788 33
      vertex 21.0478 40.8313 3
      vertex 20.4725 40.4788 3
    endloop
  endfacet
  facet normal -0.649423 -0.760427 0
    outer loop
      vertex 19.9594 33.9594 3
      vertex 20.4725 33.5212 33
      vertex 19.9594 33.9594 33
    endloop
  endfacet
  facet normal -0.649423 -0.760427 -0
    outer loop
      vertex 20.4725 33.5212 33
      vertex 19.9594 33.9594 3
      vertex 20.4725 33.5212 3
    endloop
  endfacet
  facet normal -0.522451 -0.852669 0
    outer loop
      vertex 20.4725 33.5212 3
      vertex 21.0478 33.1687 33
      vertex 20.4725 33.5212 33
    endloop
  endfacet
  facet normal -0.522451 -0.852669 -0
    outer loop
      vertex 21.0478 33.1687 33
      vertex 20.4725 33.5212 3
      vertex 21.0478 33.1687 3
    endloop
  endfacet
  facet normal 0.760384 0.649474 0
    outer loop
      vertex 26.4788 39.5275 33
      vertex 26.162 39.8984 3
      vertex 26.162 39.8984 33
    endloop
  endfacet
  facet normal 0.760384 0.649474 0
    outer loop
      vertex 26.162 39.8984 3
      vertex 26.4788 39.5275 33
      vertex 26.4788 39.5275 3
    endloop
  endfacet
  facet normal -0.972342 0.233564 0
    outer loop
      vertex 18.7529 37.6727 3
      vertex 18.9105 38.3288 33
      vertex 18.9105 38.3288 3
    endloop
  endfacet
  facet normal -0.972342 0.233564 0
    outer loop
      vertex 18.9105 38.3288 33
      vertex 18.7529 37.6727 3
      vertex 18.7529 37.6727 33
    endloop
  endfacet
  facet normal -0.382666 0.923887 0
    outer loop
      vertex 21.4551 41 3
      vertex 21.0478 40.8313 33
      vertex 21.4551 41 33
    endloop
  endfacet
  facet normal -0.382666 0.923887 0
    outer loop
      vertex 21.0478 40.8313 33
      vertex 21.4551 41 3
      vertex 21.0478 40.8313 3
    endloop
  endfacet
  facet normal 0.852941 0.522008 0
    outer loop
      vertex 26.5318 39.4409 33
      vertex 26.4788 39.5275 3
      vertex 26.4788 39.5275 33
    endloop
  endfacet
  facet normal 0.852941 0.522008 0
    outer loop
      vertex 26.4788 39.5275 3
      vertex 26.5318 39.4409 33
      vertex 26.5318 39.4409 3
    endloop
  endfacet
  facet normal -0.760427 -0.649423 0
    outer loop
      vertex 19.9594 33.9594 3
      vertex 19.5212 34.4725 33
      vertex 19.5212 34.4725 3
    endloop
  endfacet
  facet normal -0.760427 -0.649423 0
    outer loop
      vertex 19.5212 34.4725 33
      vertex 19.9594 33.9594 3
      vertex 19.9594 33.9594 33
    endloop
  endfacet
  facet normal -0.233564 -0.972342 0
    outer loop
      vertex 21.6712 32.9105 3
      vertex 22.3273 32.7529 33
      vertex 21.6712 32.9105 33
    endloop
  endfacet
  facet normal -0.233564 -0.972342 -0
    outer loop
      vertex 22.3273 32.7529 33
      vertex 21.6712 32.9105 3
      vertex 22.3273 32.7529 3
    endloop
  endfacet
  facet normal 0.522451 -0.852669 0
    outer loop
      vertex 24.9522 33.1687 3
      vertex 25.5275 33.5212 33
      vertex 24.9522 33.1687 33
    endloop
  endfacet
  facet normal 0.522451 -0.852669 0
    outer loop
      vertex 25.5275 33.5212 33
      vertex 24.9522 33.1687 3
      vertex 25.5275 33.5212 3
    endloop
  endfacet
  facet normal -0.996922 -0.0783963 0
    outer loop
      vertex 18.7529 36.3273 3
      vertex 18.7 37 33
      vertex 18.7 37 3
    endloop
  endfacet
  facet normal -0.996922 -0.0783963 0
    outer loop
      vertex 18.7 37 33
      vertex 18.7529 36.3273 3
      vertex 18.7529 36.3273 33
    endloop
  endfacet
  facet normal -0.852669 -0.522451 0
    outer loop
      vertex 19.5212 34.4725 3
      vertex 19.1687 35.0478 33
      vertex 19.1687 35.0478 3
    endloop
  endfacet
  facet normal -0.852669 -0.522451 0
    outer loop
      vertex 19.1687 35.0478 33
      vertex 19.5212 34.4725 3
      vertex 19.5212 34.4725 33
    endloop
  endfacet
  facet normal 0.991443 -0.130538 0
    outer loop
      vertex -24.3 7 33
      vertex -24.2557 7.33646 21
      vertex -24.2557 7.33646 33
    endloop
  endfacet
  facet normal 0.991443 -0.130538 0
    outer loop
      vertex -24.2557 7.33646 21
      vertex -24.3 7 33
      vertex -24.3 7 21
    endloop
  endfacet
  facet normal -0.923851 -0.382753 0
    outer loop
      vertex -21.7443 7.33646 21
      vertex -21.8742 7.65 33
      vertex -21.8742 7.65 21
    endloop
  endfacet
  facet normal -0.923851 -0.382753 0
    outer loop
      vertex -21.8742 7.65 33
      vertex -21.7443 7.33646 21
      vertex -21.7443 7.33646 33
    endloop
  endfacet
  facet normal -0.991443 -0.130538 0
    outer loop
      vertex -21.7 7 21
      vertex -21.7443 7.33646 33
      vertex -21.7443 7.33646 21
    endloop
  endfacet
  facet normal -0.991443 -0.130538 0
    outer loop
      vertex -21.7443 7.33646 33
      vertex -21.7 7 21
      vertex -21.7 7 33
    endloop
  endfacet
  facet normal -0.991443 0.130538 0
    outer loop
      vertex -21.7443 6.66354 21
      vertex -21.7 7 33
      vertex -21.7 7 21
    endloop
  endfacet
  facet normal -0.991443 0.130538 0
    outer loop
      vertex -21.7 7 33
      vertex -21.7443 6.66354 21
      vertex -21.7443 6.66354 33
    endloop
  endfacet
  facet normal 0 0 1
    outer loop
      vertex -21.7443 7.33646 21
      vertex -21.7443 6.66354 21
      vertex -21.7 7 21
    endloop
  endfacet
  facet normal 0 0 1
    outer loop
      vertex -21.8742 7.65 21
      vertex -21.7443 6.66354 21
      vertex -21.7443 7.33646 21
    endloop
  endfacet
  facet normal 0 0 1
    outer loop
      vertex -21.8742 7.65 21
      vertex -21.8742 6.35 21
      vertex -21.7443 6.66354 21
    endloop
  endfacet
  facet normal 0 0 1
    outer loop
      vertex -22.0808 7.91924 21
      vertex -21.8742 6.35 21
      vertex -21.8742 7.65 21
    endloop
  endfacet
  facet normal 0 0 1
    outer loop
      vertex -22.0808 7.91924 21
      vertex -22.0808 6.08076 21
      vertex -21.8742 6.35 21
    endloop
  endfacet
  facet normal 0 0 1
    outer loop
      vertex -22.35 8.12583 21
      vertex -22.0808 6.08076 21
      vertex -22.0808 7.91924 21
    endloop
  endfacet
  facet normal 0 0 1
    outer loop
      vertex -22.35 8.12583 21
      vertex -22.35 5.87417 21
      vertex -22.0808 6.08076 21
    endloop
  endfacet
  facet normal 0 0 1
    outer loop
      vertex -22.6635 8.2557 21
      vertex -22.35 5.87417 21
      vertex -22.35 8.12583 21
    endloop
  endfacet
  facet normal 0 0 1
    outer loop
      vertex -22.6635 8.2557 21
      vertex -22.6635 5.7443 21
      vertex -22.35 5.87417 21
    endloop
  endfacet
  facet normal 0 0 1
    outer loop
      vertex -23 8.3 21
      vertex -22.6635 5.7443 21
      vertex -22.6635 8.2557 21
    endloop
  endfacet
  facet normal 0 0 1
    outer loop
      vertex -23 8.3 21
      vertex -23 5.7 21
      vertex -22.6635 5.7443 21
    endloop
  endfacet
  facet normal -0 0 1
    outer loop
      vertex -23.3365 8.2557 21
      vertex -23 5.7 21
      vertex -23 8.3 21
    endloop
  endfacet
  facet normal 0 0 1
    outer loop
      vertex -23.3365 8.2557 21
      vertex -23.3365 5.7443 21
      vertex -23 5.7 21
    endloop
  endfacet
  facet normal -0 0 1
    outer loop
      vertex -23.65 8.12583 21
      vertex -23.3365 5.7443 21
      vertex -23.3365 8.2557 21
    endloop
  endfacet
  facet normal 0 0 1
    outer loop
      vertex -23.65 8.12583 21
      vertex -23.65 5.87417 21
      vertex -23.3365 5.7443 21
    endloop
  endfacet
  facet normal -0 0 1
    outer loop
      vertex -23.9192 7.91924 21
      vertex -23.65 5.87417 21
      vertex -23.65 8.12583 21
    endloop
  endfacet
  facet normal 0 0 1
    outer loop
      vertex -23.9192 7.91924 21
      vertex -23.9192 6.08076 21
      vertex -23.65 5.87417 21
    endloop
  endfacet
  facet normal -0 0 1
    outer loop
      vertex -24.1258 7.65 21
      vertex -23.9192 6.08076 21
      vertex -23.9192 7.91924 21
    endloop
  endfacet
  facet normal 0 0 1
    outer loop
      vertex -24.1258 7.65 21
      vertex -24.1258 6.35 21
      vertex -23.9192 6.08076 21
    endloop
  endfacet
  facet normal -0 0 1
    outer loop
      vertex -24.2557 7.33646 21
      vertex -24.1258 6.35 21
      vertex -24.1258 7.65 21
    endloop
  endfacet
  facet normal 0 0 1
    outer loop
      vertex -24.2557 7.33646 21
      vertex -24.2557 6.66354 21
      vertex -24.1258 6.35 21
    endloop
  endfacet
  facet normal 0 -0 1
    outer loop
      vertex -24.2557 6.66354 21
      vertex -24.2557 7.33646 21
      vertex -24.3 7 21
    endloop
  endfacet
  facet normal 0.991443 0.130538 0
    outer loop
      vertex -24.2557 6.66354 33
      vertex -24.3 7 21
      vertex -24.3 7 33
    endloop
  endfacet
  facet normal 0.991443 0.130538 0
    outer loop
      vertex -24.3 7 21
      vertex -24.2557 6.66354 33
      vertex -24.2557 6.66354 21
    endloop
  endfacet
  facet normal -0.608809 0.793317 0
    outer loop
      vertex -22.0808 6.08076 21
      vertex -22.35 5.87417 33
      vertex -22.0808 6.08076 33
    endloop
  endfacet
  facet normal -0.608809 0.793317 0
    outer loop
      vertex -22.35 5.87417 33
      vertex -22.0808 6.08076 21
      vertex -22.35 5.87417 21
    endloop
  endfacet
  facet normal 0.793346 0.60877 0
    outer loop
      vertex -23.9192 6.08076 33
      vertex -24.1258 6.35 21
      vertex -24.1258 6.35 33
    endloop
  endfacet
  facet normal 0.793346 0.60877 0
    outer loop
      vertex -24.1258 6.35 21
      vertex -23.9192 6.08076 33
      vertex -23.9192 6.08076 21
    endloop
  endfacet
  facet normal 0.382719 0.923865 -0
    outer loop
      vertex -23.3365 5.7443 21
      vertex -23.65 5.87417 33
      vertex -23.3365 5.7443 33
    endloop
  endfacet
  facet normal 0.382719 0.923865 0
    outer loop
      vertex -23.65 5.87417 33
      vertex -23.3365 5.7443 21
      vertex -23.65 5.87417 21
    endloop
  endfacet
  facet normal -0.793346 0.60877 0
    outer loop
      vertex -22.0808 6.08076 21
      vertex -21.8742 6.35 33
      vertex -21.8742 6.35 21
    endloop
  endfacet
  facet normal -0.793346 0.60877 0
    outer loop
      vertex -21.8742 6.35 33
      vertex -22.0808 6.08076 21
      vertex -22.0808 6.08076 33
    endloop
  endfacet
  facet normal -0.923851 0.382753 0
    outer loop
      vertex -21.8742 6.35 21
      vertex -21.7443 6.66354 33
      vertex -21.7443 6.66354 21
    endloop
  endfacet
  facet normal -0.923851 0.382753 0
    outer loop
      vertex -21.7443 6.66354 33
      vertex -21.8742 6.35 21
      vertex -21.8742 6.35 33
    endloop
  endfacet
  facet normal -0.382719 -0.923865 0
    outer loop
      vertex -22.6635 8.2557 21
      vertex -22.35 8.12583 33
      vertex -22.6635 8.2557 33
    endloop
  endfacet
  facet normal -0.382719 -0.923865 -0
    outer loop
      vertex -22.35 8.12583 33
      vertex -22.6635 8.2557 21
      vertex -22.35 8.12583 21
    endloop
  endfacet
  facet normal 0.608809 -0.793317 0
    outer loop
      vertex -23.9192 7.91924 21
      vertex -23.65 8.12583 33
      vertex -23.9192 7.91924 33
    endloop
  endfacet
  facet normal 0.608809 -0.793317 0
    outer loop
      vertex -23.65 8.12583 33
      vertex -23.9192 7.91924 21
      vertex -23.65 8.12583 21
    endloop
  endfacet
  facet normal -0.382719 0.923865 0
    outer loop
      vertex -22.35 5.87417 21
      vertex -22.6635 5.7443 33
      vertex -22.35 5.87417 33
    endloop
  endfacet
  facet normal -0.382719 0.923865 0
    outer loop
      vertex -22.6635 5.7443 33
      vertex -22.35 5.87417 21
      vertex -22.6635 5.7443 21
    endloop
  endfacet
  facet normal -0.130523 -0.991445 0
    outer loop
      vertex -23 8.3 21
      vertex -22.6635 8.2557 33
      vertex -23 8.3 33
    endloop
  endfacet
  facet normal -0.130523 -0.991445 -0
    outer loop
      vertex -22.6635 8.2557 33
      vertex -23 8.3 21
      vertex -22.6635 8.2557 21
    endloop
  endfacet
  facet normal 0.793346 -0.60877 0
    outer loop
      vertex -24.1258 7.65 33
      vertex -23.9192 7.91924 21
      vertex -23.9192 7.91924 33
    endloop
  endfacet
  facet normal 0.793346 -0.60877 0
    outer loop
      vertex -23.9192 7.91924 21
      vertex -24.1258 7.65 33
      vertex -24.1258 7.65 21
    endloop
  endfacet
  facet normal 0.382719 -0.923865 0
    outer loop
      vertex -23.65 8.12583 21
      vertex -23.3365 8.2557 33
      vertex -23.65 8.12583 33
    endloop
  endfacet
  facet normal 0.382719 -0.923865 0
    outer loop
      vertex -23.3365 8.2557 33
      vertex -23.65 8.12583 21
      vertex -23.3365 8.2557 21
    endloop
  endfacet
  facet normal 0.130523 0.991445 -0
    outer loop
      vertex -23 5.7 21
      vertex -23.3365 5.7443 33
      vertex -23 5.7 33
    endloop
  endfacet
  facet normal 0.130523 0.991445 0
    outer loop
      vertex -23.3365 5.7443 33
      vertex -23 5.7 21
      vertex -23.3365 5.7443 21
    endloop
  endfacet
  facet normal 0.923851 0.382753 0
    outer loop
      vertex -24.1258 6.35 33
      vertex -24.2557 6.66354 21
      vertex -24.2557 6.66354 33
    endloop
  endfacet
  facet normal 0.923851 0.382753 0
    outer loop
      vertex -24.2557 6.66354 21
      vertex -24.1258 6.35 33
      vertex -24.1258 6.35 21
    endloop
  endfacet
  facet normal -0.608809 -0.793317 0
    outer loop
      vertex -22.35 8.12583 21
      vertex -22.0808 7.91924 33
      vertex -22.35 8.12583 33
    endloop
  endfacet
  facet normal -0.608809 -0.793317 -0
    outer loop
      vertex -22.0808 7.91924 33
      vertex -22.35 8.12583 21
      vertex -22.0808 7.91924 21
    endloop
  endfacet
  facet normal 0.923851 -0.382753 0
    outer loop
      vertex -24.2557 7.33646 33
      vertex -24.1258 7.65 21
      vertex -24.1258 7.65 33
    endloop
  endfacet
  facet normal 0.923851 -0.382753 0
    outer loop
      vertex -24.1258 7.65 21
      vertex -24.2557 7.33646 33
      vertex -24.2557 7.33646 21
    endloop
  endfacet
  facet normal 0.130523 -0.991445 0
    outer loop
      vertex -23.3365 8.2557 21
      vertex -23 8.3 33
      vertex -23.3365 8.2557 33
    endloop
  endfacet
  facet normal 0.130523 -0.991445 0
    outer loop
      vertex -23 8.3 33
      vertex -23.3365 8.2557 21
      vertex -23 8.3 21
    endloop
  endfacet
  facet normal -0.793346 -0.60877 0
    outer loop
      vertex -21.8742 7.65 21
      vertex -22.0808 7.91924 33
      vertex -22.0808 7.91924 21
    endloop
  endfacet
  facet normal -0.793346 -0.60877 0
    outer loop
      vertex -22.0808 7.91924 33
      vertex -21.8742 7.65 21
      vertex -21.8742 7.65 33
    endloop
  endfacet
  facet normal 0.608809 0.793317 -0
    outer loop
      vertex -23.65 5.87417 21
      vertex -23.9192 6.08076 33
      vertex -23.65 5.87417 33
    endloop
  endfacet
  facet normal 0.608809 0.793317 0
    outer loop
      vertex -23.9192 6.08076 33
      vertex -23.65 5.87417 21
      vertex -23.9192 6.08076 21
    endloop
  endfacet
  facet normal -0.130523 0.991445 0
    outer loop
      vertex -22.6635 5.7443 21
      vertex -23 5.7 33
      vertex -22.6635 5.7443 33
    endloop
  endfacet
  facet normal -0.130523 0.991445 0
    outer loop
      vertex -23 5.7 33
      vertex -22.6635 5.7443 21
      vertex -23 5.7 21
    endloop
  endfacet
  facet normal 0.991445 -0.130523 0
    outer loop
      vertex -24.3 37 33
      vertex -24.2557 37.3365 21
      vertex -24.2557 37.3365 33
    endloop
  endfacet
  facet normal 0.991445 -0.130523 0
    outer loop
      vertex -24.2557 37.3365 21
      vertex -24.3 37 33
      vertex -24.3 37 21
    endloop
  endfacet
  facet normal -0.923834 -0.382794 0
    outer loop
      vertex -21.7443 37.3365 21
      vertex -21.8742 37.65 33
      vertex -21.8742 37.65 21
    endloop
  endfacet
  facet normal -0.923834 -0.382794 0
    outer loop
      vertex -21.8742 37.65 33
      vertex -21.7443 37.3365 21
      vertex -21.7443 37.3365 33
    endloop
  endfacet
  facet normal -0.991445 -0.130523 0
    outer loop
      vertex -21.7 37 21
      vertex -21.7443 37.3365 33
      vertex -21.7443 37.3365 21
    endloop
  endfacet
  facet normal -0.991445 -0.130523 0
    outer loop
      vertex -21.7443 37.3365 33
      vertex -21.7 37 21
      vertex -21.7 37 33
    endloop
  endfacet
  facet normal -0.991445 0.130523 0
    outer loop
      vertex -21.7443 36.6635 21
      vertex -21.7 37 33
      vertex -21.7 37 21
    endloop
  endfacet
  facet normal -0.991445 0.130523 0
    outer loop
      vertex -21.7 37 33
      vertex -21.7443 36.6635 21
      vertex -21.7443 36.6635 33
    endloop
  endfacet
  facet normal 0.991445 0.130523 0
    outer loop
      vertex -24.2557 36.6635 33
      vertex -24.3 37 21
      vertex -24.3 37 33
    endloop
  endfacet
  facet normal 0.991445 0.130523 0
    outer loop
      vertex -24.3 37 21
      vertex -24.2557 36.6635 33
      vertex -24.2557 36.6635 21
    endloop
  endfacet
  facet normal -0.608827 0.793303 0
    outer loop
      vertex -22.0808 36.0808 21
      vertex -22.35 35.8742 33
      vertex -22.0808 36.0808 33
    endloop
  endfacet
  facet normal -0.608827 0.793303 0
    outer loop
      vertex -22.35 35.8742 33
      vertex -22.0808 36.0808 21
      vertex -22.35 35.8742 21
    endloop
  endfacet
  facet normal 0.793303 0.608827 0
    outer loop
      vertex -23.9192 36.0808 33
      vertex -24.1258 36.35 21
      vertex -24.1258 36.35 33
    endloop
  endfacet
  facet normal 0.793303 0.608827 0
    outer loop
      vertex -24.1258 36.35 21
      vertex -23.9192 36.0808 33
      vertex -23.9192 36.0808 21
    endloop
  endfacet
  facet normal 0.382794 0.923834 -0
    outer loop
      vertex -23.3365 35.7443 21
      vertex -23.65 35.8742 33
      vertex -23.3365 35.7443 33
    endloop
  endfacet
  facet normal 0.382794 0.923834 0
    outer loop
      vertex -23.65 35.8742 33
      vertex -23.3365 35.7443 21
      vertex -23.65 35.8742 21
    endloop
  endfacet
  facet normal -0.793303 0.608827 0
    outer loop
      vertex -22.0808 36.0808 21
      vertex -21.8742 36.35 33
      vertex -21.8742 36.35 21
    endloop
  endfacet
  facet normal -0.793303 0.608827 0
    outer loop
      vertex -21.8742 36.35 33
      vertex -22.0808 36.0808 21
      vertex -22.0808 36.0808 33
    endloop
  endfacet
  facet normal -0.923834 0.382794 0
    outer loop
      vertex -21.8742 36.35 21
      vertex -21.7443 36.6635 33
      vertex -21.7443 36.6635 21
    endloop
  endfacet
  facet normal -0.923834 0.382794 0
    outer loop
      vertex -21.7443 36.6635 33
      vertex -21.8742 36.35 21
      vertex -21.8742 36.35 33
    endloop
  endfacet
  facet normal -0.382794 -0.923834 0
    outer loop
      vertex -22.6635 38.2557 21
      vertex -22.35 38.1258 33
      vertex -22.6635 38.2557 33
    endloop
  endfacet
  facet normal -0.382794 -0.923834 -0
    outer loop
      vertex -22.35 38.1258 33
      vertex -22.6635 38.2557 21
      vertex -22.35 38.1258 21
    endloop
  endfacet
  facet normal 0.608827 -0.793303 0
    outer loop
      vertex -23.9192 37.9192 21
      vertex -23.65 38.1258 33
      vertex -23.9192 37.9192 33
    endloop
  endfacet
  facet normal 0.608827 -0.793303 0
    outer loop
      vertex -23.65 38.1258 33
      vertex -23.9192 37.9192 21
      vertex -23.65 38.1258 21
    endloop
  endfacet
  facet normal -0.382794 0.923834 0
    outer loop
      vertex -22.35 35.8742 21
      vertex -22.6635 35.7443 33
      vertex -22.35 35.8742 33
    endloop
  endfacet
  facet normal -0.382794 0.923834 0
    outer loop
      vertex -22.6635 35.7443 33
      vertex -22.35 35.8742 21
      vertex -22.6635 35.7443 21
    endloop
  endfacet
  facet normal -0.130523 -0.991445 0
    outer loop
      vertex -23 38.3 21
      vertex -22.6635 38.2557 33
      vertex -23 38.3 33
    endloop
  endfacet
  facet normal -0.130523 -0.991445 -0
    outer loop
      vertex -22.6635 38.2557 33
      vertex -23 38.3 21
      vertex -22.6635 38.2557 21
    endloop
  endfacet
  facet normal 0.793303 -0.608827 0
    outer loop
      vertex -24.1258 37.65 33
      vertex -23.9192 37.9192 21
      vertex -23.9192 37.9192 33
    endloop
  endfacet
  facet normal 0.793303 -0.608827 0
    outer loop
      vertex -23.9192 37.9192 21
      vertex -24.1258 37.65 33
      vertex -24.1258 37.65 21
    endloop
  endfacet
  facet normal 0.382794 -0.923834 0
    outer loop
      vertex -23.65 38.1258 21
      vertex -23.3365 38.2557 33
      vertex -23.65 38.1258 33
    endloop
  endfacet
  facet normal 0.382794 -0.923834 0
    outer loop
      vertex -23.3365 38.2557 33
      vertex -23.65 38.1258 21
      vertex -23.3365 38.2557 21
    endloop
  endfacet
  facet normal 0.130523 0.991445 -0
    outer loop
      vertex -23 35.7 21
      vertex -23.3365 35.7443 33
      vertex -23 35.7 33
    endloop
  endfacet
  facet normal 0.130523 0.991445 0
    outer loop
      vertex -23.3365 35.7443 33
      vertex -23 35.7 21
      vertex -23.3365 35.7443 21
    endloop
  endfacet
  facet normal 0.923834 0.382794 0
    outer loop
      vertex -24.1258 36.35 33
      vertex -24.2557 36.6635 21
      vertex -24.2557 36.6635 33
    endloop
  endfacet
  facet normal 0.923834 0.382794 0
    outer loop
      vertex -24.2557 36.6635 21
      vertex -24.1258 36.35 33
      vertex -24.1258 36.35 21
    endloop
  endfacet
  facet normal -0.608827 -0.793303 0
    outer loop
      vertex -22.35 38.1258 21
      vertex -22.0808 37.9192 33
      vertex -22.35 38.1258 33
    endloop
  endfacet
  facet normal -0.608827 -0.793303 -0
    outer loop
      vertex -22.0808 37.9192 33
      vertex -22.35 38.1258 21
      vertex -22.0808 37.9192 21
    endloop
  endfacet
  facet normal 0.923834 -0.382794 0
    outer loop
      vertex -24.2557 37.3365 33
      vertex -24.1258 37.65 21
      vertex -24.1258 37.65 33
    endloop
  endfacet
  facet normal 0.923834 -0.382794 0
    outer loop
      vertex -24.1258 37.65 21
      vertex -24.2557 37.3365 33
      vertex -24.2557 37.3365 21
    endloop
  endfacet
  facet normal 0.130523 -0.991445 0
    outer loop
      vertex -23.3365 38.2557 21
      vertex -23 38.3 33
      vertex -23.3365 38.2557 33
    endloop
  endfacet
  facet normal 0.130523 -0.991445 0
    outer loop
      vertex -23 38.3 33
      vertex -23.3365 38.2557 21
      vertex -23 38.3 21
    endloop
  endfacet
  facet normal -0.793303 -0.608827 0
    outer loop
      vertex -21.8742 37.65 21
      vertex -22.0808 37.9192 33
      vertex -22.0808 37.9192 21
    endloop
  endfacet
  facet normal -0.793303 -0.608827 0
    outer loop
      vertex -22.0808 37.9192 33
      vertex -21.8742 37.65 21
      vertex -21.8742 37.65 33
    endloop
  endfacet
  facet normal 0 0 1
    outer loop
      vertex -21.7443 37.3365 21
      vertex -21.7443 36.6635 21
      vertex -21.7 37 21
    endloop
  endfacet
  facet normal 0 0 1
    outer loop
      vertex -21.8742 37.65 21
      vertex -21.7443 36.6635 21
      vertex -21.7443 37.3365 21
    endloop
  endfacet
  facet normal 0 0 1
    outer loop
      vertex -21.8742 37.65 21
      vertex -21.8742 36.35 21
      vertex -21.7443 36.6635 21
    endloop
  endfacet
  facet normal 0 0 1
    outer loop
      vertex -22.0808 37.9192 21
      vertex -21.8742 36.35 21
      vertex -21.8742 37.65 21
    endloop
  endfacet
  facet normal 0 0 1
    outer loop
      vertex -22.0808 37.9192 21
      vertex -22.0808 36.0808 21
      vertex -21.8742 36.35 21
    endloop
  endfacet
  facet normal 0 0 1
    outer loop
      vertex -22.35 38.1258 21
      vertex -22.0808 36.0808 21
      vertex -22.0808 37.9192 21
    endloop
  endfacet
  facet normal 0 0 1
    outer loop
      vertex -22.35 38.1258 21
      vertex -22.35 35.8742 21
      vertex -22.0808 36.0808 21
    endloop
  endfacet
  facet normal 0 0 1
    outer loop
      vertex -22.6635 38.2557 21
      vertex -22.35 35.8742 21
      vertex -22.35 38.1258 21
    endloop
  endfacet
  facet normal 0 0 1
    outer loop
      vertex -22.6635 38.2557 21
      vertex -22.6635 35.7443 21
      vertex -22.35 35.8742 21
    endloop
  endfacet
  facet normal 0 0 1
    outer loop
      vertex -23 38.3 21
      vertex -22.6635 35.7443 21
      vertex -22.6635 38.2557 21
    endloop
  endfacet
  facet normal 0 0 1
    outer loop
      vertex -23 38.3 21
      vertex -23 35.7 21
      vertex -22.6635 35.7443 21
    endloop
  endfacet
  facet normal -0 0 1
    outer loop
      vertex -23.3365 38.2557 21
      vertex -23 35.7 21
      vertex -23 38.3 21
    endloop
  endfacet
  facet normal 0 0 1
    outer loop
      vertex -23.3365 38.2557 21
      vertex -23.3365 35.7443 21
      vertex -23 35.7 21
    endloop
  endfacet
  facet normal -0 0 1
    outer loop
      vertex -23.65 38.1258 21
      vertex -23.3365 35.7443 21
      vertex -23.3365 38.2557 21
    endloop
  endfacet
  facet normal 0 0 1
    outer loop
      vertex -23.65 38.1258 21
      vertex -23.65 35.8742 21
      vertex -23.3365 35.7443 21
    endloop
  endfacet
  facet normal -0 0 1
    outer loop
      vertex -23.9192 37.9192 21
      vertex -23.65 35.8742 21
      vertex -23.65 38.1258 21
    endloop
  endfacet
  facet normal 0 0 1
    outer loop
      vertex -23.9192 37.9192 21
      vertex -23.9192 36.0808 21
      vertex -23.65 35.8742 21
    endloop
  endfacet
  facet normal -0 0 1
    outer loop
      vertex -24.1258 37.65 21
      vertex -23.9192 36.0808 21
      vertex -23.9192 37.9192 21
    endloop
  endfacet
  facet normal 0 0 1
    outer loop
      vertex -24.1258 37.65 21
      vertex -24.1258 36.35 21
      vertex -23.9192 36.0808 21
    endloop
  endfacet
  facet normal -0 0 1
    outer loop
      vertex -24.2557 37.3365 21
      vertex -24.1258 36.35 21
      vertex -24.1258 37.65 21
    endloop
  endfacet
  facet normal 0 0 1
    outer loop
      vertex -24.2557 37.3365 21
      vertex -24.2557 36.6635 21
      vertex -24.1258 36.35 21
    endloop
  endfacet
  facet normal 0 -0 1
    outer loop
      vertex -24.2557 36.6635 21
      vertex -24.2557 37.3365 21
      vertex -24.3 37 21
    endloop
  endfacet
  facet normal 0.608827 0.793303 -0
    outer loop
      vertex -23.65 35.8742 21
      vertex -23.9192 36.0808 33
      vertex -23.65 35.8742 33
    endloop
  endfacet
  facet normal 0.608827 0.793303 0
    outer loop
      vertex -23.9192 36.0808 33
      vertex -23.65 35.8742 21
      vertex -23.9192 36.0808 21
    endloop
  endfacet
  facet normal -0.130523 0.991445 0
    outer loop
      vertex -22.6635 35.7443 21
      vertex -23 35.7 33
      vertex -22.6635 35.7443 33
    endloop
  endfacet
  facet normal -0.130523 0.991445 0
    outer loop
      vertex -23 35.7 33
      vertex -22.6635 35.7443 21
      vertex -23 35.7 21
    endloop
  endfacet
  facet normal 0.991443 -0.130538 0
    outer loop
      vertex 21.7 7 33
      vertex 21.7443 7.33646 21
      vertex 21.7443 7.33646 33
    endloop
  endfacet
  facet normal 0.991443 -0.130538 0
    outer loop
      vertex 21.7443 7.33646 21
      vertex 21.7 7 33
      vertex 21.7 7 21
    endloop
  endfacet
  facet normal -0.923851 -0.382753 0
    outer loop
      vertex 24.2557 7.33646 21
      vertex 24.1258 7.65 33
      vertex 24.1258 7.65 21
    endloop
  endfacet
  facet normal -0.923851 -0.382753 0
    outer loop
      vertex 24.1258 7.65 33
      vertex 24.2557 7.33646 21
      vertex 24.2557 7.33646 33
    endloop
  endfacet
  facet normal -0.991443 -0.130538 0
    outer loop
      vertex 24.3 7 21
      vertex 24.2557 7.33646 33
      vertex 24.2557 7.33646 21
    endloop
  endfacet
  facet normal -0.991443 -0.130538 0
    outer loop
      vertex 24.2557 7.33646 33
      vertex 24.3 7 21
      vertex 24.3 7 33
    endloop
  endfacet
  facet normal -0.991443 0.130538 0
    outer loop
      vertex 24.2557 6.66354 21
      vertex 24.3 7 33
      vertex 24.3 7 21
    endloop
  endfacet
  facet normal -0.991443 0.130538 0
    outer loop
      vertex 24.3 7 33
      vertex 24.2557 6.66354 21
      vertex 24.2557 6.66354 33
    endloop
  endfacet
  facet normal 0.991443 0.130538 0
    outer loop
      vertex 21.7443 6.66354 33
      vertex 21.7 7 21
      vertex 21.7 7 33
    endloop
  endfacet
  facet normal 0.991443 0.130538 0
    outer loop
      vertex 21.7 7 21
      vertex 21.7443 6.66354 33
      vertex 21.7443 6.66354 21
    endloop
  endfacet
  facet normal -0.608809 0.793317 0
    outer loop
      vertex 23.9192 6.08076 21
      vertex 23.65 5.87417 33
      vertex 23.9192 6.08076 33
    endloop
  endfacet
  facet normal -0.608809 0.793317 0
    outer loop
      vertex 23.65 5.87417 33
      vertex 23.9192 6.08076 21
      vertex 23.65 5.87417 21
    endloop
  endfacet
  facet normal 0.793346 0.60877 0
    outer loop
      vertex 22.0808 6.08076 33
      vertex 21.8742 6.35 21
      vertex 21.8742 6.35 33
    endloop
  endfacet
  facet normal 0.793346 0.60877 0
    outer loop
      vertex 21.8742 6.35 21
      vertex 22.0808 6.08076 33
      vertex 22.0808 6.08076 21
    endloop
  endfacet
  facet normal 0.382719 0.923865 -0
    outer loop
      vertex 22.6635 5.7443 21
      vertex 22.35 5.87417 33
      vertex 22.6635 5.7443 33
    endloop
  endfacet
  facet normal 0.382719 0.923865 0
    outer loop
      vertex 22.35 5.87417 33
      vertex 22.6635 5.7443 21
      vertex 22.35 5.87417 21
    endloop
  endfacet
  facet normal -0.793346 0.60877 0
    outer loop
      vertex 23.9192 6.08076 21
      vertex 24.1258 6.35 33
      vertex 24.1258 6.35 21
    endloop
  endfacet
  facet normal -0.793346 0.60877 0
    outer loop
      vertex 24.1258 6.35 33
      vertex 23.9192 6.08076 21
      vertex 23.9192 6.08076 33
    endloop
  endfacet
  facet normal -0.923851 0.382753 0
    outer loop
      vertex 24.1258 6.35 21
      vertex 24.2557 6.66354 33
      vertex 24.2557 6.66354 21
    endloop
  endfacet
  facet normal -0.923851 0.382753 0
    outer loop
      vertex 24.2557 6.66354 33
      vertex 24.1258 6.35 21
      vertex 24.1258 6.35 33
    endloop
  endfacet
  facet normal -0.382719 -0.923865 0
    outer loop
      vertex 23.3365 8.2557 21
      vertex 23.65 8.12583 33
      vertex 23.3365 8.2557 33
    endloop
  endfacet
  facet normal -0.382719 -0.923865 -0
    outer loop
      vertex 23.65 8.12583 33
      vertex 23.3365 8.2557 21
      vertex 23.65 8.12583 21
    endloop
  endfacet
  facet normal 0.608809 -0.793317 0
    outer loop
      vertex 22.0808 7.91924 21
      vertex 22.35 8.12583 33
      vertex 22.0808 7.91924 33
    endloop
  endfacet
  facet normal 0.608809 -0.793317 0
    outer loop
      vertex 22.35 8.12583 33
      vertex 22.0808 7.91924 21
      vertex 22.35 8.12583 21
    endloop
  endfacet
  facet normal -0.382719 0.923865 0
    outer loop
      vertex 23.65 5.87417 21
      vertex 23.3365 5.7443 33
      vertex 23.65 5.87417 33
    endloop
  endfacet
  facet normal -0.382719 0.923865 0
    outer loop
      vertex 23.3365 5.7443 33
      vertex 23.65 5.87417 21
      vertex 23.3365 5.7443 21
    endloop
  endfacet
  facet normal -0.130523 -0.991445 0
    outer loop
      vertex 23 8.3 21
      vertex 23.3365 8.2557 33
      vertex 23 8.3 33
    endloop
  endfacet
  facet normal -0.130523 -0.991445 -0
    outer loop
      vertex 23.3365 8.2557 33
      vertex 23 8.3 21
      vertex 23.3365 8.2557 21
    endloop
  endfacet
  facet normal 0.793346 -0.60877 0
    outer loop
      vertex 21.8742 7.65 33
      vertex 22.0808 7.91924 21
      vertex 22.0808 7.91924 33
    endloop
  endfacet
  facet normal 0.793346 -0.60877 0
    outer loop
      vertex 22.0808 7.91924 21
      vertex 21.8742 7.65 33
      vertex 21.8742 7.65 21
    endloop
  endfacet
  facet normal 0.382719 -0.923865 0
    outer loop
      vertex 22.35 8.12583 21
      vertex 22.6635 8.2557 33
      vertex 22.35 8.12583 33
    endloop
  endfacet
  facet normal 0.382719 -0.923865 0
    outer loop
      vertex 22.6635 8.2557 33
      vertex 22.35 8.12583 21
      vertex 22.6635 8.2557 21
    endloop
  endfacet
  facet normal 0.130523 0.991445 -0
    outer loop
      vertex 23 5.7 21
      vertex 22.6635 5.7443 33
      vertex 23 5.7 33
    endloop
  endfacet
  facet normal 0.130523 0.991445 0
    outer loop
      vertex 22.6635 5.7443 33
      vertex 23 5.7 21
      vertex 22.6635 5.7443 21
    endloop
  endfacet
  facet normal 0.923851 0.382753 0
    outer loop
      vertex 21.8742 6.35 33
      vertex 21.7443 6.66354 21
      vertex 21.7443 6.66354 33
    endloop
  endfacet
  facet normal 0.923851 0.382753 0
    outer loop
      vertex 21.7443 6.66354 21
      vertex 21.8742 6.35 33
      vertex 21.8742 6.35 21
    endloop
  endfacet
  facet normal -0.608809 -0.793317 0
    outer loop
      vertex 23.65 8.12583 21
      vertex 23.9192 7.91924 33
      vertex 23.65 8.12583 33
    endloop
  endfacet
  facet normal -0.608809 -0.793317 -0
    outer loop
      vertex 23.9192 7.91924 33
      vertex 23.65 8.12583 21
      vertex 23.9192 7.91924 21
    endloop
  endfacet
  facet normal 0.923851 -0.382753 0
    outer loop
      vertex 21.7443 7.33646 33
      vertex 21.8742 7.65 21
      vertex 21.8742 7.65 33
    endloop
  endfacet
  facet normal 0.923851 -0.382753 0
    outer loop
      vertex 21.8742 7.65 21
      vertex 21.7443 7.33646 33
      vertex 21.7443 7.33646 21
    endloop
  endfacet
  facet normal 0.130523 -0.991445 0
    outer loop
      vertex 22.6635 8.2557 21
      vertex 23 8.3 33
      vertex 22.6635 8.2557 33
    endloop
  endfacet
  facet normal 0.130523 -0.991445 0
    outer loop
      vertex 23 8.3 33
      vertex 22.6635 8.2557 21
      vertex 23 8.3 21
    endloop
  endfacet
  facet normal -0.793346 -0.60877 0
    outer loop
      vertex 24.1258 7.65 21
      vertex 23.9192 7.91924 33
      vertex 23.9192 7.91924 21
    endloop
  endfacet
  facet normal -0.793346 -0.60877 0
    outer loop
      vertex 23.9192 7.91924 33
      vertex 24.1258 7.65 21
      vertex 24.1258 7.65 33
    endloop
  endfacet
  facet normal 0 0 1
    outer loop
      vertex 24.2557 7.33646 21
      vertex 24.2557 6.66354 21
      vertex 24.3 7 21
    endloop
  endfacet
  facet normal 0 0 1
    outer loop
      vertex 24.1258 7.65 21
      vertex 24.2557 6.66354 21
      vertex 24.2557 7.33646 21
    endloop
  endfacet
  facet normal 0 0 1
    outer loop
      vertex 24.1258 7.65 21
      vertex 24.1258 6.35 21
      vertex 24.2557 6.66354 21
    endloop
  endfacet
  facet normal 0 0 1
    outer loop
      vertex 23.9192 7.91924 21
      vertex 24.1258 6.35 21
      vertex 24.1258 7.65 21
    endloop
  endfacet
  facet normal 0 0 1
    outer loop
      vertex 23.9192 7.91924 21
      vertex 23.9192 6.08076 21
      vertex 24.1258 6.35 21
    endloop
  endfacet
  facet normal 0 0 1
    outer loop
      vertex 23.65 8.12583 21
      vertex 23.9192 6.08076 21
      vertex 23.9192 7.91924 21
    endloop
  endfacet
  facet normal 0 0 1
    outer loop
      vertex 23.65 8.12583 21
      vertex 23.65 5.87417 21
      vertex 23.9192 6.08076 21
    endloop
  endfacet
  facet normal 0 0 1
    outer loop
      vertex 23.3365 8.2557 21
      vertex 23.65 5.87417 21
      vertex 23.65 8.12583 21
    endloop
  endfacet
  facet normal 0 0 1
    outer loop
      vertex 23.3365 8.2557 21
      vertex 23.3365 5.7443 21
      vertex 23.65 5.87417 21
    endloop
  endfacet
  facet normal 0 0 1
    outer loop
      vertex 23 8.3 21
      vertex 23.3365 5.7443 21
      vertex 23.3365 8.2557 21
    endloop
  endfacet
  facet normal 0 0 1
    outer loop
      vertex 23 8.3 21
      vertex 23 5.7 21
      vertex 23.3365 5.7443 21
    endloop
  endfacet
  facet normal -0 0 1
    outer loop
      vertex 22.6635 8.2557 21
      vertex 23 5.7 21
      vertex 23 8.3 21
    endloop
  endfacet
  facet normal 0 0 1
    outer loop
      vertex 22.6635 8.2557 21
      vertex 22.6635 5.7443 21
      vertex 23 5.7 21
    endloop
  endfacet
  facet normal -0 0 1
    outer loop
      vertex 22.35 8.12583 21
      vertex 22.6635 5.7443 21
      vertex 22.6635 8.2557 21
    endloop
  endfacet
  facet normal 0 0 1
    outer loop
      vertex 22.35 8.12583 21
      vertex 22.35 5.87417 21
      vertex 22.6635 5.7443 21
    endloop
  endfacet
  facet normal -0 0 1
    outer loop
      vertex 22.0808 7.91924 21
      vertex 22.35 5.87417 21
      vertex 22.35 8.12583 21
    endloop
  endfacet
  facet normal 0 0 1
    outer loop
      vertex 22.0808 7.91924 21
      vertex 22.0808 6.08076 21
      vertex 22.35 5.87417 21
    endloop
  endfacet
  facet normal -0 0 1
    outer loop
      vertex 21.8742 7.65 21
      vertex 22.0808 6.08076 21
      vertex 22.0808 7.91924 21
    endloop
  endfacet
  facet normal 0 0 1
    outer loop
      vertex 21.8742 7.65 21
      vertex 21.8742 6.35 21
      vertex 22.0808 6.08076 21
    endloop
  endfacet
  facet normal -0 0 1
    outer loop
      vertex 21.7443 7.33646 21
      vertex 21.8742 6.35 21
      vertex 21.8742 7.65 21
    endloop
  endfacet
  facet normal 0 0 1
    outer loop
      vertex 21.7443 7.33646 21
      vertex 21.7443 6.66354 21
      vertex 21.8742 6.35 21
    endloop
  endfacet
  facet normal 0 -0 1
    outer loop
      vertex 21.7443 6.66354 21
      vertex 21.7443 7.33646 21
      vertex 21.7 7 21
    endloop
  endfacet
  facet normal 0.608809 0.793317 -0
    outer loop
      vertex 22.35 5.87417 21
      vertex 22.0808 6.08076 33
      vertex 22.35 5.87417 33
    endloop
  endfacet
  facet normal 0.608809 0.793317 0
    outer loop
      vertex 22.0808 6.08076 33
      vertex 22.35 5.87417 21
      vertex 22.0808 6.08076 21
    endloop
  endfacet
  facet normal -0.130523 0.991445 0
    outer loop
      vertex 23.3365 5.7443 21
      vertex 23 5.7 33
      vertex 23.3365 5.7443 33
    endloop
  endfacet
  facet normal -0.130523 0.991445 0
    outer loop
      vertex 23 5.7 33
      vertex 23.3365 5.7443 21
      vertex 23 5.7 21
    endloop
  endfacet
  facet normal 0.991445 -0.130523 0
    outer loop
      vertex 21.7 37 33
      vertex 21.7443 37.3365 21
      vertex 21.7443 37.3365 33
    endloop
  endfacet
  facet normal 0.991445 -0.130523 0
    outer loop
      vertex 21.7443 37.3365 21
      vertex 21.7 37 33
      vertex 21.7 37 21
    endloop
  endfacet
  facet normal -0.923834 -0.382794 0
    outer loop
      vertex 24.2557 37.3365 21
      vertex 24.1258 37.65 33
      vertex 24.1258 37.65 21
    endloop
  endfacet
  facet normal -0.923834 -0.382794 0
    outer loop
      vertex 24.1258 37.65 33
      vertex 24.2557 37.3365 21
      vertex 24.2557 37.3365 33
    endloop
  endfacet
  facet normal -0.991445 -0.130523 0
    outer loop
      vertex 24.3 37 21
      vertex 24.2557 37.3365 33
      vertex 24.2557 37.3365 21
    endloop
  endfacet
  facet normal -0.991445 -0.130523 0
    outer loop
      vertex 24.2557 37.3365 33
      vertex 24.3 37 21
      vertex 24.3 37 33
    endloop
  endfacet
  facet normal -0.991445 0.130523 0
    outer loop
      vertex 24.2557 36.6635 21
      vertex 24.3 37 33
      vertex 24.3 37 21
    endloop
  endfacet
  facet normal -0.991445 0.130523 0
    outer loop
      vertex 24.3 37 33
      vertex 24.2557 36.6635 21
      vertex 24.2557 36.6635 33
    endloop
  endfacet
  facet normal 0 0 1
    outer loop
      vertex 24.2557 37.3365 21
      vertex 24.2557 36.6635 21
      vertex 24.3 37 21
    endloop
  endfacet
  facet normal 0 0 1
    outer loop
      vertex 24.1258 37.65 21
      vertex 24.2557 36.6635 21
      vertex 24.2557 37.3365 21
    endloop
  endfacet
  facet normal 0 0 1
    outer loop
      vertex 24.1258 37.65 21
      vertex 24.1258 36.35 21
      vertex 24.2557 36.6635 21
    endloop
  endfacet
  facet normal 0 0 1
    outer loop
      vertex 23.9192 37.9192 21
      vertex 24.1258 36.35 21
      vertex 24.1258 37.65 21
    endloop
  endfacet
  facet normal 0 0 1
    outer loop
      vertex 23.9192 37.9192 21
      vertex 23.9192 36.0808 21
      vertex 24.1258 36.35 21
    endloop
  endfacet
  facet normal 0 0 1
    outer loop
      vertex 23.65 38.1258 21
      vertex 23.9192 36.0808 21
      vertex 23.9192 37.9192 21
    endloop
  endfacet
  facet normal 0 0 1
    outer loop
      vertex 23.65 38.1258 21
      vertex 23.65 35.8742 21
      vertex 23.9192 36.0808 21
    endloop
  endfacet
  facet normal 0 0 1
    outer loop
      vertex 23.3365 38.2557 21
      vertex 23.65 35.8742 21
      vertex 23.65 38.1258 21
    endloop
  endfacet
  facet normal 0 0 1
    outer loop
      vertex 23.3365 38.2557 21
      vertex 23.3365 35.7443 21
      vertex 23.65 35.8742 21
    endloop
  endfacet
  facet normal 0 0 1
    outer loop
      vertex 23 38.3 21
      vertex 23.3365 35.7443 21
      vertex 23.3365 38.2557 21
    endloop
  endfacet
  facet normal 0 0 1
    outer loop
      vertex 23 38.3 21
      vertex 23 35.7 21
      vertex 23.3365 35.7443 21
    endloop
  endfacet
  facet normal -0 0 1
    outer loop
      vertex 22.6635 38.2557 21
      vertex 23 35.7 21
      vertex 23 38.3 21
    endloop
  endfacet
  facet normal 0 0 1
    outer loop
      vertex 22.6635 38.2557 21
      vertex 22.6635 35.7443 21
      vertex 23 35.7 21
    endloop
  endfacet
  facet normal -0 0 1
    outer loop
      vertex 22.35 38.1258 21
      vertex 22.6635 35.7443 21
      vertex 22.6635 38.2557 21
    endloop
  endfacet
  facet normal 0 0 1
    outer loop
      vertex 22.35 38.1258 21
      vertex 22.35 35.8742 21
      vertex 22.6635 35.7443 21
    endloop
  endfacet
  facet normal -0 0 1
    outer loop
      vertex 22.0808 37.9192 21
      vertex 22.35 35.8742 21
      vertex 22.35 38.1258 21
    endloop
  endfacet
  facet normal 0 0 1
    outer loop
      vertex 22.0808 37.9192 21
      vertex 22.0808 36.0808 21
      vertex 22.35 35.8742 21
    endloop
  endfacet
  facet normal -0 0 1
    outer loop
      vertex 21.8742 37.65 21
      vertex 22.0808 36.0808 21
      vertex 22.0808 37.9192 21
    endloop
  endfacet
  facet normal 0 0 1
    outer loop
      vertex 21.8742 37.65 21
      vertex 21.8742 36.35 21
      vertex 22.0808 36.0808 21
    endloop
  endfacet
  facet normal -0 0 1
    outer loop
      vertex 21.7443 37.3365 21
      vertex 21.8742 36.35 21
      vertex 21.8742 37.65 21
    endloop
  endfacet
  facet normal 0 0 1
    outer loop
      vertex 21.7443 37.3365 21
      vertex 21.7443 36.6635 21
      vertex 21.8742 36.35 21
    endloop
  endfacet
  facet normal 0 -0 1
    outer loop
      vertex 21.7443 36.6635 21
      vertex 21.7443 37.3365 21
      vertex 21.7 37 21
    endloop
  endfacet
  facet normal 0.991445 0.130523 0
    outer loop
      vertex 21.7443 36.6635 33
      vertex 21.7 37 21
      vertex 21.7 37 33
    endloop
  endfacet
  facet normal 0.991445 0.130523 0
    outer loop
      vertex 21.7 37 21
      vertex 21.7443 36.6635 33
      vertex 21.7443 36.6635 21
    endloop
  endfacet
  facet normal -0.608827 0.793303 0
    outer loop
      vertex 23.9192 36.0808 21
      vertex 23.65 35.8742 33
      vertex 23.9192 36.0808 33
    endloop
  endfacet
  facet normal -0.608827 0.793303 0
    outer loop
      vertex 23.65 35.8742 33
      vertex 23.9192 36.0808 21
      vertex 23.65 35.8742 21
    endloop
  endfacet
  facet normal 0.793303 0.608827 0
    outer loop
      vertex 22.0808 36.0808 33
      vertex 21.8742 36.35 21
      vertex 21.8742 36.35 33
    endloop
  endfacet
  facet normal 0.793303 0.608827 0
    outer loop
      vertex 21.8742 36.35 21
      vertex 22.0808 36.0808 33
      vertex 22.0808 36.0808 21
    endloop
  endfacet
  facet normal 0.382794 0.923834 -0
    outer loop
      vertex 22.6635 35.7443 21
      vertex 22.35 35.8742 33
      vertex 22.6635 35.7443 33
    endloop
  endfacet
  facet normal 0.382794 0.923834 0
    outer loop
      vertex 22.35 35.8742 33
      vertex 22.6635 35.7443 21
      vertex 22.35 35.8742 21
    endloop
  endfacet
  facet normal -0.793303 0.608827 0
    outer loop
      vertex 23.9192 36.0808 21
      vertex 24.1258 36.35 33
      vertex 24.1258 36.35 21
    endloop
  endfacet
  facet normal -0.793303 0.608827 0
    outer loop
      vertex 24.1258 36.35 33
      vertex 23.9192 36.0808 21
      vertex 23.9192 36.0808 33
    endloop
  endfacet
  facet normal -0.923834 0.382794 0
    outer loop
      vertex 24.1258 36.35 21
      vertex 24.2557 36.6635 33
      vertex 24.2557 36.6635 21
    endloop
  endfacet
  facet normal -0.923834 0.382794 0
    outer loop
      vertex 24.2557 36.6635 33
      vertex 24.1258 36.35 21
      vertex 24.1258 36.35 33
    endloop
  endfacet
  facet normal -0.382794 -0.923834 0
    outer loop
      vertex 23.3365 38.2557 21
      vertex 23.65 38.1258 33
      vertex 23.3365 38.2557 33
    endloop
  endfacet
  facet normal -0.382794 -0.923834 -0
    outer loop
      vertex 23.65 38.1258 33
      vertex 23.3365 38.2557 21
      vertex 23.65 38.1258 21
    endloop
  endfacet
  facet normal 0.608827 -0.793303 0
    outer loop
      vertex 22.0808 37.9192 21
      vertex 22.35 38.1258 33
      vertex 22.0808 37.9192 33
    endloop
  endfacet
  facet normal 0.608827 -0.793303 0
    outer loop
      vertex 22.35 38.1258 33
      vertex 22.0808 37.9192 21
      vertex 22.35 38.1258 21
    endloop
  endfacet
  facet normal -0.382794 0.923834 0
    outer loop
      vertex 23.65 35.8742 21
      vertex 23.3365 35.7443 33
      vertex 23.65 35.8742 33
    endloop
  endfacet
  facet normal -0.382794 0.923834 0
    outer loop
      vertex 23.3365 35.7443 33
      vertex 23.65 35.8742 21
      vertex 23.3365 35.7443 21
    endloop
  endfacet
  facet normal -0.130523 -0.991445 0
    outer loop
      vertex 23 38.3 21
      vertex 23.3365 38.2557 33
      vertex 23 38.3 33
    endloop
  endfacet
  facet normal -0.130523 -0.991445 -0
    outer loop
      vertex 23.3365 38.2557 33
      vertex 23 38.3 21
      vertex 23.3365 38.2557 21
    endloop
  endfacet
  facet normal 0.793303 -0.608827 0
    outer loop
      vertex 21.8742 37.65 33
      vertex 22.0808 37.9192 21
      vertex 22.0808 37.9192 33
    endloop
  endfacet
  facet normal 0.793303 -0.608827 0
    outer loop
      vertex 22.0808 37.9192 21
      vertex 21.8742 37.65 33
      vertex 21.8742 37.65 21
    endloop
  endfacet
  facet normal 0.382794 -0.923834 0
    outer loop
      vertex 22.35 38.1258 21
      vertex 22.6635 38.2557 33
      vertex 22.35 38.1258 33
    endloop
  endfacet
  facet normal 0.382794 -0.923834 0
    outer loop
      vertex 22.6635 38.2557 33
      vertex 22.35 38.1258 21
      vertex 22.6635 38.2557 21
    endloop
  endfacet
  facet normal 0.130523 0.991445 -0
    outer loop
      vertex 23 35.7 21
      vertex 22.6635 35.7443 33
      vertex 23 35.7 33
    endloop
  endfacet
  facet normal 0.130523 0.991445 0
    outer loop
      vertex 22.6635 35.7443 33
      vertex 23 35.7 21
      vertex 22.6635 35.7443 21
    endloop
  endfacet
  facet normal 0.923834 0.382794 0
    outer loop
      vertex 21.8742 36.35 33
      vertex 21.7443 36.6635 21
      vertex 21.7443 36.6635 33
    endloop
  endfacet
  facet normal 0.923834 0.382794 0
    outer loop
      vertex 21.7443 36.6635 21
      vertex 21.8742 36.35 33
      vertex 21.8742 36.35 21
    endloop
  endfacet
  facet normal -0.608827 -0.793303 0
    outer loop
      vertex 23.65 38.1258 21
      vertex 23.9192 37.9192 33
      vertex 23.65 38.1258 33
    endloop
  endfacet
  facet normal -0.608827 -0.793303 -0
    outer loop
      vertex 23.9192 37.9192 33
      vertex 23.65 38.1258 21
      vertex 23.9192 37.9192 21
    endloop
  endfacet
  facet normal 0.923834 -0.382794 0
    outer loop
      vertex 21.7443 37.3365 33
      vertex 21.8742 37.65 21
      vertex 21.8742 37.65 33
    endloop
  endfacet
  facet normal 0.923834 -0.382794 0
    outer loop
      vertex 21.8742 37.65 21
      vertex 21.7443 37.3365 33
      vertex 21.7443 37.3365 21
    endloop
  endfacet
  facet normal 0.130523 -0.991445 0
    outer loop
      vertex 22.6635 38.2557 21
      vertex 23 38.3 33
      vertex 22.6635 38.2557 33
    endloop
  endfacet
  facet normal 0.130523 -0.991445 0
    outer loop
      vertex 23 38.3 33
      vertex 22.6635 38.2557 21
      vertex 23 38.3 21
    endloop
  endfacet
  facet normal -0.793303 -0.608827 0
    outer loop
      vertex 24.1258 37.65 21
      vertex 23.9192 37.9192 33
      vertex 23.9192 37.9192 21
    endloop
  endfacet
  facet normal -0.793303 -0.608827 0
    outer loop
      vertex 23.9192 37.9192 33
      vertex 24.1258 37.65 21
      vertex 24.1258 37.65 33
    endloop
  endfacet
  facet normal 0.608827 0.793303 -0
    outer loop
      vertex 22.35 35.8742 21
      vertex 22.0808 36.0808 33
      vertex 22.35 35.8742 33
    endloop
  endfacet
  facet normal 0.608827 0.793303 0
    outer loop
      vertex 22.0808 36.0808 33
      vertex 22.35 35.8742 21
      vertex 22.0808 36.0808 21
    endloop
  endfacet
  facet normal -0.130523 0.991445 0
    outer loop
      vertex 23.3365 35.7443 21
      vertex 23 35.7 33
      vertex 23.3365 35.7443 33
    endloop
  endfacet
  facet normal -0.130523 0.991445 0
    outer loop
      vertex 23 35.7 33
      vertex 23.3365 35.7443 21
      vertex 23 35.7 21
    endloop
  endfacet
  facet normal 0.995192 0 -0.0979451
    outer loop
      vertex -17.7164 0 10.3414
      vertex -17.75 3 10
      vertex -17.7164 3 10.3414
    endloop
  endfacet
  facet normal 0.995192 0 -0.0979451
    outer loop
      vertex -17.75 3 10
      vertex -17.7164 0 10.3414
      vertex -17.75 0 10
    endloop
  endfacet
  facet normal -0.471466 0 0.881884
    outer loop
      vertex -15.3303 3 8.38321
      vertex -15.0278 0 8.54493
      vertex -15.0278 3 8.54493
    endloop
  endfacet
  facet normal -0.471466 0 0.881884
    outer loop
      vertex -15.0278 0 8.54493
      vertex -15.3303 3 8.38321
      vertex -15.3303 0 8.38321
    endloop
  endfacet
  facet normal 0.77293 0 -0.634491
    outer loop
      vertex -17.2374 0 11.2374
      vertex -17.4551 3 10.9722
      vertex -17.2374 3 11.2374
    endloop
  endfacet
  facet normal 0.77293 0 -0.634491
    outer loop
      vertex -17.4551 3 10.9722
      vertex -17.2374 0 11.2374
      vertex -17.4551 0 10.9722
    endloop
  endfacet
  facet normal -0.0980317 0 0.995183
    outer loop
      vertex -16 3 8.25
      vertex -15.6586 0 8.28363
      vertex -15.6586 3 8.28363
    endloop
  endfacet
  facet normal -0.0980317 0 0.995183
    outer loop
      vertex -15.6586 0 8.28363
      vertex -16 3 8.25
      vertex -16 0 8.25
    endloop
  endfacet
  facet normal -0.956929 0 0.290323
    outer loop
      vertex -14.3832 0 9.3303
      vertex -14.2836 3 9.65859
      vertex -14.3832 3 9.3303
    endloop
  endfacet
  facet normal -0.956929 0 0.290323
    outer loop
      vertex -14.2836 3 9.65859
      vertex -14.3832 0 9.3303
      vertex -14.2836 0 9.65859
    endloop
  endfacet
  facet normal -0.995192 0 -0.0979451
    outer loop
      vertex -14.25 0 10
      vertex -14.2836 3 10.3414
      vertex -14.25 3 10
    endloop
  endfacet
  facet normal -0.995192 -0 -0.0979451
    outer loop
      vertex -14.2836 3 10.3414
      vertex -14.25 0 10
      vertex -14.2836 0 10.3414
    endloop
  endfacet
  facet normal 0.707107 0 -0.707107
    outer loop
      vertex -17.2374 0 11.2374
      vertex -16 3 12.4748
      vertex -16 0 12.4748
    endloop
  endfacet
  facet normal 0.707107 0 -0.707107
    outer loop
      vertex -16 3 12.4748
      vertex -17.2374 0 11.2374
      vertex -17.2374 3 11.2374
    endloop
  endfacet
  facet normal -0.995192 0 0.0979422
    outer loop
      vertex -14.2836 0 9.65859
      vertex -14.25 3 10
      vertex -14.2836 3 9.65859
    endloop
  endfacet
  facet normal -0.995192 0 0.0979422
    outer loop
      vertex -14.25 3 10
      vertex -14.2836 0 9.65859
      vertex -14.25 0 10
    endloop
  endfacet
  facet normal 0.956931 0 -0.290315
    outer loop
      vertex -17.6168 0 10.6697
      vertex -17.7164 3 10.3414
      vertex -17.6168 3 10.6697
    endloop
  endfacet
  facet normal 0.956931 0 -0.290315
    outer loop
      vertex -17.7164 3 10.3414
      vertex -17.6168 0 10.6697
      vertex -17.7164 0 10.3414
    endloop
  endfacet
  facet normal -0.290261 0 0.956947
    outer loop
      vertex -15.6586 3 8.28363
      vertex -15.3303 0 8.38321
      vertex -15.3303 3 8.38321
    endloop
  endfacet
  facet normal -0.290261 0 0.956947
    outer loop
      vertex -15.3303 0 8.38321
      vertex -15.6586 3 8.28363
      vertex -15.6586 0 8.28363
    endloop
  endfacet
  facet normal -0.956931 0 -0.290315
    outer loop
      vertex -14.2836 0 10.3414
      vertex -14.3832 3 10.6697
      vertex -14.2836 3 10.3414
    endloop
  endfacet
  facet normal -0.956931 -0 -0.290315
    outer loop
      vertex -14.3832 3 10.6697
      vertex -14.2836 0 10.3414
      vertex -14.3832 0 10.6697
    endloop
  endfacet
  facet normal -0.707107 0 -0.707107
    outer loop
      vertex -16 0 12.4748
      vertex -14.7626 3 11.2374
      vertex -14.7626 0 11.2374
    endloop
  endfacet
  facet normal -0.707107 0 -0.707107
    outer loop
      vertex -14.7626 3 11.2374
      vertex -16 0 12.4748
      vertex -16 3 12.4748
    endloop
  endfacet
  facet normal -0.881941 0 0.47136
    outer loop
      vertex -14.5449 0 9.02775
      vertex -14.3832 3 9.3303
      vertex -14.5449 3 9.02775
    endloop
  endfacet
  facet normal -0.881941 0 0.47136
    outer loop
      vertex -14.3832 3 9.3303
      vertex -14.5449 0 9.02775
      vertex -14.3832 0 9.3303
    endloop
  endfacet
  facet normal -0.77293 0 -0.634491
    outer loop
      vertex -14.5449 0 10.9722
      vertex -14.7626 3 11.2374
      vertex -14.5449 3 10.9722
    endloop
  endfacet
  facet normal -0.77293 -0 -0.634491
    outer loop
      vertex -14.7626 3 11.2374
      vertex -14.5449 0 10.9722
      vertex -14.7626 0 11.2374
    endloop
  endfacet
  facet normal 0.881909 0 -0.47142
    outer loop
      vertex -17.4551 0 10.9722
      vertex -17.6168 3 10.6697
      vertex -17.4551 3 10.9722
    endloop
  endfacet
  facet normal 0.881909 0 -0.47142
    outer loop
      vertex -17.6168 3 10.6697
      vertex -17.4551 0 10.9722
      vertex -17.6168 0 10.6697
    endloop
  endfacet
  facet normal -0.634369 0 0.77303
    outer loop
      vertex -15.0278 3 8.54493
      vertex -14.7626 0 8.76256
      vertex -14.7626 3 8.76256
    endloop
  endfacet
  facet normal -0.634369 0 0.77303
    outer loop
      vertex -14.7626 0 8.76256
      vertex -15.0278 3 8.54493
      vertex -15.0278 0 8.54493
    endloop
  endfacet
  facet normal -0.881909 0 -0.47142
    outer loop
      vertex -14.3832 0 10.6697
      vertex -14.5449 3 10.9722
      vertex -14.3832 3 10.6697
    endloop
  endfacet
  facet normal -0.881909 -0 -0.47142
    outer loop
      vertex -14.5449 3 10.9722
      vertex -14.3832 0 10.6697
      vertex -14.5449 0 10.9722
    endloop
  endfacet
  facet normal -0.772919 0 0.634505
    outer loop
      vertex -14.7626 0 8.76256
      vertex -14.5449 3 9.02775
      vertex -14.7626 3 8.76256
    endloop
  endfacet
  facet normal -0.772919 0 0.634505
    outer loop
      vertex -14.5449 3 9.02775
      vertex -14.7626 0 8.76256
      vertex -14.5449 0 9.02775
    endloop
  endfacet
  facet normal 0.0980317 0 0.995183
    outer loop
      vertex -16.3414 3 8.28363
      vertex -16 0 8.25
      vertex -16 3 8.25
    endloop
  endfacet
  facet normal 0.0980317 0 0.995183
    outer loop
      vertex -16 0 8.25
      vertex -16.3414 3 8.28363
      vertex -16.3414 0 8.28363
    endloop
  endfacet
  facet normal 0.772919 -0 0.634505
    outer loop
      vertex -17.4551 0 9.02775
      vertex -17.2374 3 8.76256
      vertex -17.4551 3 9.02775
    endloop
  endfacet
  facet normal 0.772919 0 0.634505
    outer loop
      vertex -17.2374 3 8.76256
      vertex -17.4551 0 9.02775
      vertex -17.2374 0 8.76256
    endloop
  endfacet
  facet normal 0.634369 0 0.77303
    outer loop
      vertex -17.2374 3 8.76256
      vertex -16.9722 0 8.54493
      vertex -16.9722 3 8.54493
    endloop
  endfacet
  facet normal 0.634369 0 0.77303
    outer loop
      vertex -16.9722 0 8.54493
      vertex -17.2374 3 8.76256
      vertex -17.2374 0 8.76256
    endloop
  endfacet
  facet normal 0.290261 0 0.956947
    outer loop
      vertex -16.6697 3 8.38321
      vertex -16.3414 0 8.28363
      vertex -16.3414 3 8.28363
    endloop
  endfacet
  facet normal 0.290261 0 0.956947
    outer loop
      vertex -16.3414 0 8.28363
      vertex -16.6697 3 8.38321
      vertex -16.6697 0 8.38321
    endloop
  endfacet
  facet normal 0.471466 0 0.881884
    outer loop
      vertex -16.9722 3 8.54493
      vertex -16.6697 0 8.38321
      vertex -16.6697 3 8.38321
    endloop
  endfacet
  facet normal 0.471466 0 0.881884
    outer loop
      vertex -16.6697 0 8.38321
      vertex -16.9722 3 8.54493
      vertex -16.9722 0 8.54493
    endloop
  endfacet
  facet normal 0.881941 -0 0.47136
    outer loop
      vertex -17.6168 0 9.3303
      vertex -17.4551 3 9.02775
      vertex -17.6168 3 9.3303
    endloop
  endfacet
  facet normal 0.881941 0 0.47136
    outer loop
      vertex -17.4551 3 9.02775
      vertex -17.6168 0 9.3303
      vertex -17.4551 0 9.02775
    endloop
  endfacet
  facet normal 0.956929 -0 0.290323
    outer loop
      vertex -17.7164 0 9.65859
      vertex -17.6168 3 9.3303
      vertex -17.7164 3 9.65859
    endloop
  endfacet
  facet normal 0.956929 0 0.290323
    outer loop
      vertex -17.6168 3 9.3303
      vertex -17.7164 0 9.65859
      vertex -17.6168 0 9.3303
    endloop
  endfacet
  facet normal 0.995192 -0 0.0979422
    outer loop
      vertex -17.75 0 10
      vertex -17.7164 3 9.65859
      vertex -17.75 3 10
    endloop
  endfacet
  facet normal 0.995192 0 0.0979422
    outer loop
      vertex -17.7164 3 9.65859
      vertex -17.75 0 10
      vertex -17.7164 0 9.65859
    endloop
  endfacet
  facet normal 0.772919 -0 0.634505
    outer loop
      vertex 14.5449 0 9.02775
      vertex 14.7626 3 8.76256
      vertex 14.5449 3 9.02775
    endloop
  endfacet
  facet normal 0.772919 0 0.634505
    outer loop
      vertex 14.7626 3 8.76256
      vertex 14.5449 0 9.02775
      vertex 14.7626 0 8.76256
    endloop
  endfacet
  facet normal 0.995192 0 -0.0979451
    outer loop
      vertex 14.2836 0 10.3414
      vertex 14.25 3 10
      vertex 14.2836 3 10.3414
    endloop
  endfacet
  facet normal 0.995192 0 -0.0979451
    outer loop
      vertex 14.25 3 10
      vertex 14.2836 0 10.3414
      vertex 14.25 0 10
    endloop
  endfacet
  facet normal 0.881941 -0 0.47136
    outer loop
      vertex 14.3832 0 9.3303
      vertex 14.5449 3 9.02775
      vertex 14.3832 3 9.3303
    endloop
  endfacet
  facet normal 0.881941 0 0.47136
    outer loop
      vertex 14.5449 3 9.02775
      vertex 14.3832 0 9.3303
      vertex 14.5449 0 9.02775
    endloop
  endfacet
  facet normal 0.707107 0 -0.707107
    outer loop
      vertex 14.7626 0 11.2374
      vertex 16 3 12.4748
      vertex 16 0 12.4748
    endloop
  endfacet
  facet normal 0.707107 0 -0.707107
    outer loop
      vertex 16 3 12.4748
      vertex 14.7626 0 11.2374
      vertex 14.7626 3 11.2374
    endloop
  endfacet
  facet normal -0.634369 0 0.77303
    outer loop
      vertex 16.9722 3 8.54493
      vertex 17.2374 0 8.76256
      vertex 17.2374 3 8.76256
    endloop
  endfacet
  facet normal -0.634369 0 0.77303
    outer loop
      vertex 17.2374 0 8.76256
      vertex 16.9722 3 8.54493
      vertex 16.9722 0 8.54493
    endloop
  endfacet
  facet normal -0.881909 0 -0.47142
    outer loop
      vertex 17.6168 0 10.6697
      vertex 17.4551 3 10.9722
      vertex 17.6168 3 10.6697
    endloop
  endfacet
  facet normal -0.881909 -0 -0.47142
    outer loop
      vertex 17.4551 3 10.9722
      vertex 17.6168 0 10.6697
      vertex 17.4551 0 10.9722
    endloop
  endfacet
  facet normal 0.634369 0 0.77303
    outer loop
      vertex 14.7626 3 8.76256
      vertex 15.0278 0 8.54493
      vertex 15.0278 3 8.54493
    endloop
  endfacet
  facet normal 0.634369 0 0.77303
    outer loop
      vertex 15.0278 0 8.54493
      vertex 14.7626 3 8.76256
      vertex 14.7626 0 8.76256
    endloop
  endfacet
  facet normal -0.707107 0 -0.707107
    outer loop
      vertex 16 0 12.4748
      vertex 17.2374 3 11.2374
      vertex 17.2374 0 11.2374
    endloop
  endfacet
  facet normal -0.707107 0 -0.707107
    outer loop
      vertex 17.2374 3 11.2374
      vertex 16 0 12.4748
      vertex 16 3 12.4748
    endloop
  endfacet
  facet normal -0.77293 0 -0.634491
    outer loop
      vertex 17.4551 0 10.9722
      vertex 17.2374 3 11.2374
      vertex 17.4551 3 10.9722
    endloop
  endfacet
  facet normal -0.77293 -0 -0.634491
    outer loop
      vertex 17.2374 3 11.2374
      vertex 17.4551 0 10.9722
      vertex 17.2374 0 11.2374
    endloop
  endfacet
  facet normal -0.956931 0 -0.290315
    outer loop
      vertex 17.7164 0 10.3414
      vertex 17.6168 3 10.6697
      vertex 17.7164 3 10.3414
    endloop
  endfacet
  facet normal -0.956931 -0 -0.290315
    outer loop
      vertex 17.6168 3 10.6697
      vertex 17.7164 0 10.3414
      vertex 17.6168 0 10.6697
    endloop
  endfacet
  facet normal -0.881941 0 0.47136
    outer loop
      vertex 17.4551 0 9.02775
      vertex 17.6168 3 9.3303
      vertex 17.4551 3 9.02775
    endloop
  endfacet
  facet normal -0.881941 0 0.47136
    outer loop
      vertex 17.6168 3 9.3303
      vertex 17.4551 0 9.02775
      vertex 17.6168 0 9.3303
    endloop
  endfacet
  facet normal 0.956931 0 -0.290315
    outer loop
      vertex 14.3832 0 10.6697
      vertex 14.2836 3 10.3414
      vertex 14.3832 3 10.6697
    endloop
  endfacet
  facet normal 0.956931 0 -0.290315
    outer loop
      vertex 14.2836 3 10.3414
      vertex 14.3832 0 10.6697
      vertex 14.2836 0 10.3414
    endloop
  endfacet
  facet normal -0.995192 0 -0.0979451
    outer loop
      vertex 17.75 0 10
      vertex 17.7164 3 10.3414
      vertex 17.75 3 10
    endloop
  endfacet
  facet normal -0.995192 -0 -0.0979451
    outer loop
      vertex 17.7164 3 10.3414
      vertex 17.75 0 10
      vertex 17.7164 0 10.3414
    endloop
  endfacet
  facet normal 0.471466 0 0.881884
    outer loop
      vertex 15.0278 3 8.54493
      vertex 15.3303 0 8.38321
      vertex 15.3303 3 8.38321
    endloop
  endfacet
  facet normal 0.471466 0 0.881884
    outer loop
      vertex 15.3303 0 8.38321
      vertex 15.0278 3 8.54493
      vertex 15.0278 0 8.54493
    endloop
  endfacet
  facet normal 0.77293 0 -0.634491
    outer loop
      vertex 14.7626 0 11.2374
      vertex 14.5449 3 10.9722
      vertex 14.7626 3 11.2374
    endloop
  endfacet
  facet normal 0.77293 0 -0.634491
    outer loop
      vertex 14.5449 3 10.9722
      vertex 14.7626 0 11.2374
      vertex 14.5449 0 10.9722
    endloop
  endfacet
  facet normal 0.881909 0 -0.47142
    outer loop
      vertex 14.5449 0 10.9722
      vertex 14.3832 3 10.6697
      vertex 14.5449 3 10.9722
    endloop
  endfacet
  facet normal 0.881909 0 -0.47142
    outer loop
      vertex 14.3832 3 10.6697
      vertex 14.5449 0 10.9722
      vertex 14.3832 0 10.6697
    endloop
  endfacet
  facet normal -0.772919 0 0.634505
    outer loop
      vertex 17.2374 0 8.76256
      vertex 17.4551 3 9.02775
      vertex 17.2374 3 8.76256
    endloop
  endfacet
  facet normal -0.772919 0 0.634505
    outer loop
      vertex 17.4551 3 9.02775
      vertex 17.2374 0 8.76256
      vertex 17.4551 0 9.02775
    endloop
  endfacet
  facet normal 0.995192 -0 0.0979422
    outer loop
      vertex 14.25 0 10
      vertex 14.2836 3 9.65859
      vertex 14.25 3 10
    endloop
  endfacet
  facet normal 0.995192 0 0.0979422
    outer loop
      vertex 14.2836 3 9.65859
      vertex 14.25 0 10
      vertex 14.2836 0 9.65859
    endloop
  endfacet
  facet normal -0.471466 0 0.881884
    outer loop
      vertex 16.6697 3 8.38321
      vertex 16.9722 0 8.54493
      vertex 16.9722 3 8.54493
    endloop
  endfacet
  facet normal -0.471466 0 0.881884
    outer loop
      vertex 16.9722 0 8.54493
      vertex 16.6697 3 8.38321
      vertex 16.6697 0 8.38321
    endloop
  endfacet
  facet normal -0.290261 0 0.956947
    outer loop
      vertex 16.3414 3 8.28363
      vertex 16.6697 0 8.38321
      vertex 16.6697 3 8.38321
    endloop
  endfacet
  facet normal -0.290261 0 0.956947
    outer loop
      vertex 16.6697 0 8.38321
      vertex 16.3414 3 8.28363
      vertex 16.3414 0 8.28363
    endloop
  endfacet
  facet normal 0.290261 0 0.956947
    outer loop
      vertex 15.3303 3 8.38321
      vertex 15.6586 0 8.28363
      vertex 15.6586 3 8.28363
    endloop
  endfacet
  facet normal 0.290261 0 0.956947
    outer loop
      vertex 15.6586 0 8.28363
      vertex 15.3303 3 8.38321
      vertex 15.3303 0 8.38321
    endloop
  endfacet
  facet normal 0.0980317 0 0.995183
    outer loop
      vertex 15.6586 3 8.28363
      vertex 16 0 8.25
      vertex 16 3 8.25
    endloop
  endfacet
  facet normal 0.0980317 0 0.995183
    outer loop
      vertex 16 0 8.25
      vertex 15.6586 3 8.28363
      vertex 15.6586 0 8.28363
    endloop
  endfacet
  facet normal -0.956929 0 0.290323
    outer loop
      vertex 17.6168 0 9.3303
      vertex 17.7164 3 9.65859
      vertex 17.6168 3 9.3303
    endloop
  endfacet
  facet normal -0.956929 0 0.290323
    outer loop
      vertex 17.7164 3 9.65859
      vertex 17.6168 0 9.3303
      vertex 17.7164 0 9.65859
    endloop
  endfacet
  facet normal -0.0980317 0 0.995183
    outer loop
      vertex 16 3 8.25
      vertex 16.3414 0 8.28363
      vertex 16.3414 3 8.28363
    endloop
  endfacet
  facet normal -0.0980317 0 0.995183
    outer loop
      vertex 16.3414 0 8.28363
      vertex 16 3 8.25
      vertex 16 0 8.25
    endloop
  endfacet
  facet normal 0.956929 -0 0.290323
    outer loop
      vertex 14.2836 0 9.65859
      vertex 14.3832 3 9.3303
      vertex 14.2836 3 9.65859
    endloop
  endfacet
  facet normal 0.956929 0 0.290323
    outer loop
      vertex 14.3832 3 9.3303
      vertex 14.2836 0 9.65859
      vertex 14.3832 0 9.3303
    endloop
  endfacet
  facet normal -0.995192 0 0.0979422
    outer loop
      vertex 17.7164 0 9.65859
      vertex 17.75 3 10
      vertex 17.7164 3 9.65859
    endloop
  endfacet
  facet normal -0.995192 0 0.0979422
    outer loop
      vertex 17.75 3 10
      vertex 17.7164 0 9.65859
      vertex 17.75 0 10
    endloop
  endfacet
  facet normal -1 0 0
    outer loop
      vertex 9 0 3
      vertex 9 3 9
      vertex 9 3 3
    endloop
  endfacet
  facet normal -1 -0 0
    outer loop
      vertex 9 3 9
      vertex 9 0 3
      vertex 9 0 9
    endloop
  endfacet
  facet normal 0.707107 0 -0.707107
    outer loop
      vertex -3 0 15
      vertex -9 3 9
      vertex -3 3 15
    endloop
  endfacet
  facet normal 0.707107 0 -0.707107
    outer loop
      vertex -9 3 9
      vertex -3 0 15
      vertex -9 0 9
    endloop
  endfacet
  facet normal 0 0 -1
    outer loop
      vertex -3 0 15
      vertex 3 3 15
      vertex 3 0 15
    endloop
  endfacet
  facet normal -0 0 -1
    outer loop
      vertex 3 3 15
      vertex -3 0 15
      vertex -3 3 15
    endloop
  endfacet
  facet normal -0.707107 0 -0.707107
    outer loop
      vertex 9 0 9
      vertex 3 3 15
      vertex 9 3 9
    endloop
  endfacet
  facet normal -0.707107 -0 -0.707107
    outer loop
      vertex 3 3 15
      vertex 9 0 9
      vertex 3 0 15
    endloop
  endfacet
  facet normal 1 -0 0
    outer loop
      vertex -9 0 9
      vertex -9 3 3
      vertex -9 3 9
    endloop
  endfacet
  facet normal 1 0 0
    outer loop
      vertex -9 3 3
      vertex -9 0 9
      vertex -9 0 3
    endloop
  endfacet
  facet normal -0.923861 0.382728 0
    outer loop
      vertex 47.455 4.73005 3
      vertex 47.6704 5.25 4.99
      vertex 47.6704 5.25 3
    endloop
  endfacet
  facet normal -0.923861 0.382728 0
    outer loop
      vertex 47.6704 5.25 4.99
      vertex 47.455 4.73005 3
      vertex 47.455 4.73005 4.99
    endloop
  endfacet
  facet normal -0.760371 0.649489 0
    outer loop
      vertex 46.5355 3.46447 3
      vertex 47.0451 4.06107 4.99
      vertex 47.0451 4.06107 3
    endloop
  endfacet
  facet normal -0.760371 0.649489 0
    outer loop
      vertex 47.0451 4.06107 4.99
      vertex 46.5355 3.46447 3
      vertex 46.5355 3.46447 4.99
    endloop
  endfacet
  facet normal -0.852669 0.522451 0
    outer loop
      vertex 47.0451 4.06107 3
      vertex 47.455 4.73005 4.99
      vertex 47.455 4.73005 3
    endloop
  endfacet
  facet normal -0.852669 0.522451 0
    outer loop
      vertex 47.455 4.73005 4.99
      vertex 47.0451 4.06107 3
      vertex 47.0451 4.06107 4.99
    endloop
  endfacet
  facet normal 0.649489 -0.760371 0
    outer loop
      vertex 39.4645 10.5355 3
      vertex 40.0611 11.0451 4.99
      vertex 39.4645 10.5355 4.99
    endloop
  endfacet
  facet normal 0.649489 -0.760371 0
    outer loop
      vertex 40.0611 11.0451 4.99
      vertex 39.4645 10.5355 3
      vertex 40.0611 11.0451 3
    endloop
  endfacet
  facet normal 0.760346 -0.649519 0
    outer loop
      vertex 39.25 10.2844 4.99
      vertex 39.4645 10.5355 3
      vertex 39.4645 10.5355 4.99
    endloop
  endfacet
  facet normal 0.760346 -0.649519 0
    outer loop
      vertex 39.4645 10.5355 3
      vertex 39.25 10.2844 4.99
      vertex 39.25 10.2844 3
    endloop
  endfacet
  facet normal -0.649466 0.760391 0
    outer loop
      vertex 46.5355 3.46447 3
      vertex 46.2844 3.25 4.99
      vertex 46.5355 3.46447 4.99
    endloop
  endfacet
  facet normal -0.649466 0.760391 0
    outer loop
      vertex 46.2844 3.25 4.99
      vertex 46.5355 3.46447 3
      vertex 46.2844 3.25 3
    endloop
  endfacet
  facet normal 0.382697 -0.923874 0
    outer loop
      vertex 40.73 11.455 3
      vertex 41.25 11.6704 4.99
      vertex 40.73 11.455 4.99
    endloop
  endfacet
  facet normal 0.382697 -0.923874 0
    outer loop
      vertex 41.25 11.6704 4.99
      vertex 40.73 11.455 3
      vertex 41.25 11.6704 3
    endloop
  endfacet
  facet normal 0.522496 -0.852642 0
    outer loop
      vertex 40.0611 11.0451 3
      vertex 40.73 11.455 4.99
      vertex 40.0611 11.0451 4.99
    endloop
  endfacet
  facet normal 0.522496 -0.852642 0
    outer loop
      vertex 40.73 11.455 4.99
      vertex 40.0611 11.0451 3
      vertex 40.73 11.455 3
    endloop
  endfacet
  facet normal -0.923874 -0.382697 0
    outer loop
      vertex 47.6704 38.75 3
      vertex 47.455 39.27 4.99
      vertex 47.455 39.27 3
    endloop
  endfacet
  facet normal -0.923874 -0.382697 0
    outer loop
      vertex 47.455 39.27 4.99
      vertex 47.6704 38.75 3
      vertex 47.6704 38.75 4.99
    endloop
  endfacet
  facet normal -0.852642 -0.522496 0
    outer loop
      vertex 47.455 39.27 3
      vertex 47.0451 39.9389 4.99
      vertex 47.0451 39.9389 3
    endloop
  endfacet
  facet normal -0.852642 -0.522496 0
    outer loop
      vertex 47.0451 39.9389 4.99
      vertex 47.455 39.27 3
      vertex 47.455 39.27 4.99
    endloop
  endfacet
  facet normal 0.760346 0.649519 0
    outer loop
      vertex 39.4645 33.4645 4.99
      vertex 39.25 33.7156 3
      vertex 39.25 33.7156 4.99
    endloop
  endfacet
  facet normal 0.760346 0.649519 0
    outer loop
      vertex 39.25 33.7156 3
      vertex 39.4645 33.4645 4.99
      vertex 39.4645 33.4645 3
    endloop
  endfacet
  facet normal 0.382697 0.923874 -0
    outer loop
      vertex 41.25 32.3296 3
      vertex 40.73 32.545 4.99
      vertex 41.25 32.3296 4.99
    endloop
  endfacet
  facet normal 0.382697 0.923874 0
    outer loop
      vertex 40.73 32.545 4.99
      vertex 41.25 32.3296 3
      vertex 40.73 32.545 3
    endloop
  endfacet
  facet normal -0.760371 -0.649489 0
    outer loop
      vertex 47.0451 39.9389 3
      vertex 46.5355 40.5355 4.99
      vertex 46.5355 40.5355 3
    endloop
  endfacet
  facet normal -0.760371 -0.649489 0
    outer loop
      vertex 46.5355 40.5355 4.99
      vertex 47.0451 39.9389 3
      vertex 47.0451 39.9389 4.99
    endloop
  endfacet
  facet normal -0.649519 -0.760346 0
    outer loop
      vertex 46.2844 40.75 3
      vertex 46.5355 40.5355 4.99
      vertex 46.2844 40.75 4.99
    endloop
  endfacet
  facet normal -0.649519 -0.760346 -0
    outer loop
      vertex 46.5355 40.5355 4.99
      vertex 46.2844 40.75 3
      vertex 46.5355 40.5355 3
    endloop
  endfacet
  facet normal 0.649489 0.760371 -0
    outer loop
      vertex 40.0611 32.9549 3
      vertex 39.4645 33.4645 4.99
      vertex 40.0611 32.9549 4.99
    endloop
  endfacet
  facet normal 0.649489 0.760371 0
    outer loop
      vertex 39.4645 33.4645 4.99
      vertex 40.0611 32.9549 3
      vertex 39.4645 33.4645 3
    endloop
  endfacet
  facet normal 0.522496 0.852642 -0
    outer loop
      vertex 40.73 32.545 3
      vertex 40.0611 32.9549 4.99
      vertex 40.73 32.545 4.99
    endloop
  endfacet
  facet normal 0.522496 0.852642 0
    outer loop
      vertex 40.0611 32.9549 4.99
      vertex 40.73 32.545 3
      vertex 40.0611 32.9549 3
    endloop
  endfacet
  facet normal -0.760346 -0.649519 0
    outer loop
      vertex 92.75 10.2844 3
      vertex 92.5355 10.5355 4.99
      vertex 92.5355 10.5355 3
    endloop
  endfacet
  facet normal -0.760346 -0.649519 0
    outer loop
      vertex 92.5355 10.5355 4.99
      vertex 92.75 10.2844 3
      vertex 92.75 10.2844 4.99
    endloop
  endfacet
  facet normal -0.649489 -0.760371 0
    outer loop
      vertex 91.9389 11.0451 3
      vertex 92.5355 10.5355 4.99
      vertex 91.9389 11.0451 4.99
    endloop
  endfacet
  facet normal -0.649489 -0.760371 -0
    outer loop
      vertex 92.5355 10.5355 4.99
      vertex 91.9389 11.0451 3
      vertex 92.5355 10.5355 3
    endloop
  endfacet
  facet normal 0.852669 0.522451 0
    outer loop
      vertex 84.9549 4.06107 4.99
      vertex 84.545 4.73005 3
      vertex 84.545 4.73005 4.99
    endloop
  endfacet
  facet normal 0.852669 0.522451 0
    outer loop
      vertex 84.545 4.73005 3
      vertex 84.9549 4.06107 4.99
      vertex 84.9549 4.06107 3
    endloop
  endfacet
  facet normal -0.382697 -0.923874 0
    outer loop
      vertex 90.75 11.6704 3
      vertex 91.27 11.455 4.99
      vertex 90.75 11.6704 4.99
    endloop
  endfacet
  facet normal -0.382697 -0.923874 -0
    outer loop
      vertex 91.27 11.455 4.99
      vertex 90.75 11.6704 3
      vertex 91.27 11.455 3
    endloop
  endfacet
  facet normal -0.522496 -0.852642 0
    outer loop
      vertex 91.27 11.455 3
      vertex 91.9389 11.0451 4.99
      vertex 91.27 11.455 4.99
    endloop
  endfacet
  facet normal -0.522496 -0.852642 -0
    outer loop
      vertex 91.9389 11.0451 4.99
      vertex 91.27 11.455 3
      vertex 91.9389 11.0451 3
    endloop
  endfacet
  facet normal 0.760371 0.649489 0
    outer loop
      vertex 85.4645 3.46447 4.99
      vertex 84.9549 4.06107 3
      vertex 84.9549 4.06107 4.99
    endloop
  endfacet
  facet normal 0.760371 0.649489 0
    outer loop
      vertex 84.9549 4.06107 3
      vertex 85.4645 3.46447 4.99
      vertex 85.4645 3.46447 3
    endloop
  endfacet
  facet normal 0.649466 0.760391 -0
    outer loop
      vertex 85.7156 3.25 3
      vertex 85.4645 3.46447 4.99
      vertex 85.7156 3.25 4.99
    endloop
  endfacet
  facet normal 0.649466 0.760391 0
    outer loop
      vertex 85.4645 3.46447 4.99
      vertex 85.7156 3.25 3
      vertex 85.4645 3.46447 3
    endloop
  endfacet
  facet normal 0.923861 0.382728 0
    outer loop
      vertex 84.545 4.73005 4.99
      vertex 84.3296 5.25 3
      vertex 84.3296 5.25 4.99
    endloop
  endfacet
  facet normal 0.923861 0.382728 0
    outer loop
      vertex 84.3296 5.25 3
      vertex 84.545 4.73005 4.99
      vertex 84.545 4.73005 3
    endloop
  endfacet
  facet normal 0.923874 -0.382697 0
    outer loop
      vertex 84.3296 38.75 4.99
      vertex 84.545 39.27 3
      vertex 84.545 39.27 4.99
    endloop
  endfacet
  facet normal 0.923874 -0.382697 0
    outer loop
      vertex 84.545 39.27 3
      vertex 84.3296 38.75 4.99
      vertex 84.3296 38.75 3
    endloop
  endfacet
  facet normal 0.649519 -0.760346 0
    outer loop
      vertex 85.4645 40.5355 3
      vertex 85.7156 40.75 4.99
      vertex 85.4645 40.5355 4.99
    endloop
  endfacet
  facet normal 0.649519 -0.760346 0
    outer loop
      vertex 85.7156 40.75 4.99
      vertex 85.4645 40.5355 3
      vertex 85.7156 40.75 3
    endloop
  endfacet
  facet normal 0.852642 -0.522496 0
    outer loop
      vertex 84.545 39.27 4.99
      vertex 84.9549 39.9389 3
      vertex 84.9549 39.9389 4.99
    endloop
  endfacet
  facet normal 0.852642 -0.522496 0
    outer loop
      vertex 84.9549 39.9389 3
      vertex 84.545 39.27 4.99
      vertex 84.545 39.27 3
    endloop
  endfacet
  facet normal 0.760371 -0.649489 0
    outer loop
      vertex 84.9549 39.9389 4.99
      vertex 85.4645 40.5355 3
      vertex 85.4645 40.5355 4.99
    endloop
  endfacet
  facet normal 0.760371 -0.649489 0
    outer loop
      vertex 85.4645 40.5355 3
      vertex 84.9549 39.9389 4.99
      vertex 84.9549 39.9389 3
    endloop
  endfacet
  facet normal -0.522496 0.852642 0
    outer loop
      vertex 91.9389 32.9549 3
      vertex 91.27 32.545 4.99
      vertex 91.9389 32.9549 4.99
    endloop
  endfacet
  facet normal -0.522496 0.852642 0
    outer loop
      vertex 91.27 32.545 4.99
      vertex 91.9389 32.9549 3
      vertex 91.27 32.545 3
    endloop
  endfacet
  facet normal -0.760346 0.649519 0
    outer loop
      vertex 92.5355 33.4645 3
      vertex 92.75 33.7156 4.99
      vertex 92.75 33.7156 3
    endloop
  endfacet
  facet normal -0.760346 0.649519 0
    outer loop
      vertex 92.75 33.7156 4.99
      vertex 92.5355 33.4645 3
      vertex 92.5355 33.4645 4.99
    endloop
  endfacet
  facet normal -0.649489 0.760371 0
    outer loop
      vertex 92.5355 33.4645 3
      vertex 91.9389 32.9549 4.99
      vertex 92.5355 33.4645 4.99
    endloop
  endfacet
  facet normal -0.649489 0.760371 0
    outer loop
      vertex 91.9389 32.9549 4.99
      vertex 92.5355 33.4645 3
      vertex 91.9389 32.9549 3
    endloop
  endfacet
  facet normal -0.382697 0.923874 0
    outer loop
      vertex 91.27 32.545 3
      vertex 90.75 32.3296 4.99
      vertex 91.27 32.545 4.99
    endloop
  endfacet
  facet normal -0.382697 0.923874 0
    outer loop
      vertex 90.75 32.3296 4.99
      vertex 91.27 32.545 3
      vertex 90.75 32.3296 3
    endloop
  endfacet
  facet normal 0 1 -0
    outer loop
      vertex 85.7156 40.75 3
      vertex 46.2844 40.75 4.99
      vertex 85.7156 40.75 4.99
    endloop
  endfacet
  facet normal 0 1 0
    outer loop
      vertex 46.2844 40.75 4.99
      vertex 85.7156 40.75 3
      vertex 46.2844 40.75 3
    endloop
  endfacet
  facet normal 0 -1 0
    outer loop
      vertex 46.2844 3.25 3
      vertex 85.7156 3.25 4.99
      vertex 46.2844 3.25 4.99
    endloop
  endfacet
  facet normal 0 -1 -0
    outer loop
      vertex 85.7156 3.25 4.99
      vertex 46.2844 3.25 3
      vertex 85.7156 3.25 3
    endloop
  endfacet
  facet normal -1 0 0
    outer loop
      vertex 39.25 10.2844 3
      vertex 39.25 33.7156 4.99
      vertex 39.25 33.7156 3
    endloop
  endfacet
  facet normal -1 -0 0
    outer loop
      vertex 39.25 33.7156 4.99
      vertex 39.25 10.2844 3
      vertex 39.25 10.2844 4.99
    endloop
  endfacet
  facet normal 1 -0 0
    outer loop
      vertex 92.75 10.2844 4.99
      vertex 92.75 33.7156 3
      vertex 92.75 33.7156 4.99
    endloop
  endfacet
  facet normal 1 0 0
    outer loop
      vertex 92.75 33.7156 3
      vertex 92.75 10.2844 4.99
      vertex 92.75 10.2844 3
    endloop
  endfacet
  facet normal 0 0 1
    outer loop
      vertex 40.73 32.545 4.99
      vertex 41.25 11.6704 4.99
      vertex 41.25 32.3296 4.99
    endloop
  endfacet
  facet normal 0 0 1
    outer loop
      vertex 40.73 32.545 4.99
      vertex 40.73 11.455 4.99
      vertex 41.25 11.6704 4.99
    endloop
  endfacet
  facet normal 0 0 1
    outer loop
      vertex 40.0611 32.9549 4.99
      vertex 40.73 11.455 4.99
      vertex 40.73 32.545 4.99
    endloop
  endfacet
  facet normal 0 0 1
    outer loop
      vertex 40.0611 32.9549 4.99
      vertex 40.0611 11.0451 4.99
      vertex 40.73 11.455 4.99
    endloop
  endfacet
  facet normal 0 0 1
    outer loop
      vertex 39.4645 33.4645 4.99
      vertex 40.0611 11.0451 4.99
      vertex 40.0611 32.9549 4.99
    endloop
  endfacet
  facet normal 0 0 1
    outer loop
      vertex 39.4645 33.4645 4.99
      vertex 39.4645 10.5355 4.99
      vertex 40.0611 11.0451 4.99
    endloop
  endfacet
  facet normal 0 0 1
    outer loop
      vertex 39.25 33.7156 4.99
      vertex 39.4645 10.5355 4.99
      vertex 39.4645 33.4645 4.99
    endloop
  endfacet
  facet normal 0 0 1
    outer loop
      vertex 39.4645 10.5355 4.99
      vertex 39.25 33.7156 4.99
      vertex 39.25 10.2844 4.99
    endloop
  endfacet
  facet normal -0 0 1
    outer loop
      vertex 47.6704 5.25 4.99
      vertex 84.545 4.73005 4.99
      vertex 84.3296 5.25 4.99
    endloop
  endfacet
  facet normal 0 0 1
    outer loop
      vertex 47.455 4.73005 4.99
      vertex 84.545 4.73005 4.99
      vertex 47.6704 5.25 4.99
    endloop
  endfacet
  facet normal 0 0 1
    outer loop
      vertex 84.545 4.73005 4.99
      vertex 47.455 4.73005 4.99
      vertex 84.9549 4.06107 4.99
    endloop
  endfacet
  facet normal 0 0 1
    outer loop
      vertex 47.0451 4.06107 4.99
      vertex 84.9549 4.06107 4.99
      vertex 47.455 4.73005 4.99
    endloop
  endfacet
  facet normal 0 0 1
    outer loop
      vertex 84.9549 4.06107 4.99
      vertex 47.0451 4.06107 4.99
      vertex 85.4645 3.46447 4.99
    endloop
  endfacet
  facet normal 0 0 1
    outer loop
      vertex 46.5355 3.46447 4.99
      vertex 85.4645 3.46447 4.99
      vertex 47.0451 4.06107 4.99
    endloop
  endfacet
  facet normal 0 0 1
    outer loop
      vertex 85.4645 3.46447 4.99
      vertex 46.5355 3.46447 4.99
      vertex 85.7156 3.25 4.99
    endloop
  endfacet
  facet normal 0 0 1
    outer loop
      vertex 85.7156 3.25 4.99
      vertex 46.5355 3.46447 4.99
      vertex 46.2844 3.25 4.99
    endloop
  endfacet
  facet normal 0 0 1
    outer loop
      vertex 84.545 39.27 4.99
      vertex 47.6704 38.75 4.99
      vertex 84.3296 38.75 4.99
    endloop
  endfacet
  facet normal 0 0 1
    outer loop
      vertex 47.455 39.27 4.99
      vertex 84.545 39.27 4.99
      vertex 84.9549 39.9389 4.99
    endloop
  endfacet
  facet normal 0 0 1
    outer loop
      vertex 47.0451 39.9389 4.99
      vertex 84.9549 39.9389 4.99
      vertex 85.4645 40.5355 4.99
    endloop
  endfacet
  facet normal 0 0 1
    outer loop
      vertex 46.5355 40.5355 4.99
      vertex 85.4645 40.5355 4.99
      vertex 85.7156 40.75 4.99
    endloop
  endfacet
  facet normal 0 0 1
    outer loop
      vertex 84.545 39.27 4.99
      vertex 47.455 39.27 4.99
      vertex 47.6704 38.75 4.99
    endloop
  endfacet
  facet normal 0 0 1
    outer loop
      vertex 84.9549 39.9389 4.99
      vertex 47.0451 39.9389 4.99
      vertex 47.455 39.27 4.99
    endloop
  endfacet
  facet normal 0 0 1
    outer loop
      vertex 85.4645 40.5355 4.99
      vertex 46.5355 40.5355 4.99
      vertex 47.0451 39.9389 4.99
    endloop
  endfacet
  facet normal 0 -0 1
    outer loop
      vertex 46.5355 40.5355 4.99
      vertex 85.7156 40.75 4.99
      vertex 46.2844 40.75 4.99
    endloop
  endfacet
  facet normal -0 0 1
    outer loop
      vertex 92.5355 33.4645 4.99
      vertex 92.75 10.2844 4.99
      vertex 92.75 33.7156 4.99
    endloop
  endfacet
  facet normal 0 0 1
    outer loop
      vertex 92.5355 33.4645 4.99
      vertex 92.5355 10.5355 4.99
      vertex 92.75 10.2844 4.99
    endloop
  endfacet
  facet normal -0 0 1
    outer loop
      vertex 91.9389 32.9549 4.99
      vertex 92.5355 10.5355 4.99
      vertex 92.5355 33.4645 4.99
    endloop
  endfacet
  facet normal 0 0 1
    outer loop
      vertex 91.9389 32.9549 4.99
      vertex 91.9389 11.0451 4.99
      vertex 92.5355 10.5355 4.99
    endloop
  endfacet
  facet normal -0 0 1
    outer loop
      vertex 91.27 32.545 4.99
      vertex 91.9389 11.0451 4.99
      vertex 91.9389 32.9549 4.99
    endloop
  endfacet
  facet normal 0 0 1
    outer loop
      vertex 91.27 32.545 4.99
      vertex 91.27 11.455 4.99
      vertex 91.9389 11.0451 4.99
    endloop
  endfacet
  facet normal -0 0 1
    outer loop
      vertex 90.75 32.3296 4.99
      vertex 91.27 11.455 4.99
      vertex 91.27 32.545 4.99
    endloop
  endfacet
  facet normal 0 0 1
    outer loop
      vertex 91.27 11.455 4.99
      vertex 90.75 32.3296 4.99
      vertex 90.75 11.6704 4.99
    endloop
  endfacet
  facet normal -1 0 0
    outer loop
      vertex 90.75 11.6704 3
      vertex 90.75 32.3296 4.99
      vertex 90.75 32.3296 3
    endloop
  endfacet
  facet normal -1 -0 0
    outer loop
      vertex 90.75 32.3296 4.99
      vertex 90.75 11.6704 3
      vertex 90.75 11.6704 4.99
    endloop
  endfacet
  facet normal 0 1 -0
    outer loop
      vertex 84.3296 5.25 3
      vertex 47.6704 5.25 4.99
      vertex 84.3296 5.25 4.99
    endloop
  endfacet
  facet normal 0 1 0
    outer loop
      vertex 47.6704 5.25 4.99
      vertex 84.3296 5.25 3
      vertex 47.6704 5.25 3
    endloop
  endfacet
  facet normal 0 -1 0
    outer loop
      vertex 47.6704 38.75 3
      vertex 84.3296 38.75 4.99
      vertex 47.6704 38.75 4.99
    endloop
  endfacet
  facet normal 0 -1 -0
    outer loop
      vertex 84.3296 38.75 4.99
      vertex 47.6704 38.75 3
      vertex 84.3296 38.75 3
    endloop
  endfacet
  facet normal 1 -0 0
    outer loop
      vertex 41.25 11.6704 4.99
      vertex 41.25 32.3296 3
      vertex 41.25 32.3296 4.99
    endloop
  endfacet
  facet normal 1 0 0
    outer loop
      vertex 41.25 32.3296 3
      vertex 41.25 11.6704 4.99
      vertex 41.25 11.6704 3
    endloop
  endfacet
  facet normal -0.290125 0.924379 -0.24769
    outer loop
      vertex 57.5433 13.628 3
      vertex 58.0123 16.9438 14.8252
      vertex 58.0123 13.7752 3
    endloop
  endfacet
  facet normal -0.290235 0.924348 -0.247677
    outer loop
      vertex 58.0123 16.9438 14.8252
      vertex 57.5433 13.628 3
      vertex 57.5433 16.8064 14.862
    endloop
  endfacet
  facet normal -0.0981563 0.961262 -0.257567
    outer loop
      vertex 58.0123 13.7752 3
      vertex 58.5 16.9902 14.8128
      vertex 58.5 13.825 3
    endloop
  endfacet
  facet normal -0.0980051 0.961275 -0.257577
    outer loop
      vertex 58.5 16.9902 14.8128
      vertex 58.0123 13.7752 3
      vertex 58.0123 16.9438 14.8252
    endloop
  endfacet
  facet normal -0.47145 0.851843 -0.22825
    outer loop
      vertex 57.1111 13.3888 3
      vertex 57.5433 16.8064 14.862
      vertex 57.5433 13.628 3
    endloop
  endfacet
  facet normal -0.471486 0.851825 -0.228243
    outer loop
      vertex 57.5433 16.8064 14.862
      vertex 57.1111 13.3888 3
      vertex 57.1111 16.5832 14.9218
    endloop
  endfacet
  facet normal 0.881951 0.45528 -0.121993
    outer loop
      vertex 60.8097 15.4995 15.2122
      vertex 60.5787 12.6747 3
      vertex 60.5787 15.917 15.1003
    endloop
  endfacet
  facet normal 0.881958 0.455268 -0.12199
    outer loop
      vertex 60.5787 12.6747 3
      vertex 60.8097 15.4995 15.2122
      vertex 60.8097 12.2272 3
    endloop
  endfacet
  facet normal -0.772981 0.612812 -0.164202
    outer loop
      vertex 56.7322 13.0669 3
      vertex 56.4213 15.917 15.1003
      vertex 56.7322 16.2829 15.0023
    endloop
  endfacet
  facet normal -0.773013 0.612773 -0.164194
    outer loop
      vertex 56.4213 15.917 15.1003
      vertex 56.7322 13.0669 3
      vertex 56.4213 12.6747 3
    endloop
  endfacet
  facet normal -0.634365 0.746694 -0.200074
    outer loop
      vertex 56.7322 13.0669 3
      vertex 57.1111 16.5832 14.9218
      vertex 57.1111 13.3888 3
    endloop
  endfacet
  facet normal -0.634329 0.746722 -0.200083
    outer loop
      vertex 57.1111 16.5832 14.9218
      vertex 56.7322 13.0669 3
      vertex 56.7322 16.2829 15.0023
    endloop
  endfacet
  facet normal 0.471333 -0.851903 0.228268
    outer loop
      vertex 59.4567 8.8456 3
      vertex 59.8889 12.5675 15.9978
      vertex 59.4567 12.3444 16.0576
    endloop
  endfacet
  facet normal 0.47142 -0.851859 0.228253
    outer loop
      vertex 59.8889 12.5675 15.9978
      vertex 59.4567 8.8456 3
      vertex 59.8889 9.08478 3
    endloop
  endfacet
  facet normal -0.0980195 -0.961274 0.257576
    outer loop
      vertex 58.5 8.64859 3
      vertex 58.0123 12.207 16.0944
      vertex 58.0123 8.69832 3
    endloop
  endfacet
  facet normal -0.0980574 -0.96127 0.257574
    outer loop
      vertex 58.0123 12.207 16.0944
      vertex 58.5 8.64859 3
      vertex 58.5 12.1606 16.1069
    endloop
  endfacet
  facet normal -0 0.25876 0.965942
    outer loop
      vertex 59.35 14.5754 15.4598
      vertex 61 14.5754 15.4598
      vertex 60.952 15.0465 15.3336
    endloop
  endfacet
  facet normal -3.45769e-05 0.258847 0.965918
    outer loop
      vertex 59.3084 14.8291 15.3918
      vertex 60.952 15.0465 15.3336
      vertex 60.8097 15.4995 15.2122
    endloop
  endfacet
  facet normal 0 0.258951 0.96589
    outer loop
      vertex 61 14.5754 15.4598
      vertex 59.35 14.5754 15.4598
      vertex 60.952 14.1043 15.5861
    endloop
  endfacet
  facet normal -4.29539e-05 0.258864 0.965914
    outer loop
      vertex 59.3084 14.8291 15.3918
      vertex 60.8097 15.4995 15.2122
      vertex 60.5787 15.917 15.1003
    endloop
  endfacet
  facet normal -1.7027e-05 0.258897 0.965905
    outer loop
      vertex 59.3084 14.3217 15.5278
      vertex 60.952 14.1043 15.5861
      vertex 59.35 14.5754 15.4598
    endloop
  endfacet
  facet normal 5.99707e-05 0.258762 0.965941
    outer loop
      vertex 59.1877 15.058 15.3305
      vertex 60.5787 15.917 15.1003
      vertex 60.2678 16.2829 15.0023
    endloop
  endfacet
  facet normal -4.89281e-05 0.258672 0.965965
    outer loop
      vertex 60.952 14.1043 15.5861
      vertex 59.3084 14.3217 15.5278
      vertex 60.8097 13.6513 15.7074
    endloop
  endfacet
  facet normal -6.44653e-05 0.258848 0.965918
    outer loop
      vertex 58.9996 15.2396 15.2818
      vertex 60.2678 16.2829 15.0023
      vertex 59.8889 16.5832 14.9218
    endloop
  endfacet
  facet normal 4.29539e-05 0.258864 0.965914
    outer loop
      vertex 60.8097 13.6513 15.7074
      vertex 59.3084 14.3217 15.5278
      vertex 60.5787 13.2338 15.8193
    endloop
  endfacet
  facet normal 5.85115e-06 0.258804 0.96593
    outer loop
      vertex 58.9996 15.2396 15.2818
      vertex 59.8889 16.5832 14.9218
      vertex 59.4567 16.8064 14.862
    endloop
  endfacet
  facet normal -8.25706e-05 0.258727 0.96595
    outer loop
      vertex 59.1877 14.0928 15.5891
      vertex 60.5787 13.2338 15.8193
      vertex 59.3084 14.3217 15.5278
    endloop
  endfacet
  facet normal 1.82935e-05 0.25888 0.96591
    outer loop
      vertex 60.5787 13.2338 15.8193
      vertex 59.1877 14.0928 15.5891
      vertex 60.2678 12.8678 15.9174
    endloop
  endfacet
  facet normal -4.04932e-05 0.258888 0.965907
    outer loop
      vertex 60.952 15.0465 15.3336
      vertex 59.3084 14.8291 15.3918
      vertex 59.35 14.5754 15.4598
    endloop
  endfacet
  facet normal 8.25706e-05 0.258727 0.96595
    outer loop
      vertex 60.5787 15.917 15.1003
      vertex 59.1877 15.058 15.3305
      vertex 59.3084 14.8291 15.3918
    endloop
  endfacet
  facet normal -0.000116642 0.258907 0.965902
    outer loop
      vertex 60.2678 16.2829 15.0023
      vertex 58.9996 15.2396 15.2818
      vertex 59.1877 15.058 15.3305
    endloop
  endfacet
  facet normal 3.27332e-05 0.258817 0.965926
    outer loop
      vertex 58.7627 15.3562 15.2506
      vertex 59.4567 16.8064 14.862
      vertex 58.9877 16.9438 14.8252
    endloop
  endfacet
  facet normal 0.000146823 0.258766 0.96594
    outer loop
      vertex 59.4567 16.8064 14.862
      vertex 58.7627 15.3562 15.2506
      vertex 58.9996 15.2396 15.2818
    endloop
  endfacet
  facet normal 6.17366e-05 0.258787 0.965935
    outer loop
      vertex 58.5 15.3964 15.2398
      vertex 58.9877 16.9438 14.8252
      vertex 58.5 16.9902 14.8128
    endloop
  endfacet
  facet normal -0.000102008 0.258835 0.965922
    outer loop
      vertex 58.9877 16.9438 14.8252
      vertex 58.5 15.3964 15.2398
      vertex 58.7627 15.3562 15.2506
    endloop
  endfacet
  facet normal -6.17366e-05 0.258787 0.965935
    outer loop
      vertex 58.0123 16.9438 14.8252
      vertex 58.5 15.3964 15.2398
      vertex 58.5 16.9902 14.8128
    endloop
  endfacet
  facet normal 0.000102008 0.258835 0.965922
    outer loop
      vertex 58.5 15.3964 15.2398
      vertex 58.0123 16.9438 14.8252
      vertex 58.2373 15.3562 15.2506
    endloop
  endfacet
  facet normal -3.27332e-05 0.258817 0.965926
    outer loop
      vertex 57.5433 16.8064 14.862
      vertex 58.2373 15.3562 15.2506
      vertex 58.0123 16.9438 14.8252
    endloop
  endfacet
  facet normal -0.000146823 0.258766 0.96594
    outer loop
      vertex 58.2373 15.3562 15.2506
      vertex 57.5433 16.8064 14.862
      vertex 58.0004 15.2396 15.2818
    endloop
  endfacet
  facet normal -5.85115e-06 0.258804 0.96593
    outer loop
      vertex 57.1111 16.5832 14.9218
      vertex 58.0004 15.2396 15.2818
      vertex 57.5433 16.8064 14.862
    endloop
  endfacet
  facet normal 6.44653e-05 0.258848 0.965918
    outer loop
      vertex 56.7322 16.2829 15.0023
      vertex 58.0004 15.2396 15.2818
      vertex 57.1111 16.5832 14.9218
    endloop
  endfacet
  facet normal 0.000116642 0.258907 0.965902
    outer loop
      vertex 58.0004 15.2396 15.2818
      vertex 56.7322 16.2829 15.0023
      vertex 57.8123 15.058 15.3305
    endloop
  endfacet
  facet normal 1.22019e-05 0.258875 0.965911
    outer loop
      vertex 58.9996 13.9111 15.6378
      vertex 60.2678 12.8678 15.9174
      vertex 59.1877 14.0928 15.5891
    endloop
  endfacet
  facet normal -0.000102749 0.258745 0.965946
    outer loop
      vertex 60.2678 12.8678 15.9174
      vertex 58.9996 13.9111 15.6378
      vertex 59.8889 12.5675 15.9978
    endloop
  endfacet
  facet normal 3.87804e-05 0.258832 0.965922
    outer loop
      vertex 59.8889 12.5675 15.9978
      vertex 58.9996 13.9111 15.6378
      vertex 59.4567 12.3444 16.0576
    endloop
  endfacet
  facet normal 0.000202604 0.258876 0.96591
    outer loop
      vertex 58.7627 13.7945 15.6691
      vertex 59.4567 12.3444 16.0576
      vertex 58.9996 13.9111 15.6378
    endloop
  endfacet
  facet normal -2.02043e-05 0.258777 0.965937
    outer loop
      vertex 59.4567 12.3444 16.0576
      vertex 58.7627 13.7945 15.6691
      vertex 58.9877 12.207 16.0944
    endloop
  endfacet
  facet normal -0.000251211 0.258746 0.965945
    outer loop
      vertex 58.5 13.7543 15.6798
      vertex 58.9877 12.207 16.0944
      vertex 58.7627 13.7945 15.6691
    endloop
  endfacet
  facet normal 0.000129009 0.258858 0.965915
    outer loop
      vertex 58.5 13.7543 15.6798
      vertex 58.5 12.1606 16.1069
      vertex 58.9877 12.207 16.0944
    endloop
  endfacet
  facet normal 0.000251211 0.258746 0.965945
    outer loop
      vertex 58.0123 12.207 16.0944
      vertex 58.5 13.7543 15.6798
      vertex 58.2373 13.7945 15.6691
    endloop
  endfacet
  facet normal -0.000129009 0.258858 0.965915
    outer loop
      vertex 58.5 13.7543 15.6798
      vertex 58.0123 12.207 16.0944
      vertex 58.5 12.1606 16.1069
    endloop
  endfacet
  facet normal -0.000202604 0.258876 0.96591
    outer loop
      vertex 57.5433 12.3444 16.0576
      vertex 58.2373 13.7945 15.6691
      vertex 58.0004 13.9111 15.6378
    endloop
  endfacet
  facet normal -1.22019e-05 0.258875 0.965911
    outer loop
      vertex 56.7322 12.8678 15.9174
      vertex 58.0004 13.9111 15.6378
      vertex 57.8123 14.0928 15.5891
    endloop
  endfacet
  facet normal 8.25706e-05 0.258727 0.96595
    outer loop
      vertex 56.4213 13.2338 15.8193
      vertex 57.8123 14.0928 15.5891
      vertex 57.6916 14.3217 15.5278
    endloop
  endfacet
  facet normal 1.7027e-05 0.258897 0.965905
    outer loop
      vertex 56.048 14.1043 15.5861
      vertex 57.6916 14.3217 15.5278
      vertex 57.65 14.5754 15.4598
    endloop
  endfacet
  facet normal 2.02043e-05 0.258777 0.965937
    outer loop
      vertex 58.2373 13.7945 15.6691
      vertex 57.5433 12.3444 16.0576
      vertex 58.0123 12.207 16.0944
    endloop
  endfacet
  facet normal -5.99707e-05 0.258762 0.965941
    outer loop
      vertex 56.4213 15.917 15.1003
      vertex 57.8123 15.058 15.3305
      vertex 56.7322 16.2829 15.0023
    endloop
  endfacet
  facet normal -8.25706e-05 0.258727 0.96595
    outer loop
      vertex 57.8123 15.058 15.3305
      vertex 56.4213 15.917 15.1003
      vertex 57.6916 14.8291 15.3918
    endloop
  endfacet
  facet normal -3.87804e-05 0.258832 0.965922
    outer loop
      vertex 58.0004 13.9111 15.6378
      vertex 57.1111 12.5675 15.9978
      vertex 57.5433 12.3444 16.0576
    endloop
  endfacet
  facet normal 4.29539e-05 0.258864 0.965914
    outer loop
      vertex 56.1903 15.4995 15.2122
      vertex 57.6916 14.8291 15.3918
      vertex 56.4213 15.917 15.1003
    endloop
  endfacet
  facet normal 0.000102749 0.258745 0.965946
    outer loop
      vertex 58.0004 13.9111 15.6378
      vertex 56.7322 12.8678 15.9174
      vertex 57.1111 12.5675 15.9978
    endloop
  endfacet
  facet normal 3.45769e-05 0.258847 0.965918
    outer loop
      vertex 56.048 15.0465 15.3336
      vertex 57.6916 14.8291 15.3918
      vertex 56.1903 15.4995 15.2122
    endloop
  endfacet
  facet normal -1.82935e-05 0.25888 0.96591
    outer loop
      vertex 57.8123 14.0928 15.5891
      vertex 56.4213 13.2338 15.8193
      vertex 56.7322 12.8678 15.9174
    endloop
  endfacet
  facet normal 4.04932e-05 0.258888 0.965907
    outer loop
      vertex 57.6916 14.8291 15.3918
      vertex 56.048 15.0465 15.3336
      vertex 57.65 14.5754 15.4598
    endloop
  endfacet
  facet normal -4.29539e-05 0.258864 0.965914
    outer loop
      vertex 57.6916 14.3217 15.5278
      vertex 56.1903 13.6513 15.7074
      vertex 56.4213 13.2338 15.8193
    endloop
  endfacet
  facet normal -0 0.25876 0.965942
    outer loop
      vertex 56 14.5754 15.4598
      vertex 57.65 14.5754 15.4598
      vertex 56.048 15.0465 15.3336
    endloop
  endfacet
  facet normal 4.89281e-05 0.258672 0.965965
    outer loop
      vertex 57.6916 14.3217 15.5278
      vertex 56.048 14.1043 15.5861
      vertex 56.1903 13.6513 15.7074
    endloop
  endfacet
  facet normal 0 0.258951 0.96589
    outer loop
      vertex 57.65 14.5754 15.4598
      vertex 56 14.5754 15.4598
      vertex 56.048 14.1043 15.5861
    endloop
  endfacet
  facet normal -0.881951 0.45528 -0.121993
    outer loop
      vertex 56.4213 12.6747 3
      vertex 56.1903 15.4995 15.2122
      vertex 56.4213 15.917 15.1003
    endloop
  endfacet
  facet normal -0.881958 0.455268 -0.12199
    outer loop
      vertex 56.1903 15.4995 15.2122
      vertex 56.4213 12.6747 3
      vertex 56.1903 12.2272 3
    endloop
  endfacet
  facet normal -0.995192 0.0946083 -0.0253504
    outer loop
      vertex 56.048 11.7417 3
      vertex 56 14.5754 15.4598
      vertex 56.048 15.0465 15.3336
    endloop
  endfacet
  facet normal -0.995191 0.0946112 -0.025351
    outer loop
      vertex 56 14.5754 15.4598
      vertex 56.048 11.7417 3
      vertex 56 11.2368 3
    endloop
  endfacet
  facet normal -0.29027 -0.924337 0.247677
    outer loop
      vertex 58.0123 8.69832 3
      vertex 57.5433 12.3444 16.0576
      vertex 57.5433 8.8456 3
    endloop
  endfacet
  facet normal -0.290235 -0.924347 0.247681
    outer loop
      vertex 57.5433 12.3444 16.0576
      vertex 58.0123 8.69832 3
      vertex 58.0123 12.207 16.0944
    endloop
  endfacet
  facet normal 0.772981 0.612812 -0.164202
    outer loop
      vertex 60.5787 15.917 15.1003
      vertex 60.2678 13.0669 3
      vertex 60.2678 16.2829 15.0023
    endloop
  endfacet
  facet normal 0.773013 0.612773 -0.164194
    outer loop
      vertex 60.2678 13.0669 3
      vertex 60.5787 15.917 15.1003
      vertex 60.5787 12.6747 3
    endloop
  endfacet
  facet normal -0.63433 -0.746722 0.20008
    outer loop
      vertex 57.1111 9.08478 3
      vertex 56.7322 12.8678 15.9174
      vertex 56.7322 9.40665 3
    endloop
  endfacet
  facet normal -0.634297 -0.746747 0.200089
    outer loop
      vertex 56.7322 12.8678 15.9174
      vertex 57.1111 9.08478 3
      vertex 57.1111 12.5675 15.9978
    endloop
  endfacet
  facet normal 0.290235 -0.924347 0.247681
    outer loop
      vertex 58.9877 8.69832 3
      vertex 59.4567 12.3444 16.0576
      vertex 58.9877 12.207 16.0944
    endloop
  endfacet
  facet normal 0.29027 -0.924337 0.247677
    outer loop
      vertex 59.4567 12.3444 16.0576
      vertex 58.9877 8.69832 3
      vertex 59.4567 8.8456 3
    endloop
  endfacet
  facet normal 0.290235 0.924348 -0.247677
    outer loop
      vertex 59.4567 13.628 3
      vertex 58.9877 16.9438 14.8252
      vertex 59.4567 16.8064 14.862
    endloop
  endfacet
  facet normal 0.290125 0.924379 -0.24769
    outer loop
      vertex 58.9877 16.9438 14.8252
      vertex 59.4567 13.628 3
      vertex 58.9877 13.7752 3
    endloop
  endfacet
  facet normal 0.0980051 0.961275 -0.257577
    outer loop
      vertex 58.9877 13.7752 3
      vertex 58.5 16.9902 14.8128
      vertex 58.9877 16.9438 14.8252
    endloop
  endfacet
  facet normal 0.0981563 0.961262 -0.257567
    outer loop
      vertex 58.5 16.9902 14.8128
      vertex 58.9877 13.7752 3
      vertex 58.5 13.825 3
    endloop
  endfacet
  facet normal -0.773081 -0.612693 0.164172
    outer loop
      vertex 56.4213 9.79886 3
      vertex 56.7322 12.8678 15.9174
      vertex 56.4213 13.2338 15.8193
    endloop
  endfacet
  facet normal -0.773021 -0.612765 0.164187
    outer loop
      vertex 56.7322 12.8678 15.9174
      vertex 56.4213 9.79886 3
      vertex 56.7322 9.40665 3
    endloop
  endfacet
  facet normal -0.956916 -0.28047 0.0751532
    outer loop
      vertex 56.048 10.7318 3
      vertex 56.1903 13.6513 15.7074
      vertex 56.048 14.1043 15.5861
    endloop
  endfacet
  facet normal -0.956916 -0.280472 0.0751536
    outer loop
      vertex 56.1903 13.6513 15.7074
      vertex 56.048 10.7318 3
      vertex 56.1903 10.2463 3
    endloop
  endfacet
  facet normal -0.881951 -0.45528 0.121994
    outer loop
      vertex 56.1903 10.2463 3
      vertex 56.4213 13.2338 15.8193
      vertex 56.1903 13.6513 15.7074
    endloop
  endfacet
  facet normal -0.881932 -0.455315 0.122002
    outer loop
      vertex 56.4213 13.2338 15.8193
      vertex 56.1903 10.2463 3
      vertex 56.4213 9.79886 3
    endloop
  endfacet
  facet normal 0.773081 -0.612693 0.164172
    outer loop
      vertex 60.2678 12.8678 15.9174
      vertex 60.5787 9.79886 3
      vertex 60.5787 13.2338 15.8193
    endloop
  endfacet
  facet normal 0.773021 -0.612765 0.164187
    outer loop
      vertex 60.5787 9.79886 3
      vertex 60.2678 12.8678 15.9174
      vertex 60.2678 9.40665 3
    endloop
  endfacet
  facet normal 0.471486 0.851825 -0.228243
    outer loop
      vertex 59.8889 13.3888 3
      vertex 59.4567 16.8064 14.862
      vertex 59.8889 16.5832 14.9218
    endloop
  endfacet
  facet normal 0.47145 0.851843 -0.22825
    outer loop
      vertex 59.4567 16.8064 14.862
      vertex 59.8889 13.3888 3
      vertex 59.4567 13.628 3
    endloop
  endfacet
  facet normal 0.634329 0.746722 -0.200083
    outer loop
      vertex 60.2678 13.0669 3
      vertex 59.8889 16.5832 14.9218
      vertex 60.2678 16.2829 15.0023
    endloop
  endfacet
  facet normal 0.634365 0.746694 -0.200074
    outer loop
      vertex 59.8889 16.5832 14.9218
      vertex 60.2678 13.0669 3
      vertex 59.8889 13.3888 3
    endloop
  endfacet
  facet normal -0.47142 -0.851859 0.228253
    outer loop
      vertex 57.5433 8.8456 3
      vertex 57.1111 12.5675 15.9978
      vertex 57.1111 9.08478 3
    endloop
  endfacet
  facet normal -0.471333 -0.851903 0.228268
    outer loop
      vertex 57.1111 12.5675 15.9978
      vertex 57.5433 8.8456 3
      vertex 57.5433 12.3444 16.0576
    endloop
  endfacet
  facet normal 0.956921 0.280456 -0.0751492
    outer loop
      vertex 60.952 15.0465 15.3336
      vertex 60.8097 12.2272 3
      vertex 60.8097 15.4995 15.2122
    endloop
  endfacet
  facet normal 0.956916 0.280472 -0.0751527
    outer loop
      vertex 60.8097 12.2272 3
      vertex 60.952 15.0465 15.3336
      vertex 60.952 11.7417 3
    endloop
  endfacet
  facet normal 0.956916 -0.28047 0.0751532
    outer loop
      vertex 60.8097 13.6513 15.7074
      vertex 60.952 10.7318 3
      vertex 60.952 14.1043 15.5861
    endloop
  endfacet
  facet normal 0.956916 -0.280472 0.0751536
    outer loop
      vertex 60.952 10.7318 3
      vertex 60.8097 13.6513 15.7074
      vertex 60.8097 10.2463 3
    endloop
  endfacet
  facet normal -0.995192 -0.0946034 0.025349
    outer loop
      vertex 56 11.2368 3
      vertex 56.048 14.1043 15.5861
      vertex 56 14.5754 15.4598
    endloop
  endfacet
  facet normal -0.995193 -0.0945926 0.0253465
    outer loop
      vertex 56.048 14.1043 15.5861
      vertex 56 11.2368 3
      vertex 56.048 10.7318 3
    endloop
  endfacet
  facet normal 0.995192 0.0946083 -0.0253504
    outer loop
      vertex 61 14.5754 15.4598
      vertex 60.952 11.7417 3
      vertex 60.952 15.0465 15.3336
    endloop
  endfacet
  facet normal 0.995191 0.0946112 -0.025351
    outer loop
      vertex 60.952 11.7417 3
      vertex 61 14.5754 15.4598
      vertex 61 11.2368 3
    endloop
  endfacet
  facet normal 0.634297 -0.746747 0.200089
    outer loop
      vertex 59.8889 9.08478 3
      vertex 60.2678 12.8678 15.9174
      vertex 59.8889 12.5675 15.9978
    endloop
  endfacet
  facet normal 0.63433 -0.746722 0.20008
    outer loop
      vertex 60.2678 12.8678 15.9174
      vertex 59.8889 9.08478 3
      vertex 60.2678 9.40665 3
    endloop
  endfacet
  facet normal -0.956921 0.280456 -0.0751492
    outer loop
      vertex 56.1903 12.2272 3
      vertex 56.048 15.0465 15.3336
      vertex 56.1903 15.4995 15.2122
    endloop
  endfacet
  facet normal -0.956916 0.280472 -0.0751527
    outer loop
      vertex 56.048 15.0465 15.3336
      vertex 56.1903 12.2272 3
      vertex 56.048 11.7417 3
    endloop
  endfacet
  facet normal 0.0980574 -0.96127 0.257574
    outer loop
      vertex 58.5 8.64859 3
      vertex 58.9877 12.207 16.0944
      vertex 58.5 12.1606 16.1069
    endloop
  endfacet
  facet normal 0.0980195 -0.961274 0.257576
    outer loop
      vertex 58.9877 12.207 16.0944
      vertex 58.5 8.64859 3
      vertex 58.9877 8.69832 3
    endloop
  endfacet
  facet normal 0.995192 -0.0946034 0.025349
    outer loop
      vertex 60.952 14.1043 15.5861
      vertex 61 11.2368 3
      vertex 61 14.5754 15.4598
    endloop
  endfacet
  facet normal 0.995193 -0.0945926 0.0253465
    outer loop
      vertex 61 11.2368 3
      vertex 60.952 14.1043 15.5861
      vertex 60.952 10.7318 3
    endloop
  endfacet
  facet normal 0.881951 -0.45528 0.121994
    outer loop
      vertex 60.5787 13.2338 15.8193
      vertex 60.8097 10.2463 3
      vertex 60.8097 13.6513 15.7074
    endloop
  endfacet
  facet normal 0.881932 -0.455315 0.122002
    outer loop
      vertex 60.8097 10.2463 3
      vertex 60.5787 13.2338 15.8193
      vertex 60.5787 9.79886 3
    endloop
  endfacet
  facet normal 0.95692 0.280459 -0.0751491
    outer loop
      vertex 60.952 35.3309 9.89839
      vertex 60.8097 33.968 3
      vertex 60.8097 35.7839 9.77701
    endloop
  endfacet
  facet normal 0.956916 0.280472 -0.0751515
    outer loop
      vertex 60.8097 33.968 3
      vertex 60.952 35.3309 9.89839
      vertex 60.952 33.4825 3
    endloop
  endfacet
  facet normal -0.290125 0.92438 -0.247687
    outer loop
      vertex 57.5433 35.3688 3
      vertex 58.0123 37.2282 9.39001
      vertex 58.0123 35.516 3
    endloop
  endfacet
  facet normal -0.290244 0.924348 -0.247669
    outer loop
      vertex 58.0123 37.2282 9.39001
      vertex 57.5433 35.3688 3
      vertex 57.5433 37.0908 9.42683
    endloop
  endfacet
  facet normal -0.0981565 0.961264 -0.25756
    outer loop
      vertex 58.0123 35.516 3
      vertex 58.5 37.2746 9.37757
      vertex 58.5 35.5658 3
    endloop
  endfacet
  facet normal -0.0980261 0.961274 -0.257573
    outer loop
      vertex 58.5 37.2746 9.37757
      vertex 58.0123 35.516 3
      vertex 58.0123 37.2282 9.39001
    endloop
  endfacet
  facet normal -0.471451 0.851845 -0.228243
    outer loop
      vertex 57.1111 35.1296 3
      vertex 57.5433 37.0908 9.42683
      vertex 57.5433 35.3688 3
    endloop
  endfacet
  facet normal -0.471329 0.851905 -0.228269
    outer loop
      vertex 57.5433 37.0908 9.42683
      vertex 57.1111 35.1296 3
      vertex 57.1111 36.8677 9.48662
    endloop
  endfacet
  facet normal 0.471486 -0.851825 0.228244
    outer loop
      vertex 59.4567 30.5864 3
      vertex 59.8889 32.852 10.5626
      vertex 59.4567 32.6288 10.6224
    endloop
  endfacet
  facet normal 0.47145 -0.851843 0.228251
    outer loop
      vertex 59.8889 32.852 10.5626
      vertex 59.4567 30.5864 3
      vertex 59.8889 30.8256 3
    endloop
  endfacet
  facet normal -0.95692 0.280459 -0.0751491
    outer loop
      vertex 56.1903 33.968 3
      vertex 56.048 35.3309 9.89839
      vertex 56.1903 35.7839 9.77701
    endloop
  endfacet
  facet normal -0.956916 0.280472 -0.0751515
    outer loop
      vertex 56.048 35.3309 9.89839
      vertex 56.1903 33.968 3
      vertex 56.048 33.4825 3
    endloop
  endfacet
  facet normal -0.995192 -0.0946035 0.0253485
    outer loop
      vertex 56 32.9776 3
      vertex 56.048 34.3887 10.1509
      vertex 56 34.8598 10.0246
    endloop
  endfacet
  facet normal -0.995193 -0.0945926 0.0253463
    outer loop
      vertex 56.048 34.3887 10.1509
      vertex 56 32.9776 3
      vertex 56.048 32.4726 3
    endloop
  endfacet
  facet normal 0.881951 -0.45528 0.121993
    outer loop
      vertex 60.5787 33.5182 10.3841
      vertex 60.8097 31.9871 3
      vertex 60.8097 33.9357 10.2722
    endloop
  endfacet
  facet normal 0.881915 -0.455347 0.122006
    outer loop
      vertex 60.8097 31.9871 3
      vertex 60.5787 33.5182 10.3841
      vertex 60.5787 31.5397 3
    endloop
  endfacet
  facet normal -0.881951 -0.45528 0.121993
    outer loop
      vertex 56.1903 31.9871 3
      vertex 56.4213 33.5182 10.3841
      vertex 56.1903 33.9357 10.2722
    endloop
  endfacet
  facet normal -0.881915 -0.455347 0.122006
    outer loop
      vertex 56.4213 33.5182 10.3841
      vertex 56.1903 31.9871 3
      vertex 56.4213 31.5397 3
    endloop
  endfacet
  facet normal 0.881947 0.455287 -0.121993
    outer loop
      vertex 60.8097 35.7839 9.77701
      vertex 60.5787 34.4155 3
      vertex 60.5787 36.2014 9.66514
    endloop
  endfacet
  facet normal 0.881958 0.455268 -0.121989
    outer loop
      vertex 60.5787 34.4155 3
      vertex 60.8097 35.7839 9.77701
      vertex 60.8097 33.968 3
    endloop
  endfacet
  facet normal -0.634365 -0.746694 0.200071
    outer loop
      vertex 57.1111 30.8256 3
      vertex 56.7322 33.1523 10.4822
      vertex 56.7322 31.1475 3
    endloop
  endfacet
  facet normal -0.634297 -0.746747 0.200091
    outer loop
      vertex 56.7322 33.1523 10.4822
      vertex 57.1111 30.8256 3
      vertex 57.1111 32.852 10.5626
    endloop
  endfacet
  facet normal -0.634364 0.746693 -0.200078
    outer loop
      vertex 56.7322 34.8077 3
      vertex 57.1111 36.8677 9.48662
      vertex 57.1111 35.1296 3
    endloop
  endfacet
  facet normal -0.63432 0.746728 -0.200091
    outer loop
      vertex 57.1111 36.8677 9.48662
      vertex 56.7322 34.8077 3
      vertex 56.7322 36.5674 9.56709
    endloop
  endfacet
  facet normal 0.63432 0.746728 -0.200091
    outer loop
      vertex 60.2678 34.8077 3
      vertex 59.8889 36.8677 9.48662
      vertex 60.2678 36.5674 9.56709
    endloop
  endfacet
  facet normal 0.634364 0.746693 -0.200078
    outer loop
      vertex 59.8889 36.8677 9.48662
      vertex 60.2678 34.8077 3
      vertex 59.8889 35.1296 3
    endloop
  endfacet
  facet normal -0.956916 -0.28047 0.0751527
    outer loop
      vertex 56.048 32.4726 3
      vertex 56.1903 33.9357 10.2722
      vertex 56.048 34.3887 10.1509
    endloop
  endfacet
  facet normal -0.956916 -0.280472 0.075153
    outer loop
      vertex 56.1903 33.9357 10.2722
      vertex 56.048 32.4726 3
      vertex 56.1903 31.9871 3
    endloop
  endfacet
  facet normal 0.773071 0.612705 -0.164179
    outer loop
      vertex 60.5787 36.2014 9.66514
      vertex 60.2678 34.8077 3
      vertex 60.2678 36.5674 9.56709
    endloop
  endfacet
  facet normal 0.773013 0.612774 -0.164191
    outer loop
      vertex 60.2678 34.8077 3
      vertex 60.5787 36.2014 9.66514
      vertex 60.5787 34.4155 3
    endloop
  endfacet
  facet normal 0.0980261 0.961274 -0.257573
    outer loop
      vertex 58.9877 35.516 3
      vertex 58.5 37.2746 9.37757
      vertex 58.9877 37.2282 9.39001
    endloop
  endfacet
  facet normal 0.0981565 0.961264 -0.25756
    outer loop
      vertex 58.5 37.2746 9.37757
      vertex 58.9877 35.516 3
      vertex 58.5 35.5658 3
    endloop
  endfacet
  facet normal 0.956916 -0.28047 0.0751527
    outer loop
      vertex 60.8097 33.9357 10.2722
      vertex 60.952 32.4726 3
      vertex 60.952 34.3887 10.1509
    endloop
  endfacet
  facet normal 0.956916 -0.280472 0.075153
    outer loop
      vertex 60.952 32.4726 3
      vertex 60.8097 33.9357 10.2722
      vertex 60.8097 31.9871 3
    endloop
  endfacet
  facet normal -0 0.258779 0.965937
    outer loop
      vertex 59.35 34.8598 10.0246
      vertex 61 34.8598 10.0246
      vertex 60.952 35.3309 9.89839
    endloop
  endfacet
  facet normal -9.49128e-07 0.258817 0.965926
    outer loop
      vertex 59.3084 35.1135 9.95664
      vertex 60.952 35.3309 9.89839
      vertex 60.8097 35.7839 9.77701
    endloop
  endfacet
  facet normal 0 0.258951 0.96589
    outer loop
      vertex 61 34.8598 10.0246
      vertex 59.35 34.8598 10.0246
      vertex 60.952 34.3887 10.1509
    endloop
  endfacet
  facet normal -2.62348e-06 0.25882 0.965925
    outer loop
      vertex 59.3084 35.1135 9.95664
      vertex 60.8097 35.7839 9.77701
      vertex 60.5787 36.2014 9.66514
    endloop
  endfacet
  facet normal -1.7027e-05 0.258897 0.965905
    outer loop
      vertex 59.3084 34.6061 10.0926
      vertex 60.952 34.3887 10.1509
      vertex 59.35 34.8598 10.0246
    endloop
  endfacet
  facet normal 2.14923e-05 0.258788 0.965934
    outer loop
      vertex 59.1877 35.3424 9.89531
      vertex 60.5787 36.2014 9.66514
      vertex 60.2678 36.5674 9.56709
    endloop
  endfacet
  facet normal -4.89281e-05 0.258672 0.965965
    outer loop
      vertex 60.952 34.3887 10.1509
      vertex 59.3084 34.6061 10.0926
      vertex 60.8097 33.9357 10.2722
    endloop
  endfacet
  facet normal -6.82739e-06 0.258826 0.965924
    outer loop
      vertex 58.9996 35.5241 9.84664
      vertex 60.2678 36.5674 9.56709
      vertex 59.8889 36.8677 9.48662
    endloop
  endfacet
  facet normal 4.29539e-05 0.258864 0.965914
    outer loop
      vertex 60.8097 33.9357 10.2722
      vertex 59.3084 34.6061 10.0926
      vertex 60.5787 33.5182 10.3841
    endloop
  endfacet
  facet normal -1.65908e-05 0.258832 0.965922
    outer loop
      vertex 58.9996 35.5241 9.84664
      vertex 59.8889 36.8677 9.48662
      vertex 59.4567 37.0908 9.42683
    endloop
  endfacet
  facet normal -8.25706e-05 0.258727 0.96595
    outer loop
      vertex 59.1877 34.3772 10.1539
      vertex 60.5787 33.5182 10.3841
      vertex 59.3084 34.6061 10.0926
    endloop
  endfacet
  facet normal 4.69488e-05 0.258923 0.965898
    outer loop
      vertex 60.5787 33.5182 10.3841
      vertex 59.1877 34.3772 10.1539
      vertex 60.2678 33.1523 10.4822
    endloop
  endfacet
  facet normal 7.9833e-06 0.258754 0.965943
    outer loop
      vertex 60.952 35.3309 9.89839
      vertex 59.3084 35.1135 9.95664
      vertex 59.35 34.8598 10.0246
    endloop
  endfacet
  facet normal 7.87927e-06 0.258809 0.965929
    outer loop
      vertex 60.5787 36.2014 9.66514
      vertex 59.1877 35.3424 9.89531
      vertex 59.3084 35.1135 9.95664
    endloop
  endfacet
  facet normal 3.80872e-05 0.258775 0.965938
    outer loop
      vertex 60.2678 36.5674 9.56709
      vertex 58.9996 35.5241 9.84664
      vertex 59.1877 35.3424 9.89531
    endloop
  endfacet
  facet normal -5.65265e-06 0.258826 0.965924
    outer loop
      vertex 58.7627 35.6407 9.81539
      vertex 59.4567 37.0908 9.42683
      vertex 58.9877 37.2282 9.39001
    endloop
  endfacet
  facet normal -2.16852e-05 0.258833 0.965922
    outer loop
      vertex 59.4567 37.0908 9.42683
      vertex 58.7627 35.6407 9.81539
      vertex 58.9996 35.5241 9.84664
    endloop
  endfacet
  facet normal -1.24821e-05 0.258836 0.965921
    outer loop
      vertex 58.5 35.6809 9.80463
      vertex 58.9877 37.2282 9.39001
      vertex 58.5 37.2746 9.37757
    endloop
  endfacet
  facet normal 4.25652e-05 0.258819 0.965926
    outer loop
      vertex 58.9877 37.2282 9.39001
      vertex 58.5 35.6809 9.80463
      vertex 58.7627 35.6407 9.81539
    endloop
  endfacet
  facet normal 1.24821e-05 0.258836 0.965921
    outer loop
      vertex 58.0123 37.2282 9.39001
      vertex 58.5 35.6809 9.80463
      vertex 58.5 37.2746 9.37757
    endloop
  endfacet
  facet normal -4.25652e-05 0.258819 0.965926
    outer loop
      vertex 58.5 35.6809 9.80463
      vertex 58.0123 37.2282 9.39001
      vertex 58.2373 35.6407 9.81539
    endloop
  endfacet
  facet normal 5.65265e-06 0.258826 0.965924
    outer loop
      vertex 57.5433 37.0908 9.42683
      vertex 58.2373 35.6407 9.81539
      vertex 58.0123 37.2282 9.39001
    endloop
  endfacet
  facet normal 2.16852e-05 0.258833 0.965922
    outer loop
      vertex 58.2373 35.6407 9.81539
      vertex 57.5433 37.0908 9.42683
      vertex 58.0004 35.5241 9.84664
    endloop
  endfacet
  facet normal 1.65908e-05 0.258832 0.965922
    outer loop
      vertex 57.1111 36.8677 9.48662
      vertex 58.0004 35.5241 9.84664
      vertex 57.5433 37.0908 9.42683
    endloop
  endfacet
  facet normal 6.82739e-06 0.258826 0.965924
    outer loop
      vertex 56.7322 36.5674 9.56709
      vertex 58.0004 35.5241 9.84664
      vertex 57.1111 36.8677 9.48662
    endloop
  endfacet
  facet normal -3.80872e-05 0.258775 0.965938
    outer loop
      vertex 58.0004 35.5241 9.84664
      vertex 56.7322 36.5674 9.56709
      vertex 57.8123 35.3424 9.89531
    endloop
  endfacet
  facet normal 7.55187e-05 0.258947 0.965892
    outer loop
      vertex 58.9996 34.1956 10.2026
      vertex 60.2678 33.1523 10.4822
      vertex 59.1877 34.3772 10.1539
    endloop
  endfacet
  facet normal -0.000102749 0.258745 0.965946
    outer loop
      vertex 60.2678 33.1523 10.4822
      vertex 58.9996 34.1956 10.2026
      vertex 59.8889 32.852 10.5626
    endloop
  endfacet
  facet normal -5.85115e-06 0.258804 0.96593
    outer loop
      vertex 59.8889 32.852 10.5626
      vertex 58.9996 34.1956 10.2026
      vertex 59.4567 32.6288 10.6224
    endloop
  endfacet
  facet normal 0.000209716 0.258863 0.965914
    outer loop
      vertex 58.7627 34.079 10.2339
      vertex 59.4567 32.6288 10.6224
      vertex 58.9996 34.1956 10.2026
    endloop
  endfacet
  facet normal -1.56195e-05 0.258762 0.965941
    outer loop
      vertex 59.4567 32.6288 10.6224
      vertex 58.7627 34.079 10.2339
      vertex 58.9877 32.4914 10.6592
    endloop
  endfacet
  facet normal -0.000248771 0.258732 0.965949
    outer loop
      vertex 58.5 34.0388 10.2446
      vertex 58.9877 32.4914 10.6592
      vertex 58.7627 34.079 10.2339
    endloop
  endfacet
  facet normal 0.000130554 0.258843 0.965919
    outer loop
      vertex 58.5 34.0388 10.2446
      vertex 58.5 32.445 10.6717
      vertex 58.9877 32.4914 10.6592
    endloop
  endfacet
  facet normal 0.000248771 0.258732 0.965949
    outer loop
      vertex 58.0123 32.4914 10.6592
      vertex 58.5 34.0388 10.2446
      vertex 58.2373 34.079 10.2339
    endloop
  endfacet
  facet normal -0.000130554 0.258843 0.965919
    outer loop
      vertex 58.5 34.0388 10.2446
      vertex 58.0123 32.4914 10.6592
      vertex 58.5 32.445 10.6717
    endloop
  endfacet
  facet normal -0.000209716 0.258863 0.965914
    outer loop
      vertex 57.5433 32.6288 10.6224
      vertex 58.2373 34.079 10.2339
      vertex 58.0004 34.1956 10.2026
    endloop
  endfacet
  facet normal -7.55187e-05 0.258947 0.965892
    outer loop
      vertex 56.7322 33.1523 10.4822
      vertex 58.0004 34.1956 10.2026
      vertex 57.8123 34.3772 10.1539
    endloop
  endfacet
  facet normal 8.25706e-05 0.258727 0.96595
    outer loop
      vertex 56.4213 33.5182 10.3841
      vertex 57.8123 34.3772 10.1539
      vertex 57.6916 34.6061 10.0926
    endloop
  endfacet
  facet normal 1.7027e-05 0.258897 0.965905
    outer loop
      vertex 56.048 34.3887 10.1509
      vertex 57.6916 34.6061 10.0926
      vertex 57.65 34.8598 10.0246
    endloop
  endfacet
  facet normal 1.56195e-05 0.258762 0.965941
    outer loop
      vertex 58.2373 34.079 10.2339
      vertex 57.5433 32.6288 10.6224
      vertex 58.0123 32.4914 10.6592
    endloop
  endfacet
  facet normal -2.14923e-05 0.258788 0.965934
    outer loop
      vertex 56.4213 36.2014 9.66514
      vertex 57.8123 35.3424 9.89531
      vertex 56.7322 36.5674 9.56709
    endloop
  endfacet
  facet normal -7.87927e-06 0.258809 0.965929
    outer loop
      vertex 57.8123 35.3424 9.89531
      vertex 56.4213 36.2014 9.66514
      vertex 57.6916 35.1135 9.95664
    endloop
  endfacet
  facet normal 5.85115e-06 0.258804 0.96593
    outer loop
      vertex 58.0004 34.1956 10.2026
      vertex 57.1111 32.852 10.5626
      vertex 57.5433 32.6288 10.6224
    endloop
  endfacet
  facet normal 2.62348e-06 0.25882 0.965925
    outer loop
      vertex 56.1903 35.7839 9.77701
      vertex 57.6916 35.1135 9.95664
      vertex 56.4213 36.2014 9.66514
    endloop
  endfacet
  facet normal 0.000102749 0.258745 0.965946
    outer loop
      vertex 58.0004 34.1956 10.2026
      vertex 56.7322 33.1523 10.4822
      vertex 57.1111 32.852 10.5626
    endloop
  endfacet
  facet normal 9.49128e-07 0.258817 0.965926
    outer loop
      vertex 56.048 35.3309 9.89839
      vertex 57.6916 35.1135 9.95664
      vertex 56.1903 35.7839 9.77701
    endloop
  endfacet
  facet normal -4.69488e-05 0.258923 0.965898
    outer loop
      vertex 57.8123 34.3772 10.1539
      vertex 56.4213 33.5182 10.3841
      vertex 56.7322 33.1523 10.4822
    endloop
  endfacet
  facet normal -7.9833e-06 0.258754 0.965943
    outer loop
      vertex 57.6916 35.1135 9.95664
      vertex 56.048 35.3309 9.89839
      vertex 57.65 34.8598 10.0246
    endloop
  endfacet
  facet normal -4.29539e-05 0.258864 0.965914
    outer loop
      vertex 57.6916 34.6061 10.0926
      vertex 56.1903 33.9357 10.2722
      vertex 56.4213 33.5182 10.3841
    endloop
  endfacet
  facet normal -0 0.258779 0.965937
    outer loop
      vertex 56 34.8598 10.0246
      vertex 57.65 34.8598 10.0246
      vertex 56.048 35.3309 9.89839
    endloop
  endfacet
  facet normal 4.89281e-05 0.258672 0.965965
    outer loop
      vertex 57.6916 34.6061 10.0926
      vertex 56.048 34.3887 10.1509
      vertex 56.1903 33.9357 10.2722
    endloop
  endfacet
  facet normal 0 0.258951 0.96589
    outer loop
      vertex 57.65 34.8598 10.0246
      vertex 56 34.8598 10.0246
      vertex 56.048 34.3887 10.1509
    endloop
  endfacet
  facet normal 0.290244 0.924348 -0.247669
    outer loop
      vertex 59.4567 35.3688 3
      vertex 58.9877 37.2282 9.39001
      vertex 59.4567 37.0908 9.42683
    endloop
  endfacet
  facet normal 0.290125 0.92438 -0.247687
    outer loop
      vertex 58.9877 37.2282 9.39001
      vertex 59.4567 35.3688 3
      vertex 58.9877 35.516 3
    endloop
  endfacet
  facet normal 0.290235 -0.924347 0.247681
    outer loop
      vertex 58.9877 30.4391 3
      vertex 59.4567 32.6288 10.6224
      vertex 58.9877 32.4914 10.6592
    endloop
  endfacet
  facet normal 0.290306 -0.924328 0.247671
    outer loop
      vertex 59.4567 32.6288 10.6224
      vertex 58.9877 30.4391 3
      vertex 59.4567 30.5864 3
    endloop
  endfacet
  facet normal 0.471329 0.851905 -0.228269
    outer loop
      vertex 59.8889 35.1296 3
      vertex 59.4567 37.0908 9.42683
      vertex 59.8889 36.8677 9.48662
    endloop
  endfacet
  facet normal 0.471451 0.851845 -0.228243
    outer loop
      vertex 59.4567 37.0908 9.42683
      vertex 59.8889 35.1296 3
      vertex 59.4567 35.3688 3
    endloop
  endfacet
  facet normal -0.097961 -0.961279 0.257577
    outer loop
      vertex 58.5 30.3894 3
      vertex 58.0123 32.4914 10.6592
      vertex 58.0123 30.4391 3
    endloop
  endfacet
  facet normal -0.0980574 -0.961272 0.257569
    outer loop
      vertex 58.0123 32.4914 10.6592
      vertex 58.5 30.3894 3
      vertex 58.5 32.445 10.6717
    endloop
  endfacet
  facet normal -0.995192 0.0946079 -0.0253499
    outer loop
      vertex 56.048 33.4825 3
      vertex 56 34.8598 10.0246
      vertex 56.048 35.3309 9.89839
    endloop
  endfacet
  facet normal -0.995191 0.0946112 -0.0253505
    outer loop
      vertex 56 34.8598 10.0246
      vertex 56.048 33.4825 3
      vertex 56 32.9776 3
    endloop
  endfacet
  facet normal -0.773002 -0.612788 0.164191
    outer loop
      vertex 56.4213 31.5397 3
      vertex 56.7322 33.1523 10.4822
      vertex 56.4213 33.5182 10.3841
    endloop
  endfacet
  facet normal -0.773014 -0.612774 0.164188
    outer loop
      vertex 56.7322 33.1523 10.4822
      vertex 56.4213 31.5397 3
      vertex 56.7322 31.1475 3
    endloop
  endfacet
  facet normal -0.773071 0.612705 -0.164179
    outer loop
      vertex 56.7322 34.8077 3
      vertex 56.4213 36.2014 9.66514
      vertex 56.7322 36.5674 9.56709
    endloop
  endfacet
  facet normal -0.773013 0.612774 -0.164191
    outer loop
      vertex 56.4213 36.2014 9.66514
      vertex 56.7322 34.8077 3
      vertex 56.4213 34.4155 3
    endloop
  endfacet
  facet normal 0.995192 0.0946079 -0.0253499
    outer loop
      vertex 61 34.8598 10.0246
      vertex 60.952 33.4825 3
      vertex 60.952 35.3309 9.89839
    endloop
  endfacet
  facet normal 0.995191 0.0946112 -0.0253505
    outer loop
      vertex 60.952 33.4825 3
      vertex 61 34.8598 10.0246
      vertex 61 32.9776 3
    endloop
  endfacet
  facet normal -0.881947 0.455287 -0.121993
    outer loop
      vertex 56.4213 34.4155 3
      vertex 56.1903 35.7839 9.77701
      vertex 56.4213 36.2014 9.66514
    endloop
  endfacet
  facet normal -0.881958 0.455268 -0.121989
    outer loop
      vertex 56.1903 35.7839 9.77701
      vertex 56.4213 34.4155 3
      vertex 56.1903 33.968 3
    endloop
  endfacet
  facet normal 0.634297 -0.746747 0.200091
    outer loop
      vertex 59.8889 30.8256 3
      vertex 60.2678 33.1523 10.4822
      vertex 59.8889 32.852 10.5626
    endloop
  endfacet
  facet normal 0.634365 -0.746694 0.200071
    outer loop
      vertex 60.2678 33.1523 10.4822
      vertex 59.8889 30.8256 3
      vertex 60.2678 31.1475 3
    endloop
  endfacet
  facet normal 0.995192 -0.0946035 0.0253485
    outer loop
      vertex 60.952 34.3887 10.1509
      vertex 61 32.9776 3
      vertex 61 34.8598 10.0246
    endloop
  endfacet
  facet normal 0.995193 -0.0945926 0.0253463
    outer loop
      vertex 61 32.9776 3
      vertex 60.952 34.3887 10.1509
      vertex 60.952 32.4726 3
    endloop
  endfacet
  facet normal 0.773002 -0.612788 0.164191
    outer loop
      vertex 60.2678 33.1523 10.4822
      vertex 60.5787 31.5397 3
      vertex 60.5787 33.5182 10.3841
    endloop
  endfacet
  facet normal 0.773014 -0.612774 0.164188
    outer loop
      vertex 60.5787 31.5397 3
      vertex 60.2678 33.1523 10.4822
      vertex 60.2678 31.1475 3
    endloop
  endfacet
  facet normal -0.290306 -0.924328 0.247671
    outer loop
      vertex 58.0123 30.4391 3
      vertex 57.5433 32.6288 10.6224
      vertex 57.5433 30.5864 3
    endloop
  endfacet
  facet normal -0.290235 -0.924347 0.247681
    outer loop
      vertex 57.5433 32.6288 10.6224
      vertex 58.0123 30.4391 3
      vertex 58.0123 32.4914 10.6592
    endloop
  endfacet
  facet normal -0.47145 -0.851843 0.228251
    outer loop
      vertex 57.5433 30.5864 3
      vertex 57.1111 32.852 10.5626
      vertex 57.1111 30.8256 3
    endloop
  endfacet
  facet normal -0.471486 -0.851825 0.228244
    outer loop
      vertex 57.1111 32.852 10.5626
      vertex 57.5433 30.5864 3
      vertex 57.5433 32.6288 10.6224
    endloop
  endfacet
  facet normal 0.0980574 -0.961272 0.257569
    outer loop
      vertex 58.5 30.3894 3
      vertex 58.9877 32.4914 10.6592
      vertex 58.5 32.445 10.6717
    endloop
  endfacet
  facet normal 0.097961 -0.961279 0.257577
    outer loop
      vertex 58.9877 32.4914 10.6592
      vertex 58.5 30.3894 3
      vertex 58.9877 30.4391 3
    endloop
  endfacet
  facet normal -0.290125 0.924379 -0.24769
    outer loop
      vertex 70.0433 13.628 3
      vertex 70.5123 16.9438 14.8252
      vertex 70.5123 13.7752 3
    endloop
  endfacet
  facet normal -0.290235 0.924348 -0.247677
    outer loop
      vertex 70.5123 16.9438 14.8252
      vertex 70.0433 13.628 3
      vertex 70.0433 16.8064 14.862
    endloop
  endfacet
  facet normal -0.0981563 0.961262 -0.257567
    outer loop
      vertex 70.5123 13.7752 3
      vertex 71 16.9902 14.8128
      vertex 71 13.825 3
    endloop
  endfacet
  facet normal -0.0980051 0.961275 -0.257577
    outer loop
      vertex 71 16.9902 14.8128
      vertex 70.5123 13.7752 3
      vertex 70.5123 16.9438 14.8252
    endloop
  endfacet
  facet normal -0.47145 0.851843 -0.22825
    outer loop
      vertex 69.6111 13.3888 3
      vertex 70.0433 16.8064 14.862
      vertex 70.0433 13.628 3
    endloop
  endfacet
  facet normal -0.471486 0.851825 -0.228243
    outer loop
      vertex 70.0433 16.8064 14.862
      vertex 69.6111 13.3888 3
      vertex 69.6111 16.5832 14.9218
    endloop
  endfacet
  facet normal -0.773081 -0.612693 0.164172
    outer loop
      vertex 68.9213 9.79886 3
      vertex 69.2322 12.8678 15.9174
      vertex 68.9213 13.2338 15.8193
    endloop
  endfacet
  facet normal -0.773021 -0.612765 0.164187
    outer loop
      vertex 69.2322 12.8678 15.9174
      vertex 68.9213 9.79886 3
      vertex 69.2322 9.40665 3
    endloop
  endfacet
  facet normal 0.0980051 0.961275 -0.257577
    outer loop
      vertex 71.4877 13.7752 3
      vertex 71 16.9902 14.8128
      vertex 71.4877 16.9438 14.8252
    endloop
  endfacet
  facet normal 0.0981563 0.961262 -0.257567
    outer loop
      vertex 71 16.9902 14.8128
      vertex 71.4877 13.7752 3
      vertex 71 13.825 3
    endloop
  endfacet
  facet normal -0.956921 0.280456 -0.0751492
    outer loop
      vertex 68.6903 12.2272 3
      vertex 68.548 15.0465 15.3336
      vertex 68.6903 15.4995 15.2122
    endloop
  endfacet
  facet normal -0.956916 0.280472 -0.0751527
    outer loop
      vertex 68.548 15.0465 15.3336
      vertex 68.6903 12.2272 3
      vertex 68.548 11.7417 3
    endloop
  endfacet
  facet normal -0 0.25876 0.965942
    outer loop
      vertex 71.85 14.5754 15.4598
      vertex 73.5 14.5754 15.4598
      vertex 73.452 15.0465 15.3336
    endloop
  endfacet
  facet normal -3.45769e-05 0.258847 0.965918
    outer loop
      vertex 71.8084 14.8291 15.3918
      vertex 73.452 15.0465 15.3336
      vertex 73.3097 15.4995 15.2122
    endloop
  endfacet
  facet normal 0 0.258951 0.96589
    outer loop
      vertex 73.5 14.5754 15.4598
      vertex 71.85 14.5754 15.4598
      vertex 73.452 14.1043 15.5861
    endloop
  endfacet
  facet normal -4.29539e-05 0.258864 0.965914
    outer loop
      vertex 71.8084 14.8291 15.3918
      vertex 73.3097 15.4995 15.2122
      vertex 73.0787 15.917 15.1003
    endloop
  endfacet
  facet normal -1.7027e-05 0.258897 0.965905
    outer loop
      vertex 71.8084 14.3217 15.5278
      vertex 73.452 14.1043 15.5861
      vertex 71.85 14.5754 15.4598
    endloop
  endfacet
  facet normal 5.99707e-05 0.258762 0.965941
    outer loop
      vertex 71.6877 15.058 15.3305
      vertex 73.0787 15.917 15.1003
      vertex 72.7678 16.2829 15.0023
    endloop
  endfacet
  facet normal -4.89281e-05 0.258672 0.965965
    outer loop
      vertex 73.452 14.1043 15.5861
      vertex 71.8084 14.3217 15.5278
      vertex 73.3097 13.6513 15.7074
    endloop
  endfacet
  facet normal -6.44653e-05 0.258848 0.965918
    outer loop
      vertex 71.4996 15.2396 15.2818
      vertex 72.7678 16.2829 15.0023
      vertex 72.3889 16.5832 14.9218
    endloop
  endfacet
  facet normal 4.29539e-05 0.258864 0.965914
    outer loop
      vertex 73.3097 13.6513 15.7074
      vertex 71.8084 14.3217 15.5278
      vertex 73.0787 13.2338 15.8193
    endloop
  endfacet
  facet normal 5.85115e-06 0.258804 0.96593
    outer loop
      vertex 71.4996 15.2396 15.2818
      vertex 72.3889 16.5832 14.9218
      vertex 71.9567 16.8064 14.862
    endloop
  endfacet
  facet normal -8.25706e-05 0.258727 0.96595
    outer loop
      vertex 71.6877 14.0928 15.5891
      vertex 73.0787 13.2338 15.8193
      vertex 71.8084 14.3217 15.5278
    endloop
  endfacet
  facet normal 1.82935e-05 0.25888 0.96591
    outer loop
      vertex 73.0787 13.2338 15.8193
      vertex 71.6877 14.0928 15.5891
      vertex 72.7678 12.8678 15.9174
    endloop
  endfacet
  facet normal -4.04932e-05 0.258888 0.965907
    outer loop
      vertex 73.452 15.0465 15.3336
      vertex 71.8084 14.8291 15.3918
      vertex 71.85 14.5754 15.4598
    endloop
  endfacet
  facet normal 8.25706e-05 0.258727 0.96595
    outer loop
      vertex 73.0787 15.917 15.1003
      vertex 71.6877 15.058 15.3305
      vertex 71.8084 14.8291 15.3918
    endloop
  endfacet
  facet normal -0.000116642 0.258907 0.965902
    outer loop
      vertex 72.7678 16.2829 15.0023
      vertex 71.4996 15.2396 15.2818
      vertex 71.6877 15.058 15.3305
    endloop
  endfacet
  facet normal 3.27332e-05 0.258817 0.965926
    outer loop
      vertex 71.2627 15.3562 15.2506
      vertex 71.9567 16.8064 14.862
      vertex 71.4877 16.9438 14.8252
    endloop
  endfacet
  facet normal 0.000146823 0.258766 0.96594
    outer loop
      vertex 71.9567 16.8064 14.862
      vertex 71.2627 15.3562 15.2506
      vertex 71.4996 15.2396 15.2818
    endloop
  endfacet
  facet normal 6.17366e-05 0.258787 0.965935
    outer loop
      vertex 71 15.3964 15.2398
      vertex 71.4877 16.9438 14.8252
      vertex 71 16.9902 14.8128
    endloop
  endfacet
  facet normal -0.000102008 0.258835 0.965922
    outer loop
      vertex 71.4877 16.9438 14.8252
      vertex 71 15.3964 15.2398
      vertex 71.2627 15.3562 15.2506
    endloop
  endfacet
  facet normal -6.17366e-05 0.258787 0.965935
    outer loop
      vertex 70.5123 16.9438 14.8252
      vertex 71 15.3964 15.2398
      vertex 71 16.9902 14.8128
    endloop
  endfacet
  facet normal 0.000102008 0.258835 0.965922
    outer loop
      vertex 71 15.3964 15.2398
      vertex 70.5123 16.9438 14.8252
      vertex 70.7373 15.3562 15.2506
    endloop
  endfacet
  facet normal -3.27332e-05 0.258817 0.965926
    outer loop
      vertex 70.0433 16.8064 14.862
      vertex 70.7373 15.3562 15.2506
      vertex 70.5123 16.9438 14.8252
    endloop
  endfacet
  facet normal -0.000146823 0.258766 0.96594
    outer loop
      vertex 70.7373 15.3562 15.2506
      vertex 70.0433 16.8064 14.862
      vertex 70.5004 15.2396 15.2818
    endloop
  endfacet
  facet normal -5.85115e-06 0.258804 0.96593
    outer loop
      vertex 69.6111 16.5832 14.9218
      vertex 70.5004 15.2396 15.2818
      vertex 70.0433 16.8064 14.862
    endloop
  endfacet
  facet normal 6.44653e-05 0.258848 0.965918
    outer loop
      vertex 69.2322 16.2829 15.0023
      vertex 70.5004 15.2396 15.2818
      vertex 69.6111 16.5832 14.9218
    endloop
  endfacet
  facet normal 0.000116642 0.258907 0.965902
    outer loop
      vertex 70.5004 15.2396 15.2818
      vertex 69.2322 16.2829 15.0023
      vertex 70.3123 15.058 15.3305
    endloop
  endfacet
  facet normal 1.22019e-05 0.258875 0.965911
    outer loop
      vertex 71.4996 13.9111 15.6378
      vertex 72.7678 12.8678 15.9174
      vertex 71.6877 14.0928 15.5891
    endloop
  endfacet
  facet normal -0.000102749 0.258745 0.965946
    outer loop
      vertex 72.7678 12.8678 15.9174
      vertex 71.4996 13.9111 15.6378
      vertex 72.3889 12.5675 15.9978
    endloop
  endfacet
  facet normal 3.87804e-05 0.258832 0.965922
    outer loop
      vertex 72.3889 12.5675 15.9978
      vertex 71.4996 13.9111 15.6378
      vertex 71.9567 12.3444 16.0576
    endloop
  endfacet
  facet normal 0.000202604 0.258876 0.96591
    outer loop
      vertex 71.2627 13.7945 15.6691
      vertex 71.9567 12.3444 16.0576
      vertex 71.4996 13.9111 15.6378
    endloop
  endfacet
  facet normal -2.02043e-05 0.258777 0.965937
    outer loop
      vertex 71.9567 12.3444 16.0576
      vertex 71.2627 13.7945 15.6691
      vertex 71.4877 12.207 16.0944
    endloop
  endfacet
  facet normal -0.000251211 0.258746 0.965945
    outer loop
      vertex 71 13.7543 15.6798
      vertex 71.4877 12.207 16.0944
      vertex 71.2627 13.7945 15.6691
    endloop
  endfacet
  facet normal 0.000129009 0.258858 0.965915
    outer loop
      vertex 71 13.7543 15.6798
      vertex 71 12.1606 16.1069
      vertex 71.4877 12.207 16.0944
    endloop
  endfacet
  facet normal 0.000251211 0.258746 0.965945
    outer loop
      vertex 70.5123 12.207 16.0944
      vertex 71 13.7543 15.6798
      vertex 70.7373 13.7945 15.6691
    endloop
  endfacet
  facet normal -0.000129009 0.258858 0.965915
    outer loop
      vertex 71 13.7543 15.6798
      vertex 70.5123 12.207 16.0944
      vertex 71 12.1606 16.1069
    endloop
  endfacet
  facet normal -0.000202604 0.258876 0.96591
    outer loop
      vertex 70.0433 12.3444 16.0576
      vertex 70.7373 13.7945 15.6691
      vertex 70.5004 13.9111 15.6378
    endloop
  endfacet
  facet normal -1.22019e-05 0.258875 0.965911
    outer loop
      vertex 69.2322 12.8678 15.9174
      vertex 70.5004 13.9111 15.6378
      vertex 70.3123 14.0928 15.5891
    endloop
  endfacet
  facet normal 8.25706e-05 0.258727 0.96595
    outer loop
      vertex 68.9213 13.2338 15.8193
      vertex 70.3123 14.0928 15.5891
      vertex 70.1916 14.3217 15.5278
    endloop
  endfacet
  facet normal 1.7027e-05 0.258897 0.965905
    outer loop
      vertex 68.548 14.1043 15.5861
      vertex 70.1916 14.3217 15.5278
      vertex 70.15 14.5754 15.4598
    endloop
  endfacet
  facet normal 2.02043e-05 0.258777 0.965937
    outer loop
      vertex 70.7373 13.7945 15.6691
      vertex 70.0433 12.3444 16.0576
      vertex 70.5123 12.207 16.0944
    endloop
  endfacet
  facet normal -5.99707e-05 0.258762 0.965941
    outer loop
      vertex 68.9213 15.917 15.1003
      vertex 70.3123 15.058 15.3305
      vertex 69.2322 16.2829 15.0023
    endloop
  endfacet
  facet normal -8.25706e-05 0.258727 0.96595
    outer loop
      vertex 70.3123 15.058 15.3305
      vertex 68.9213 15.917 15.1003
      vertex 70.1916 14.8291 15.3918
    endloop
  endfacet
  facet normal -3.87804e-05 0.258832 0.965922
    outer loop
      vertex 70.5004 13.9111 15.6378
      vertex 69.6111 12.5675 15.9978
      vertex 70.0433 12.3444 16.0576
    endloop
  endfacet
  facet normal 4.29539e-05 0.258864 0.965914
    outer loop
      vertex 68.6903 15.4995 15.2122
      vertex 70.1916 14.8291 15.3918
      vertex 68.9213 15.917 15.1003
    endloop
  endfacet
  facet normal 0.000102749 0.258745 0.965946
    outer loop
      vertex 70.5004 13.9111 15.6378
      vertex 69.2322 12.8678 15.9174
      vertex 69.6111 12.5675 15.9978
    endloop
  endfacet
  facet normal 3.45769e-05 0.258847 0.965918
    outer loop
      vertex 68.548 15.0465 15.3336
      vertex 70.1916 14.8291 15.3918
      vertex 68.6903 15.4995 15.2122
    endloop
  endfacet
  facet normal -1.82935e-05 0.25888 0.96591
    outer loop
      vertex 70.3123 14.0928 15.5891
      vertex 68.9213 13.2338 15.8193
      vertex 69.2322 12.8678 15.9174
    endloop
  endfacet
  facet normal 4.04932e-05 0.258888 0.965907
    outer loop
      vertex 70.1916 14.8291 15.3918
      vertex 68.548 15.0465 15.3336
      vertex 70.15 14.5754 15.4598
    endloop
  endfacet
  facet normal -4.29539e-05 0.258864 0.965914
    outer loop
      vertex 70.1916 14.3217 15.5278
      vertex 68.6903 13.6513 15.7074
      vertex 68.9213 13.2338 15.8193
    endloop
  endfacet
  facet normal -0 0.25876 0.965942
    outer loop
      vertex 68.5 14.5754 15.4598
      vertex 70.15 14.5754 15.4598
      vertex 68.548 15.0465 15.3336
    endloop
  endfacet
  facet normal 4.89281e-05 0.258672 0.965965
    outer loop
      vertex 70.1916 14.3217 15.5278
      vertex 68.548 14.1043 15.5861
      vertex 68.6903 13.6513 15.7074
    endloop
  endfacet
  facet normal 0 0.258951 0.96589
    outer loop
      vertex 70.15 14.5754 15.4598
      vertex 68.5 14.5754 15.4598
      vertex 68.548 14.1043 15.5861
    endloop
  endfacet
  facet normal -0.0980195 -0.961274 0.257576
    outer loop
      vertex 71 8.64859 3
      vertex 70.5123 12.207 16.0944
      vertex 70.5123 8.69832 3
    endloop
  endfacet
  facet normal -0.0980574 -0.96127 0.257574
    outer loop
      vertex 70.5123 12.207 16.0944
      vertex 71 8.64859 3
      vertex 71 12.1606 16.1069
    endloop
  endfacet
  facet normal -0.995192 0.0946083 -0.0253504
    outer loop
      vertex 68.548 11.7417 3
      vertex 68.5 14.5754 15.4598
      vertex 68.548 15.0465 15.3336
    endloop
  endfacet
  facet normal -0.995191 0.0946112 -0.025351
    outer loop
      vertex 68.5 14.5754 15.4598
      vertex 68.548 11.7417 3
      vertex 68.5 11.2368 3
    endloop
  endfacet
  facet normal -0.881951 0.45528 -0.121993
    outer loop
      vertex 68.9213 12.6747 3
      vertex 68.6903 15.4995 15.2122
      vertex 68.9213 15.917 15.1003
    endloop
  endfacet
  facet normal -0.881958 0.455268 -0.12199
    outer loop
      vertex 68.6903 15.4995 15.2122
      vertex 68.9213 12.6747 3
      vertex 68.6903 12.2272 3
    endloop
  endfacet
  facet normal -0.63433 -0.746722 0.20008
    outer loop
      vertex 69.6111 9.08478 3
      vertex 69.2322 12.8678 15.9174
      vertex 69.2322 9.40665 3
    endloop
  endfacet
  facet normal -0.634297 -0.746747 0.200089
    outer loop
      vertex 69.2322 12.8678 15.9174
      vertex 69.6111 9.08478 3
      vertex 69.6111 12.5675 15.9978
    endloop
  endfacet
  facet normal 0.634329 0.746722 -0.200083
    outer loop
      vertex 72.7678 13.0669 3
      vertex 72.3889 16.5832 14.9218
      vertex 72.7678 16.2829 15.0023
    endloop
  endfacet
  facet normal 0.634365 0.746694 -0.200074
    outer loop
      vertex 72.3889 16.5832 14.9218
      vertex 72.7678 13.0669 3
      vertex 72.3889 13.3888 3
    endloop
  endfacet
  facet normal -0.634365 0.746694 -0.200074
    outer loop
      vertex 69.2322 13.0669 3
      vertex 69.6111 16.5832 14.9218
      vertex 69.6111 13.3888 3
    endloop
  endfacet
  facet normal -0.634329 0.746722 -0.200083
    outer loop
      vertex 69.6111 16.5832 14.9218
      vertex 69.2322 13.0669 3
      vertex 69.2322 16.2829 15.0023
    endloop
  endfacet
  facet normal -0.29027 -0.924337 0.247677
    outer loop
      vertex 70.5123 8.69832 3
      vertex 70.0433 12.3444 16.0576
      vertex 70.0433 8.8456 3
    endloop
  endfacet
  facet normal -0.290235 -0.924347 0.247681
    outer loop
      vertex 70.0433 12.3444 16.0576
      vertex 70.5123 8.69832 3
      vertex 70.5123 12.207 16.0944
    endloop
  endfacet
  facet normal 0.772981 0.612812 -0.164202
    outer loop
      vertex 73.0787 15.917 15.1003
      vertex 72.7678 13.0669 3
      vertex 72.7678 16.2829 15.0023
    endloop
  endfacet
  facet normal 0.773013 0.612773 -0.164194
    outer loop
      vertex 72.7678 13.0669 3
      vertex 73.0787 15.917 15.1003
      vertex 73.0787 12.6747 3
    endloop
  endfacet
  facet normal 0.290235 -0.924347 0.247681
    outer loop
      vertex 71.4877 8.69832 3
      vertex 71.9567 12.3444 16.0576
      vertex 71.4877 12.207 16.0944
    endloop
  endfacet
  facet normal 0.29027 -0.924337 0.247677
    outer loop
      vertex 71.9567 12.3444 16.0576
      vertex 71.4877 8.69832 3
      vertex 71.9567 8.8456 3
    endloop
  endfacet
  facet normal 0.881951 0.45528 -0.121993
    outer loop
      vertex 73.3097 15.4995 15.2122
      vertex 73.0787 12.6747 3
      vertex 73.0787 15.917 15.1003
    endloop
  endfacet
  facet normal 0.881958 0.455268 -0.12199
    outer loop
      vertex 73.0787 12.6747 3
      vertex 73.3097 15.4995 15.2122
      vertex 73.3097 12.2272 3
    endloop
  endfacet
  facet normal 0.471486 0.851825 -0.228243
    outer loop
      vertex 72.3889 13.3888 3
      vertex 71.9567 16.8064 14.862
      vertex 72.3889 16.5832 14.9218
    endloop
  endfacet
  facet normal 0.47145 0.851843 -0.22825
    outer loop
      vertex 71.9567 16.8064 14.862
      vertex 72.3889 13.3888 3
      vertex 71.9567 13.628 3
    endloop
  endfacet
  facet normal -0.995192 -0.0946034 0.025349
    outer loop
      vertex 68.5 11.2368 3
      vertex 68.548 14.1043 15.5861
      vertex 68.5 14.5754 15.4598
    endloop
  endfacet
  facet normal -0.995193 -0.0945926 0.0253465
    outer loop
      vertex 68.548 14.1043 15.5861
      vertex 68.5 11.2368 3
      vertex 68.548 10.7318 3
    endloop
  endfacet
  facet normal 0.956921 0.280456 -0.0751492
    outer loop
      vertex 73.452 15.0465 15.3336
      vertex 73.3097 12.2272 3
      vertex 73.3097 15.4995 15.2122
    endloop
  endfacet
  facet normal 0.956916 0.280472 -0.0751527
    outer loop
      vertex 73.3097 12.2272 3
      vertex 73.452 15.0465 15.3336
      vertex 73.452 11.7417 3
    endloop
  endfacet
  facet normal -0.47142 -0.851859 0.228253
    outer loop
      vertex 70.0433 8.8456 3
      vertex 69.6111 12.5675 15.9978
      vertex 69.6111 9.08478 3
    endloop
  endfacet
  facet normal -0.471333 -0.851903 0.228268
    outer loop
      vertex 69.6111 12.5675 15.9978
      vertex 70.0433 8.8456 3
      vertex 70.0433 12.3444 16.0576
    endloop
  endfacet
  facet normal -0.956916 -0.28047 0.0751532
    outer loop
      vertex 68.548 10.7318 3
      vertex 68.6903 13.6513 15.7074
      vertex 68.548 14.1043 15.5861
    endloop
  endfacet
  facet normal -0.956916 -0.280472 0.0751536
    outer loop
      vertex 68.6903 13.6513 15.7074
      vertex 68.548 10.7318 3
      vertex 68.6903 10.2463 3
    endloop
  endfacet
  facet normal -0.881951 -0.45528 0.121994
    outer loop
      vertex 68.6903 10.2463 3
      vertex 68.9213 13.2338 15.8193
      vertex 68.6903 13.6513 15.7074
    endloop
  endfacet
  facet normal -0.881932 -0.455315 0.122002
    outer loop
      vertex 68.9213 13.2338 15.8193
      vertex 68.6903 10.2463 3
      vertex 68.9213 9.79886 3
    endloop
  endfacet
  facet normal 0.995192 0.0946083 -0.0253504
    outer loop
      vertex 73.5 14.5754 15.4598
      vertex 73.452 11.7417 3
      vertex 73.452 15.0465 15.3336
    endloop
  endfacet
  facet normal 0.995191 0.0946112 -0.025351
    outer loop
      vertex 73.452 11.7417 3
      vertex 73.5 14.5754 15.4598
      vertex 73.5 11.2368 3
    endloop
  endfacet
  facet normal -0.772981 0.612812 -0.164202
    outer loop
      vertex 69.2322 13.0669 3
      vertex 68.9213 15.917 15.1003
      vertex 69.2322 16.2829 15.0023
    endloop
  endfacet
  facet normal -0.773013 0.612773 -0.164194
    outer loop
      vertex 68.9213 15.917 15.1003
      vertex 69.2322 13.0669 3
      vertex 68.9213 12.6747 3
    endloop
  endfacet
  facet normal 0.0980574 -0.96127 0.257574
    outer loop
      vertex 71 8.64859 3
      vertex 71.4877 12.207 16.0944
      vertex 71 12.1606 16.1069
    endloop
  endfacet
  facet normal 0.0980195 -0.961274 0.257576
    outer loop
      vertex 71.4877 12.207 16.0944
      vertex 71 8.64859 3
      vertex 71.4877 8.69832 3
    endloop
  endfacet
  facet normal 0.290235 0.924348 -0.247677
    outer loop
      vertex 71.9567 13.628 3
      vertex 71.4877 16.9438 14.8252
      vertex 71.9567 16.8064 14.862
    endloop
  endfacet
  facet normal 0.290125 0.924379 -0.24769
    outer loop
      vertex 71.4877 16.9438 14.8252
      vertex 71.9567 13.628 3
      vertex 71.4877 13.7752 3
    endloop
  endfacet
  facet normal 0.471333 -0.851903 0.228268
    outer loop
      vertex 71.9567 8.8456 3
      vertex 72.3889 12.5675 15.9978
      vertex 71.9567 12.3444 16.0576
    endloop
  endfacet
  facet normal 0.47142 -0.851859 0.228253
    outer loop
      vertex 72.3889 12.5675 15.9978
      vertex 71.9567 8.8456 3
      vertex 72.3889 9.08478 3
    endloop
  endfacet
  facet normal 0.773081 -0.612693 0.164172
    outer loop
      vertex 72.7678 12.8678 15.9174
      vertex 73.0787 9.79886 3
      vertex 73.0787 13.2338 15.8193
    endloop
  endfacet
  facet normal 0.773021 -0.612765 0.164187
    outer loop
      vertex 73.0787 9.79886 3
      vertex 72.7678 12.8678 15.9174
      vertex 72.7678 9.40665 3
    endloop
  endfacet
  facet normal 0.634297 -0.746747 0.200089
    outer loop
      vertex 72.3889 9.08478 3
      vertex 72.7678 12.8678 15.9174
      vertex 72.3889 12.5675 15.9978
    endloop
  endfacet
  facet normal 0.63433 -0.746722 0.20008
    outer loop
      vertex 72.7678 12.8678 15.9174
      vertex 72.3889 9.08478 3
      vertex 72.7678 9.40665 3
    endloop
  endfacet
  facet normal 0.881951 -0.45528 0.121994
    outer loop
      vertex 73.0787 13.2338 15.8193
      vertex 73.3097 10.2463 3
      vertex 73.3097 13.6513 15.7074
    endloop
  endfacet
  facet normal 0.881932 -0.455315 0.122002
    outer loop
      vertex 73.3097 10.2463 3
      vertex 73.0787 13.2338 15.8193
      vertex 73.0787 9.79886 3
    endloop
  endfacet
  facet normal 0.995192 -0.0946034 0.025349
    outer loop
      vertex 73.452 14.1043 15.5861
      vertex 73.5 11.2368 3
      vertex 73.5 14.5754 15.4598
    endloop
  endfacet
  facet normal 0.995193 -0.0945926 0.0253465
    outer loop
      vertex 73.5 11.2368 3
      vertex 73.452 14.1043 15.5861
      vertex 73.452 10.7318 3
    endloop
  endfacet
  facet normal 0.956916 -0.28047 0.0751532
    outer loop
      vertex 73.3097 13.6513 15.7074
      vertex 73.452 10.7318 3
      vertex 73.452 14.1043 15.5861
    endloop
  endfacet
  facet normal 0.956916 -0.280472 0.0751536
    outer loop
      vertex 73.452 10.7318 3
      vertex 73.3097 13.6513 15.7074
      vertex 73.3097 10.2463 3
    endloop
  endfacet
  facet normal 0.0980574 -0.961272 0.257569
    outer loop
      vertex 71 30.3894 3
      vertex 71.4877 32.4914 10.6592
      vertex 71 32.445 10.6717
    endloop
  endfacet
  facet normal 0.097961 -0.961279 0.257577
    outer loop
      vertex 71.4877 32.4914 10.6592
      vertex 71 30.3894 3
      vertex 71.4877 30.4391 3
    endloop
  endfacet
  facet normal -0.290125 0.92438 -0.247687
    outer loop
      vertex 70.0433 35.3688 3
      vertex 70.5123 37.2282 9.39001
      vertex 70.5123 35.516 3
    endloop
  endfacet
  facet normal -0.290244 0.924348 -0.247669
    outer loop
      vertex 70.5123 37.2282 9.39001
      vertex 70.0433 35.3688 3
      vertex 70.0433 37.0908 9.42683
    endloop
  endfacet
  facet normal -0.0981565 0.961264 -0.25756
    outer loop
      vertex 70.5123 35.516 3
      vertex 71 37.2746 9.37757
      vertex 71 35.5658 3
    endloop
  endfacet
  facet normal -0.0980261 0.961274 -0.257573
    outer loop
      vertex 71 37.2746 9.37757
      vertex 70.5123 35.516 3
      vertex 70.5123 37.2282 9.39001
    endloop
  endfacet
  facet normal -0.471451 0.851845 -0.228243
    outer loop
      vertex 69.6111 35.1296 3
      vertex 70.0433 37.0908 9.42683
      vertex 70.0433 35.3688 3
    endloop
  endfacet
  facet normal -0.471329 0.851905 -0.228269
    outer loop
      vertex 70.0433 37.0908 9.42683
      vertex 69.6111 35.1296 3
      vertex 69.6111 36.8677 9.48662
    endloop
  endfacet
  facet normal -0.956916 -0.28047 0.0751527
    outer loop
      vertex 68.548 32.4726 3
      vertex 68.6903 33.9357 10.2722
      vertex 68.548 34.3887 10.1509
    endloop
  endfacet
  facet normal -0.956916 -0.280472 0.075153
    outer loop
      vertex 68.6903 33.9357 10.2722
      vertex 68.548 32.4726 3
      vertex 68.6903 31.9871 3
    endloop
  endfacet
  facet normal 0.0980261 0.961274 -0.257573
    outer loop
      vertex 71.4877 35.516 3
      vertex 71 37.2746 9.37757
      vertex 71.4877 37.2282 9.39001
    endloop
  endfacet
  facet normal 0.0981565 0.961264 -0.25756
    outer loop
      vertex 71 37.2746 9.37757
      vertex 71.4877 35.516 3
      vertex 71 35.5658 3
    endloop
  endfacet
  facet normal 0.995192 -0.0946035 0.0253485
    outer loop
      vertex 73.452 34.3887 10.1509
      vertex 73.5 32.9776 3
      vertex 73.5 34.8598 10.0246
    endloop
  endfacet
  facet normal 0.995193 -0.0945926 0.0253463
    outer loop
      vertex 73.5 32.9776 3
      vertex 73.452 34.3887 10.1509
      vertex 73.452 32.4726 3
    endloop
  endfacet
  facet normal -0.634364 0.746693 -0.200078
    outer loop
      vertex 69.2322 34.8077 3
      vertex 69.6111 36.8677 9.48662
      vertex 69.6111 35.1296 3
    endloop
  endfacet
  facet normal -0.63432 0.746728 -0.200091
    outer loop
      vertex 69.6111 36.8677 9.48662
      vertex 69.2322 34.8077 3
      vertex 69.2322 36.5674 9.56709
    endloop
  endfacet
  facet normal 0.773002 -0.612788 0.164191
    outer loop
      vertex 72.7678 33.1523 10.4822
      vertex 73.0787 31.5397 3
      vertex 73.0787 33.5182 10.3841
    endloop
  endfacet
  facet normal 0.773014 -0.612774 0.164188
    outer loop
      vertex 73.0787 31.5397 3
      vertex 72.7678 33.1523 10.4822
      vertex 72.7678 31.1475 3
    endloop
  endfacet
  facet normal 0.881947 0.455287 -0.121993
    outer loop
      vertex 73.3097 35.7839 9.77701
      vertex 73.0787 34.4155 3
      vertex 73.0787 36.2014 9.66514
    endloop
  endfacet
  facet normal 0.881958 0.455268 -0.121989
    outer loop
      vertex 73.0787 34.4155 3
      vertex 73.3097 35.7839 9.77701
      vertex 73.3097 33.968 3
    endloop
  endfacet
  facet normal -0 0.258779 0.965937
    outer loop
      vertex 71.85 34.8598 10.0246
      vertex 73.5 34.8598 10.0246
      vertex 73.452 35.3309 9.89839
    endloop
  endfacet
  facet normal -9.49128e-07 0.258817 0.965926
    outer loop
      vertex 71.8084 35.1135 9.95664
      vertex 73.452 35.3309 9.89839
      vertex 73.3097 35.7839 9.77701
    endloop
  endfacet
  facet normal 0 0.258951 0.96589
    outer loop
      vertex 73.5 34.8598 10.0246
      vertex 71.85 34.8598 10.0246
      vertex 73.452 34.3887 10.1509
    endloop
  endfacet
  facet normal -2.62348e-06 0.25882 0.965925
    outer loop
      vertex 71.8084 35.1135 9.95664
      vertex 73.3097 35.7839 9.77701
      vertex 73.0787 36.2014 9.66514
    endloop
  endfacet
  facet normal -1.7027e-05 0.258897 0.965905
    outer loop
      vertex 71.8084 34.6061 10.0926
      vertex 73.452 34.3887 10.1509
      vertex 71.85 34.8598 10.0246
    endloop
  endfacet
  facet normal 2.14923e-05 0.258788 0.965934
    outer loop
      vertex 71.6877 35.3424 9.89531
      vertex 73.0787 36.2014 9.66514
      vertex 72.7678 36.5674 9.56709
    endloop
  endfacet
  facet normal -4.89281e-05 0.258672 0.965965
    outer loop
      vertex 73.452 34.3887 10.1509
      vertex 71.8084 34.6061 10.0926
      vertex 73.3097 33.9357 10.2722
    endloop
  endfacet
  facet normal -6.82739e-06 0.258826 0.965924
    outer loop
      vertex 71.4996 35.5241 9.84664
      vertex 72.7678 36.5674 9.56709
      vertex 72.3889 36.8677 9.48662
    endloop
  endfacet
  facet normal 4.29539e-05 0.258864 0.965914
    outer loop
      vertex 73.3097 33.9357 10.2722
      vertex 71.8084 34.6061 10.0926
      vertex 73.0787 33.5182 10.3841
    endloop
  endfacet
  facet normal -1.65908e-05 0.258832 0.965922
    outer loop
      vertex 71.4996 35.5241 9.84664
      vertex 72.3889 36.8677 9.48662
      vertex 71.9567 37.0908 9.42683
    endloop
  endfacet
  facet normal -8.25706e-05 0.258727 0.96595
    outer loop
      vertex 71.6877 34.3772 10.1539
      vertex 73.0787 33.5182 10.3841
      vertex 71.8084 34.6061 10.0926
    endloop
  endfacet
  facet normal 4.69488e-05 0.258923 0.965898
    outer loop
      vertex 73.0787 33.5182 10.3841
      vertex 71.6877 34.3772 10.1539
      vertex 72.7678 33.1523 10.4822
    endloop
  endfacet
  facet normal 7.9833e-06 0.258754 0.965943
    outer loop
      vertex 73.452 35.3309 9.89839
      vertex 71.8084 35.1135 9.95664
      vertex 71.85 34.8598 10.0246
    endloop
  endfacet
  facet normal 7.87927e-06 0.258809 0.965929
    outer loop
      vertex 73.0787 36.2014 9.66514
      vertex 71.6877 35.3424 9.89531
      vertex 71.8084 35.1135 9.95664
    endloop
  endfacet
  facet normal 3.80872e-05 0.258775 0.965938
    outer loop
      vertex 72.7678 36.5674 9.56709
      vertex 71.4996 35.5241 9.84664
      vertex 71.6877 35.3424 9.89531
    endloop
  endfacet
  facet normal -5.65265e-06 0.258826 0.965924
    outer loop
      vertex 71.2627 35.6407 9.81539
      vertex 71.9567 37.0908 9.42683
      vertex 71.4877 37.2282 9.39001
    endloop
  endfacet
  facet normal -2.16852e-05 0.258833 0.965922
    outer loop
      vertex 71.9567 37.0908 9.42683
      vertex 71.2627 35.6407 9.81539
      vertex 71.4996 35.5241 9.84664
    endloop
  endfacet
  facet normal -1.24821e-05 0.258836 0.965921
    outer loop
      vertex 71 35.6809 9.80463
      vertex 71.4877 37.2282 9.39001
      vertex 71 37.2746 9.37757
    endloop
  endfacet
  facet normal 4.25652e-05 0.258819 0.965926
    outer loop
      vertex 71.4877 37.2282 9.39001
      vertex 71 35.6809 9.80463
      vertex 71.2627 35.6407 9.81539
    endloop
  endfacet
  facet normal 1.24821e-05 0.258836 0.965921
    outer loop
      vertex 70.5123 37.2282 9.39001
      vertex 71 35.6809 9.80463
      vertex 71 37.2746 9.37757
    endloop
  endfacet
  facet normal -4.25652e-05 0.258819 0.965926
    outer loop
      vertex 71 35.6809 9.80463
      vertex 70.5123 37.2282 9.39001
      vertex 70.7373 35.6407 9.81539
    endloop
  endfacet
  facet normal 5.65265e-06 0.258826 0.965924
    outer loop
      vertex 70.0433 37.0908 9.42683
      vertex 70.7373 35.6407 9.81539
      vertex 70.5123 37.2282 9.39001
    endloop
  endfacet
  facet normal 2.16852e-05 0.258833 0.965922
    outer loop
      vertex 70.7373 35.6407 9.81539
      vertex 70.0433 37.0908 9.42683
      vertex 70.5004 35.5241 9.84664
    endloop
  endfacet
  facet normal 1.65908e-05 0.258832 0.965922
    outer loop
      vertex 69.6111 36.8677 9.48662
      vertex 70.5004 35.5241 9.84664
      vertex 70.0433 37.0908 9.42683
    endloop
  endfacet
  facet normal 6.82739e-06 0.258826 0.965924
    outer loop
      vertex 69.2322 36.5674 9.56709
      vertex 70.5004 35.5241 9.84664
      vertex 69.6111 36.8677 9.48662
    endloop
  endfacet
  facet normal -3.80872e-05 0.258775 0.965938
    outer loop
      vertex 70.5004 35.5241 9.84664
      vertex 69.2322 36.5674 9.56709
      vertex 70.3123 35.3424 9.89531
    endloop
  endfacet
  facet normal 7.55187e-05 0.258947 0.965892
    outer loop
      vertex 71.4996 34.1956 10.2026
      vertex 72.7678 33.1523 10.4822
      vertex 71.6877 34.3772 10.1539
    endloop
  endfacet
  facet normal -0.000102749 0.258745 0.965946
    outer loop
      vertex 72.7678 33.1523 10.4822
      vertex 71.4996 34.1956 10.2026
      vertex 72.3889 32.852 10.5626
    endloop
  endfacet
  facet normal -5.85115e-06 0.258804 0.96593
    outer loop
      vertex 72.3889 32.852 10.5626
      vertex 71.4996 34.1956 10.2026
      vertex 71.9567 32.6288 10.6224
    endloop
  endfacet
  facet normal 0.000209716 0.258863 0.965914
    outer loop
      vertex 71.2627 34.079 10.2339
      vertex 71.9567 32.6288 10.6224
      vertex 71.4996 34.1956 10.2026
    endloop
  endfacet
  facet normal -1.56195e-05 0.258762 0.965941
    outer loop
      vertex 71.9567 32.6288 10.6224
      vertex 71.2627 34.079 10.2339
      vertex 71.4877 32.4914 10.6592
    endloop
  endfacet
  facet normal -0.000248771 0.258732 0.965949
    outer loop
      vertex 71 34.0388 10.2446
      vertex 71.4877 32.4914 10.6592
      vertex 71.2627 34.079 10.2339
    endloop
  endfacet
  facet normal 0.000130554 0.258843 0.965919
    outer loop
      vertex 71 34.0388 10.2446
      vertex 71 32.445 10.6717
      vertex 71.4877 32.4914 10.6592
    endloop
  endfacet
  facet normal 0.000248771 0.258732 0.965949
    outer loop
      vertex 70.5123 32.4914 10.6592
      vertex 71 34.0388 10.2446
      vertex 70.7373 34.079 10.2339
    endloop
  endfacet
  facet normal -0.000130554 0.258843 0.965919
    outer loop
      vertex 71 34.0388 10.2446
      vertex 70.5123 32.4914 10.6592
      vertex 71 32.445 10.6717
    endloop
  endfacet
  facet normal -0.000209716 0.258863 0.965914
    outer loop
      vertex 70.0433 32.6288 10.6224
      vertex 70.7373 34.079 10.2339
      vertex 70.5004 34.1956 10.2026
    endloop
  endfacet
  facet normal -7.55187e-05 0.258947 0.965892
    outer loop
      vertex 69.2322 33.1523 10.4822
      vertex 70.5004 34.1956 10.2026
      vertex 70.3123 34.3772 10.1539
    endloop
  endfacet
  facet normal 8.25706e-05 0.258727 0.96595
    outer loop
      vertex 68.9213 33.5182 10.3841
      vertex 70.3123 34.3772 10.1539
      vertex 70.1916 34.6061 10.0926
    endloop
  endfacet
  facet normal 1.7027e-05 0.258897 0.965905
    outer loop
      vertex 68.548 34.3887 10.1509
      vertex 70.1916 34.6061 10.0926
      vertex 70.15 34.8598 10.0246
    endloop
  endfacet
  facet normal 1.56195e-05 0.258762 0.965941
    outer loop
      vertex 70.7373 34.079 10.2339
      vertex 70.0433 32.6288 10.6224
      vertex 70.5123 32.4914 10.6592
    endloop
  endfacet
  facet normal -2.14923e-05 0.258788 0.965934
    outer loop
      vertex 68.9213 36.2014 9.66514
      vertex 70.3123 35.3424 9.89531
      vertex 69.2322 36.5674 9.56709
    endloop
  endfacet
  facet normal -7.87927e-06 0.258809 0.965929
    outer loop
      vertex 70.3123 35.3424 9.89531
      vertex 68.9213 36.2014 9.66514
      vertex 70.1916 35.1135 9.95664
    endloop
  endfacet
  facet normal 5.85115e-06 0.258804 0.96593
    outer loop
      vertex 70.5004 34.1956 10.2026
      vertex 69.6111 32.852 10.5626
      vertex 70.0433 32.6288 10.6224
    endloop
  endfacet
  facet normal 2.62348e-06 0.25882 0.965925
    outer loop
      vertex 68.6903 35.7839 9.77701
      vertex 70.1916 35.1135 9.95664
      vertex 68.9213 36.2014 9.66514
    endloop
  endfacet
  facet normal 0.000102749 0.258745 0.965946
    outer loop
      vertex 70.5004 34.1956 10.2026
      vertex 69.2322 33.1523 10.4822
      vertex 69.6111 32.852 10.5626
    endloop
  endfacet
  facet normal 9.49128e-07 0.258817 0.965926
    outer loop
      vertex 68.548 35.3309 9.89839
      vertex 70.1916 35.1135 9.95664
      vertex 68.6903 35.7839 9.77701
    endloop
  endfacet
  facet normal -4.69488e-05 0.258923 0.965898
    outer loop
      vertex 70.3123 34.3772 10.1539
      vertex 68.9213 33.5182 10.3841
      vertex 69.2322 33.1523 10.4822
    endloop
  endfacet
  facet normal -7.9833e-06 0.258754 0.965943
    outer loop
      vertex 70.1916 35.1135 9.95664
      vertex 68.548 35.3309 9.89839
      vertex 70.15 34.8598 10.0246
    endloop
  endfacet
  facet normal -4.29539e-05 0.258864 0.965914
    outer loop
      vertex 70.1916 34.6061 10.0926
      vertex 68.6903 33.9357 10.2722
      vertex 68.9213 33.5182 10.3841
    endloop
  endfacet
  facet normal -0 0.258779 0.965937
    outer loop
      vertex 68.5 34.8598 10.0246
      vertex 70.15 34.8598 10.0246
      vertex 68.548 35.3309 9.89839
    endloop
  endfacet
  facet normal 4.89281e-05 0.258672 0.965965
    outer loop
      vertex 70.1916 34.6061 10.0926
      vertex 68.548 34.3887 10.1509
      vertex 68.6903 33.9357 10.2722
    endloop
  endfacet
  facet normal 0 0.258951 0.96589
    outer loop
      vertex 70.15 34.8598 10.0246
      vertex 68.5 34.8598 10.0246
      vertex 68.548 34.3887 10.1509
    endloop
  endfacet
  facet normal 0.471486 -0.851825 0.228244
    outer loop
      vertex 71.9567 30.5864 3
      vertex 72.3889 32.852 10.5626
      vertex 71.9567 32.6288 10.6224
    endloop
  endfacet
  facet normal 0.47145 -0.851843 0.228251
    outer loop
      vertex 72.3889 32.852 10.5626
      vertex 71.9567 30.5864 3
      vertex 72.3889 30.8256 3
    endloop
  endfacet
  facet normal 0.290235 -0.924347 0.247681
    outer loop
      vertex 71.4877 30.4391 3
      vertex 71.9567 32.6288 10.6224
      vertex 71.4877 32.4914 10.6592
    endloop
  endfacet
  facet normal 0.290306 -0.924328 0.247671
    outer loop
      vertex 71.9567 32.6288 10.6224
      vertex 71.4877 30.4391 3
      vertex 71.9567 30.5864 3
    endloop
  endfacet
  facet normal -0.881947 0.455287 -0.121993
    outer loop
      vertex 68.9213 34.4155 3
      vertex 68.6903 35.7839 9.77701
      vertex 68.9213 36.2014 9.66514
    endloop
  endfacet
  facet normal -0.881958 0.455268 -0.121989
    outer loop
      vertex 68.6903 35.7839 9.77701
      vertex 68.9213 34.4155 3
      vertex 68.6903 33.968 3
    endloop
  endfacet
  facet normal 0.956916 -0.28047 0.0751527
    outer loop
      vertex 73.3097 33.9357 10.2722
      vertex 73.452 32.4726 3
      vertex 73.452 34.3887 10.1509
    endloop
  endfacet
  facet normal 0.956916 -0.280472 0.075153
    outer loop
      vertex 73.452 32.4726 3
      vertex 73.3097 33.9357 10.2722
      vertex 73.3097 31.9871 3
    endloop
  endfacet
  facet normal 0.290244 0.924348 -0.247669
    outer loop
      vertex 71.9567 35.3688 3
      vertex 71.4877 37.2282 9.39001
      vertex 71.9567 37.0908 9.42683
    endloop
  endfacet
  facet normal 0.290125 0.92438 -0.247687
    outer loop
      vertex 71.4877 37.2282 9.39001
      vertex 71.9567 35.3688 3
      vertex 71.4877 35.516 3
    endloop
  endfacet
  facet normal -0.95692 0.280459 -0.0751491
    outer loop
      vertex 68.6903 33.968 3
      vertex 68.548 35.3309 9.89839
      vertex 68.6903 35.7839 9.77701
    endloop
  endfacet
  facet normal -0.956916 0.280472 -0.0751515
    outer loop
      vertex 68.548 35.3309 9.89839
      vertex 68.6903 33.968 3
      vertex 68.548 33.4825 3
    endloop
  endfacet
  facet normal -0.47145 -0.851843 0.228251
    outer loop
      vertex 70.0433 30.5864 3
      vertex 69.6111 32.852 10.5626
      vertex 69.6111 30.8256 3
    endloop
  endfacet
  facet normal -0.471486 -0.851825 0.228244
    outer loop
      vertex 69.6111 32.852 10.5626
      vertex 70.0433 30.5864 3
      vertex 70.0433 32.6288 10.6224
    endloop
  endfacet
  facet normal 0.95692 0.280459 -0.0751491
    outer loop
      vertex 73.452 35.3309 9.89839
      vertex 73.3097 33.968 3
      vertex 73.3097 35.7839 9.77701
    endloop
  endfacet
  facet normal 0.956916 0.280472 -0.0751515
    outer loop
      vertex 73.3097 33.968 3
      vertex 73.452 35.3309 9.89839
      vertex 73.452 33.4825 3
    endloop
  endfacet
  facet normal -0.881951 -0.45528 0.121993
    outer loop
      vertex 68.6903 31.9871 3
      vertex 68.9213 33.5182 10.3841
      vertex 68.6903 33.9357 10.2722
    endloop
  endfacet
  facet normal -0.881915 -0.455347 0.122006
    outer loop
      vertex 68.9213 33.5182 10.3841
      vertex 68.6903 31.9871 3
      vertex 68.9213 31.5397 3
    endloop
  endfacet
  facet normal -0.773002 -0.612788 0.164191
    outer loop
      vertex 68.9213 31.5397 3
      vertex 69.2322 33.1523 10.4822
      vertex 68.9213 33.5182 10.3841
    endloop
  endfacet
  facet normal -0.773014 -0.612774 0.164188
    outer loop
      vertex 69.2322 33.1523 10.4822
      vertex 68.9213 31.5397 3
      vertex 69.2322 31.1475 3
    endloop
  endfacet
  facet normal 0.63432 0.746728 -0.200091
    outer loop
      vertex 72.7678 34.8077 3
      vertex 72.3889 36.8677 9.48662
      vertex 72.7678 36.5674 9.56709
    endloop
  endfacet
  facet normal 0.634364 0.746693 -0.200078
    outer loop
      vertex 72.3889 36.8677 9.48662
      vertex 72.7678 34.8077 3
      vertex 72.3889 35.1296 3
    endloop
  endfacet
  facet normal 0.471329 0.851905 -0.228269
    outer loop
      vertex 72.3889 35.1296 3
      vertex 71.9567 37.0908 9.42683
      vertex 72.3889 36.8677 9.48662
    endloop
  endfacet
  facet normal 0.471451 0.851845 -0.228243
    outer loop
      vertex 71.9567 37.0908 9.42683
      vertex 72.3889 35.1296 3
      vertex 71.9567 35.3688 3
    endloop
  endfacet
  facet normal -0.097961 -0.961279 0.257577
    outer loop
      vertex 71 30.3894 3
      vertex 70.5123 32.4914 10.6592
      vertex 70.5123 30.4391 3
    endloop
  endfacet
  facet normal -0.0980574 -0.961272 0.257569
    outer loop
      vertex 70.5123 32.4914 10.6592
      vertex 71 30.3894 3
      vertex 71 32.445 10.6717
    endloop
  endfacet
  facet normal 0.881951 -0.45528 0.121993
    outer loop
      vertex 73.0787 33.5182 10.3841
      vertex 73.3097 31.9871 3
      vertex 73.3097 33.9357 10.2722
    endloop
  endfacet
  facet normal 0.881915 -0.455347 0.122006
    outer loop
      vertex 73.3097 31.9871 3
      vertex 73.0787 33.5182 10.3841
      vertex 73.0787 31.5397 3
    endloop
  endfacet
  facet normal -0.773071 0.612705 -0.164179
    outer loop
      vertex 69.2322 34.8077 3
      vertex 68.9213 36.2014 9.66514
      vertex 69.2322 36.5674 9.56709
    endloop
  endfacet
  facet normal -0.773013 0.612774 -0.164191
    outer loop
      vertex 68.9213 36.2014 9.66514
      vertex 69.2322 34.8077 3
      vertex 68.9213 34.4155 3
    endloop
  endfacet
  facet normal 0.634297 -0.746747 0.200091
    outer loop
      vertex 72.3889 30.8256 3
      vertex 72.7678 33.1523 10.4822
      vertex 72.3889 32.852 10.5626
    endloop
  endfacet
  facet normal 0.634365 -0.746694 0.200071
    outer loop
      vertex 72.7678 33.1523 10.4822
      vertex 72.3889 30.8256 3
      vertex 72.7678 31.1475 3
    endloop
  endfacet
  facet normal -0.634365 -0.746694 0.200071
    outer loop
      vertex 69.6111 30.8256 3
      vertex 69.2322 33.1523 10.4822
      vertex 69.2322 31.1475 3
    endloop
  endfacet
  facet normal -0.634297 -0.746747 0.200091
    outer loop
      vertex 69.2322 33.1523 10.4822
      vertex 69.6111 30.8256 3
      vertex 69.6111 32.852 10.5626
    endloop
  endfacet
  facet normal 0.995192 0.0946079 -0.0253499
    outer loop
      vertex 73.5 34.8598 10.0246
      vertex 73.452 33.4825 3
      vertex 73.452 35.3309 9.89839
    endloop
  endfacet
  facet normal 0.995191 0.0946112 -0.0253505
    outer loop
      vertex 73.452 33.4825 3
      vertex 73.5 34.8598 10.0246
      vertex 73.5 32.9776 3
    endloop
  endfacet
  facet normal -0.995192 0.0946079 -0.0253499
    outer loop
      vertex 68.548 33.4825 3
      vertex 68.5 34.8598 10.0246
      vertex 68.548 35.3309 9.89839
    endloop
  endfacet
  facet normal -0.995191 0.0946112 -0.0253505
    outer loop
      vertex 68.5 34.8598 10.0246
      vertex 68.548 33.4825 3
      vertex 68.5 32.9776 3
    endloop
  endfacet
  facet normal -0.995192 -0.0946035 0.0253485
    outer loop
      vertex 68.5 32.9776 3
      vertex 68.548 34.3887 10.1509
      vertex 68.5 34.8598 10.0246
    endloop
  endfacet
  facet normal -0.995193 -0.0945926 0.0253463
    outer loop
      vertex 68.548 34.3887 10.1509
      vertex 68.5 32.9776 3
      vertex 68.548 32.4726 3
    endloop
  endfacet
  facet normal 0.773071 0.612705 -0.164179
    outer loop
      vertex 73.0787 36.2014 9.66514
      vertex 72.7678 34.8077 3
      vertex 72.7678 36.5674 9.56709
    endloop
  endfacet
  facet normal 0.773013 0.612774 -0.164191
    outer loop
      vertex 72.7678 34.8077 3
      vertex 73.0787 36.2014 9.66514
      vertex 73.0787 34.4155 3
    endloop
  endfacet
  facet normal -0.290306 -0.924328 0.247671
    outer loop
      vertex 70.5123 30.4391 3
      vertex 70.0433 32.6288 10.6224
      vertex 70.0433 30.5864 3
    endloop
  endfacet
  facet normal -0.290235 -0.924347 0.247681
    outer loop
      vertex 70.0433 32.6288 10.6224
      vertex 70.5123 30.4391 3
      vertex 70.5123 32.4914 10.6592
    endloop
  endfacet
  facet normal 0 0 -1
    outer loop
      vertex 46.2262 7.64384 0
      vertex 57.5 14.574 0
      vertex 46.2268 7.64186 0
    endloop
  endfacet
  facet normal 0 0 -1
    outer loop
      vertex 57.5 28.0326 0
      vertex 46.227 36.3602 0
      vertex 46.2901 37 0
    endloop
  endfacet
  facet normal 0 0 -1
    outer loop
      vertex 46.0396 8.25905 0
      vertex 57.5 14.574 0
      vertex 46.2262 7.64384 0
    endloop
  endfacet
  facet normal 0 0 -1
    outer loop
      vertex 57.5 28.0326 0
      vertex 46.2268 36.3581 0
      vertex 46.227 36.3602 0
    endloop
  endfacet
  facet normal 0 0 -1
    outer loop
      vertex 46.0386 8.26088 0
      vertex 57.5 14.574 0
      vertex 46.0396 8.25905 0
    endloop
  endfacet
  facet normal 0 0 -1
    outer loop
      vertex 57.5 28.0326 0
      vertex 46.2262 36.3562 0
      vertex 46.2268 36.3581 0
    endloop
  endfacet
  facet normal 0 0 -1
    outer loop
      vertex 45.7356 8.82786 0
      vertex 57.5 14.574 0
      vertex 46.0386 8.26088 0
    endloop
  endfacet
  facet normal 0 0 -1
    outer loop
      vertex 57.5 28.0326 0
      vertex 46.0396 35.7409 0
      vertex 46.2262 36.3562 0
    endloop
  endfacet
  facet normal 0 0 -1
    outer loop
      vertex 45.3277 9.32483 0
      vertex 57.5 14.574 0
      vertex 45.7356 8.82786 0
    endloop
  endfacet
  facet normal 0 0 -1
    outer loop
      vertex 57.5 28.0326 0
      vertex 46.0386 35.7391 0
      vertex 46.0396 35.7409 0
    endloop
  endfacet
  facet normal 0 0 -1
    outer loop
      vertex 45.3264 9.32643 0
      vertex 57.5 14.574 0
      vertex 45.3277 9.32483 0
    endloop
  endfacet
  facet normal 0 0 -1
    outer loop
      vertex 57.5 28.0326 0
      vertex 45.7356 35.1721 0
      vertex 46.0386 35.7391 0
    endloop
  endfacet
  facet normal 0 0 -1
    outer loop
      vertex 45.3248 9.32774 0
      vertex 57.5 14.574 0
      vertex 45.3264 9.32643 0
    endloop
  endfacet
  facet normal 0 0 -1
    outer loop
      vertex 57.5 28.0326 0
      vertex 45.3277 34.6752 0
      vertex 45.7356 35.1721 0
    endloop
  endfacet
  facet normal 0 0 -1
    outer loop
      vertex 44.8279 9.73559 0
      vertex 57.5 14.574 0
      vertex 45.3248 9.32774 0
    endloop
  endfacet
  facet normal 0 0 -1
    outer loop
      vertex 57.5 28.0326 0
      vertex 45.3264 34.6736 0
      vertex 45.3277 34.6752 0
    endloop
  endfacet
  facet normal 0 0 -1
    outer loop
      vertex 44.2609 10.0386 0
      vertex 57.5 14.574 0
      vertex 44.8279 9.73559 0
    endloop
  endfacet
  facet normal 0 0 -1
    outer loop
      vertex 57.5 28.0326 0
      vertex 45.3248 34.6723 0
      vertex 45.3264 34.6736 0
    endloop
  endfacet
  facet normal 0 0 -1
    outer loop
      vertex 44.2591 10.0396 0
      vertex 57.5 14.574 0
      vertex 44.2609 10.0386 0
    endloop
  endfacet
  facet normal 0 0 -1
    outer loop
      vertex 57.5 28.0326 0
      vertex 44.8279 34.2644 0
      vertex 45.3248 34.6723 0
    endloop
  endfacet
  facet normal -0 0 -1
    outer loop
      vertex 57.5 14.574 0
      vertex 44.2591 10.0396 0
      vertex 57.5 28.0326 0
    endloop
  endfacet
  facet normal 0 0 -1
    outer loop
      vertex 57.5 28.0326 0
      vertex 44.2609 33.9614 0
      vertex 44.8279 34.2644 0
    endloop
  endfacet
  facet normal 0 0 -1
    outer loop
      vertex 43.6438 10.2262 0
      vertex 57.5 28.0326 0
      vertex 44.2591 10.0396 0
    endloop
  endfacet
  facet normal 0 0 -1
    outer loop
      vertex 57.5 28.0326 0
      vertex 44.2591 33.9604 0
      vertex 44.2609 33.9614 0
    endloop
  endfacet
  facet normal 0 0 -1
    outer loop
      vertex 43.6419 10.2268 0
      vertex 57.5 28.0326 0
      vertex 43.6438 10.2262 0
    endloop
  endfacet
  facet normal 0 0 -1
    outer loop
      vertex 57.5 28.0326 0
      vertex 43.6438 33.7738 0
      vertex 44.2591 33.9604 0
    endloop
  endfacet
  facet normal 0 0 -1
    outer loop
      vertex 43.6419 33.7732 0
      vertex 57.5 28.0326 0
      vertex 43.6419 10.2268 0
    endloop
  endfacet
  facet normal 0 0 -1
    outer loop
      vertex 57.5 28.0326 0
      vertex 43.6419 33.7732 0
      vertex 43.6438 33.7738 0
    endloop
  endfacet
  facet normal 0 0 -1
    outer loop
      vertex 43.6398 10.227 0
      vertex 43.6419 33.7732 0
      vertex 43.6419 10.2268 0
    endloop
  endfacet
  facet normal 0 0 -1
    outer loop
      vertex 43.6398 10.227 0
      vertex 43.6398 33.773 0
      vertex 43.6419 33.7732 0
    endloop
  endfacet
  facet normal 0 0 -1
    outer loop
      vertex 43 10.2901 0
      vertex 43.6398 33.773 0
      vertex 43.6398 10.227 0
    endloop
  endfacet
  facet normal 0 0 -1
    outer loop
      vertex 43 10.2901 0
      vertex 43 33.7099 0
      vertex 43.6398 33.773 0
    endloop
  endfacet
  facet normal 0 0 -1
    outer loop
      vertex 42.3602 10.227 0
      vertex 43 33.7099 0
      vertex 43 10.2901 0
    endloop
  endfacet
  facet normal 0 0 -1
    outer loop
      vertex 42.3602 10.227 0
      vertex 42.3602 33.773 0
      vertex 43 33.7099 0
    endloop
  endfacet
  facet normal 0 0 -1
    outer loop
      vertex 42.3581 10.2268 0
      vertex 42.3602 33.773 0
      vertex 42.3602 10.227 0
    endloop
  endfacet
  facet normal 0 0 -1
    outer loop
      vertex 42.3581 10.2268 0
      vertex 42.3581 33.7732 0
      vertex 42.3602 33.773 0
    endloop
  endfacet
  facet normal 0 0 -1
    outer loop
      vertex 42.3562 10.2262 0
      vertex 42.3581 33.7732 0
      vertex 42.3581 10.2268 0
    endloop
  endfacet
  facet normal 0 0 -1
    outer loop
      vertex 42.3562 10.2262 0
      vertex 42.3562 33.7738 0
      vertex 42.3581 33.7732 0
    endloop
  endfacet
  facet normal 0 0 -1
    outer loop
      vertex 41.7409 10.0396 0
      vertex 42.3562 33.7738 0
      vertex 42.3562 10.2262 0
    endloop
  endfacet
  facet normal 0 0 -1
    outer loop
      vertex 41.7409 10.0396 0
      vertex 41.7409 33.9604 0
      vertex 42.3562 33.7738 0
    endloop
  endfacet
  facet normal 0 0 -1
    outer loop
      vertex 41.7391 10.0386 0
      vertex 41.7409 33.9604 0
      vertex 41.7409 10.0396 0
    endloop
  endfacet
  facet normal 0 0 -1
    outer loop
      vertex 41.7391 10.0386 0
      vertex 41.7391 33.9614 0
      vertex 41.7409 33.9604 0
    endloop
  endfacet
  facet normal 0 0 -1
    outer loop
      vertex 41.1721 9.73559 0
      vertex 41.7391 33.9614 0
      vertex 41.7391 10.0386 0
    endloop
  endfacet
  facet normal 0 0 -1
    outer loop
      vertex 41.1721 9.73559 0
      vertex 41.1721 34.2644 0
      vertex 41.7391 33.9614 0
    endloop
  endfacet
  facet normal 0 0 -1
    outer loop
      vertex 40.6752 9.32774 0
      vertex 41.1721 34.2644 0
      vertex 41.1721 9.73559 0
    endloop
  endfacet
  facet normal 0 0 -1
    outer loop
      vertex 40.6752 9.32774 0
      vertex 40.6752 34.6723 0
      vertex 41.1721 34.2644 0
    endloop
  endfacet
  facet normal 0 0 -1
    outer loop
      vertex 40.6736 9.32643 0
      vertex 40.6752 34.6723 0
      vertex 40.6752 9.32774 0
    endloop
  endfacet
  facet normal 0 0 -1
    outer loop
      vertex 40.6736 9.32643 0
      vertex 40.6736 34.6736 0
      vertex 40.6752 34.6723 0
    endloop
  endfacet
  facet normal 0 0 -1
    outer loop
      vertex 36 6 0
      vertex 40.6736 9.32643 0
      vertex 40.6723 9.32483 0
    endloop
  endfacet
  facet normal -0 0 -1
    outer loop
      vertex 40.6736 9.32643 0
      vertex 36 6 0
      vertex 40.6736 34.6736 0
    endloop
  endfacet
  facet normal 0 0 -1
    outer loop
      vertex 36 6 0
      vertex 40.6723 9.32483 0
      vertex 40.2644 8.82786 0
    endloop
  endfacet
  facet normal 0 0 -1
    outer loop
      vertex 36 38 0
      vertex 40.6736 34.6736 0
      vertex 36 6 0
    endloop
  endfacet
  facet normal 0 0 -1
    outer loop
      vertex 36 6 0
      vertex 40.2644 8.82786 0
      vertex 39.9614 8.26088 0
    endloop
  endfacet
  facet normal 0 0 -1
    outer loop
      vertex 40.6736 34.6736 0
      vertex 36 38 0
      vertex 40.6723 34.6752 0
    endloop
  endfacet
  facet normal 0 0 -1
    outer loop
      vertex 36 6 0
      vertex 39.9614 8.26088 0
      vertex 39.9604 8.25905 0
    endloop
  endfacet
  facet normal 0 0 -1
    outer loop
      vertex 40.6723 34.6752 0
      vertex 36 38 0
      vertex 40.2644 35.1721 0
    endloop
  endfacet
  facet normal 0 0 -1
    outer loop
      vertex 36 6 0
      vertex 39.9604 8.25905 0
      vertex 39.7738 7.64384 0
    endloop
  endfacet
  facet normal 0 0 -1
    outer loop
      vertex 40.2644 35.1721 0
      vertex 36 38 0
      vertex 39.9614 35.7391 0
    endloop
  endfacet
  facet normal 0 0 -1
    outer loop
      vertex 36 6 0
      vertex 39.7738 7.64384 0
      vertex 39.7732 7.64186 0
    endloop
  endfacet
  facet normal 0 0 -1
    outer loop
      vertex 39.9614 35.7391 0
      vertex 36 38 0
      vertex 39.9604 35.7409 0
    endloop
  endfacet
  facet normal 0 0 -1
    outer loop
      vertex 36 6 0
      vertex 39.7732 7.64186 0
      vertex 39.773 7.6398 0
    endloop
  endfacet
  facet normal 0 0 -1
    outer loop
      vertex 39.9604 35.7409 0
      vertex 36 38 0
      vertex 39.7738 36.3562 0
    endloop
  endfacet
  facet normal 0 0 -1
    outer loop
      vertex 36 6 0
      vertex 39.773 7.6398 0
      vertex 39.7099 7 0
    endloop
  endfacet
  facet normal 0 0 -1
    outer loop
      vertex 39.7738 36.3562 0
      vertex 36 38 0
      vertex 39.7732 36.3581 0
    endloop
  endfacet
  facet normal 0 0 -1
    outer loop
      vertex 92.2262 7.64384 0
      vertex 96 6 0
      vertex 92.2268 7.64186 0
    endloop
  endfacet
  facet normal 0 0 -1
    outer loop
      vertex 96 38 0
      vertex 92.2271 36.3602 0
      vertex 92.2901 37 0
    endloop
  endfacet
  facet normal 0 0 -1
    outer loop
      vertex 92.0396 8.25905 0
      vertex 96 6 0
      vertex 92.2262 7.64384 0
    endloop
  endfacet
  facet normal 0 0 -1
    outer loop
      vertex 96 38 0
      vertex 92.2268 36.3581 0
      vertex 92.2271 36.3602 0
    endloop
  endfacet
  facet normal 0 0 -1
    outer loop
      vertex 92.0386 8.26088 0
      vertex 96 6 0
      vertex 92.0396 8.25905 0
    endloop
  endfacet
  facet normal 0 0 -1
    outer loop
      vertex 96 38 0
      vertex 92.2262 36.3562 0
      vertex 92.2268 36.3581 0
    endloop
  endfacet
  facet normal 0 0 -1
    outer loop
      vertex 91.7356 8.82786 0
      vertex 96 6 0
      vertex 92.0386 8.26088 0
    endloop
  endfacet
  facet normal 0 0 -1
    outer loop
      vertex 96 38 0
      vertex 92.0396 35.7409 0
      vertex 92.2262 36.3562 0
    endloop
  endfacet
  facet normal 0 0 -1
    outer loop
      vertex 91.3277 9.32483 0
      vertex 96 6 0
      vertex 91.7356 8.82786 0
    endloop
  endfacet
  facet normal 0 0 -1
    outer loop
      vertex 96 38 0
      vertex 92.0386 35.7391 0
      vertex 92.0396 35.7409 0
    endloop
  endfacet
  facet normal 0 0 -1
    outer loop
      vertex 91.3264 9.32643 0
      vertex 96 6 0
      vertex 91.3277 9.32483 0
    endloop
  endfacet
  facet normal 0 0 -1
    outer loop
      vertex 96 38 0
      vertex 91.7356 35.1721 0
      vertex 92.0386 35.7391 0
    endloop
  endfacet
  facet normal 0 0 -1
    outer loop
      vertex 96 6 0
      vertex 91.3264 9.32643 0
      vertex 96 38 0
    endloop
  endfacet
  facet normal 0 0 -1
    outer loop
      vertex 96 38 0
      vertex 91.3277 34.6752 0
      vertex 91.7356 35.1721 0
    endloop
  endfacet
  facet normal 0 0 -1
    outer loop
      vertex 91.3264 34.6736 0
      vertex 96 38 0
      vertex 91.3264 9.32643 0
    endloop
  endfacet
  facet normal 0 0 -1
    outer loop
      vertex 96 38 0
      vertex 91.3264 34.6736 0
      vertex 91.3277 34.6752 0
    endloop
  endfacet
  facet normal 0 0 -1
    outer loop
      vertex 91.3248 9.32774 0
      vertex 91.3264 34.6736 0
      vertex 91.3264 9.32643 0
    endloop
  endfacet
  facet normal 0 0 -1
    outer loop
      vertex 91.3248 9.32774 0
      vertex 91.3248 34.6723 0
      vertex 91.3264 34.6736 0
    endloop
  endfacet
  facet normal 0 0 -1
    outer loop
      vertex 90.8279 9.73559 0
      vertex 91.3248 34.6723 0
      vertex 91.3248 9.32774 0
    endloop
  endfacet
  facet normal 0 0 -1
    outer loop
      vertex 90.8279 9.73559 0
      vertex 90.8279 34.2644 0
      vertex 91.3248 34.6723 0
    endloop
  endfacet
  facet normal 0 0 -1
    outer loop
      vertex 90.2609 10.0386 0
      vertex 90.8279 34.2644 0
      vertex 90.8279 9.73559 0
    endloop
  endfacet
  facet normal 0 0 -1
    outer loop
      vertex 90.2609 10.0386 0
      vertex 90.2609 33.9614 0
      vertex 90.8279 34.2644 0
    endloop
  endfacet
  facet normal 0 0 -1
    outer loop
      vertex 90.259 10.0396 0
      vertex 90.2609 33.9614 0
      vertex 90.2609 10.0386 0
    endloop
  endfacet
  facet normal 0 0 -1
    outer loop
      vertex 90.259 10.0396 0
      vertex 90.259 33.9604 0
      vertex 90.2609 33.9614 0
    endloop
  endfacet
  facet normal 0 0 -1
    outer loop
      vertex 89.6438 10.2262 0
      vertex 90.259 33.9604 0
      vertex 90.259 10.0396 0
    endloop
  endfacet
  facet normal 0 0 -1
    outer loop
      vertex 89.6438 10.2262 0
      vertex 89.6438 33.7738 0
      vertex 90.259 33.9604 0
    endloop
  endfacet
  facet normal 0 0 -1
    outer loop
      vertex 89.6419 10.2268 0
      vertex 89.6438 33.7738 0
      vertex 89.6438 10.2262 0
    endloop
  endfacet
  facet normal 0 0 -1
    outer loop
      vertex 89.6419 10.2268 0
      vertex 89.6419 33.7732 0
      vertex 89.6438 33.7738 0
    endloop
  endfacet
  facet normal 0 0 -1
    outer loop
      vertex 89.6398 10.227 0
      vertex 89.6419 33.7732 0
      vertex 89.6419 10.2268 0
    endloop
  endfacet
  facet normal 0 0 -1
    outer loop
      vertex 89.6398 10.227 0
      vertex 89.6398 33.773 0
      vertex 89.6419 33.7732 0
    endloop
  endfacet
  facet normal 0 0 -1
    outer loop
      vertex 89 10.2901 0
      vertex 89.6398 33.773 0
      vertex 89.6398 10.227 0
    endloop
  endfacet
  facet normal 0 0 -1
    outer loop
      vertex 89 10.2901 0
      vertex 89 33.7099 0
      vertex 89.6398 33.773 0
    endloop
  endfacet
  facet normal 0 0 -1
    outer loop
      vertex 88.3602 10.227 0
      vertex 89 33.7099 0
      vertex 89 10.2901 0
    endloop
  endfacet
  facet normal 0 0 -1
    outer loop
      vertex 88.3602 10.227 0
      vertex 88.3602 33.773 0
      vertex 89 33.7099 0
    endloop
  endfacet
  facet normal 0 0 -1
    outer loop
      vertex 88.3581 10.2268 0
      vertex 88.3602 33.773 0
      vertex 88.3602 10.227 0
    endloop
  endfacet
  facet normal 0 0 -1
    outer loop
      vertex 88.3581 10.2268 0
      vertex 88.3581 33.7732 0
      vertex 88.3602 33.773 0
    endloop
  endfacet
  facet normal 0 0 -1
    outer loop
      vertex 74.5 28.0326 0
      vertex 88.3581 10.2268 0
      vertex 88.3562 10.2262 0
    endloop
  endfacet
  facet normal 0 0 -1
    outer loop
      vertex 88.3581 10.2268 0
      vertex 74.5 28.0326 0
      vertex 88.3581 33.7732 0
    endloop
  endfacet
  facet normal 0 0 -1
    outer loop
      vertex 74.5 28.0326 0
      vertex 88.3562 10.2262 0
      vertex 87.741 10.0396 0
    endloop
  endfacet
  facet normal -0 0 -1
    outer loop
      vertex 88.3581 33.7732 0
      vertex 74.5 28.0326 0
      vertex 88.3562 33.7738 0
    endloop
  endfacet
  facet normal 0 0 -1
    outer loop
      vertex 74.5 14.574 0
      vertex 87.741 10.0396 0
      vertex 87.7391 10.0386 0
    endloop
  endfacet
  facet normal -0 0 -1
    outer loop
      vertex 88.3562 33.7738 0
      vertex 74.5 28.0326 0
      vertex 87.741 33.9604 0
    endloop
  endfacet
  facet normal 0 0 -1
    outer loop
      vertex 74.5 14.574 0
      vertex 87.7391 10.0386 0
      vertex 87.1721 9.73559 0
    endloop
  endfacet
  facet normal -0 0 -1
    outer loop
      vertex 87.741 33.9604 0
      vertex 74.5 28.0326 0
      vertex 87.7391 33.9614 0
    endloop
  endfacet
  facet normal 0 0 -1
    outer loop
      vertex 74.5 14.574 0
      vertex 87.1721 9.73559 0
      vertex 86.6752 9.32774 0
    endloop
  endfacet
  facet normal -0 0 -1
    outer loop
      vertex 87.7391 33.9614 0
      vertex 74.5 28.0326 0
      vertex 87.1721 34.2644 0
    endloop
  endfacet
  facet normal 0 0 -1
    outer loop
      vertex 74.5 14.574 0
      vertex 86.6752 9.32774 0
      vertex 86.6736 9.32643 0
    endloop
  endfacet
  facet normal -0 0 -1
    outer loop
      vertex 87.1721 34.2644 0
      vertex 74.5 28.0326 0
      vertex 86.6752 34.6723 0
    endloop
  endfacet
  facet normal 0 0 -1
    outer loop
      vertex 74.5 14.574 0
      vertex 86.6736 9.32643 0
      vertex 86.6723 9.32483 0
    endloop
  endfacet
  facet normal -0 0 -1
    outer loop
      vertex 86.6752 34.6723 0
      vertex 74.5 28.0326 0
      vertex 86.6736 34.6736 0
    endloop
  endfacet
  facet normal 0 0 -1
    outer loop
      vertex 74.5 14.574 0
      vertex 86.6723 9.32483 0
      vertex 86.2644 8.82786 0
    endloop
  endfacet
  facet normal -0 0 -1
    outer loop
      vertex 86.6736 34.6736 0
      vertex 74.5 28.0326 0
      vertex 86.6723 34.6752 0
    endloop
  endfacet
  facet normal 0 0 -1
    outer loop
      vertex 74.5 14.574 0
      vertex 86.2644 8.82786 0
      vertex 85.9614 8.26088 0
    endloop
  endfacet
  facet normal -0 0 -1
    outer loop
      vertex 86.6723 34.6752 0
      vertex 74.5 28.0326 0
      vertex 86.2644 35.1721 0
    endloop
  endfacet
  facet normal 0 0 -1
    outer loop
      vertex 74.5 14.574 0
      vertex 85.9614 8.26088 0
      vertex 85.9604 8.25905 0
    endloop
  endfacet
  facet normal -0 0 -1
    outer loop
      vertex 86.2644 35.1721 0
      vertex 74.5 28.0326 0
      vertex 85.9614 35.7391 0
    endloop
  endfacet
  facet normal 0 0 -1
    outer loop
      vertex 74.5 14.574 0
      vertex 85.9604 8.25905 0
      vertex 85.7738 7.64384 0
    endloop
  endfacet
  facet normal -0 0 -1
    outer loop
      vertex 85.9614 35.7391 0
      vertex 74.5 28.0326 0
      vertex 85.9604 35.7409 0
    endloop
  endfacet
  facet normal 0 0 -1
    outer loop
      vertex 74.5 14.574 0
      vertex 85.7738 7.64384 0
      vertex 85.7732 7.64186 0
    endloop
  endfacet
  facet normal -0 0 -1
    outer loop
      vertex 85.9604 35.7409 0
      vertex 74.5 28.0326 0
      vertex 85.7738 36.3562 0
    endloop
  endfacet
  facet normal 0 0 -1
    outer loop
      vertex 74.5 14.574 0
      vertex 85.7732 7.64186 0
      vertex 85.7729 7.6398 0
    endloop
  endfacet
  facet normal -0 0 -1
    outer loop
      vertex 85.7738 36.3562 0
      vertex 74.5 28.0326 0
      vertex 85.7732 36.3581 0
    endloop
  endfacet
  facet normal 0 0 -1
    outer loop
      vertex 74.5 14.574 0
      vertex 85.7729 7.6398 0
      vertex 85.7099 7 0
    endloop
  endfacet
  facet normal -0 0 -1
    outer loop
      vertex 85.7732 36.3581 0
      vertex 74.5 28.0326 0
      vertex 85.7729 36.3602 0
    endloop
  endfacet
  facet normal 0 0 -1
    outer loop
      vertex 92.2262 6.35616 0
      vertex 96 6 0
      vertex 95.8164 4.52708 0
    endloop
  endfacet
  facet normal 0 0 -1
    outer loop
      vertex 92.2271 7.6398 0
      vertex 96 6 0
      vertex 92.2901 7 0
    endloop
  endfacet
  facet normal 0 0 -1
    outer loop
      vertex 91.7356 5.17214 0
      vertex 95.8164 4.52708 0
      vertex 95.023 2.71831 0
    endloop
  endfacet
  facet normal 0 0 -1
    outer loop
      vertex 92.2268 7.64186 0
      vertex 96 6 0
      vertex 92.2271 7.6398 0
    endloop
  endfacet
  facet normal 0 0 -1
    outer loop
      vertex 91.3264 4.67357 0
      vertex 95.023 2.71831 0
      vertex 93.6853 1.26515 0
    endloop
  endfacet
  facet normal 0 0 -1
    outer loop
      vertex 92.2271 37.6398 0
      vertex 96 38 0
      vertex 92.2901 37 0
    endloop
  endfacet
  facet normal 0 0 -1
    outer loop
      vertex 92.2268 37.6419 0
      vertex 96 38 0
      vertex 92.2271 37.6398 0
    endloop
  endfacet
  facet normal 0 0 -1
    outer loop
      vertex 96 6 0
      vertex 92.2271 6.3602 0
      vertex 92.2901 7 0
    endloop
  endfacet
  facet normal 0 0 -1
    outer loop
      vertex 96 6 0
      vertex 92.2268 6.35814 0
      vertex 92.2271 6.3602 0
    endloop
  endfacet
  facet normal 0 0 -1
    outer loop
      vertex 96 6 0
      vertex 92.2262 6.35616 0
      vertex 92.2268 6.35814 0
    endloop
  endfacet
  facet normal 0 0 -1
    outer loop
      vertex 95.8164 4.52708 0
      vertex 92.0396 5.74095 0
      vertex 92.2262 6.35616 0
    endloop
  endfacet
  facet normal 0 0 -1
    outer loop
      vertex 95.8164 4.52708 0
      vertex 92.0386 5.73912 0
      vertex 92.0396 5.74095 0
    endloop
  endfacet
  facet normal 0 0 -1
    outer loop
      vertex 90.8279 4.26441 0
      vertex 93.6853 1.26515 0
      vertex 91.9482 0.325104 0
    endloop
  endfacet
  facet normal 0 0 -1
    outer loop
      vertex 95.8164 4.52708 0
      vertex 91.7356 5.17214 0
      vertex 92.0386 5.73912 0
    endloop
  endfacet
  facet normal 0 0 -1
    outer loop
      vertex 95.023 2.71831 0
      vertex 91.3277 4.67517 0
      vertex 91.7356 5.17214 0
    endloop
  endfacet
  facet normal 0 0 -1
    outer loop
      vertex 95.023 2.71831 0
      vertex 91.3264 4.67357 0
      vertex 91.3277 4.67517 0
    endloop
  endfacet
  facet normal 0 0 -1
    outer loop
      vertex 93.6853 1.26515 0
      vertex 91.3248 4.67226 0
      vertex 91.3264 4.67357 0
    endloop
  endfacet
  facet normal 0 0 -1
    outer loop
      vertex 93.6853 1.26515 0
      vertex 90.8279 4.26441 0
      vertex 91.3248 4.67226 0
    endloop
  endfacet
  facet normal 0 0 -1
    outer loop
      vertex 91.9482 0.325104 0
      vertex 90.2609 3.96135 0
      vertex 90.8279 4.26441 0
    endloop
  endfacet
  facet normal 0 0 -1
    outer loop
      vertex 91.9482 0.325104 0
      vertex 90.259 3.96038 0
      vertex 90.2609 3.96135 0
    endloop
  endfacet
  facet normal 0 0 -1
    outer loop
      vertex 90 0 0
      vertex 90.259 3.96038 0
      vertex 91.9482 0.325104 0
    endloop
  endfacet
  facet normal 0 0 -1
    outer loop
      vertex 90 0 0
      vertex 89.6438 3.77376 0
      vertex 90.259 3.96038 0
    endloop
  endfacet
  facet normal 0 0 -1
    outer loop
      vertex 90 0 0
      vertex 89.6419 3.77315 0
      vertex 89.6438 3.77376 0
    endloop
  endfacet
  facet normal 0 0 -1
    outer loop
      vertex 90 0 0
      vertex 89.6398 3.77295 0
      vertex 89.6419 3.77315 0
    endloop
  endfacet
  facet normal 0 0 -1
    outer loop
      vertex 90 0 0
      vertex 89 3.70994 0
      vertex 89.6398 3.77295 0
    endloop
  endfacet
  facet normal 0 0 -1
    outer loop
      vertex 90 0 0
      vertex 88.3602 3.77295 0
      vertex 89 3.70994 0
    endloop
  endfacet
  facet normal 0 0 -1
    outer loop
      vertex 90 0 0
      vertex 88.3581 3.77315 0
      vertex 88.3602 3.77295 0
    endloop
  endfacet
  facet normal 0 0 -1
    outer loop
      vertex 90 0 0
      vertex 88.3562 3.77376 0
      vertex 88.3581 3.77315 0
    endloop
  endfacet
  facet normal 0 0 -1
    outer loop
      vertex 90 0 0
      vertex 87.741 3.96038 0
      vertex 88.3562 3.77376 0
    endloop
  endfacet
  facet normal 0 0 -1
    outer loop
      vertex 90 0 0
      vertex 87.7391 3.96135 0
      vertex 87.741 3.96038 0
    endloop
  endfacet
  facet normal 0 0 -1
    outer loop
      vertex 90 0 0
      vertex 87.1721 4.26441 0
      vertex 87.7391 3.96135 0
    endloop
  endfacet
  facet normal 0 0 -1
    outer loop
      vertex 90 0 0
      vertex 86.6752 4.67226 0
      vertex 87.1721 4.26441 0
    endloop
  endfacet
  facet normal 0 0 -1
    outer loop
      vertex 90 0 0
      vertex 86.6736 4.67357 0
      vertex 86.6752 4.67226 0
    endloop
  endfacet
  facet normal 0 0 -1
    outer loop
      vertex 45.3264 4.67357 0
      vertex 86.6736 4.67357 0
      vertex 90 0 0
    endloop
  endfacet
  facet normal 0 0 -1
    outer loop
      vertex 86.6736 4.67357 0
      vertex 45.3264 4.67357 0
      vertex 86.6723 4.67517 0
    endloop
  endfacet
  facet normal 0 0 -1
    outer loop
      vertex 74.5 14.574 0
      vertex 85.9614 5.73912 0
      vertex 86.2644 5.17214 0
    endloop
  endfacet
  facet normal 0 0 -1
    outer loop
      vertex 74.5 14.574 0
      vertex 85.7738 6.35616 0
      vertex 85.9604 5.74095 0
    endloop
  endfacet
  facet normal 0 0 -1
    outer loop
      vertex 87.741 10.0396 0
      vertex 74.5 14.574 0
      vertex 74.5 28.0326 0
    endloop
  endfacet
  facet normal 0 0 -1
    outer loop
      vertex 85.7729 6.3602 0
      vertex 74.5 14.574 0
      vertex 85.7099 7 0
    endloop
  endfacet
  facet normal 0 0 -1
    outer loop
      vertex 85.7732 6.35814 0
      vertex 74.5 14.574 0
      vertex 85.7729 6.3602 0
    endloop
  endfacet
  facet normal 0 0 -1
    outer loop
      vertex 85.7738 6.35616 0
      vertex 74.5 14.574 0
      vertex 85.7732 6.35814 0
    endloop
  endfacet
  facet normal 0 0 -1
    outer loop
      vertex 85.9614 5.73912 0
      vertex 74.5 14.574 0
      vertex 85.9604 5.74095 0
    endloop
  endfacet
  facet normal 0 -0 -1
    outer loop
      vertex 45.3277 4.67517 0
      vertex 86.6723 4.67517 0
      vertex 45.3264 4.67357 0
    endloop
  endfacet
  facet normal 0 0 -1
    outer loop
      vertex 86.2644 5.17214 0
      vertex 45.7356 5.17214 0
      vertex 74.5 14.574 0
    endloop
  endfacet
  facet normal 0 0 -1
    outer loop
      vertex 46.227 7.6398 0
      vertex 57.5 14.574 0
      vertex 46.2901 7 0
    endloop
  endfacet
  facet normal -0 0 -1
    outer loop
      vertex 74.5 14.574 0
      vertex 45.7356 5.17214 0
      vertex 57.5 14.574 0
    endloop
  endfacet
  facet normal 0 0 -1
    outer loop
      vertex 57.5 14.574 0
      vertex 46.227 6.3602 0
      vertex 46.2901 7 0
    endloop
  endfacet
  facet normal 0 0 -1
    outer loop
      vertex 57.5 14.574 0
      vertex 46.2268 6.35814 0
      vertex 46.227 6.3602 0
    endloop
  endfacet
  facet normal 0 0 -1
    outer loop
      vertex 57.5 14.574 0
      vertex 46.2262 6.35616 0
      vertex 46.2268 6.35814 0
    endloop
  endfacet
  facet normal 0 0 -1
    outer loop
      vertex 57.5 14.574 0
      vertex 46.0396 5.74095 0
      vertex 46.2262 6.35616 0
    endloop
  endfacet
  facet normal 0 0 -1
    outer loop
      vertex 57.5 14.574 0
      vertex 46.0386 5.73912 0
      vertex 46.0396 5.74095 0
    endloop
  endfacet
  facet normal 0 0 -1
    outer loop
      vertex 57.5 14.574 0
      vertex 45.7356 5.17214 0
      vertex 46.0386 5.73912 0
    endloop
  endfacet
  facet normal -0 0 -1
    outer loop
      vertex 86.2644 5.17214 0
      vertex 45.3277 4.67517 0
      vertex 45.7356 5.17214 0
    endloop
  endfacet
  facet normal 0 0 -1
    outer loop
      vertex 86.6723 4.67517 0
      vertex 45.3277 4.67517 0
      vertex 86.2644 5.17214 0
    endloop
  endfacet
  facet normal 0 0 -1
    outer loop
      vertex 42 0 0
      vertex 45.3264 4.67357 0
      vertex 90 0 0
    endloop
  endfacet
  facet normal 0 0 -1
    outer loop
      vertex 45.3264 4.67357 0
      vertex 42 0 0
      vertex 45.3248 4.67226 0
    endloop
  endfacet
  facet normal 0 0 -1
    outer loop
      vertex 45.3248 4.67226 0
      vertex 42 0 0
      vertex 44.8279 4.26441 0
    endloop
  endfacet
  facet normal 0 0 -1
    outer loop
      vertex 44.8279 4.26441 0
      vertex 42 0 0
      vertex 44.2609 3.96135 0
    endloop
  endfacet
  facet normal 0 0 -1
    outer loop
      vertex 44.2609 3.96135 0
      vertex 42 0 0
      vertex 44.2591 3.96038 0
    endloop
  endfacet
  facet normal 0 0 -1
    outer loop
      vertex 44.2591 3.96038 0
      vertex 42 0 0
      vertex 43.6438 3.77376 0
    endloop
  endfacet
  facet normal 0 0 -1
    outer loop
      vertex 43.6438 3.77376 0
      vertex 42 0 0
      vertex 43.6419 3.77315 0
    endloop
  endfacet
  facet normal 0 0 -1
    outer loop
      vertex 43.6419 3.77315 0
      vertex 42 0 0
      vertex 43.6398 3.77295 0
    endloop
  endfacet
  facet normal 0 0 -1
    outer loop
      vertex 43.6398 3.77295 0
      vertex 42 0 0
      vertex 43 3.70994 0
    endloop
  endfacet
  facet normal 0 0 -1
    outer loop
      vertex 42 0 0
      vertex 42.3602 3.77295 0
      vertex 43 3.70994 0
    endloop
  endfacet
  facet normal 0 0 -1
    outer loop
      vertex 42 0 0
      vertex 42.3581 3.77315 0
      vertex 42.3602 3.77295 0
    endloop
  endfacet
  facet normal 0 0 -1
    outer loop
      vertex 42 0 0
      vertex 42.3562 3.77376 0
      vertex 42.3581 3.77315 0
    endloop
  endfacet
  facet normal 0 0 -1
    outer loop
      vertex 40.5271 0.183594 0
      vertex 42.3562 3.77376 0
      vertex 42 0 0
    endloop
  endfacet
  facet normal -0 0 -1
    outer loop
      vertex 42.3562 3.77376 0
      vertex 40.5271 0.183594 0
      vertex 41.7409 3.96038 0
    endloop
  endfacet
  facet normal -0 0 -1
    outer loop
      vertex 41.7409 3.96038 0
      vertex 40.5271 0.183594 0
      vertex 41.7391 3.96135 0
    endloop
  endfacet
  facet normal -0 0 -1
    outer loop
      vertex 41.7391 3.96135 0
      vertex 40.5271 0.183594 0
      vertex 41.1721 4.26441 0
    endloop
  endfacet
  facet normal 0 0 -1
    outer loop
      vertex 38.7183 0.977005 0
      vertex 41.1721 4.26441 0
      vertex 40.5271 0.183594 0
    endloop
  endfacet
  facet normal -0 0 -1
    outer loop
      vertex 41.1721 4.26441 0
      vertex 38.7183 0.977005 0
      vertex 40.6752 4.67226 0
    endloop
  endfacet
  facet normal -0 0 -1
    outer loop
      vertex 40.6752 4.67226 0
      vertex 38.7183 0.977005 0
      vertex 40.6736 4.67357 0
    endloop
  endfacet
  facet normal 0 0 -1
    outer loop
      vertex 37.2652 2.31473 0
      vertex 40.6736 4.67357 0
      vertex 38.7183 0.977005 0
    endloop
  endfacet
  facet normal -0 0 -1
    outer loop
      vertex 40.6736 4.67357 0
      vertex 37.2652 2.31473 0
      vertex 40.6723 4.67517 0
    endloop
  endfacet
  facet normal -0 0 -1
    outer loop
      vertex 40.6723 4.67517 0
      vertex 37.2652 2.31473 0
      vertex 40.2644 5.17214 0
    endloop
  endfacet
  facet normal 0 0 -1
    outer loop
      vertex 36.3251 4.0518 0
      vertex 40.2644 5.17214 0
      vertex 37.2652 2.31473 0
    endloop
  endfacet
  facet normal -0 0 -1
    outer loop
      vertex 40.2644 5.17214 0
      vertex 36.3251 4.0518 0
      vertex 39.9614 5.73912 0
    endloop
  endfacet
  facet normal 0 0 -1
    outer loop
      vertex 36 6 0
      vertex 39.773 6.3602 0
      vertex 39.7732 6.35814 0
    endloop
  endfacet
  facet normal 0 0 -1
    outer loop
      vertex 39.9604 5.74095 0
      vertex 36 6 0
      vertex 39.7738 6.35616 0
    endloop
  endfacet
  facet normal 0 0 -1
    outer loop
      vertex 36 6 0
      vertex 39.9604 5.74095 0
      vertex 36.3251 4.0518 0
    endloop
  endfacet
  facet normal -0 0 -1
    outer loop
      vertex 39.9614 5.73912 0
      vertex 36.3251 4.0518 0
      vertex 39.9604 5.74095 0
    endloop
  endfacet
  facet normal 0 0 -1
    outer loop
      vertex 92.2262 37.6438 0
      vertex 96 38 0
      vertex 92.2268 37.6419 0
    endloop
  endfacet
  facet normal 0 0 -1
    outer loop
      vertex 92.0396 38.2591 0
      vertex 96 38 0
      vertex 92.2262 37.6438 0
    endloop
  endfacet
  facet normal 0 0 -1
    outer loop
      vertex 96 38 0
      vertex 92.0396 38.2591 0
      vertex 95.6749 39.9482 0
    endloop
  endfacet
  facet normal 0 0 -1
    outer loop
      vertex 92.0386 38.2609 0
      vertex 95.6749 39.9482 0
      vertex 92.0396 38.2591 0
    endloop
  endfacet
  facet normal 0 0 -1
    outer loop
      vertex 91.7356 38.8279 0
      vertex 95.6749 39.9482 0
      vertex 92.0386 38.2609 0
    endloop
  endfacet
  facet normal -0 0 -1
    outer loop
      vertex 95.6749 39.9482 0
      vertex 91.7356 38.8279 0
      vertex 94.7348 41.6853 0
    endloop
  endfacet
  facet normal 0 0 -1
    outer loop
      vertex 91.3277 39.3248 0
      vertex 94.7348 41.6853 0
      vertex 91.7356 38.8279 0
    endloop
  endfacet
  facet normal 0 0 -1
    outer loop
      vertex 91.3264 39.3264 0
      vertex 94.7348 41.6853 0
      vertex 91.3277 39.3248 0
    endloop
  endfacet
  facet normal -0 0 -1
    outer loop
      vertex 94.7348 41.6853 0
      vertex 91.3264 39.3264 0
      vertex 93.2817 43.023 0
    endloop
  endfacet
  facet normal 0 0 -1
    outer loop
      vertex 91.3248 39.3277 0
      vertex 93.2817 43.023 0
      vertex 91.3264 39.3264 0
    endloop
  endfacet
  facet normal 0 0 -1
    outer loop
      vertex 90.8279 39.7356 0
      vertex 93.2817 43.023 0
      vertex 91.3248 39.3277 0
    endloop
  endfacet
  facet normal -0 0 -1
    outer loop
      vertex 93.2817 43.023 0
      vertex 90.8279 39.7356 0
      vertex 91.4729 43.8164 0
    endloop
  endfacet
  facet normal 0 0 -1
    outer loop
      vertex 90.2609 40.0386 0
      vertex 91.4729 43.8164 0
      vertex 90.8279 39.7356 0
    endloop
  endfacet
  facet normal 0 0 -1
    outer loop
      vertex 90.259 40.0396 0
      vertex 91.4729 43.8164 0
      vertex 90.2609 40.0386 0
    endloop
  endfacet
  facet normal 0 0 -1
    outer loop
      vertex 89.6438 40.2262 0
      vertex 91.4729 43.8164 0
      vertex 90.259 40.0396 0
    endloop
  endfacet
  facet normal -0 0 -1
    outer loop
      vertex 91.4729 43.8164 0
      vertex 89.6438 40.2262 0
      vertex 90 44 0
    endloop
  endfacet
  facet normal 0 0 -1
    outer loop
      vertex 89.6419 40.2268 0
      vertex 90 44 0
      vertex 89.6438 40.2262 0
    endloop
  endfacet
  facet normal 0 0 -1
    outer loop
      vertex 89.6398 40.227 0
      vertex 90 44 0
      vertex 89.6419 40.2268 0
    endloop
  endfacet
  facet normal 0 0 -1
    outer loop
      vertex 89 40.2901 0
      vertex 90 44 0
      vertex 89.6398 40.227 0
    endloop
  endfacet
  facet normal 0 0 -1
    outer loop
      vertex 88.3602 40.227 0
      vertex 90 44 0
      vertex 89 40.2901 0
    endloop
  endfacet
  facet normal 0 0 -1
    outer loop
      vertex 88.3581 40.2268 0
      vertex 90 44 0
      vertex 88.3602 40.227 0
    endloop
  endfacet
  facet normal 0 0 -1
    outer loop
      vertex 88.3562 40.2262 0
      vertex 90 44 0
      vertex 88.3581 40.2268 0
    endloop
  endfacet
  facet normal 0 0 -1
    outer loop
      vertex 87.741 40.0396 0
      vertex 90 44 0
      vertex 88.3562 40.2262 0
    endloop
  endfacet
  facet normal 0 0 -1
    outer loop
      vertex 87.7391 40.0386 0
      vertex 90 44 0
      vertex 87.741 40.0396 0
    endloop
  endfacet
  facet normal 0 0 -1
    outer loop
      vertex 87.1721 39.7356 0
      vertex 90 44 0
      vertex 87.7391 40.0386 0
    endloop
  endfacet
  facet normal 0 0 -1
    outer loop
      vertex 86.6752 39.3277 0
      vertex 90 44 0
      vertex 87.1721 39.7356 0
    endloop
  endfacet
  facet normal 0 0 -1
    outer loop
      vertex 86.6736 39.3264 0
      vertex 90 44 0
      vertex 86.6752 39.3277 0
    endloop
  endfacet
  facet normal 0 0 -1
    outer loop
      vertex 45.3264 39.3264 0
      vertex 86.6736 39.3264 0
      vertex 86.6723 39.3248 0
    endloop
  endfacet
  facet normal 0 0 -1
    outer loop
      vertex 45.3277 39.3248 0
      vertex 86.6723 39.3248 0
      vertex 86.2644 38.8279 0
    endloop
  endfacet
  facet normal 0 0 -1
    outer loop
      vertex 74.5 28.0326 0
      vertex 85.9614 38.2609 0
      vertex 85.9604 38.2591 0
    endloop
  endfacet
  facet normal 0 0 -1
    outer loop
      vertex 74.5 28.0326 0
      vertex 85.7738 37.6438 0
      vertex 85.7732 37.6419 0
    endloop
  endfacet
  facet normal -0 0 -1
    outer loop
      vertex 85.7729 36.3602 0
      vertex 74.5 28.0326 0
      vertex 85.7099 37 0
    endloop
  endfacet
  facet normal -0 0 -1
    outer loop
      vertex 85.7099 37 0
      vertex 74.5 28.0326 0
      vertex 85.7729 37.6398 0
    endloop
  endfacet
  facet normal -0 0 -1
    outer loop
      vertex 85.7729 37.6398 0
      vertex 74.5 28.0326 0
      vertex 85.7732 37.6419 0
    endloop
  endfacet
  facet normal -0 0 -1
    outer loop
      vertex 85.7738 37.6438 0
      vertex 74.5 28.0326 0
      vertex 85.9604 38.2591 0
    endloop
  endfacet
  facet normal -0 0 -1
    outer loop
      vertex 85.9614 38.2609 0
      vertex 74.5 28.0326 0
      vertex 86.2644 38.8279 0
    endloop
  endfacet
  facet normal 0 0 -1
    outer loop
      vertex 45.7356 38.8279 0
      vertex 86.2644 38.8279 0
      vertex 74.5 28.0326 0
    endloop
  endfacet
  facet normal 0 0 -1
    outer loop
      vertex 45.7356 38.8279 0
      vertex 74.5 28.0326 0
      vertex 57.5 28.0326 0
    endloop
  endfacet
  facet normal 0 0 -1
    outer loop
      vertex 46.2268 7.64186 0
      vertex 57.5 14.574 0
      vertex 46.227 7.6398 0
    endloop
  endfacet
  facet normal 0 0 -1
    outer loop
      vertex 46.227 37.6398 0
      vertex 57.5 28.0326 0
      vertex 46.2901 37 0
    endloop
  endfacet
  facet normal 0 0 -1
    outer loop
      vertex 46.2268 37.6419 0
      vertex 57.5 28.0326 0
      vertex 46.227 37.6398 0
    endloop
  endfacet
  facet normal 0 0 -1
    outer loop
      vertex 46.2262 37.6438 0
      vertex 57.5 28.0326 0
      vertex 46.2268 37.6419 0
    endloop
  endfacet
  facet normal 0 0 -1
    outer loop
      vertex 46.0396 38.2591 0
      vertex 57.5 28.0326 0
      vertex 46.2262 37.6438 0
    endloop
  endfacet
  facet normal 0 0 -1
    outer loop
      vertex 46.0386 38.2609 0
      vertex 57.5 28.0326 0
      vertex 46.0396 38.2591 0
    endloop
  endfacet
  facet normal 0 0 -1
    outer loop
      vertex 45.7356 38.8279 0
      vertex 57.5 28.0326 0
      vertex 46.0386 38.2609 0
    endloop
  endfacet
  facet normal 0 0 -1
    outer loop
      vertex 45.3277 39.3248 0
      vertex 86.2644 38.8279 0
      vertex 45.7356 38.8279 0
    endloop
  endfacet
  facet normal 0 0 -1
    outer loop
      vertex 86.6723 39.3248 0
      vertex 45.3277 39.3248 0
      vertex 45.3264 39.3264 0
    endloop
  endfacet
  facet normal 0 0 -1
    outer loop
      vertex 86.6736 39.3264 0
      vertex 45.3264 39.3264 0
      vertex 90 44 0
    endloop
  endfacet
  facet normal 0 0 -1
    outer loop
      vertex 42 44 0
      vertex 45.3264 39.3264 0
      vertex 45.3248 39.3277 0
    endloop
  endfacet
  facet normal 0 0 -1
    outer loop
      vertex 42 44 0
      vertex 45.3248 39.3277 0
      vertex 44.8279 39.7356 0
    endloop
  endfacet
  facet normal 0 0 -1
    outer loop
      vertex 42 44 0
      vertex 44.8279 39.7356 0
      vertex 44.2609 40.0386 0
    endloop
  endfacet
  facet normal 0 0 -1
    outer loop
      vertex 42 44 0
      vertex 44.2609 40.0386 0
      vertex 44.2591 40.0396 0
    endloop
  endfacet
  facet normal 0 0 -1
    outer loop
      vertex 42 44 0
      vertex 44.2591 40.0396 0
      vertex 43.6438 40.2262 0
    endloop
  endfacet
  facet normal 0 0 -1
    outer loop
      vertex 42 44 0
      vertex 43.6438 40.2262 0
      vertex 43.6419 40.2268 0
    endloop
  endfacet
  facet normal 0 0 -1
    outer loop
      vertex 42 44 0
      vertex 43.6419 40.2268 0
      vertex 43.6398 40.227 0
    endloop
  endfacet
  facet normal 0 0 -1
    outer loop
      vertex 42 44 0
      vertex 43.6398 40.227 0
      vertex 43 40.2901 0
    endloop
  endfacet
  facet normal 0 0 -1
    outer loop
      vertex 42 44 0
      vertex 42.3602 40.227 0
      vertex 42.3581 40.2268 0
    endloop
  endfacet
  facet normal 0 0 -1
    outer loop
      vertex 45.3264 39.3264 0
      vertex 42 44 0
      vertex 90 44 0
    endloop
  endfacet
  facet normal 0 0 -1
    outer loop
      vertex 42.3602 40.227 0
      vertex 42 44 0
      vertex 43 40.2901 0
    endloop
  endfacet
  facet normal 0 0 -1
    outer loop
      vertex 42.3562 40.2262 0
      vertex 42 44 0
      vertex 42.3581 40.2268 0
    endloop
  endfacet
  facet normal 0 0 -1
    outer loop
      vertex 41.7409 40.0396 0
      vertex 42 44 0
      vertex 42.3562 40.2262 0
    endloop
  endfacet
  facet normal 0 0 -1
    outer loop
      vertex 40.0518 43.6749 0
      vertex 41.7409 40.0396 0
      vertex 41.7391 40.0386 0
    endloop
  endfacet
  facet normal 0 0 -1
    outer loop
      vertex 40.0518 43.6749 0
      vertex 41.7391 40.0386 0
      vertex 41.1721 39.7356 0
    endloop
  endfacet
  facet normal 0 0 -1
    outer loop
      vertex 38.3147 42.7348 0
      vertex 41.1721 39.7356 0
      vertex 40.6752 39.3277 0
    endloop
  endfacet
  facet normal 0 0 -1
    outer loop
      vertex 38.3147 42.7348 0
      vertex 40.6752 39.3277 0
      vertex 40.6736 39.3264 0
    endloop
  endfacet
  facet normal 0 0 -1
    outer loop
      vertex 36.977 41.2817 0
      vertex 40.6736 39.3264 0
      vertex 40.6723 39.3248 0
    endloop
  endfacet
  facet normal 0 0 -1
    outer loop
      vertex 36.977 41.2817 0
      vertex 40.6723 39.3248 0
      vertex 40.2644 38.8279 0
    endloop
  endfacet
  facet normal 0 0 -1
    outer loop
      vertex 41.7409 40.0396 0
      vertex 40.0518 43.6749 0
      vertex 42 44 0
    endloop
  endfacet
  facet normal 0 0 -1
    outer loop
      vertex 36.1836 39.4729 0
      vertex 40.2644 38.8279 0
      vertex 39.9614 38.2609 0
    endloop
  endfacet
  facet normal 0 0 -1
    outer loop
      vertex 36.1836 39.4729 0
      vertex 39.9614 38.2609 0
      vertex 39.9604 38.2591 0
    endloop
  endfacet
  facet normal 0 0 -1
    outer loop
      vertex 36.1836 39.4729 0
      vertex 39.9604 38.2591 0
      vertex 39.7738 37.6438 0
    endloop
  endfacet
  facet normal 0 0 -1
    outer loop
      vertex 36 38 0
      vertex 39.7738 37.6438 0
      vertex 39.7732 37.6419 0
    endloop
  endfacet
  facet normal 0 0 -1
    outer loop
      vertex 36 38 0
      vertex 39.7732 37.6419 0
      vertex 39.773 37.6398 0
    endloop
  endfacet
  facet normal 0 0 -1
    outer loop
      vertex 36 38 0
      vertex 39.773 37.6398 0
      vertex 39.7099 37 0
    endloop
  endfacet
  facet normal 0 0 -1
    outer loop
      vertex 41.1721 39.7356 0
      vertex 38.3147 42.7348 0
      vertex 40.0518 43.6749 0
    endloop
  endfacet
  facet normal 0 0 -1
    outer loop
      vertex 39.7732 36.3581 0
      vertex 36 38 0
      vertex 39.773 36.3602 0
    endloop
  endfacet
  facet normal -0 0 -1
    outer loop
      vertex 39.7738 6.35616 0
      vertex 36 6 0
      vertex 39.7732 6.35814 0
    endloop
  endfacet
  facet normal 0 0 -1
    outer loop
      vertex 39.773 36.3602 0
      vertex 36 38 0
      vertex 39.7099 37 0
    endloop
  endfacet
  facet normal -0 0 -1
    outer loop
      vertex 39.773 6.3602 0
      vertex 36 6 0
      vertex 39.7099 7 0
    endloop
  endfacet
  facet normal 0 0 -1
    outer loop
      vertex 39.7738 37.6438 0
      vertex 36 38 0
      vertex 36.1836 39.4729 0
    endloop
  endfacet
  facet normal 0 0 -1
    outer loop
      vertex 40.6736 39.3264 0
      vertex 36.977 41.2817 0
      vertex 38.3147 42.7348 0
    endloop
  endfacet
  facet normal 0 0 -1
    outer loop
      vertex 40.2644 38.8279 0
      vertex 36.1836 39.4729 0
      vertex 36.977 41.2817 0
    endloop
  endfacet
  facet normal 0.735731 -0.677274 0
    outer loop
      vertex 93.6853 1.26515 3
      vertex 95.023 2.71831 0
      vertex 95.023 2.71831 3
    endloop
  endfacet
  facet normal 0.735731 -0.677274 0
    outer loop
      vertex 95.023 2.71831 0
      vertex 93.6853 1.26515 3
      vertex 93.6853 1.26515 0
    endloop
  endfacet
  facet normal 0 -1 0
    outer loop
      vertex 42 0 0
      vertex 90 0 3
      vertex 42 0 3
    endloop
  endfacet
  facet normal 0 -1 -0
    outer loop
      vertex 90 0 3
      vertex 42 0 0
      vertex 90 0 0
    endloop
  endfacet
  facet normal 0.475937 -0.879479 0
    outer loop
      vertex 91.9482 0.325104 0
      vertex 93.6853 1.26515 3
      vertex 91.9482 0.325104 3
    endloop
  endfacet
  facet normal 0.475937 -0.879479 0
    outer loop
      vertex 93.6853 1.26515 3
      vertex 91.9482 0.325104 0
      vertex 93.6853 1.26515 0
    endloop
  endfacet
  facet normal -0.123691 -0.992321 0
    outer loop
      vertex 40.5271 0.183594 0
      vertex 42 0 3
      vertex 40.5271 0.183594 3
    endloop
  endfacet
  facet normal -0.123691 -0.992321 -0
    outer loop
      vertex 42 0 3
      vertex 40.5271 0.183594 0
      vertex 42 0 0
    endloop
  endfacet
  facet normal -0.99232 0.123695 0
    outer loop
      vertex 36 38 0
      vertex 36.1836 39.4729 3
      vertex 36.1836 39.4729 0
    endloop
  endfacet
  facet normal -0.99232 0.123695 0
    outer loop
      vertex 36.1836 39.4729 3
      vertex 36 38 0
      vertex 36 38 3
    endloop
  endfacet
  facet normal 0.164598 -0.986361 0
    outer loop
      vertex 90 0 0
      vertex 91.9482 0.325104 3
      vertex 90 0 3
    endloop
  endfacet
  facet normal 0.164598 -0.986361 0
    outer loop
      vertex 91.9482 0.325104 3
      vertex 90 0 0
      vertex 91.9482 0.325104 0
    endloop
  endfacet
  facet normal -1 0 0
    outer loop
      vertex 36 6 0
      vertex 36 38 3
      vertex 36 38 0
    endloop
  endfacet
  facet normal -1 -0 0
    outer loop
      vertex 36 38 3
      vertex 36 6 0
      vertex 36 6 3
    endloop
  endfacet
  facet normal -0.164596 0.986361 0
    outer loop
      vertex 42 44 0
      vertex 40.0518 43.6749 3
      vertex 42 44 3
    endloop
  endfacet
  facet normal -0.164596 0.986361 0
    outer loop
      vertex 40.0518 43.6749 3
      vertex 42 44 0
      vertex 40.0518 43.6749 0
    endloop
  endfacet
  facet normal -0.401694 -0.915774 0
    outer loop
      vertex 38.7183 0.977005 0
      vertex 40.5271 0.183594 3
      vertex 38.7183 0.977005 3
    endloop
  endfacet
  facet normal -0.401694 -0.915774 -0
    outer loop
      vertex 40.5271 0.183594 3
      vertex 38.7183 0.977005 0
      vertex 40.5271 0.183594 0
    endloop
  endfacet
  facet normal 0.986361 0.164596 0
    outer loop
      vertex 96 38 3
      vertex 95.6749 39.9482 0
      vertex 95.6749 39.9482 3
    endloop
  endfacet
  facet normal 0.986361 0.164596 0
    outer loop
      vertex 95.6749 39.9482 0
      vertex 96 38 3
      vertex 96 38 0
    endloop
  endfacet
  facet normal -0.677296 -0.735711 0
    outer loop
      vertex 37.2652 2.31473 0
      vertex 38.7183 0.977005 3
      vertex 37.2652 2.31473 3
    endloop
  endfacet
  facet normal -0.677296 -0.735711 -0
    outer loop
      vertex 38.7183 0.977005 3
      vertex 37.2652 2.31473 0
      vertex 38.7183 0.977005 0
    endloop
  endfacet
  facet normal 0.123695 0.99232 -0
    outer loop
      vertex 91.4729 43.8164 0
      vertex 90 44 3
      vertex 91.4729 43.8164 3
    endloop
  endfacet
  facet normal 0.123695 0.99232 0
    outer loop
      vertex 90 44 3
      vertex 91.4729 43.8164 0
      vertex 90 44 0
    endloop
  endfacet
  facet normal -0.735717 0.677289 0
    outer loop
      vertex 36.977 41.2817 0
      vertex 38.3147 42.7348 3
      vertex 38.3147 42.7348 0
    endloop
  endfacet
  facet normal -0.735717 0.677289 0
    outer loop
      vertex 38.3147 42.7348 3
      vertex 36.977 41.2817 0
      vertex 36.977 41.2817 3
    endloop
  endfacet
  facet normal -0.986361 -0.164596 0
    outer loop
      vertex 36.3251 4.0518 0
      vertex 36 6 3
      vertex 36 6 0
    endloop
  endfacet
  facet normal -0.986361 -0.164596 0
    outer loop
      vertex 36 6 3
      vertex 36.3251 4.0518 0
      vertex 36.3251 4.0518 3
    endloop
  endfacet
  facet normal 0 1 -0
    outer loop
      vertex 90 44 0
      vertex 42 44 3
      vertex 90 44 3
    endloop
  endfacet
  facet normal 0 1 0
    outer loop
      vertex 42 44 3
      vertex 90 44 0
      vertex 42 44 0
    endloop
  endfacet
  facet normal -0.475959 0.879468 0
    outer loop
      vertex 40.0518 43.6749 0
      vertex 38.3147 42.7348 3
      vertex 40.0518 43.6749 3
    endloop
  endfacet
  facet normal -0.475959 0.879468 0
    outer loop
      vertex 38.3147 42.7348 3
      vertex 40.0518 43.6749 0
      vertex 38.3147 42.7348 0
    endloop
  endfacet
  facet normal 1 -0 0
    outer loop
      vertex 96 6 3
      vertex 96 38 0
      vertex 96 38 3
    endloop
  endfacet
  facet normal 1 0 0
    outer loop
      vertex 96 38 0
      vertex 96 6 3
      vertex 96 6 0
    endloop
  endfacet
  facet normal -0.879464 -0.475965 0
    outer loop
      vertex 37.2652 2.31473 0
      vertex 36.3251 4.0518 3
      vertex 36.3251 4.0518 0
    endloop
  endfacet
  facet normal -0.879464 -0.475965 0
    outer loop
      vertex 36.3251 4.0518 3
      vertex 37.2652 2.31473 0
      vertex 37.2652 2.31473 3
    endloop
  endfacet
  facet normal 0.879468 0.475959 0
    outer loop
      vertex 95.6749 39.9482 3
      vertex 94.7348 41.6853 0
      vertex 94.7348 41.6853 3
    endloop
  endfacet
  facet normal 0.879468 0.475959 0
    outer loop
      vertex 94.7348 41.6853 0
      vertex 95.6749 39.9482 3
      vertex 95.6749 39.9482 0
    endloop
  endfacet
  facet normal 0.40169 0.915776 -0
    outer loop
      vertex 93.2817 43.023 0
      vertex 91.4729 43.8164 3
      vertex 93.2817 43.023 3
    endloop
  endfacet
  facet normal 0.40169 0.915776 0
    outer loop
      vertex 91.4729 43.8164 3
      vertex 93.2817 43.023 0
      vertex 91.4729 43.8164 0
    endloop
  endfacet
  facet normal 0.915773 -0.401695 0
    outer loop
      vertex 95.023 2.71831 3
      vertex 95.8164 4.52708 0
      vertex 95.8164 4.52708 3
    endloop
  endfacet
  facet normal 0.915773 -0.401695 0
    outer loop
      vertex 95.8164 4.52708 0
      vertex 95.023 2.71831 3
      vertex 95.023 2.71831 0
    endloop
  endfacet
  facet normal 0.677289 0.735717 -0
    outer loop
      vertex 94.7348 41.6853 0
      vertex 93.2817 43.023 3
      vertex 94.7348 41.6853 3
    endloop
  endfacet
  facet normal 0.677289 0.735717 0
    outer loop
      vertex 93.2817 43.023 3
      vertex 94.7348 41.6853 0
      vertex 93.2817 43.023 0
    endloop
  endfacet
  facet normal -0.915776 0.40169 0
    outer loop
      vertex 36.1836 39.4729 0
      vertex 36.977 41.2817 3
      vertex 36.977 41.2817 0
    endloop
  endfacet
  facet normal -0.915776 0.40169 0
    outer loop
      vertex 36.977 41.2817 3
      vertex 36.1836 39.4729 0
      vertex 36.1836 39.4729 3
    endloop
  endfacet
  facet normal -0 0 1
    outer loop
      vertex 43.9445 35.5865 3
      vertex 56.1903 31.9871 3
      vertex 44.2021 35.7979 3
    endloop
  endfacet
  facet normal 0 0 1
    outer loop
      vertex 57.5 15.3779 3
      vertex 44.6673 7.33165 3
      vertex 44.7 7 3
    endloop
  endfacet
  facet normal -0 0 1
    outer loop
      vertex 41.25 32.3296 3
      vertex 56.1903 31.9871 3
      vertex 43.9445 35.5865 3
    endloop
  endfacet
  facet normal 0 0 1
    outer loop
      vertex 57.5 15.3779 3
      vertex 44.5706 7.65056 3
      vertex 44.6673 7.33165 3
    endloop
  endfacet
  facet normal 0 0 1
    outer loop
      vertex 56.1903 31.9871 3
      vertex 41.25 32.3296 3
      vertex 56.4213 31.5397 3
    endloop
  endfacet
  facet normal 0 0 1
    outer loop
      vertex 57.5 15.3779 3
      vertex 44.4135 7.94447 3
      vertex 44.5706 7.65056 3
    endloop
  endfacet
  facet normal 0 0 1
    outer loop
      vertex 57.5 28.8365 3
      vertex 41.25 32.3296 3
      vertex 57.5 15.3779 3
    endloop
  endfacet
  facet normal 0 0 1
    outer loop
      vertex 57.5 15.3779 3
      vertex 44.2021 8.20208 3
      vertex 44.4135 7.94447 3
    endloop
  endfacet
  facet normal 0 0 1
    outer loop
      vertex 56.4213 31.5397 3
      vertex 41.25 32.3296 3
      vertex 57.5 28.8365 3
    endloop
  endfacet
  facet normal 0 0 1
    outer loop
      vertex 41.25 11.6704 3
      vertex 57.5 15.3779 3
      vertex 41.25 32.3296 3
    endloop
  endfacet
  facet normal 0 0 1
    outer loop
      vertex 41.25 32.3296 3
      vertex 43.9445 35.5865 3
      vertex 43.6506 35.4294 3
    endloop
  endfacet
  facet normal 0 -0 1
    outer loop
      vertex 43.9445 8.4135 3
      vertex 57.5 15.3779 3
      vertex 41.25 11.6704 3
    endloop
  endfacet
  facet normal 0 0 1
    outer loop
      vertex 41.25 32.3296 3
      vertex 43.6506 35.4294 3
      vertex 43.3317 35.3327 3
    endloop
  endfacet
  facet normal 0 0 1
    outer loop
      vertex 57.5 15.3779 3
      vertex 43.9445 8.4135 3
      vertex 44.2021 8.20208 3
    endloop
  endfacet
  facet normal 0 0 1
    outer loop
      vertex 41.25 32.3296 3
      vertex 43.3317 35.3327 3
      vertex 43 35.3 3
    endloop
  endfacet
  facet normal 0 0 1
    outer loop
      vertex 43.9445 8.4135 3
      vertex 41.25 11.6704 3
      vertex 43.6506 8.57059 3
    endloop
  endfacet
  facet normal 0 0 1
    outer loop
      vertex 41.25 32.3296 3
      vertex 43 35.3 3
      vertex 42.6683 35.3327 3
    endloop
  endfacet
  facet normal 0 0 1
    outer loop
      vertex 43.6506 8.57059 3
      vertex 41.25 11.6704 3
      vertex 43.3317 8.66733 3
    endloop
  endfacet
  facet normal 0 0 1
    outer loop
      vertex 41.25 32.3296 3
      vertex 42.6683 35.3327 3
      vertex 42.3494 35.4294 3
    endloop
  endfacet
  facet normal 0 0 1
    outer loop
      vertex 43.3317 8.66733 3
      vertex 41.25 11.6704 3
      vertex 43 8.7 3
    endloop
  endfacet
  facet normal 0 0 1
    outer loop
      vertex 40.73 32.545 3
      vertex 42.3494 35.4294 3
      vertex 42.0555 35.5865 3
    endloop
  endfacet
  facet normal 0 0 1
    outer loop
      vertex 43 8.7 3
      vertex 41.25 11.6704 3
      vertex 42.6683 8.66733 3
    endloop
  endfacet
  facet normal 0 0 1
    outer loop
      vertex 40.0611 32.9549 3
      vertex 42.0555 35.5865 3
      vertex 41.7979 35.7979 3
    endloop
  endfacet
  facet normal 0 0 1
    outer loop
      vertex 42.6683 8.66733 3
      vertex 41.25 11.6704 3
      vertex 42.3494 8.57059 3
    endloop
  endfacet
  facet normal 0 0 1
    outer loop
      vertex 39.25 33.7156 3
      vertex 41.7979 35.7979 3
      vertex 41.5865 36.0555 3
    endloop
  endfacet
  facet normal -0 0 1
    outer loop
      vertex 40.73 11.455 3
      vertex 42.3494 8.57059 3
      vertex 41.25 11.6704 3
    endloop
  endfacet
  facet normal 0 0 1
    outer loop
      vertex 39.25 33.7156 3
      vertex 41.5865 36.0555 3
      vertex 41.4294 36.3494 3
    endloop
  endfacet
  facet normal 0 0 1
    outer loop
      vertex 42.3494 8.57059 3
      vertex 40.73 11.455 3
      vertex 42.0555 8.4135 3
    endloop
  endfacet
  facet normal 0 0 1
    outer loop
      vertex 39.25 33.7156 3
      vertex 41.4294 36.3494 3
      vertex 41.3327 36.6683 3
    endloop
  endfacet
  facet normal -0 0 1
    outer loop
      vertex 40.0611 11.0451 3
      vertex 42.0555 8.4135 3
      vertex 40.73 11.455 3
    endloop
  endfacet
  facet normal 0 0 1
    outer loop
      vertex 36 38 3
      vertex 41.3327 36.6683 3
      vertex 41.3 37 3
    endloop
  endfacet
  facet normal 0 0 1
    outer loop
      vertex 42.0555 8.4135 3
      vertex 40.0611 11.0451 3
      vertex 41.7979 8.20208 3
    endloop
  endfacet
  facet normal 0 0 1
    outer loop
      vertex 74.5 15.3779 3
      vertex 73.452 11.7417 3
      vertex 73.5 11.2368 3
    endloop
  endfacet
  facet normal 0 0 1
    outer loop
      vertex 74.5 15.3779 3
      vertex 73.3097 12.2272 3
      vertex 73.452 11.7417 3
    endloop
  endfacet
  facet normal 0 0 1
    outer loop
      vertex 74.5 15.3779 3
      vertex 73.0787 12.6747 3
      vertex 73.3097 12.2272 3
    endloop
  endfacet
  facet normal 0 0 1
    outer loop
      vertex 74.5 15.3779 3
      vertex 72.7678 13.0669 3
      vertex 73.0787 12.6747 3
    endloop
  endfacet
  facet normal 0 0 1
    outer loop
      vertex 74.5 15.3779 3
      vertex 72.3889 13.3888 3
      vertex 72.7678 13.0669 3
    endloop
  endfacet
  facet normal 0 0 1
    outer loop
      vertex 74.5 15.3779 3
      vertex 71.9567 13.628 3
      vertex 72.3889 13.3888 3
    endloop
  endfacet
  facet normal 0 0 1
    outer loop
      vertex 74.5 15.3779 3
      vertex 71.4877 13.7752 3
      vertex 71.9567 13.628 3
    endloop
  endfacet
  facet normal 0 0 1
    outer loop
      vertex 74.5 15.3779 3
      vertex 71 13.825 3
      vertex 71.4877 13.7752 3
    endloop
  endfacet
  facet normal 0 0 1
    outer loop
      vertex 74.5 15.3779 3
      vertex 70.5123 13.7752 3
      vertex 71 13.825 3
    endloop
  endfacet
  facet normal -0 0 1
    outer loop
      vertex 57.5 15.3779 3
      vertex 70.5123 13.7752 3
      vertex 74.5 15.3779 3
    endloop
  endfacet
  facet normal 0 0 1
    outer loop
      vertex 68.548 11.7417 3
      vertex 61 11.2368 3
      vertex 68.5 11.2368 3
    endloop
  endfacet
  facet normal 0 0 1
    outer loop
      vertex 60.952 11.7417 3
      vertex 68.548 11.7417 3
      vertex 68.6903 12.2272 3
    endloop
  endfacet
  facet normal 0 0 1
    outer loop
      vertex 60.8097 12.2272 3
      vertex 68.6903 12.2272 3
      vertex 68.9213 12.6747 3
    endloop
  endfacet
  facet normal 0 0 1
    outer loop
      vertex 60.5787 12.6747 3
      vertex 68.9213 12.6747 3
      vertex 69.2322 13.0669 3
    endloop
  endfacet
  facet normal 0 0 1
    outer loop
      vertex 60.2678 13.0669 3
      vertex 69.2322 13.0669 3
      vertex 69.6111 13.3888 3
    endloop
  endfacet
  facet normal 0 0 1
    outer loop
      vertex 57.5 15.3779 3
      vertex 69.6111 13.3888 3
      vertex 70.0433 13.628 3
    endloop
  endfacet
  facet normal 0 0 1
    outer loop
      vertex 70.5123 13.7752 3
      vertex 57.5 15.3779 3
      vertex 70.0433 13.628 3
    endloop
  endfacet
  facet normal 0 0 1
    outer loop
      vertex 68.548 11.7417 3
      vertex 60.952 11.7417 3
      vertex 61 11.2368 3
    endloop
  endfacet
  facet normal 0 0 1
    outer loop
      vertex 68.6903 12.2272 3
      vertex 60.8097 12.2272 3
      vertex 60.952 11.7417 3
    endloop
  endfacet
  facet normal 0 0 1
    outer loop
      vertex 68.9213 12.6747 3
      vertex 60.5787 12.6747 3
      vertex 60.8097 12.2272 3
    endloop
  endfacet
  facet normal 0 0 1
    outer loop
      vertex 69.2322 13.0669 3
      vertex 60.2678 13.0669 3
      vertex 60.5787 12.6747 3
    endloop
  endfacet
  facet normal 0 0 1
    outer loop
      vertex 69.6111 13.3888 3
      vertex 59.8889 13.3888 3
      vertex 60.2678 13.0669 3
    endloop
  endfacet
  facet normal 0 0 1
    outer loop
      vertex 69.6111 13.3888 3
      vertex 57.5 15.3779 3
      vertex 59.8889 13.3888 3
    endloop
  endfacet
  facet normal 0 0 1
    outer loop
      vertex 59.8889 13.3888 3
      vertex 57.5 15.3779 3
      vertex 59.4567 13.628 3
    endloop
  endfacet
  facet normal 0 0 1
    outer loop
      vertex 59.4567 13.628 3
      vertex 57.5 15.3779 3
      vertex 58.9877 13.7752 3
    endloop
  endfacet
  facet normal 0 0 1
    outer loop
      vertex 58.9877 13.7752 3
      vertex 57.5 15.3779 3
      vertex 58.5 13.825 3
    endloop
  endfacet
  facet normal 0 0 1
    outer loop
      vertex 57.5 15.3779 3
      vertex 58.0123 13.7752 3
      vertex 58.5 13.825 3
    endloop
  endfacet
  facet normal 0 0 1
    outer loop
      vertex 57.5 15.3779 3
      vertex 57.5433 13.628 3
      vertex 58.0123 13.7752 3
    endloop
  endfacet
  facet normal 0 0 1
    outer loop
      vertex 56.4213 31.5397 3
      vertex 57.5 28.8365 3
      vertex 56.7322 31.1475 3
    endloop
  endfacet
  facet normal 0 0 1
    outer loop
      vertex 57.5 15.3779 3
      vertex 57.1111 13.3888 3
      vertex 57.5433 13.628 3
    endloop
  endfacet
  facet normal 0 0 1
    outer loop
      vertex 56 32.9776 3
      vertex 44.4135 36.0555 3
      vertex 56.048 32.4726 3
    endloop
  endfacet
  facet normal 0 0 1
    outer loop
      vertex 57.5 15.3779 3
      vertex 56.7322 13.0669 3
      vertex 57.1111 13.3888 3
    endloop
  endfacet
  facet normal -0 0 1
    outer loop
      vertex 44.2021 35.7979 3
      vertex 56.048 32.4726 3
      vertex 44.4135 36.0555 3
    endloop
  endfacet
  facet normal 0 0 1
    outer loop
      vertex 57.5 15.3779 3
      vertex 56.4213 12.6747 3
      vertex 56.7322 13.0669 3
    endloop
  endfacet
  facet normal 0 0 1
    outer loop
      vertex 47.6704 38.75 3
      vertex 44.4135 36.0555 3
      vertex 56 32.9776 3
    endloop
  endfacet
  facet normal 0 0 1
    outer loop
      vertex 56.048 32.4726 3
      vertex 44.2021 35.7979 3
      vertex 56.1903 31.9871 3
    endloop
  endfacet
  facet normal 0 0 1
    outer loop
      vertex 44.4135 36.0555 3
      vertex 47.6704 38.75 3
      vertex 44.5706 36.3494 3
    endloop
  endfacet
  facet normal 0 0 1
    outer loop
      vertex 57.5 15.3779 3
      vertex 44.7 7 3
      vertex 56.4213 12.6747 3
    endloop
  endfacet
  facet normal 0 0 1
    outer loop
      vertex 44.5706 36.3494 3
      vertex 47.6704 38.75 3
      vertex 44.6673 36.6683 3
    endloop
  endfacet
  facet normal 0 0 1
    outer loop
      vertex 56.4213 12.6747 3
      vertex 44.7 7 3
      vertex 56.1903 12.2272 3
    endloop
  endfacet
  facet normal 0 0 1
    outer loop
      vertex 88.0555 8.4135 3
      vertex 74.5 15.3779 3
      vertex 87.7979 8.20208 3
    endloop
  endfacet
  facet normal 0 0 1
    outer loop
      vertex 87.7979 8.20208 3
      vertex 74.5 15.3779 3
      vertex 87.5865 7.94447 3
    endloop
  endfacet
  facet normal 0 0 1
    outer loop
      vertex 84.3296 38.75 3
      vertex 85.4645 40.5355 3
      vertex 84.9549 39.9389 3
    endloop
  endfacet
  facet normal 0 -0 1
    outer loop
      vertex 84.545 4.73005 3
      vertex 87.4294 7.65056 3
      vertex 84.3296 5.25 3
    endloop
  endfacet
  facet normal 0 0 1
    outer loop
      vertex 84.3296 38.75 3
      vertex 84.9549 39.9389 3
      vertex 84.545 39.27 3
    endloop
  endfacet
  facet normal 0 -0 1
    outer loop
      vertex 85.4645 3.46447 3
      vertex 87.4294 7.65056 3
      vertex 84.9549 4.06107 3
    endloop
  endfacet
  facet normal 0 0 1
    outer loop
      vertex 87.4294 7.65056 3
      vertex 85.4645 3.46447 3
      vertex 85.7156 3.25 3
    endloop
  endfacet
  facet normal 0 0 1
    outer loop
      vertex 87.4294 7.65056 3
      vertex 84.545 4.73005 3
      vertex 84.9549 4.06107 3
    endloop
  endfacet
  facet normal 0 -0 1
    outer loop
      vertex 84.3296 5.25 3
      vertex 87.5865 7.94447 3
      vertex 74.5 15.3779 3
    endloop
  endfacet
  facet normal 0 0 1
    outer loop
      vertex 84.3296 38.75 3
      vertex 73.5 32.9776 3
      vertex 74.5 28.8365 3
    endloop
  endfacet
  facet normal 0 0 1
    outer loop
      vertex 84.3296 38.75 3
      vertex 73.452 33.4825 3
      vertex 73.5 32.9776 3
    endloop
  endfacet
  facet normal 0 0 1
    outer loop
      vertex 84.3296 38.75 3
      vertex 73.3097 33.968 3
      vertex 73.452 33.4825 3
    endloop
  endfacet
  facet normal 0 0 1
    outer loop
      vertex 84.3296 38.75 3
      vertex 73.0787 34.4155 3
      vertex 73.3097 33.968 3
    endloop
  endfacet
  facet normal 0 0 1
    outer loop
      vertex 84.3296 38.75 3
      vertex 72.7678 34.8077 3
      vertex 73.0787 34.4155 3
    endloop
  endfacet
  facet normal 0 0 1
    outer loop
      vertex 84.3296 38.75 3
      vertex 72.3889 35.1296 3
      vertex 72.7678 34.8077 3
    endloop
  endfacet
  facet normal 0 0 1
    outer loop
      vertex 84.3296 38.75 3
      vertex 71.9567 35.3688 3
      vertex 72.3889 35.1296 3
    endloop
  endfacet
  facet normal 0 0 1
    outer loop
      vertex 84.3296 38.75 3
      vertex 71.4877 35.516 3
      vertex 71.9567 35.3688 3
    endloop
  endfacet
  facet normal 0 0 1
    outer loop
      vertex 84.3296 38.75 3
      vertex 71 35.5658 3
      vertex 71.4877 35.516 3
    endloop
  endfacet
  facet normal 0 0 1
    outer loop
      vertex 84.3296 38.75 3
      vertex 70.5123 35.516 3
      vertex 71 35.5658 3
    endloop
  endfacet
  facet normal 0 0 1
    outer loop
      vertex 68.548 33.4825 3
      vertex 61 32.9776 3
      vertex 68.5 32.9776 3
    endloop
  endfacet
  facet normal 0 0 1
    outer loop
      vertex 60.952 33.4825 3
      vertex 68.548 33.4825 3
      vertex 68.6903 33.968 3
    endloop
  endfacet
  facet normal 0 0 1
    outer loop
      vertex 60.8097 33.968 3
      vertex 68.6903 33.968 3
      vertex 68.9213 34.4155 3
    endloop
  endfacet
  facet normal 0 0 1
    outer loop
      vertex 60.5787 34.4155 3
      vertex 68.9213 34.4155 3
      vertex 69.2322 34.8077 3
    endloop
  endfacet
  facet normal 0 0 1
    outer loop
      vertex 60.2678 34.8077 3
      vertex 69.2322 34.8077 3
      vertex 69.6111 35.1296 3
    endloop
  endfacet
  facet normal 0 0 1
    outer loop
      vertex 59.8889 35.1296 3
      vertex 69.6111 35.1296 3
      vertex 70.0433 35.3688 3
    endloop
  endfacet
  facet normal 0 0 1
    outer loop
      vertex 59.4567 35.3688 3
      vertex 70.0433 35.3688 3
      vertex 70.5123 35.516 3
    endloop
  endfacet
  facet normal 0 0 1
    outer loop
      vertex 68.548 33.4825 3
      vertex 60.952 33.4825 3
      vertex 61 32.9776 3
    endloop
  endfacet
  facet normal -0 0 1
    outer loop
      vertex 47.6704 38.75 3
      vertex 70.5123 35.516 3
      vertex 84.3296 38.75 3
    endloop
  endfacet
  facet normal 0 0 1
    outer loop
      vertex 68.6903 33.968 3
      vertex 60.8097 33.968 3
      vertex 60.952 33.4825 3
    endloop
  endfacet
  facet normal 0 0 1
    outer loop
      vertex 68.9213 34.4155 3
      vertex 60.5787 34.4155 3
      vertex 60.8097 33.968 3
    endloop
  endfacet
  facet normal 0 0 1
    outer loop
      vertex 69.2322 34.8077 3
      vertex 60.2678 34.8077 3
      vertex 60.5787 34.4155 3
    endloop
  endfacet
  facet normal 0 0 1
    outer loop
      vertex 69.6111 35.1296 3
      vertex 59.8889 35.1296 3
      vertex 60.2678 34.8077 3
    endloop
  endfacet
  facet normal 0 0 1
    outer loop
      vertex 70.0433 35.3688 3
      vertex 59.4567 35.3688 3
      vertex 59.8889 35.1296 3
    endloop
  endfacet
  facet normal 0 0 1
    outer loop
      vertex 70.5123 35.516 3
      vertex 58.9877 35.516 3
      vertex 59.4567 35.3688 3
    endloop
  endfacet
  facet normal 0 0 1
    outer loop
      vertex 70.5123 35.516 3
      vertex 47.6704 38.75 3
      vertex 58.9877 35.516 3
    endloop
  endfacet
  facet normal 0 0 1
    outer loop
      vertex 58.9877 35.516 3
      vertex 47.6704 38.75 3
      vertex 58.5 35.5658 3
    endloop
  endfacet
  facet normal 0 0 1
    outer loop
      vertex 44.6673 36.6683 3
      vertex 47.6704 38.75 3
      vertex 44.7 37 3
    endloop
  endfacet
  facet normal 0 0 1
    outer loop
      vertex 56.048 33.4825 3
      vertex 47.6704 38.75 3
      vertex 56 32.9776 3
    endloop
  endfacet
  facet normal 0 0 1
    outer loop
      vertex 56.1903 33.968 3
      vertex 47.6704 38.75 3
      vertex 56.048 33.4825 3
    endloop
  endfacet
  facet normal 0 0 1
    outer loop
      vertex 56.4213 34.4155 3
      vertex 47.6704 38.75 3
      vertex 56.1903 33.968 3
    endloop
  endfacet
  facet normal 0 0 1
    outer loop
      vertex 56.7322 34.8077 3
      vertex 47.6704 38.75 3
      vertex 56.4213 34.4155 3
    endloop
  endfacet
  facet normal 0 0 1
    outer loop
      vertex 57.1111 35.1296 3
      vertex 47.6704 38.75 3
      vertex 56.7322 34.8077 3
    endloop
  endfacet
  facet normal 0 0 1
    outer loop
      vertex 57.5433 35.3688 3
      vertex 47.6704 38.75 3
      vertex 57.1111 35.1296 3
    endloop
  endfacet
  facet normal 0 0 1
    outer loop
      vertex 58.0123 35.516 3
      vertex 47.6704 38.75 3
      vertex 57.5433 35.3688 3
    endloop
  endfacet
  facet normal 0 0 1
    outer loop
      vertex 58.5 35.5658 3
      vertex 47.6704 38.75 3
      vertex 58.0123 35.516 3
    endloop
  endfacet
  facet normal -0 0 1
    outer loop
      vertex 89.9445 35.5865 3
      vertex 91.9389 32.9549 3
      vertex 90.2021 35.7979 3
    endloop
  endfacet
  facet normal 0 0 1
    outer loop
      vertex 90.75 11.6704 3
      vertex 90.6673 7.33165 3
      vertex 90.7 7 3
    endloop
  endfacet
  facet normal 0 0 1
    outer loop
      vertex 91.9389 32.9549 3
      vertex 89.9445 35.5865 3
      vertex 91.27 32.545 3
    endloop
  endfacet
  facet normal 0 0 1
    outer loop
      vertex 90.75 11.6704 3
      vertex 90.5706 7.65056 3
      vertex 90.6673 7.33165 3
    endloop
  endfacet
  facet normal -0 0 1
    outer loop
      vertex 89.6506 35.4294 3
      vertex 91.27 32.545 3
      vertex 89.9445 35.5865 3
    endloop
  endfacet
  facet normal 0 0 1
    outer loop
      vertex 90.75 11.6704 3
      vertex 90.4135 7.94447 3
      vertex 90.5706 7.65056 3
    endloop
  endfacet
  facet normal 0 0 1
    outer loop
      vertex 91.27 32.545 3
      vertex 89.6506 35.4294 3
      vertex 90.75 32.3296 3
    endloop
  endfacet
  facet normal 0 0 1
    outer loop
      vertex 90.75 11.6704 3
      vertex 90.2021 8.20208 3
      vertex 90.4135 7.94447 3
    endloop
  endfacet
  facet normal -0 0 1
    outer loop
      vertex 89.3316 35.3327 3
      vertex 90.75 32.3296 3
      vertex 89.6506 35.4294 3
    endloop
  endfacet
  facet normal 0 0 1
    outer loop
      vertex 90.75 11.6704 3
      vertex 89.9445 8.4135 3
      vertex 90.2021 8.20208 3
    endloop
  endfacet
  facet normal -0 0 1
    outer loop
      vertex 89 35.3 3
      vertex 90.75 32.3296 3
      vertex 89.3316 35.3327 3
    endloop
  endfacet
  facet normal 0 0 1
    outer loop
      vertex 90.75 11.6704 3
      vertex 89.6506 8.57059 3
      vertex 89.9445 8.4135 3
    endloop
  endfacet
  facet normal 0 0 1
    outer loop
      vertex 88.6684 35.3327 3
      vertex 90.75 32.3296 3
      vertex 89 35.3 3
    endloop
  endfacet
  facet normal 0 0 1
    outer loop
      vertex 90.75 11.6704 3
      vertex 89.3316 8.66733 3
      vertex 89.6506 8.57059 3
    endloop
  endfacet
  facet normal 0 0 1
    outer loop
      vertex 88.3494 35.4294 3
      vertex 90.75 32.3296 3
      vertex 88.6684 35.3327 3
    endloop
  endfacet
  facet normal 0 0 1
    outer loop
      vertex 90.75 11.6704 3
      vertex 89 8.7 3
      vertex 89.3316 8.66733 3
    endloop
  endfacet
  facet normal 0 0 1
    outer loop
      vertex 88.0555 35.5865 3
      vertex 90.75 32.3296 3
      vertex 88.3494 35.4294 3
    endloop
  endfacet
  facet normal 0 0 1
    outer loop
      vertex 90.75 11.6704 3
      vertex 88.6684 8.66733 3
      vertex 89 8.7 3
    endloop
  endfacet
  facet normal 0 0 1
    outer loop
      vertex 74.5 28.8365 3
      vertex 88.0555 35.5865 3
      vertex 87.7979 35.7979 3
    endloop
  endfacet
  facet normal 0 0 1
    outer loop
      vertex 90.75 11.6704 3
      vertex 88.3494 8.57059 3
      vertex 88.6684 8.66733 3
    endloop
  endfacet
  facet normal 0 0 1
    outer loop
      vertex 88.0555 35.5865 3
      vertex 74.5 28.8365 3
      vertex 90.75 32.3296 3
    endloop
  endfacet
  facet normal 0 0 1
    outer loop
      vertex 90.75 11.6704 3
      vertex 88.0555 8.4135 3
      vertex 88.3494 8.57059 3
    endloop
  endfacet
  facet normal 0 0 1
    outer loop
      vertex 74.5 15.3779 3
      vertex 90.75 32.3296 3
      vertex 74.5 28.8365 3
    endloop
  endfacet
  facet normal 0 0 1
    outer loop
      vertex 74.5 15.3779 3
      vertex 88.0555 8.4135 3
      vertex 90.75 11.6704 3
    endloop
  endfacet
  facet normal 0 0 1
    outer loop
      vertex 74.5 28.8365 3
      vertex 87.5865 36.0555 3
      vertex 84.3296 38.75 3
    endloop
  endfacet
  facet normal 0 0 1
    outer loop
      vertex 87.5865 36.0555 3
      vertex 74.5 28.8365 3
      vertex 87.7979 35.7979 3
    endloop
  endfacet
  facet normal 0 0 1
    outer loop
      vertex 84.3296 38.75 3
      vertex 87.5865 36.0555 3
      vertex 87.4294 36.3494 3
    endloop
  endfacet
  facet normal 0 0 1
    outer loop
      vertex 90.75 32.3296 3
      vertex 74.5 15.3779 3
      vertex 90.75 11.6704 3
    endloop
  endfacet
  facet normal 0 0 1
    outer loop
      vertex 87.3327 37.3317 3
      vertex 84.3296 38.75 3
      vertex 87.3 37 3
    endloop
  endfacet
  facet normal 0 0 1
    outer loop
      vertex 87.3 37 3
      vertex 84.3296 38.75 3
      vertex 87.3327 36.6683 3
    endloop
  endfacet
  facet normal 0 0 1
    outer loop
      vertex 87.4294 37.6506 3
      vertex 84.3296 38.75 3
      vertex 87.3327 37.3317 3
    endloop
  endfacet
  facet normal 0 0 1
    outer loop
      vertex 87.3327 36.6683 3
      vertex 84.3296 38.75 3
      vertex 87.4294 36.3494 3
    endloop
  endfacet
  facet normal 0 -0 1
    outer loop
      vertex 90.7 37 3
      vertex 96 38 3
      vertex 90.6673 37.3317 3
    endloop
  endfacet
  facet normal 0 0 1
    outer loop
      vertex 90.6673 36.6683 3
      vertex 96 38 3
      vertex 90.7 37 3
    endloop
  endfacet
  facet normal 0 0 1
    outer loop
      vertex 89.9445 38.4135 3
      vertex 93.2817 43.023 3
      vertex 91.4729 43.8164 3
    endloop
  endfacet
  facet normal 0 0 1
    outer loop
      vertex 96 38 3
      vertex 90.6673 36.6683 3
      vertex 92.75 33.7156 3
    endloop
  endfacet
  facet normal -0 0 1
    outer loop
      vertex 90.4135 36.0555 3
      vertex 92.75 33.7156 3
      vertex 90.5706 36.3494 3
    endloop
  endfacet
  facet normal 0 0 1
    outer loop
      vertex 92.75 33.7156 3
      vertex 90.2021 35.7979 3
      vertex 92.5355 33.4645 3
    endloop
  endfacet
  facet normal -0 0 1
    outer loop
      vertex 90.2021 35.7979 3
      vertex 92.75 33.7156 3
      vertex 90.4135 36.0555 3
    endloop
  endfacet
  facet normal -0 0 1
    outer loop
      vertex 90.5706 36.3494 3
      vertex 92.75 33.7156 3
      vertex 90.6673 36.6683 3
    endloop
  endfacet
  facet normal 0 0 1
    outer loop
      vertex 93.2817 43.023 3
      vertex 90.5706 37.6506 3
      vertex 90.6673 37.3317 3
    endloop
  endfacet
  facet normal 0 0 1
    outer loop
      vertex 93.2817 43.023 3
      vertex 90.4135 37.9445 3
      vertex 90.5706 37.6506 3
    endloop
  endfacet
  facet normal 0 0 1
    outer loop
      vertex 93.2817 43.023 3
      vertex 90.2021 38.2021 3
      vertex 90.4135 37.9445 3
    endloop
  endfacet
  facet normal 0 0 1
    outer loop
      vertex 89.6506 38.5706 3
      vertex 91.4729 43.8164 3
      vertex 90 44 3
    endloop
  endfacet
  facet normal 0 0 1
    outer loop
      vertex 93.2817 43.023 3
      vertex 89.9445 38.4135 3
      vertex 90.2021 38.2021 3
    endloop
  endfacet
  facet normal 0 0 1
    outer loop
      vertex 91.4729 43.8164 3
      vertex 89.6506 38.5706 3
      vertex 89.9445 38.4135 3
    endloop
  endfacet
  facet normal 0 0 1
    outer loop
      vertex 90 44 3
      vertex 89.3316 38.6673 3
      vertex 89.6506 38.5706 3
    endloop
  endfacet
  facet normal 0 0 1
    outer loop
      vertex 90 44 3
      vertex 89 38.7 3
      vertex 89.3316 38.6673 3
    endloop
  endfacet
  facet normal 0 0 1
    outer loop
      vertex 90 44 3
      vertex 88.6684 38.6673 3
      vertex 89 38.7 3
    endloop
  endfacet
  facet normal -0 0 1
    outer loop
      vertex 85.7156 40.75 3
      vertex 88.6684 38.6673 3
      vertex 90 44 3
    endloop
  endfacet
  facet normal 0 0 1
    outer loop
      vertex 88.6684 38.6673 3
      vertex 85.7156 40.75 3
      vertex 88.3494 38.5706 3
    endloop
  endfacet
  facet normal 0 0 1
    outer loop
      vertex 88.3494 38.5706 3
      vertex 85.7156 40.75 3
      vertex 88.0555 38.4135 3
    endloop
  endfacet
  facet normal 0 0 1
    outer loop
      vertex 88.0555 38.4135 3
      vertex 85.7156 40.75 3
      vertex 87.7979 38.2021 3
    endloop
  endfacet
  facet normal -0 0 1
    outer loop
      vertex 85.4645 40.5355 3
      vertex 87.7979 38.2021 3
      vertex 85.7156 40.75 3
    endloop
  endfacet
  facet normal 0 0 1
    outer loop
      vertex 87.4294 7.65056 3
      vertex 85.7156 3.25 3
      vertex 87.3327 7.33165 3
    endloop
  endfacet
  facet normal 0 0 1
    outer loop
      vertex 87.5865 37.9445 3
      vertex 84.3296 38.75 3
      vertex 87.4294 37.6506 3
    endloop
  endfacet
  facet normal -0 0 1
    outer loop
      vertex 84.3296 38.75 3
      vertex 87.5865 37.9445 3
      vertex 85.4645 40.5355 3
    endloop
  endfacet
  facet normal 0 0 1
    outer loop
      vertex 87.7979 38.2021 3
      vertex 85.4645 40.5355 3
      vertex 87.5865 37.9445 3
    endloop
  endfacet
  facet normal 0 0 1
    outer loop
      vertex 90 44 3
      vertex 46.2844 40.75 3
      vertex 85.7156 40.75 3
    endloop
  endfacet
  facet normal 0 0 1
    outer loop
      vertex 56 11.2368 3
      vertex 44.7 7 3
      vertex 47.6704 5.25 3
    endloop
  endfacet
  facet normal 0 0 1
    outer loop
      vertex 46.5355 40.5355 3
      vertex 44.6673 37.3317 3
      vertex 44.7 37 3
    endloop
  endfacet
  facet normal 0 0 1
    outer loop
      vertex 46.5355 40.5355 3
      vertex 44.5706 37.6506 3
      vertex 44.6673 37.3317 3
    endloop
  endfacet
  facet normal 0 0 1
    outer loop
      vertex 46.5355 40.5355 3
      vertex 44.4135 37.9445 3
      vertex 44.5706 37.6506 3
    endloop
  endfacet
  facet normal 0 0 1
    outer loop
      vertex 46.5355 40.5355 3
      vertex 44.2021 38.2021 3
      vertex 44.4135 37.9445 3
    endloop
  endfacet
  facet normal 0 0 1
    outer loop
      vertex 46.2844 40.75 3
      vertex 43.9445 38.4135 3
      vertex 44.2021 38.2021 3
    endloop
  endfacet
  facet normal 0 0 1
    outer loop
      vertex 46.2844 40.75 3
      vertex 43.6506 38.5706 3
      vertex 43.9445 38.4135 3
    endloop
  endfacet
  facet normal 0 0 1
    outer loop
      vertex 46.2844 40.75 3
      vertex 43.3317 38.6673 3
      vertex 43.6506 38.5706 3
    endloop
  endfacet
  facet normal 0 0 1
    outer loop
      vertex 42 44 3
      vertex 43.3317 38.6673 3
      vertex 46.2844 40.75 3
    endloop
  endfacet
  facet normal 0 0 1
    outer loop
      vertex 43.3317 38.6673 3
      vertex 42 44 3
      vertex 43 38.7 3
    endloop
  endfacet
  facet normal 0 0 1
    outer loop
      vertex 43 38.7 3
      vertex 42 44 3
      vertex 42.6683 38.6673 3
    endloop
  endfacet
  facet normal 0 0 1
    outer loop
      vertex 42.6683 38.6673 3
      vertex 42 44 3
      vertex 42.3494 38.5706 3
    endloop
  endfacet
  facet normal -0 0 1
    outer loop
      vertex 42 44 3
      vertex 46.2844 40.75 3
      vertex 90 44 3
    endloop
  endfacet
  facet normal -0 0 1
    outer loop
      vertex 40.0518 43.6749 3
      vertex 42.3494 38.5706 3
      vertex 42 44 3
    endloop
  endfacet
  facet normal 0 0 1
    outer loop
      vertex 42.3494 38.5706 3
      vertex 40.0518 43.6749 3
      vertex 42.0555 38.4135 3
    endloop
  endfacet
  facet normal -0 0 1
    outer loop
      vertex 38.3147 42.7348 3
      vertex 42.0555 38.4135 3
      vertex 40.0518 43.6749 3
    endloop
  endfacet
  facet normal 0 0 1
    outer loop
      vertex 42.0555 38.4135 3
      vertex 38.3147 42.7348 3
      vertex 41.7979 38.2021 3
    endloop
  endfacet
  facet normal -0 0 1
    outer loop
      vertex 36.977 41.2817 3
      vertex 41.7979 38.2021 3
      vertex 38.3147 42.7348 3
    endloop
  endfacet
  facet normal -0 0 1
    outer loop
      vertex 39.4645 10.5355 3
      vertex 41.7979 8.20208 3
      vertex 40.0611 11.0451 3
    endloop
  endfacet
  facet normal 0 0 1
    outer loop
      vertex 42.3494 35.4294 3
      vertex 40.73 32.545 3
      vertex 41.25 32.3296 3
    endloop
  endfacet
  facet normal 0 0 1
    outer loop
      vertex 36 38 3
      vertex 41.3 37 3
      vertex 41.3327 37.3317 3
    endloop
  endfacet
  facet normal 0 0 1
    outer loop
      vertex 41.7979 38.2021 3
      vertex 36.977 41.2817 3
      vertex 41.5865 37.9445 3
    endloop
  endfacet
  facet normal 0 0 1
    outer loop
      vertex 41.7979 35.7979 3
      vertex 39.25 33.7156 3
      vertex 39.4645 33.4645 3
    endloop
  endfacet
  facet normal -0 0 1
    outer loop
      vertex 36.1836 39.4729 3
      vertex 41.5865 37.9445 3
      vertex 36.977 41.2817 3
    endloop
  endfacet
  facet normal 0 0 1
    outer loop
      vertex 42.0555 35.5865 3
      vertex 40.0611 32.9549 3
      vertex 40.73 32.545 3
    endloop
  endfacet
  facet normal 0 0 1
    outer loop
      vertex 41.7979 35.7979 3
      vertex 39.4645 33.4645 3
      vertex 40.0611 32.9549 3
    endloop
  endfacet
  facet normal 0 0 1
    outer loop
      vertex 36 6 3
      vertex 39.25 10.2844 3
      vertex 39.25 33.7156 3
    endloop
  endfacet
  facet normal 0 0 1
    outer loop
      vertex 41.5865 37.9445 3
      vertex 36.1836 39.4729 3
      vertex 41.4294 37.6506 3
    endloop
  endfacet
  facet normal -0 0 1
    outer loop
      vertex 36 38 3
      vertex 41.4294 37.6506 3
      vertex 36.1836 39.4729 3
    endloop
  endfacet
  facet normal 0 0 1
    outer loop
      vertex 36 6 3
      vertex 39.25 33.7156 3
      vertex 36 38 3
    endloop
  endfacet
  facet normal 0 0 1
    outer loop
      vertex 41.4294 37.6506 3
      vertex 36 38 3
      vertex 41.3327 37.3317 3
    endloop
  endfacet
  facet normal 0 -0 1
    outer loop
      vertex 36.3251 4.0518 3
      vertex 39.25 10.2844 3
      vertex 36 6 3
    endloop
  endfacet
  facet normal 0 0 1
    outer loop
      vertex 41.3327 36.6683 3
      vertex 36 38 3
      vertex 39.25 33.7156 3
    endloop
  endfacet
  facet normal 0 0 1
    outer loop
      vertex 39.25 10.2844 3
      vertex 37.2652 2.31473 3
      vertex 38.7183 0.977005 3
    endloop
  endfacet
  facet normal 0 0 1
    outer loop
      vertex 39.25 10.2844 3
      vertex 36.3251 4.0518 3
      vertex 37.2652 2.31473 3
    endloop
  endfacet
  facet normal -0 0 1
    outer loop
      vertex 92.75 10.2844 3
      vertex 96 6 3
      vertex 96 38 3
    endloop
  endfacet
  facet normal 0 0 1
    outer loop
      vertex 90.6673 37.3317 3
      vertex 96 38 3
      vertex 95.6749 39.9482 3
    endloop
  endfacet
  facet normal 0 0 1
    outer loop
      vertex 92.75 10.2844 3
      vertex 96 38 3
      vertex 92.75 33.7156 3
    endloop
  endfacet
  facet normal 0 0 1
    outer loop
      vertex 90.6673 37.3317 3
      vertex 95.6749 39.9482 3
      vertex 94.7348 41.6853 3
    endloop
  endfacet
  facet normal -0 0 1
    outer loop
      vertex 90.7 7 3
      vertex 96 6 3
      vertex 92.75 10.2844 3
    endloop
  endfacet
  facet normal 0 0 1
    outer loop
      vertex 90.6673 37.3317 3
      vertex 94.7348 41.6853 3
      vertex 93.2817 43.023 3
    endloop
  endfacet
  facet normal -0 0 1
    outer loop
      vertex 90.6673 6.66835 3
      vertex 96 6 3
      vertex 90.7 7 3
    endloop
  endfacet
  facet normal -0 0 1
    outer loop
      vertex 90.5706 6.34944 3
      vertex 96 6 3
      vertex 90.6673 6.66835 3
    endloop
  endfacet
  facet normal 0 0 1
    outer loop
      vertex 90.7 7 3
      vertex 92.75 10.2844 3
      vertex 92.5355 10.5355 3
    endloop
  endfacet
  facet normal -0 0 1
    outer loop
      vertex 90.4135 6.05553 3
      vertex 95.8164 4.52708 3
      vertex 90.5706 6.34944 3
    endloop
  endfacet
  facet normal 0 0 1
    outer loop
      vertex 90.7 7 3
      vertex 92.5355 10.5355 3
      vertex 91.9389 11.0451 3
    endloop
  endfacet
  facet normal 0 0 1
    outer loop
      vertex 90.7 7 3
      vertex 91.9389 11.0451 3
      vertex 91.27 11.455 3
    endloop
  endfacet
  facet normal 0 0 1
    outer loop
      vertex 90.7 7 3
      vertex 91.27 11.455 3
      vertex 90.75 11.6704 3
    endloop
  endfacet
  facet normal 0 0 1
    outer loop
      vertex 92.5355 33.4645 3
      vertex 90.2021 35.7979 3
      vertex 91.9389 32.9549 3
    endloop
  endfacet
  facet normal 0 0 1
    outer loop
      vertex 96 6 3
      vertex 90.5706 6.34944 3
      vertex 95.8164 4.52708 3
    endloop
  endfacet
  facet normal 0 0 1
    outer loop
      vertex 95.8164 4.52708 3
      vertex 90.4135 6.05553 3
      vertex 95.023 2.71831 3
    endloop
  endfacet
  facet normal -0 0 1
    outer loop
      vertex 90.2021 5.79792 3
      vertex 95.023 2.71831 3
      vertex 90.4135 6.05553 3
    endloop
  endfacet
  facet normal 0 0 1
    outer loop
      vertex 95.023 2.71831 3
      vertex 90.2021 5.79792 3
      vertex 93.6853 1.26515 3
    endloop
  endfacet
  facet normal -0 0 1
    outer loop
      vertex 89.9445 5.5865 3
      vertex 93.6853 1.26515 3
      vertex 90.2021 5.79792 3
    endloop
  endfacet
  facet normal 0 0 1
    outer loop
      vertex 93.6853 1.26515 3
      vertex 89.9445 5.5865 3
      vertex 91.9482 0.325104 3
    endloop
  endfacet
  facet normal -0 0 1
    outer loop
      vertex 89.6506 5.42941 3
      vertex 91.9482 0.325104 3
      vertex 89.9445 5.5865 3
    endloop
  endfacet
  facet normal 0 0 1
    outer loop
      vertex 91.9482 0.325104 3
      vertex 89.6506 5.42941 3
      vertex 90 0 3
    endloop
  endfacet
  facet normal -0 0 1
    outer loop
      vertex 89.3316 5.33267 3
      vertex 90 0 3
      vertex 89.6506 5.42941 3
    endloop
  endfacet
  facet normal -0 0 1
    outer loop
      vertex 89 5.3 3
      vertex 90 0 3
      vertex 89.3316 5.33267 3
    endloop
  endfacet
  facet normal 0 0 1
    outer loop
      vertex 88.6684 5.33267 3
      vertex 90 0 3
      vertex 89 5.3 3
    endloop
  endfacet
  facet normal 0 0 1
    outer loop
      vertex 85.7156 3.25 3
      vertex 88.6684 5.33267 3
      vertex 88.3494 5.42941 3
    endloop
  endfacet
  facet normal 0 0 1
    outer loop
      vertex 85.7156 3.25 3
      vertex 88.3494 5.42941 3
      vertex 88.0555 5.5865 3
    endloop
  endfacet
  facet normal 0 0 1
    outer loop
      vertex 85.7156 3.25 3
      vertex 88.0555 5.5865 3
      vertex 87.7979 5.79792 3
    endloop
  endfacet
  facet normal 0 0 1
    outer loop
      vertex 85.7156 3.25 3
      vertex 87.7979 5.79792 3
      vertex 87.5865 6.05553 3
    endloop
  endfacet
  facet normal 0 0 1
    outer loop
      vertex 85.7156 3.25 3
      vertex 87.5865 6.05553 3
      vertex 87.4294 6.34944 3
    endloop
  endfacet
  facet normal 0 0 1
    outer loop
      vertex 87.3327 7.33165 3
      vertex 85.7156 3.25 3
      vertex 87.3 7 3
    endloop
  endfacet
  facet normal 0 0 1
    outer loop
      vertex 85.7156 3.25 3
      vertex 87.3327 6.66835 3
      vertex 87.3 7 3
    endloop
  endfacet
  facet normal 0 0 1
    outer loop
      vertex 85.7156 3.25 3
      vertex 87.4294 6.34944 3
      vertex 87.3327 6.66835 3
    endloop
  endfacet
  facet normal 0 0 1
    outer loop
      vertex 88.6684 5.33267 3
      vertex 85.7156 3.25 3
      vertex 90 0 3
    endloop
  endfacet
  facet normal -0 0 1
    outer loop
      vertex 46.2844 3.25 3
      vertex 90 0 3
      vertex 85.7156 3.25 3
    endloop
  endfacet
  facet normal -0 0 1
    outer loop
      vertex 44.6673 6.66835 3
      vertex 47.6704 5.25 3
      vertex 44.7 7 3
    endloop
  endfacet
  facet normal -0 0 1
    outer loop
      vertex 44.5706 6.34944 3
      vertex 47.6704 5.25 3
      vertex 44.6673 6.66835 3
    endloop
  endfacet
  facet normal -0 0 1
    outer loop
      vertex 44.4135 6.05553 3
      vertex 47.6704 5.25 3
      vertex 44.5706 6.34944 3
    endloop
  endfacet
  facet normal 0 0 1
    outer loop
      vertex 47.6704 5.25 3
      vertex 44.4135 6.05553 3
      vertex 46.2844 3.25 3
    endloop
  endfacet
  facet normal -0 0 1
    outer loop
      vertex 44.2021 5.79792 3
      vertex 46.2844 3.25 3
      vertex 44.4135 6.05553 3
    endloop
  endfacet
  facet normal -0 0 1
    outer loop
      vertex 43.9445 5.5865 3
      vertex 46.2844 3.25 3
      vertex 44.2021 5.79792 3
    endloop
  endfacet
  facet normal -0 0 1
    outer loop
      vertex 43.6506 5.42941 3
      vertex 46.2844 3.25 3
      vertex 43.9445 5.5865 3
    endloop
  endfacet
  facet normal -0 0 1
    outer loop
      vertex 43.3317 5.33267 3
      vertex 46.2844 3.25 3
      vertex 43.6506 5.42941 3
    endloop
  endfacet
  facet normal 0 0 1
    outer loop
      vertex 42 0 3
      vertex 43.3317 5.33267 3
      vertex 43 5.3 3
    endloop
  endfacet
  facet normal 0 0 1
    outer loop
      vertex 42 0 3
      vertex 43 5.3 3
      vertex 42.6683 5.33267 3
    endloop
  endfacet
  facet normal 0 0 1
    outer loop
      vertex 42 0 3
      vertex 42.6683 5.33267 3
      vertex 42.3494 5.42941 3
    endloop
  endfacet
  facet normal 0 0 1
    outer loop
      vertex 40.5271 0.183594 3
      vertex 42.3494 5.42941 3
      vertex 42.0555 5.5865 3
    endloop
  endfacet
  facet normal 0 0 1
    outer loop
      vertex 46.2844 3.25 3
      vertex 42 0 3
      vertex 90 0 3
    endloop
  endfacet
  facet normal 0 0 1
    outer loop
      vertex 43.3317 5.33267 3
      vertex 42 0 3
      vertex 46.2844 3.25 3
    endloop
  endfacet
  facet normal 0 0 1
    outer loop
      vertex 38.7183 0.977005 3
      vertex 42.0555 5.5865 3
      vertex 41.7979 5.79792 3
    endloop
  endfacet
  facet normal 0 0 1
    outer loop
      vertex 38.7183 0.977005 3
      vertex 41.7979 5.79792 3
      vertex 41.5865 6.05553 3
    endloop
  endfacet
  facet normal 0 0 1
    outer loop
      vertex 38.7183 0.977005 3
      vertex 41.5865 6.05553 3
      vertex 41.4294 6.34944 3
    endloop
  endfacet
  facet normal 0 0 1
    outer loop
      vertex 38.7183 0.977005 3
      vertex 41.4294 6.34944 3
      vertex 41.3327 6.66835 3
    endloop
  endfacet
  facet normal -0 0 1
    outer loop
      vertex 39.25 10.2844 3
      vertex 41.7979 8.20208 3
      vertex 39.4645 10.5355 3
    endloop
  endfacet
  facet normal 0 0 1
    outer loop
      vertex 41.7979 8.20208 3
      vertex 39.25 10.2844 3
      vertex 41.5865 7.94447 3
    endloop
  endfacet
  facet normal 0 0 1
    outer loop
      vertex 41.5865 7.94447 3
      vertex 39.25 10.2844 3
      vertex 41.4294 7.65056 3
    endloop
  endfacet
  facet normal 0 0 1
    outer loop
      vertex 41.4294 7.65056 3
      vertex 39.25 10.2844 3
      vertex 41.3327 7.33165 3
    endloop
  endfacet
  facet normal 0 0 1
    outer loop
      vertex 38.7183 0.977005 3
      vertex 41.3327 6.66835 3
      vertex 39.25 10.2844 3
    endloop
  endfacet
  facet normal 0 0 1
    outer loop
      vertex 41.3327 7.33165 3
      vertex 39.25 10.2844 3
      vertex 41.3 7 3
    endloop
  endfacet
  facet normal 0 0 1
    outer loop
      vertex 41.3 7 3
      vertex 39.25 10.2844 3
      vertex 41.3327 6.66835 3
    endloop
  endfacet
  facet normal 0 0 1
    outer loop
      vertex 42.3494 5.42941 3
      vertex 40.5271 0.183594 3
      vertex 42 0 3
    endloop
  endfacet
  facet normal 0 0 1
    outer loop
      vertex 42.0555 5.5865 3
      vertex 38.7183 0.977005 3
      vertex 40.5271 0.183594 3
    endloop
  endfacet
  facet normal 0 0 1
    outer loop
      vertex 87.5865 7.94447 3
      vertex 84.3296 5.25 3
      vertex 87.4294 7.65056 3
    endloop
  endfacet
  facet normal -0 0 1
    outer loop
      vertex 73.5 11.2368 3
      vertex 84.3296 5.25 3
      vertex 74.5 15.3779 3
    endloop
  endfacet
  facet normal -0 0 1
    outer loop
      vertex 73.452 10.7318 3
      vertex 84.3296 5.25 3
      vertex 73.5 11.2368 3
    endloop
  endfacet
  facet normal -0 0 1
    outer loop
      vertex 73.3097 10.2463 3
      vertex 84.3296 5.25 3
      vertex 73.452 10.7318 3
    endloop
  endfacet
  facet normal -0 0 1
    outer loop
      vertex 73.0787 9.79886 3
      vertex 84.3296 5.25 3
      vertex 73.3097 10.2463 3
    endloop
  endfacet
  facet normal -0 0 1
    outer loop
      vertex 72.7678 9.40665 3
      vertex 84.3296 5.25 3
      vertex 73.0787 9.79886 3
    endloop
  endfacet
  facet normal -0 0 1
    outer loop
      vertex 72.3889 9.08478 3
      vertex 84.3296 5.25 3
      vertex 72.7678 9.40665 3
    endloop
  endfacet
  facet normal -0 0 1
    outer loop
      vertex 71.9567 8.8456 3
      vertex 84.3296 5.25 3
      vertex 72.3889 9.08478 3
    endloop
  endfacet
  facet normal -0 0 1
    outer loop
      vertex 71.4877 8.69832 3
      vertex 84.3296 5.25 3
      vertex 71.9567 8.8456 3
    endloop
  endfacet
  facet normal -0 0 1
    outer loop
      vertex 71 8.64859 3
      vertex 84.3296 5.25 3
      vertex 71.4877 8.69832 3
    endloop
  endfacet
  facet normal 0 0 1
    outer loop
      vertex 70.5123 8.69832 3
      vertex 84.3296 5.25 3
      vertex 71 8.64859 3
    endloop
  endfacet
  facet normal -0 0 1
    outer loop
      vertex 61 11.2368 3
      vertex 68.548 10.7318 3
      vertex 68.5 11.2368 3
    endloop
  endfacet
  facet normal 0 0 1
    outer loop
      vertex 60.952 10.7318 3
      vertex 68.548 10.7318 3
      vertex 61 11.2368 3
    endloop
  endfacet
  facet normal 0 0 1
    outer loop
      vertex 68.548 10.7318 3
      vertex 60.952 10.7318 3
      vertex 68.6903 10.2463 3
    endloop
  endfacet
  facet normal 0 0 1
    outer loop
      vertex 60.8097 10.2463 3
      vertex 68.6903 10.2463 3
      vertex 60.952 10.7318 3
    endloop
  endfacet
  facet normal 0 0 1
    outer loop
      vertex 68.6903 10.2463 3
      vertex 60.8097 10.2463 3
      vertex 68.9213 9.79886 3
    endloop
  endfacet
  facet normal 0 0 1
    outer loop
      vertex 60.5787 9.79886 3
      vertex 68.9213 9.79886 3
      vertex 60.8097 10.2463 3
    endloop
  endfacet
  facet normal 0 0 1
    outer loop
      vertex 68.9213 9.79886 3
      vertex 60.5787 9.79886 3
      vertex 69.2322 9.40665 3
    endloop
  endfacet
  facet normal 0 0 1
    outer loop
      vertex 60.2678 9.40665 3
      vertex 69.2322 9.40665 3
      vertex 60.5787 9.79886 3
    endloop
  endfacet
  facet normal 0 0 1
    outer loop
      vertex 69.2322 9.40665 3
      vertex 60.2678 9.40665 3
      vertex 69.6111 9.08478 3
    endloop
  endfacet
  facet normal 0 0 1
    outer loop
      vertex 59.8889 9.08478 3
      vertex 69.6111 9.08478 3
      vertex 60.2678 9.40665 3
    endloop
  endfacet
  facet normal 0 0 1
    outer loop
      vertex 69.6111 9.08478 3
      vertex 59.8889 9.08478 3
      vertex 70.0433 8.8456 3
    endloop
  endfacet
  facet normal 0 0 1
    outer loop
      vertex 59.4567 8.8456 3
      vertex 70.0433 8.8456 3
      vertex 59.8889 9.08478 3
    endloop
  endfacet
  facet normal 0 0 1
    outer loop
      vertex 70.0433 8.8456 3
      vertex 59.4567 8.8456 3
      vertex 70.5123 8.69832 3
    endloop
  endfacet
  facet normal 0 0 1
    outer loop
      vertex 58.9877 8.69832 3
      vertex 70.5123 8.69832 3
      vertex 59.4567 8.8456 3
    endloop
  endfacet
  facet normal 0 0 1
    outer loop
      vertex 47.6704 5.25 3
      vertex 70.5123 8.69832 3
      vertex 58.9877 8.69832 3
    endloop
  endfacet
  facet normal 0 0 1
    outer loop
      vertex 47.6704 5.25 3
      vertex 58.9877 8.69832 3
      vertex 58.5 8.64859 3
    endloop
  endfacet
  facet normal 0 0 1
    outer loop
      vertex 47.6704 5.25 3
      vertex 58.5 8.64859 3
      vertex 58.0123 8.69832 3
    endloop
  endfacet
  facet normal 0 0 1
    outer loop
      vertex 56.1903 12.2272 3
      vertex 44.7 7 3
      vertex 56.048 11.7417 3
    endloop
  endfacet
  facet normal 0 0 1
    outer loop
      vertex 56 11.2368 3
      vertex 47.6704 5.25 3
      vertex 56.048 10.7318 3
    endloop
  endfacet
  facet normal 0 0 1
    outer loop
      vertex 70.5123 8.69832 3
      vertex 47.6704 5.25 3
      vertex 84.3296 5.25 3
    endloop
  endfacet
  facet normal 0 0 1
    outer loop
      vertex 57.5433 8.8456 3
      vertex 47.6704 5.25 3
      vertex 58.0123 8.69832 3
    endloop
  endfacet
  facet normal 0 0 1
    outer loop
      vertex 57.1111 9.08478 3
      vertex 47.6704 5.25 3
      vertex 57.5433 8.8456 3
    endloop
  endfacet
  facet normal 0 0 1
    outer loop
      vertex 56.7322 9.40665 3
      vertex 47.6704 5.25 3
      vertex 57.1111 9.08478 3
    endloop
  endfacet
  facet normal 0 0 1
    outer loop
      vertex 56.4213 9.79886 3
      vertex 47.6704 5.25 3
      vertex 56.7322 9.40665 3
    endloop
  endfacet
  facet normal 0 0 1
    outer loop
      vertex 56.1903 10.2463 3
      vertex 47.6704 5.25 3
      vertex 56.4213 9.79886 3
    endloop
  endfacet
  facet normal 0 0 1
    outer loop
      vertex 56.048 10.7318 3
      vertex 47.6704 5.25 3
      vertex 56.1903 10.2463 3
    endloop
  endfacet
  facet normal 0 0 1
    outer loop
      vertex 47.0451 39.9389 3
      vertex 44.7 37 3
      vertex 47.455 39.27 3
    endloop
  endfacet
  facet normal 0 0 1
    outer loop
      vertex 47.455 39.27 3
      vertex 44.7 37 3
      vertex 47.6704 38.75 3
    endloop
  endfacet
  facet normal 0 0 1
    outer loop
      vertex 46.5355 40.5355 3
      vertex 44.7 37 3
      vertex 47.0451 39.9389 3
    endloop
  endfacet
  facet normal 0 0 1
    outer loop
      vertex 56.048 11.7417 3
      vertex 44.7 7 3
      vertex 56 11.2368 3
    endloop
  endfacet
  facet normal 0 0 1
    outer loop
      vertex 44.2021 38.2021 3
      vertex 46.5355 40.5355 3
      vertex 46.2844 40.75 3
    endloop
  endfacet
  facet normal 0 0 1
    outer loop
      vertex 47.6704 5.25 3
      vertex 46.2844 3.25 3
      vertex 47.455 4.73005 3
    endloop
  endfacet
  facet normal 0 0 1
    outer loop
      vertex 47.455 4.73005 3
      vertex 46.2844 3.25 3
      vertex 47.0451 4.06107 3
    endloop
  endfacet
  facet normal 0 0 1
    outer loop
      vertex 47.0451 4.06107 3
      vertex 46.2844 3.25 3
      vertex 46.5355 3.46447 3
    endloop
  endfacet
  facet normal -0 0 1
    outer loop
      vertex 73.452 32.4726 3
      vertex 74.5 28.8365 3
      vertex 73.5 32.9776 3
    endloop
  endfacet
  facet normal -0 0 1
    outer loop
      vertex 73.3097 31.9871 3
      vertex 74.5 28.8365 3
      vertex 73.452 32.4726 3
    endloop
  endfacet
  facet normal -0 0 1
    outer loop
      vertex 73.0787 31.5397 3
      vertex 74.5 28.8365 3
      vertex 73.3097 31.9871 3
    endloop
  endfacet
  facet normal -0 0 1
    outer loop
      vertex 72.7678 31.1475 3
      vertex 74.5 28.8365 3
      vertex 73.0787 31.5397 3
    endloop
  endfacet
  facet normal -0 0 1
    outer loop
      vertex 72.3889 30.8256 3
      vertex 74.5 28.8365 3
      vertex 72.7678 31.1475 3
    endloop
  endfacet
  facet normal -0 0 1
    outer loop
      vertex 71.9567 30.5864 3
      vertex 74.5 28.8365 3
      vertex 72.3889 30.8256 3
    endloop
  endfacet
  facet normal -0 0 1
    outer loop
      vertex 71.4877 30.4391 3
      vertex 74.5 28.8365 3
      vertex 71.9567 30.5864 3
    endloop
  endfacet
  facet normal -0 0 1
    outer loop
      vertex 71 30.3894 3
      vertex 74.5 28.8365 3
      vertex 71.4877 30.4391 3
    endloop
  endfacet
  facet normal 0 0 1
    outer loop
      vertex 70.5123 30.4391 3
      vertex 74.5 28.8365 3
      vertex 71 30.3894 3
    endloop
  endfacet
  facet normal 0 0 1
    outer loop
      vertex 57.5 28.8365 3
      vertex 70.5123 30.4391 3
      vertex 70.0433 30.5864 3
    endloop
  endfacet
  facet normal -0 0 1
    outer loop
      vertex 61 32.9776 3
      vertex 68.548 32.4726 3
      vertex 68.5 32.9776 3
    endloop
  endfacet
  facet normal 0 0 1
    outer loop
      vertex 60.952 32.4726 3
      vertex 68.548 32.4726 3
      vertex 61 32.9776 3
    endloop
  endfacet
  facet normal 0 0 1
    outer loop
      vertex 68.548 32.4726 3
      vertex 60.952 32.4726 3
      vertex 68.6903 31.9871 3
    endloop
  endfacet
  facet normal 0 0 1
    outer loop
      vertex 60.8097 31.9871 3
      vertex 68.6903 31.9871 3
      vertex 60.952 32.4726 3
    endloop
  endfacet
  facet normal 0 0 1
    outer loop
      vertex 68.6903 31.9871 3
      vertex 60.8097 31.9871 3
      vertex 68.9213 31.5397 3
    endloop
  endfacet
  facet normal 0 0 1
    outer loop
      vertex 60.5787 31.5397 3
      vertex 68.9213 31.5397 3
      vertex 60.8097 31.9871 3
    endloop
  endfacet
  facet normal 0 0 1
    outer loop
      vertex 68.9213 31.5397 3
      vertex 60.5787 31.5397 3
      vertex 69.2322 31.1475 3
    endloop
  endfacet
  facet normal 0 0 1
    outer loop
      vertex 60.2678 31.1475 3
      vertex 69.2322 31.1475 3
      vertex 60.5787 31.5397 3
    endloop
  endfacet
  facet normal 0 0 1
    outer loop
      vertex 69.2322 31.1475 3
      vertex 60.2678 31.1475 3
      vertex 69.6111 30.8256 3
    endloop
  endfacet
  facet normal 0 0 1
    outer loop
      vertex 59.8889 30.8256 3
      vertex 69.6111 30.8256 3
      vertex 60.2678 31.1475 3
    endloop
  endfacet
  facet normal 0 0 1
    outer loop
      vertex 57.5 28.8365 3
      vertex 69.6111 30.8256 3
      vertex 59.8889 30.8256 3
    endloop
  endfacet
  facet normal 0 0 1
    outer loop
      vertex 69.6111 30.8256 3
      vertex 57.5 28.8365 3
      vertex 70.0433 30.5864 3
    endloop
  endfacet
  facet normal 0 0 1
    outer loop
      vertex 57.5 28.8365 3
      vertex 59.8889 30.8256 3
      vertex 59.4567 30.5864 3
    endloop
  endfacet
  facet normal 0 0 1
    outer loop
      vertex 57.5 28.8365 3
      vertex 59.4567 30.5864 3
      vertex 58.9877 30.4391 3
    endloop
  endfacet
  facet normal 0 0 1
    outer loop
      vertex 57.5 28.8365 3
      vertex 58.9877 30.4391 3
      vertex 58.5 30.3894 3
    endloop
  endfacet
  facet normal 0 0 1
    outer loop
      vertex 70.5123 30.4391 3
      vertex 57.5 28.8365 3
      vertex 74.5 28.8365 3
    endloop
  endfacet
  facet normal 0 0 1
    outer loop
      vertex 58.0123 30.4391 3
      vertex 57.5 28.8365 3
      vertex 58.5 30.3894 3
    endloop
  endfacet
  facet normal 0 0 1
    outer loop
      vertex 57.5433 30.5864 3
      vertex 57.5 28.8365 3
      vertex 58.0123 30.4391 3
    endloop
  endfacet
  facet normal 0 0 1
    outer loop
      vertex 56.7322 31.1475 3
      vertex 57.5 28.8365 3
      vertex 57.1111 30.8256 3
    endloop
  endfacet
  facet normal 0 0 1
    outer loop
      vertex 57.1111 30.8256 3
      vertex 57.5 28.8365 3
      vertex 57.5433 30.5864 3
    endloop
  endfacet
  facet normal 0.992321 -0.123693 0
    outer loop
      vertex 95.8164 4.52708 3
      vertex 96 6 0
      vertex 96 6 3
    endloop
  endfacet
  facet normal 0.992321 -0.123693 0
    outer loop
      vertex 96 6 0
      vertex 95.8164 4.52708 3
      vertex 95.8164 4.52708 0
    endloop
  endfacet
  facet normal -0.956974 -0.290174 0
    outer loop
      vertex 44.6673 7.33165 1.6
      vertex 44.5706 7.65056 3
      vertex 44.5706 7.65056 1.6
    endloop
  endfacet
  facet normal -0.956974 -0.290174 0
    outer loop
      vertex 44.5706 7.65056 3
      vertex 44.6673 7.33165 1.6
      vertex 44.6673 7.33165 3
    endloop
  endfacet
  facet normal -0.290292 0.956938 0
    outer loop
      vertex 43.6506 5.42941 1.6
      vertex 43.3317 5.33267 3
      vertex 43.6506 5.42941 3
    endloop
  endfacet
  facet normal -0.290292 0.956938 0
    outer loop
      vertex 43.3317 5.33267 3
      vertex 43.6506 5.42941 1.6
      vertex 43.3317 5.33267 1.6
    endloop
  endfacet
  facet normal 0.956974 -0.290174 0
    outer loop
      vertex 41.3327 7.33165 3
      vertex 41.4294 7.65056 1.6
      vertex 41.4294 7.65056 3
    endloop
  endfacet
  facet normal 0.956974 -0.290174 0
    outer loop
      vertex 41.4294 7.65056 1.6
      vertex 41.3327 7.33165 3
      vertex 41.3327 7.33165 1.6
    endloop
  endfacet
  facet normal 0.881919 -0.471401 0
    outer loop
      vertex 41.4294 7.65056 3
      vertex 41.5865 7.94447 1.6
      vertex 41.5865 7.94447 3
    endloop
  endfacet
  facet normal 0.881919 -0.471401 0
    outer loop
      vertex 41.5865 7.94447 1.6
      vertex 41.4294 7.65056 3
      vertex 41.4294 7.65056 1.6
    endloop
  endfacet
  facet normal -0.995174 0.0981221 0
    outer loop
      vertex 44.6673 6.66835 1.6
      vertex 44.7 7 3
      vertex 44.7 7 1.6
    endloop
  endfacet
  facet normal -0.995174 0.0981221 0
    outer loop
      vertex 44.7 7 3
      vertex 44.6673 6.66835 1.6
      vertex 44.6673 6.66835 3
    endloop
  endfacet
  facet normal 0.773033 -0.634366 0
    outer loop
      vertex 41.5865 7.94447 3
      vertex 41.7979 8.20208 1.6
      vertex 41.7979 8.20208 3
    endloop
  endfacet
  facet normal 0.773033 -0.634366 0
    outer loop
      vertex 41.7979 8.20208 1.6
      vertex 41.5865 7.94447 3
      vertex 41.5865 7.94447 1.6
    endloop
  endfacet
  facet normal -0.881919 0.471401 0
    outer loop
      vertex 44.4135 6.05553 1.6
      vertex 44.5706 6.34944 3
      vertex 44.5706 6.34944 1.6
    endloop
  endfacet
  facet normal -0.881919 0.471401 0
    outer loop
      vertex 44.5706 6.34944 3
      vertex 44.4135 6.05553 1.6
      vertex 44.4135 6.05553 3
    endloop
  endfacet
  facet normal -0.0980183 0.995185 0
    outer loop
      vertex 43.3317 5.33267 1.6
      vertex 43 5.3 3
      vertex 43.3317 5.33267 3
    endloop
  endfacet
  facet normal -0.0980183 0.995185 0
    outer loop
      vertex 43 5.3 3
      vertex 43.3317 5.33267 1.6
      vertex 43 5.3 1.6
    endloop
  endfacet
  facet normal -0.995174 -0.0981221 0
    outer loop
      vertex 44.7 7 1.6
      vertex 44.6673 7.33165 3
      vertex 44.6673 7.33165 1.6
    endloop
  endfacet
  facet normal -0.995174 -0.0981221 0
    outer loop
      vertex 44.6673 7.33165 3
      vertex 44.7 7 1.6
      vertex 44.7 7 3
    endloop
  endfacet
  facet normal 0.290292 0.956938 -0
    outer loop
      vertex 42.6683 5.33267 1.6
      vertex 42.3494 5.42941 3
      vertex 42.6683 5.33267 3
    endloop
  endfacet
  facet normal 0.290292 0.956938 0
    outer loop
      vertex 42.3494 5.42941 3
      vertex 42.6683 5.33267 1.6
      vertex 42.3494 5.42941 1.6
    endloop
  endfacet
  facet normal -0.881919 -0.471401 0
    outer loop
      vertex 44.5706 7.65056 1.6
      vertex 44.4135 7.94447 3
      vertex 44.4135 7.94447 1.6
    endloop
  endfacet
  facet normal -0.881919 -0.471401 0
    outer loop
      vertex 44.4135 7.94447 3
      vertex 44.5706 7.65056 1.6
      vertex 44.5706 7.65056 3
    endloop
  endfacet
  facet normal 0.0980183 -0.995185 0
    outer loop
      vertex 42.6683 8.66733 1.6
      vertex 43 8.7 3
      vertex 42.6683 8.66733 3
    endloop
  endfacet
  facet normal 0.0980183 -0.995185 0
    outer loop
      vertex 43 8.7 3
      vertex 42.6683 8.66733 1.6
      vertex 43 8.7 1.6
    endloop
  endfacet
  facet normal -0.47139 -0.881925 0
    outer loop
      vertex 43.6506 8.57059 1.6
      vertex 43.9445 8.4135 3
      vertex 43.6506 8.57059 3
    endloop
  endfacet
  facet normal -0.47139 -0.881925 -0
    outer loop
      vertex 43.9445 8.4135 3
      vertex 43.6506 8.57059 1.6
      vertex 43.9445 8.4135 1.6
    endloop
  endfacet
  facet normal -0.47139 0.881925 0
    outer loop
      vertex 43.9445 5.5865 1.6
      vertex 43.6506 5.42941 3
      vertex 43.9445 5.5865 3
    endloop
  endfacet
  facet normal -0.47139 0.881925 0
    outer loop
      vertex 43.6506 5.42941 3
      vertex 43.9445 5.5865 1.6
      vertex 43.6506 5.42941 1.6
    endloop
  endfacet
  facet normal 0.995174 0.0981221 0
    outer loop
      vertex 41.3327 6.66835 3
      vertex 41.3 7 1.6
      vertex 41.3 7 3
    endloop
  endfacet
  facet normal 0.995174 0.0981221 0
    outer loop
      vertex 41.3 7 1.6
      vertex 41.3327 6.66835 3
      vertex 41.3327 6.66835 1.6
    endloop
  endfacet
  facet normal 0.634417 -0.772991 0
    outer loop
      vertex 41.7979 8.20208 1.6
      vertex 42.0555 8.4135 3
      vertex 41.7979 8.20208 3
    endloop
  endfacet
  facet normal 0.634417 -0.772991 0
    outer loop
      vertex 42.0555 8.4135 3
      vertex 41.7979 8.20208 1.6
      vertex 42.0555 8.4135 1.6
    endloop
  endfacet
  facet normal -0.634417 -0.772991 0
    outer loop
      vertex 43.9445 8.4135 1.6
      vertex 44.2021 8.20208 3
      vertex 43.9445 8.4135 3
    endloop
  endfacet
  facet normal -0.634417 -0.772991 -0
    outer loop
      vertex 44.2021 8.20208 3
      vertex 43.9445 8.4135 1.6
      vertex 44.2021 8.20208 1.6
    endloop
  endfacet
  facet normal 0.290292 -0.956938 0
    outer loop
      vertex 42.3494 8.57059 1.6
      vertex 42.6683 8.66733 3
      vertex 42.3494 8.57059 3
    endloop
  endfacet
  facet normal 0.290292 -0.956938 0
    outer loop
      vertex 42.6683 8.66733 3
      vertex 42.3494 8.57059 1.6
      vertex 42.6683 8.66733 1.6
    endloop
  endfacet
  facet normal 0.995174 -0.0981221 0
    outer loop
      vertex 41.3 7 3
      vertex 41.3327 7.33165 1.6
      vertex 41.3327 7.33165 3
    endloop
  endfacet
  facet normal 0.995174 -0.0981221 0
    outer loop
      vertex 41.3327 7.33165 1.6
      vertex 41.3 7 3
      vertex 41.3 7 1.6
    endloop
  endfacet
  facet normal 0.47139 0.881925 -0
    outer loop
      vertex 42.3494 5.42941 1.6
      vertex 42.0555 5.5865 3
      vertex 42.3494 5.42941 3
    endloop
  endfacet
  facet normal 0.47139 0.881925 0
    outer loop
      vertex 42.0555 5.5865 3
      vertex 42.3494 5.42941 1.6
      vertex 42.0555 5.5865 1.6
    endloop
  endfacet
  facet normal -0.290292 -0.956938 0
    outer loop
      vertex 43.3317 8.66733 1.6
      vertex 43.6506 8.57059 3
      vertex 43.3317 8.66733 3
    endloop
  endfacet
  facet normal -0.290292 -0.956938 -0
    outer loop
      vertex 43.6506 8.57059 3
      vertex 43.3317 8.66733 1.6
      vertex 43.6506 8.57059 1.6
    endloop
  endfacet
  facet normal -0.773033 -0.634366 0
    outer loop
      vertex 44.4135 7.94447 1.6
      vertex 44.2021 8.20208 3
      vertex 44.2021 8.20208 1.6
    endloop
  endfacet
  facet normal -0.773033 -0.634366 0
    outer loop
      vertex 44.2021 8.20208 3
      vertex 44.4135 7.94447 1.6
      vertex 44.4135 7.94447 3
    endloop
  endfacet
  facet normal -0.956974 0.290174 0
    outer loop
      vertex 44.5706 6.34944 1.6
      vertex 44.6673 6.66835 3
      vertex 44.6673 6.66835 1.6
    endloop
  endfacet
  facet normal -0.956974 0.290174 0
    outer loop
      vertex 44.6673 6.66835 3
      vertex 44.5706 6.34944 1.6
      vertex 44.5706 6.34944 3
    endloop
  endfacet
  facet normal -0.0980183 -0.995185 0
    outer loop
      vertex 43 8.7 1.6
      vertex 43.3317 8.66733 3
      vertex 43 8.7 3
    endloop
  endfacet
  facet normal -0.0980183 -0.995185 -0
    outer loop
      vertex 43.3317 8.66733 3
      vertex 43 8.7 1.6
      vertex 43.3317 8.66733 1.6
    endloop
  endfacet
  facet normal 0.47139 -0.881925 0
    outer loop
      vertex 42.0555 8.4135 1.6
      vertex 42.3494 8.57059 3
      vertex 42.0555 8.4135 3
    endloop
  endfacet
  facet normal 0.47139 -0.881925 0
    outer loop
      vertex 42.3494 8.57059 3
      vertex 42.0555 8.4135 1.6
      vertex 42.3494 8.57059 1.6
    endloop
  endfacet
  facet normal 0.881919 0.471401 0
    outer loop
      vertex 41.5865 6.05553 3
      vertex 41.4294 6.34944 1.6
      vertex 41.4294 6.34944 3
    endloop
  endfacet
  facet normal 0.881919 0.471401 0
    outer loop
      vertex 41.4294 6.34944 1.6
      vertex 41.5865 6.05553 3
      vertex 41.5865 6.05553 1.6
    endloop
  endfacet
  facet normal 0.773033 0.634366 0
    outer loop
      vertex 41.7979 5.79792 3
      vertex 41.5865 6.05553 1.6
      vertex 41.5865 6.05553 3
    endloop
  endfacet
  facet normal 0.773033 0.634366 0
    outer loop
      vertex 41.5865 6.05553 1.6
      vertex 41.7979 5.79792 3
      vertex 41.7979 5.79792 1.6
    endloop
  endfacet
  facet normal 0.956974 0.290174 0
    outer loop
      vertex 41.4294 6.34944 3
      vertex 41.3327 6.66835 1.6
      vertex 41.3327 6.66835 3
    endloop
  endfacet
  facet normal 0.956974 0.290174 0
    outer loop
      vertex 41.3327 6.66835 1.6
      vertex 41.4294 6.34944 3
      vertex 41.4294 6.34944 1.6
    endloop
  endfacet
  facet normal 0.634417 0.772991 -0
    outer loop
      vertex 42.0555 5.5865 1.6
      vertex 41.7979 5.79792 3
      vertex 42.0555 5.5865 3
    endloop
  endfacet
  facet normal 0.634417 0.772991 0
    outer loop
      vertex 41.7979 5.79792 3
      vertex 42.0555 5.5865 1.6
      vertex 41.7979 5.79792 1.6
    endloop
  endfacet
  facet normal -0.634417 0.772991 0
    outer loop
      vertex 44.2021 5.79792 1.6
      vertex 43.9445 5.5865 3
      vertex 44.2021 5.79792 3
    endloop
  endfacet
  facet normal -0.634417 0.772991 0
    outer loop
      vertex 43.9445 5.5865 3
      vertex 44.2021 5.79792 1.6
      vertex 43.9445 5.5865 1.6
    endloop
  endfacet
  facet normal -0.773033 0.634366 0
    outer loop
      vertex 44.2021 5.79792 1.6
      vertex 44.4135 6.05553 3
      vertex 44.4135 6.05553 1.6
    endloop
  endfacet
  facet normal -0.773033 0.634366 0
    outer loop
      vertex 44.4135 6.05553 3
      vertex 44.2021 5.79792 1.6
      vertex 44.2021 5.79792 3
    endloop
  endfacet
  facet normal 0.0980183 0.995185 -0
    outer loop
      vertex 43 5.3 1.6
      vertex 42.6683 5.33267 3
      vertex 43 5.3 3
    endloop
  endfacet
  facet normal 0.0980183 0.995185 0
    outer loop
      vertex 42.6683 5.33267 3
      vertex 43 5.3 1.6
      vertex 42.6683 5.33267 1.6
    endloop
  endfacet
  facet normal -0.707569 -0.0697836 -0.703191
    outer loop
      vertex 46.227 7.6398 0
      vertex 46.2901 7 0
      vertex 44.7 7 1.6
    endloop
  endfacet
  facet normal 0.627077 -0.335117 -0.703186
    outer loop
      vertex 40.2644 8.82786 0
      vertex 41.5865 7.94447 1.6
      vertex 39.9614 8.26088 0
    endloop
  endfacet
  facet normal 0.451077 0.549604 -0.703182
    outer loop
      vertex 40.6752 4.67226 0
      vertex 41.7979 5.79792 1.6
      vertex 42.0555 5.5865 1.6
    endloop
  endfacet
  facet normal 0.450451 0.55017 -0.703141
    outer loop
      vertex 41.7979 5.79792 1.6
      vertex 40.6752 4.67226 0
      vertex 40.6736 4.67357 0
    endloop
  endfacet
  facet normal -0.335117 -0.627079 -0.703185
    outer loop
      vertex 44.2609 10.0386 0
      vertex 44.8279 9.73559 0
      vertex 43.9445 8.4135 1.6
    endloop
  endfacet
  facet normal 0.0674214 -0.707924 -0.703063
    outer loop
      vertex 42.3602 10.227 0
      vertex 42.6683 8.66733 1.6
      vertex 42.3581 10.2268 0
    endloop
  endfacet
  facet normal 0.0696926 -0.707592 -0.703176
    outer loop
      vertex 42.6683 8.66733 1.6
      vertex 42.3602 10.227 0
      vertex 43 8.7 1.6
    endloop
  endfacet
  facet normal 0.451094 -0.549585 -0.703186
    outer loop
      vertex 41.1721 9.73559 0
      vertex 42.0555 8.4135 1.6
      vertex 40.6752 9.32774 0
    endloop
  endfacet
  facet normal -0.551961 0.448469 -0.703004
    outer loop
      vertex 44.2021 5.79792 1.6
      vertex 45.3277 4.67517 0
      vertex 45.3264 4.67357 0
    endloop
  endfacet
  facet normal -0.549638 0.451044 -0.703177
    outer loop
      vertex 45.3277 4.67517 0
      vertex 44.2021 5.79792 1.6
      vertex 44.4135 6.05553 1.6
    endloop
  endfacet
  facet normal 0.549589 -0.451088 -0.703187
    outer loop
      vertex 40.6723 9.32483 0
      vertex 41.5865 7.94447 1.6
      vertex 40.2644 8.82786 0
    endloop
  endfacet
  facet normal -0.549638 -0.451044 -0.703177
    outer loop
      vertex 44.2021 8.20208 1.6
      vertex 45.3277 9.32483 0
      vertex 44.4135 7.94447 1.6
    endloop
  endfacet
  facet normal -0.551961 -0.448469 -0.703004
    outer loop
      vertex 45.3277 9.32483 0
      vertex 44.2021 8.20208 1.6
      vertex 45.3264 9.32643 0
    endloop
  endfacet
  facet normal -0.624226 0.341107 -0.702843
    outer loop
      vertex 46.0386 5.73912 0
      vertex 44.5706 6.34944 1.6
      vertex 46.0396 5.74095 0
    endloop
  endfacet
  facet normal -0.627057 0.335173 -0.703177
    outer loop
      vertex 44.5706 6.34944 1.6
      vertex 46.0386 5.73912 0
      vertex 44.4135 6.05553 1.6
    endloop
  endfacet
  facet normal -0.549589 0.451088 -0.703187
    outer loop
      vertex 45.7356 5.17214 0
      vertex 45.3277 4.67517 0
      vertex 44.4135 6.05553 1.6
    endloop
  endfacet
  facet normal -0.217528 0.677545 -0.702577
    outer loop
      vertex 43.3317 5.33267 1.6
      vertex 43.6438 3.77376 0
      vertex 43.6419 3.77315 0
    endloop
  endfacet
  facet normal -0.206401 0.680393 -0.703181
    outer loop
      vertex 43.6438 3.77376 0
      vertex 43.3317 5.33267 1.6
      vertex 43.6506 5.42941 1.6
    endloop
  endfacet
  facet normal -0.206403 -0.680401 -0.703172
    outer loop
      vertex 43.3317 8.66733 1.6
      vertex 43.6438 10.2262 0
      vertex 43.6506 8.57059 1.6
    endloop
  endfacet
  facet normal -0.214234 -0.678407 -0.702757
    outer loop
      vertex 43.6438 10.2262 0
      vertex 43.3317 8.66733 1.6
      vertex 43.6419 10.2268 0
    endloop
  endfacet
  facet normal -0.335158 0.627053 -0.703188
    outer loop
      vertex 44.8279 4.26441 0
      vertex 44.2609 3.96135 0
      vertex 43.9445 5.5865 1.6
    endloop
  endfacet
  facet normal 0.627057 0.335173 -0.703177
    outer loop
      vertex 39.9614 5.73912 0
      vertex 41.4294 6.34944 1.6
      vertex 41.5865 6.05553 1.6
    endloop
  endfacet
  facet normal 0.624226 0.341107 -0.702843
    outer loop
      vertex 41.4294 6.34944 1.6
      vertex 39.9614 5.73912 0
      vertex 39.9604 5.74095 0
    endloop
  endfacet
  facet normal 0.680403 -0.206374 -0.70318
    outer loop
      vertex 39.9604 8.25905 0
      vertex 41.4294 7.65056 1.6
      vertex 39.7738 7.64384 0
    endloop
  endfacet
  facet normal -0.680403 -0.206374 -0.70318
    outer loop
      vertex 46.0396 8.25905 0
      vertex 46.2262 7.64384 0
      vertex 44.5706 7.65056 1.6
    endloop
  endfacet
  facet normal -0.549589 -0.451088 -0.703187
    outer loop
      vertex 45.3277 9.32483 0
      vertex 45.7356 8.82786 0
      vertex 44.4135 7.94447 1.6
    endloop
  endfacet
  facet normal 0.707569 -0.0697836 -0.703191
    outer loop
      vertex 39.773 7.6398 0
      vertex 41.3 7 1.6
      vertex 39.7099 7 0
    endloop
  endfacet
  facet normal -0.450451 -0.55017 -0.703141
    outer loop
      vertex 44.2021 8.20208 1.6
      vertex 45.3248 9.32774 0
      vertex 45.3264 9.32643 0
    endloop
  endfacet
  facet normal -0.451077 -0.549604 -0.703182
    outer loop
      vertex 45.3248 9.32774 0
      vertex 44.2021 8.20208 1.6
      vertex 43.9445 8.4135 1.6
    endloop
  endfacet
  facet normal 0.707728 -0.0687115 -0.703136
    outer loop
      vertex 41.3327 7.33165 1.6
      vertex 39.773 7.6398 0
      vertex 39.7732 7.64186 0
    endloop
  endfacet
  facet normal 0.707573 -0.0697653 -0.703188
    outer loop
      vertex 39.773 7.6398 0
      vertex 41.3327 7.33165 1.6
      vertex 41.3 7 1.6
    endloop
  endfacet
  facet normal -0.707569 0.0697836 -0.703191
    outer loop
      vertex 46.2901 7 0
      vertex 46.227 6.3602 0
      vertex 44.7 7 1.6
    endloop
  endfacet
  facet normal -0.451094 0.549585 -0.703186
    outer loop
      vertex 45.3248 4.67226 0
      vertex 44.8279 4.26441 0
      vertex 43.9445 5.5865 1.6
    endloop
  endfacet
  facet normal -0.627077 -0.335117 -0.703186
    outer loop
      vertex 45.7356 8.82786 0
      vertex 46.0386 8.26088 0
      vertex 44.4135 7.94447 1.6
    endloop
  endfacet
  facet normal -0.680403 0.206374 -0.70318
    outer loop
      vertex 46.2262 6.35616 0
      vertex 46.0396 5.74095 0
      vertex 44.5706 6.34944 1.6
    endloop
  endfacet
  facet normal 0.0696855 0.707582 -0.703186
    outer loop
      vertex 43 5.3 1.6
      vertex 43 3.70994 0
      vertex 42.3602 3.77295 0
    endloop
  endfacet
  facet normal 0.680411 0.206315 -0.703189
    outer loop
      vertex 39.7738 6.35616 0
      vertex 41.3327 6.66835 1.6
      vertex 41.4294 6.34944 1.6
    endloop
  endfacet
  facet normal 0.680441 0.206194 -0.703195
    outer loop
      vertex 41.3327 6.66835 1.6
      vertex 39.7738 6.35616 0
      vertex 39.7732 6.35814 0
    endloop
  endfacet
  facet normal 0.707569 0.0697836 -0.703191
    outer loop
      vertex 41.3 7 1.6
      vertex 39.773 6.3602 0
      vertex 39.7099 7 0
    endloop
  endfacet
  facet normal 0.627057 -0.335173 -0.703177
    outer loop
      vertex 41.4294 7.65056 1.6
      vertex 39.9614 8.26088 0
      vertex 41.5865 7.94447 1.6
    endloop
  endfacet
  facet normal 0.624226 -0.341107 -0.702843
    outer loop
      vertex 39.9614 8.26088 0
      vertex 41.4294 7.65056 1.6
      vertex 39.9604 8.25905 0
    endloop
  endfacet
  facet normal 0.217528 0.677545 -0.702577
    outer loop
      vertex 42.3562 3.77376 0
      vertex 42.6683 5.33267 1.6
      vertex 42.3581 3.77315 0
    endloop
  endfacet
  facet normal 0.206401 0.680393 -0.703181
    outer loop
      vertex 42.6683 5.33267 1.6
      vertex 42.3562 3.77376 0
      vertex 42.3494 5.42941 1.6
    endloop
  endfacet
  facet normal -0.0697836 -0.707569 -0.703191
    outer loop
      vertex 43 10.2901 0
      vertex 43.6398 10.227 0
      vertex 43 8.7 1.6
    endloop
  endfacet
  facet normal -0.624226 -0.341107 -0.702843
    outer loop
      vertex 44.5706 7.65056 1.6
      vertex 46.0386 8.26088 0
      vertex 46.0396 8.25905 0
    endloop
  endfacet
  facet normal -0.627057 -0.335173 -0.703177
    outer loop
      vertex 46.0386 8.26088 0
      vertex 44.5706 7.65056 1.6
      vertex 44.4135 7.94447 1.6
    endloop
  endfacet
  facet normal -0.206364 0.680399 -0.703187
    outer loop
      vertex 43.6506 5.42941 1.6
      vertex 44.2591 3.96038 0
      vertex 43.6438 3.77376 0
    endloop
  endfacet
  facet normal -0.0696855 0.707582 -0.703186
    outer loop
      vertex 43 5.3 1.6
      vertex 43.6398 3.77295 0
      vertex 43 3.70994 0
    endloop
  endfacet
  facet normal 0.206364 0.680399 -0.703187
    outer loop
      vertex 42.3494 5.42941 1.6
      vertex 42.3562 3.77376 0
      vertex 41.7409 3.96038 0
    endloop
  endfacet
  facet normal 0.627077 0.335117 -0.703186
    outer loop
      vertex 41.5865 6.05553 1.6
      vertex 40.2644 5.17214 0
      vertex 39.9614 5.73912 0
    endloop
  endfacet
  facet normal -0.627077 0.335117 -0.703186
    outer loop
      vertex 46.0386 5.73912 0
      vertex 45.7356 5.17214 0
      vertex 44.4135 6.05553 1.6
    endloop
  endfacet
  facet normal 0.549638 -0.451044 -0.703177
    outer loop
      vertex 40.6723 9.32483 0
      vertex 41.7979 8.20208 1.6
      vertex 41.5865 7.94447 1.6
    endloop
  endfacet
  facet normal 0.551961 -0.448469 -0.703004
    outer loop
      vertex 41.7979 8.20208 1.6
      vertex 40.6723 9.32483 0
      vertex 40.6736 9.32643 0
    endloop
  endfacet
  facet normal -0.337351 0.626012 -0.703067
    outer loop
      vertex 43.6506 5.42941 1.6
      vertex 44.2609 3.96135 0
      vertex 44.2591 3.96038 0
    endloop
  endfacet
  facet normal -0.335161 0.627053 -0.703187
    outer loop
      vertex 44.2609 3.96135 0
      vertex 43.6506 5.42941 1.6
      vertex 43.9445 5.5865 1.6
    endloop
  endfacet
  facet normal -0.450451 0.55017 -0.703141
    outer loop
      vertex 45.3248 4.67226 0
      vertex 44.2021 5.79792 1.6
      vertex 45.3264 4.67357 0
    endloop
  endfacet
  facet normal -0.451077 0.549604 -0.703182
    outer loop
      vertex 44.2021 5.79792 1.6
      vertex 45.3248 4.67226 0
      vertex 43.9445 5.5865 1.6
    endloop
  endfacet
  facet normal -0.707573 0.0697653 -0.703188
    outer loop
      vertex 46.227 6.3602 0
      vertex 44.6673 6.66835 1.6
      vertex 44.7 7 1.6
    endloop
  endfacet
  facet normal -0.707728 0.0687115 -0.703136
    outer loop
      vertex 44.6673 6.66835 1.6
      vertex 46.227 6.3602 0
      vertex 46.2268 6.35814 0
    endloop
  endfacet
  facet normal 0.551961 0.448469 -0.703004
    outer loop
      vertex 40.6723 4.67517 0
      vertex 41.7979 5.79792 1.6
      vertex 40.6736 4.67357 0
    endloop
  endfacet
  facet normal 0.549638 0.451044 -0.703177
    outer loop
      vertex 41.7979 5.79792 1.6
      vertex 40.6723 4.67517 0
      vertex 41.5865 6.05553 1.6
    endloop
  endfacet
  facet normal 0.451077 -0.549604 -0.703182
    outer loop
      vertex 41.7979 8.20208 1.6
      vertex 40.6752 9.32774 0
      vertex 42.0555 8.4135 1.6
    endloop
  endfacet
  facet normal 0.450451 -0.55017 -0.703141
    outer loop
      vertex 40.6752 9.32774 0
      vertex 41.7979 8.20208 1.6
      vertex 40.6736 9.32643 0
    endloop
  endfacet
  facet normal 0.335117 -0.627079 -0.703185
    outer loop
      vertex 41.7391 10.0386 0
      vertex 42.0555 8.4135 1.6
      vertex 41.1721 9.73559 0
    endloop
  endfacet
  facet normal -0.206346 -0.68041 -0.703181
    outer loop
      vertex 44.2591 10.0396 0
      vertex 43.6506 8.57059 1.6
      vertex 43.6438 10.2262 0
    endloop
  endfacet
  facet normal 0.707573 0.0697653 -0.703188
    outer loop
      vertex 41.3327 6.66835 1.6
      vertex 39.773 6.3602 0
      vertex 41.3 7 1.6
    endloop
  endfacet
  facet normal 0.707728 0.0687115 -0.703136
    outer loop
      vertex 39.773 6.3602 0
      vertex 41.3327 6.66835 1.6
      vertex 39.7732 6.35814 0
    endloop
  endfacet
  facet normal 0.0696915 0.707581 -0.703187
    outer loop
      vertex 42.3602 3.77295 0
      vertex 42.6683 5.33267 1.6
      vertex 43 5.3 1.6
    endloop
  endfacet
  facet normal 0.0674203 0.707913 -0.703074
    outer loop
      vertex 42.6683 5.33267 1.6
      vertex 42.3602 3.77295 0
      vertex 42.3581 3.77315 0
    endloop
  endfacet
  facet normal 0.680411 -0.206315 -0.703189
    outer loop
      vertex 41.3327 7.33165 1.6
      vertex 39.7738 7.64384 0
      vertex 41.4294 7.65056 1.6
    endloop
  endfacet
  facet normal 0.680441 -0.206194 -0.703195
    outer loop
      vertex 39.7738 7.64384 0
      vertex 41.3327 7.33165 1.6
      vertex 39.7732 7.64186 0
    endloop
  endfacet
  facet normal 0.214234 -0.678407 -0.702757
    outer loop
      vertex 42.6683 8.66733 1.6
      vertex 42.3562 10.2262 0
      vertex 42.3581 10.2268 0
    endloop
  endfacet
  facet normal 0.206403 -0.680401 -0.703172
    outer loop
      vertex 42.3562 10.2262 0
      vertex 42.6683 8.66733 1.6
      vertex 42.3494 8.57059 1.6
    endloop
  endfacet
  facet normal 0.337351 0.626012 -0.703067
    outer loop
      vertex 41.7391 3.96135 0
      vertex 42.3494 5.42941 1.6
      vertex 41.7409 3.96038 0
    endloop
  endfacet
  facet normal 0.335161 0.627053 -0.703187
    outer loop
      vertex 42.3494 5.42941 1.6
      vertex 41.7391 3.96135 0
      vertex 42.0555 5.5865 1.6
    endloop
  endfacet
  facet normal -0.0696926 -0.707592 -0.703176
    outer loop
      vertex 43.6398 10.227 0
      vertex 43.3317 8.66733 1.6
      vertex 43 8.7 1.6
    endloop
  endfacet
  facet normal -0.0674214 -0.707924 -0.703063
    outer loop
      vertex 43.3317 8.66733 1.6
      vertex 43.6398 10.227 0
      vertex 43.6419 10.2268 0
    endloop
  endfacet
  facet normal 0.0697836 -0.707569 -0.703191
    outer loop
      vertex 43 10.2901 0
      vertex 43 8.7 1.6
      vertex 42.3602 10.227 0
    endloop
  endfacet
  facet normal -0.451094 -0.549585 -0.703186
    outer loop
      vertex 44.8279 9.73559 0
      vertex 45.3248 9.32774 0
      vertex 43.9445 8.4135 1.6
    endloop
  endfacet
  facet normal 0.335165 -0.627061 -0.703177
    outer loop
      vertex 41.7391 10.0386 0
      vertex 42.3494 8.57059 1.6
      vertex 42.0555 8.4135 1.6
    endloop
  endfacet
  facet normal 0.345591 -0.622064 -0.702569
    outer loop
      vertex 42.3494 8.57059 1.6
      vertex 41.7391 10.0386 0
      vertex 41.7409 10.0396 0
    endloop
  endfacet
  facet normal -0.680441 -0.206194 -0.703195
    outer loop
      vertex 44.6673 7.33165 1.6
      vertex 46.2262 7.64384 0
      vertex 46.2268 7.64186 0
    endloop
  endfacet
  facet normal -0.680411 -0.206315 -0.703189
    outer loop
      vertex 46.2262 7.64384 0
      vertex 44.6673 7.33165 1.6
      vertex 44.5706 7.65056 1.6
    endloop
  endfacet
  facet normal -0.680441 0.206194 -0.703195
    outer loop
      vertex 46.2262 6.35616 0
      vertex 44.6673 6.66835 1.6
      vertex 46.2268 6.35814 0
    endloop
  endfacet
  facet normal -0.680411 0.206315 -0.703189
    outer loop
      vertex 44.6673 6.66835 1.6
      vertex 46.2262 6.35616 0
      vertex 44.5706 6.34944 1.6
    endloop
  endfacet
  facet normal 0.206346 -0.68041 -0.703181
    outer loop
      vertex 42.3562 10.2262 0
      vertex 42.3494 8.57059 1.6
      vertex 41.7409 10.0396 0
    endloop
  endfacet
  facet normal 0.680403 0.206374 -0.70318
    outer loop
      vertex 41.4294 6.34944 1.6
      vertex 39.9604 5.74095 0
      vertex 39.7738 6.35616 0
    endloop
  endfacet
  facet normal 0.549589 0.451088 -0.703187
    outer loop
      vertex 41.5865 6.05553 1.6
      vertex 40.6723 4.67517 0
      vertex 40.2644 5.17214 0
    endloop
  endfacet
  facet normal 0.335158 0.627053 -0.703188
    outer loop
      vertex 42.0555 5.5865 1.6
      vertex 41.7391 3.96135 0
      vertex 41.1721 4.26441 0
    endloop
  endfacet
  facet normal -0.335165 -0.627061 -0.703177
    outer loop
      vertex 43.6506 8.57059 1.6
      vertex 44.2609 10.0386 0
      vertex 43.9445 8.4135 1.6
    endloop
  endfacet
  facet normal -0.345591 -0.622064 -0.702569
    outer loop
      vertex 44.2609 10.0386 0
      vertex 43.6506 8.57059 1.6
      vertex 44.2591 10.0396 0
    endloop
  endfacet
  facet normal -0.0674203 0.707913 -0.703074
    outer loop
      vertex 43.6398 3.77295 0
      vertex 43.3317 5.33267 1.6
      vertex 43.6419 3.77315 0
    endloop
  endfacet
  facet normal -0.0696915 0.707581 -0.703187
    outer loop
      vertex 43.3317 5.33267 1.6
      vertex 43.6398 3.77295 0
      vertex 43 5.3 1.6
    endloop
  endfacet
  facet normal 0.451094 0.549585 -0.703186
    outer loop
      vertex 42.0555 5.5865 1.6
      vertex 41.1721 4.26441 0
      vertex 40.6752 4.67226 0
    endloop
  endfacet
  facet normal -0.707728 -0.0687115 -0.703136
    outer loop
      vertex 46.227 7.6398 0
      vertex 44.6673 7.33165 1.6
      vertex 46.2268 7.64186 0
    endloop
  endfacet
  facet normal -0.707573 -0.0697653 -0.703188
    outer loop
      vertex 44.6673 7.33165 1.6
      vertex 46.227 7.6398 0
      vertex 44.7 7 1.6
    endloop
  endfacet
  facet normal 0.956971 -0.290182 0
    outer loop
      vertex 41.3327 37.3317 3
      vertex 41.4294 37.6506 1.6
      vertex 41.4294 37.6506 3
    endloop
  endfacet
  facet normal 0.956971 -0.290182 0
    outer loop
      vertex 41.4294 37.6506 1.6
      vertex 41.3327 37.3317 3
      vertex 41.3327 37.3317 1.6
    endloop
  endfacet
  facet normal -0.0981075 0.995176 0
    outer loop
      vertex 43.3317 35.3327 1.6
      vertex 43 35.3 3
      vertex 43.3317 35.3327 3
    endloop
  endfacet
  facet normal -0.0981075 0.995176 0
    outer loop
      vertex 43 35.3 3
      vertex 43.3317 35.3327 1.6
      vertex 43 35.3 1.6
    endloop
  endfacet
  facet normal -0.956971 -0.290182 0
    outer loop
      vertex 44.6673 37.3317 1.6
      vertex 44.5706 37.6506 3
      vertex 44.5706 37.6506 1.6
    endloop
  endfacet
  facet normal -0.956971 -0.290182 0
    outer loop
      vertex 44.5706 37.6506 3
      vertex 44.6673 37.3317 1.6
      vertex 44.6673 37.3317 3
    endloop
  endfacet
  facet normal -0.995176 -0.0981075 0
    outer loop
      vertex 44.7 37 1.6
      vertex 44.6673 37.3317 3
      vertex 44.6673 37.3317 1.6
    endloop
  endfacet
  facet normal -0.995176 -0.0981075 0
    outer loop
      vertex 44.6673 37.3317 3
      vertex 44.7 37 1.6
      vertex 44.7 37 3
    endloop
  endfacet
  facet normal -0.881912 -0.471413 0
    outer loop
      vertex 44.5706 37.6506 1.6
      vertex 44.4135 37.9445 3
      vertex 44.4135 37.9445 1.6
    endloop
  endfacet
  facet normal -0.881912 -0.471413 0
    outer loop
      vertex 44.4135 37.9445 3
      vertex 44.5706 37.6506 1.6
      vertex 44.5706 37.6506 3
    endloop
  endfacet
  facet normal 0.634381 -0.773021 0
    outer loop
      vertex 41.7979 38.2021 1.6
      vertex 42.0555 38.4135 3
      vertex 41.7979 38.2021 3
    endloop
  endfacet
  facet normal 0.634381 -0.773021 0
    outer loop
      vertex 42.0555 38.4135 3
      vertex 41.7979 38.2021 1.6
      vertex 42.0555 38.4135 1.6
    endloop
  endfacet
  facet normal 0.773021 -0.634381 0
    outer loop
      vertex 41.5865 37.9445 3
      vertex 41.7979 38.2021 1.6
      vertex 41.7979 38.2021 3
    endloop
  endfacet
  facet normal 0.773021 -0.634381 0
    outer loop
      vertex 41.7979 38.2021 1.6
      vertex 41.5865 37.9445 3
      vertex 41.5865 37.9445 1.6
    endloop
  endfacet
  facet normal -0.0981075 -0.995176 0
    outer loop
      vertex 43 38.7 1.6
      vertex 43.3317 38.6673 3
      vertex 43 38.7 3
    endloop
  endfacet
  facet normal -0.0981075 -0.995176 -0
    outer loop
      vertex 43.3317 38.6673 3
      vertex 43 38.7 1.6
      vertex 43.3317 38.6673 1.6
    endloop
  endfacet
  facet normal 0.881912 0.471413 0
    outer loop
      vertex 41.5865 36.0555 3
      vertex 41.4294 36.3494 1.6
      vertex 41.4294 36.3494 3
    endloop
  endfacet
  facet normal 0.881912 0.471413 0
    outer loop
      vertex 41.4294 36.3494 1.6
      vertex 41.5865 36.0555 3
      vertex 41.5865 36.0555 1.6
    endloop
  endfacet
  facet normal -0.773021 -0.634381 0
    outer loop
      vertex 44.4135 37.9445 1.6
      vertex 44.2021 38.2021 3
      vertex 44.2021 38.2021 1.6
    endloop
  endfacet
  facet normal -0.773021 -0.634381 0
    outer loop
      vertex 44.2021 38.2021 3
      vertex 44.4135 37.9445 1.6
      vertex 44.4135 37.9445 3
    endloop
  endfacet
  facet normal -0.881912 0.471413 0
    outer loop
      vertex 44.4135 36.0555 1.6
      vertex 44.5706 36.3494 3
      vertex 44.5706 36.3494 1.6
    endloop
  endfacet
  facet normal -0.881912 0.471413 0
    outer loop
      vertex 44.5706 36.3494 3
      vertex 44.4135 36.0555 1.6
      vertex 44.4135 36.0555 3
    endloop
  endfacet
  facet normal -0.290182 0.956971 0
    outer loop
      vertex 43.6506 35.4294 1.6
      vertex 43.3317 35.3327 3
      vertex 43.6506 35.4294 3
    endloop
  endfacet
  facet normal -0.290182 0.956971 0
    outer loop
      vertex 43.3317 35.3327 3
      vertex 43.6506 35.4294 1.6
      vertex 43.3317 35.3327 1.6
    endloop
  endfacet
  facet normal 0.471413 -0.881912 0
    outer loop
      vertex 42.0555 38.4135 1.6
      vertex 42.3494 38.5706 3
      vertex 42.0555 38.4135 3
    endloop
  endfacet
  facet normal 0.471413 -0.881912 0
    outer loop
      vertex 42.3494 38.5706 3
      vertex 42.0555 38.4135 1.6
      vertex 42.3494 38.5706 1.6
    endloop
  endfacet
  facet normal -0.471413 -0.881912 0
    outer loop
      vertex 43.6506 38.5706 1.6
      vertex 43.9445 38.4135 3
      vertex 43.6506 38.5706 3
    endloop
  endfacet
  facet normal -0.471413 -0.881912 -0
    outer loop
      vertex 43.9445 38.4135 3
      vertex 43.6506 38.5706 1.6
      vertex 43.9445 38.4135 1.6
    endloop
  endfacet
  facet normal -0.956971 0.290182 0
    outer loop
      vertex 44.5706 36.3494 1.6
      vertex 44.6673 36.6683 3
      vertex 44.6673 36.6683 1.6
    endloop
  endfacet
  facet normal -0.956971 0.290182 0
    outer loop
      vertex 44.6673 36.6683 3
      vertex 44.5706 36.3494 1.6
      vertex 44.5706 36.3494 3
    endloop
  endfacet
  facet normal -0.471413 0.881912 0
    outer loop
      vertex 43.9445 35.5865 1.6
      vertex 43.6506 35.4294 3
      vertex 43.9445 35.5865 3
    endloop
  endfacet
  facet normal -0.471413 0.881912 0
    outer loop
      vertex 43.6506 35.4294 3
      vertex 43.9445 35.5865 1.6
      vertex 43.6506 35.4294 1.6
    endloop
  endfacet
  facet normal 0.634381 0.773021 -0
    outer loop
      vertex 42.0555 35.5865 1.6
      vertex 41.7979 35.7979 3
      vertex 42.0555 35.5865 3
    endloop
  endfacet
  facet normal 0.634381 0.773021 0
    outer loop
      vertex 41.7979 35.7979 3
      vertex 42.0555 35.5865 1.6
      vertex 41.7979 35.7979 1.6
    endloop
  endfacet
  facet normal -0.290182 -0.956971 0
    outer loop
      vertex 43.3317 38.6673 1.6
      vertex 43.6506 38.5706 3
      vertex 43.3317 38.6673 3
    endloop
  endfacet
  facet normal -0.290182 -0.956971 -0
    outer loop
      vertex 43.6506 38.5706 3
      vertex 43.3317 38.6673 1.6
      vertex 43.6506 38.5706 1.6
    endloop
  endfacet
  facet normal -0.995176 0.0981075 0
    outer loop
      vertex 44.6673 36.6683 1.6
      vertex 44.7 37 3
      vertex 44.7 37 1.6
    endloop
  endfacet
  facet normal -0.995176 0.0981075 0
    outer loop
      vertex 44.7 37 3
      vertex 44.6673 36.6683 1.6
      vertex 44.6673 36.6683 3
    endloop
  endfacet
  facet normal 0.995176 -0.0981075 0
    outer loop
      vertex 41.3 37 3
      vertex 41.3327 37.3317 1.6
      vertex 41.3327 37.3317 3
    endloop
  endfacet
  facet normal 0.995176 -0.0981075 0
    outer loop
      vertex 41.3327 37.3317 1.6
      vertex 41.3 37 3
      vertex 41.3 37 1.6
    endloop
  endfacet
  facet normal -0.634381 0.773021 0
    outer loop
      vertex 44.2021 35.7979 1.6
      vertex 43.9445 35.5865 3
      vertex 44.2021 35.7979 3
    endloop
  endfacet
  facet normal -0.634381 0.773021 0
    outer loop
      vertex 43.9445 35.5865 3
      vertex 44.2021 35.7979 1.6
      vertex 43.9445 35.5865 1.6
    endloop
  endfacet
  facet normal 0.290182 -0.956971 0
    outer loop
      vertex 42.3494 38.5706 1.6
      vertex 42.6683 38.6673 3
      vertex 42.3494 38.5706 3
    endloop
  endfacet
  facet normal 0.290182 -0.956971 0
    outer loop
      vertex 42.6683 38.6673 3
      vertex 42.3494 38.5706 1.6
      vertex 42.6683 38.6673 1.6
    endloop
  endfacet
  facet normal -0.634381 -0.773021 0
    outer loop
      vertex 43.9445 38.4135 1.6
      vertex 44.2021 38.2021 3
      vertex 43.9445 38.4135 3
    endloop
  endfacet
  facet normal -0.634381 -0.773021 -0
    outer loop
      vertex 44.2021 38.2021 3
      vertex 43.9445 38.4135 1.6
      vertex 44.2021 38.2021 1.6
    endloop
  endfacet
  facet normal 0.0981075 0.995176 -0
    outer loop
      vertex 43 35.3 1.6
      vertex 42.6683 35.3327 3
      vertex 43 35.3 3
    endloop
  endfacet
  facet normal 0.0981075 0.995176 0
    outer loop
      vertex 42.6683 35.3327 3
      vertex 43 35.3 1.6
      vertex 42.6683 35.3327 1.6
    endloop
  endfacet
  facet normal 0.0981075 -0.995176 0
    outer loop
      vertex 42.6683 38.6673 1.6
      vertex 43 38.7 3
      vertex 42.6683 38.6673 3
    endloop
  endfacet
  facet normal 0.0981075 -0.995176 0
    outer loop
      vertex 43 38.7 3
      vertex 42.6683 38.6673 1.6
      vertex 43 38.7 1.6
    endloop
  endfacet
  facet normal 0.881912 -0.471413 0
    outer loop
      vertex 41.4294 37.6506 3
      vertex 41.5865 37.9445 1.6
      vertex 41.5865 37.9445 3
    endloop
  endfacet
  facet normal 0.881912 -0.471413 0
    outer loop
      vertex 41.5865 37.9445 1.6
      vertex 41.4294 37.6506 3
      vertex 41.4294 37.6506 1.6
    endloop
  endfacet
  facet normal 0.956971 0.290182 0
    outer loop
      vertex 41.4294 36.3494 3
      vertex 41.3327 36.6683 1.6
      vertex 41.3327 36.6683 3
    endloop
  endfacet
  facet normal 0.956971 0.290182 0
    outer loop
      vertex 41.3327 36.6683 1.6
      vertex 41.4294 36.3494 3
      vertex 41.4294 36.3494 1.6
    endloop
  endfacet
  facet normal 0.995176 0.0981075 0
    outer loop
      vertex 41.3327 36.6683 3
      vertex 41.3 37 1.6
      vertex 41.3 37 3
    endloop
  endfacet
  facet normal 0.995176 0.0981075 0
    outer loop
      vertex 41.3 37 1.6
      vertex 41.3327 36.6683 3
      vertex 41.3327 36.6683 1.6
    endloop
  endfacet
  facet normal 0.773021 0.634381 0
    outer loop
      vertex 41.7979 35.7979 3
      vertex 41.5865 36.0555 1.6
      vertex 41.5865 36.0555 3
    endloop
  endfacet
  facet normal 0.773021 0.634381 0
    outer loop
      vertex 41.5865 36.0555 1.6
      vertex 41.7979 35.7979 3
      vertex 41.7979 35.7979 1.6
    endloop
  endfacet
  facet normal 0.471413 0.881912 -0
    outer loop
      vertex 42.3494 35.4294 1.6
      vertex 42.0555 35.5865 3
      vertex 42.3494 35.4294 3
    endloop
  endfacet
  facet normal 0.471413 0.881912 0
    outer loop
      vertex 42.0555 35.5865 3
      vertex 42.3494 35.4294 1.6
      vertex 42.0555 35.5865 1.6
    endloop
  endfacet
  facet normal -0.773021 0.634381 0
    outer loop
      vertex 44.2021 35.7979 1.6
      vertex 44.4135 36.0555 3
      vertex 44.4135 36.0555 1.6
    endloop
  endfacet
  facet normal -0.773021 0.634381 0
    outer loop
      vertex 44.4135 36.0555 3
      vertex 44.2021 35.7979 1.6
      vertex 44.2021 35.7979 3
    endloop
  endfacet
  facet normal 0.290182 0.956971 -0
    outer loop
      vertex 42.6683 35.3327 1.6
      vertex 42.3494 35.4294 3
      vertex 42.6683 35.3327 3
    endloop
  endfacet
  facet normal 0.290182 0.956971 0
    outer loop
      vertex 42.3494 35.4294 3
      vertex 42.6683 35.3327 1.6
      vertex 42.3494 35.4294 1.6
    endloop
  endfacet
  facet normal -0.707569 -0.0697836 -0.703191
    outer loop
      vertex 46.227 37.6398 0
      vertex 46.2901 37 0
      vertex 44.7 37 1.6
    endloop
  endfacet
  facet normal 0.627082 -0.335107 -0.703187
    outer loop
      vertex 40.2644 38.8279 0
      vertex 41.5865 37.9445 1.6
      vertex 39.9614 38.2609 0
    endloop
  endfacet
  facet normal 0.707576 0.069755 -0.703186
    outer loop
      vertex 41.3327 36.6683 1.6
      vertex 39.773 36.3602 0
      vertex 41.3 37 1.6
    endloop
  endfacet
  facet normal 0.707918 0.0674207 -0.70307
    outer loop
      vertex 39.773 36.3602 0
      vertex 41.3327 36.6683 1.6
      vertex 39.7732 36.3581 0
    endloop
  endfacet
  facet normal -0.0697836 0.707569 -0.703191
    outer loop
      vertex 43 35.3 1.6
      vertex 43.6398 33.773 0
      vertex 43 33.7099 0
    endloop
  endfacet
  facet normal 0.451127 -0.549559 -0.703186
    outer loop
      vertex 41.1721 39.7356 0
      vertex 42.0555 38.4135 1.6
      vertex 40.6752 39.3277 0
    endloop
  endfacet
  facet normal -0.551967 0.448473 -0.702997
    outer loop
      vertex 44.2021 35.7979 1.6
      vertex 45.3277 34.6752 0
      vertex 45.3264 34.6736 0
    endloop
  endfacet
  facet normal -0.549634 0.451059 -0.70317
    outer loop
      vertex 45.3277 34.6752 0
      vertex 44.2021 35.7979 1.6
      vertex 44.4135 36.0555 1.6
    endloop
  endfacet
  facet normal 0.549559 -0.451127 -0.703186
    outer loop
      vertex 40.6723 39.3248 0
      vertex 41.5865 37.9445 1.6
      vertex 40.2644 38.8279 0
    endloop
  endfacet
  facet normal -0.549634 -0.451059 -0.70317
    outer loop
      vertex 44.2021 38.2021 1.6
      vertex 45.3277 39.3248 0
      vertex 44.4135 37.9445 1.6
    endloop
  endfacet
  facet normal -0.551967 -0.448473 -0.702997
    outer loop
      vertex 45.3277 39.3248 0
      vertex 44.2021 38.2021 1.6
      vertex 45.3264 39.3264 0
    endloop
  endfacet
  facet normal -0.622066 -0.345592 -0.702567
    outer loop
      vertex 44.5706 37.6506 1.6
      vertex 46.0386 38.2609 0
      vertex 46.0396 38.2591 0
    endloop
  endfacet
  facet normal -0.627055 -0.335183 -0.703174
    outer loop
      vertex 46.0386 38.2609 0
      vertex 44.5706 37.6506 1.6
      vertex 44.4135 37.9445 1.6
    endloop
  endfacet
  facet normal -0.549559 0.451127 -0.703186
    outer loop
      vertex 45.7356 35.1721 0
      vertex 45.3277 34.6752 0
      vertex 44.4135 36.0555 1.6
    endloop
  endfacet
  facet normal -0.206322 -0.680415 -0.703183
    outer loop
      vertex 43.3317 38.6673 1.6
      vertex 43.6438 40.2262 0
      vertex 43.6506 38.5706 1.6
    endloop
  endfacet
  facet normal -0.214232 -0.678401 -0.702763
    outer loop
      vertex 43.6438 40.2262 0
      vertex 43.3317 38.6673 1.6
      vertex 43.6419 40.2268 0
    endloop
  endfacet
  facet normal -0.335107 0.627082 -0.703187
    outer loop
      vertex 44.8279 34.2644 0
      vertex 44.2609 33.9614 0
      vertex 43.9445 35.5865 1.6
    endloop
  endfacet
  facet normal 0.680412 -0.206346 -0.703179
    outer loop
      vertex 39.9604 38.2591 0
      vertex 41.4294 37.6506 1.6
      vertex 39.7738 37.6438 0
    endloop
  endfacet
  facet normal -0.680412 -0.206346 -0.703179
    outer loop
      vertex 46.0396 38.2591 0
      vertex 46.2262 37.6438 0
      vertex 44.5706 37.6506 1.6
    endloop
  endfacet
  facet normal 0.680412 0.206346 -0.703179
    outer loop
      vertex 41.4294 36.3494 1.6
      vertex 39.9604 35.7409 0
      vertex 39.7738 36.3562 0
    endloop
  endfacet
  facet normal -0.549559 -0.451127 -0.703186
    outer loop
      vertex 45.3277 39.3248 0
      vertex 45.7356 38.8279 0
      vertex 44.4135 37.9445 1.6
    endloop
  endfacet
  facet normal 0.707569 -0.0697836 -0.703191
    outer loop
      vertex 39.773 37.6398 0
      vertex 41.3 37 1.6
      vertex 39.7099 37 0
    endloop
  endfacet
  facet normal -0.707918 -0.0674207 -0.70307
    outer loop
      vertex 46.227 37.6398 0
      vertex 44.6673 37.3317 1.6
      vertex 46.2268 37.6419 0
    endloop
  endfacet
  facet normal -0.707576 -0.069755 -0.703186
    outer loop
      vertex 44.6673 37.3317 1.6
      vertex 46.227 37.6398 0
      vertex 44.7 37 1.6
    endloop
  endfacet
  facet normal 0.707918 -0.0674207 -0.70307
    outer loop
      vertex 41.3327 37.3317 1.6
      vertex 39.773 37.6398 0
      vertex 39.7732 37.6419 0
    endloop
  endfacet
  facet normal 0.707576 -0.069755 -0.703186
    outer loop
      vertex 39.773 37.6398 0
      vertex 41.3327 37.3317 1.6
      vertex 41.3 37 1.6
    endloop
  endfacet
  facet normal 0.627055 0.335183 -0.703174
    outer loop
      vertex 39.9614 35.7391 0
      vertex 41.4294 36.3494 1.6
      vertex 41.5865 36.0555 1.6
    endloop
  endfacet
  facet normal 0.622066 0.345592 -0.702567
    outer loop
      vertex 41.4294 36.3494 1.6
      vertex 39.9614 35.7391 0
      vertex 39.9604 35.7409 0
    endloop
  endfacet
  facet normal -0.707569 0.0697836 -0.703191
    outer loop
      vertex 46.2901 37 0
      vertex 46.227 36.3602 0
      vertex 44.7 37 1.6
    endloop
  endfacet
  facet normal -0.451127 0.549559 -0.703186
    outer loop
      vertex 45.3248 34.6723 0
      vertex 44.8279 34.2644 0
      vertex 43.9445 35.5865 1.6
    endloop
  endfacet
  facet normal -0.627082 -0.335107 -0.703187
    outer loop
      vertex 45.7356 38.8279 0
      vertex 46.0386 38.2609 0
      vertex 44.4135 37.9445 1.6
    endloop
  endfacet
  facet normal -0.680412 0.206346 -0.703179
    outer loop
      vertex 46.2262 36.3562 0
      vertex 46.0396 35.7409 0
      vertex 44.5706 36.3494 1.6
    endloop
  endfacet
  facet normal -0.678401 0.214232 -0.702763
    outer loop
      vertex 46.2262 36.3562 0
      vertex 44.6673 36.6683 1.6
      vertex 46.2268 36.3581 0
    endloop
  endfacet
  facet normal -0.680415 0.206322 -0.703183
    outer loop
      vertex 44.6673 36.6683 1.6
      vertex 46.2262 36.3562 0
      vertex 44.5706 36.3494 1.6
    endloop
  endfacet
  facet normal 0.707569 0.0697836 -0.703191
    outer loop
      vertex 41.3 37 1.6
      vertex 39.773 36.3602 0
      vertex 39.7099 37 0
    endloop
  endfacet
  facet normal 0.451127 0.549559 -0.703186
    outer loop
      vertex 42.0555 35.5865 1.6
      vertex 41.1721 34.2644 0
      vertex 40.6752 34.6723 0
    endloop
  endfacet
  facet normal 0.214232 0.678401 -0.702763
    outer loop
      vertex 42.3562 33.7738 0
      vertex 42.6683 35.3327 1.6
      vertex 42.3581 33.7732 0
    endloop
  endfacet
  facet normal 0.206322 0.680415 -0.703183
    outer loop
      vertex 42.6683 35.3327 1.6
      vertex 42.3562 33.7738 0
      vertex 42.3494 35.4294 1.6
    endloop
  endfacet
  facet normal 0.627055 -0.335183 -0.703174
    outer loop
      vertex 41.4294 37.6506 1.6
      vertex 39.9614 38.2609 0
      vertex 41.5865 37.9445 1.6
    endloop
  endfacet
  facet normal 0.622066 -0.345592 -0.702567
    outer loop
      vertex 39.9614 38.2609 0
      vertex 41.4294 37.6506 1.6
      vertex 39.9604 38.2591 0
    endloop
  endfacet
  facet normal 0.451059 0.549634 -0.70317
    outer loop
      vertex 40.6752 34.6723 0
      vertex 41.7979 35.7979 1.6
      vertex 42.0555 35.5865 1.6
    endloop
  endfacet
  facet normal 0.448473 0.551967 -0.702997
    outer loop
      vertex 41.7979 35.7979 1.6
      vertex 40.6752 34.6723 0
      vertex 40.6736 34.6736 0
    endloop
  endfacet
  facet normal -0.0697836 -0.707569 -0.703191
    outer loop
      vertex 43 40.2901 0
      vertex 43.6398 40.227 0
      vertex 43 38.7 1.6
    endloop
  endfacet
  facet normal 0.335107 0.627082 -0.703187
    outer loop
      vertex 42.0555 35.5865 1.6
      vertex 41.7391 33.9614 0
      vertex 41.1721 34.2644 0
    endloop
  endfacet
  facet normal 0.551967 0.448473 -0.702997
    outer loop
      vertex 40.6723 34.6752 0
      vertex 41.7979 35.7979 1.6
      vertex 40.6736 34.6736 0
    endloop
  endfacet
  facet normal 0.549634 0.451059 -0.70317
    outer loop
      vertex 41.7979 35.7979 1.6
      vertex 40.6723 34.6752 0
      vertex 41.5865 36.0555 1.6
    endloop
  endfacet
  facet normal -0.335107 -0.627082 -0.703187
    outer loop
      vertex 44.2609 40.0386 0
      vertex 44.8279 39.7356 0
      vertex 43.9445 38.4135 1.6
    endloop
  endfacet
  facet normal -0.627082 0.335107 -0.703187
    outer loop
      vertex 46.0386 35.7391 0
      vertex 45.7356 35.1721 0
      vertex 44.4135 36.0555 1.6
    endloop
  endfacet
  facet normal 0.549559 0.451127 -0.703186
    outer loop
      vertex 41.5865 36.0555 1.6
      vertex 40.6723 34.6752 0
      vertex 40.2644 35.1721 0
    endloop
  endfacet
  facet normal 0.549634 -0.451059 -0.70317
    outer loop
      vertex 40.6723 39.3248 0
      vertex 41.7979 38.2021 1.6
      vertex 41.5865 37.9445 1.6
    endloop
  endfacet
  facet normal 0.551967 -0.448473 -0.702997
    outer loop
      vertex 41.7979 38.2021 1.6
      vertex 40.6723 39.3248 0
      vertex 40.6736 39.3264 0
    endloop
  endfacet
  facet normal -0.345592 0.622066 -0.702567
    outer loop
      vertex 43.6506 35.4294 1.6
      vertex 44.2609 33.9614 0
      vertex 44.2591 33.9604 0
    endloop
  endfacet
  facet normal -0.335183 0.627055 -0.703174
    outer loop
      vertex 44.2609 33.9614 0
      vertex 43.6506 35.4294 1.6
      vertex 43.9445 35.5865 1.6
    endloop
  endfacet
  facet normal -0.448473 0.551967 -0.702997
    outer loop
      vertex 45.3248 34.6723 0
      vertex 44.2021 35.7979 1.6
      vertex 45.3264 34.6736 0
    endloop
  endfacet
  facet normal -0.451059 0.549634 -0.70317
    outer loop
      vertex 44.2021 35.7979 1.6
      vertex 45.3248 34.6723 0
      vertex 43.9445 35.5865 1.6
    endloop
  endfacet
  facet normal -0.707576 0.069755 -0.703186
    outer loop
      vertex 46.227 36.3602 0
      vertex 44.6673 36.6683 1.6
      vertex 44.7 37 1.6
    endloop
  endfacet
  facet normal -0.707918 0.0674207 -0.70307
    outer loop
      vertex 44.6673 36.6683 1.6
      vertex 46.227 36.3602 0
      vertex 46.2268 36.3581 0
    endloop
  endfacet
  facet normal 0.0697836 0.707569 -0.703191
    outer loop
      vertex 43 35.3 1.6
      vertex 43 33.7099 0
      vertex 42.3602 33.773 0
    endloop
  endfacet
  facet normal 0.451059 -0.549634 -0.70317
    outer loop
      vertex 41.7979 38.2021 1.6
      vertex 40.6752 39.3277 0
      vertex 42.0555 38.4135 1.6
    endloop
  endfacet
  facet normal 0.448473 -0.551967 -0.702997
    outer loop
      vertex 40.6752 39.3277 0
      vertex 41.7979 38.2021 1.6
      vertex 40.6736 39.3264 0
    endloop
  endfacet
  facet normal 0.335107 -0.627082 -0.703187
    outer loop
      vertex 41.7391 40.0386 0
      vertex 42.0555 38.4135 1.6
      vertex 41.1721 39.7356 0
    endloop
  endfacet
  facet normal -0.214232 0.678401 -0.702763
    outer loop
      vertex 43.3317 35.3327 1.6
      vertex 43.6438 33.7738 0
      vertex 43.6419 33.7732 0
    endloop
  endfacet
  facet normal -0.206322 0.680415 -0.703183
    outer loop
      vertex 43.6438 33.7738 0
      vertex 43.3317 35.3327 1.6
      vertex 43.6506 35.4294 1.6
    endloop
  endfacet
  facet normal 0.206346 0.680412 -0.703179
    outer loop
      vertex 42.3494 35.4294 1.6
      vertex 42.3562 33.7738 0
      vertex 41.7409 33.9604 0
    endloop
  endfacet
  facet normal -0.448473 -0.551967 -0.702997
    outer loop
      vertex 44.2021 38.2021 1.6
      vertex 45.3248 39.3277 0
      vertex 45.3264 39.3264 0
    endloop
  endfacet
  facet normal -0.451059 -0.549634 -0.70317
    outer loop
      vertex 45.3248 39.3277 0
      vertex 44.2021 38.2021 1.6
      vertex 43.9445 38.4135 1.6
    endloop
  endfacet
  facet normal 0.680415 -0.206322 -0.703183
    outer loop
      vertex 41.3327 37.3317 1.6
      vertex 39.7738 37.6438 0
      vertex 41.4294 37.6506 1.6
    endloop
  endfacet
  facet normal 0.678401 -0.214232 -0.702763
    outer loop
      vertex 39.7738 37.6438 0
      vertex 41.3327 37.3317 1.6
      vertex 39.7732 37.6419 0
    endloop
  endfacet
  facet normal -0.622066 0.345592 -0.702567
    outer loop
      vertex 46.0386 35.7391 0
      vertex 44.5706 36.3494 1.6
      vertex 46.0396 35.7409 0
    endloop
  endfacet
  facet normal -0.627055 0.335183 -0.703174
    outer loop
      vertex 44.5706 36.3494 1.6
      vertex 46.0386 35.7391 0
      vertex 44.4135 36.0555 1.6
    endloop
  endfacet
  facet normal 0.214232 -0.678401 -0.702763
    outer loop
      vertex 42.6683 38.6673 1.6
      vertex 42.3562 40.2262 0
      vertex 42.3581 40.2268 0
    endloop
  endfacet
  facet normal 0.206322 -0.680415 -0.703183
    outer loop
      vertex 42.3562 40.2262 0
      vertex 42.6683 38.6673 1.6
      vertex 42.3494 38.5706 1.6
    endloop
  endfacet
  facet normal 0.335183 -0.627055 -0.703174
    outer loop
      vertex 41.7391 40.0386 0
      vertex 42.3494 38.5706 1.6
      vertex 42.0555 38.4135 1.6
    endloop
  endfacet
  facet normal 0.345592 -0.622066 -0.702567
    outer loop
      vertex 42.3494 38.5706 1.6
      vertex 41.7391 40.0386 0
      vertex 41.7409 40.0396 0
    endloop
  endfacet
  facet normal -0.206346 0.680412 -0.703179
    outer loop
      vertex 43.6506 35.4294 1.6
      vertex 44.2591 33.9604 0
      vertex 43.6438 33.7738 0
    endloop
  endfacet
  facet normal -0.206346 -0.680412 -0.703179
    outer loop
      vertex 44.2591 40.0396 0
      vertex 43.6506 38.5706 1.6
      vertex 43.6438 40.2262 0
    endloop
  endfacet
  facet normal 0.206346 -0.680412 -0.703179
    outer loop
      vertex 42.3562 40.2262 0
      vertex 42.3494 38.5706 1.6
      vertex 41.7409 40.0396 0
    endloop
  endfacet
  facet normal 0.0674207 -0.707918 -0.70307
    outer loop
      vertex 42.3602 40.227 0
      vertex 42.6683 38.6673 1.6
      vertex 42.3581 40.2268 0
    endloop
  endfacet
  facet normal 0.069755 -0.707576 -0.703186
    outer loop
      vertex 42.6683 38.6673 1.6
      vertex 42.3602 40.227 0
      vertex 43 38.7 1.6
    endloop
  endfacet
  facet normal -0.335183 -0.627055 -0.703174
    outer loop
      vertex 43.6506 38.5706 1.6
      vertex 44.2609 40.0386 0
      vertex 43.9445 38.4135 1.6
    endloop
  endfacet
  facet normal -0.345592 -0.622066 -0.702567
    outer loop
      vertex 44.2609 40.0386 0
      vertex 43.6506 38.5706 1.6
      vertex 44.2591 40.0396 0
    endloop
  endfacet
  facet normal -0.069755 -0.707576 -0.703186
    outer loop
      vertex 43.6398 40.227 0
      vertex 43.3317 38.6673 1.6
      vertex 43 38.7 1.6
    endloop
  endfacet
  facet normal -0.0674207 -0.707918 -0.70307
    outer loop
      vertex 43.3317 38.6673 1.6
      vertex 43.6398 40.227 0
      vertex 43.6419 40.2268 0
    endloop
  endfacet
  facet normal 0.0697836 -0.707569 -0.703191
    outer loop
      vertex 43 40.2901 0
      vertex 43 38.7 1.6
      vertex 42.3602 40.227 0
    endloop
  endfacet
  facet normal -0.678401 -0.214232 -0.702763
    outer loop
      vertex 44.6673 37.3317 1.6
      vertex 46.2262 37.6438 0
      vertex 46.2268 37.6419 0
    endloop
  endfacet
  facet normal -0.680415 -0.206322 -0.703183
    outer loop
      vertex 46.2262 37.6438 0
      vertex 44.6673 37.3317 1.6
      vertex 44.5706 37.6506 1.6
    endloop
  endfacet
  facet normal 0.345592 0.622066 -0.702567
    outer loop
      vertex 41.7391 33.9614 0
      vertex 42.3494 35.4294 1.6
      vertex 41.7409 33.9604 0
    endloop
  endfacet
  facet normal 0.335183 0.627055 -0.703174
    outer loop
      vertex 42.3494 35.4294 1.6
      vertex 41.7391 33.9614 0
      vertex 42.0555 35.5865 1.6
    endloop
  endfacet
  facet normal -0.451127 -0.549559 -0.703186
    outer loop
      vertex 44.8279 39.7356 0
      vertex 45.3248 39.3277 0
      vertex 43.9445 38.4135 1.6
    endloop
  endfacet
  facet normal 0.069755 0.707576 -0.703186
    outer loop
      vertex 42.3602 33.773 0
      vertex 42.6683 35.3327 1.6
      vertex 43 35.3 1.6
    endloop
  endfacet
  facet normal 0.0674207 0.707918 -0.70307
    outer loop
      vertex 42.6683 35.3327 1.6
      vertex 42.3602 33.773 0
      vertex 42.3581 33.7732 0
    endloop
  endfacet
  facet normal 0.680415 0.206322 -0.703183
    outer loop
      vertex 39.7738 36.3562 0
      vertex 41.3327 36.6683 1.6
      vertex 41.4294 36.3494 1.6
    endloop
  endfacet
  facet normal 0.678401 0.214232 -0.702763
    outer loop
      vertex 41.3327 36.6683 1.6
      vertex 39.7738 36.3562 0
      vertex 39.7732 36.3581 0
    endloop
  endfacet
  facet normal 0.627082 0.335107 -0.703187
    outer loop
      vertex 41.5865 36.0555 1.6
      vertex 40.2644 35.1721 0
      vertex 39.9614 35.7391 0
    endloop
  endfacet
  facet normal -0.0674207 0.707918 -0.70307
    outer loop
      vertex 43.6398 33.773 0
      vertex 43.3317 35.3327 1.6
      vertex 43.6419 33.7732 0
    endloop
  endfacet
  facet normal -0.069755 0.707576 -0.703186
    outer loop
      vertex 43.3317 35.3327 1.6
      vertex 43.6398 33.773 0
      vertex 43 35.3 1.6
    endloop
  endfacet
  facet normal 0.956974 -0.290174 0
    outer loop
      vertex 87.3327 7.33165 3
      vertex 87.4294 7.65056 1.6
      vertex 87.4294 7.65056 3
    endloop
  endfacet
  facet normal 0.956974 -0.290174 0
    outer loop
      vertex 87.4294 7.65056 1.6
      vertex 87.3327 7.33165 3
      vertex 87.3327 7.33165 1.6
    endloop
  endfacet
  facet normal -0.0980476 0.995182 0
    outer loop
      vertex 89.3316 5.33267 1.6
      vertex 89 5.3 3
      vertex 89.3316 5.33267 3
    endloop
  endfacet
  facet normal -0.0980476 0.995182 0
    outer loop
      vertex 89 5.3 3
      vertex 89.3316 5.33267 1.6
      vertex 89 5.3 1.6
    endloop
  endfacet
  facet normal -0.956974 -0.290174 0
    outer loop
      vertex 90.6673 7.33165 1.6
      vertex 90.5706 7.65056 3
      vertex 90.5706 7.65056 1.6
    endloop
  endfacet
  facet normal -0.956974 -0.290174 0
    outer loop
      vertex 90.5706 7.65056 3
      vertex 90.6673 7.33165 1.6
      vertex 90.6673 7.33165 3
    endloop
  endfacet
  facet normal -0.995174 -0.0981221 0
    outer loop
      vertex 90.7 7 1.6
      vertex 90.6673 7.33165 3
      vertex 90.6673 7.33165 1.6
    endloop
  endfacet
  facet normal -0.995174 -0.0981221 0
    outer loop
      vertex 90.6673 7.33165 3
      vertex 90.7 7 1.6
      vertex 90.7 7 3
    endloop
  endfacet
  facet normal -0.881919 -0.471401 0
    outer loop
      vertex 90.5706 7.65056 1.6
      vertex 90.4135 7.94447 3
      vertex 90.4135 7.94447 1.6
    endloop
  endfacet
  facet normal -0.881919 -0.471401 0
    outer loop
      vertex 90.4135 7.94447 3
      vertex 90.5706 7.65056 1.6
      vertex 90.5706 7.65056 3
    endloop
  endfacet
  facet normal 0.634417 -0.772991 0
    outer loop
      vertex 87.7979 8.20208 1.6
      vertex 88.0555 8.4135 3
      vertex 87.7979 8.20208 3
    endloop
  endfacet
  facet normal 0.634417 -0.772991 0
    outer loop
      vertex 88.0555 8.4135 3
      vertex 87.7979 8.20208 1.6
      vertex 88.0555 8.4135 1.6
    endloop
  endfacet
  facet normal 0.773033 -0.634366 0
    outer loop
      vertex 87.5865 7.94447 3
      vertex 87.7979 8.20208 1.6
      vertex 87.7979 8.20208 3
    endloop
  endfacet
  facet normal 0.773033 -0.634366 0
    outer loop
      vertex 87.7979 8.20208 1.6
      vertex 87.5865 7.94447 3
      vertex 87.5865 7.94447 1.6
    endloop
  endfacet
  facet normal -0.0980476 -0.995182 0
    outer loop
      vertex 89 8.7 1.6
      vertex 89.3316 8.66733 3
      vertex 89 8.7 3
    endloop
  endfacet
  facet normal -0.0980476 -0.995182 -0
    outer loop
      vertex 89.3316 8.66733 3
      vertex 89 8.7 1.6
      vertex 89.3316 8.66733 1.6
    endloop
  endfacet
  facet normal 0.881919 0.471401 0
    outer loop
      vertex 87.5865 6.05553 3
      vertex 87.4294 6.34944 1.6
      vertex 87.4294 6.34944 3
    endloop
  endfacet
  facet normal 0.881919 0.471401 0
    outer loop
      vertex 87.4294 6.34944 1.6
      vertex 87.5865 6.05553 3
      vertex 87.5865 6.05553 1.6
    endloop
  endfacet
  facet normal -0.773033 -0.634366 0
    outer loop
      vertex 90.4135 7.94447 1.6
      vertex 90.2021 8.20208 3
      vertex 90.2021 8.20208 1.6
    endloop
  endfacet
  facet normal -0.773033 -0.634366 0
    outer loop
      vertex 90.2021 8.20208 3
      vertex 90.4135 7.94447 1.6
      vertex 90.4135 7.94447 3
    endloop
  endfacet
  facet normal -0.881919 0.471401 0
    outer loop
      vertex 90.4135 6.05553 1.6
      vertex 90.5706 6.34944 3
      vertex 90.5706 6.34944 1.6
    endloop
  endfacet
  facet normal -0.881919 0.471401 0
    outer loop
      vertex 90.5706 6.34944 3
      vertex 90.4135 6.05553 1.6
      vertex 90.4135 6.05553 3
    endloop
  endfacet
  facet normal -0.290209 0.956963 0
    outer loop
      vertex 89.6506 5.42941 1.6
      vertex 89.3316 5.33267 3
      vertex 89.6506 5.42941 3
    endloop
  endfacet
  facet normal -0.290209 0.956963 0
    outer loop
      vertex 89.3316 5.33267 3
      vertex 89.6506 5.42941 1.6
      vertex 89.3316 5.33267 1.6
    endloop
  endfacet
  facet normal 0.47139 -0.881925 0
    outer loop
      vertex 88.0555 8.4135 1.6
      vertex 88.3494 8.57059 3
      vertex 88.0555 8.4135 3
    endloop
  endfacet
  facet normal 0.47139 -0.881925 0
    outer loop
      vertex 88.3494 8.57059 3
      vertex 88.0555 8.4135 1.6
      vertex 88.3494 8.57059 1.6
    endloop
  endfacet
  facet normal -0.47139 -0.881925 0
    outer loop
      vertex 89.6506 8.57059 1.6
      vertex 89.9445 8.4135 3
      vertex 89.6506 8.57059 3
    endloop
  endfacet
  facet normal -0.47139 -0.881925 -0
    outer loop
      vertex 89.9445 8.4135 3
      vertex 89.6506 8.57059 1.6
      vertex 89.9445 8.4135 1.6
    endloop
  endfacet
  facet normal -0.956974 0.290174 0
    outer loop
      vertex 90.5706 6.34944 1.6
      vertex 90.6673 6.66835 3
      vertex 90.6673 6.66835 1.6
    endloop
  endfacet
  facet normal -0.956974 0.290174 0
    outer loop
      vertex 90.6673 6.66835 3
      vertex 90.5706 6.34944 1.6
      vertex 90.5706 6.34944 3
    endloop
  endfacet
  facet normal -0.47139 0.881925 0
    outer loop
      vertex 89.9445 5.5865 1.6
      vertex 89.6506 5.42941 3
      vertex 89.9445 5.5865 3
    endloop
  endfacet
  facet normal -0.47139 0.881925 0
    outer loop
      vertex 89.6506 5.42941 3
      vertex 89.9445 5.5865 1.6
      vertex 89.6506 5.42941 1.6
    endloop
  endfacet
  facet normal 0.634417 0.772991 -0
    outer loop
      vertex 88.0555 5.5865 1.6
      vertex 87.7979 5.79792 3
      vertex 88.0555 5.5865 3
    endloop
  endfacet
  facet normal 0.634417 0.772991 0
    outer loop
      vertex 87.7979 5.79792 3
      vertex 88.0555 5.5865 1.6
      vertex 87.7979 5.79792 1.6
    endloop
  endfacet
  facet normal -0.290209 -0.956963 0
    outer loop
      vertex 89.3316 8.66733 1.6
      vertex 89.6506 8.57059 3
      vertex 89.3316 8.66733 3
    endloop
  endfacet
  facet normal -0.290209 -0.956963 -0
    outer loop
      vertex 89.6506 8.57059 3
      vertex 89.3316 8.66733 1.6
      vertex 89.6506 8.57059 1.6
    endloop
  endfacet
  facet normal -0.995174 0.0981221 0
    outer loop
      vertex 90.6673 6.66835 1.6
      vertex 90.7 7 3
      vertex 90.7 7 1.6
    endloop
  endfacet
  facet normal -0.995174 0.0981221 0
    outer loop
      vertex 90.7 7 3
      vertex 90.6673 6.66835 1.6
      vertex 90.6673 6.66835 3
    endloop
  endfacet
  facet normal 0.995174 -0.0981221 0
    outer loop
      vertex 87.3 7 3
      vertex 87.3327 7.33165 1.6
      vertex 87.3327 7.33165 3
    endloop
  endfacet
  facet normal 0.995174 -0.0981221 0
    outer loop
      vertex 87.3327 7.33165 1.6
      vertex 87.3 7 3
      vertex 87.3 7 1.6
    endloop
  endfacet
  facet normal -0.634417 0.772991 0
    outer loop
      vertex 90.2021 5.79792 1.6
      vertex 89.9445 5.5865 3
      vertex 90.2021 5.79792 3
    endloop
  endfacet
  facet normal -0.634417 0.772991 0
    outer loop
      vertex 89.9445 5.5865 3
      vertex 90.2021 5.79792 1.6
      vertex 89.9445 5.5865 1.6
    endloop
  endfacet
  facet normal 0.290209 -0.956963 0
    outer loop
      vertex 88.3494 8.57059 1.6
      vertex 88.6684 8.66733 3
      vertex 88.3494 8.57059 3
    endloop
  endfacet
  facet normal 0.290209 -0.956963 0
    outer loop
      vertex 88.6684 8.66733 3
      vertex 88.3494 8.57059 1.6
      vertex 88.6684 8.66733 1.6
    endloop
  endfacet
  facet normal -0.634417 -0.772991 0
    outer loop
      vertex 89.9445 8.4135 1.6
      vertex 90.2021 8.20208 3
      vertex 89.9445 8.4135 3
    endloop
  endfacet
  facet normal -0.634417 -0.772991 -0
    outer loop
      vertex 90.2021 8.20208 3
      vertex 89.9445 8.4135 1.6
      vertex 90.2021 8.20208 1.6
    endloop
  endfacet
  facet normal 0.0980476 0.995182 -0
    outer loop
      vertex 89 5.3 1.6
      vertex 88.6684 5.33267 3
      vertex 89 5.3 3
    endloop
  endfacet
  facet normal 0.0980476 0.995182 0
    outer loop
      vertex 88.6684 5.33267 3
      vertex 89 5.3 1.6
      vertex 88.6684 5.33267 1.6
    endloop
  endfacet
  facet normal 0.0980476 -0.995182 0
    outer loop
      vertex 88.6684 8.66733 1.6
      vertex 89 8.7 3
      vertex 88.6684 8.66733 3
    endloop
  endfacet
  facet normal 0.0980476 -0.995182 0
    outer loop
      vertex 89 8.7 3
      vertex 88.6684 8.66733 1.6
      vertex 89 8.7 1.6
    endloop
  endfacet
  facet normal 0.881919 -0.471401 0
    outer loop
      vertex 87.4294 7.65056 3
      vertex 87.5865 7.94447 1.6
      vertex 87.5865 7.94447 3
    endloop
  endfacet
  facet normal 0.881919 -0.471401 0
    outer loop
      vertex 87.5865 7.94447 1.6
      vertex 87.4294 7.65056 3
      vertex 87.4294 7.65056 1.6
    endloop
  endfacet
  facet normal 0.956974 0.290174 0
    outer loop
      vertex 87.4294 6.34944 3
      vertex 87.3327 6.66835 1.6
      vertex 87.3327 6.66835 3
    endloop
  endfacet
  facet normal 0.956974 0.290174 0
    outer loop
      vertex 87.3327 6.66835 1.6
      vertex 87.4294 6.34944 3
      vertex 87.4294 6.34944 1.6
    endloop
  endfacet
  facet normal 0.995174 0.0981221 0
    outer loop
      vertex 87.3327 6.66835 3
      vertex 87.3 7 1.6
      vertex 87.3 7 3
    endloop
  endfacet
  facet normal 0.995174 0.0981221 0
    outer loop
      vertex 87.3 7 1.6
      vertex 87.3327 6.66835 3
      vertex 87.3327 6.66835 1.6
    endloop
  endfacet
  facet normal 0.773033 0.634366 0
    outer loop
      vertex 87.7979 5.79792 3
      vertex 87.5865 6.05553 1.6
      vertex 87.5865 6.05553 3
    endloop
  endfacet
  facet normal 0.773033 0.634366 0
    outer loop
      vertex 87.5865 6.05553 1.6
      vertex 87.7979 5.79792 3
      vertex 87.7979 5.79792 1.6
    endloop
  endfacet
  facet normal 0.47139 0.881925 -0
    outer loop
      vertex 88.3494 5.42941 1.6
      vertex 88.0555 5.5865 3
      vertex 88.3494 5.42941 3
    endloop
  endfacet
  facet normal 0.47139 0.881925 0
    outer loop
      vertex 88.0555 5.5865 3
      vertex 88.3494 5.42941 1.6
      vertex 88.0555 5.5865 1.6
    endloop
  endfacet
  facet normal -0.773033 0.634366 0
    outer loop
      vertex 90.2021 5.79792 1.6
      vertex 90.4135 6.05553 3
      vertex 90.4135 6.05553 1.6
    endloop
  endfacet
  facet normal -0.773033 0.634366 0
    outer loop
      vertex 90.4135 6.05553 3
      vertex 90.2021 5.79792 1.6
      vertex 90.2021 5.79792 3
    endloop
  endfacet
  facet normal 0.290209 0.956963 -0
    outer loop
      vertex 88.6684 5.33267 1.6
      vertex 88.3494 5.42941 3
      vertex 88.6684 5.33267 3
    endloop
  endfacet
  facet normal 0.290209 0.956963 0
    outer loop
      vertex 88.3494 5.42941 3
      vertex 88.6684 5.33267 1.6
      vertex 88.3494 5.42941 1.6
    endloop
  endfacet
  facet normal -0.707574 -0.0696736 -0.703196
    outer loop
      vertex 92.2271 7.6398 0
      vertex 92.2901 7 0
      vertex 90.7 7 1.6
    endloop
  endfacet
  facet normal 0.627077 -0.335117 -0.703186
    outer loop
      vertex 86.2644 8.82786 0
      vertex 87.5865 7.94447 1.6
      vertex 85.9614 8.26088 0
    endloop
  endfacet
  facet normal 0.451077 0.549604 -0.703182
    outer loop
      vertex 86.6752 4.67226 0
      vertex 87.7979 5.79792 1.6
      vertex 88.0555 5.5865 1.6
    endloop
  endfacet
  facet normal 0.450451 0.55017 -0.703141
    outer loop
      vertex 87.7979 5.79792 1.6
      vertex 86.6752 4.67226 0
      vertex 86.6736 4.67357 0
    endloop
  endfacet
  facet normal -0.335117 -0.627079 -0.703185
    outer loop
      vertex 90.2609 10.0386 0
      vertex 90.8279 9.73559 0
      vertex 89.9445 8.4135 1.6
    endloop
  endfacet
  facet normal 0.0674212 -0.707922 -0.703065
    outer loop
      vertex 88.3602 10.227 0
      vertex 88.6684 8.66733 1.6
      vertex 88.3581 10.2268 0
    endloop
  endfacet
  facet normal 0.0697131 -0.707587 -0.703179
    outer loop
      vertex 88.6684 8.66733 1.6
      vertex 88.3602 10.227 0
      vertex 89 8.7 1.6
    endloop
  endfacet
  facet normal 0.451094 -0.549585 -0.703186
    outer loop
      vertex 87.1721 9.73559 0
      vertex 88.0555 8.4135 1.6
      vertex 86.6752 9.32774 0
    endloop
  endfacet
  facet normal -0.551961 0.448469 -0.703004
    outer loop
      vertex 90.2021 5.79792 1.6
      vertex 91.3277 4.67517 0
      vertex 91.3264 4.67357 0
    endloop
  endfacet
  facet normal -0.549638 0.451044 -0.703177
    outer loop
      vertex 91.3277 4.67517 0
      vertex 90.2021 5.79792 1.6
      vertex 90.4135 6.05553 1.6
    endloop
  endfacet
  facet normal 0.549589 -0.451088 -0.703187
    outer loop
      vertex 86.6723 9.32483 0
      vertex 87.5865 7.94447 1.6
      vertex 86.2644 8.82786 0
    endloop
  endfacet
  facet normal -0.549638 -0.451044 -0.703177
    outer loop
      vertex 90.2021 8.20208 1.6
      vertex 91.3277 9.32483 0
      vertex 90.4135 7.94447 1.6
    endloop
  endfacet
  facet normal -0.551961 -0.448469 -0.703004
    outer loop
      vertex 91.3277 9.32483 0
      vertex 90.2021 8.20208 1.6
      vertex 91.3264 9.32643 0
    endloop
  endfacet
  facet normal -0.624226 0.341107 -0.702843
    outer loop
      vertex 92.0386 5.73912 0
      vertex 90.5706 6.34944 1.6
      vertex 92.0396 5.74095 0
    endloop
  endfacet
  facet normal -0.627057 0.335173 -0.703177
    outer loop
      vertex 90.5706 6.34944 1.6
      vertex 92.0386 5.73912 0
      vertex 90.4135 6.05553 1.6
    endloop
  endfacet
  facet normal -0.549589 0.451088 -0.703187
    outer loop
      vertex 91.7356 5.17214 0
      vertex 91.3277 4.67517 0
      vertex 90.4135 6.05553 1.6
    endloop
  endfacet
  facet normal -0.217526 0.677539 -0.702584
    outer loop
      vertex 89.3316 5.33267 1.6
      vertex 89.6438 3.77376 0
      vertex 89.6419 3.77315 0
    endloop
  endfacet
  facet normal -0.206339 0.680402 -0.703191
    outer loop
      vertex 89.6438 3.77376 0
      vertex 89.3316 5.33267 1.6
      vertex 89.6506 5.42941 1.6
    endloop
  endfacet
  facet normal -0.206341 -0.68041 -0.703182
    outer loop
      vertex 89.3316 8.66733 1.6
      vertex 89.6438 10.2262 0
      vertex 89.6506 8.57059 1.6
    endloop
  endfacet
  facet normal -0.214232 -0.678401 -0.702764
    outer loop
      vertex 89.6438 10.2262 0
      vertex 89.3316 8.66733 1.6
      vertex 89.6419 10.2268 0
    endloop
  endfacet
  facet normal -0.335158 0.627053 -0.703188
    outer loop
      vertex 90.8279 4.26441 0
      vertex 90.2609 3.96135 0
      vertex 89.9445 5.5865 1.6
    endloop
  endfacet
  facet normal 0.627057 0.335173 -0.703177
    outer loop
      vertex 85.9614 5.73912 0
      vertex 87.4294 6.34944 1.6
      vertex 87.5865 6.05553 1.6
    endloop
  endfacet
  facet normal 0.624226 0.341107 -0.702843
    outer loop
      vertex 87.4294 6.34944 1.6
      vertex 85.9614 5.73912 0
      vertex 85.9604 5.74095 0
    endloop
  endfacet
  facet normal 0.680403 -0.206374 -0.70318
    outer loop
      vertex 85.9604 8.25905 0
      vertex 87.4294 7.65056 1.6
      vertex 85.7738 7.64384 0
    endloop
  endfacet
  facet normal -0.680403 -0.206374 -0.70318
    outer loop
      vertex 92.0396 8.25905 0
      vertex 92.2262 7.64384 0
      vertex 90.5706 7.65056 1.6
    endloop
  endfacet
  facet normal -0.549589 -0.451088 -0.703187
    outer loop
      vertex 91.3277 9.32483 0
      vertex 91.7356 8.82786 0
      vertex 90.4135 7.94447 1.6
    endloop
  endfacet
  facet normal 0.707574 -0.0696736 -0.703196
    outer loop
      vertex 85.7729 7.6398 0
      vertex 87.3 7 1.6
      vertex 85.7099 7 0
    endloop
  endfacet
  facet normal -0.450451 -0.55017 -0.703141
    outer loop
      vertex 90.2021 8.20208 1.6
      vertex 91.3248 9.32774 0
      vertex 91.3264 9.32643 0
    endloop
  endfacet
  facet normal -0.451077 -0.549604 -0.703182
    outer loop
      vertex 91.3248 9.32774 0
      vertex 90.2021 8.20208 1.6
      vertex 89.9445 8.4135 1.6
    endloop
  endfacet
  facet normal 0.702371 -0.102287 -0.704424
    outer loop
      vertex 87.3327 7.33165 1.6
      vertex 85.7729 7.6398 0
      vertex 85.7732 7.64186 0
    endloop
  endfacet
  facet normal 0.707551 -0.0697631 -0.70321
    outer loop
      vertex 85.7729 7.6398 0
      vertex 87.3327 7.33165 1.6
      vertex 87.3 7 1.6
    endloop
  endfacet
  facet normal -0.707574 0.0696736 -0.703196
    outer loop
      vertex 92.2901 7 0
      vertex 92.2271 6.3602 0
      vertex 90.7 7 1.6
    endloop
  endfacet
  facet normal -0.451094 0.549585 -0.703186
    outer loop
      vertex 91.3248 4.67226 0
      vertex 90.8279 4.26441 0
      vertex 89.9445 5.5865 1.6
    endloop
  endfacet
  facet normal -0.627077 -0.335117 -0.703186
    outer loop
      vertex 91.7356 8.82786 0
      vertex 92.0386 8.26088 0
      vertex 90.4135 7.94447 1.6
    endloop
  endfacet
  facet normal -0.680403 0.206374 -0.70318
    outer loop
      vertex 92.2262 6.35616 0
      vertex 92.0396 5.74095 0
      vertex 90.5706 6.34944 1.6
    endloop
  endfacet
  facet normal 0.0696855 0.707582 -0.703186
    outer loop
      vertex 89 5.3 1.6
      vertex 89 3.70994 0
      vertex 88.3602 3.77295 0
    endloop
  endfacet
  facet normal 0.680411 0.206315 -0.703189
    outer loop
      vertex 85.7738 6.35616 0
      vertex 87.3327 6.66835 1.6
      vertex 87.4294 6.34944 1.6
    endloop
  endfacet
  facet normal 0.680441 0.206194 -0.703195
    outer loop
      vertex 87.3327 6.66835 1.6
      vertex 85.7738 6.35616 0
      vertex 85.7732 6.35814 0
    endloop
  endfacet
  facet normal 0.707574 0.0696736 -0.703196
    outer loop
      vertex 87.3 7 1.6
      vertex 85.7729 6.3602 0
      vertex 85.7099 7 0
    endloop
  endfacet
  facet normal 0.627057 -0.335173 -0.703177
    outer loop
      vertex 87.4294 7.65056 1.6
      vertex 85.9614 8.26088 0
      vertex 87.5865 7.94447 1.6
    endloop
  endfacet
  facet normal 0.624226 -0.341107 -0.702843
    outer loop
      vertex 85.9614 8.26088 0
      vertex 87.4294 7.65056 1.6
      vertex 85.9604 8.25905 0
    endloop
  endfacet
  facet normal 0.217526 0.677539 -0.702584
    outer loop
      vertex 88.3562 3.77376 0
      vertex 88.6684 5.33267 1.6
      vertex 88.3581 3.77315 0
    endloop
  endfacet
  facet normal 0.206339 0.680402 -0.703191
    outer loop
      vertex 88.6684 5.33267 1.6
      vertex 88.3562 3.77376 0
      vertex 88.3494 5.42941 1.6
    endloop
  endfacet
  facet normal -0.0697836 -0.707569 -0.703191
    outer loop
      vertex 89 10.2901 0
      vertex 89.6398 10.227 0
      vertex 89 8.7 1.6
    endloop
  endfacet
  facet normal -0.624226 -0.341107 -0.702843
    outer loop
      vertex 90.5706 7.65056 1.6
      vertex 92.0386 8.26088 0
      vertex 92.0396 8.25905 0
    endloop
  endfacet
  facet normal -0.627057 -0.335173 -0.703177
    outer loop
      vertex 92.0386 8.26088 0
      vertex 90.5706 7.65056 1.6
      vertex 90.4135 7.94447 1.6
    endloop
  endfacet
  facet normal -0.206396 0.680394 -0.703182
    outer loop
      vertex 89.6506 5.42941 1.6
      vertex 90.259 3.96038 0
      vertex 89.6438 3.77376 0
    endloop
  endfacet
  facet normal -0.0696855 0.707582 -0.703186
    outer loop
      vertex 89 5.3 1.6
      vertex 89.6398 3.77295 0
      vertex 89 3.70994 0
    endloop
  endfacet
  facet normal 0.206396 0.680394 -0.703182
    outer loop
      vertex 88.3494 5.42941 1.6
      vertex 88.3562 3.77376 0
      vertex 87.741 3.96038 0
    endloop
  endfacet
  facet normal 0.627077 0.335117 -0.703186
    outer loop
      vertex 87.5865 6.05553 1.6
      vertex 86.2644 5.17214 0
      vertex 85.9614 5.73912 0
    endloop
  endfacet
  facet normal -0.627077 0.335117 -0.703186
    outer loop
      vertex 92.0386 5.73912 0
      vertex 91.7356 5.17214 0
      vertex 90.4135 6.05553 1.6
    endloop
  endfacet
  facet normal 0.549638 -0.451044 -0.703177
    outer loop
      vertex 86.6723 9.32483 0
      vertex 87.7979 8.20208 1.6
      vertex 87.5865 7.94447 1.6
    endloop
  endfacet
  facet normal 0.551961 -0.448469 -0.703004
    outer loop
      vertex 87.7979 8.20208 1.6
      vertex 86.6723 9.32483 0
      vertex 86.6736 9.32643 0
    endloop
  endfacet
  facet normal -0.323028 0.632736 -0.703774
    outer loop
      vertex 89.6506 5.42941 1.6
      vertex 90.2609 3.96135 0
      vertex 90.259 3.96038 0
    endloop
  endfacet
  facet normal -0.335161 0.627053 -0.703187
    outer loop
      vertex 90.2609 3.96135 0
      vertex 89.6506 5.42941 1.6
      vertex 89.9445 5.5865 1.6
    endloop
  endfacet
  facet normal -0.450451 0.55017 -0.703141
    outer loop
      vertex 91.3248 4.67226 0
      vertex 90.2021 5.79792 1.6
      vertex 91.3264 4.67357 0
    endloop
  endfacet
  facet normal -0.451077 0.549604 -0.703182
    outer loop
      vertex 90.2021 5.79792 1.6
      vertex 91.3248 4.67226 0
      vertex 89.9445 5.5865 1.6
    endloop
  endfacet
  facet normal -0.707551 0.0697631 -0.70321
    outer loop
      vertex 92.2271 6.3602 0
      vertex 90.6673 6.66835 1.6
      vertex 90.7 7 1.6
    endloop
  endfacet
  facet normal -0.702371 0.102287 -0.704424
    outer loop
      vertex 90.6673 6.66835 1.6
      vertex 92.2271 6.3602 0
      vertex 92.2268 6.35814 0
    endloop
  endfacet
  facet normal 0.551961 0.448469 -0.703004
    outer loop
      vertex 86.6723 4.67517 0
      vertex 87.7979 5.79792 1.6
      vertex 86.6736 4.67357 0
    endloop
  endfacet
  facet normal 0.549638 0.451044 -0.703177
    outer loop
      vertex 87.7979 5.79792 1.6
      vertex 86.6723 4.67517 0
      vertex 87.5865 6.05553 1.6
    endloop
  endfacet
  facet normal 0.451077 -0.549604 -0.703182
    outer loop
      vertex 87.7979 8.20208 1.6
      vertex 86.6752 9.32774 0
      vertex 88.0555 8.4135 1.6
    endloop
  endfacet
  facet normal 0.450451 -0.55017 -0.703141
    outer loop
      vertex 86.6752 9.32774 0
      vertex 87.7979 8.20208 1.6
      vertex 86.6736 9.32643 0
    endloop
  endfacet
  facet normal 0.335117 -0.627079 -0.703185
    outer loop
      vertex 87.7391 10.0386 0
      vertex 88.0555 8.4135 1.6
      vertex 87.1721 9.73559 0
    endloop
  endfacet
  facet normal -0.206378 -0.680405 -0.703176
    outer loop
      vertex 90.259 10.0396 0
      vertex 89.6506 8.57059 1.6
      vertex 89.6438 10.2262 0
    endloop
  endfacet
  facet normal 0.707551 0.0697631 -0.70321
    outer loop
      vertex 87.3327 6.66835 1.6
      vertex 85.7729 6.3602 0
      vertex 87.3 7 1.6
    endloop
  endfacet
  facet normal 0.702371 0.102287 -0.704424
    outer loop
      vertex 85.7729 6.3602 0
      vertex 87.3327 6.66835 1.6
      vertex 85.7732 6.35814 0
    endloop
  endfacet
  facet normal 0.069712 0.707576 -0.703191
    outer loop
      vertex 88.3602 3.77295 0
      vertex 88.6684 5.33267 1.6
      vertex 89 5.3 1.6
    endloop
  endfacet
  facet normal 0.0674201 0.707911 -0.703076
    outer loop
      vertex 88.6684 5.33267 1.6
      vertex 88.3602 3.77295 0
      vertex 88.3581 3.77315 0
    endloop
  endfacet
  facet normal 0.680411 -0.206315 -0.703189
    outer loop
      vertex 87.3327 7.33165 1.6
      vertex 85.7738 7.64384 0
      vertex 87.4294 7.65056 1.6
    endloop
  endfacet
  facet normal 0.680441 -0.206194 -0.703195
    outer loop
      vertex 85.7738 7.64384 0
      vertex 87.3327 7.33165 1.6
      vertex 85.7732 7.64186 0
    endloop
  endfacet
  facet normal 0.214232 -0.678401 -0.702764
    outer loop
      vertex 88.6684 8.66733 1.6
      vertex 88.3562 10.2262 0
      vertex 88.3581 10.2268 0
    endloop
  endfacet
  facet normal 0.206341 -0.68041 -0.703182
    outer loop
      vertex 88.3562 10.2262 0
      vertex 88.6684 8.66733 1.6
      vertex 88.3494 8.57059 1.6
    endloop
  endfacet
  facet normal 0.323028 0.632736 -0.703774
    outer loop
      vertex 87.7391 3.96135 0
      vertex 88.3494 5.42941 1.6
      vertex 87.741 3.96038 0
    endloop
  endfacet
  facet normal 0.335161 0.627053 -0.703187
    outer loop
      vertex 88.3494 5.42941 1.6
      vertex 87.7391 3.96135 0
      vertex 88.0555 5.5865 1.6
    endloop
  endfacet
  facet normal -0.0697131 -0.707587 -0.703179
    outer loop
      vertex 89.6398 10.227 0
      vertex 89.3316 8.66733 1.6
      vertex 89 8.7 1.6
    endloop
  endfacet
  facet normal -0.0674212 -0.707922 -0.703065
    outer loop
      vertex 89.3316 8.66733 1.6
      vertex 89.6398 10.227 0
      vertex 89.6419 10.2268 0
    endloop
  endfacet
  facet normal 0.0697836 -0.707569 -0.703191
    outer loop
      vertex 89 10.2901 0
      vertex 89 8.7 1.6
      vertex 88.3602 10.227 0
    endloop
  endfacet
  facet normal -0.451094 -0.549585 -0.703186
    outer loop
      vertex 90.8279 9.73559 0
      vertex 91.3248 9.32774 0
      vertex 89.9445 8.4135 1.6
    endloop
  endfacet
  facet normal 0.335165 -0.627061 -0.703177
    outer loop
      vertex 87.7391 10.0386 0
      vertex 88.3494 8.57059 1.6
      vertex 88.0555 8.4135 1.6
    endloop
  endfacet
  facet normal 0.331054 -0.629003 -0.703391
    outer loop
      vertex 88.3494 8.57059 1.6
      vertex 87.7391 10.0386 0
      vertex 87.741 10.0396 0
    endloop
  endfacet
  facet normal -0.680441 -0.206194 -0.703195
    outer loop
      vertex 90.6673 7.33165 1.6
      vertex 92.2262 7.64384 0
      vertex 92.2268 7.64186 0
    endloop
  endfacet
  facet normal -0.680411 -0.206315 -0.703189
    outer loop
      vertex 92.2262 7.64384 0
      vertex 90.6673 7.33165 1.6
      vertex 90.5706 7.65056 1.6
    endloop
  endfacet
  facet normal -0.680441 0.206194 -0.703195
    outer loop
      vertex 92.2262 6.35616 0
      vertex 90.6673 6.66835 1.6
      vertex 92.2268 6.35814 0
    endloop
  endfacet
  facet normal -0.680411 0.206315 -0.703189
    outer loop
      vertex 90.6673 6.66835 1.6
      vertex 92.2262 6.35616 0
      vertex 90.5706 6.34944 1.6
    endloop
  endfacet
  facet normal 0.206378 -0.680405 -0.703176
    outer loop
      vertex 88.3562 10.2262 0
      vertex 88.3494 8.57059 1.6
      vertex 87.741 10.0396 0
    endloop
  endfacet
  facet normal 0.680403 0.206374 -0.70318
    outer loop
      vertex 87.4294 6.34944 1.6
      vertex 85.9604 5.74095 0
      vertex 85.7738 6.35616 0
    endloop
  endfacet
  facet normal 0.549589 0.451088 -0.703187
    outer loop
      vertex 87.5865 6.05553 1.6
      vertex 86.6723 4.67517 0
      vertex 86.2644 5.17214 0
    endloop
  endfacet
  facet normal 0.335158 0.627053 -0.703188
    outer loop
      vertex 88.0555 5.5865 1.6
      vertex 87.7391 3.96135 0
      vertex 87.1721 4.26441 0
    endloop
  endfacet
  facet normal -0.335165 -0.627061 -0.703177
    outer loop
      vertex 89.6506 8.57059 1.6
      vertex 90.2609 10.0386 0
      vertex 89.9445 8.4135 1.6
    endloop
  endfacet
  facet normal -0.331054 -0.629003 -0.703391
    outer loop
      vertex 90.2609 10.0386 0
      vertex 89.6506 8.57059 1.6
      vertex 90.259 10.0396 0
    endloop
  endfacet
  facet normal -0.0674201 0.707911 -0.703076
    outer loop
      vertex 89.6398 3.77295 0
      vertex 89.3316 5.33267 1.6
      vertex 89.6419 3.77315 0
    endloop
  endfacet
  facet normal -0.069712 0.707576 -0.703191
    outer loop
      vertex 89.3316 5.33267 1.6
      vertex 89.6398 3.77295 0
      vertex 89 5.3 1.6
    endloop
  endfacet
  facet normal 0.451094 0.549585 -0.703186
    outer loop
      vertex 88.0555 5.5865 1.6
      vertex 87.1721 4.26441 0
      vertex 86.6752 4.67226 0
    endloop
  endfacet
  facet normal -0.702371 -0.102287 -0.704424
    outer loop
      vertex 92.2271 7.6398 0
      vertex 90.6673 7.33165 1.6
      vertex 92.2268 7.64186 0
    endloop
  endfacet
  facet normal -0.707551 -0.0697631 -0.70321
    outer loop
      vertex 90.6673 7.33165 1.6
      vertex 92.2271 7.6398 0
      vertex 90.7 7 1.6
    endloop
  endfacet
  facet normal 0.956971 -0.290182 0
    outer loop
      vertex 87.3327 37.3317 3
      vertex 87.4294 37.6506 1.6
      vertex 87.4294 37.6506 3
    endloop
  endfacet
  facet normal 0.956971 -0.290182 0
    outer loop
      vertex 87.4294 37.6506 1.6
      vertex 87.3327 37.3317 3
      vertex 87.3327 37.3317 1.6
    endloop
  endfacet
  facet normal -0.956971 -0.290182 0
    outer loop
      vertex 90.6673 37.3317 1.6
      vertex 90.5706 37.6506 3
      vertex 90.5706 37.6506 1.6
    endloop
  endfacet
  facet normal -0.956971 -0.290182 0
    outer loop
      vertex 90.5706 37.6506 3
      vertex 90.6673 37.3317 1.6
      vertex 90.6673 37.3317 3
    endloop
  endfacet
  facet normal -0.995176 -0.0981075 0
    outer loop
      vertex 90.7 37 1.6
      vertex 90.6673 37.3317 3
      vertex 90.6673 37.3317 1.6
    endloop
  endfacet
  facet normal -0.995176 -0.0981075 0
    outer loop
      vertex 90.6673 37.3317 3
      vertex 90.7 37 1.6
      vertex 90.7 37 3
    endloop
  endfacet
  facet normal -0.881912 -0.471413 0
    outer loop
      vertex 90.5706 37.6506 1.6
      vertex 90.4135 37.9445 3
      vertex 90.4135 37.9445 1.6
    endloop
  endfacet
  facet normal -0.881912 -0.471413 0
    outer loop
      vertex 90.4135 37.9445 3
      vertex 90.5706 37.6506 1.6
      vertex 90.5706 37.6506 3
    endloop
  endfacet
  facet normal 0.634381 -0.773021 0
    outer loop
      vertex 87.7979 38.2021 1.6
      vertex 88.0555 38.4135 3
      vertex 87.7979 38.2021 3
    endloop
  endfacet
  facet normal 0.634381 -0.773021 0
    outer loop
      vertex 88.0555 38.4135 3
      vertex 87.7979 38.2021 1.6
      vertex 88.0555 38.4135 1.6
    endloop
  endfacet
  facet normal 0.773021 -0.634381 0
    outer loop
      vertex 87.5865 37.9445 3
      vertex 87.7979 38.2021 1.6
      vertex 87.7979 38.2021 3
    endloop
  endfacet
  facet normal 0.773021 -0.634381 0
    outer loop
      vertex 87.7979 38.2021 1.6
      vertex 87.5865 37.9445 3
      vertex 87.5865 37.9445 1.6
    endloop
  endfacet
  facet normal -0.0981368 -0.995173 0
    outer loop
      vertex 89 38.7 1.6
      vertex 89.3316 38.6673 3
      vertex 89 38.7 3
    endloop
  endfacet
  facet normal -0.0981368 -0.995173 -0
    outer loop
      vertex 89.3316 38.6673 3
      vertex 89 38.7 1.6
      vertex 89.3316 38.6673 1.6
    endloop
  endfacet
  facet normal 0.881912 0.471413 0
    outer loop
      vertex 87.5865 36.0555 3
      vertex 87.4294 36.3494 1.6
      vertex 87.4294 36.3494 3
    endloop
  endfacet
  facet normal 0.881912 0.471413 0
    outer loop
      vertex 87.4294 36.3494 1.6
      vertex 87.5865 36.0555 3
      vertex 87.5865 36.0555 1.6
    endloop
  endfacet
  facet normal -0.773021 -0.634381 0
    outer loop
      vertex 90.4135 37.9445 1.6
      vertex 90.2021 38.2021 3
      vertex 90.2021 38.2021 1.6
    endloop
  endfacet
  facet normal -0.773021 -0.634381 0
    outer loop
      vertex 90.2021 38.2021 3
      vertex 90.4135 37.9445 1.6
      vertex 90.4135 37.9445 3
    endloop
  endfacet
  facet normal -0.881912 0.471413 0
    outer loop
      vertex 90.4135 36.0555 1.6
      vertex 90.5706 36.3494 3
      vertex 90.5706 36.3494 1.6
    endloop
  endfacet
  facet normal -0.881912 0.471413 0
    outer loop
      vertex 90.5706 36.3494 3
      vertex 90.4135 36.0555 1.6
      vertex 90.4135 36.0555 3
    endloop
  endfacet
  facet normal -0.290099 0.956997 0
    outer loop
      vertex 89.6506 35.4294 1.6
      vertex 89.3316 35.3327 3
      vertex 89.6506 35.4294 3
    endloop
  endfacet
  facet normal -0.290099 0.956997 0
    outer loop
      vertex 89.3316 35.3327 3
      vertex 89.6506 35.4294 1.6
      vertex 89.3316 35.3327 1.6
    endloop
  endfacet
  facet normal 0.471413 -0.881912 0
    outer loop
      vertex 88.0555 38.4135 1.6
      vertex 88.3494 38.5706 3
      vertex 88.0555 38.4135 3
    endloop
  endfacet
  facet normal 0.471413 -0.881912 0
    outer loop
      vertex 88.3494 38.5706 3
      vertex 88.0555 38.4135 1.6
      vertex 88.3494 38.5706 1.6
    endloop
  endfacet
  facet normal -0.471413 -0.881912 0
    outer loop
      vertex 89.6506 38.5706 1.6
      vertex 89.9445 38.4135 3
      vertex 89.6506 38.5706 3
    endloop
  endfacet
  facet normal -0.471413 -0.881912 -0
    outer loop
      vertex 89.9445 38.4135 3
      vertex 89.6506 38.5706 1.6
      vertex 89.9445 38.4135 1.6
    endloop
  endfacet
  facet normal -0.956971 0.290182 0
    outer loop
      vertex 90.5706 36.3494 1.6
      vertex 90.6673 36.6683 3
      vertex 90.6673 36.6683 1.6
    endloop
  endfacet
  facet normal -0.956971 0.290182 0
    outer loop
      vertex 90.6673 36.6683 3
      vertex 90.5706 36.3494 1.6
      vertex 90.5706 36.3494 3
    endloop
  endfacet
  facet normal -0.471413 0.881912 0
    outer loop
      vertex 89.9445 35.5865 1.6
      vertex 89.6506 35.4294 3
      vertex 89.9445 35.5865 3
    endloop
  endfacet
  facet normal -0.471413 0.881912 0
    outer loop
      vertex 89.6506 35.4294 3
      vertex 89.9445 35.5865 1.6
      vertex 89.6506 35.4294 1.6
    endloop
  endfacet
  facet normal 0.634381 0.773021 -0
    outer loop
      vertex 88.0555 35.5865 1.6
      vertex 87.7979 35.7979 3
      vertex 88.0555 35.5865 3
    endloop
  endfacet
  facet normal 0.634381 0.773021 0
    outer loop
      vertex 87.7979 35.7979 3
      vertex 88.0555 35.5865 1.6
      vertex 87.7979 35.7979 1.6
    endloop
  endfacet
  facet normal -0.290099 -0.956997 0
    outer loop
      vertex 89.3316 38.6673 1.6
      vertex 89.6506 38.5706 3
      vertex 89.3316 38.6673 3
    endloop
  endfacet
  facet normal -0.290099 -0.956997 -0
    outer loop
      vertex 89.6506 38.5706 3
      vertex 89.3316 38.6673 1.6
      vertex 89.6506 38.5706 1.6
    endloop
  endfacet
  facet normal -0.995176 0.0981075 0
    outer loop
      vertex 90.6673 36.6683 1.6
      vertex 90.7 37 3
      vertex 90.7 37 1.6
    endloop
  endfacet
  facet normal -0.995176 0.0981075 0
    outer loop
      vertex 90.7 37 3
      vertex 90.6673 36.6683 1.6
      vertex 90.6673 36.6683 3
    endloop
  endfacet
  facet normal -0.0981368 0.995173 0
    outer loop
      vertex 89.3316 35.3327 1.6
      vertex 89 35.3 3
      vertex 89.3316 35.3327 3
    endloop
  endfacet
  facet normal -0.0981368 0.995173 0
    outer loop
      vertex 89 35.3 3
      vertex 89.3316 35.3327 1.6
      vertex 89 35.3 1.6
    endloop
  endfacet
  facet normal 0.995176 -0.0981075 0
    outer loop
      vertex 87.3 37 3
      vertex 87.3327 37.3317 1.6
      vertex 87.3327 37.3317 3
    endloop
  endfacet
  facet normal 0.995176 -0.0981075 0
    outer loop
      vertex 87.3327 37.3317 1.6
      vertex 87.3 37 3
      vertex 87.3 37 1.6
    endloop
  endfacet
  facet normal -0.634381 0.773021 0
    outer loop
      vertex 90.2021 35.7979 1.6
      vertex 89.9445 35.5865 3
      vertex 90.2021 35.7979 3
    endloop
  endfacet
  facet normal -0.634381 0.773021 0
    outer loop
      vertex 89.9445 35.5865 3
      vertex 90.2021 35.7979 1.6
      vertex 89.9445 35.5865 1.6
    endloop
  endfacet
  facet normal 0.290099 -0.956997 0
    outer loop
      vertex 88.3494 38.5706 1.6
      vertex 88.6684 38.6673 3
      vertex 88.3494 38.5706 3
    endloop
  endfacet
  facet normal 0.290099 -0.956997 0
    outer loop
      vertex 88.6684 38.6673 3
      vertex 88.3494 38.5706 1.6
      vertex 88.6684 38.6673 1.6
    endloop
  endfacet
  facet normal -0.634381 -0.773021 0
    outer loop
      vertex 89.9445 38.4135 1.6
      vertex 90.2021 38.2021 3
      vertex 89.9445 38.4135 3
    endloop
  endfacet
  facet normal -0.634381 -0.773021 -0
    outer loop
      vertex 90.2021 38.2021 3
      vertex 89.9445 38.4135 1.6
      vertex 90.2021 38.2021 1.6
    endloop
  endfacet
  facet normal 0.0981368 0.995173 -0
    outer loop
      vertex 89 35.3 1.6
      vertex 88.6684 35.3327 3
      vertex 89 35.3 3
    endloop
  endfacet
  facet normal 0.0981368 0.995173 0
    outer loop
      vertex 88.6684 35.3327 3
      vertex 89 35.3 1.6
      vertex 88.6684 35.3327 1.6
    endloop
  endfacet
  facet normal 0.0981368 -0.995173 0
    outer loop
      vertex 88.6684 38.6673 1.6
      vertex 89 38.7 3
      vertex 88.6684 38.6673 3
    endloop
  endfacet
  facet normal 0.0981368 -0.995173 0
    outer loop
      vertex 89 38.7 3
      vertex 88.6684 38.6673 1.6
      vertex 89 38.7 1.6
    endloop
  endfacet
  facet normal 0.881912 -0.471413 0
    outer loop
      vertex 87.4294 37.6506 3
      vertex 87.5865 37.9445 1.6
      vertex 87.5865 37.9445 3
    endloop
  endfacet
  facet normal 0.881912 -0.471413 0
    outer loop
      vertex 87.5865 37.9445 1.6
      vertex 87.4294 37.6506 3
      vertex 87.4294 37.6506 1.6
    endloop
  endfacet
  facet normal 0.956971 0.290182 0
    outer loop
      vertex 87.4294 36.3494 3
      vertex 87.3327 36.6683 1.6
      vertex 87.3327 36.6683 3
    endloop
  endfacet
  facet normal 0.956971 0.290182 0
    outer loop
      vertex 87.3327 36.6683 1.6
      vertex 87.4294 36.3494 3
      vertex 87.4294 36.3494 1.6
    endloop
  endfacet
  facet normal 0.995176 0.0981075 0
    outer loop
      vertex 87.3327 36.6683 3
      vertex 87.3 37 1.6
      vertex 87.3 37 3
    endloop
  endfacet
  facet normal 0.995176 0.0981075 0
    outer loop
      vertex 87.3 37 1.6
      vertex 87.3327 36.6683 3
      vertex 87.3327 36.6683 1.6
    endloop
  endfacet
  facet normal 0.773021 0.634381 0
    outer loop
      vertex 87.7979 35.7979 3
      vertex 87.5865 36.0555 1.6
      vertex 87.5865 36.0555 3
    endloop
  endfacet
  facet normal 0.773021 0.634381 0
    outer loop
      vertex 87.5865 36.0555 1.6
      vertex 87.7979 35.7979 3
      vertex 87.7979 35.7979 1.6
    endloop
  endfacet
  facet normal 0.471413 0.881912 -0
    outer loop
      vertex 88.3494 35.4294 1.6
      vertex 88.0555 35.5865 3
      vertex 88.3494 35.4294 3
    endloop
  endfacet
  facet normal 0.471413 0.881912 0
    outer loop
      vertex 88.0555 35.5865 3
      vertex 88.3494 35.4294 1.6
      vertex 88.0555 35.5865 1.6
    endloop
  endfacet
  facet normal -0.773021 0.634381 0
    outer loop
      vertex 90.2021 35.7979 1.6
      vertex 90.4135 36.0555 3
      vertex 90.4135 36.0555 1.6
    endloop
  endfacet
  facet normal -0.773021 0.634381 0
    outer loop
      vertex 90.4135 36.0555 3
      vertex 90.2021 35.7979 1.6
      vertex 90.2021 35.7979 3
    endloop
  endfacet
  facet normal 0.290099 0.956997 -0
    outer loop
      vertex 88.6684 35.3327 1.6
      vertex 88.3494 35.4294 3
      vertex 88.6684 35.3327 3
    endloop
  endfacet
  facet normal 0.290099 0.956997 0
    outer loop
      vertex 88.3494 35.4294 3
      vertex 88.6684 35.3327 1.6
      vertex 88.3494 35.4294 1.6
    endloop
  endfacet
  facet normal -0.707574 -0.0696736 -0.703196
    outer loop
      vertex 92.2271 37.6398 0
      vertex 92.2901 37 0
      vertex 90.7 37 1.6
    endloop
  endfacet
  facet normal 0.627082 -0.335107 -0.703187
    outer loop
      vertex 86.2644 38.8279 0
      vertex 87.5865 37.9445 1.6
      vertex 85.9614 38.2609 0
    endloop
  endfacet
  facet normal 0.451059 0.549634 -0.70317
    outer loop
      vertex 86.6752 34.6723 0
      vertex 87.7979 35.7979 1.6
      vertex 88.0555 35.5865 1.6
    endloop
  endfacet
  facet normal 0.448473 0.551967 -0.702997
    outer loop
      vertex 87.7979 35.7979 1.6
      vertex 86.6752 34.6723 0
      vertex 86.6736 34.6736 0
    endloop
  endfacet
  facet normal -0.335107 -0.627082 -0.703187
    outer loop
      vertex 90.2609 40.0386 0
      vertex 90.8279 39.7356 0
      vertex 89.9445 38.4135 1.6
    endloop
  endfacet
  facet normal 0.0674205 -0.707916 -0.703072
    outer loop
      vertex 88.3602 40.227 0
      vertex 88.6684 38.6673 1.6
      vertex 88.3581 40.2268 0
    endloop
  endfacet
  facet normal 0.0697755 -0.707571 -0.703189
    outer loop
      vertex 88.6684 38.6673 1.6
      vertex 88.3602 40.227 0
      vertex 89 38.7 1.6
    endloop
  endfacet
  facet normal 0.451127 -0.549559 -0.703186
    outer loop
      vertex 87.1721 39.7356 0
      vertex 88.0555 38.4135 1.6
      vertex 86.6752 39.3277 0
    endloop
  endfacet
  facet normal -0.551967 0.448473 -0.702997
    outer loop
      vertex 90.2021 35.7979 1.6
      vertex 91.3277 34.6752 0
      vertex 91.3264 34.6736 0
    endloop
  endfacet
  facet normal -0.549634 0.451059 -0.70317
    outer loop
      vertex 91.3277 34.6752 0
      vertex 90.2021 35.7979 1.6
      vertex 90.4135 36.0555 1.6
    endloop
  endfacet
  facet normal 0.549559 -0.451127 -0.703186
    outer loop
      vertex 86.6723 39.3248 0
      vertex 87.5865 37.9445 1.6
      vertex 86.2644 38.8279 0
    endloop
  endfacet
  facet normal -0.549634 -0.451059 -0.70317
    outer loop
      vertex 90.2021 38.2021 1.6
      vertex 91.3277 39.3248 0
      vertex 90.4135 37.9445 1.6
    endloop
  endfacet
  facet normal -0.551967 -0.448473 -0.702997
    outer loop
      vertex 91.3277 39.3248 0
      vertex 90.2021 38.2021 1.6
      vertex 91.3264 39.3264 0
    endloop
  endfacet
  facet normal -0.622066 0.345592 -0.702567
    outer loop
      vertex 92.0386 35.7391 0
      vertex 90.5706 36.3494 1.6
      vertex 92.0396 35.7409 0
    endloop
  endfacet
  facet normal -0.627055 0.335183 -0.703174
    outer loop
      vertex 90.5706 36.3494 1.6
      vertex 92.0386 35.7391 0
      vertex 90.4135 36.0555 1.6
    endloop
  endfacet
  facet normal -0.549559 0.451127 -0.703186
    outer loop
      vertex 91.7356 35.1721 0
      vertex 91.3277 34.6752 0
      vertex 90.4135 36.0555 1.6
    endloop
  endfacet
  facet normal -0.21423 0.678395 -0.70277
    outer loop
      vertex 89.3316 35.3327 1.6
      vertex 89.6438 33.7738 0
      vertex 89.6419 33.7732 0
    endloop
  endfacet
  facet normal -0.20626 0.680424 -0.703192
    outer loop
      vertex 89.6438 33.7738 0
      vertex 89.3316 35.3327 1.6
      vertex 89.6506 35.4294 1.6
    endloop
  endfacet
  facet normal -0.20626 -0.680424 -0.703192
    outer loop
      vertex 89.3316 38.6673 1.6
      vertex 89.6438 40.2262 0
      vertex 89.6506 38.5706 1.6
    endloop
  endfacet
  facet normal -0.21423 -0.678395 -0.70277
    outer loop
      vertex 89.6438 40.2262 0
      vertex 89.3316 38.6673 1.6
      vertex 89.6419 40.2268 0
    endloop
  endfacet
  facet normal -0.335107 0.627082 -0.703187
    outer loop
      vertex 90.8279 34.2644 0
      vertex 90.2609 33.9614 0
      vertex 89.9445 35.5865 1.6
    endloop
  endfacet
  facet normal 0.627055 0.335183 -0.703174
    outer loop
      vertex 85.9614 35.7391 0
      vertex 87.4294 36.3494 1.6
      vertex 87.5865 36.0555 1.6
    endloop
  endfacet
  facet normal 0.622066 0.345592 -0.702567
    outer loop
      vertex 87.4294 36.3494 1.6
      vertex 85.9614 35.7391 0
      vertex 85.9604 35.7409 0
    endloop
  endfacet
  facet normal 0.680412 -0.206346 -0.703179
    outer loop
      vertex 85.9604 38.2591 0
      vertex 87.4294 37.6506 1.6
      vertex 85.7738 37.6438 0
    endloop
  endfacet
  facet normal -0.680412 -0.206346 -0.703179
    outer loop
      vertex 92.0396 38.2591 0
      vertex 92.2262 37.6438 0
      vertex 90.5706 37.6506 1.6
    endloop
  endfacet
  facet normal -0.549559 -0.451127 -0.703186
    outer loop
      vertex 91.3277 39.3248 0
      vertex 91.7356 38.8279 0
      vertex 90.4135 37.9445 1.6
    endloop
  endfacet
  facet normal 0.707574 -0.0696736 -0.703196
    outer loop
      vertex 85.7729 37.6398 0
      vertex 87.3 37 1.6
      vertex 85.7099 37 0
    endloop
  endfacet
  facet normal -0.448473 -0.551967 -0.702997
    outer loop
      vertex 90.2021 38.2021 1.6
      vertex 91.3248 39.3277 0
      vertex 91.3264 39.3264 0
    endloop
  endfacet
  facet normal -0.451059 -0.549634 -0.70317
    outer loop
      vertex 91.3248 39.3277 0
      vertex 90.2021 38.2021 1.6
      vertex 89.9445 38.4135 1.6
    endloop
  endfacet
  facet normal 0.702697 -0.100385 -0.704372
    outer loop
      vertex 87.3327 37.3317 1.6
      vertex 85.7729 37.6398 0
      vertex 85.7732 37.6419 0
    endloop
  endfacet
  facet normal 0.707554 -0.0697528 -0.703208
    outer loop
      vertex 85.7729 37.6398 0
      vertex 87.3327 37.3317 1.6
      vertex 87.3 37 1.6
    endloop
  endfacet
  facet normal -0.707574 0.0696736 -0.703196
    outer loop
      vertex 92.2901 37 0
      vertex 92.2271 36.3602 0
      vertex 90.7 37 1.6
    endloop
  endfacet
  facet normal -0.451127 0.549559 -0.703186
    outer loop
      vertex 91.3248 34.6723 0
      vertex 90.8279 34.2644 0
      vertex 89.9445 35.5865 1.6
    endloop
  endfacet
  facet normal -0.627082 -0.335107 -0.703187
    outer loop
      vertex 91.7356 38.8279 0
      vertex 92.0386 38.2609 0
      vertex 90.4135 37.9445 1.6
    endloop
  endfacet
  facet normal -0.680412 0.206346 -0.703179
    outer loop
      vertex 92.2262 36.3562 0
      vertex 92.0396 35.7409 0
      vertex 90.5706 36.3494 1.6
    endloop
  endfacet
  facet normal 0.0697836 0.707569 -0.703191
    outer loop
      vertex 89 35.3 1.6
      vertex 89 33.7099 0
      vertex 88.3602 33.773 0
    endloop
  endfacet
  facet normal 0.680415 0.206322 -0.703183
    outer loop
      vertex 85.7738 36.3562 0
      vertex 87.3327 36.6683 1.6
      vertex 87.4294 36.3494 1.6
    endloop
  endfacet
  facet normal 0.678401 0.214232 -0.702763
    outer loop
      vertex 87.3327 36.6683 1.6
      vertex 85.7738 36.3562 0
      vertex 85.7732 36.3581 0
    endloop
  endfacet
  facet normal 0.707574 0.0696736 -0.703196
    outer loop
      vertex 87.3 37 1.6
      vertex 85.7729 36.3602 0
      vertex 85.7099 37 0
    endloop
  endfacet
  facet normal 0.627055 -0.335183 -0.703174
    outer loop
      vertex 87.4294 37.6506 1.6
      vertex 85.9614 38.2609 0
      vertex 87.5865 37.9445 1.6
    endloop
  endfacet
  facet normal 0.622066 -0.345592 -0.702567
    outer loop
      vertex 85.9614 38.2609 0
      vertex 87.4294 37.6506 1.6
      vertex 85.9604 38.2591 0
    endloop
  endfacet
  facet normal 0.21423 0.678395 -0.70277
    outer loop
      vertex 88.3562 33.7738 0
      vertex 88.6684 35.3327 1.6
      vertex 88.3581 33.7732 0
    endloop
  endfacet
  facet normal 0.20626 0.680424 -0.703192
    outer loop
      vertex 88.6684 35.3327 1.6
      vertex 88.3562 33.7738 0
      vertex 88.3494 35.4294 1.6
    endloop
  endfacet
  facet normal -0.0697836 -0.707569 -0.703191
    outer loop
      vertex 89 40.2901 0
      vertex 89.6398 40.227 0
      vertex 89 38.7 1.6
    endloop
  endfacet
  facet normal -0.622066 -0.345592 -0.702567
    outer loop
      vertex 90.5706 37.6506 1.6
      vertex 92.0386 38.2609 0
      vertex 92.0396 38.2591 0
    endloop
  endfacet
  facet normal -0.627055 -0.335183 -0.703174
    outer loop
      vertex 92.0386 38.2609 0
      vertex 90.5706 37.6506 1.6
      vertex 90.4135 37.9445 1.6
    endloop
  endfacet
  facet normal -0.206378 0.680407 -0.703174
    outer loop
      vertex 89.6506 35.4294 1.6
      vertex 90.259 33.9604 0
      vertex 89.6438 33.7738 0
    endloop
  endfacet
  facet normal -0.0697836 0.707569 -0.703191
    outer loop
      vertex 89 35.3 1.6
      vertex 89.6398 33.773 0
      vertex 89 33.7099 0
    endloop
  endfacet
  facet normal 0.206378 0.680407 -0.703174
    outer loop
      vertex 88.3494 35.4294 1.6
      vertex 88.3562 33.7738 0
      vertex 87.741 33.9604 0
    endloop
  endfacet
  facet normal 0.627082 0.335107 -0.703187
    outer loop
      vertex 87.5865 36.0555 1.6
      vertex 86.2644 35.1721 0
      vertex 85.9614 35.7391 0
    endloop
  endfacet
  facet normal -0.627082 0.335107 -0.703187
    outer loop
      vertex 92.0386 35.7391 0
      vertex 91.7356 35.1721 0
      vertex 90.4135 36.0555 1.6
    endloop
  endfacet
  facet normal 0.549634 -0.451059 -0.70317
    outer loop
      vertex 86.6723 39.3248 0
      vertex 87.7979 38.2021 1.6
      vertex 87.5865 37.9445 1.6
    endloop
  endfacet
  facet normal 0.551967 -0.448473 -0.702997
    outer loop
      vertex 87.7979 38.2021 1.6
      vertex 86.6723 39.3248 0
      vertex 86.6736 39.3264 0
    endloop
  endfacet
  facet normal -0.331055 0.629005 -0.703389
    outer loop
      vertex 89.6506 35.4294 1.6
      vertex 90.2609 33.9614 0
      vertex 90.259 33.9604 0
    endloop
  endfacet
  facet normal -0.335183 0.627055 -0.703174
    outer loop
      vertex 90.2609 33.9614 0
      vertex 89.6506 35.4294 1.6
      vertex 89.9445 35.5865 1.6
    endloop
  endfacet
  facet normal -0.448473 0.551967 -0.702997
    outer loop
      vertex 91.3248 34.6723 0
      vertex 90.2021 35.7979 1.6
      vertex 91.3264 34.6736 0
    endloop
  endfacet
  facet normal -0.451059 0.549634 -0.70317
    outer loop
      vertex 90.2021 35.7979 1.6
      vertex 91.3248 34.6723 0
      vertex 89.9445 35.5865 1.6
    endloop
  endfacet
  facet normal -0.707554 0.0697528 -0.703208
    outer loop
      vertex 92.2271 36.3602 0
      vertex 90.6673 36.6683 1.6
      vertex 90.7 37 1.6
    endloop
  endfacet
  facet normal -0.702697 0.100385 -0.704372
    outer loop
      vertex 90.6673 36.6683 1.6
      vertex 92.2271 36.3602 0
      vertex 92.2268 36.3581 0
    endloop
  endfacet
  facet normal 0.551967 0.448473 -0.702997
    outer loop
      vertex 86.6723 34.6752 0
      vertex 87.7979 35.7979 1.6
      vertex 86.6736 34.6736 0
    endloop
  endfacet
  facet normal 0.549634 0.451059 -0.70317
    outer loop
      vertex 87.7979 35.7979 1.6
      vertex 86.6723 34.6752 0
      vertex 87.5865 36.0555 1.6
    endloop
  endfacet
  facet normal 0.451059 -0.549634 -0.70317
    outer loop
      vertex 87.7979 38.2021 1.6
      vertex 86.6752 39.3277 0
      vertex 88.0555 38.4135 1.6
    endloop
  endfacet
  facet normal 0.448473 -0.551967 -0.702997
    outer loop
      vertex 86.6752 39.3277 0
      vertex 87.7979 38.2021 1.6
      vertex 86.6736 39.3264 0
    endloop
  endfacet
  facet normal 0.335107 -0.627082 -0.703187
    outer loop
      vertex 87.7391 40.0386 0
      vertex 88.0555 38.4135 1.6
      vertex 87.1721 39.7356 0
    endloop
  endfacet
  facet normal -0.206378 -0.680407 -0.703174
    outer loop
      vertex 90.259 40.0396 0
      vertex 89.6506 38.5706 1.6
      vertex 89.6438 40.2262 0
    endloop
  endfacet
  facet normal 0.707554 0.0697528 -0.703208
    outer loop
      vertex 87.3327 36.6683 1.6
      vertex 85.7729 36.3602 0
      vertex 87.3 37 1.6
    endloop
  endfacet
  facet normal 0.702697 0.100385 -0.704372
    outer loop
      vertex 85.7729 36.3602 0
      vertex 87.3327 36.6683 1.6
      vertex 85.7732 36.3581 0
    endloop
  endfacet
  facet normal 0.0697755 0.707571 -0.703189
    outer loop
      vertex 88.3602 33.773 0
      vertex 88.6684 35.3327 1.6
      vertex 89 35.3 1.6
    endloop
  endfacet
  facet normal 0.0674205 0.707916 -0.703072
    outer loop
      vertex 88.6684 35.3327 1.6
      vertex 88.3602 33.773 0
      vertex 88.3581 33.7732 0
    endloop
  endfacet
  facet normal 0.680415 -0.206322 -0.703183
    outer loop
      vertex 87.3327 37.3317 1.6
      vertex 85.7738 37.6438 0
      vertex 87.4294 37.6506 1.6
    endloop
  endfacet
  facet normal 0.678401 -0.214232 -0.702763
    outer loop
      vertex 85.7738 37.6438 0
      vertex 87.3327 37.3317 1.6
      vertex 85.7732 37.6419 0
    endloop
  endfacet
  facet normal 0.21423 -0.678395 -0.70277
    outer loop
      vertex 88.6684 38.6673 1.6
      vertex 88.3562 40.2262 0
      vertex 88.3581 40.2268 0
    endloop
  endfacet
  facet normal 0.20626 -0.680424 -0.703192
    outer loop
      vertex 88.3562 40.2262 0
      vertex 88.6684 38.6673 1.6
      vertex 88.3494 38.5706 1.6
    endloop
  endfacet
  facet normal 0.331055 0.629005 -0.703389
    outer loop
      vertex 87.7391 33.9614 0
      vertex 88.3494 35.4294 1.6
      vertex 87.741 33.9604 0
    endloop
  endfacet
  facet normal 0.335183 0.627055 -0.703174
    outer loop
      vertex 88.3494 35.4294 1.6
      vertex 87.7391 33.9614 0
      vertex 88.0555 35.5865 1.6
    endloop
  endfacet
  facet normal -0.0697755 -0.707571 -0.703189
    outer loop
      vertex 89.6398 40.227 0
      vertex 89.3316 38.6673 1.6
      vertex 89 38.7 1.6
    endloop
  endfacet
  facet normal -0.0674205 -0.707916 -0.703072
    outer loop
      vertex 89.3316 38.6673 1.6
      vertex 89.6398 40.227 0
      vertex 89.6419 40.2268 0
    endloop
  endfacet
  facet normal 0.0697836 -0.707569 -0.703191
    outer loop
      vertex 89 40.2901 0
      vertex 89 38.7 1.6
      vertex 88.3602 40.227 0
    endloop
  endfacet
  facet normal -0.451127 -0.549559 -0.703186
    outer loop
      vertex 90.8279 39.7356 0
      vertex 91.3248 39.3277 0
      vertex 89.9445 38.4135 1.6
    endloop
  endfacet
  facet normal 0.335183 -0.627055 -0.703174
    outer loop
      vertex 87.7391 40.0386 0
      vertex 88.3494 38.5706 1.6
      vertex 88.0555 38.4135 1.6
    endloop
  endfacet
  facet normal 0.331055 -0.629005 -0.703389
    outer loop
      vertex 88.3494 38.5706 1.6
      vertex 87.7391 40.0386 0
      vertex 87.741 40.0396 0
    endloop
  endfacet
  facet normal -0.678401 -0.214232 -0.702763
    outer loop
      vertex 90.6673 37.3317 1.6
      vertex 92.2262 37.6438 0
      vertex 92.2268 37.6419 0
    endloop
  endfacet
  facet normal -0.680415 -0.206322 -0.703183
    outer loop
      vertex 92.2262 37.6438 0
      vertex 90.6673 37.3317 1.6
      vertex 90.5706 37.6506 1.6
    endloop
  endfacet
  facet normal -0.678401 0.214232 -0.702763
    outer loop
      vertex 92.2262 36.3562 0
      vertex 90.6673 36.6683 1.6
      vertex 92.2268 36.3581 0
    endloop
  endfacet
  facet normal -0.680415 0.206322 -0.703183
    outer loop
      vertex 90.6673 36.6683 1.6
      vertex 92.2262 36.3562 0
      vertex 90.5706 36.3494 1.6
    endloop
  endfacet
  facet normal 0.206378 -0.680407 -0.703174
    outer loop
      vertex 88.3562 40.2262 0
      vertex 88.3494 38.5706 1.6
      vertex 87.741 40.0396 0
    endloop
  endfacet
  facet normal 0.680412 0.206346 -0.703179
    outer loop
      vertex 87.4294 36.3494 1.6
      vertex 85.9604 35.7409 0
      vertex 85.7738 36.3562 0
    endloop
  endfacet
  facet normal 0.549559 0.451127 -0.703186
    outer loop
      vertex 87.5865 36.0555 1.6
      vertex 86.6723 34.6752 0
      vertex 86.2644 35.1721 0
    endloop
  endfacet
  facet normal 0.335107 0.627082 -0.703187
    outer loop
      vertex 88.0555 35.5865 1.6
      vertex 87.7391 33.9614 0
      vertex 87.1721 34.2644 0
    endloop
  endfacet
  facet normal -0.335183 -0.627055 -0.703174
    outer loop
      vertex 89.6506 38.5706 1.6
      vertex 90.2609 40.0386 0
      vertex 89.9445 38.4135 1.6
    endloop
  endfacet
  facet normal -0.331055 -0.629005 -0.703389
    outer loop
      vertex 90.2609 40.0386 0
      vertex 89.6506 38.5706 1.6
      vertex 90.259 40.0396 0
    endloop
  endfacet
  facet normal -0.0674205 0.707916 -0.703072
    outer loop
      vertex 89.6398 33.773 0
      vertex 89.3316 35.3327 1.6
      vertex 89.6419 33.7732 0
    endloop
  endfacet
  facet normal -0.0697755 0.707571 -0.703189
    outer loop
      vertex 89.3316 35.3327 1.6
      vertex 89.6398 33.773 0
      vertex 89 35.3 1.6
    endloop
  endfacet
  facet normal 0.451127 0.549559 -0.703186
    outer loop
      vertex 88.0555 35.5865 1.6
      vertex 87.1721 34.2644 0
      vertex 86.6752 34.6723 0
    endloop
  endfacet
  facet normal -0.702697 -0.100385 -0.704372
    outer loop
      vertex 92.2271 37.6398 0
      vertex 90.6673 37.3317 1.6
      vertex 92.2268 37.6419 0
    endloop
  endfacet
  facet normal -0.707554 -0.0697528 -0.703208
    outer loop
      vertex 90.6673 37.3317 1.6
      vertex 92.2271 37.6398 0
      vertex 90.7 37 1.6
    endloop
  endfacet
  facet normal 0.987689 -0.151102 0.0404876
    outer loop
      vertex 57.65 14.5754 15.4598
      vertex 57.6916 13.2762 9.59628
      vertex 57.6916 14.8291 15.3918
    endloop
  endfacet
  facet normal 0.987688 -0.151104 0.040488
    outer loop
      vertex 57.6916 13.2762 9.59628
      vertex 57.65 14.5754 15.4598
      vertex 57.65 13.0225 9.66427
    endloop
  endfacet
  facet normal 0.453977 -0.860653 0.230611
    outer loop
      vertex 58.0004 13.6867 9.48629
      vertex 58.2373 15.3562 15.2506
      vertex 58.0004 15.2396 15.2818
    endloop
  endfacet
  facet normal 0.454016 -0.860634 0.230604
    outer loop
      vertex 58.2373 15.3562 15.2506
      vertex 58.0004 13.6867 9.48629
      vertex 58.2373 13.8033 9.45504
    endloop
  endfacet
  facet normal 0.1565 -0.954024 0.255627
    outer loop
      vertex 58.2373 13.8033 9.45504
      vertex 58.5 15.3964 15.2398
      vertex 58.2373 15.3562 15.2506
    endloop
  endfacet
  facet normal 0.156472 -0.954028 0.25563
    outer loop
      vertex 58.5 15.3964 15.2398
      vertex 58.2373 13.8033 9.45504
      vertex 58.5 13.8435 9.44427
    endloop
  endfacet
  facet normal 0.70695 -0.683164 0.183053
    outer loop
      vertex 57.8123 15.058 15.3305
      vertex 58.0004 13.6867 9.48629
      vertex 58.0004 15.2396 15.2818
    endloop
  endfacet
  facet normal 0.706935 -0.683179 0.183056
    outer loop
      vertex 58.0004 13.6867 9.48629
      vertex 57.8123 15.058 15.3305
      vertex 57.8123 13.5051 9.53496
    endloop
  endfacet
  facet normal -0.70695 -0.683164 0.183053
    outer loop
      vertex 58.9996 13.6867 9.48629
      vertex 59.1877 15.058 15.3305
      vertex 58.9996 15.2396 15.2818
    endloop
  endfacet
  facet normal -0.706935 -0.683179 0.183056
    outer loop
      vertex 59.1877 15.058 15.3305
      vertex 58.9996 13.6867 9.48629
      vertex 59.1877 13.5051 9.53496
    endloop
  endfacet
  facet normal -0.891068 -0.438405 0.11747
    outer loop
      vertex 59.1877 13.5051 9.53496
      vertex 59.3084 14.8291 15.3918
      vertex 59.1877 15.058 15.3305
    endloop
  endfacet
  facet normal -0.891072 -0.438398 0.117468
    outer loop
      vertex 59.3084 14.8291 15.3918
      vertex 59.1877 13.5051 9.53496
      vertex 59.3084 13.2762 9.59628
    endloop
  endfacet
  facet normal 0.454054 0.860616 -0.230597
    outer loop
      vertex 58.2373 12.2416 9.8735
      vertex 58.0004 13.9111 15.6378
      vertex 58.2373 13.7945 15.6691
    endloop
  endfacet
  facet normal 0.454016 0.860634 -0.230604
    outer loop
      vertex 58.0004 13.9111 15.6378
      vertex 58.2373 12.2416 9.8735
      vertex 58.0004 12.3582 9.84225
    endloop
  endfacet
  facet normal 0.707132 0.682989 -0.183006
    outer loop
      vertex 58.0004 13.9111 15.6378
      vertex 57.8123 12.5399 9.79358
      vertex 57.8123 14.0928 15.5891
    endloop
  endfacet
  facet normal 0.707117 0.683003 -0.183009
    outer loop
      vertex 57.8123 12.5399 9.79358
      vertex 58.0004 13.9111 15.6378
      vertex 58.0004 12.3582 9.84225
    endloop
  endfacet
  facet normal -0.453977 -0.860653 0.230611
    outer loop
      vertex 58.7627 15.3562 15.2506
      vertex 58.9996 13.6867 9.48629
      vertex 58.9996 15.2396 15.2818
    endloop
  endfacet
  facet normal -0.454016 -0.860634 0.230604
    outer loop
      vertex 58.9996 13.6867 9.48629
      vertex 58.7627 15.3562 15.2506
      vertex 58.7627 13.8033 9.45504
    endloop
  endfacet
  facet normal -0.987689 0.151102 -0.0404876
    outer loop
      vertex 59.35 13.0225 9.66427
      vertex 59.3084 14.3217 15.5278
      vertex 59.35 14.5754 15.4598
    endloop
  endfacet
  facet normal -0.987688 0.151105 -0.0404882
    outer loop
      vertex 59.3084 14.3217 15.5278
      vertex 59.35 13.0225 9.66427
      vertex 59.3084 12.7688 9.73225
    endloop
  endfacet
  facet normal 0.987689 0.151102 -0.0404876
    outer loop
      vertex 57.6916 14.3217 15.5278
      vertex 57.65 13.0225 9.66427
      vertex 57.65 14.5754 15.4598
    endloop
  endfacet
  facet normal 0.987688 0.151105 -0.0404882
    outer loop
      vertex 57.65 13.0225 9.66427
      vertex 57.6916 14.3217 15.5278
      vertex 57.6916 12.7688 9.73225
    endloop
  endfacet
  facet normal -0.1565 -0.954024 0.255627
    outer loop
      vertex 58.5 15.3964 15.2398
      vertex 58.7627 13.8033 9.45504
      vertex 58.7627 15.3562 15.2506
    endloop
  endfacet
  facet normal -0.156472 -0.954028 0.25563
    outer loop
      vertex 58.7627 13.8033 9.45504
      vertex 58.5 15.3964 15.2398
      vertex 58.5 13.8435 9.44427
    endloop
  endfacet
  facet normal -0.707132 0.682989 -0.183006
    outer loop
      vertex 59.1877 12.5399 9.79358
      vertex 58.9996 13.9111 15.6378
      vertex 59.1877 14.0928 15.5891
    endloop
  endfacet
  facet normal -0.707117 0.683003 -0.183009
    outer loop
      vertex 58.9996 13.9111 15.6378
      vertex 59.1877 12.5399 9.79358
      vertex 58.9996 12.3582 9.84225
    endloop
  endfacet
  facet normal 0.891068 0.438405 -0.117469
    outer loop
      vertex 57.8123 14.0928 15.5891
      vertex 57.6916 12.7688 9.73225
      vertex 57.6916 14.3217 15.5278
    endloop
  endfacet
  facet normal 0.891074 0.438394 -0.117467
    outer loop
      vertex 57.6916 12.7688 9.73225
      vertex 57.8123 14.0928 15.5891
      vertex 57.8123 12.5399 9.79358
    endloop
  endfacet
  facet normal -0.156405 0.954039 -0.255632
    outer loop
      vertex 58.7627 13.7945 15.6691
      vertex 58.5 12.2014 9.88426
      vertex 58.5 13.7543 15.6798
    endloop
  endfacet
  facet normal -0.156462 0.954031 -0.255627
    outer loop
      vertex 58.5 12.2014 9.88426
      vertex 58.7627 13.7945 15.6691
      vertex 58.7627 12.2416 9.8735
    endloop
  endfacet
  facet normal -0.987689 -0.151102 0.0404876
    outer loop
      vertex 59.3084 13.2762 9.59628
      vertex 59.35 14.5754 15.4598
      vertex 59.3084 14.8291 15.3918
    endloop
  endfacet
  facet normal -0.987688 -0.151104 0.040488
    outer loop
      vertex 59.35 14.5754 15.4598
      vertex 59.3084 13.2762 9.59628
      vertex 59.35 13.0225 9.66427
    endloop
  endfacet
  facet normal 0.891068 -0.438405 0.11747
    outer loop
      vertex 57.6916 14.8291 15.3918
      vertex 57.8123 13.5051 9.53496
      vertex 57.8123 15.058 15.3305
    endloop
  endfacet
  facet normal 0.891072 -0.438398 0.117468
    outer loop
      vertex 57.8123 13.5051 9.53496
      vertex 57.6916 14.8291 15.3918
      vertex 57.6916 13.2762 9.59628
    endloop
  endfacet
  facet normal -0.454054 0.860616 -0.230597
    outer loop
      vertex 58.9996 13.9111 15.6378
      vertex 58.7627 12.2416 9.8735
      vertex 58.7627 13.7945 15.6691
    endloop
  endfacet
  facet normal -0.454016 0.860634 -0.230604
    outer loop
      vertex 58.7627 12.2416 9.8735
      vertex 58.9996 13.9111 15.6378
      vertex 58.9996 12.3582 9.84225
    endloop
  endfacet
  facet normal 0.156405 0.954039 -0.255632
    outer loop
      vertex 58.5 12.2014 9.88426
      vertex 58.2373 13.7945 15.6691
      vertex 58.5 13.7543 15.6798
    endloop
  endfacet
  facet normal 0.156462 0.954031 -0.255627
    outer loop
      vertex 58.2373 13.7945 15.6691
      vertex 58.5 12.2014 9.88426
      vertex 58.2373 12.2416 9.8735
    endloop
  endfacet
  facet normal -0.000116096 0.258841 0.96592
    outer loop
      vertex 59.3084 13.2762 9.59628
      vertex 59.3084 12.7688 9.73225
      vertex 59.35 13.0225 9.66427
    endloop
  endfacet
  facet normal 0.000154012 0.258841 0.96592
    outer loop
      vertex 59.1877 13.5051 9.53496
      vertex 59.3084 12.7688 9.73225
      vertex 59.3084 13.2762 9.59628
    endloop
  endfacet
  facet normal -1.99156e-05 0.258815 0.965927
    outer loop
      vertex 59.1877 13.5051 9.53496
      vertex 59.1877 12.5399 9.79358
      vertex 59.3084 12.7688 9.73225
    endloop
  endfacet
  facet normal -5.7949e-05 0.258815 0.965927
    outer loop
      vertex 58.9996 13.6867 9.48629
      vertex 59.1877 12.5399 9.79358
      vertex 59.1877 13.5051 9.53496
    endloop
  endfacet
  facet normal -7.66779e-05 0.258812 0.965928
    outer loop
      vertex 58.9996 13.6867 9.48629
      vertex 58.9996 12.3582 9.84225
      vertex 59.1877 12.5399 9.79358
    endloop
  endfacet
  facet normal -3.28061e-05 0.258812 0.965928
    outer loop
      vertex 58.7627 13.8033 9.45504
      vertex 58.9996 12.3582 9.84225
      vertex 58.9996 13.6867 9.48629
    endloop
  endfacet
  facet normal 2.79073e-05 0.258821 0.965925
    outer loop
      vertex 58.7627 13.8033 9.45504
      vertex 58.7627 12.2416 9.8735
      vertex 58.9996 12.3582 9.84225
    endloop
  endfacet
  facet normal 6.08149e-06 0.258821 0.965925
    outer loop
      vertex 58.5 13.8435 9.44427
      vertex 58.7627 12.2416 9.8735
      vertex 58.7627 13.8033 9.45504
    endloop
  endfacet
  facet normal -4.16528e-05 0.258814 0.965927
    outer loop
      vertex 58.5 13.8435 9.44427
      vertex 58.5 12.2014 9.88426
      vertex 58.7627 12.2416 9.8735
    endloop
  endfacet
  facet normal -4.8836e-06 0.258814 0.965927
    outer loop
      vertex 58.2373 13.8033 9.45504
      vertex 58.5 12.2014 9.88426
      vertex 58.5 13.8435 9.44427
    endloop
  endfacet
  facet normal 4.28506e-05 0.258821 0.965925
    outer loop
      vertex 58.2373 13.8033 9.45504
      vertex 58.2373 12.2416 9.8735
      vertex 58.5 12.2014 9.88426
    endloop
  endfacet
  facet normal 2.79073e-05 0.258821 0.965925
    outer loop
      vertex 58.0004 13.6867 9.48629
      vertex 58.2373 12.2416 9.8735
      vertex 58.2373 13.8033 9.45504
    endloop
  endfacet
  facet normal -3.28061e-05 0.258812 0.965928
    outer loop
      vertex 58.0004 13.6867 9.48629
      vertex 58.0004 12.3582 9.84225
      vertex 58.2373 12.2416 9.8735
    endloop
  endfacet
  facet normal 6.09148e-05 0.258812 0.965928
    outer loop
      vertex 57.8123 13.5051 9.53496
      vertex 58.0004 12.3582 9.84225
      vertex 58.0004 13.6867 9.48629
    endloop
  endfacet
  facet normal 7.96453e-05 0.258815 0.965927
    outer loop
      vertex 57.8123 13.5051 9.53496
      vertex 57.8123 12.5399 9.79358
      vertex 58.0004 12.3582 9.84225
    endloop
  endfacet
  facet normal -9.99427e-05 0.258815 0.965927
    outer loop
      vertex 57.6916 13.2762 9.59628
      vertex 57.8123 12.5399 9.79358
      vertex 57.8123 13.5051 9.53496
    endloop
  endfacet
  facet normal 7.39859e-05 0.258841 0.96592
    outer loop
      vertex 57.6916 13.2762 9.59628
      vertex 57.6916 12.7688 9.73225
      vertex 57.8123 12.5399 9.79358
    endloop
  endfacet
  facet normal 0.000116096 0.258841 0.96592
    outer loop
      vertex 57.6916 12.7688 9.73225
      vertex 57.6916 13.2762 9.59628
      vertex 57.65 13.0225 9.66427
    endloop
  endfacet
  facet normal -0.891068 0.438405 -0.117469
    outer loop
      vertex 59.3084 12.7688 9.73225
      vertex 59.1877 14.0928 15.5891
      vertex 59.3084 14.3217 15.5278
    endloop
  endfacet
  facet normal -0.891074 0.438394 -0.117467
    outer loop
      vertex 59.1877 14.0928 15.5891
      vertex 59.3084 12.7688 9.73225
      vertex 59.1877 12.5399 9.79358
    endloop
  endfacet
  facet normal 0.987688 -0.151108 0.0404889
    outer loop
      vertex 57.65 34.8598 10.0246
      vertex 57.6916 33.5606 4.16108
      vertex 57.6916 35.1135 9.95664
    endloop
  endfacet
  facet normal 0.987688 -0.151104 0.040488
    outer loop
      vertex 57.6916 33.5606 4.16108
      vertex 57.65 34.8598 10.0246
      vertex 57.65 33.3069 4.22907
    endloop
  endfacet
  facet normal 0.454016 -0.860631 0.230618
    outer loop
      vertex 58.0004 33.9711 4.05109
      vertex 58.2373 35.6407 9.81539
      vertex 58.0004 35.5241 9.84664
    endloop
  endfacet
  facet normal 0.454304 -0.860492 0.230566
    outer loop
      vertex 58.2373 35.6407 9.81539
      vertex 58.0004 33.9711 4.05109
      vertex 58.2373 34.0878 4.01984
    endloop
  endfacet
  facet normal 0.156462 -0.95403 0.255629
    outer loop
      vertex 58.2373 34.0878 4.01984
      vertex 58.5 35.6809 9.80463
      vertex 58.2373 35.6407 9.81539
    endloop
  endfacet
  facet normal 0.156117 -0.954079 0.255659
    outer loop
      vertex 58.5 35.6809 9.80463
      vertex 58.2373 34.0878 4.01984
      vertex 58.5 34.1279 4.00907
    endloop
  endfacet
  facet normal 0.707117 -0.683 0.18302
    outer loop
      vertex 57.8123 35.3424 9.89531
      vertex 58.0004 33.9711 4.05109
      vertex 58.0004 35.5241 9.84664
    endloop
  endfacet
  facet normal 0.706935 -0.683179 0.183056
    outer loop
      vertex 58.0004 33.9711 4.05109
      vertex 57.8123 35.3424 9.89531
      vertex 57.8123 33.7895 4.09976
    endloop
  endfacet
  facet normal -0.707117 -0.683 0.18302
    outer loop
      vertex 58.9996 33.9711 4.05109
      vertex 59.1877 35.3424 9.89531
      vertex 58.9996 35.5241 9.84664
    endloop
  endfacet
  facet normal -0.706935 -0.683179 0.183056
    outer loop
      vertex 59.1877 35.3424 9.89531
      vertex 58.9996 33.9711 4.05109
      vertex 59.1877 33.7895 4.09976
    endloop
  endfacet
  facet normal -0.891074 -0.438394 0.117466
    outer loop
      vertex 59.1877 33.7895 4.09976
      vertex 59.3084 35.1135 9.95664
      vertex 59.1877 35.3424 9.89531
    endloop
  endfacet
  facet normal -0.891072 -0.438398 0.117467
    outer loop
      vertex 59.3084 35.1135 9.95664
      vertex 59.1877 33.7895 4.09976
      vertex 59.3084 33.5606 4.16108
    endloop
  endfacet
  facet normal 0.454054 0.860616 -0.230597
    outer loop
      vertex 58.2373 32.5261 4.43829
      vertex 58.0004 34.1956 10.2026
      vertex 58.2373 34.079 10.2339
    endloop
  endfacet
  facet normal 0.454008 0.860638 -0.230605
    outer loop
      vertex 58.0004 34.1956 10.2026
      vertex 58.2373 32.5261 4.43829
      vertex 58.0004 32.6427 4.40705
    endloop
  endfacet
  facet normal 0.70695 0.683164 -0.183053
    outer loop
      vertex 58.0004 34.1956 10.2026
      vertex 57.8123 32.8243 4.35838
      vertex 57.8123 34.3772 10.1539
    endloop
  endfacet
  facet normal 0.706935 0.683179 -0.183056
    outer loop
      vertex 57.8123 32.8243 4.35838
      vertex 58.0004 34.1956 10.2026
      vertex 58.0004 32.6427 4.40705
    endloop
  endfacet
  facet normal -0.454016 -0.860631 0.230618
    outer loop
      vertex 58.7627 35.6407 9.81539
      vertex 58.9996 33.9711 4.05109
      vertex 58.9996 35.5241 9.84664
    endloop
  endfacet
  facet normal -0.454304 -0.860492 0.230566
    outer loop
      vertex 58.9996 33.9711 4.05109
      vertex 58.7627 35.6407 9.81539
      vertex 58.7627 34.0878 4.01984
    endloop
  endfacet
  facet normal -0.987689 0.151102 -0.0404876
    outer loop
      vertex 59.35 33.3069 4.22907
      vertex 59.3084 34.6061 10.0926
      vertex 59.35 34.8598 10.0246
    endloop
  endfacet
  facet normal -0.987688 0.151105 -0.0404882
    outer loop
      vertex 59.3084 34.6061 10.0926
      vertex 59.35 33.3069 4.22907
      vertex 59.3084 33.0532 4.29705
    endloop
  endfacet
  facet normal 0.987689 0.151102 -0.0404876
    outer loop
      vertex 57.6916 34.6061 10.0926
      vertex 57.65 33.3069 4.22907
      vertex 57.65 34.8598 10.0246
    endloop
  endfacet
  facet normal 0.987688 0.151105 -0.0404882
    outer loop
      vertex 57.65 33.3069 4.22907
      vertex 57.6916 34.6061 10.0926
      vertex 57.6916 33.0532 4.29705
    endloop
  endfacet
  facet normal -0.156462 -0.95403 0.255629
    outer loop
      vertex 58.5 35.6809 9.80463
      vertex 58.7627 34.0878 4.01984
      vertex 58.7627 35.6407 9.81539
    endloop
  endfacet
  facet normal -0.156117 -0.954079 0.255659
    outer loop
      vertex 58.7627 34.0878 4.01984
      vertex 58.5 35.6809 9.80463
      vertex 58.5 34.1279 4.00907
    endloop
  endfacet
  facet normal -0.70695 0.683164 -0.183053
    outer loop
      vertex 59.1877 32.8243 4.35838
      vertex 58.9996 34.1956 10.2026
      vertex 59.1877 34.3772 10.1539
    endloop
  endfacet
  facet normal -0.706935 0.683179 -0.183056
    outer loop
      vertex 58.9996 34.1956 10.2026
      vertex 59.1877 32.8243 4.35838
      vertex 58.9996 32.6427 4.40705
    endloop
  endfacet
  facet normal 0.891068 0.438405 -0.117469
    outer loop
      vertex 57.8123 34.3772 10.1539
      vertex 57.6916 33.0532 4.29705
      vertex 57.6916 34.6061 10.0926
    endloop
  endfacet
  facet normal 0.891074 0.438394 -0.117467
    outer loop
      vertex 57.6916 33.0532 4.29705
      vertex 57.8123 34.3772 10.1539
      vertex 57.8123 32.8243 4.35838
    endloop
  endfacet
  facet normal -0.156405 0.954039 -0.255632
    outer loop
      vertex 58.7627 34.079 10.2339
      vertex 58.5 32.4859 4.44906
      vertex 58.5 34.0388 10.2446
    endloop
  endfacet
  facet normal -0.156472 0.954029 -0.255627
    outer loop
      vertex 58.5 32.4859 4.44906
      vertex 58.7627 34.079 10.2339
      vertex 58.7627 32.5261 4.43829
    endloop
  endfacet
  facet normal -0.987688 -0.151108 0.0404889
    outer loop
      vertex 59.3084 33.5606 4.16108
      vertex 59.35 34.8598 10.0246
      vertex 59.3084 35.1135 9.95664
    endloop
  endfacet
  facet normal -0.987688 -0.151104 0.040488
    outer loop
      vertex 59.35 34.8598 10.0246
      vertex 59.3084 33.5606 4.16108
      vertex 59.35 33.3069 4.22907
    endloop
  endfacet
  facet normal 0.891074 -0.438394 0.117466
    outer loop
      vertex 57.6916 35.1135 9.95664
      vertex 57.8123 33.7895 4.09976
      vertex 57.8123 35.3424 9.89531
    endloop
  endfacet
  facet normal 0.891072 -0.438398 0.117467
    outer loop
      vertex 57.8123 33.7895 4.09976
      vertex 57.6916 35.1135 9.95664
      vertex 57.6916 33.5606 4.16108
    endloop
  endfacet
  facet normal -0.454054 0.860616 -0.230597
    outer loop
      vertex 58.9996 34.1956 10.2026
      vertex 58.7627 32.5261 4.43829
      vertex 58.7627 34.079 10.2339
    endloop
  endfacet
  facet normal -0.454008 0.860638 -0.230605
    outer loop
      vertex 58.7627 32.5261 4.43829
      vertex 58.9996 34.1956 10.2026
      vertex 58.9996 32.6427 4.40705
    endloop
  endfacet
  facet normal 0.156405 0.954039 -0.255632
    outer loop
      vertex 58.5 32.4859 4.44906
      vertex 58.2373 34.079 10.2339
      vertex 58.5 34.0388 10.2446
    endloop
  endfacet
  facet normal 0.156472 0.954029 -0.255627
    outer loop
      vertex 58.2373 34.079 10.2339
      vertex 58.5 32.4859 4.44906
      vertex 58.2373 32.5261 4.43829
    endloop
  endfacet
  facet normal -0.000116096 0.258841 0.96592
    outer loop
      vertex 59.3084 33.5606 4.16108
      vertex 59.3084 33.0532 4.29705
      vertex 59.35 33.3069 4.22907
    endloop
  endfacet
  facet normal 0.000154012 0.258841 0.96592
    outer loop
      vertex 59.1877 33.7895 4.09976
      vertex 59.3084 33.0532 4.29705
      vertex 59.3084 33.5606 4.16108
    endloop
  endfacet
  facet normal -1.99156e-05 0.258815 0.965927
    outer loop
      vertex 59.1877 33.7895 4.09976
      vertex 59.1877 32.8243 4.35838
      vertex 59.3084 33.0532 4.29705
    endloop
  endfacet
  facet normal -5.7949e-05 0.258815 0.965927
    outer loop
      vertex 58.9996 33.9711 4.05109
      vertex 59.1877 32.8243 4.35838
      vertex 59.1877 33.7895 4.09976
    endloop
  endfacet
  facet normal 4.21049e-05 0.25883 0.965923
    outer loop
      vertex 58.9996 33.9711 4.05109
      vertex 58.9996 32.6427 4.40705
      vertex 59.1877 32.8243 4.35838
    endloop
  endfacet
  facet normal 8.60404e-05 0.25883 0.965923
    outer loop
      vertex 58.7627 34.0878 4.01984
      vertex 58.9996 32.6427 4.40705
      vertex 58.9996 33.9711 4.05109
    endloop
  endfacet
  facet normal -9.82201e-06 0.258815 0.965927
    outer loop
      vertex 58.7627 34.0878 4.01984
      vertex 58.7627 32.5261 4.43829
      vertex 58.9996 32.6427 4.40705
    endloop
  endfacet
  facet normal -9.33863e-05 0.258815 0.965927
    outer loop
      vertex 58.5 34.1279 4.00907
      vertex 58.7627 32.5261 4.43829
      vertex 58.7627 34.0878 4.01984
    endloop
  endfacet
  facet normal -7.29559e-06 0.258829 0.965923
    outer loop
      vertex 58.5 34.1279 4.00907
      vertex 58.5 32.4859 4.44906
      vertex 58.7627 32.5261 4.43829
    endloop
  endfacet
  facet normal 9.12307e-05 0.258829 0.965923
    outer loop
      vertex 58.2373 34.0878 4.01984
      vertex 58.5 32.4859 4.44906
      vertex 58.5 34.1279 4.00907
    endloop
  endfacet
  facet normal 5.13502e-06 0.258815 0.965927
    outer loop
      vertex 58.2373 34.0878 4.01984
      vertex 58.2373 32.5261 4.43829
      vertex 58.5 32.4859 4.44906
    endloop
  endfacet
  facet normal -7.82993e-05 0.258815 0.965927
    outer loop
      vertex 58.0004 33.9711 4.05109
      vertex 58.2373 32.5261 4.43829
      vertex 58.2373 34.0878 4.01984
    endloop
  endfacet
  facet normal 1.75568e-05 0.25883 0.965923
    outer loop
      vertex 58.0004 33.9711 4.05109
      vertex 58.0004 32.6427 4.40705
      vertex 58.2373 32.5261 4.43829
    endloop
  endfacet
  facet normal 4.21049e-05 0.25883 0.965923
    outer loop
      vertex 57.8123 33.7895 4.09976
      vertex 58.0004 32.6427 4.40705
      vertex 58.0004 33.9711 4.05109
    endloop
  endfacet
  facet normal -5.7949e-05 0.258815 0.965927
    outer loop
      vertex 57.8123 33.7895 4.09976
      vertex 57.8123 32.8243 4.35838
      vertex 58.0004 32.6427 4.40705
    endloop
  endfacet
  facet normal -9.99427e-05 0.258815 0.965927
    outer loop
      vertex 57.6916 33.5606 4.16108
      vertex 57.8123 32.8243 4.35838
      vertex 57.8123 33.7895 4.09976
    endloop
  endfacet
  facet normal 7.39859e-05 0.258841 0.96592
    outer loop
      vertex 57.6916 33.5606 4.16108
      vertex 57.6916 33.0532 4.29705
      vertex 57.8123 32.8243 4.35838
    endloop
  endfacet
  facet normal 0.000116096 0.258841 0.96592
    outer loop
      vertex 57.6916 33.0532 4.29705
      vertex 57.6916 33.5606 4.16108
      vertex 57.65 33.3069 4.22907
    endloop
  endfacet
  facet normal -0.891068 0.438405 -0.117469
    outer loop
      vertex 59.3084 33.0532 4.29705
      vertex 59.1877 34.3772 10.1539
      vertex 59.3084 34.6061 10.0926
    endloop
  endfacet
  facet normal -0.891074 0.438394 -0.117467
    outer loop
      vertex 59.1877 34.3772 10.1539
      vertex 59.3084 33.0532 4.29705
      vertex 59.1877 32.8243 4.35838
    endloop
  endfacet
  facet normal 0.453977 -0.860653 0.230611
    outer loop
      vertex 70.5004 13.6867 9.48629
      vertex 70.7373 15.3562 15.2506
      vertex 70.5004 15.2396 15.2818
    endloop
  endfacet
  facet normal 0.454016 -0.860634 0.230604
    outer loop
      vertex 70.7373 15.3562 15.2506
      vertex 70.5004 13.6867 9.48629
      vertex 70.7373 13.8033 9.45504
    endloop
  endfacet
  facet normal 0.1565 -0.954024 0.255627
    outer loop
      vertex 70.7373 13.8033 9.45504
      vertex 71 15.3964 15.2398
      vertex 70.7373 15.3562 15.2506
    endloop
  endfacet
  facet normal 0.156472 -0.954028 0.25563
    outer loop
      vertex 71 15.3964 15.2398
      vertex 70.7373 13.8033 9.45504
      vertex 71 13.8435 9.44427
    endloop
  endfacet
  facet normal 0.70695 -0.683164 0.183053
    outer loop
      vertex 70.3123 15.058 15.3305
      vertex 70.5004 13.6867 9.48629
      vertex 70.5004 15.2396 15.2818
    endloop
  endfacet
  facet normal 0.706935 -0.683179 0.183056
    outer loop
      vertex 70.5004 13.6867 9.48629
      vertex 70.3123 15.058 15.3305
      vertex 70.3123 13.5051 9.53496
    endloop
  endfacet
  facet normal -0.891068 0.438405 -0.117469
    outer loop
      vertex 71.8084 12.7688 9.73225
      vertex 71.6877 14.0928 15.5891
      vertex 71.8084 14.3217 15.5278
    endloop
  endfacet
  facet normal -0.891074 0.438394 -0.117467
    outer loop
      vertex 71.6877 14.0928 15.5891
      vertex 71.8084 12.7688 9.73225
      vertex 71.6877 12.5399 9.79358
    endloop
  endfacet
  facet normal 0.987689 -0.151102 0.0404876
    outer loop
      vertex 70.15 14.5754 15.4598
      vertex 70.1916 13.2762 9.59628
      vertex 70.1916 14.8291 15.3918
    endloop
  endfacet
  facet normal 0.987688 -0.151104 0.040488
    outer loop
      vertex 70.1916 13.2762 9.59628
      vertex 70.15 14.5754 15.4598
      vertex 70.15 13.0225 9.66427
    endloop
  endfacet
  facet normal 0.987689 0.151102 -0.0404876
    outer loop
      vertex 70.1916 14.3217 15.5278
      vertex 70.15 13.0225 9.66427
      vertex 70.15 14.5754 15.4598
    endloop
  endfacet
  facet normal 0.987688 0.151105 -0.0404882
    outer loop
      vertex 70.15 13.0225 9.66427
      vertex 70.1916 14.3217 15.5278
      vertex 70.1916 12.7688 9.73225
    endloop
  endfacet
  facet normal 0.156405 0.954039 -0.255632
    outer loop
      vertex 71 12.2014 9.88426
      vertex 70.7373 13.7945 15.6691
      vertex 71 13.7543 15.6798
    endloop
  endfacet
  facet normal 0.156462 0.954031 -0.255627
    outer loop
      vertex 70.7373 13.7945 15.6691
      vertex 71 12.2014 9.88426
      vertex 70.7373 12.2416 9.8735
    endloop
  endfacet
  facet normal -0.70695 -0.683164 0.183053
    outer loop
      vertex 71.4996 13.6867 9.48629
      vertex 71.6877 15.058 15.3305
      vertex 71.4996 15.2396 15.2818
    endloop
  endfacet
  facet normal -0.706935 -0.683179 0.183056
    outer loop
      vertex 71.6877 15.058 15.3305
      vertex 71.4996 13.6867 9.48629
      vertex 71.6877 13.5051 9.53496
    endloop
  endfacet
  facet normal -0.707132 0.682989 -0.183006
    outer loop
      vertex 71.6877 12.5399 9.79358
      vertex 71.4996 13.9111 15.6378
      vertex 71.6877 14.0928 15.5891
    endloop
  endfacet
  facet normal -0.707117 0.683003 -0.183009
    outer loop
      vertex 71.4996 13.9111 15.6378
      vertex 71.6877 12.5399 9.79358
      vertex 71.4996 12.3582 9.84225
    endloop
  endfacet
  facet normal 0.891068 -0.438405 0.11747
    outer loop
      vertex 70.1916 14.8291 15.3918
      vertex 70.3123 13.5051 9.53496
      vertex 70.3123 15.058 15.3305
    endloop
  endfacet
  facet normal 0.891072 -0.438398 0.117468
    outer loop
      vertex 70.3123 13.5051 9.53496
      vertex 70.1916 14.8291 15.3918
      vertex 70.1916 13.2762 9.59628
    endloop
  endfacet
  facet normal 0.707132 0.682989 -0.183006
    outer loop
      vertex 70.5004 13.9111 15.6378
      vertex 70.3123 12.5399 9.79358
      vertex 70.3123 14.0928 15.5891
    endloop
  endfacet
  facet normal 0.707117 0.683003 -0.183009
    outer loop
      vertex 70.3123 12.5399 9.79358
      vertex 70.5004 13.9111 15.6378
      vertex 70.5004 12.3582 9.84225
    endloop
  endfacet
  facet normal 0.891068 0.438405 -0.117469
    outer loop
      vertex 70.3123 14.0928 15.5891
      vertex 70.1916 12.7688 9.73225
      vertex 70.1916 14.3217 15.5278
    endloop
  endfacet
  facet normal 0.891074 0.438394 -0.117467
    outer loop
      vertex 70.1916 12.7688 9.73225
      vertex 70.3123 14.0928 15.5891
      vertex 70.3123 12.5399 9.79358
    endloop
  endfacet
  facet normal -0.454054 0.860616 -0.230597
    outer loop
      vertex 71.4996 13.9111 15.6378
      vertex 71.2627 12.2416 9.8735
      vertex 71.2627 13.7945 15.6691
    endloop
  endfacet
  facet normal -0.454016 0.860634 -0.230604
    outer loop
      vertex 71.2627 12.2416 9.8735
      vertex 71.4996 13.9111 15.6378
      vertex 71.4996 12.3582 9.84225
    endloop
  endfacet
  facet normal -0.891068 -0.438405 0.11747
    outer loop
      vertex 71.6877 13.5051 9.53496
      vertex 71.8084 14.8291 15.3918
      vertex 71.6877 15.058 15.3305
    endloop
  endfacet
  facet normal -0.891072 -0.438398 0.117468
    outer loop
      vertex 71.8084 14.8291 15.3918
      vertex 71.6877 13.5051 9.53496
      vertex 71.8084 13.2762 9.59628
    endloop
  endfacet
  facet normal 0.454054 0.860616 -0.230597
    outer loop
      vertex 70.7373 12.2416 9.8735
      vertex 70.5004 13.9111 15.6378
      vertex 70.7373 13.7945 15.6691
    endloop
  endfacet
  facet normal 0.454016 0.860634 -0.230604
    outer loop
      vertex 70.5004 13.9111 15.6378
      vertex 70.7373 12.2416 9.8735
      vertex 70.5004 12.3582 9.84225
    endloop
  endfacet
  facet normal -0.987689 -0.151102 0.0404876
    outer loop
      vertex 71.8084 13.2762 9.59628
      vertex 71.85 14.5754 15.4598
      vertex 71.8084 14.8291 15.3918
    endloop
  endfacet
  facet normal -0.987688 -0.151104 0.040488
    outer loop
      vertex 71.85 14.5754 15.4598
      vertex 71.8084 13.2762 9.59628
      vertex 71.85 13.0225 9.66427
    endloop
  endfacet
  facet normal -0.156405 0.954039 -0.255632
    outer loop
      vertex 71.2627 13.7945 15.6691
      vertex 71 12.2014 9.88426
      vertex 71 13.7543 15.6798
    endloop
  endfacet
  facet normal -0.156462 0.954031 -0.255627
    outer loop
      vertex 71 12.2014 9.88426
      vertex 71.2627 13.7945 15.6691
      vertex 71.2627 12.2416 9.8735
    endloop
  endfacet
  facet normal -0.453977 -0.860653 0.230611
    outer loop
      vertex 71.2627 15.3562 15.2506
      vertex 71.4996 13.6867 9.48629
      vertex 71.4996 15.2396 15.2818
    endloop
  endfacet
  facet normal -0.454016 -0.860634 0.230604
    outer loop
      vertex 71.4996 13.6867 9.48629
      vertex 71.2627 15.3562 15.2506
      vertex 71.2627 13.8033 9.45504
    endloop
  endfacet
  facet normal -0.1565 -0.954024 0.255627
    outer loop
      vertex 71 15.3964 15.2398
      vertex 71.2627 13.8033 9.45504
      vertex 71.2627 15.3562 15.2506
    endloop
  endfacet
  facet normal -0.156472 -0.954028 0.25563
    outer loop
      vertex 71.2627 13.8033 9.45504
      vertex 71 15.3964 15.2398
      vertex 71 13.8435 9.44427
    endloop
  endfacet
  facet normal -0.000116096 0.258841 0.96592
    outer loop
      vertex 71.8084 13.2762 9.59628
      vertex 71.8084 12.7688 9.73225
      vertex 71.85 13.0225 9.66427
    endloop
  endfacet
  facet normal 0.000154012 0.258841 0.96592
    outer loop
      vertex 71.6877 13.5051 9.53496
      vertex 71.8084 12.7688 9.73225
      vertex 71.8084 13.2762 9.59628
    endloop
  endfacet
  facet normal -1.99156e-05 0.258815 0.965927
    outer loop
      vertex 71.6877 13.5051 9.53496
      vertex 71.6877 12.5399 9.79358
      vertex 71.8084 12.7688 9.73225
    endloop
  endfacet
  facet normal -5.7949e-05 0.258815 0.965927
    outer loop
      vertex 71.4996 13.6867 9.48629
      vertex 71.6877 12.5399 9.79358
      vertex 71.6877 13.5051 9.53496
    endloop
  endfacet
  facet normal -7.66779e-05 0.258812 0.965928
    outer loop
      vertex 71.4996 13.6867 9.48629
      vertex 71.4996 12.3582 9.84225
      vertex 71.6877 12.5399 9.79358
    endloop
  endfacet
  facet normal -3.28061e-05 0.258812 0.965928
    outer loop
      vertex 71.2627 13.8033 9.45504
      vertex 71.4996 12.3582 9.84225
      vertex 71.4996 13.6867 9.48629
    endloop
  endfacet
  facet normal 2.79073e-05 0.258821 0.965925
    outer loop
      vertex 71.2627 13.8033 9.45504
      vertex 71.2627 12.2416 9.8735
      vertex 71.4996 12.3582 9.84225
    endloop
  endfacet
  facet normal 6.08149e-06 0.258821 0.965925
    outer loop
      vertex 71 13.8435 9.44427
      vertex 71.2627 12.2416 9.8735
      vertex 71.2627 13.8033 9.45504
    endloop
  endfacet
  facet normal -4.16528e-05 0.258814 0.965927
    outer loop
      vertex 71 13.8435 9.44427
      vertex 71 12.2014 9.88426
      vertex 71.2627 12.2416 9.8735
    endloop
  endfacet
  facet normal -4.8836e-06 0.258814 0.965927
    outer loop
      vertex 70.7373 13.8033 9.45504
      vertex 71 12.2014 9.88426
      vertex 71 13.8435 9.44427
    endloop
  endfacet
  facet normal 4.28506e-05 0.258821 0.965925
    outer loop
      vertex 70.7373 13.8033 9.45504
      vertex 70.7373 12.2416 9.8735
      vertex 71 12.2014 9.88426
    endloop
  endfacet
  facet normal 2.79073e-05 0.258821 0.965925
    outer loop
      vertex 70.5004 13.6867 9.48629
      vertex 70.7373 12.2416 9.8735
      vertex 70.7373 13.8033 9.45504
    endloop
  endfacet
  facet normal -3.28061e-05 0.258812 0.965928
    outer loop
      vertex 70.5004 13.6867 9.48629
      vertex 70.5004 12.3582 9.84225
      vertex 70.7373 12.2416 9.8735
    endloop
  endfacet
  facet normal 6.09148e-05 0.258812 0.965928
    outer loop
      vertex 70.3123 13.5051 9.53496
      vertex 70.5004 12.3582 9.84225
      vertex 70.5004 13.6867 9.48629
    endloop
  endfacet
  facet normal 7.96453e-05 0.258815 0.965927
    outer loop
      vertex 70.3123 13.5051 9.53496
      vertex 70.3123 12.5399 9.79358
      vertex 70.5004 12.3582 9.84225
    endloop
  endfacet
  facet normal -9.99427e-05 0.258815 0.965927
    outer loop
      vertex 70.1916 13.2762 9.59628
      vertex 70.3123 12.5399 9.79358
      vertex 70.3123 13.5051 9.53496
    endloop
  endfacet
  facet normal 7.39859e-05 0.258841 0.96592
    outer loop
      vertex 70.1916 13.2762 9.59628
      vertex 70.1916 12.7688 9.73225
      vertex 70.3123 12.5399 9.79358
    endloop
  endfacet
  facet normal 0.000116096 0.258841 0.96592
    outer loop
      vertex 70.1916 12.7688 9.73225
      vertex 70.1916 13.2762 9.59628
      vertex 70.15 13.0225 9.66427
    endloop
  endfacet
  facet normal -0.987689 0.151102 -0.0404876
    outer loop
      vertex 71.85 13.0225 9.66427
      vertex 71.8084 14.3217 15.5278
      vertex 71.85 14.5754 15.4598
    endloop
  endfacet
  facet normal -0.987688 0.151105 -0.0404882
    outer loop
      vertex 71.8084 14.3217 15.5278
      vertex 71.85 13.0225 9.66427
      vertex 71.8084 12.7688 9.73225
    endloop
  endfacet
  facet normal -0.156405 0.954039 -0.255632
    outer loop
      vertex 71.2627 34.079 10.2339
      vertex 71 32.4859 4.44906
      vertex 71 34.0388 10.2446
    endloop
  endfacet
  facet normal -0.156472 0.954029 -0.255627
    outer loop
      vertex 71 32.4859 4.44906
      vertex 71.2627 34.079 10.2339
      vertex 71.2627 32.5261 4.43829
    endloop
  endfacet
  facet normal 0.454016 -0.860631 0.230618
    outer loop
      vertex 70.5004 33.9711 4.05109
      vertex 70.7373 35.6407 9.81539
      vertex 70.5004 35.5241 9.84664
    endloop
  endfacet
  facet normal 0.454304 -0.860492 0.230566
    outer loop
      vertex 70.7373 35.6407 9.81539
      vertex 70.5004 33.9711 4.05109
      vertex 70.7373 34.0878 4.01984
    endloop
  endfacet
  facet normal 0.156462 -0.95403 0.255629
    outer loop
      vertex 70.7373 34.0878 4.01984
      vertex 71 35.6809 9.80463
      vertex 70.7373 35.6407 9.81539
    endloop
  endfacet
  facet normal 0.156117 -0.954079 0.255659
    outer loop
      vertex 71 35.6809 9.80463
      vertex 70.7373 34.0878 4.01984
      vertex 71 34.1279 4.00907
    endloop
  endfacet
  facet normal 0.707117 -0.683 0.18302
    outer loop
      vertex 70.3123 35.3424 9.89531
      vertex 70.5004 33.9711 4.05109
      vertex 70.5004 35.5241 9.84664
    endloop
  endfacet
  facet normal 0.706935 -0.683179 0.183056
    outer loop
      vertex 70.5004 33.9711 4.05109
      vertex 70.3123 35.3424 9.89531
      vertex 70.3123 33.7895 4.09976
    endloop
  endfacet
  facet normal -0.707117 -0.683 0.18302
    outer loop
      vertex 71.4996 33.9711 4.05109
      vertex 71.6877 35.3424 9.89531
      vertex 71.4996 35.5241 9.84664
    endloop
  endfacet
  facet normal -0.706935 -0.683179 0.183056
    outer loop
      vertex 71.6877 35.3424 9.89531
      vertex 71.4996 33.9711 4.05109
      vertex 71.6877 33.7895 4.09976
    endloop
  endfacet
  facet normal 0.987688 -0.151108 0.0404889
    outer loop
      vertex 70.15 34.8598 10.0246
      vertex 70.1916 33.5606 4.16108
      vertex 70.1916 35.1135 9.95664
    endloop
  endfacet
  facet normal 0.987688 -0.151104 0.040488
    outer loop
      vertex 70.1916 33.5606 4.16108
      vertex 70.15 34.8598 10.0246
      vertex 70.15 33.3069 4.22907
    endloop
  endfacet
  facet normal -0.454054 0.860616 -0.230597
    outer loop
      vertex 71.4996 34.1956 10.2026
      vertex 71.2627 32.5261 4.43829
      vertex 71.2627 34.079 10.2339
    endloop
  endfacet
  facet normal -0.454008 0.860638 -0.230605
    outer loop
      vertex 71.2627 32.5261 4.43829
      vertex 71.4996 34.1956 10.2026
      vertex 71.4996 32.6427 4.40705
    endloop
  endfacet
  facet normal 0.891074 -0.438394 0.117466
    outer loop
      vertex 70.1916 35.1135 9.95664
      vertex 70.3123 33.7895 4.09976
      vertex 70.3123 35.3424 9.89531
    endloop
  endfacet
  facet normal 0.891072 -0.438398 0.117467
    outer loop
      vertex 70.3123 33.7895 4.09976
      vertex 70.1916 35.1135 9.95664
      vertex 70.1916 33.5606 4.16108
    endloop
  endfacet
  facet normal -0.987689 0.151102 -0.0404876
    outer loop
      vertex 71.85 33.3069 4.22907
      vertex 71.8084 34.6061 10.0926
      vertex 71.85 34.8598 10.0246
    endloop
  endfacet
  facet normal -0.987688 0.151105 -0.0404882
    outer loop
      vertex 71.8084 34.6061 10.0926
      vertex 71.85 33.3069 4.22907
      vertex 71.8084 33.0532 4.29705
    endloop
  endfacet
  facet normal 0.891068 0.438405 -0.117469
    outer loop
      vertex 70.3123 34.3772 10.1539
      vertex 70.1916 33.0532 4.29705
      vertex 70.1916 34.6061 10.0926
    endloop
  endfacet
  facet normal 0.891074 0.438394 -0.117467
    outer loop
      vertex 70.1916 33.0532 4.29705
      vertex 70.3123 34.3772 10.1539
      vertex 70.3123 32.8243 4.35838
    endloop
  endfacet
  facet normal -0.987688 -0.151108 0.0404889
    outer loop
      vertex 71.8084 33.5606 4.16108
      vertex 71.85 34.8598 10.0246
      vertex 71.8084 35.1135 9.95664
    endloop
  endfacet
  facet normal -0.987688 -0.151104 0.040488
    outer loop
      vertex 71.85 34.8598 10.0246
      vertex 71.8084 33.5606 4.16108
      vertex 71.85 33.3069 4.22907
    endloop
  endfacet
  facet normal -0.891074 -0.438394 0.117466
    outer loop
      vertex 71.6877 33.7895 4.09976
      vertex 71.8084 35.1135 9.95664
      vertex 71.6877 35.3424 9.89531
    endloop
  endfacet
  facet normal -0.891072 -0.438398 0.117467
    outer loop
      vertex 71.8084 35.1135 9.95664
      vertex 71.6877 33.7895 4.09976
      vertex 71.8084 33.5606 4.16108
    endloop
  endfacet
  facet normal -0.70695 0.683164 -0.183053
    outer loop
      vertex 71.6877 32.8243 4.35838
      vertex 71.4996 34.1956 10.2026
      vertex 71.6877 34.3772 10.1539
    endloop
  endfacet
  facet normal -0.706935 0.683179 -0.183056
    outer loop
      vertex 71.4996 34.1956 10.2026
      vertex 71.6877 32.8243 4.35838
      vertex 71.4996 32.6427 4.40705
    endloop
  endfacet
  facet normal 0.987689 0.151102 -0.0404876
    outer loop
      vertex 70.1916 34.6061 10.0926
      vertex 70.15 33.3069 4.22907
      vertex 70.15 34.8598 10.0246
    endloop
  endfacet
  facet normal 0.987688 0.151105 -0.0404882
    outer loop
      vertex 70.15 33.3069 4.22907
      vertex 70.1916 34.6061 10.0926
      vertex 70.1916 33.0532 4.29705
    endloop
  endfacet
  facet normal 0.454054 0.860616 -0.230597
    outer loop
      vertex 70.7373 32.5261 4.43829
      vertex 70.5004 34.1956 10.2026
      vertex 70.7373 34.079 10.2339
    endloop
  endfacet
  facet normal 0.454008 0.860638 -0.230605
    outer loop
      vertex 70.5004 34.1956 10.2026
      vertex 70.7373 32.5261 4.43829
      vertex 70.5004 32.6427 4.40705
    endloop
  endfacet
  facet normal 0.70695 0.683164 -0.183053
    outer loop
      vertex 70.5004 34.1956 10.2026
      vertex 70.3123 32.8243 4.35838
      vertex 70.3123 34.3772 10.1539
    endloop
  endfacet
  facet normal 0.706935 0.683179 -0.183056
    outer loop
      vertex 70.3123 32.8243 4.35838
      vertex 70.5004 34.1956 10.2026
      vertex 70.5004 32.6427 4.40705
    endloop
  endfacet
  facet normal -0.454016 -0.860631 0.230618
    outer loop
      vertex 71.2627 35.6407 9.81539
      vertex 71.4996 33.9711 4.05109
      vertex 71.4996 35.5241 9.84664
    endloop
  endfacet
  facet normal -0.454304 -0.860492 0.230566
    outer loop
      vertex 71.4996 33.9711 4.05109
      vertex 71.2627 35.6407 9.81539
      vertex 71.2627 34.0878 4.01984
    endloop
  endfacet
  facet normal -0.156462 -0.95403 0.255629
    outer loop
      vertex 71 35.6809 9.80463
      vertex 71.2627 34.0878 4.01984
      vertex 71.2627 35.6407 9.81539
    endloop
  endfacet
  facet normal -0.156117 -0.954079 0.255659
    outer loop
      vertex 71.2627 34.0878 4.01984
      vertex 71 35.6809 9.80463
      vertex 71 34.1279 4.00907
    endloop
  endfacet
  facet normal -0.891068 0.438405 -0.117469
    outer loop
      vertex 71.8084 33.0532 4.29705
      vertex 71.6877 34.3772 10.1539
      vertex 71.8084 34.6061 10.0926
    endloop
  endfacet
  facet normal -0.891074 0.438394 -0.117467
    outer loop
      vertex 71.6877 34.3772 10.1539
      vertex 71.8084 33.0532 4.29705
      vertex 71.6877 32.8243 4.35838
    endloop
  endfacet
  facet normal 0.156405 0.954039 -0.255632
    outer loop
      vertex 71 32.4859 4.44906
      vertex 70.7373 34.079 10.2339
      vertex 71 34.0388 10.2446
    endloop
  endfacet
  facet normal 0.156472 0.954029 -0.255627
    outer loop
      vertex 70.7373 34.079 10.2339
      vertex 71 32.4859 4.44906
      vertex 70.7373 32.5261 4.43829
    endloop
  endfacet
  facet normal -0.000116096 0.258841 0.96592
    outer loop
      vertex 71.8084 33.5606 4.16108
      vertex 71.8084 33.0532 4.29705
      vertex 71.85 33.3069 4.22907
    endloop
  endfacet
  facet normal 0.000154012 0.258841 0.96592
    outer loop
      vertex 71.6877 33.7895 4.09976
      vertex 71.8084 33.0532 4.29705
      vertex 71.8084 33.5606 4.16108
    endloop
  endfacet
  facet normal -1.99156e-05 0.258815 0.965927
    outer loop
      vertex 71.6877 33.7895 4.09976
      vertex 71.6877 32.8243 4.35838
      vertex 71.8084 33.0532 4.29705
    endloop
  endfacet
  facet normal -5.7949e-05 0.258815 0.965927
    outer loop
      vertex 71.4996 33.9711 4.05109
      vertex 71.6877 32.8243 4.35838
      vertex 71.6877 33.7895 4.09976
    endloop
  endfacet
  facet normal 4.21049e-05 0.25883 0.965923
    outer loop
      vertex 71.4996 33.9711 4.05109
      vertex 71.4996 32.6427 4.40705
      vertex 71.6877 32.8243 4.35838
    endloop
  endfacet
  facet normal 8.60404e-05 0.25883 0.965923
    outer loop
      vertex 71.2627 34.0878 4.01984
      vertex 71.4996 32.6427 4.40705
      vertex 71.4996 33.9711 4.05109
    endloop
  endfacet
  facet normal -9.82201e-06 0.258815 0.965927
    outer loop
      vertex 71.2627 34.0878 4.01984
      vertex 71.2627 32.5261 4.43829
      vertex 71.4996 32.6427 4.40705
    endloop
  endfacet
  facet normal -9.33863e-05 0.258815 0.965927
    outer loop
      vertex 71 34.1279 4.00907
      vertex 71.2627 32.5261 4.43829
      vertex 71.2627 34.0878 4.01984
    endloop
  endfacet
  facet normal -7.29559e-06 0.258829 0.965923
    outer loop
      vertex 71 34.1279 4.00907
      vertex 71 32.4859 4.44906
      vertex 71.2627 32.5261 4.43829
    endloop
  endfacet
  facet normal 9.12307e-05 0.258829 0.965923
    outer loop
      vertex 70.7373 34.0878 4.01984
      vertex 71 32.4859 4.44906
      vertex 71 34.1279 4.00907
    endloop
  endfacet
  facet normal 5.13502e-06 0.258815 0.965927
    outer loop
      vertex 70.7373 34.0878 4.01984
      vertex 70.7373 32.5261 4.43829
      vertex 71 32.4859 4.44906
    endloop
  endfacet
  facet normal -7.82993e-05 0.258815 0.965927
    outer loop
      vertex 70.5004 33.9711 4.05109
      vertex 70.7373 32.5261 4.43829
      vertex 70.7373 34.0878 4.01984
    endloop
  endfacet
  facet normal 1.75568e-05 0.25883 0.965923
    outer loop
      vertex 70.5004 33.9711 4.05109
      vertex 70.5004 32.6427 4.40705
      vertex 70.7373 32.5261 4.43829
    endloop
  endfacet
  facet normal 4.21049e-05 0.25883 0.965923
    outer loop
      vertex 70.3123 33.7895 4.09976
      vertex 70.5004 32.6427 4.40705
      vertex 70.5004 33.9711 4.05109
    endloop
  endfacet
  facet normal -5.7949e-05 0.258815 0.965927
    outer loop
      vertex 70.3123 33.7895 4.09976
      vertex 70.3123 32.8243 4.35838
      vertex 70.5004 32.6427 4.40705
    endloop
  endfacet
  facet normal -9.99427e-05 0.258815 0.965927
    outer loop
      vertex 70.1916 33.5606 4.16108
      vertex 70.3123 32.8243 4.35838
      vertex 70.3123 33.7895 4.09976
    endloop
  endfacet
  facet normal 7.39859e-05 0.258841 0.96592
    outer loop
      vertex 70.1916 33.5606 4.16108
      vertex 70.1916 33.0532 4.29705
      vertex 70.3123 32.8243 4.35838
    endloop
  endfacet
  facet normal 0.000116096 0.258841 0.96592
    outer loop
      vertex 70.1916 33.0532 4.29705
      vertex 70.1916 33.5606 4.16108
      vertex 70.15 33.3069 4.22907
    endloop
  endfacet
  facet normal 0 0.965922 -0.258835
    outer loop
      vertex 74.5 14.574 0
      vertex 57.5 15.3779 3
      vertex 74.5 15.3779 3
    endloop
  endfacet
  facet normal 0 0.965922 -0.258835
    outer loop
      vertex 57.5 15.3779 3
      vertex 74.5 14.574 0
      vertex 57.5 14.574 0
    endloop
  endfacet
  facet normal 1 -0 0
    outer loop
      vertex 57.5 15.3779 3
      vertex 57.5 28.0326 0
      vertex 57.5 28.8365 3
    endloop
  endfacet
  facet normal 1 0 0
    outer loop
      vertex 57.5 28.0326 0
      vertex 57.5 15.3779 3
      vertex 57.5 14.574 0
    endloop
  endfacet
  facet normal 0 -0.965922 0.258835
    outer loop
      vertex 57.5 28.0326 0
      vertex 74.5 28.8365 3
      vertex 57.5 28.8365 3
    endloop
  endfacet
  facet normal 0 -0.965922 0.258835
    outer loop
      vertex 74.5 28.8365 3
      vertex 57.5 28.0326 0
      vertex 74.5 28.0326 0
    endloop
  endfacet
  facet normal -1 0 0
    outer loop
      vertex 74.5 28.0326 0
      vertex 74.5 15.3779 3
      vertex 74.5 28.8365 3
    endloop
  endfacet
  facet normal -1 0 -0
    outer loop
      vertex 74.5 15.3779 3
      vertex 74.5 28.0326 0
      vertex 74.5 14.574 0
    endloop
  endfacet
endsolid OpenSCAD_Model
