solid OpenSCAD_Model
  facet normal 1 -0 0
    outer loop
      vertex -106.15 0 10
      vertex -106.15 75 3
      vertex -106.15 75 10
    endloop
  endfacet
  facet normal 1 0 0
    outer loop
      vertex -106.15 75 3
      vertex -106.15 0 10
      vertex -106.15 0 3
    endloop
  endfacet
  facet normal 1 0 0
    outer loop
      vertex -106.15 75 0.4
      vertex -106.15 74.6 0
      vertex -106.15 75 0
    endloop
  endfacet
  facet normal 1 0 0
    outer loop
      vertex -106.15 0 0.4
      vertex -106.15 0 0
      vertex -106.15 0.4 0
    endloop
  endfacet
  facet normal -0 0 1
    outer loop
      vertex -110.15 75 10
      vertex -106.15 0 10
      vertex -106.15 75 10
    endloop
  endfacet
  facet normal 0 0 1
    outer loop
      vertex -106.15 0 10
      vertex -110.15 75 10
      vertex -110.15 0 10
    endloop
  endfacet
  facet normal 0 0 -1
    outer loop
      vertex -111.65 44.45 0
      vertex -110.15 68.45 0
      vertex -110.15 44.45 0
    endloop
  endfacet
  facet normal -0 0 -1
    outer loop
      vertex -110.15 68.45 0
      vertex -111.65 44.45 0
      vertex -111.65 68.45 0
    endloop
  endfacet
  facet normal 0 0 -1
    outer loop
      vertex -111.65 5.65 0
      vertex -110.15 29.65 0
      vertex -110.15 5.65 0
    endloop
  endfacet
  facet normal -0 0 -1
    outer loop
      vertex -110.15 29.65 0
      vertex -111.65 5.65 0
      vertex -111.65 29.65 0
    endloop
  endfacet
  facet normal 0 0 -1
    outer loop
      vertex -110.15 0 0
      vertex -106.15 0.4 0
      vertex -106.15 0 0
    endloop
  endfacet
  facet normal 0 0 -1
    outer loop
      vertex -106.15 0.4 0
      vertex -110.15 29.65 0
      vertex -106.15 74.6 0
    endloop
  endfacet
  facet normal -0 0 -1
    outer loop
      vertex -106.15 0.4 0
      vertex -110.15 0 0
      vertex -110.15 5.65 0
    endloop
  endfacet
  facet normal 0 0 -1
    outer loop
      vertex -106.15 0.4 0
      vertex -110.15 5.65 0
      vertex -110.15 29.65 0
    endloop
  endfacet
  facet normal 0 0 -1
    outer loop
      vertex -110.15 44.45 0
      vertex -106.15 74.6 0
      vertex -110.15 29.65 0
    endloop
  endfacet
  facet normal 0 0 -1
    outer loop
      vertex -110.15 68.45 0
      vertex -106.15 74.6 0
      vertex -110.15 44.45 0
    endloop
  endfacet
  facet normal 0 0 -1
    outer loop
      vertex -110.15 75 0
      vertex -106.15 74.6 0
      vertex -110.15 68.45 0
    endloop
  endfacet
  facet normal 0 0 -1
    outer loop
      vertex -106.15 74.6 0
      vertex -110.15 75 0
      vertex -106.15 75 0
    endloop
  endfacet
  facet normal 0 0 -1
    outer loop
      vertex 20 50.9 0
      vertex 6 50.9 0
      vertex 20 62 0
    endloop
  endfacet
  facet normal 0 0 -1
    outer loop
      vertex 110.15 44.45 0
      vertex 100.15 46 0
      vertex 110.15 68.45 0
    endloop
  endfacet
  facet normal 0 -0 -1
    outer loop
      vertex 96.15 40 0
      vertex 110.15 29.65 0
      vertex 90 12 0
    endloop
  endfacet
  facet normal 0 0 -1
    outer loop
      vertex 90 62 0
      vertex 96.15 40 0
      vertex 90 12 0
    endloop
  endfacet
  facet normal 0 0 -1
    outer loop
      vertex 110.15 29.65 0
      vertex 96.15 40 0
      vertex 100.15 40 0
    endloop
  endfacet
  facet normal 0 0 -1
    outer loop
      vertex 106.15 0.4 0
      vertex 20 12 0
      vertex 90 12 0
    endloop
  endfacet
  facet normal 0 0 -1
    outer loop
      vertex 20 12 0
      vertex 6 24.9 0
      vertex 20 24.9 0
    endloop
  endfacet
  facet normal 0 0 -1
    outer loop
      vertex -19 65 0
      vertex 6 24.9 0
      vertex -19 5 0
    endloop
  endfacet
  facet normal -0 0 -1
    outer loop
      vertex 20 12 0
      vertex -19 5 0
      vertex 6 24.9 0
    endloop
  endfacet
  facet normal 0 0 -1
    outer loop
      vertex 106.15 0.4 0
      vertex -19 5 0
      vertex 20 12 0
    endloop
  endfacet
  facet normal 0 0 -1
    outer loop
      vertex -106.15 0.4 0
      vertex -19 5 0
      vertex 106.15 0.4 0
    endloop
  endfacet
  facet normal 0 0 -1
    outer loop
      vertex -31 5 0
      vertex -45 17 0
      vertex -31 65 0
    endloop
  endfacet
  facet normal 0 0 -1
    outer loop
      vertex -106.15 0.4 0
      vertex -45 17 0
      vertex -31 5 0
    endloop
  endfacet
  facet normal 0 0 -1
    outer loop
      vertex -90 17 0
      vertex -96.15 40 0
      vertex -90 53 0
    endloop
  endfacet
  facet normal 0 0 -1
    outer loop
      vertex -90 17 0
      vertex -100.15 40 0
      vertex -96.15 40 0
    endloop
  endfacet
  facet normal 0 0 -1
    outer loop
      vertex -106.15 74.6 0
      vertex -100.15 40 0
      vertex -106.15 0.4 0
    endloop
  endfacet
  facet normal -0 0 -1
    outer loop
      vertex -90 17 0
      vertex -106.15 0.4 0
      vertex -100.15 40 0
    endloop
  endfacet
  facet normal -0 0 -1
    outer loop
      vertex -45 17 0
      vertex -106.15 0.4 0
      vertex -90 17 0
    endloop
  endfacet
  facet normal -0 0 -1
    outer loop
      vertex -19 5 0
      vertex -106.15 0.4 0
      vertex -31 5 0
    endloop
  endfacet
  facet normal 0 0 -1
    outer loop
      vertex 106.15 0.4 0
      vertex 110.15 5.65 0
      vertex 110.15 0 0
    endloop
  endfacet
  facet normal 0 0 -1
    outer loop
      vertex 90 12 0
      vertex 110.15 5.65 0
      vertex 106.15 0.4 0
    endloop
  endfacet
  facet normal 0 0 -1
    outer loop
      vertex 110.15 5.65 0
      vertex 90 12 0
      vertex 110.15 29.65 0
    endloop
  endfacet
  facet normal 0 0 -1
    outer loop
      vertex 110.15 29.65 0
      vertex 100.15 40 0
      vertex 110.15 44.45 0
    endloop
  endfacet
  facet normal 0 0 -1
    outer loop
      vertex 106.15 0.4 0
      vertex 110.15 0 0
      vertex 106.15 0 0
    endloop
  endfacet
  facet normal 0 0 -1
    outer loop
      vertex 100.15 46 0
      vertex 110.15 44.45 0
      vertex 100.15 40 0
    endloop
  endfacet
  facet normal 0 0 -1
    outer loop
      vertex 110.15 68.45 0
      vertex 106.15 74.6 0
      vertex 110.15 75 0
    endloop
  endfacet
  facet normal -0 0 -1
    outer loop
      vertex 110.15 75 0
      vertex 106.15 74.6 0
      vertex 106.15 75 0
    endloop
  endfacet
  facet normal 0 0 -1
    outer loop
      vertex 110.15 5.65 0
      vertex 111.65 29.65 0
      vertex 111.65 5.65 0
    endloop
  endfacet
  facet normal -0 0 -1
    outer loop
      vertex 111.65 29.65 0
      vertex 110.15 5.65 0
      vertex 110.15 29.65 0
    endloop
  endfacet
  facet normal 0 0 -1
    outer loop
      vertex 110.15 44.45 0
      vertex 111.65 68.45 0
      vertex 111.65 44.45 0
    endloop
  endfacet
  facet normal -0 0 -1
    outer loop
      vertex 111.65 68.45 0
      vertex 110.15 44.45 0
      vertex 110.15 68.45 0
    endloop
  endfacet
  facet normal 0 0 -1
    outer loop
      vertex 90 62 0
      vertex 110.15 68.45 0
      vertex 100.15 46 0
    endloop
  endfacet
  facet normal 0 0 -1
    outer loop
      vertex 90 62 0
      vertex 100.15 46 0
      vertex 96.15 46 0
    endloop
  endfacet
  facet normal 0 0 -1
    outer loop
      vertex 96.15 40 0
      vertex 90 62 0
      vertex 96.15 46 0
    endloop
  endfacet
  facet normal -0 0 -1
    outer loop
      vertex 110.15 68.45 0
      vertex 90 62 0
      vertex 106.15 74.6 0
    endloop
  endfacet
  facet normal 0 0 -1
    outer loop
      vertex 20 62 0
      vertex 106.15 74.6 0
      vertex 90 62 0
    endloop
  endfacet
  facet normal 0 0 -1
    outer loop
      vertex 6 24.9 0
      vertex -19 65 0
      vertex 6 50.9 0
    endloop
  endfacet
  facet normal 0 0 -1
    outer loop
      vertex -19 65 0
      vertex 20 62 0
      vertex 6 50.9 0
    endloop
  endfacet
  facet normal 0 0 -1
    outer loop
      vertex -19 65 0
      vertex 106.15 74.6 0
      vertex 20 62 0
    endloop
  endfacet
  facet normal 0 0 -1
    outer loop
      vertex -106.15 74.6 0
      vertex -19 65 0
      vertex -31 65 0
    endloop
  endfacet
  facet normal 0 0 -1
    outer loop
      vertex -45 53 0
      vertex -31 65 0
      vertex -45 17 0
    endloop
  endfacet
  facet normal 0 0 -1
    outer loop
      vertex -106.15 74.6 0
      vertex -45 53 0
      vertex -90 53 0
    endloop
  endfacet
  facet normal 0 0 -1
    outer loop
      vertex -96.15 46 0
      vertex -90 53 0
      vertex -96.15 40 0
    endloop
  endfacet
  facet normal 0 0 -1
    outer loop
      vertex -100.15 46 0
      vertex -90 53 0
      vertex -96.15 46 0
    endloop
  endfacet
  facet normal 0 0 -1
    outer loop
      vertex -19 65 0
      vertex -106.15 74.6 0
      vertex 106.15 74.6 0
    endloop
  endfacet
  facet normal 0 0 -1
    outer loop
      vertex -45 53 0
      vertex -106.15 74.6 0
      vertex -31 65 0
    endloop
  endfacet
  facet normal 0 0 -1
    outer loop
      vertex -100.15 46 0
      vertex -106.15 74.6 0
      vertex -90 53 0
    endloop
  endfacet
  facet normal 0 0 -1
    outer loop
      vertex -100.15 40 0
      vertex -106.15 74.6 0
      vertex -100.15 46 0
    endloop
  endfacet
  facet normal -1 0 0
    outer loop
      vertex -110.15 5.65 0
      vertex -110.15 0 0
      vertex -110.15 5.65 5.5
    endloop
  endfacet
  facet normal -1 0 0
    outer loop
      vertex -110.15 44.45 0
      vertex -110.15 29.65 0
      vertex -110.15 44.45 5.5
    endloop
  endfacet
  facet normal -1 0 0
    outer loop
      vertex -110.15 68.45 5.5
      vertex -110.15 75 0
      vertex -110.15 68.45 0
    endloop
  endfacet
  facet normal -1 0 0
    outer loop
      vertex -110.15 75 0
      vertex -110.15 68.45 5.5
      vertex -110.15 75 10
    endloop
  endfacet
  facet normal -1 0 0
    outer loop
      vertex -110.15 64.5476 9.5
      vertex -110.15 75 10
      vertex -110.15 68.45 5.5
    endloop
  endfacet
  facet normal -1 0 0
    outer loop
      vertex -110.15 48.3524 9.5
      vertex -110.15 75 10
      vertex -110.15 64.5476 9.5
    endloop
  endfacet
  facet normal -1 0 0
    outer loop
      vertex -110.15 29.65 5.5
      vertex -110.15 44.45 5.5
      vertex -110.15 29.65 0
    endloop
  endfacet
  facet normal -1 0 0
    outer loop
      vertex -110.15 44.45 5.5
      vertex -110.15 29.65 5.5
      vertex -110.15 48.3524 9.5
    endloop
  endfacet
  facet normal -1 0 0
    outer loop
      vertex -110.15 25.7476 9.5
      vertex -110.15 48.3524 9.5
      vertex -110.15 29.65 5.5
    endloop
  endfacet
  facet normal -1 0 0
    outer loop
      vertex -110.15 25.7476 9.5
      vertex -110.15 75 10
      vertex -110.15 48.3524 9.5
    endloop
  endfacet
  facet normal -1 0 0
    outer loop
      vertex -110.15 0 10
      vertex -110.15 25.7476 9.5
      vertex -110.15 9.55245 9.5
    endloop
  endfacet
  facet normal -1 0 0
    outer loop
      vertex -110.15 0 10
      vertex -110.15 5.65 5.5
      vertex -110.15 0 0
    endloop
  endfacet
  facet normal -1 0 0
    outer loop
      vertex -110.15 25.7476 9.5
      vertex -110.15 0 10
      vertex -110.15 75 10
    endloop
  endfacet
  facet normal -1 0 0
    outer loop
      vertex -110.15 5.65 5.5
      vertex -110.15 0 10
      vertex -110.15 9.55245 9.5
    endloop
  endfacet
  facet normal 0 1 0
    outer loop
      vertex 110.15 75 10
      vertex 106.15 75 3
      vertex 106.15 75 10
    endloop
  endfacet
  facet normal 0 1 0
    outer loop
      vertex 106.15 75 3
      vertex 106.15 75 0.4
      vertex -106.15 75 3
    endloop
  endfacet
  facet normal 0 1 -0
    outer loop
      vertex 110.15 75 0
      vertex 106.15 75 3
      vertex 110.15 75 10
    endloop
  endfacet
  facet normal 0 1 0
    outer loop
      vertex 106.15 75 3
      vertex 110.15 75 0
      vertex 106.15 75 0.4
    endloop
  endfacet
  facet normal 0 1 0
    outer loop
      vertex 106.15 75 0.4
      vertex 110.15 75 0
      vertex 106.15 75 0
    endloop
  endfacet
  facet normal 0 1 -0
    outer loop
      vertex -106.15 75 3
      vertex -110.15 75 10
      vertex -106.15 75 10
    endloop
  endfacet
  facet normal 0 1 0
    outer loop
      vertex -106.15 75 0.4
      vertex -106.15 75 3
      vertex 106.15 75 0.4
    endloop
  endfacet
  facet normal 0 1 0
    outer loop
      vertex -110.15 75 0
      vertex -106.15 75 3
      vertex -106.15 75 0.4
    endloop
  endfacet
  facet normal 0 1 0
    outer loop
      vertex -110.15 75 0
      vertex -106.15 75 0.4
      vertex -106.15 75 0
    endloop
  endfacet
  facet normal 0 1 0
    outer loop
      vertex -106.15 75 3
      vertex -110.15 75 0
      vertex -110.15 75 10
    endloop
  endfacet
  facet normal 0 -1 0
    outer loop
      vertex -110.15 0 10
      vertex -106.15 0 3
      vertex -106.15 0 10
    endloop
  endfacet
  facet normal 0 -1 0
    outer loop
      vertex -106.15 0 3
      vertex -106.15 0 0.4
      vertex 106.15 0 3
    endloop
  endfacet
  facet normal 0 -1 0
    outer loop
      vertex -110.15 0 0
      vertex -106.15 0 3
      vertex -110.15 0 10
    endloop
  endfacet
  facet normal 0 -1 -0
    outer loop
      vertex -106.15 0 3
      vertex -110.15 0 0
      vertex -106.15 0 0.4
    endloop
  endfacet
  facet normal 0 -1 -0
    outer loop
      vertex -106.15 0 0.4
      vertex -110.15 0 0
      vertex -106.15 0 0
    endloop
  endfacet
  facet normal 0 -1 0
    outer loop
      vertex 106.15 0 3
      vertex 110.15 0 10
      vertex 106.15 0 10
    endloop
  endfacet
  facet normal 0 -1 0
    outer loop
      vertex 106.15 0 0.4
      vertex 106.15 0 3
      vertex -106.15 0 0.4
    endloop
  endfacet
  facet normal 0 -1 0
    outer loop
      vertex 110.15 0 0
      vertex 106.15 0 3
      vertex 106.15 0 0.4
    endloop
  endfacet
  facet normal 0 -1 0
    outer loop
      vertex 110.15 0 0
      vertex 106.15 0 0.4
      vertex 106.15 0 0
    endloop
  endfacet
  facet normal 0 -1 0
    outer loop
      vertex 106.15 0 3
      vertex 110.15 0 0
      vertex 110.15 0 10
    endloop
  endfacet
  facet normal 1 0 0
    outer loop
      vertex 110.15 75 10
      vertex 110.15 68.45 5.5
      vertex 110.15 75 0
    endloop
  endfacet
  facet normal 1 0 0
    outer loop
      vertex 110.15 75 10
      vertex 110.15 64.5476 9.5
      vertex 110.15 68.45 5.5
    endloop
  endfacet
  facet normal 1 0 0
    outer loop
      vertex 110.15 75 10
      vertex 110.15 48.3524 9.5
      vertex 110.15 64.5476 9.5
    endloop
  endfacet
  facet normal 1 0 0
    outer loop
      vertex 110.15 44.45 5.5
      vertex 110.15 29.65 5.5
      vertex 110.15 44.45 0
    endloop
  endfacet
  facet normal 1 0 0
    outer loop
      vertex 110.15 48.3524 9.5
      vertex 110.15 29.65 5.5
      vertex 110.15 44.45 5.5
    endloop
  endfacet
  facet normal 1 0 0
    outer loop
      vertex 110.15 48.3524 9.5
      vertex 110.15 25.7476 9.5
      vertex 110.15 29.65 5.5
    endloop
  endfacet
  facet normal 1 0 0
    outer loop
      vertex 110.15 75 10
      vertex 110.15 25.7476 9.5
      vertex 110.15 48.3524 9.5
    endloop
  endfacet
  facet normal 1 -0 0
    outer loop
      vertex 110.15 0 10
      vertex 110.15 25.7476 9.5
      vertex 110.15 75 10
    endloop
  endfacet
  facet normal 1 0 0
    outer loop
      vertex 110.15 25.7476 9.5
      vertex 110.15 0 10
      vertex 110.15 9.55245 9.5
    endloop
  endfacet
  facet normal 1 0 0
    outer loop
      vertex 110.15 0 10
      vertex 110.15 5.65 5.5
      vertex 110.15 9.55245 9.5
    endloop
  endfacet
  facet normal 1 0 0
    outer loop
      vertex 110.15 0 0
      vertex 110.15 5.65 5.5
      vertex 110.15 0 10
    endloop
  endfacet
  facet normal 1 0 0
    outer loop
      vertex 110.15 5.65 5.5
      vertex 110.15 0 0
      vertex 110.15 5.65 0
    endloop
  endfacet
  facet normal 1 0 0
    outer loop
      vertex 110.15 75 0
      vertex 110.15 68.45 5.5
      vertex 110.15 68.45 0
    endloop
  endfacet
  facet normal 1 0 0
    outer loop
      vertex 110.15 44.45 0
      vertex 110.15 29.65 5.5
      vertex 110.15 29.65 0
    endloop
  endfacet
  facet normal -0 0 1
    outer loop
      vertex 106.15 75 10
      vertex 110.15 0 10
      vertex 110.15 75 10
    endloop
  endfacet
  facet normal 0 0 1
    outer loop
      vertex 110.15 0 10
      vertex 106.15 75 10
      vertex 106.15 0 10
    endloop
  endfacet
  facet normal -1 0 0
    outer loop
      vertex 106.15 0 3
      vertex 106.15 75 10
      vertex 106.15 75 3
    endloop
  endfacet
  facet normal -1 -0 0
    outer loop
      vertex 106.15 75 10
      vertex 106.15 0 3
      vertex 106.15 0 10
    endloop
  endfacet
  facet normal -1 0 0
    outer loop
      vertex 106.15 0.4 0
      vertex 106.15 0 0
      vertex 106.15 0 0.4
    endloop
  endfacet
  facet normal -1 0 0
    outer loop
      vertex 106.15 75 0
      vertex 106.15 74.6 0
      vertex 106.15 75 0.4
    endloop
  endfacet
  facet normal -0.522479 -0.852652 0
    outer loop
      vertex -98.5573 7.66844 3
      vertex -98.089 7.38148 8
      vertex -98.5573 7.66844 8
    endloop
  endfacet
  facet normal -0.522479 -0.852652 -0
    outer loop
      vertex -98.089 7.38148 8
      vertex -98.5573 7.66844 3
      vertex -98.089 7.38148 3
    endloop
  endfacet
  facet normal -0.0784787 0.996916 0
    outer loop
      vertex -96.5 14 3
      vertex -97.0475 13.9569 8
      vertex -96.5 14 8
    endloop
  endfacet
  facet normal -0.0784787 0.996916 0
    outer loop
      vertex -97.0475 13.9569 8
      vertex -96.5 14 3
      vertex -97.0475 13.9569 3
    endloop
  endfacet
  facet normal 0.972381 0.2334 0
    outer loop
      vertex -93.0431 11.0475 8
      vertex -93.1713 11.5816 3
      vertex -93.1713 11.5816 8
    endloop
  endfacet
  facet normal 0.972381 0.2334 0
    outer loop
      vertex -93.1713 11.5816 3
      vertex -93.0431 11.0475 8
      vertex -93.0431 11.0475 3
    endloop
  endfacet
  facet normal 0.996916 0.0784787 0
    outer loop
      vertex -93 10.5 8
      vertex -93.0431 11.0475 3
      vertex -93.0431 11.0475 8
    endloop
  endfacet
  facet normal 0.996916 0.0784787 0
    outer loop
      vertex -93.0431 11.0475 3
      vertex -93 10.5 8
      vertex -93 10.5 3
    endloop
  endfacet
  facet normal 0.923861 0.382727 0
    outer loop
      vertex -93.1713 11.5816 8
      vertex -93.3815 12.089 3
      vertex -93.3815 12.089 8
    endloop
  endfacet
  facet normal 0.923861 0.382727 0
    outer loop
      vertex -93.3815 12.089 3
      vertex -93.1713 11.5816 8
      vertex -93.1713 11.5816 3
    endloop
  endfacet
  facet normal 0.382696 -0.923874 0
    outer loop
      vertex -95.4184 7.1713 3
      vertex -94.911 7.38148 8
      vertex -95.4184 7.1713 8
    endloop
  endfacet
  facet normal 0.382696 -0.923874 0
    outer loop
      vertex -94.911 7.38148 8
      vertex -95.4184 7.1713 3
      vertex -94.911 7.38148 3
    endloop
  endfacet
  facet normal -0.923864 -0.382721 0
    outer loop
      vertex -99.6185 8.91103 3
      vertex -99.8287 9.41844 8
      vertex -99.8287 9.41844 3
    endloop
  endfacet
  facet normal -0.923864 -0.382721 0
    outer loop
      vertex -99.8287 9.41844 8
      vertex -99.6185 8.91103 3
      vertex -99.6185 8.91103 8
    endloop
  endfacet
  facet normal -0.382727 0.923861 0
    outer loop
      vertex -97.5816 13.8287 3
      vertex -98.089 13.6185 8
      vertex -97.5816 13.8287 8
    endloop
  endfacet
  facet normal -0.382727 0.923861 0
    outer loop
      vertex -98.089 13.6185 8
      vertex -97.5816 13.8287 3
      vertex -98.089 13.6185 3
    endloop
  endfacet
  facet normal 0.996916 -0.0784758 0
    outer loop
      vertex -93.0431 9.95248 8
      vertex -93 10.5 3
      vertex -93 10.5 8
    endloop
  endfacet
  facet normal 0.996916 -0.0784758 0
    outer loop
      vertex -93 10.5 3
      vertex -93.0431 9.95248 8
      vertex -93.0431 9.95248 3
    endloop
  endfacet
  facet normal 0.852651 0.522481 0
    outer loop
      vertex -93.3815 12.089 8
      vertex -93.6684 12.5572 3
      vertex -93.6684 12.5572 8
    endloop
  endfacet
  facet normal 0.852651 0.522481 0
    outer loop
      vertex -93.6684 12.5572 3
      vertex -93.3815 12.089 8
      vertex -93.3815 12.089 3
    endloop
  endfacet
  facet normal -0.852651 0.522481 0
    outer loop
      vertex -99.6185 12.089 3
      vertex -99.3316 12.5572 8
      vertex -99.3316 12.5572 3
    endloop
  endfacet
  facet normal -0.852651 0.522481 0
    outer loop
      vertex -99.3316 12.5572 8
      vertex -99.6185 12.089 3
      vertex -99.6185 12.089 8
    endloop
  endfacet
  facet normal -0.649486 0.760374 0
    outer loop
      vertex -98.5573 13.3316 3
      vertex -98.9749 12.9749 8
      vertex -98.5573 13.3316 8
    endloop
  endfacet
  facet normal -0.649486 0.760374 0
    outer loop
      vertex -98.9749 12.9749 8
      vertex -98.5573 13.3316 3
      vertex -98.9749 12.9749 3
    endloop
  endfacet
  facet normal 0.233418 -0.972377 0
    outer loop
      vertex -95.9525 7.04309 3
      vertex -95.4184 7.1713 8
      vertex -95.9525 7.04309 8
    endloop
  endfacet
  facet normal 0.233418 -0.972377 0
    outer loop
      vertex -95.4184 7.1713 8
      vertex -95.9525 7.04309 3
      vertex -95.4184 7.1713 3
    endloop
  endfacet
  facet normal -0.5224 0.852701 0
    outer loop
      vertex -98.089 13.6185 3
      vertex -98.5573 13.3316 8
      vertex -98.089 13.6185 8
    endloop
  endfacet
  facet normal -0.5224 0.852701 0
    outer loop
      vertex -98.5573 13.3316 8
      vertex -98.089 13.6185 3
      vertex -98.5573 13.3316 3
    endloop
  endfacet
  facet normal 0.923864 -0.382721 0
    outer loop
      vertex -93.3815 8.91103 8
      vertex -93.1713 9.41844 3
      vertex -93.1713 9.41844 8
    endloop
  endfacet
  facet normal 0.923864 -0.382721 0
    outer loop
      vertex -93.1713 9.41844 3
      vertex -93.3815 8.91103 8
      vertex -93.3815 8.91103 3
    endloop
  endfacet
  facet normal 0.852691 -0.522416 0
    outer loop
      vertex -93.6684 8.44275 8
      vertex -93.3815 8.91103 3
      vertex -93.3815 8.91103 8
    endloop
  endfacet
  facet normal 0.852691 -0.522416 0
    outer loop
      vertex -93.3815 8.91103 3
      vertex -93.6684 8.44275 8
      vertex -93.6684 8.44275 3
    endloop
  endfacet
  facet normal 0.972375 -0.233425 0
    outer loop
      vertex -93.1713 9.41844 8
      vertex -93.0431 9.95248 3
      vertex -93.0431 9.95248 8
    endloop
  endfacet
  facet normal 0.972375 -0.233425 0
    outer loop
      vertex -93.0431 9.95248 3
      vertex -93.1713 9.41844 8
      vertex -93.1713 9.41844 3
    endloop
  endfacet
  facet normal -0.233418 -0.972377 0
    outer loop
      vertex -97.5816 7.1713 3
      vertex -97.0475 7.04309 8
      vertex -97.5816 7.1713 8
    endloop
  endfacet
  facet normal -0.233418 -0.972377 -0
    outer loop
      vertex -97.0475 7.04309 8
      vertex -97.5816 7.1713 3
      vertex -97.0475 7.04309 3
    endloop
  endfacet
  facet normal 0.2334 0.972381 -0
    outer loop
      vertex -95.4184 13.8287 3
      vertex -95.9525 13.9569 8
      vertex -95.4184 13.8287 8
    endloop
  endfacet
  facet normal 0.2334 0.972381 0
    outer loop
      vertex -95.9525 13.9569 8
      vertex -95.4184 13.8287 3
      vertex -95.9525 13.9569 3
    endloop
  endfacet
  facet normal -0.972381 0.2334 0
    outer loop
      vertex -99.9569 11.0475 3
      vertex -99.8287 11.5816 8
      vertex -99.8287 11.5816 3
    endloop
  endfacet
  facet normal -0.972381 0.2334 0
    outer loop
      vertex -99.8287 11.5816 8
      vertex -99.9569 11.0475 3
      vertex -99.9569 11.0475 8
    endloop
  endfacet
  facet normal 0.649475 -0.760383 0
    outer loop
      vertex -94.4427 7.66844 3
      vertex -94.0251 8.02513 8
      vertex -94.4427 7.66844 8
    endloop
  endfacet
  facet normal 0.649475 -0.760383 0
    outer loop
      vertex -94.0251 8.02513 8
      vertex -94.4427 7.66844 3
      vertex -94.0251 8.02513 3
    endloop
  endfacet
  facet normal -0.996916 0.0784787 0
    outer loop
      vertex -100 10.5 3
      vertex -99.9569 11.0475 8
      vertex -99.9569 11.0475 3
    endloop
  endfacet
  facet normal -0.996916 0.0784787 0
    outer loop
      vertex -99.9569 11.0475 8
      vertex -100 10.5 3
      vertex -100 10.5 8
    endloop
  endfacet
  facet normal 0.5224 0.852701 -0
    outer loop
      vertex -94.4427 13.3316 3
      vertex -94.911 13.6185 8
      vertex -94.4427 13.3316 8
    endloop
  endfacet
  facet normal 0.5224 0.852701 0
    outer loop
      vertex -94.911 13.6185 8
      vertex -94.4427 13.3316 3
      vertex -94.911 13.6185 3
    endloop
  endfacet
  facet normal 0.382727 0.923861 -0
    outer loop
      vertex -94.911 13.6185 3
      vertex -95.4184 13.8287 8
      vertex -94.911 13.6185 8
    endloop
  endfacet
  facet normal 0.382727 0.923861 0
    outer loop
      vertex -95.4184 13.8287 8
      vertex -94.911 13.6185 3
      vertex -95.4184 13.8287 3
    endloop
  endfacet
  facet normal 0.760389 -0.649468 0
    outer loop
      vertex -94.0251 8.02513 8
      vertex -93.6684 8.44275 3
      vertex -93.6684 8.44275 8
    endloop
  endfacet
  facet normal 0.760389 -0.649468 0
    outer loop
      vertex -93.6684 8.44275 3
      vertex -94.0251 8.02513 8
      vertex -94.0251 8.02513 3
    endloop
  endfacet
  facet normal 0.76045 0.649396 0
    outer loop
      vertex -93.6684 12.5572 8
      vertex -94.0251 12.9749 3
      vertex -94.0251 12.9749 8
    endloop
  endfacet
  facet normal 0.76045 0.649396 0
    outer loop
      vertex -94.0251 12.9749 3
      vertex -93.6684 12.5572 8
      vertex -93.6684 12.5572 3
    endloop
  endfacet
  facet normal 0.0784606 -0.996917 0
    outer loop
      vertex -96.5 7 3
      vertex -95.9525 7.04309 8
      vertex -96.5 7 8
    endloop
  endfacet
  facet normal 0.0784606 -0.996917 0
    outer loop
      vertex -95.9525 7.04309 8
      vertex -96.5 7 3
      vertex -95.9525 7.04309 3
    endloop
  endfacet
  facet normal 0.649486 0.760374 -0
    outer loop
      vertex -94.0251 12.9749 3
      vertex -94.4427 13.3316 8
      vertex -94.0251 12.9749 8
    endloop
  endfacet
  facet normal 0.649486 0.760374 0
    outer loop
      vertex -94.4427 13.3316 8
      vertex -94.0251 12.9749 3
      vertex -94.4427 13.3316 3
    endloop
  endfacet
  facet normal -0.923861 0.382727 0
    outer loop
      vertex -99.8287 11.5816 3
      vertex -99.6185 12.089 8
      vertex -99.6185 12.089 3
    endloop
  endfacet
  facet normal -0.923861 0.382727 0
    outer loop
      vertex -99.6185 12.089 8
      vertex -99.8287 11.5816 3
      vertex -99.8287 11.5816 8
    endloop
  endfacet
  facet normal -0.760389 -0.649468 0
    outer loop
      vertex -98.9749 8.02513 3
      vertex -99.3316 8.44275 8
      vertex -99.3316 8.44275 3
    endloop
  endfacet
  facet normal -0.760389 -0.649468 0
    outer loop
      vertex -99.3316 8.44275 8
      vertex -98.9749 8.02513 3
      vertex -98.9749 8.02513 8
    endloop
  endfacet
  facet normal -0.2334 0.972381 0
    outer loop
      vertex -97.0475 13.9569 3
      vertex -97.5816 13.8287 8
      vertex -97.0475 13.9569 8
    endloop
  endfacet
  facet normal -0.2334 0.972381 0
    outer loop
      vertex -97.5816 13.8287 8
      vertex -97.0475 13.9569 3
      vertex -97.5816 13.8287 3
    endloop
  endfacet
  facet normal -0.996916 -0.0784758 0
    outer loop
      vertex -99.9569 9.95248 3
      vertex -100 10.5 8
      vertex -100 10.5 3
    endloop
  endfacet
  facet normal -0.996916 -0.0784758 0
    outer loop
      vertex -100 10.5 8
      vertex -99.9569 9.95248 3
      vertex -99.9569 9.95248 8
    endloop
  endfacet
  facet normal 0 0 1
    outer loop
      vertex -95.4 10.5 8
      vertex -93 10.5 8
      vertex -93.0431 11.0475 8
    endloop
  endfacet
  facet normal 0 0 1
    outer loop
      vertex -95.4375 10.7847 8
      vertex -93.0431 11.0475 8
      vertex -93.1713 11.5816 8
    endloop
  endfacet
  facet normal 0 0 1
    outer loop
      vertex -93 10.5 8
      vertex -95.4 10.5 8
      vertex -93.0431 9.95248 8
    endloop
  endfacet
  facet normal 0 0 1
    outer loop
      vertex -95.4375 10.7847 8
      vertex -93.1713 11.5816 8
      vertex -93.3815 12.089 8
    endloop
  endfacet
  facet normal -0 0 1
    outer loop
      vertex -95.4375 10.2153 8
      vertex -93.0431 9.95248 8
      vertex -95.4 10.5 8
    endloop
  endfacet
  facet normal 0 0 1
    outer loop
      vertex -95.5474 11.05 8
      vertex -93.3815 12.089 8
      vertex -93.6684 12.5572 8
    endloop
  endfacet
  facet normal 0 0 1
    outer loop
      vertex -93.0431 9.95248 8
      vertex -95.4375 10.2153 8
      vertex -93.1713 9.41844 8
    endloop
  endfacet
  facet normal 0 0 1
    outer loop
      vertex -95.7222 11.2778 8
      vertex -93.6684 12.5572 8
      vertex -94.0251 12.9749 8
    endloop
  endfacet
  facet normal 0 0 1
    outer loop
      vertex -93.1713 9.41844 8
      vertex -95.4375 10.2153 8
      vertex -93.3815 8.91103 8
    endloop
  endfacet
  facet normal 0 0 1
    outer loop
      vertex -95.7222 11.2778 8
      vertex -94.0251 12.9749 8
      vertex -94.4427 13.3316 8
    endloop
  endfacet
  facet normal -0 0 1
    outer loop
      vertex -95.5474 9.95 8
      vertex -93.3815 8.91103 8
      vertex -95.4375 10.2153 8
    endloop
  endfacet
  facet normal 0 0 1
    outer loop
      vertex -95.95 11.4526 8
      vertex -94.4427 13.3316 8
      vertex -94.911 13.6185 8
    endloop
  endfacet
  facet normal 0 0 1
    outer loop
      vertex -93.3815 8.91103 8
      vertex -95.5474 9.95 8
      vertex -93.6684 8.44275 8
    endloop
  endfacet
  facet normal -0 0 1
    outer loop
      vertex -95.7222 9.72218 8
      vertex -93.6684 8.44275 8
      vertex -95.5474 9.95 8
    endloop
  endfacet
  facet normal 0 0 1
    outer loop
      vertex -95.95 11.4526 8
      vertex -94.911 13.6185 8
      vertex -95.4184 13.8287 8
    endloop
  endfacet
  facet normal 0 0 1
    outer loop
      vertex -93.0431 11.0475 8
      vertex -95.4375 10.7847 8
      vertex -95.4 10.5 8
    endloop
  endfacet
  facet normal 0 0 1
    outer loop
      vertex -93.3815 12.089 8
      vertex -95.5474 11.05 8
      vertex -95.4375 10.7847 8
    endloop
  endfacet
  facet normal 0 0 1
    outer loop
      vertex -93.6684 12.5572 8
      vertex -95.7222 11.2778 8
      vertex -95.5474 11.05 8
    endloop
  endfacet
  facet normal 0 0 1
    outer loop
      vertex -94.4427 13.3316 8
      vertex -95.95 11.4526 8
      vertex -95.7222 11.2778 8
    endloop
  endfacet
  facet normal 0 0 1
    outer loop
      vertex -96.2153 11.5625 8
      vertex -95.4184 13.8287 8
      vertex -95.9525 13.9569 8
    endloop
  endfacet
  facet normal 0 0 1
    outer loop
      vertex -95.4184 13.8287 8
      vertex -96.2153 11.5625 8
      vertex -95.95 11.4526 8
    endloop
  endfacet
  facet normal 0 0 1
    outer loop
      vertex -96.5 11.6 8
      vertex -95.9525 13.9569 8
      vertex -96.5 14 8
    endloop
  endfacet
  facet normal 0 0 1
    outer loop
      vertex -95.9525 13.9569 8
      vertex -96.5 11.6 8
      vertex -96.2153 11.5625 8
    endloop
  endfacet
  facet normal -0 0 1
    outer loop
      vertex -97.0475 13.9569 8
      vertex -96.5 11.6 8
      vertex -96.5 14 8
    endloop
  endfacet
  facet normal 0 0 1
    outer loop
      vertex -96.5 11.6 8
      vertex -97.0475 13.9569 8
      vertex -96.7847 11.5625 8
    endloop
  endfacet
  facet normal -0 0 1
    outer loop
      vertex -97.5816 13.8287 8
      vertex -96.7847 11.5625 8
      vertex -97.0475 13.9569 8
    endloop
  endfacet
  facet normal 0 0 1
    outer loop
      vertex -96.7847 11.5625 8
      vertex -97.5816 13.8287 8
      vertex -97.05 11.4526 8
    endloop
  endfacet
  facet normal -0 0 1
    outer loop
      vertex -98.089 13.6185 8
      vertex -97.05 11.4526 8
      vertex -97.5816 13.8287 8
    endloop
  endfacet
  facet normal -0 0 1
    outer loop
      vertex -98.5573 13.3316 8
      vertex -97.05 11.4526 8
      vertex -98.089 13.6185 8
    endloop
  endfacet
  facet normal 0 0 1
    outer loop
      vertex -97.05 11.4526 8
      vertex -98.5573 13.3316 8
      vertex -97.2778 11.2778 8
    endloop
  endfacet
  facet normal -0 0 1
    outer loop
      vertex -98.9749 12.9749 8
      vertex -97.2778 11.2778 8
      vertex -98.5573 13.3316 8
    endloop
  endfacet
  facet normal -0 0 1
    outer loop
      vertex -99.3316 12.5572 8
      vertex -97.2778 11.2778 8
      vertex -98.9749 12.9749 8
    endloop
  endfacet
  facet normal 0 0 1
    outer loop
      vertex -93.6684 8.44275 8
      vertex -95.7222 9.72218 8
      vertex -94.0251 8.02513 8
    endloop
  endfacet
  facet normal 0 0 1
    outer loop
      vertex -94.0251 8.02513 8
      vertex -95.7222 9.72218 8
      vertex -94.4427 7.66844 8
    endloop
  endfacet
  facet normal -0 0 1
    outer loop
      vertex -95.95 9.54737 8
      vertex -94.4427 7.66844 8
      vertex -95.7222 9.72218 8
    endloop
  endfacet
  facet normal 0 0 1
    outer loop
      vertex -94.4427 7.66844 8
      vertex -95.95 9.54737 8
      vertex -94.911 7.38148 8
    endloop
  endfacet
  facet normal 0 0 1
    outer loop
      vertex -94.911 7.38148 8
      vertex -95.95 9.54737 8
      vertex -95.4184 7.1713 8
    endloop
  endfacet
  facet normal -0 0 1
    outer loop
      vertex -96.2153 9.43748 8
      vertex -95.4184 7.1713 8
      vertex -95.95 9.54737 8
    endloop
  endfacet
  facet normal 0 0 1
    outer loop
      vertex -95.4184 7.1713 8
      vertex -96.2153 9.43748 8
      vertex -95.9525 7.04309 8
    endloop
  endfacet
  facet normal -0 0 1
    outer loop
      vertex -96.5 9.4 8
      vertex -95.9525 7.04309 8
      vertex -96.2153 9.43748 8
    endloop
  endfacet
  facet normal 0 0 1
    outer loop
      vertex -96.5 9.4 8
      vertex -96.5 7 8
      vertex -95.9525 7.04309 8
    endloop
  endfacet
  facet normal 0 0 1
    outer loop
      vertex -97.0475 7.04309 8
      vertex -96.5 9.4 8
      vertex -96.7847 9.43748 8
    endloop
  endfacet
  facet normal 0 0 1
    outer loop
      vertex -96.5 9.4 8
      vertex -97.0475 7.04309 8
      vertex -96.5 7 8
    endloop
  endfacet
  facet normal 0 0 1
    outer loop
      vertex -97.5816 7.1713 8
      vertex -96.7847 9.43748 8
      vertex -97.05 9.54737 8
    endloop
  endfacet
  facet normal 0 0 1
    outer loop
      vertex -98.5573 7.66844 8
      vertex -97.05 9.54737 8
      vertex -97.2778 9.72218 8
    endloop
  endfacet
  facet normal 0 0 1
    outer loop
      vertex -99.3316 8.44275 8
      vertex -97.2778 9.72218 8
      vertex -97.4526 9.95 8
    endloop
  endfacet
  facet normal 0 0 1
    outer loop
      vertex -99.6185 8.91103 8
      vertex -97.4526 9.95 8
      vertex -97.5625 10.2153 8
    endloop
  endfacet
  facet normal 0 0 1
    outer loop
      vertex -96.7847 9.43748 8
      vertex -97.5816 7.1713 8
      vertex -97.0475 7.04309 8
    endloop
  endfacet
  facet normal 0 0 1
    outer loop
      vertex -99.9569 9.95248 8
      vertex -97.5625 10.2153 8
      vertex -97.6 10.5 8
    endloop
  endfacet
  facet normal 0 0 1
    outer loop
      vertex -97.2778 11.2778 8
      vertex -99.3316 12.5572 8
      vertex -97.4526 11.05 8
    endloop
  endfacet
  facet normal 0 0 1
    outer loop
      vertex -97.05 9.54737 8
      vertex -98.089 7.38148 8
      vertex -97.5816 7.1713 8
    endloop
  endfacet
  facet normal -0 0 1
    outer loop
      vertex -99.6185 12.089 8
      vertex -97.4526 11.05 8
      vertex -99.3316 12.5572 8
    endloop
  endfacet
  facet normal 0 0 1
    outer loop
      vertex -97.05 9.54737 8
      vertex -98.5573 7.66844 8
      vertex -98.089 7.38148 8
    endloop
  endfacet
  facet normal 0 0 1
    outer loop
      vertex -97.4526 11.05 8
      vertex -99.6185 12.089 8
      vertex -97.5625 10.7847 8
    endloop
  endfacet
  facet normal 0 0 1
    outer loop
      vertex -97.2778 9.72218 8
      vertex -98.9749 8.02513 8
      vertex -98.5573 7.66844 8
    endloop
  endfacet
  facet normal -0 0 1
    outer loop
      vertex -99.8287 11.5816 8
      vertex -97.5625 10.7847 8
      vertex -99.6185 12.089 8
    endloop
  endfacet
  facet normal 0 0 1
    outer loop
      vertex -97.2778 9.72218 8
      vertex -99.3316 8.44275 8
      vertex -98.9749 8.02513 8
    endloop
  endfacet
  facet normal -0 0 1
    outer loop
      vertex -99.9569 11.0475 8
      vertex -97.5625 10.7847 8
      vertex -99.8287 11.5816 8
    endloop
  endfacet
  facet normal 0 0 1
    outer loop
      vertex -97.4526 9.95 8
      vertex -99.6185 8.91103 8
      vertex -99.3316 8.44275 8
    endloop
  endfacet
  facet normal 0 0 1
    outer loop
      vertex -97.5625 10.7847 8
      vertex -99.9569 11.0475 8
      vertex -97.6 10.5 8
    endloop
  endfacet
  facet normal 0 0 1
    outer loop
      vertex -97.5625 10.2153 8
      vertex -99.8287 9.41844 8
      vertex -99.6185 8.91103 8
    endloop
  endfacet
  facet normal 0 0 1
    outer loop
      vertex -100 10.5 8
      vertex -97.6 10.5 8
      vertex -99.9569 11.0475 8
    endloop
  endfacet
  facet normal 0 0 1
    outer loop
      vertex -97.5625 10.2153 8
      vertex -99.9569 9.95248 8
      vertex -99.8287 9.41844 8
    endloop
  endfacet
  facet normal 0 0 1
    outer loop
      vertex -97.6 10.5 8
      vertex -100 10.5 8
      vertex -99.9569 9.95248 8
    endloop
  endfacet
  facet normal -0.852691 -0.522416 0
    outer loop
      vertex -99.3316 8.44275 3
      vertex -99.6185 8.91103 8
      vertex -99.6185 8.91103 3
    endloop
  endfacet
  facet normal -0.852691 -0.522416 0
    outer loop
      vertex -99.6185 8.91103 8
      vertex -99.3316 8.44275 3
      vertex -99.3316 8.44275 8
    endloop
  endfacet
  facet normal 0.522479 -0.852652 0
    outer loop
      vertex -94.911 7.38148 3
      vertex -94.4427 7.66844 8
      vertex -94.911 7.38148 8
    endloop
  endfacet
  facet normal 0.522479 -0.852652 0
    outer loop
      vertex -94.4427 7.66844 8
      vertex -94.911 7.38148 3
      vertex -94.4427 7.66844 3
    endloop
  endfacet
  facet normal 0.0784787 0.996916 -0
    outer loop
      vertex -95.9525 13.9569 3
      vertex -96.5 14 8
      vertex -95.9525 13.9569 8
    endloop
  endfacet
  facet normal 0.0784787 0.996916 0
    outer loop
      vertex -96.5 14 8
      vertex -95.9525 13.9569 3
      vertex -96.5 14 3
    endloop
  endfacet
  facet normal -0.382696 -0.923874 0
    outer loop
      vertex -98.089 7.38148 3
      vertex -97.5816 7.1713 8
      vertex -98.089 7.38148 8
    endloop
  endfacet
  facet normal -0.382696 -0.923874 -0
    outer loop
      vertex -97.5816 7.1713 8
      vertex -98.089 7.38148 3
      vertex -97.5816 7.1713 3
    endloop
  endfacet
  facet normal -0.972375 -0.233425 0
    outer loop
      vertex -99.8287 9.41844 3
      vertex -99.9569 9.95248 8
      vertex -99.9569 9.95248 3
    endloop
  endfacet
  facet normal -0.972375 -0.233425 0
    outer loop
      vertex -99.9569 9.95248 8
      vertex -99.8287 9.41844 3
      vertex -99.8287 9.41844 8
    endloop
  endfacet
  facet normal -0.76045 0.649396 0
    outer loop
      vertex -99.3316 12.5572 3
      vertex -98.9749 12.9749 8
      vertex -98.9749 12.9749 3
    endloop
  endfacet
  facet normal -0.76045 0.649396 0
    outer loop
      vertex -98.9749 12.9749 8
      vertex -99.3316 12.5572 3
      vertex -99.3316 12.5572 8
    endloop
  endfacet
  facet normal -0.649475 -0.760383 0
    outer loop
      vertex -98.9749 8.02513 3
      vertex -98.5573 7.66844 8
      vertex -98.9749 8.02513 8
    endloop
  endfacet
  facet normal -0.649475 -0.760383 -0
    outer loop
      vertex -98.5573 7.66844 8
      vertex -98.9749 8.02513 3
      vertex -98.5573 7.66844 3
    endloop
  endfacet
  facet normal -0.0784606 -0.996917 0
    outer loop
      vertex -97.0475 7.04309 3
      vertex -96.5 7 8
      vertex -97.0475 7.04309 8
    endloop
  endfacet
  facet normal -0.0784606 -0.996917 -0
    outer loop
      vertex -96.5 7 8
      vertex -97.0475 7.04309 3
      vertex -96.5 7 3
    endloop
  endfacet
  facet normal -0.52256 -0.852602 0
    outer loop
      vertex -40.5572 7.66844 3
      vertex -40.089 7.38148 8
      vertex -40.5572 7.66844 8
    endloop
  endfacet
  facet normal -0.52256 -0.852602 -0
    outer loop
      vertex -40.089 7.38148 8
      vertex -40.5572 7.66844 3
      vertex -40.089 7.38148 3
    endloop
  endfacet
  facet normal -0.0784787 0.996916 0
    outer loop
      vertex -38.5 14 3
      vertex -39.0475 13.9569 8
      vertex -38.5 14 8
    endloop
  endfacet
  facet normal -0.0784787 0.996916 0
    outer loop
      vertex -39.0475 13.9569 8
      vertex -38.5 14 3
      vertex -39.0475 13.9569 3
    endloop
  endfacet
  facet normal 0.972381 0.2334 0
    outer loop
      vertex -35.0431 11.0475 8
      vertex -35.1713 11.5816 3
      vertex -35.1713 11.5816 8
    endloop
  endfacet
  facet normal 0.972381 0.2334 0
    outer loop
      vertex -35.1713 11.5816 3
      vertex -35.0431 11.0475 8
      vertex -35.0431 11.0475 3
    endloop
  endfacet
  facet normal 0.996916 0.0784787 0
    outer loop
      vertex -35 10.5 8
      vertex -35.0431 11.0475 3
      vertex -35.0431 11.0475 8
    endloop
  endfacet
  facet normal 0.996916 0.0784787 0
    outer loop
      vertex -35.0431 11.0475 3
      vertex -35 10.5 8
      vertex -35 10.5 3
    endloop
  endfacet
  facet normal 0.923861 0.382727 0
    outer loop
      vertex -35.1713 11.5816 8
      vertex -35.3815 12.089 3
      vertex -35.3815 12.089 8
    endloop
  endfacet
  facet normal 0.923861 0.382727 0
    outer loop
      vertex -35.3815 12.089 3
      vertex -35.1713 11.5816 8
      vertex -35.1713 11.5816 3
    endloop
  endfacet
  facet normal 0.382696 -0.923874 0
    outer loop
      vertex -37.4184 7.1713 3
      vertex -36.911 7.38148 8
      vertex -37.4184 7.1713 8
    endloop
  endfacet
  facet normal 0.382696 -0.923874 0
    outer loop
      vertex -36.911 7.38148 8
      vertex -37.4184 7.1713 3
      vertex -36.911 7.38148 3
    endloop
  endfacet
  facet normal -0.923864 -0.382721 0
    outer loop
      vertex -41.6185 8.91103 3
      vertex -41.8287 9.41844 8
      vertex -41.8287 9.41844 3
    endloop
  endfacet
  facet normal -0.923864 -0.382721 0
    outer loop
      vertex -41.8287 9.41844 8
      vertex -41.6185 8.91103 3
      vertex -41.6185 8.91103 8
    endloop
  endfacet
  facet normal -0.382727 0.923861 0
    outer loop
      vertex -39.5816 13.8287 3
      vertex -40.089 13.6185 8
      vertex -39.5816 13.8287 8
    endloop
  endfacet
  facet normal -0.382727 0.923861 0
    outer loop
      vertex -40.089 13.6185 8
      vertex -39.5816 13.8287 3
      vertex -40.089 13.6185 3
    endloop
  endfacet
  facet normal 0.996916 -0.0784758 0
    outer loop
      vertex -35.0431 9.95248 8
      vertex -35 10.5 3
      vertex -35 10.5 8
    endloop
  endfacet
  facet normal 0.996916 -0.0784758 0
    outer loop
      vertex -35 10.5 3
      vertex -35.0431 9.95248 8
      vertex -35.0431 9.95248 3
    endloop
  endfacet
  facet normal 0.852651 0.522481 0
    outer loop
      vertex -35.3815 12.089 8
      vertex -35.6684 12.5572 3
      vertex -35.6684 12.5572 8
    endloop
  endfacet
  facet normal 0.852651 0.522481 0
    outer loop
      vertex -35.6684 12.5572 3
      vertex -35.3815 12.089 8
      vertex -35.3815 12.089 3
    endloop
  endfacet
  facet normal -0.852651 0.522481 0
    outer loop
      vertex -41.6185 12.089 3
      vertex -41.3316 12.5572 8
      vertex -41.3316 12.5572 3
    endloop
  endfacet
  facet normal -0.852651 0.522481 0
    outer loop
      vertex -41.3316 12.5572 8
      vertex -41.6185 12.089 3
      vertex -41.6185 12.089 8
    endloop
  endfacet
  facet normal -0.649396 0.76045 0
    outer loop
      vertex -40.5572 13.3316 3
      vertex -40.9749 12.9749 8
      vertex -40.5572 13.3316 8
    endloop
  endfacet
  facet normal -0.649396 0.76045 0
    outer loop
      vertex -40.9749 12.9749 8
      vertex -40.5572 13.3316 3
      vertex -40.9749 12.9749 3
    endloop
  endfacet
  facet normal 0.233418 -0.972377 0
    outer loop
      vertex -37.9525 7.04309 3
      vertex -37.4184 7.1713 8
      vertex -37.9525 7.04309 8
    endloop
  endfacet
  facet normal 0.233418 -0.972377 0
    outer loop
      vertex -37.4184 7.1713 8
      vertex -37.9525 7.04309 3
      vertex -37.4184 7.1713 3
    endloop
  endfacet
  facet normal -0.522481 0.852651 0
    outer loop
      vertex -40.089 13.6185 3
      vertex -40.5572 13.3316 8
      vertex -40.089 13.6185 8
    endloop
  endfacet
  facet normal -0.522481 0.852651 0
    outer loop
      vertex -40.5572 13.3316 8
      vertex -40.089 13.6185 3
      vertex -40.5572 13.3316 3
    endloop
  endfacet
  facet normal 0.923864 -0.382721 0
    outer loop
      vertex -35.3815 8.91103 8
      vertex -35.1713 9.41844 3
      vertex -35.1713 9.41844 8
    endloop
  endfacet
  facet normal 0.923864 -0.382721 0
    outer loop
      vertex -35.1713 9.41844 3
      vertex -35.3815 8.91103 8
      vertex -35.3815 8.91103 3
    endloop
  endfacet
  facet normal 0.852691 -0.522416 0
    outer loop
      vertex -35.6684 8.44275 8
      vertex -35.3815 8.91103 3
      vertex -35.3815 8.91103 8
    endloop
  endfacet
  facet normal 0.852691 -0.522416 0
    outer loop
      vertex -35.3815 8.91103 3
      vertex -35.6684 8.44275 8
      vertex -35.6684 8.44275 3
    endloop
  endfacet
  facet normal 0.972375 -0.233425 0
    outer loop
      vertex -35.1713 9.41844 8
      vertex -35.0431 9.95248 3
      vertex -35.0431 9.95248 8
    endloop
  endfacet
  facet normal 0.972375 -0.233425 0
    outer loop
      vertex -35.0431 9.95248 3
      vertex -35.1713 9.41844 8
      vertex -35.1713 9.41844 3
    endloop
  endfacet
  facet normal -0.233418 -0.972377 0
    outer loop
      vertex -39.5816 7.1713 3
      vertex -39.0475 7.04309 8
      vertex -39.5816 7.1713 8
    endloop
  endfacet
  facet normal -0.233418 -0.972377 -0
    outer loop
      vertex -39.0475 7.04309 8
      vertex -39.5816 7.1713 3
      vertex -39.0475 7.04309 3
    endloop
  endfacet
  facet normal 0.2334 0.972381 -0
    outer loop
      vertex -37.4184 13.8287 3
      vertex -37.9525 13.9569 8
      vertex -37.4184 13.8287 8
    endloop
  endfacet
  facet normal 0.2334 0.972381 0
    outer loop
      vertex -37.9525 13.9569 8
      vertex -37.4184 13.8287 3
      vertex -37.9525 13.9569 3
    endloop
  endfacet
  facet normal 0.649475 -0.760383 0
    outer loop
      vertex -36.4427 7.66844 3
      vertex -36.0251 8.02513 8
      vertex -36.4427 7.66844 8
    endloop
  endfacet
  facet normal 0.649475 -0.760383 0
    outer loop
      vertex -36.0251 8.02513 8
      vertex -36.4427 7.66844 3
      vertex -36.0251 8.02513 3
    endloop
  endfacet
  facet normal -0.996916 0.0784787 0
    outer loop
      vertex -42 10.5 3
      vertex -41.9569 11.0475 8
      vertex -41.9569 11.0475 3
    endloop
  endfacet
  facet normal -0.996916 0.0784787 0
    outer loop
      vertex -41.9569 11.0475 8
      vertex -42 10.5 3
      vertex -42 10.5 8
    endloop
  endfacet
  facet normal 0.5224 0.852701 -0
    outer loop
      vertex -36.4427 13.3316 3
      vertex -36.911 13.6185 8
      vertex -36.4427 13.3316 8
    endloop
  endfacet
  facet normal 0.5224 0.852701 0
    outer loop
      vertex -36.911 13.6185 8
      vertex -36.4427 13.3316 3
      vertex -36.911 13.6185 3
    endloop
  endfacet
  facet normal 0.382727 0.923861 -0
    outer loop
      vertex -36.911 13.6185 3
      vertex -37.4184 13.8287 8
      vertex -36.911 13.6185 8
    endloop
  endfacet
  facet normal 0.382727 0.923861 0
    outer loop
      vertex -37.4184 13.8287 8
      vertex -36.911 13.6185 3
      vertex -37.4184 13.8287 3
    endloop
  endfacet
  facet normal 0.760389 -0.649468 0
    outer loop
      vertex -36.0251 8.02513 8
      vertex -35.6684 8.44275 3
      vertex -35.6684 8.44275 8
    endloop
  endfacet
  facet normal 0.760389 -0.649468 0
    outer loop
      vertex -35.6684 8.44275 3
      vertex -36.0251 8.02513 8
      vertex -36.0251 8.02513 3
    endloop
  endfacet
  facet normal 0.76045 0.649396 0
    outer loop
      vertex -35.6684 12.5572 8
      vertex -36.0251 12.9749 3
      vertex -36.0251 12.9749 8
    endloop
  endfacet
  facet normal 0.76045 0.649396 0
    outer loop
      vertex -36.0251 12.9749 3
      vertex -35.6684 12.5572 8
      vertex -35.6684 12.5572 3
    endloop
  endfacet
  facet normal 0.0784606 -0.996917 0
    outer loop
      vertex -38.5 7 3
      vertex -37.9525 7.04309 8
      vertex -38.5 7 8
    endloop
  endfacet
  facet normal 0.0784606 -0.996917 0
    outer loop
      vertex -37.9525 7.04309 8
      vertex -38.5 7 3
      vertex -37.9525 7.04309 3
    endloop
  endfacet
  facet normal 0.649486 0.760374 -0
    outer loop
      vertex -36.0251 12.9749 3
      vertex -36.4427 13.3316 8
      vertex -36.0251 12.9749 8
    endloop
  endfacet
  facet normal 0.649486 0.760374 0
    outer loop
      vertex -36.4427 13.3316 8
      vertex -36.0251 12.9749 3
      vertex -36.4427 13.3316 3
    endloop
  endfacet
  facet normal -0.923861 0.382727 0
    outer loop
      vertex -41.8287 11.5816 3
      vertex -41.6185 12.089 8
      vertex -41.6185 12.089 3
    endloop
  endfacet
  facet normal -0.923861 0.382727 0
    outer loop
      vertex -41.6185 12.089 8
      vertex -41.8287 11.5816 3
      vertex -41.8287 11.5816 8
    endloop
  endfacet
  facet normal -0.760389 -0.649468 0
    outer loop
      vertex -40.9749 8.02513 3
      vertex -41.3316 8.44275 8
      vertex -41.3316 8.44275 3
    endloop
  endfacet
  facet normal -0.760389 -0.649468 0
    outer loop
      vertex -41.3316 8.44275 8
      vertex -40.9749 8.02513 3
      vertex -40.9749 8.02513 8
    endloop
  endfacet
  facet normal -0.2334 0.972381 0
    outer loop
      vertex -39.0475 13.9569 3
      vertex -39.5816 13.8287 8
      vertex -39.0475 13.9569 8
    endloop
  endfacet
  facet normal -0.2334 0.972381 0
    outer loop
      vertex -39.5816 13.8287 8
      vertex -39.0475 13.9569 3
      vertex -39.5816 13.8287 3
    endloop
  endfacet
  facet normal -0.996916 -0.0784758 0
    outer loop
      vertex -41.9569 9.95248 3
      vertex -42 10.5 8
      vertex -42 10.5 3
    endloop
  endfacet
  facet normal -0.996916 -0.0784758 0
    outer loop
      vertex -42 10.5 8
      vertex -41.9569 9.95248 3
      vertex -41.9569 9.95248 8
    endloop
  endfacet
  facet normal -0.76045 0.649396 0
    outer loop
      vertex -41.3316 12.5572 3
      vertex -40.9749 12.9749 8
      vertex -40.9749 12.9749 3
    endloop
  endfacet
  facet normal -0.76045 0.649396 0
    outer loop
      vertex -40.9749 12.9749 8
      vertex -41.3316 12.5572 3
      vertex -41.3316 12.5572 8
    endloop
  endfacet
  facet normal 0 0 1
    outer loop
      vertex -37.4 10.5 8
      vertex -35 10.5 8
      vertex -35.0431 11.0475 8
    endloop
  endfacet
  facet normal 0 0 1
    outer loop
      vertex -37.4375 10.7847 8
      vertex -35.0431 11.0475 8
      vertex -35.1713 11.5816 8
    endloop
  endfacet
  facet normal 0 0 1
    outer loop
      vertex -35 10.5 8
      vertex -37.4 10.5 8
      vertex -35.0431 9.95248 8
    endloop
  endfacet
  facet normal 0 0 1
    outer loop
      vertex -37.4375 10.7847 8
      vertex -35.1713 11.5816 8
      vertex -35.3815 12.089 8
    endloop
  endfacet
  facet normal -0 0 1
    outer loop
      vertex -37.4375 10.2153 8
      vertex -35.0431 9.95248 8
      vertex -37.4 10.5 8
    endloop
  endfacet
  facet normal 0 0 1
    outer loop
      vertex -37.5474 11.05 8
      vertex -35.3815 12.089 8
      vertex -35.6684 12.5572 8
    endloop
  endfacet
  facet normal 0 0 1
    outer loop
      vertex -35.0431 9.95248 8
      vertex -37.4375 10.2153 8
      vertex -35.1713 9.41844 8
    endloop
  endfacet
  facet normal 0 0 1
    outer loop
      vertex -37.7222 11.2778 8
      vertex -35.6684 12.5572 8
      vertex -36.0251 12.9749 8
    endloop
  endfacet
  facet normal 0 0 1
    outer loop
      vertex -35.1713 9.41844 8
      vertex -37.4375 10.2153 8
      vertex -35.3815 8.91103 8
    endloop
  endfacet
  facet normal 0 0 1
    outer loop
      vertex -37.7222 11.2778 8
      vertex -36.0251 12.9749 8
      vertex -36.4427 13.3316 8
    endloop
  endfacet
  facet normal -0 0 1
    outer loop
      vertex -37.5474 9.95 8
      vertex -35.3815 8.91103 8
      vertex -37.4375 10.2153 8
    endloop
  endfacet
  facet normal 0 0 1
    outer loop
      vertex -37.95 11.4526 8
      vertex -36.4427 13.3316 8
      vertex -36.911 13.6185 8
    endloop
  endfacet
  facet normal 0 0 1
    outer loop
      vertex -35.3815 8.91103 8
      vertex -37.5474 9.95 8
      vertex -35.6684 8.44275 8
    endloop
  endfacet
  facet normal -0 0 1
    outer loop
      vertex -37.7222 9.72218 8
      vertex -35.6684 8.44275 8
      vertex -37.5474 9.95 8
    endloop
  endfacet
  facet normal 0 0 1
    outer loop
      vertex -37.95 11.4526 8
      vertex -36.911 13.6185 8
      vertex -37.4184 13.8287 8
    endloop
  endfacet
  facet normal 0 0 1
    outer loop
      vertex -35.0431 11.0475 8
      vertex -37.4375 10.7847 8
      vertex -37.4 10.5 8
    endloop
  endfacet
  facet normal 0 0 1
    outer loop
      vertex -35.3815 12.089 8
      vertex -37.5474 11.05 8
      vertex -37.4375 10.7847 8
    endloop
  endfacet
  facet normal 0 0 1
    outer loop
      vertex -35.6684 12.5572 8
      vertex -37.7222 11.2778 8
      vertex -37.5474 11.05 8
    endloop
  endfacet
  facet normal 0 0 1
    outer loop
      vertex -36.4427 13.3316 8
      vertex -37.95 11.4526 8
      vertex -37.7222 11.2778 8
    endloop
  endfacet
  facet normal 0 0 1
    outer loop
      vertex -38.2153 11.5625 8
      vertex -37.4184 13.8287 8
      vertex -37.9525 13.9569 8
    endloop
  endfacet
  facet normal 0 0 1
    outer loop
      vertex -37.4184 13.8287 8
      vertex -38.2153 11.5625 8
      vertex -37.95 11.4526 8
    endloop
  endfacet
  facet normal 0 0 1
    outer loop
      vertex -38.5 11.6 8
      vertex -37.9525 13.9569 8
      vertex -38.5 14 8
    endloop
  endfacet
  facet normal 0 0 1
    outer loop
      vertex -37.9525 13.9569 8
      vertex -38.5 11.6 8
      vertex -38.2153 11.5625 8
    endloop
  endfacet
  facet normal -0 0 1
    outer loop
      vertex -39.0475 13.9569 8
      vertex -38.5 11.6 8
      vertex -38.5 14 8
    endloop
  endfacet
  facet normal 0 0 1
    outer loop
      vertex -38.5 11.6 8
      vertex -39.0475 13.9569 8
      vertex -38.7847 11.5625 8
    endloop
  endfacet
  facet normal -0 0 1
    outer loop
      vertex -39.5816 13.8287 8
      vertex -38.7847 11.5625 8
      vertex -39.0475 13.9569 8
    endloop
  endfacet
  facet normal 0 0 1
    outer loop
      vertex -38.7847 11.5625 8
      vertex -39.5816 13.8287 8
      vertex -39.05 11.4526 8
    endloop
  endfacet
  facet normal -0 0 1
    outer loop
      vertex -40.089 13.6185 8
      vertex -39.05 11.4526 8
      vertex -39.5816 13.8287 8
    endloop
  endfacet
  facet normal -0 0 1
    outer loop
      vertex -40.5572 13.3316 8
      vertex -39.05 11.4526 8
      vertex -40.089 13.6185 8
    endloop
  endfacet
  facet normal 0 0 1
    outer loop
      vertex -39.05 11.4526 8
      vertex -40.5572 13.3316 8
      vertex -39.2778 11.2778 8
    endloop
  endfacet
  facet normal -0 0 1
    outer loop
      vertex -40.9749 12.9749 8
      vertex -39.2778 11.2778 8
      vertex -40.5572 13.3316 8
    endloop
  endfacet
  facet normal -0 0 1
    outer loop
      vertex -41.3316 12.5572 8
      vertex -39.2778 11.2778 8
      vertex -40.9749 12.9749 8
    endloop
  endfacet
  facet normal 0 0 1
    outer loop
      vertex -35.6684 8.44275 8
      vertex -37.7222 9.72218 8
      vertex -36.0251 8.02513 8
    endloop
  endfacet
  facet normal 0 0 1
    outer loop
      vertex -36.0251 8.02513 8
      vertex -37.7222 9.72218 8
      vertex -36.4427 7.66844 8
    endloop
  endfacet
  facet normal -0 0 1
    outer loop
      vertex -37.95 9.54737 8
      vertex -36.4427 7.66844 8
      vertex -37.7222 9.72218 8
    endloop
  endfacet
  facet normal 0 0 1
    outer loop
      vertex -36.4427 7.66844 8
      vertex -37.95 9.54737 8
      vertex -36.911 7.38148 8
    endloop
  endfacet
  facet normal 0 0 1
    outer loop
      vertex -36.911 7.38148 8
      vertex -37.95 9.54737 8
      vertex -37.4184 7.1713 8
    endloop
  endfacet
  facet normal -0 0 1
    outer loop
      vertex -38.2153 9.43748 8
      vertex -37.4184 7.1713 8
      vertex -37.95 9.54737 8
    endloop
  endfacet
  facet normal 0 0 1
    outer loop
      vertex -37.4184 7.1713 8
      vertex -38.2153 9.43748 8
      vertex -37.9525 7.04309 8
    endloop
  endfacet
  facet normal -0 0 1
    outer loop
      vertex -38.5 9.4 8
      vertex -37.9525 7.04309 8
      vertex -38.2153 9.43748 8
    endloop
  endfacet
  facet normal 0 0 1
    outer loop
      vertex -38.5 9.4 8
      vertex -38.5 7 8
      vertex -37.9525 7.04309 8
    endloop
  endfacet
  facet normal 0 0 1
    outer loop
      vertex -39.0475 7.04309 8
      vertex -38.5 9.4 8
      vertex -38.7847 9.43748 8
    endloop
  endfacet
  facet normal 0 0 1
    outer loop
      vertex -38.5 9.4 8
      vertex -39.0475 7.04309 8
      vertex -38.5 7 8
    endloop
  endfacet
  facet normal 0 0 1
    outer loop
      vertex -39.5816 7.1713 8
      vertex -38.7847 9.43748 8
      vertex -39.05 9.54737 8
    endloop
  endfacet
  facet normal 0 0 1
    outer loop
      vertex -40.5572 7.66844 8
      vertex -39.05 9.54737 8
      vertex -39.2778 9.72218 8
    endloop
  endfacet
  facet normal 0 0 1
    outer loop
      vertex -41.3316 8.44275 8
      vertex -39.2778 9.72218 8
      vertex -39.4526 9.95 8
    endloop
  endfacet
  facet normal 0 0 1
    outer loop
      vertex -41.6185 8.91103 8
      vertex -39.4526 9.95 8
      vertex -39.5625 10.2153 8
    endloop
  endfacet
  facet normal 0 0 1
    outer loop
      vertex -38.7847 9.43748 8
      vertex -39.5816 7.1713 8
      vertex -39.0475 7.04309 8
    endloop
  endfacet
  facet normal 0 0 1
    outer loop
      vertex -41.9569 9.95248 8
      vertex -39.5625 10.2153 8
      vertex -39.6 10.5 8
    endloop
  endfacet
  facet normal 0 0 1
    outer loop
      vertex -39.2778 11.2778 8
      vertex -41.3316 12.5572 8
      vertex -39.4526 11.05 8
    endloop
  endfacet
  facet normal 0 0 1
    outer loop
      vertex -39.05 9.54737 8
      vertex -40.089 7.38148 8
      vertex -39.5816 7.1713 8
    endloop
  endfacet
  facet normal -0 0 1
    outer loop
      vertex -41.6185 12.089 8
      vertex -39.4526 11.05 8
      vertex -41.3316 12.5572 8
    endloop
  endfacet
  facet normal 0 0 1
    outer loop
      vertex -39.05 9.54737 8
      vertex -40.5572 7.66844 8
      vertex -40.089 7.38148 8
    endloop
  endfacet
  facet normal 0 0 1
    outer loop
      vertex -39.4526 11.05 8
      vertex -41.6185 12.089 8
      vertex -39.5625 10.7847 8
    endloop
  endfacet
  facet normal 0 0 1
    outer loop
      vertex -39.2778 9.72218 8
      vertex -40.9749 8.02513 8
      vertex -40.5572 7.66844 8
    endloop
  endfacet
  facet normal -0 0 1
    outer loop
      vertex -41.8287 11.5816 8
      vertex -39.5625 10.7847 8
      vertex -41.6185 12.089 8
    endloop
  endfacet
  facet normal 0 0 1
    outer loop
      vertex -39.2778 9.72218 8
      vertex -41.3316 8.44275 8
      vertex -40.9749 8.02513 8
    endloop
  endfacet
  facet normal -0 0 1
    outer loop
      vertex -41.9569 11.0475 8
      vertex -39.5625 10.7847 8
      vertex -41.8287 11.5816 8
    endloop
  endfacet
  facet normal 0 0 1
    outer loop
      vertex -39.4526 9.95 8
      vertex -41.6185 8.91103 8
      vertex -41.3316 8.44275 8
    endloop
  endfacet
  facet normal 0 0 1
    outer loop
      vertex -39.5625 10.7847 8
      vertex -41.9569 11.0475 8
      vertex -39.6 10.5 8
    endloop
  endfacet
  facet normal 0 0 1
    outer loop
      vertex -39.5625 10.2153 8
      vertex -41.8287 9.41844 8
      vertex -41.6185 8.91103 8
    endloop
  endfacet
  facet normal 0 0 1
    outer loop
      vertex -42 10.5 8
      vertex -39.6 10.5 8
      vertex -41.9569 11.0475 8
    endloop
  endfacet
  facet normal 0 0 1
    outer loop
      vertex -39.5625 10.2153 8
      vertex -41.9569 9.95248 8
      vertex -41.8287 9.41844 8
    endloop
  endfacet
  facet normal 0 0 1
    outer loop
      vertex -39.6 10.5 8
      vertex -42 10.5 8
      vertex -41.9569 9.95248 8
    endloop
  endfacet
  facet normal -0.852691 -0.522416 0
    outer loop
      vertex -41.3316 8.44275 3
      vertex -41.6185 8.91103 8
      vertex -41.6185 8.91103 3
    endloop
  endfacet
  facet normal -0.852691 -0.522416 0
    outer loop
      vertex -41.6185 8.91103 8
      vertex -41.3316 8.44275 3
      vertex -41.3316 8.44275 8
    endloop
  endfacet
  facet normal 0.522479 -0.852652 0
    outer loop
      vertex -36.911 7.38148 3
      vertex -36.4427 7.66844 8
      vertex -36.911 7.38148 8
    endloop
  endfacet
  facet normal 0.522479 -0.852652 0
    outer loop
      vertex -36.4427 7.66844 8
      vertex -36.911 7.38148 3
      vertex -36.4427 7.66844 3
    endloop
  endfacet
  facet normal 0.0784787 0.996916 -0
    outer loop
      vertex -37.9525 13.9569 3
      vertex -38.5 14 8
      vertex -37.9525 13.9569 8
    endloop
  endfacet
  facet normal 0.0784787 0.996916 0
    outer loop
      vertex -38.5 14 8
      vertex -37.9525 13.9569 3
      vertex -38.5 14 3
    endloop
  endfacet
  facet normal -0.972381 0.2334 0
    outer loop
      vertex -41.9569 11.0475 3
      vertex -41.8287 11.5816 8
      vertex -41.8287 11.5816 3
    endloop
  endfacet
  facet normal -0.972381 0.2334 0
    outer loop
      vertex -41.8287 11.5816 8
      vertex -41.9569 11.0475 3
      vertex -41.9569 11.0475 8
    endloop
  endfacet
  facet normal -0.382696 -0.923874 0
    outer loop
      vertex -40.089 7.38148 3
      vertex -39.5816 7.1713 8
      vertex -40.089 7.38148 8
    endloop
  endfacet
  facet normal -0.382696 -0.923874 -0
    outer loop
      vertex -39.5816 7.1713 8
      vertex -40.089 7.38148 3
      vertex -39.5816 7.1713 3
    endloop
  endfacet
  facet normal -0.972375 -0.233425 0
    outer loop
      vertex -41.8287 9.41844 3
      vertex -41.9569 9.95248 8
      vertex -41.9569 9.95248 3
    endloop
  endfacet
  facet normal -0.972375 -0.233425 0
    outer loop
      vertex -41.9569 9.95248 8
      vertex -41.8287 9.41844 3
      vertex -41.8287 9.41844 8
    endloop
  endfacet
  facet normal -0.649385 -0.760459 0
    outer loop
      vertex -40.9749 8.02513 3
      vertex -40.5572 7.66844 8
      vertex -40.9749 8.02513 8
    endloop
  endfacet
  facet normal -0.649385 -0.760459 -0
    outer loop
      vertex -40.5572 7.66844 8
      vertex -40.9749 8.02513 3
      vertex -40.5572 7.66844 3
    endloop
  endfacet
  facet normal -0.0784606 -0.996917 0
    outer loop
      vertex -39.0475 7.04309 3
      vertex -38.5 7 8
      vertex -39.0475 7.04309 8
    endloop
  endfacet
  facet normal -0.0784606 -0.996917 -0
    outer loop
      vertex -38.5 7 8
      vertex -39.0475 7.04309 3
      vertex -38.5 7 3
    endloop
  endfacet
  facet normal -0.5224 -0.852701 0
    outer loop
      vertex -98.5573 56.6684 3
      vertex -98.089 56.3815 8
      vertex -98.5573 56.6684 8
    endloop
  endfacet
  facet normal -0.5224 -0.852701 -0
    outer loop
      vertex -98.089 56.3815 8
      vertex -98.5573 56.6684 3
      vertex -98.089 56.3815 3
    endloop
  endfacet
  facet normal -0.0784787 0.996916 0
    outer loop
      vertex -96.5 63 3
      vertex -97.0475 62.9569 8
      vertex -96.5 63 8
    endloop
  endfacet
  facet normal -0.0784787 0.996916 0
    outer loop
      vertex -97.0475 62.9569 8
      vertex -96.5 63 3
      vertex -97.0475 62.9569 3
    endloop
  endfacet
  facet normal 0.972381 0.2334 0
    outer loop
      vertex -93.0431 60.0475 8
      vertex -93.1713 60.5816 3
      vertex -93.1713 60.5816 8
    endloop
  endfacet
  facet normal 0.972381 0.2334 0
    outer loop
      vertex -93.1713 60.5816 3
      vertex -93.0431 60.0475 8
      vertex -93.0431 60.0475 3
    endloop
  endfacet
  facet normal 0.996916 0.0784787 0
    outer loop
      vertex -93 59.5 8
      vertex -93.0431 60.0475 3
      vertex -93.0431 60.0475 8
    endloop
  endfacet
  facet normal 0.996916 0.0784787 0
    outer loop
      vertex -93.0431 60.0475 3
      vertex -93 59.5 8
      vertex -93 59.5 3
    endloop
  endfacet
  facet normal 0.923861 0.382727 0
    outer loop
      vertex -93.1713 60.5816 8
      vertex -93.3815 61.089 3
      vertex -93.3815 61.089 8
    endloop
  endfacet
  facet normal 0.923861 0.382727 0
    outer loop
      vertex -93.3815 61.089 3
      vertex -93.1713 60.5816 8
      vertex -93.1713 60.5816 3
    endloop
  endfacet
  facet normal 0.382727 -0.923861 0
    outer loop
      vertex -95.4184 56.1713 3
      vertex -94.911 56.3815 8
      vertex -95.4184 56.1713 8
    endloop
  endfacet
  facet normal 0.382727 -0.923861 0
    outer loop
      vertex -94.911 56.3815 8
      vertex -95.4184 56.1713 3
      vertex -94.911 56.3815 3
    endloop
  endfacet
  facet normal -0.923861 -0.382727 0
    outer loop
      vertex -99.6185 57.911 3
      vertex -99.8287 58.4184 8
      vertex -99.8287 58.4184 3
    endloop
  endfacet
  facet normal -0.923861 -0.382727 0
    outer loop
      vertex -99.8287 58.4184 8
      vertex -99.6185 57.911 3
      vertex -99.6185 57.911 8
    endloop
  endfacet
  facet normal -0.382727 0.923861 0
    outer loop
      vertex -97.5816 62.8287 3
      vertex -98.089 62.6185 8
      vertex -97.5816 62.8287 8
    endloop
  endfacet
  facet normal -0.382727 0.923861 0
    outer loop
      vertex -98.089 62.6185 8
      vertex -97.5816 62.8287 3
      vertex -98.089 62.6185 3
    endloop
  endfacet
  facet normal 0.996916 -0.0784787 0
    outer loop
      vertex -93.0431 58.9525 8
      vertex -93 59.5 3
      vertex -93 59.5 8
    endloop
  endfacet
  facet normal 0.996916 -0.0784787 0
    outer loop
      vertex -93 59.5 3
      vertex -93.0431 58.9525 8
      vertex -93.0431 58.9525 3
    endloop
  endfacet
  facet normal 0.852651 0.522481 0
    outer loop
      vertex -93.3815 61.089 8
      vertex -93.6684 61.5572 3
      vertex -93.6684 61.5572 8
    endloop
  endfacet
  facet normal 0.852651 0.522481 0
    outer loop
      vertex -93.6684 61.5572 3
      vertex -93.3815 61.089 8
      vertex -93.3815 61.089 3
    endloop
  endfacet
  facet normal -0.852651 0.522481 0
    outer loop
      vertex -99.6185 61.089 3
      vertex -99.3316 61.5572 8
      vertex -99.3316 61.5572 3
    endloop
  endfacet
  facet normal -0.852651 0.522481 0
    outer loop
      vertex -99.3316 61.5572 8
      vertex -99.6185 61.089 3
      vertex -99.6185 61.089 8
    endloop
  endfacet
  facet normal -0.649486 0.760374 0
    outer loop
      vertex -98.5573 62.3316 3
      vertex -98.9749 61.9749 8
      vertex -98.5573 62.3316 8
    endloop
  endfacet
  facet normal -0.649486 0.760374 0
    outer loop
      vertex -98.9749 61.9749 8
      vertex -98.5573 62.3316 3
      vertex -98.9749 61.9749 3
    endloop
  endfacet
  facet normal 0.2334 -0.972381 0
    outer loop
      vertex -95.9525 56.0431 3
      vertex -95.4184 56.1713 8
      vertex -95.9525 56.0431 8
    endloop
  endfacet
  facet normal 0.2334 -0.972381 0
    outer loop
      vertex -95.4184 56.1713 8
      vertex -95.9525 56.0431 3
      vertex -95.4184 56.1713 3
    endloop
  endfacet
  facet normal -0.5224 0.852701 0
    outer loop
      vertex -98.089 62.6185 3
      vertex -98.5573 62.3316 8
      vertex -98.089 62.6185 8
    endloop
  endfacet
  facet normal -0.5224 0.852701 0
    outer loop
      vertex -98.5573 62.3316 8
      vertex -98.089 62.6185 3
      vertex -98.5573 62.3316 3
    endloop
  endfacet
  facet normal 0.923861 -0.382727 0
    outer loop
      vertex -93.3815 57.911 8
      vertex -93.1713 58.4184 3
      vertex -93.1713 58.4184 8
    endloop
  endfacet
  facet normal 0.923861 -0.382727 0
    outer loop
      vertex -93.1713 58.4184 3
      vertex -93.3815 57.911 8
      vertex -93.3815 57.911 3
    endloop
  endfacet
  facet normal 0.852701 -0.5224 0
    outer loop
      vertex -93.6684 57.4427 8
      vertex -93.3815 57.911 3
      vertex -93.3815 57.911 8
    endloop
  endfacet
  facet normal 0.852701 -0.5224 0
    outer loop
      vertex -93.3815 57.911 3
      vertex -93.6684 57.4427 8
      vertex -93.6684 57.4427 3
    endloop
  endfacet
  facet normal 0.972381 -0.2334 0
    outer loop
      vertex -93.1713 58.4184 8
      vertex -93.0431 58.9525 3
      vertex -93.0431 58.9525 8
    endloop
  endfacet
  facet normal 0.972381 -0.2334 0
    outer loop
      vertex -93.0431 58.9525 3
      vertex -93.1713 58.4184 8
      vertex -93.1713 58.4184 3
    endloop
  endfacet
  facet normal -0.2334 -0.972381 0
    outer loop
      vertex -97.5816 56.1713 3
      vertex -97.0475 56.0431 8
      vertex -97.5816 56.1713 8
    endloop
  endfacet
  facet normal -0.2334 -0.972381 -0
    outer loop
      vertex -97.0475 56.0431 8
      vertex -97.5816 56.1713 3
      vertex -97.0475 56.0431 3
    endloop
  endfacet
  facet normal 0.2334 0.972381 -0
    outer loop
      vertex -95.4184 62.8287 3
      vertex -95.9525 62.9569 8
      vertex -95.4184 62.8287 8
    endloop
  endfacet
  facet normal 0.2334 0.972381 0
    outer loop
      vertex -95.9525 62.9569 8
      vertex -95.4184 62.8287 3
      vertex -95.9525 62.9569 3
    endloop
  endfacet
  facet normal 0.649486 -0.760374 0
    outer loop
      vertex -94.4427 56.6684 3
      vertex -94.0251 57.0251 8
      vertex -94.4427 56.6684 8
    endloop
  endfacet
  facet normal 0.649486 -0.760374 0
    outer loop
      vertex -94.0251 57.0251 8
      vertex -94.4427 56.6684 3
      vertex -94.0251 57.0251 3
    endloop
  endfacet
  facet normal -0.996916 0.0784787 0
    outer loop
      vertex -100 59.5 3
      vertex -99.9569 60.0475 8
      vertex -99.9569 60.0475 3
    endloop
  endfacet
  facet normal -0.996916 0.0784787 0
    outer loop
      vertex -99.9569 60.0475 8
      vertex -100 59.5 3
      vertex -100 59.5 8
    endloop
  endfacet
  facet normal 0.5224 0.852701 -0
    outer loop
      vertex -94.4427 62.3316 3
      vertex -94.911 62.6185 8
      vertex -94.4427 62.3316 8
    endloop
  endfacet
  facet normal 0.5224 0.852701 0
    outer loop
      vertex -94.911 62.6185 8
      vertex -94.4427 62.3316 3
      vertex -94.911 62.6185 3
    endloop
  endfacet
  facet normal 0.382727 0.923861 -0
    outer loop
      vertex -94.911 62.6185 3
      vertex -95.4184 62.8287 8
      vertex -94.911 62.6185 8
    endloop
  endfacet
  facet normal 0.382727 0.923861 0
    outer loop
      vertex -95.4184 62.8287 8
      vertex -94.911 62.6185 3
      vertex -95.4184 62.8287 3
    endloop
  endfacet
  facet normal 0.760374 -0.649486 0
    outer loop
      vertex -94.0251 57.0251 8
      vertex -93.6684 57.4427 3
      vertex -93.6684 57.4427 8
    endloop
  endfacet
  facet normal 0.760374 -0.649486 0
    outer loop
      vertex -93.6684 57.4427 3
      vertex -94.0251 57.0251 8
      vertex -94.0251 57.0251 3
    endloop
  endfacet
  facet normal 0.76045 0.649396 0
    outer loop
      vertex -93.6684 61.5572 8
      vertex -94.0251 61.9749 3
      vertex -94.0251 61.9749 8
    endloop
  endfacet
  facet normal 0.76045 0.649396 0
    outer loop
      vertex -94.0251 61.9749 3
      vertex -93.6684 61.5572 8
      vertex -93.6684 61.5572 3
    endloop
  endfacet
  facet normal 0.0784787 -0.996916 0
    outer loop
      vertex -96.5 56 3
      vertex -95.9525 56.0431 8
      vertex -96.5 56 8
    endloop
  endfacet
  facet normal 0.0784787 -0.996916 0
    outer loop
      vertex -95.9525 56.0431 8
      vertex -96.5 56 3
      vertex -95.9525 56.0431 3
    endloop
  endfacet
  facet normal 0.649486 0.760374 -0
    outer loop
      vertex -94.0251 61.9749 3
      vertex -94.4427 62.3316 8
      vertex -94.0251 61.9749 8
    endloop
  endfacet
  facet normal 0.649486 0.760374 0
    outer loop
      vertex -94.4427 62.3316 8
      vertex -94.0251 61.9749 3
      vertex -94.4427 62.3316 3
    endloop
  endfacet
  facet normal -0.923861 0.382727 0
    outer loop
      vertex -99.8287 60.5816 3
      vertex -99.6185 61.089 8
      vertex -99.6185 61.089 3
    endloop
  endfacet
  facet normal -0.923861 0.382727 0
    outer loop
      vertex -99.6185 61.089 8
      vertex -99.8287 60.5816 3
      vertex -99.8287 60.5816 8
    endloop
  endfacet
  facet normal -0.760374 -0.649486 0
    outer loop
      vertex -98.9749 57.0251 3
      vertex -99.3316 57.4427 8
      vertex -99.3316 57.4427 3
    endloop
  endfacet
  facet normal -0.760374 -0.649486 0
    outer loop
      vertex -99.3316 57.4427 8
      vertex -98.9749 57.0251 3
      vertex -98.9749 57.0251 8
    endloop
  endfacet
  facet normal -0.2334 0.972381 0
    outer loop
      vertex -97.0475 62.9569 3
      vertex -97.5816 62.8287 8
      vertex -97.0475 62.9569 8
    endloop
  endfacet
  facet normal -0.2334 0.972381 0
    outer loop
      vertex -97.5816 62.8287 8
      vertex -97.0475 62.9569 3
      vertex -97.5816 62.8287 3
    endloop
  endfacet
  facet normal -0.996916 -0.0784787 0
    outer loop
      vertex -99.9569 58.9525 3
      vertex -100 59.5 8
      vertex -100 59.5 3
    endloop
  endfacet
  facet normal -0.996916 -0.0784787 0
    outer loop
      vertex -100 59.5 8
      vertex -99.9569 58.9525 3
      vertex -99.9569 58.9525 8
    endloop
  endfacet
  facet normal 0 0 1
    outer loop
      vertex -95.4 59.5 8
      vertex -93 59.5 8
      vertex -93.0431 60.0475 8
    endloop
  endfacet
  facet normal 0 0 1
    outer loop
      vertex -95.4375 59.7847 8
      vertex -93.0431 60.0475 8
      vertex -93.1713 60.5816 8
    endloop
  endfacet
  facet normal 0 0 1
    outer loop
      vertex -93 59.5 8
      vertex -95.4 59.5 8
      vertex -93.0431 58.9525 8
    endloop
  endfacet
  facet normal 0 0 1
    outer loop
      vertex -95.4375 59.7847 8
      vertex -93.1713 60.5816 8
      vertex -93.3815 61.089 8
    endloop
  endfacet
  facet normal -0 0 1
    outer loop
      vertex -95.4375 59.2153 8
      vertex -93.0431 58.9525 8
      vertex -95.4 59.5 8
    endloop
  endfacet
  facet normal 0 0 1
    outer loop
      vertex -95.5474 60.05 8
      vertex -93.3815 61.089 8
      vertex -93.6684 61.5572 8
    endloop
  endfacet
  facet normal 0 0 1
    outer loop
      vertex -93.0431 58.9525 8
      vertex -95.4375 59.2153 8
      vertex -93.1713 58.4184 8
    endloop
  endfacet
  facet normal 0 0 1
    outer loop
      vertex -95.7222 60.2778 8
      vertex -93.6684 61.5572 8
      vertex -94.0251 61.9749 8
    endloop
  endfacet
  facet normal 0 0 1
    outer loop
      vertex -93.1713 58.4184 8
      vertex -95.4375 59.2153 8
      vertex -93.3815 57.911 8
    endloop
  endfacet
  facet normal 0 0 1
    outer loop
      vertex -95.7222 60.2778 8
      vertex -94.0251 61.9749 8
      vertex -94.4427 62.3316 8
    endloop
  endfacet
  facet normal -0 0 1
    outer loop
      vertex -95.5474 58.95 8
      vertex -93.3815 57.911 8
      vertex -95.4375 59.2153 8
    endloop
  endfacet
  facet normal 0 0 1
    outer loop
      vertex -95.95 60.4526 8
      vertex -94.4427 62.3316 8
      vertex -94.911 62.6185 8
    endloop
  endfacet
  facet normal 0 0 1
    outer loop
      vertex -93.3815 57.911 8
      vertex -95.5474 58.95 8
      vertex -93.6684 57.4427 8
    endloop
  endfacet
  facet normal -0 0 1
    outer loop
      vertex -95.7222 58.7222 8
      vertex -93.6684 57.4427 8
      vertex -95.5474 58.95 8
    endloop
  endfacet
  facet normal 0 0 1
    outer loop
      vertex -95.95 60.4526 8
      vertex -94.911 62.6185 8
      vertex -95.4184 62.8287 8
    endloop
  endfacet
  facet normal 0 0 1
    outer loop
      vertex -93.0431 60.0475 8
      vertex -95.4375 59.7847 8
      vertex -95.4 59.5 8
    endloop
  endfacet
  facet normal 0 0 1
    outer loop
      vertex -93.3815 61.089 8
      vertex -95.5474 60.05 8
      vertex -95.4375 59.7847 8
    endloop
  endfacet
  facet normal 0 0 1
    outer loop
      vertex -93.6684 61.5572 8
      vertex -95.7222 60.2778 8
      vertex -95.5474 60.05 8
    endloop
  endfacet
  facet normal 0 0 1
    outer loop
      vertex -94.4427 62.3316 8
      vertex -95.95 60.4526 8
      vertex -95.7222 60.2778 8
    endloop
  endfacet
  facet normal 0 0 1
    outer loop
      vertex -96.2153 60.5625 8
      vertex -95.4184 62.8287 8
      vertex -95.9525 62.9569 8
    endloop
  endfacet
  facet normal 0 0 1
    outer loop
      vertex -95.4184 62.8287 8
      vertex -96.2153 60.5625 8
      vertex -95.95 60.4526 8
    endloop
  endfacet
  facet normal 0 0 1
    outer loop
      vertex -96.5 60.6 8
      vertex -95.9525 62.9569 8
      vertex -96.5 63 8
    endloop
  endfacet
  facet normal 0 0 1
    outer loop
      vertex -95.9525 62.9569 8
      vertex -96.5 60.6 8
      vertex -96.2153 60.5625 8
    endloop
  endfacet
  facet normal -0 0 1
    outer loop
      vertex -97.0475 62.9569 8
      vertex -96.5 60.6 8
      vertex -96.5 63 8
    endloop
  endfacet
  facet normal 0 0 1
    outer loop
      vertex -96.5 60.6 8
      vertex -97.0475 62.9569 8
      vertex -96.7847 60.5625 8
    endloop
  endfacet
  facet normal -0 0 1
    outer loop
      vertex -97.5816 62.8287 8
      vertex -96.7847 60.5625 8
      vertex -97.0475 62.9569 8
    endloop
  endfacet
  facet normal 0 0 1
    outer loop
      vertex -96.7847 60.5625 8
      vertex -97.5816 62.8287 8
      vertex -97.05 60.4526 8
    endloop
  endfacet
  facet normal -0 0 1
    outer loop
      vertex -98.089 62.6185 8
      vertex -97.05 60.4526 8
      vertex -97.5816 62.8287 8
    endloop
  endfacet
  facet normal -0 0 1
    outer loop
      vertex -98.5573 62.3316 8
      vertex -97.05 60.4526 8
      vertex -98.089 62.6185 8
    endloop
  endfacet
  facet normal 0 0 1
    outer loop
      vertex -97.05 60.4526 8
      vertex -98.5573 62.3316 8
      vertex -97.2778 60.2778 8
    endloop
  endfacet
  facet normal -0 0 1
    outer loop
      vertex -98.9749 61.9749 8
      vertex -97.2778 60.2778 8
      vertex -98.5573 62.3316 8
    endloop
  endfacet
  facet normal -0 0 1
    outer loop
      vertex -99.3316 61.5572 8
      vertex -97.2778 60.2778 8
      vertex -98.9749 61.9749 8
    endloop
  endfacet
  facet normal 0 0 1
    outer loop
      vertex -93.6684 57.4427 8
      vertex -95.7222 58.7222 8
      vertex -94.0251 57.0251 8
    endloop
  endfacet
  facet normal 0 0 1
    outer loop
      vertex -94.0251 57.0251 8
      vertex -95.7222 58.7222 8
      vertex -94.4427 56.6684 8
    endloop
  endfacet
  facet normal -0 0 1
    outer loop
      vertex -95.95 58.5474 8
      vertex -94.4427 56.6684 8
      vertex -95.7222 58.7222 8
    endloop
  endfacet
  facet normal 0 0 1
    outer loop
      vertex -94.4427 56.6684 8
      vertex -95.95 58.5474 8
      vertex -94.911 56.3815 8
    endloop
  endfacet
  facet normal 0 0 1
    outer loop
      vertex -94.911 56.3815 8
      vertex -95.95 58.5474 8
      vertex -95.4184 56.1713 8
    endloop
  endfacet
  facet normal -0 0 1
    outer loop
      vertex -96.2153 58.4375 8
      vertex -95.4184 56.1713 8
      vertex -95.95 58.5474 8
    endloop
  endfacet
  facet normal 0 0 1
    outer loop
      vertex -95.4184 56.1713 8
      vertex -96.2153 58.4375 8
      vertex -95.9525 56.0431 8
    endloop
  endfacet
  facet normal -0 0 1
    outer loop
      vertex -96.5 58.4 8
      vertex -95.9525 56.0431 8
      vertex -96.2153 58.4375 8
    endloop
  endfacet
  facet normal 0 0 1
    outer loop
      vertex -96.5 58.4 8
      vertex -96.5 56 8
      vertex -95.9525 56.0431 8
    endloop
  endfacet
  facet normal 0 0 1
    outer loop
      vertex -97.0475 56.0431 8
      vertex -96.5 58.4 8
      vertex -96.7847 58.4375 8
    endloop
  endfacet
  facet normal 0 0 1
    outer loop
      vertex -96.5 58.4 8
      vertex -97.0475 56.0431 8
      vertex -96.5 56 8
    endloop
  endfacet
  facet normal 0 0 1
    outer loop
      vertex -97.5816 56.1713 8
      vertex -96.7847 58.4375 8
      vertex -97.05 58.5474 8
    endloop
  endfacet
  facet normal 0 0 1
    outer loop
      vertex -98.5573 56.6684 8
      vertex -97.05 58.5474 8
      vertex -97.2778 58.7222 8
    endloop
  endfacet
  facet normal 0 0 1
    outer loop
      vertex -99.3316 57.4427 8
      vertex -97.2778 58.7222 8
      vertex -97.4526 58.95 8
    endloop
  endfacet
  facet normal 0 0 1
    outer loop
      vertex -99.6185 57.911 8
      vertex -97.4526 58.95 8
      vertex -97.5625 59.2153 8
    endloop
  endfacet
  facet normal 0 0 1
    outer loop
      vertex -96.7847 58.4375 8
      vertex -97.5816 56.1713 8
      vertex -97.0475 56.0431 8
    endloop
  endfacet
  facet normal 0 0 1
    outer loop
      vertex -99.9569 58.9525 8
      vertex -97.5625 59.2153 8
      vertex -97.6 59.5 8
    endloop
  endfacet
  facet normal 0 0 1
    outer loop
      vertex -97.2778 60.2778 8
      vertex -99.3316 61.5572 8
      vertex -97.4526 60.05 8
    endloop
  endfacet
  facet normal 0 0 1
    outer loop
      vertex -97.05 58.5474 8
      vertex -98.089 56.3815 8
      vertex -97.5816 56.1713 8
    endloop
  endfacet
  facet normal -0 0 1
    outer loop
      vertex -99.6185 61.089 8
      vertex -97.4526 60.05 8
      vertex -99.3316 61.5572 8
    endloop
  endfacet
  facet normal 0 0 1
    outer loop
      vertex -97.05 58.5474 8
      vertex -98.5573 56.6684 8
      vertex -98.089 56.3815 8
    endloop
  endfacet
  facet normal 0 0 1
    outer loop
      vertex -97.4526 60.05 8
      vertex -99.6185 61.089 8
      vertex -97.5625 59.7847 8
    endloop
  endfacet
  facet normal 0 0 1
    outer loop
      vertex -97.2778 58.7222 8
      vertex -98.9749 57.0251 8
      vertex -98.5573 56.6684 8
    endloop
  endfacet
  facet normal -0 0 1
    outer loop
      vertex -99.8287 60.5816 8
      vertex -97.5625 59.7847 8
      vertex -99.6185 61.089 8
    endloop
  endfacet
  facet normal 0 0 1
    outer loop
      vertex -97.2778 58.7222 8
      vertex -99.3316 57.4427 8
      vertex -98.9749 57.0251 8
    endloop
  endfacet
  facet normal -0 0 1
    outer loop
      vertex -99.9569 60.0475 8
      vertex -97.5625 59.7847 8
      vertex -99.8287 60.5816 8
    endloop
  endfacet
  facet normal 0 0 1
    outer loop
      vertex -97.4526 58.95 8
      vertex -99.6185 57.911 8
      vertex -99.3316 57.4427 8
    endloop
  endfacet
  facet normal 0 0 1
    outer loop
      vertex -97.5625 59.7847 8
      vertex -99.9569 60.0475 8
      vertex -97.6 59.5 8
    endloop
  endfacet
  facet normal 0 0 1
    outer loop
      vertex -97.5625 59.2153 8
      vertex -99.8287 58.4184 8
      vertex -99.6185 57.911 8
    endloop
  endfacet
  facet normal 0 0 1
    outer loop
      vertex -100 59.5 8
      vertex -97.6 59.5 8
      vertex -99.9569 60.0475 8
    endloop
  endfacet
  facet normal 0 0 1
    outer loop
      vertex -97.5625 59.2153 8
      vertex -99.9569 58.9525 8
      vertex -99.8287 58.4184 8
    endloop
  endfacet
  facet normal 0 0 1
    outer loop
      vertex -97.6 59.5 8
      vertex -100 59.5 8
      vertex -99.9569 58.9525 8
    endloop
  endfacet
  facet normal -0.852701 -0.5224 0
    outer loop
      vertex -99.3316 57.4427 3
      vertex -99.6185 57.911 8
      vertex -99.6185 57.911 3
    endloop
  endfacet
  facet normal -0.852701 -0.5224 0
    outer loop
      vertex -99.6185 57.911 8
      vertex -99.3316 57.4427 3
      vertex -99.3316 57.4427 8
    endloop
  endfacet
  facet normal 0.5224 -0.852701 0
    outer loop
      vertex -94.911 56.3815 3
      vertex -94.4427 56.6684 8
      vertex -94.911 56.3815 8
    endloop
  endfacet
  facet normal 0.5224 -0.852701 0
    outer loop
      vertex -94.4427 56.6684 8
      vertex -94.911 56.3815 3
      vertex -94.4427 56.6684 3
    endloop
  endfacet
  facet normal 0.0784787 0.996916 -0
    outer loop
      vertex -95.9525 62.9569 3
      vertex -96.5 63 8
      vertex -95.9525 62.9569 8
    endloop
  endfacet
  facet normal 0.0784787 0.996916 0
    outer loop
      vertex -96.5 63 8
      vertex -95.9525 62.9569 3
      vertex -96.5 63 3
    endloop
  endfacet
  facet normal -0.972381 0.2334 0
    outer loop
      vertex -99.9569 60.0475 3
      vertex -99.8287 60.5816 8
      vertex -99.8287 60.5816 3
    endloop
  endfacet
  facet normal -0.972381 0.2334 0
    outer loop
      vertex -99.8287 60.5816 8
      vertex -99.9569 60.0475 3
      vertex -99.9569 60.0475 8
    endloop
  endfacet
  facet normal -0.382727 -0.923861 0
    outer loop
      vertex -98.089 56.3815 3
      vertex -97.5816 56.1713 8
      vertex -98.089 56.3815 8
    endloop
  endfacet
  facet normal -0.382727 -0.923861 -0
    outer loop
      vertex -97.5816 56.1713 8
      vertex -98.089 56.3815 3
      vertex -97.5816 56.1713 3
    endloop
  endfacet
  facet normal -0.972381 -0.2334 0
    outer loop
      vertex -99.8287 58.4184 3
      vertex -99.9569 58.9525 8
      vertex -99.9569 58.9525 3
    endloop
  endfacet
  facet normal -0.972381 -0.2334 0
    outer loop
      vertex -99.9569 58.9525 8
      vertex -99.8287 58.4184 3
      vertex -99.8287 58.4184 8
    endloop
  endfacet
  facet normal -0.76045 0.649396 0
    outer loop
      vertex -99.3316 61.5572 3
      vertex -98.9749 61.9749 8
      vertex -98.9749 61.9749 3
    endloop
  endfacet
  facet normal -0.76045 0.649396 0
    outer loop
      vertex -98.9749 61.9749 8
      vertex -99.3316 61.5572 3
      vertex -99.3316 61.5572 8
    endloop
  endfacet
  facet normal -0.649486 -0.760374 0
    outer loop
      vertex -98.9749 57.0251 3
      vertex -98.5573 56.6684 8
      vertex -98.9749 57.0251 8
    endloop
  endfacet
  facet normal -0.649486 -0.760374 -0
    outer loop
      vertex -98.5573 56.6684 8
      vertex -98.9749 57.0251 3
      vertex -98.5573 56.6684 3
    endloop
  endfacet
  facet normal -0.0784787 -0.996916 0
    outer loop
      vertex -97.0475 56.0431 3
      vertex -96.5 56 8
      vertex -97.0475 56.0431 8
    endloop
  endfacet
  facet normal -0.0784787 -0.996916 -0
    outer loop
      vertex -96.5 56 8
      vertex -97.0475 56.0431 3
      vertex -96.5 56 3
    endloop
  endfacet
  facet normal -0.522481 -0.852651 0
    outer loop
      vertex -40.5572 56.6684 3
      vertex -40.089 56.3815 8
      vertex -40.5572 56.6684 8
    endloop
  endfacet
  facet normal -0.522481 -0.852651 -0
    outer loop
      vertex -40.089 56.3815 8
      vertex -40.5572 56.6684 3
      vertex -40.089 56.3815 3
    endloop
  endfacet
  facet normal -0.0784787 0.996916 0
    outer loop
      vertex -38.5 63 3
      vertex -39.0475 62.9569 8
      vertex -38.5 63 8
    endloop
  endfacet
  facet normal -0.0784787 0.996916 0
    outer loop
      vertex -39.0475 62.9569 8
      vertex -38.5 63 3
      vertex -39.0475 62.9569 3
    endloop
  endfacet
  facet normal 0.972381 0.2334 0
    outer loop
      vertex -35.0431 60.0475 8
      vertex -35.1713 60.5816 3
      vertex -35.1713 60.5816 8
    endloop
  endfacet
  facet normal 0.972381 0.2334 0
    outer loop
      vertex -35.1713 60.5816 3
      vertex -35.0431 60.0475 8
      vertex -35.0431 60.0475 3
    endloop
  endfacet
  facet normal 0.996916 0.0784787 0
    outer loop
      vertex -35 59.5 8
      vertex -35.0431 60.0475 3
      vertex -35.0431 60.0475 8
    endloop
  endfacet
  facet normal 0.996916 0.0784787 0
    outer loop
      vertex -35.0431 60.0475 3
      vertex -35 59.5 8
      vertex -35 59.5 3
    endloop
  endfacet
  facet normal 0.923861 0.382727 0
    outer loop
      vertex -35.1713 60.5816 8
      vertex -35.3815 61.089 3
      vertex -35.3815 61.089 8
    endloop
  endfacet
  facet normal 0.923861 0.382727 0
    outer loop
      vertex -35.3815 61.089 3
      vertex -35.1713 60.5816 8
      vertex -35.1713 60.5816 3
    endloop
  endfacet
  facet normal 0.382727 -0.923861 0
    outer loop
      vertex -37.4184 56.1713 3
      vertex -36.911 56.3815 8
      vertex -37.4184 56.1713 8
    endloop
  endfacet
  facet normal 0.382727 -0.923861 0
    outer loop
      vertex -36.911 56.3815 8
      vertex -37.4184 56.1713 3
      vertex -36.911 56.3815 3
    endloop
  endfacet
  facet normal -0.923861 -0.382727 0
    outer loop
      vertex -41.6185 57.911 3
      vertex -41.8287 58.4184 8
      vertex -41.8287 58.4184 3
    endloop
  endfacet
  facet normal -0.923861 -0.382727 0
    outer loop
      vertex -41.8287 58.4184 8
      vertex -41.6185 57.911 3
      vertex -41.6185 57.911 8
    endloop
  endfacet
  facet normal -0.382727 0.923861 0
    outer loop
      vertex -39.5816 62.8287 3
      vertex -40.089 62.6185 8
      vertex -39.5816 62.8287 8
    endloop
  endfacet
  facet normal -0.382727 0.923861 0
    outer loop
      vertex -40.089 62.6185 8
      vertex -39.5816 62.8287 3
      vertex -40.089 62.6185 3
    endloop
  endfacet
  facet normal 0.996916 -0.0784787 0
    outer loop
      vertex -35.0431 58.9525 8
      vertex -35 59.5 3
      vertex -35 59.5 8
    endloop
  endfacet
  facet normal 0.996916 -0.0784787 0
    outer loop
      vertex -35 59.5 3
      vertex -35.0431 58.9525 8
      vertex -35.0431 58.9525 3
    endloop
  endfacet
  facet normal 0.852651 0.522481 0
    outer loop
      vertex -35.3815 61.089 8
      vertex -35.6684 61.5572 3
      vertex -35.6684 61.5572 8
    endloop
  endfacet
  facet normal 0.852651 0.522481 0
    outer loop
      vertex -35.6684 61.5572 3
      vertex -35.3815 61.089 8
      vertex -35.3815 61.089 3
    endloop
  endfacet
  facet normal -0.852651 0.522481 0
    outer loop
      vertex -41.6185 61.089 3
      vertex -41.3316 61.5572 8
      vertex -41.3316 61.5572 3
    endloop
  endfacet
  facet normal -0.852651 0.522481 0
    outer loop
      vertex -41.3316 61.5572 8
      vertex -41.6185 61.089 3
      vertex -41.6185 61.089 8
    endloop
  endfacet
  facet normal -0.649396 0.76045 0
    outer loop
      vertex -40.5572 62.3316 3
      vertex -40.9749 61.9749 8
      vertex -40.5572 62.3316 8
    endloop
  endfacet
  facet normal -0.649396 0.76045 0
    outer loop
      vertex -40.9749 61.9749 8
      vertex -40.5572 62.3316 3
      vertex -40.9749 61.9749 3
    endloop
  endfacet
  facet normal 0.2334 -0.972381 0
    outer loop
      vertex -37.9525 56.0431 3
      vertex -37.4184 56.1713 8
      vertex -37.9525 56.0431 8
    endloop
  endfacet
  facet normal 0.2334 -0.972381 0
    outer loop
      vertex -37.4184 56.1713 8
      vertex -37.9525 56.0431 3
      vertex -37.4184 56.1713 3
    endloop
  endfacet
  facet normal -0.522481 0.852651 0
    outer loop
      vertex -40.089 62.6185 3
      vertex -40.5572 62.3316 8
      vertex -40.089 62.6185 8
    endloop
  endfacet
  facet normal -0.522481 0.852651 0
    outer loop
      vertex -40.5572 62.3316 8
      vertex -40.089 62.6185 3
      vertex -40.5572 62.3316 3
    endloop
  endfacet
  facet normal 0.923861 -0.382727 0
    outer loop
      vertex -35.3815 57.911 8
      vertex -35.1713 58.4184 3
      vertex -35.1713 58.4184 8
    endloop
  endfacet
  facet normal 0.923861 -0.382727 0
    outer loop
      vertex -35.1713 58.4184 3
      vertex -35.3815 57.911 8
      vertex -35.3815 57.911 3
    endloop
  endfacet
  facet normal 0.852701 -0.5224 0
    outer loop
      vertex -35.6684 57.4427 8
      vertex -35.3815 57.911 3
      vertex -35.3815 57.911 8
    endloop
  endfacet
  facet normal 0.852701 -0.5224 0
    outer loop
      vertex -35.3815 57.911 3
      vertex -35.6684 57.4427 8
      vertex -35.6684 57.4427 3
    endloop
  endfacet
  facet normal 0.972381 -0.2334 0
    outer loop
      vertex -35.1713 58.4184 8
      vertex -35.0431 58.9525 3
      vertex -35.0431 58.9525 8
    endloop
  endfacet
  facet normal 0.972381 -0.2334 0
    outer loop
      vertex -35.0431 58.9525 3
      vertex -35.1713 58.4184 8
      vertex -35.1713 58.4184 3
    endloop
  endfacet
  facet normal -0.2334 -0.972381 0
    outer loop
      vertex -39.5816 56.1713 3
      vertex -39.0475 56.0431 8
      vertex -39.5816 56.1713 8
    endloop
  endfacet
  facet normal -0.2334 -0.972381 -0
    outer loop
      vertex -39.0475 56.0431 8
      vertex -39.5816 56.1713 3
      vertex -39.0475 56.0431 3
    endloop
  endfacet
  facet normal 0.2334 0.972381 -0
    outer loop
      vertex -37.4184 62.8287 3
      vertex -37.9525 62.9569 8
      vertex -37.4184 62.8287 8
    endloop
  endfacet
  facet normal 0.2334 0.972381 0
    outer loop
      vertex -37.9525 62.9569 8
      vertex -37.4184 62.8287 3
      vertex -37.9525 62.9569 3
    endloop
  endfacet
  facet normal 0.649486 -0.760374 0
    outer loop
      vertex -36.4427 56.6684 3
      vertex -36.0251 57.0251 8
      vertex -36.4427 56.6684 8
    endloop
  endfacet
  facet normal 0.649486 -0.760374 0
    outer loop
      vertex -36.0251 57.0251 8
      vertex -36.4427 56.6684 3
      vertex -36.0251 57.0251 3
    endloop
  endfacet
  facet normal -0.996916 0.0784787 0
    outer loop
      vertex -42 59.5 3
      vertex -41.9569 60.0475 8
      vertex -41.9569 60.0475 3
    endloop
  endfacet
  facet normal -0.996916 0.0784787 0
    outer loop
      vertex -41.9569 60.0475 8
      vertex -42 59.5 3
      vertex -42 59.5 8
    endloop
  endfacet
  facet normal 0.5224 0.852701 -0
    outer loop
      vertex -36.4427 62.3316 3
      vertex -36.911 62.6185 8
      vertex -36.4427 62.3316 8
    endloop
  endfacet
  facet normal 0.5224 0.852701 0
    outer loop
      vertex -36.911 62.6185 8
      vertex -36.4427 62.3316 3
      vertex -36.911 62.6185 3
    endloop
  endfacet
  facet normal 0.382727 0.923861 -0
    outer loop
      vertex -36.911 62.6185 3
      vertex -37.4184 62.8287 8
      vertex -36.911 62.6185 8
    endloop
  endfacet
  facet normal 0.382727 0.923861 0
    outer loop
      vertex -37.4184 62.8287 8
      vertex -36.911 62.6185 3
      vertex -37.4184 62.8287 3
    endloop
  endfacet
  facet normal 0.760374 -0.649486 0
    outer loop
      vertex -36.0251 57.0251 8
      vertex -35.6684 57.4427 3
      vertex -35.6684 57.4427 8
    endloop
  endfacet
  facet normal 0.760374 -0.649486 0
    outer loop
      vertex -35.6684 57.4427 3
      vertex -36.0251 57.0251 8
      vertex -36.0251 57.0251 3
    endloop
  endfacet
  facet normal 0.76045 0.649396 0
    outer loop
      vertex -35.6684 61.5572 8
      vertex -36.0251 61.9749 3
      vertex -36.0251 61.9749 8
    endloop
  endfacet
  facet normal 0.76045 0.649396 0
    outer loop
      vertex -36.0251 61.9749 3
      vertex -35.6684 61.5572 8
      vertex -35.6684 61.5572 3
    endloop
  endfacet
  facet normal 0.0784787 -0.996916 0
    outer loop
      vertex -38.5 56 3
      vertex -37.9525 56.0431 8
      vertex -38.5 56 8
    endloop
  endfacet
  facet normal 0.0784787 -0.996916 0
    outer loop
      vertex -37.9525 56.0431 8
      vertex -38.5 56 3
      vertex -37.9525 56.0431 3
    endloop
  endfacet
  facet normal 0.649486 0.760374 -0
    outer loop
      vertex -36.0251 61.9749 3
      vertex -36.4427 62.3316 8
      vertex -36.0251 61.9749 8
    endloop
  endfacet
  facet normal 0.649486 0.760374 0
    outer loop
      vertex -36.4427 62.3316 8
      vertex -36.0251 61.9749 3
      vertex -36.4427 62.3316 3
    endloop
  endfacet
  facet normal -0.923861 0.382727 0
    outer loop
      vertex -41.8287 60.5816 3
      vertex -41.6185 61.089 8
      vertex -41.6185 61.089 3
    endloop
  endfacet
  facet normal -0.923861 0.382727 0
    outer loop
      vertex -41.6185 61.089 8
      vertex -41.8287 60.5816 3
      vertex -41.8287 60.5816 8
    endloop
  endfacet
  facet normal -0.760374 -0.649486 0
    outer loop
      vertex -40.9749 57.0251 3
      vertex -41.3316 57.4427 8
      vertex -41.3316 57.4427 3
    endloop
  endfacet
  facet normal -0.760374 -0.649486 0
    outer loop
      vertex -41.3316 57.4427 8
      vertex -40.9749 57.0251 3
      vertex -40.9749 57.0251 8
    endloop
  endfacet
  facet normal -0.2334 0.972381 0
    outer loop
      vertex -39.0475 62.9569 3
      vertex -39.5816 62.8287 8
      vertex -39.0475 62.9569 8
    endloop
  endfacet
  facet normal -0.2334 0.972381 0
    outer loop
      vertex -39.5816 62.8287 8
      vertex -39.0475 62.9569 3
      vertex -39.5816 62.8287 3
    endloop
  endfacet
  facet normal -0.996916 -0.0784787 0
    outer loop
      vertex -41.9569 58.9525 3
      vertex -42 59.5 8
      vertex -42 59.5 3
    endloop
  endfacet
  facet normal -0.996916 -0.0784787 0
    outer loop
      vertex -42 59.5 8
      vertex -41.9569 58.9525 3
      vertex -41.9569 58.9525 8
    endloop
  endfacet
  facet normal -0.76045 0.649396 0
    outer loop
      vertex -41.3316 61.5572 3
      vertex -40.9749 61.9749 8
      vertex -40.9749 61.9749 3
    endloop
  endfacet
  facet normal -0.76045 0.649396 0
    outer loop
      vertex -40.9749 61.9749 8
      vertex -41.3316 61.5572 3
      vertex -41.3316 61.5572 8
    endloop
  endfacet
  facet normal 0 0 1
    outer loop
      vertex -37.4 59.5 8
      vertex -35 59.5 8
      vertex -35.0431 60.0475 8
    endloop
  endfacet
  facet normal 0 0 1
    outer loop
      vertex -37.4375 59.7847 8
      vertex -35.0431 60.0475 8
      vertex -35.1713 60.5816 8
    endloop
  endfacet
  facet normal 0 0 1
    outer loop
      vertex -35 59.5 8
      vertex -37.4 59.5 8
      vertex -35.0431 58.9525 8
    endloop
  endfacet
  facet normal 0 0 1
    outer loop
      vertex -37.4375 59.7847 8
      vertex -35.1713 60.5816 8
      vertex -35.3815 61.089 8
    endloop
  endfacet
  facet normal -0 0 1
    outer loop
      vertex -37.4375 59.2153 8
      vertex -35.0431 58.9525 8
      vertex -37.4 59.5 8
    endloop
  endfacet
  facet normal 0 0 1
    outer loop
      vertex -37.5474 60.05 8
      vertex -35.3815 61.089 8
      vertex -35.6684 61.5572 8
    endloop
  endfacet
  facet normal 0 0 1
    outer loop
      vertex -35.0431 58.9525 8
      vertex -37.4375 59.2153 8
      vertex -35.1713 58.4184 8
    endloop
  endfacet
  facet normal 0 0 1
    outer loop
      vertex -37.7222 60.2778 8
      vertex -35.6684 61.5572 8
      vertex -36.0251 61.9749 8
    endloop
  endfacet
  facet normal 0 0 1
    outer loop
      vertex -35.1713 58.4184 8
      vertex -37.4375 59.2153 8
      vertex -35.3815 57.911 8
    endloop
  endfacet
  facet normal 0 0 1
    outer loop
      vertex -37.7222 60.2778 8
      vertex -36.0251 61.9749 8
      vertex -36.4427 62.3316 8
    endloop
  endfacet
  facet normal -0 0 1
    outer loop
      vertex -37.5474 58.95 8
      vertex -35.3815 57.911 8
      vertex -37.4375 59.2153 8
    endloop
  endfacet
  facet normal 0 0 1
    outer loop
      vertex -37.95 60.4526 8
      vertex -36.4427 62.3316 8
      vertex -36.911 62.6185 8
    endloop
  endfacet
  facet normal 0 0 1
    outer loop
      vertex -35.3815 57.911 8
      vertex -37.5474 58.95 8
      vertex -35.6684 57.4427 8
    endloop
  endfacet
  facet normal -0 0 1
    outer loop
      vertex -37.7222 58.7222 8
      vertex -35.6684 57.4427 8
      vertex -37.5474 58.95 8
    endloop
  endfacet
  facet normal 0 0 1
    outer loop
      vertex -37.95 60.4526 8
      vertex -36.911 62.6185 8
      vertex -37.4184 62.8287 8
    endloop
  endfacet
  facet normal 0 0 1
    outer loop
      vertex -35.0431 60.0475 8
      vertex -37.4375 59.7847 8
      vertex -37.4 59.5 8
    endloop
  endfacet
  facet normal 0 0 1
    outer loop
      vertex -35.3815 61.089 8
      vertex -37.5474 60.05 8
      vertex -37.4375 59.7847 8
    endloop
  endfacet
  facet normal 0 0 1
    outer loop
      vertex -35.6684 61.5572 8
      vertex -37.7222 60.2778 8
      vertex -37.5474 60.05 8
    endloop
  endfacet
  facet normal 0 0 1
    outer loop
      vertex -36.4427 62.3316 8
      vertex -37.95 60.4526 8
      vertex -37.7222 60.2778 8
    endloop
  endfacet
  facet normal 0 0 1
    outer loop
      vertex -38.2153 60.5625 8
      vertex -37.4184 62.8287 8
      vertex -37.9525 62.9569 8
    endloop
  endfacet
  facet normal 0 0 1
    outer loop
      vertex -37.4184 62.8287 8
      vertex -38.2153 60.5625 8
      vertex -37.95 60.4526 8
    endloop
  endfacet
  facet normal 0 0 1
    outer loop
      vertex -38.5 60.6 8
      vertex -37.9525 62.9569 8
      vertex -38.5 63 8
    endloop
  endfacet
  facet normal 0 0 1
    outer loop
      vertex -37.9525 62.9569 8
      vertex -38.5 60.6 8
      vertex -38.2153 60.5625 8
    endloop
  endfacet
  facet normal -0 0 1
    outer loop
      vertex -39.0475 62.9569 8
      vertex -38.5 60.6 8
      vertex -38.5 63 8
    endloop
  endfacet
  facet normal 0 0 1
    outer loop
      vertex -38.5 60.6 8
      vertex -39.0475 62.9569 8
      vertex -38.7847 60.5625 8
    endloop
  endfacet
  facet normal -0 0 1
    outer loop
      vertex -39.5816 62.8287 8
      vertex -38.7847 60.5625 8
      vertex -39.0475 62.9569 8
    endloop
  endfacet
  facet normal 0 0 1
    outer loop
      vertex -38.7847 60.5625 8
      vertex -39.5816 62.8287 8
      vertex -39.05 60.4526 8
    endloop
  endfacet
  facet normal -0 0 1
    outer loop
      vertex -40.089 62.6185 8
      vertex -39.05 60.4526 8
      vertex -39.5816 62.8287 8
    endloop
  endfacet
  facet normal -0 0 1
    outer loop
      vertex -40.5572 62.3316 8
      vertex -39.05 60.4526 8
      vertex -40.089 62.6185 8
    endloop
  endfacet
  facet normal 0 0 1
    outer loop
      vertex -39.05 60.4526 8
      vertex -40.5572 62.3316 8
      vertex -39.2778 60.2778 8
    endloop
  endfacet
  facet normal -0 0 1
    outer loop
      vertex -40.9749 61.9749 8
      vertex -39.2778 60.2778 8
      vertex -40.5572 62.3316 8
    endloop
  endfacet
  facet normal -0 0 1
    outer loop
      vertex -41.3316 61.5572 8
      vertex -39.2778 60.2778 8
      vertex -40.9749 61.9749 8
    endloop
  endfacet
  facet normal 0 0 1
    outer loop
      vertex -35.6684 57.4427 8
      vertex -37.7222 58.7222 8
      vertex -36.0251 57.0251 8
    endloop
  endfacet
  facet normal 0 0 1
    outer loop
      vertex -36.0251 57.0251 8
      vertex -37.7222 58.7222 8
      vertex -36.4427 56.6684 8
    endloop
  endfacet
  facet normal -0 0 1
    outer loop
      vertex -37.95 58.5474 8
      vertex -36.4427 56.6684 8
      vertex -37.7222 58.7222 8
    endloop
  endfacet
  facet normal 0 0 1
    outer loop
      vertex -36.4427 56.6684 8
      vertex -37.95 58.5474 8
      vertex -36.911 56.3815 8
    endloop
  endfacet
  facet normal 0 0 1
    outer loop
      vertex -36.911 56.3815 8
      vertex -37.95 58.5474 8
      vertex -37.4184 56.1713 8
    endloop
  endfacet
  facet normal -0 0 1
    outer loop
      vertex -38.2153 58.4375 8
      vertex -37.4184 56.1713 8
      vertex -37.95 58.5474 8
    endloop
  endfacet
  facet normal 0 0 1
    outer loop
      vertex -37.4184 56.1713 8
      vertex -38.2153 58.4375 8
      vertex -37.9525 56.0431 8
    endloop
  endfacet
  facet normal -0 0 1
    outer loop
      vertex -38.5 58.4 8
      vertex -37.9525 56.0431 8
      vertex -38.2153 58.4375 8
    endloop
  endfacet
  facet normal 0 0 1
    outer loop
      vertex -38.5 58.4 8
      vertex -38.5 56 8
      vertex -37.9525 56.0431 8
    endloop
  endfacet
  facet normal 0 0 1
    outer loop
      vertex -39.0475 56.0431 8
      vertex -38.5 58.4 8
      vertex -38.7847 58.4375 8
    endloop
  endfacet
  facet normal 0 0 1
    outer loop
      vertex -38.5 58.4 8
      vertex -39.0475 56.0431 8
      vertex -38.5 56 8
    endloop
  endfacet
  facet normal 0 0 1
    outer loop
      vertex -39.5816 56.1713 8
      vertex -38.7847 58.4375 8
      vertex -39.05 58.5474 8
    endloop
  endfacet
  facet normal 0 0 1
    outer loop
      vertex -40.5572 56.6684 8
      vertex -39.05 58.5474 8
      vertex -39.2778 58.7222 8
    endloop
  endfacet
  facet normal 0 0 1
    outer loop
      vertex -41.3316 57.4427 8
      vertex -39.2778 58.7222 8
      vertex -39.4526 58.95 8
    endloop
  endfacet
  facet normal 0 0 1
    outer loop
      vertex -41.6185 57.911 8
      vertex -39.4526 58.95 8
      vertex -39.5625 59.2153 8
    endloop
  endfacet
  facet normal 0 0 1
    outer loop
      vertex -38.7847 58.4375 8
      vertex -39.5816 56.1713 8
      vertex -39.0475 56.0431 8
    endloop
  endfacet
  facet normal 0 0 1
    outer loop
      vertex -41.9569 58.9525 8
      vertex -39.5625 59.2153 8
      vertex -39.6 59.5 8
    endloop
  endfacet
  facet normal 0 0 1
    outer loop
      vertex -39.2778 60.2778 8
      vertex -41.3316 61.5572 8
      vertex -39.4526 60.05 8
    endloop
  endfacet
  facet normal 0 0 1
    outer loop
      vertex -39.05 58.5474 8
      vertex -40.089 56.3815 8
      vertex -39.5816 56.1713 8
    endloop
  endfacet
  facet normal -0 0 1
    outer loop
      vertex -41.6185 61.089 8
      vertex -39.4526 60.05 8
      vertex -41.3316 61.5572 8
    endloop
  endfacet
  facet normal 0 0 1
    outer loop
      vertex -39.05 58.5474 8
      vertex -40.5572 56.6684 8
      vertex -40.089 56.3815 8
    endloop
  endfacet
  facet normal 0 0 1
    outer loop
      vertex -39.4526 60.05 8
      vertex -41.6185 61.089 8
      vertex -39.5625 59.7847 8
    endloop
  endfacet
  facet normal 0 0 1
    outer loop
      vertex -39.2778 58.7222 8
      vertex -40.9749 57.0251 8
      vertex -40.5572 56.6684 8
    endloop
  endfacet
  facet normal -0 0 1
    outer loop
      vertex -41.8287 60.5816 8
      vertex -39.5625 59.7847 8
      vertex -41.6185 61.089 8
    endloop
  endfacet
  facet normal 0 0 1
    outer loop
      vertex -39.2778 58.7222 8
      vertex -41.3316 57.4427 8
      vertex -40.9749 57.0251 8
    endloop
  endfacet
  facet normal -0 0 1
    outer loop
      vertex -41.9569 60.0475 8
      vertex -39.5625 59.7847 8
      vertex -41.8287 60.5816 8
    endloop
  endfacet
  facet normal 0 0 1
    outer loop
      vertex -39.4526 58.95 8
      vertex -41.6185 57.911 8
      vertex -41.3316 57.4427 8
    endloop
  endfacet
  facet normal 0 0 1
    outer loop
      vertex -39.5625 59.7847 8
      vertex -41.9569 60.0475 8
      vertex -39.6 59.5 8
    endloop
  endfacet
  facet normal 0 0 1
    outer loop
      vertex -39.5625 59.2153 8
      vertex -41.8287 58.4184 8
      vertex -41.6185 57.911 8
    endloop
  endfacet
  facet normal 0 0 1
    outer loop
      vertex -42 59.5 8
      vertex -39.6 59.5 8
      vertex -41.9569 60.0475 8
    endloop
  endfacet
  facet normal 0 0 1
    outer loop
      vertex -39.5625 59.2153 8
      vertex -41.9569 58.9525 8
      vertex -41.8287 58.4184 8
    endloop
  endfacet
  facet normal 0 0 1
    outer loop
      vertex -39.6 59.5 8
      vertex -42 59.5 8
      vertex -41.9569 58.9525 8
    endloop
  endfacet
  facet normal -0.852701 -0.5224 0
    outer loop
      vertex -41.3316 57.4427 3
      vertex -41.6185 57.911 8
      vertex -41.6185 57.911 3
    endloop
  endfacet
  facet normal -0.852701 -0.5224 0
    outer loop
      vertex -41.6185 57.911 8
      vertex -41.3316 57.4427 3
      vertex -41.3316 57.4427 8
    endloop
  endfacet
  facet normal 0.5224 -0.852701 0
    outer loop
      vertex -36.911 56.3815 3
      vertex -36.4427 56.6684 8
      vertex -36.911 56.3815 8
    endloop
  endfacet
  facet normal 0.5224 -0.852701 0
    outer loop
      vertex -36.4427 56.6684 8
      vertex -36.911 56.3815 3
      vertex -36.4427 56.6684 3
    endloop
  endfacet
  facet normal 0.0784787 0.996916 -0
    outer loop
      vertex -37.9525 62.9569 3
      vertex -38.5 63 8
      vertex -37.9525 62.9569 8
    endloop
  endfacet
  facet normal 0.0784787 0.996916 0
    outer loop
      vertex -38.5 63 8
      vertex -37.9525 62.9569 3
      vertex -38.5 63 3
    endloop
  endfacet
  facet normal -0.972381 0.2334 0
    outer loop
      vertex -41.9569 60.0475 3
      vertex -41.8287 60.5816 8
      vertex -41.8287 60.5816 3
    endloop
  endfacet
  facet normal -0.972381 0.2334 0
    outer loop
      vertex -41.8287 60.5816 8
      vertex -41.9569 60.0475 3
      vertex -41.9569 60.0475 8
    endloop
  endfacet
  facet normal -0.382727 -0.923861 0
    outer loop
      vertex -40.089 56.3815 3
      vertex -39.5816 56.1713 8
      vertex -40.089 56.3815 8
    endloop
  endfacet
  facet normal -0.382727 -0.923861 -0
    outer loop
      vertex -39.5816 56.1713 8
      vertex -40.089 56.3815 3
      vertex -39.5816 56.1713 3
    endloop
  endfacet
  facet normal -0.972381 -0.2334 0
    outer loop
      vertex -41.8287 58.4184 3
      vertex -41.9569 58.9525 8
      vertex -41.9569 58.9525 3
    endloop
  endfacet
  facet normal -0.972381 -0.2334 0
    outer loop
      vertex -41.9569 58.9525 8
      vertex -41.8287 58.4184 3
      vertex -41.8287 58.4184 8
    endloop
  endfacet
  facet normal -0.649396 -0.76045 0
    outer loop
      vertex -40.9749 57.0251 3
      vertex -40.5572 56.6684 8
      vertex -40.9749 57.0251 8
    endloop
  endfacet
  facet normal -0.649396 -0.76045 -0
    outer loop
      vertex -40.5572 56.6684 8
      vertex -40.9749 57.0251 3
      vertex -40.5572 56.6684 3
    endloop
  endfacet
  facet normal -0.0784787 -0.996916 0
    outer loop
      vertex -39.0475 56.0431 3
      vertex -38.5 56 8
      vertex -39.0475 56.0431 8
    endloop
  endfacet
  facet normal -0.0784787 -0.996916 -0
    outer loop
      vertex -38.5 56 8
      vertex -39.0475 56.0431 3
      vertex -38.5 56 3
    endloop
  endfacet
  facet normal -0.707107 0 -0.707107
    outer loop
      vertex -111.65 29.65 0
      vertex -120.65 26.2354 9
      vertex -117.15 29.65 5.5
    endloop
  endfacet
  facet normal -0.707107 0 -0.707107
    outer loop
      vertex -111.65 29.65 0
      vertex -120.65 9.06464 9
      vertex -120.65 26.2354 9
    endloop
  endfacet
  facet normal -0.707107 0 -0.707107
    outer loop
      vertex -111.65 5.65 0
      vertex -120.65 9.06464 9
      vertex -111.65 29.65 0
    endloop
  endfacet
  facet normal -0.707107 0 -0.707107
    outer loop
      vertex -120.65 9.06464 9
      vertex -111.65 5.65 0
      vertex -117.15 5.65 5.5
    endloop
  endfacet
  facet normal -0 0 1
    outer loop
      vertex -120.65 25.7476 9.5
      vertex -110.15 9.55245 9.5
      vertex -110.15 25.7476 9.5
    endloop
  endfacet
  facet normal 0 0 1
    outer loop
      vertex -110.15 9.55245 9.5
      vertex -120.65 25.7476 9.5
      vertex -120.65 9.55245 9.5
    endloop
  endfacet
  facet normal -1 0 0
    outer loop
      vertex -120.65 26.2354 9
      vertex -120.65 9.55245 9.5
      vertex -120.65 25.7476 9.5
    endloop
  endfacet
  facet normal -1 0 -0
    outer loop
      vertex -120.65 9.55245 9.5
      vertex -120.65 26.2354 9
      vertex -120.65 9.06464 9
    endloop
  endfacet
  facet normal 0 1 0
    outer loop
      vertex -111.65 29.65 0
      vertex -110.15 29.65 5.5
      vertex -110.15 29.65 0
    endloop
  endfacet
  facet normal 0 1 0
    outer loop
      vertex -110.15 29.65 5.5
      vertex -111.65 29.65 0
      vertex -117.15 29.65 5.5
    endloop
  endfacet
  facet normal 0 -1 0
    outer loop
      vertex -111.65 5.65 0
      vertex -110.15 5.65 5.5
      vertex -117.15 5.65 5.5
    endloop
  endfacet
  facet normal 0 -1 -0
    outer loop
      vertex -110.15 5.65 5.5
      vertex -111.65 5.65 0
      vertex -110.15 5.65 0
    endloop
  endfacet
  facet normal 6.13524e-06 -0.715778 0.698328
    outer loop
      vertex -117.15 5.65 5.5
      vertex -120.65 9.55245 9.5
      vertex -120.65 9.06464 9
    endloop
  endfacet
  facet normal 0 -0.715781 0.698325
    outer loop
      vertex -120.65 9.55245 9.5
      vertex -117.15 5.65 5.5
      vertex -110.15 9.55245 9.5
    endloop
  endfacet
  facet normal 0 -0.715781 0.698325
    outer loop
      vertex -110.15 9.55245 9.5
      vertex -117.15 5.65 5.5
      vertex -110.15 5.65 5.5
    endloop
  endfacet
  facet normal 0 0.715785 0.69832
    outer loop
      vertex -117.15 29.65 5.5
      vertex -120.65 25.7476 9.5
      vertex -110.15 25.7476 9.5
    endloop
  endfacet
  facet normal -0 0.715785 0.69832
    outer loop
      vertex -117.15 29.65 5.5
      vertex -110.15 25.7476 9.5
      vertex -110.15 29.65 5.5
    endloop
  endfacet
  facet normal 0 0.715785 0.69832
    outer loop
      vertex -120.65 25.7476 9.5
      vertex -117.15 29.65 5.5
      vertex -120.65 26.2354 9
    endloop
  endfacet
  facet normal -0.707107 0 -0.707107
    outer loop
      vertex -111.65 68.45 0
      vertex -120.65 65.0354 9
      vertex -117.15 68.45 5.5
    endloop
  endfacet
  facet normal -0.707107 0 -0.707107
    outer loop
      vertex -111.65 68.45 0
      vertex -120.65 47.8646 9
      vertex -120.65 65.0354 9
    endloop
  endfacet
  facet normal -0.707107 0 -0.707107
    outer loop
      vertex -111.65 44.45 0
      vertex -120.65 47.8646 9
      vertex -111.65 68.45 0
    endloop
  endfacet
  facet normal -0.707107 0 -0.707107
    outer loop
      vertex -120.65 47.8646 9
      vertex -111.65 44.45 0
      vertex -117.15 44.45 5.5
    endloop
  endfacet
  facet normal -0 0 1
    outer loop
      vertex -120.65 64.5476 9.5
      vertex -110.15 48.3524 9.5
      vertex -110.15 64.5476 9.5
    endloop
  endfacet
  facet normal 0 0 1
    outer loop
      vertex -110.15 48.3524 9.5
      vertex -120.65 64.5476 9.5
      vertex -120.65 48.3524 9.5
    endloop
  endfacet
  facet normal -1 0 0
    outer loop
      vertex -120.65 65.0354 9
      vertex -120.65 48.3524 9.5
      vertex -120.65 64.5476 9.5
    endloop
  endfacet
  facet normal -1 0 -0
    outer loop
      vertex -120.65 48.3524 9.5
      vertex -120.65 65.0354 9
      vertex -120.65 47.8646 9
    endloop
  endfacet
  facet normal 0 1 0
    outer loop
      vertex -111.65 68.45 0
      vertex -110.15 68.45 5.5
      vertex -110.15 68.45 0
    endloop
  endfacet
  facet normal 0 1 0
    outer loop
      vertex -110.15 68.45 5.5
      vertex -111.65 68.45 0
      vertex -117.15 68.45 5.5
    endloop
  endfacet
  facet normal 0 -1 0
    outer loop
      vertex -111.65 44.45 0
      vertex -110.15 44.45 5.5
      vertex -117.15 44.45 5.5
    endloop
  endfacet
  facet normal 0 -1 -0
    outer loop
      vertex -110.15 44.45 5.5
      vertex -111.65 44.45 0
      vertex -110.15 44.45 0
    endloop
  endfacet
  facet normal 0 -0.715785 0.69832
    outer loop
      vertex -117.15 44.45 5.5
      vertex -120.65 48.3524 9.5
      vertex -120.65 47.8646 9
    endloop
  endfacet
  facet normal 0 -0.715785 0.69832
    outer loop
      vertex -120.65 48.3524 9.5
      vertex -117.15 44.45 5.5
      vertex -110.15 48.3524 9.5
    endloop
  endfacet
  facet normal 0 -0.715785 0.69832
    outer loop
      vertex -110.15 48.3524 9.5
      vertex -117.15 44.45 5.5
      vertex -110.15 44.45 5.5
    endloop
  endfacet
  facet normal 0 0.715785 0.69832
    outer loop
      vertex -117.15 68.45 5.5
      vertex -120.65 64.5476 9.5
      vertex -110.15 64.5476 9.5
    endloop
  endfacet
  facet normal -0 0.715785 0.69832
    outer loop
      vertex -117.15 68.45 5.5
      vertex -110.15 64.5476 9.5
      vertex -110.15 68.45 5.5
    endloop
  endfacet
  facet normal -1.16251e-14 0.715785 0.69832
    outer loop
      vertex -120.65 64.5476 9.5
      vertex -117.15 68.45 5.5
      vertex -120.65 65.0354 9
    endloop
  endfacet
  facet normal 0.707107 0 -0.707107
    outer loop
      vertex 120.65 26.2354 9
      vertex 111.65 29.65 0
      vertex 117.15 29.65 5.5
    endloop
  endfacet
  facet normal 0.707107 0 -0.707107
    outer loop
      vertex 120.65 9.06464 9
      vertex 111.65 29.65 0
      vertex 120.65 26.2354 9
    endloop
  endfacet
  facet normal 0.707107 0 -0.707107
    outer loop
      vertex 111.65 5.65 0
      vertex 120.65 9.06464 9
      vertex 117.15 5.65 5.5
    endloop
  endfacet
  facet normal 0.707107 0 -0.707107
    outer loop
      vertex 120.65 9.06464 9
      vertex 111.65 5.65 0
      vertex 111.65 29.65 0
    endloop
  endfacet
  facet normal -0 0 1
    outer loop
      vertex 110.15 25.7476 9.5
      vertex 120.65 9.55245 9.5
      vertex 120.65 25.7476 9.5
    endloop
  endfacet
  facet normal 0 0 1
    outer loop
      vertex 120.65 9.55245 9.5
      vertex 110.15 25.7476 9.5
      vertex 110.15 9.55245 9.5
    endloop
  endfacet
  facet normal 1 -0 0
    outer loop
      vertex 120.65 9.55245 9.5
      vertex 120.65 26.2354 9
      vertex 120.65 25.7476 9.5
    endloop
  endfacet
  facet normal 1 0 0
    outer loop
      vertex 120.65 26.2354 9
      vertex 120.65 9.55245 9.5
      vertex 120.65 9.06464 9
    endloop
  endfacet
  facet normal 0 1 -0
    outer loop
      vertex 111.65 29.65 0
      vertex 110.15 29.65 5.5
      vertex 117.15 29.65 5.5
    endloop
  endfacet
  facet normal 0 1 0
    outer loop
      vertex 110.15 29.65 5.5
      vertex 111.65 29.65 0
      vertex 110.15 29.65 0
    endloop
  endfacet
  facet normal 0 -1 0
    outer loop
      vertex 111.65 5.65 0
      vertex 110.15 5.65 5.5
      vertex 110.15 5.65 0
    endloop
  endfacet
  facet normal 0 -1 0
    outer loop
      vertex 110.15 5.65 5.5
      vertex 111.65 5.65 0
      vertex 117.15 5.65 5.5
    endloop
  endfacet
  facet normal 0 -0.715781 0.698325
    outer loop
      vertex 117.15 5.65 5.5
      vertex 120.65 9.55245 9.5
      vertex 110.15 9.55245 9.5
    endloop
  endfacet
  facet normal 0 -0.715781 0.698325
    outer loop
      vertex 117.15 5.65 5.5
      vertex 110.15 9.55245 9.5
      vertex 110.15 5.65 5.5
    endloop
  endfacet
  facet normal -6.13524e-06 -0.715778 0.698328
    outer loop
      vertex 120.65 9.55245 9.5
      vertex 117.15 5.65 5.5
      vertex 120.65 9.06464 9
    endloop
  endfacet
  facet normal 0 0.715785 0.69832
    outer loop
      vertex 117.15 29.65 5.5
      vertex 120.65 25.7476 9.5
      vertex 120.65 26.2354 9
    endloop
  endfacet
  facet normal 0 0.715785 0.69832
    outer loop
      vertex 120.65 25.7476 9.5
      vertex 117.15 29.65 5.5
      vertex 110.15 25.7476 9.5
    endloop
  endfacet
  facet normal 0 0.715785 0.69832
    outer loop
      vertex 110.15 25.7476 9.5
      vertex 117.15 29.65 5.5
      vertex 110.15 29.65 5.5
    endloop
  endfacet
  facet normal 0.707107 0 -0.707107
    outer loop
      vertex 120.65 65.0354 9
      vertex 111.65 68.45 0
      vertex 117.15 68.45 5.5
    endloop
  endfacet
  facet normal 0.707107 0 -0.707107
    outer loop
      vertex 120.65 47.8646 9
      vertex 111.65 68.45 0
      vertex 120.65 65.0354 9
    endloop
  endfacet
  facet normal 0.707107 0 -0.707107
    outer loop
      vertex 111.65 44.45 0
      vertex 120.65 47.8646 9
      vertex 117.15 44.45 5.5
    endloop
  endfacet
  facet normal 0.707107 0 -0.707107
    outer loop
      vertex 120.65 47.8646 9
      vertex 111.65 44.45 0
      vertex 111.65 68.45 0
    endloop
  endfacet
  facet normal -0 0 1
    outer loop
      vertex 110.15 64.5476 9.5
      vertex 120.65 48.3524 9.5
      vertex 120.65 64.5476 9.5
    endloop
  endfacet
  facet normal 0 0 1
    outer loop
      vertex 120.65 48.3524 9.5
      vertex 110.15 64.5476 9.5
      vertex 110.15 48.3524 9.5
    endloop
  endfacet
  facet normal 1 -0 0
    outer loop
      vertex 120.65 48.3524 9.5
      vertex 120.65 65.0354 9
      vertex 120.65 64.5476 9.5
    endloop
  endfacet
  facet normal 1 0 0
    outer loop
      vertex 120.65 65.0354 9
      vertex 120.65 48.3524 9.5
      vertex 120.65 47.8646 9
    endloop
  endfacet
  facet normal 0 1 -0
    outer loop
      vertex 111.65 68.45 0
      vertex 110.15 68.45 5.5
      vertex 117.15 68.45 5.5
    endloop
  endfacet
  facet normal 0 1 0
    outer loop
      vertex 110.15 68.45 5.5
      vertex 111.65 68.45 0
      vertex 110.15 68.45 0
    endloop
  endfacet
  facet normal 0 -1 0
    outer loop
      vertex 111.65 44.45 0
      vertex 110.15 44.45 5.5
      vertex 110.15 44.45 0
    endloop
  endfacet
  facet normal 0 -1 0
    outer loop
      vertex 110.15 44.45 5.5
      vertex 111.65 44.45 0
      vertex 117.15 44.45 5.5
    endloop
  endfacet
  facet normal 0 -0.715785 0.69832
    outer loop
      vertex 117.15 44.45 5.5
      vertex 120.65 48.3524 9.5
      vertex 110.15 48.3524 9.5
    endloop
  endfacet
  facet normal 0 -0.715785 0.69832
    outer loop
      vertex 117.15 44.45 5.5
      vertex 110.15 48.3524 9.5
      vertex 110.15 44.45 5.5
    endloop
  endfacet
  facet normal 0 -0.715785 0.69832
    outer loop
      vertex 120.65 48.3524 9.5
      vertex 117.15 44.45 5.5
      vertex 120.65 47.8646 9
    endloop
  endfacet
  facet normal 1.16251e-14 0.715785 0.69832
    outer loop
      vertex 117.15 68.45 5.5
      vertex 120.65 64.5476 9.5
      vertex 120.65 65.0354 9
    endloop
  endfacet
  facet normal 0 0.715785 0.69832
    outer loop
      vertex 120.65 64.5476 9.5
      vertex 117.15 68.45 5.5
      vertex 110.15 64.5476 9.5
    endloop
  endfacet
  facet normal 0 0.715785 0.69832
    outer loop
      vertex 110.15 64.5476 9.5
      vertex 117.15 68.45 5.5
      vertex 110.15 68.45 5.5
    endloop
  endfacet
  facet normal -0 0 1
    outer loop
      vertex -93.3815 57.911 3
      vertex -90 53 3
      vertex -93.1713 58.4184 3
    endloop
  endfacet
  facet normal 0 0 1
    outer loop
      vertex -90 17 3
      vertex -93.0431 11.0475 3
      vertex -93 10.5 3
    endloop
  endfacet
  facet normal 0 0 1
    outer loop
      vertex -90 53 3
      vertex -96.15 40 3
      vertex -90 17 3
    endloop
  endfacet
  facet normal 0 0 1
    outer loop
      vertex -90 17 3
      vertex -93.1713 11.5816 3
      vertex -93.0431 11.0475 3
    endloop
  endfacet
  facet normal -0 0 1
    outer loop
      vertex -93.6684 57.4427 3
      vertex -90 53 3
      vertex -93.3815 57.911 3
    endloop
  endfacet
  facet normal -0 0 1
    outer loop
      vertex -100.15 40 3
      vertex -90 17 3
      vertex -96.15 40 3
    endloop
  endfacet
  facet normal -0 0 1
    outer loop
      vertex -94.0251 57.0251 3
      vertex -90 53 3
      vertex -93.6684 57.4427 3
    endloop
  endfacet
  facet normal 0 0 1
    outer loop
      vertex -90 17 3
      vertex -93.3815 12.089 3
      vertex -93.1713 11.5816 3
    endloop
  endfacet
  facet normal -0 0 1
    outer loop
      vertex -94.4427 56.6684 3
      vertex -90 53 3
      vertex -94.0251 57.0251 3
    endloop
  endfacet
  facet normal 0 0 1
    outer loop
      vertex -90 17 3
      vertex -93.6684 12.5572 3
      vertex -93.3815 12.089 3
    endloop
  endfacet
  facet normal -0 0 1
    outer loop
      vertex -94.911 56.3815 3
      vertex -90 53 3
      vertex -94.4427 56.6684 3
    endloop
  endfacet
  facet normal 0 0 1
    outer loop
      vertex -90 17 3
      vertex -94.0251 12.9749 3
      vertex -93.6684 12.5572 3
    endloop
  endfacet
  facet normal -0 0 1
    outer loop
      vertex -95.4184 56.1713 3
      vertex -90 53 3
      vertex -94.911 56.3815 3
    endloop
  endfacet
  facet normal 0 0 1
    outer loop
      vertex -90 17 3
      vertex -94.4427 13.3316 3
      vertex -94.0251 12.9749 3
    endloop
  endfacet
  facet normal -0 0 1
    outer loop
      vertex -95.9525 56.0431 3
      vertex -90 53 3
      vertex -95.4184 56.1713 3
    endloop
  endfacet
  facet normal 0 0 1
    outer loop
      vertex -90 17 3
      vertex -94.911 13.6185 3
      vertex -94.4427 13.3316 3
    endloop
  endfacet
  facet normal 0 0 1
    outer loop
      vertex -90 53 3
      vertex -95.9525 56.0431 3
      vertex -96.15 46 3
    endloop
  endfacet
  facet normal 0 0 1
    outer loop
      vertex -90 17 3
      vertex -95.4184 13.8287 3
      vertex -94.911 13.6185 3
    endloop
  endfacet
  facet normal 0 0 1
    outer loop
      vertex -90 53 3
      vertex -96.15 46 3
      vertex -96.15 40 3
    endloop
  endfacet
  facet normal -0 0 1
    outer loop
      vertex -96.5 56 3
      vertex -96.15 46 3
      vertex -95.9525 56.0431 3
    endloop
  endfacet
  facet normal 0 0 1
    outer loop
      vertex -97.0475 56.0431 3
      vertex -96.15 46 3
      vertex -96.5 56 3
    endloop
  endfacet
  facet normal 0 0 1
    outer loop
      vertex -100.15 46 3
      vertex -97.0475 56.0431 3
      vertex -97.5816 56.1713 3
    endloop
  endfacet
  facet normal 0 0 1
    outer loop
      vertex -100.15 46 3
      vertex -97.5816 56.1713 3
      vertex -98.089 56.3815 3
    endloop
  endfacet
  facet normal 0 0 1
    outer loop
      vertex -100.15 46 3
      vertex -98.089 56.3815 3
      vertex -98.5573 56.6684 3
    endloop
  endfacet
  facet normal 0 0 1
    outer loop
      vertex -100.15 46 3
      vertex -98.5573 56.6684 3
      vertex -98.9749 57.0251 3
    endloop
  endfacet
  facet normal 0 0 1
    outer loop
      vertex -100.15 46 3
      vertex -98.9749 57.0251 3
      vertex -99.3316 57.4427 3
    endloop
  endfacet
  facet normal 0 0 1
    outer loop
      vertex -100.15 46 3
      vertex -99.3316 57.4427 3
      vertex -99.6185 57.911 3
    endloop
  endfacet
  facet normal 0 0 1
    outer loop
      vertex -100.15 46 3
      vertex -99.6185 57.911 3
      vertex -99.8287 58.4184 3
    endloop
  endfacet
  facet normal 0 0 1
    outer loop
      vertex -97.0475 56.0431 3
      vertex -100.15 46 3
      vertex -96.15 46 3
    endloop
  endfacet
  facet normal 0 0 1
    outer loop
      vertex -99.9569 58.9525 3
      vertex -100.15 46 3
      vertex -99.8287 58.4184 3
    endloop
  endfacet
  facet normal 0 0 1
    outer loop
      vertex -106.15 75 3
      vertex -99.9569 58.9525 3
      vertex -100 59.5 3
    endloop
  endfacet
  facet normal 0 0 1
    outer loop
      vertex -35.3815 57.911 3
      vertex -31 65 3
      vertex -35.1713 58.4184 3
    endloop
  endfacet
  facet normal 0 0 1
    outer loop
      vertex -31 5 3
      vertex -35.0431 11.0475 3
      vertex -35 10.5 3
    endloop
  endfacet
  facet normal 0 0 1
    outer loop
      vertex -31 65 3
      vertex -35.3815 57.911 3
      vertex -31 5 3
    endloop
  endfacet
  facet normal 0 0 1
    outer loop
      vertex -31 5 3
      vertex -35.1713 11.5816 3
      vertex -35.0431 11.0475 3
    endloop
  endfacet
  facet normal -0 0 1
    outer loop
      vertex -35.3815 12.089 3
      vertex -31 5 3
      vertex -35.3815 57.911 3
    endloop
  endfacet
  facet normal 0 0 1
    outer loop
      vertex -31 5 3
      vertex -35.3815 12.089 3
      vertex -35.1713 11.5816 3
    endloop
  endfacet
  facet normal -0 0 1
    outer loop
      vertex -35.6684 57.4427 3
      vertex -35.3815 12.089 3
      vertex -35.3815 57.911 3
    endloop
  endfacet
  facet normal 0 0 1
    outer loop
      vertex -35.6684 57.4427 3
      vertex -35.6684 12.5572 3
      vertex -35.3815 12.089 3
    endloop
  endfacet
  facet normal -0 0 1
    outer loop
      vertex -36.0251 57.0251 3
      vertex -35.6684 12.5572 3
      vertex -35.6684 57.4427 3
    endloop
  endfacet
  facet normal 0 0 1
    outer loop
      vertex -36.0251 57.0251 3
      vertex -36.0251 12.9749 3
      vertex -35.6684 12.5572 3
    endloop
  endfacet
  facet normal -0 0 1
    outer loop
      vertex -36.4427 56.6684 3
      vertex -36.0251 12.9749 3
      vertex -36.0251 57.0251 3
    endloop
  endfacet
  facet normal 0 0 1
    outer loop
      vertex -36.4427 56.6684 3
      vertex -36.4427 13.3316 3
      vertex -36.0251 12.9749 3
    endloop
  endfacet
  facet normal -0 0 1
    outer loop
      vertex -36.911 56.3815 3
      vertex -36.4427 13.3316 3
      vertex -36.4427 56.6684 3
    endloop
  endfacet
  facet normal 0 0 1
    outer loop
      vertex -36.911 56.3815 3
      vertex -36.911 13.6185 3
      vertex -36.4427 13.3316 3
    endloop
  endfacet
  facet normal -0 0 1
    outer loop
      vertex -37.4184 56.1713 3
      vertex -36.911 13.6185 3
      vertex -36.911 56.3815 3
    endloop
  endfacet
  facet normal 0 0 1
    outer loop
      vertex -37.4184 56.1713 3
      vertex -37.4184 13.8287 3
      vertex -36.911 13.6185 3
    endloop
  endfacet
  facet normal -0 0 1
    outer loop
      vertex -37.9525 56.0431 3
      vertex -37.4184 13.8287 3
      vertex -37.4184 56.1713 3
    endloop
  endfacet
  facet normal 0 0 1
    outer loop
      vertex -37.9525 56.0431 3
      vertex -37.9525 13.9569 3
      vertex -37.4184 13.8287 3
    endloop
  endfacet
  facet normal 0 0 1
    outer loop
      vertex -45 53 3
      vertex -37.9525 56.0431 3
      vertex -38.5 56 3
    endloop
  endfacet
  facet normal 0 0 1
    outer loop
      vertex -37.9525 56.0431 3
      vertex -45 53 3
      vertex -37.9525 13.9569 3
    endloop
  endfacet
  facet normal 0 0 1
    outer loop
      vertex -45 53 3
      vertex -38.5 56 3
      vertex -39.0475 56.0431 3
    endloop
  endfacet
  facet normal -0 0 1
    outer loop
      vertex -45 17 3
      vertex -37.9525 13.9569 3
      vertex -45 53 3
    endloop
  endfacet
  facet normal 0 0 1
    outer loop
      vertex -45 53 3
      vertex -39.0475 56.0431 3
      vertex -39.5816 56.1713 3
    endloop
  endfacet
  facet normal 0 0 1
    outer loop
      vertex -37.9525 13.9569 3
      vertex -45 17 3
      vertex -38.5 14 3
    endloop
  endfacet
  facet normal 0 0 1
    outer loop
      vertex -45 53 3
      vertex -39.5816 56.1713 3
      vertex -40.089 56.3815 3
    endloop
  endfacet
  facet normal 0 0 1
    outer loop
      vertex -38.5 14 3
      vertex -45 17 3
      vertex -39.0475 13.9569 3
    endloop
  endfacet
  facet normal 0 0 1
    outer loop
      vertex -45 53 3
      vertex -40.089 56.3815 3
      vertex -40.5572 56.6684 3
    endloop
  endfacet
  facet normal 0 0 1
    outer loop
      vertex -39.0475 13.9569 3
      vertex -45 17 3
      vertex -39.5816 13.8287 3
    endloop
  endfacet
  facet normal 0 0 1
    outer loop
      vertex -45 53 3
      vertex -40.5572 56.6684 3
      vertex -40.9749 57.0251 3
    endloop
  endfacet
  facet normal 0 0 1
    outer loop
      vertex -39.5816 13.8287 3
      vertex -45 17 3
      vertex -40.089 13.6185 3
    endloop
  endfacet
  facet normal 0 0 1
    outer loop
      vertex -45 53 3
      vertex -40.9749 57.0251 3
      vertex -41.3316 57.4427 3
    endloop
  endfacet
  facet normal 0 0 1
    outer loop
      vertex -40.089 13.6185 3
      vertex -45 17 3
      vertex -40.5572 13.3316 3
    endloop
  endfacet
  facet normal 0 0 1
    outer loop
      vertex -45 53 3
      vertex -41.3316 57.4427 3
      vertex -41.6185 57.911 3
    endloop
  endfacet
  facet normal 0 0 1
    outer loop
      vertex -40.5572 13.3316 3
      vertex -45 17 3
      vertex -40.9749 12.9749 3
    endloop
  endfacet
  facet normal 0 0 1
    outer loop
      vertex -45 53 3
      vertex -41.6185 57.911 3
      vertex -41.8287 58.4184 3
    endloop
  endfacet
  facet normal 0 0 1
    outer loop
      vertex -40.9749 12.9749 3
      vertex -45 17 3
      vertex -41.3316 12.5572 3
    endloop
  endfacet
  facet normal 0 0 1
    outer loop
      vertex -45 53 3
      vertex -41.8287 58.4184 3
      vertex -41.9569 58.9525 3
    endloop
  endfacet
  facet normal 0 0 1
    outer loop
      vertex -41.3316 12.5572 3
      vertex -45 17 3
      vertex -41.6185 12.089 3
    endloop
  endfacet
  facet normal 0 0 1
    outer loop
      vertex -45 53 3
      vertex -41.9569 58.9525 3
      vertex -42 59.5 3
    endloop
  endfacet
  facet normal 0 0 1
    outer loop
      vertex -41.6185 12.089 3
      vertex -45 17 3
      vertex -41.8287 11.5816 3
    endloop
  endfacet
  facet normal 0 0 1
    outer loop
      vertex -90 17 3
      vertex -95.9525 13.9569 3
      vertex -95.4184 13.8287 3
    endloop
  endfacet
  facet normal 0 0 1
    outer loop
      vertex -90 17 3
      vertex -96.5 14 3
      vertex -95.9525 13.9569 3
    endloop
  endfacet
  facet normal 0 0 1
    outer loop
      vertex -90 17 3
      vertex -97.0475 13.9569 3
      vertex -96.5 14 3
    endloop
  endfacet
  facet normal 0 0 1
    outer loop
      vertex -90 17 3
      vertex -100.15 40 3
      vertex -97.0475 13.9569 3
    endloop
  endfacet
  facet normal 0 0 1
    outer loop
      vertex -97.0475 13.9569 3
      vertex -100.15 40 3
      vertex -97.5816 13.8287 3
    endloop
  endfacet
  facet normal 0 0 1
    outer loop
      vertex -97.5816 13.8287 3
      vertex -100.15 40 3
      vertex -98.089 13.6185 3
    endloop
  endfacet
  facet normal 0 0 1
    outer loop
      vertex -98.089 13.6185 3
      vertex -100.15 40 3
      vertex -98.5573 13.3316 3
    endloop
  endfacet
  facet normal 0 0 1
    outer loop
      vertex -98.5573 13.3316 3
      vertex -100.15 40 3
      vertex -98.9749 12.9749 3
    endloop
  endfacet
  facet normal 0 0 1
    outer loop
      vertex -98.9749 12.9749 3
      vertex -100.15 40 3
      vertex -99.3316 12.5572 3
    endloop
  endfacet
  facet normal 0 0 1
    outer loop
      vertex -99.3316 12.5572 3
      vertex -100.15 40 3
      vertex -99.6185 12.089 3
    endloop
  endfacet
  facet normal 0 0 1
    outer loop
      vertex -99.6185 12.089 3
      vertex -100.15 40 3
      vertex -99.8287 11.5816 3
    endloop
  endfacet
  facet normal 0 0 1
    outer loop
      vertex -99.8287 11.5816 3
      vertex -106.15 0 3
      vertex -99.9569 11.0475 3
    endloop
  endfacet
  facet normal 0 0 1
    outer loop
      vertex -106.15 0 3
      vertex -99.8287 11.5816 3
      vertex -100.15 40 3
    endloop
  endfacet
  facet normal 0 0 1
    outer loop
      vertex 20 24.9 3
      vertex 6 24.9 3
      vertex 20 12 3
    endloop
  endfacet
  facet normal 0 0 1
    outer loop
      vertex 100.15 40 3
      vertex 106.15 75 3
      vertex 100.15 46 3
    endloop
  endfacet
  facet normal -0 0 1
    outer loop
      vertex 90 62 3
      vertex 100.15 46 3
      vertex 106.15 75 3
    endloop
  endfacet
  facet normal 0 0 1
    outer loop
      vertex 96.15 46 3
      vertex 90 62 3
      vertex 96.15 40 3
    endloop
  endfacet
  facet normal 0 0 1
    outer loop
      vertex 100.15 46 3
      vertex 90 62 3
      vertex 96.15 46 3
    endloop
  endfacet
  facet normal 0 0 1
    outer loop
      vertex 106.15 75 3
      vertex 20 62 3
      vertex 90 62 3
    endloop
  endfacet
  facet normal 0 0 1
    outer loop
      vertex 20 62 3
      vertex 6 50.9 3
      vertex 20 50.9 3
    endloop
  endfacet
  facet normal 0 0 1
    outer loop
      vertex 6 50.9 3
      vertex -19 65 3
      vertex 6 24.9 3
    endloop
  endfacet
  facet normal 0 0 1
    outer loop
      vertex 20 62 3
      vertex -19 65 3
      vertex 6 50.9 3
    endloop
  endfacet
  facet normal 0 0 1
    outer loop
      vertex 106.15 75 3
      vertex -19 65 3
      vertex 20 62 3
    endloop
  endfacet
  facet normal -0 0 1
    outer loop
      vertex -106.15 75 3
      vertex -19 65 3
      vertex 106.15 75 3
    endloop
  endfacet
  facet normal 0 0 1
    outer loop
      vertex -35.0431 58.9525 3
      vertex -31 65 3
      vertex -35 59.5 3
    endloop
  endfacet
  facet normal 0 0 1
    outer loop
      vertex -31 65 3
      vertex -35.0431 60.0475 3
      vertex -35 59.5 3
    endloop
  endfacet
  facet normal 0 0 1
    outer loop
      vertex -31 65 3
      vertex -35.1713 60.5816 3
      vertex -35.0431 60.0475 3
    endloop
  endfacet
  facet normal 0 0 1
    outer loop
      vertex -31 65 3
      vertex -35.3815 61.089 3
      vertex -35.1713 60.5816 3
    endloop
  endfacet
  facet normal 0 0 1
    outer loop
      vertex -31 65 3
      vertex -35.6684 61.5572 3
      vertex -35.3815 61.089 3
    endloop
  endfacet
  facet normal 0 0 1
    outer loop
      vertex -31 65 3
      vertex -36.0251 61.9749 3
      vertex -35.6684 61.5572 3
    endloop
  endfacet
  facet normal 0 0 1
    outer loop
      vertex -31 65 3
      vertex -36.4427 62.3316 3
      vertex -36.0251 61.9749 3
    endloop
  endfacet
  facet normal 0 0 1
    outer loop
      vertex -31 65 3
      vertex -36.911 62.6185 3
      vertex -36.4427 62.3316 3
    endloop
  endfacet
  facet normal 0 0 1
    outer loop
      vertex -31 65 3
      vertex -37.4184 62.8287 3
      vertex -36.911 62.6185 3
    endloop
  endfacet
  facet normal 0 0 1
    outer loop
      vertex -31 65 3
      vertex -37.9525 62.9569 3
      vertex -37.4184 62.8287 3
    endloop
  endfacet
  facet normal 0 0 1
    outer loop
      vertex -31 65 3
      vertex -38.5 63 3
      vertex -37.9525 62.9569 3
    endloop
  endfacet
  facet normal 0 0 1
    outer loop
      vertex -31 65 3
      vertex -39.0475 62.9569 3
      vertex -38.5 63 3
    endloop
  endfacet
  facet normal 0 0 1
    outer loop
      vertex -106.15 75 3
      vertex -39.0475 62.9569 3
      vertex -31 65 3
    endloop
  endfacet
  facet normal 0 0 1
    outer loop
      vertex -41.8287 11.5816 3
      vertex -45 17 3
      vertex -41.9569 11.0475 3
    endloop
  endfacet
  facet normal 0 0 1
    outer loop
      vertex -41.9569 60.0475 3
      vertex -45 53 3
      vertex -42 59.5 3
    endloop
  endfacet
  facet normal 0 0 1
    outer loop
      vertex -41.8287 60.5816 3
      vertex -45 53 3
      vertex -41.9569 60.0475 3
    endloop
  endfacet
  facet normal 0 0 1
    outer loop
      vertex -93.1713 60.5816 3
      vertex -41.8287 60.5816 3
      vertex -41.6185 61.089 3
    endloop
  endfacet
  facet normal 0 0 1
    outer loop
      vertex -41.8287 60.5816 3
      vertex -90 53 3
      vertex -45 53 3
    endloop
  endfacet
  facet normal 0 0 1
    outer loop
      vertex -93.3815 61.089 3
      vertex -41.6185 61.089 3
      vertex -41.3316 61.5572 3
    endloop
  endfacet
  facet normal 0 0 1
    outer loop
      vertex -93.6684 61.5572 3
      vertex -41.3316 61.5572 3
      vertex -40.9749 61.9749 3
    endloop
  endfacet
  facet normal 0 0 1
    outer loop
      vertex -94.0251 61.9749 3
      vertex -40.9749 61.9749 3
      vertex -40.5572 62.3316 3
    endloop
  endfacet
  facet normal 0 0 1
    outer loop
      vertex -106.15 75 3
      vertex -40.5572 62.3316 3
      vertex -40.089 62.6185 3
    endloop
  endfacet
  facet normal 0 0 1
    outer loop
      vertex -106.15 75 3
      vertex -40.089 62.6185 3
      vertex -39.5816 62.8287 3
    endloop
  endfacet
  facet normal 0 0 1
    outer loop
      vertex -39.0475 62.9569 3
      vertex -106.15 75 3
      vertex -39.5816 62.8287 3
    endloop
  endfacet
  facet normal -0 0 1
    outer loop
      vertex -93.0431 58.9525 3
      vertex -90 53 3
      vertex -93 59.5 3
    endloop
  endfacet
  facet normal 0 0 1
    outer loop
      vertex -41.8287 60.5816 3
      vertex -93.1713 60.5816 3
      vertex -90 53 3
    endloop
  endfacet
  facet normal 0 0 1
    outer loop
      vertex -90 53 3
      vertex -93.0431 60.0475 3
      vertex -93 59.5 3
    endloop
  endfacet
  facet normal 0 0 1
    outer loop
      vertex -90 53 3
      vertex -93.1713 60.5816 3
      vertex -93.0431 60.0475 3
    endloop
  endfacet
  facet normal 0 0 1
    outer loop
      vertex -19 65 3
      vertex -106.15 75 3
      vertex -31 65 3
    endloop
  endfacet
  facet normal 0 0 1
    outer loop
      vertex -41.6185 61.089 3
      vertex -93.3815 61.089 3
      vertex -93.1713 60.5816 3
    endloop
  endfacet
  facet normal 0 0 1
    outer loop
      vertex -41.3316 61.5572 3
      vertex -93.6684 61.5572 3
      vertex -93.3815 61.089 3
    endloop
  endfacet
  facet normal 0 0 1
    outer loop
      vertex -40.9749 61.9749 3
      vertex -94.0251 61.9749 3
      vertex -93.6684 61.5572 3
    endloop
  endfacet
  facet normal 0 0 1
    outer loop
      vertex -40.5572 62.3316 3
      vertex -106.15 75 3
      vertex -94.4427 62.3316 3
    endloop
  endfacet
  facet normal 0 0 1
    outer loop
      vertex -40.5572 62.3316 3
      vertex -94.4427 62.3316 3
      vertex -94.0251 61.9749 3
    endloop
  endfacet
  facet normal 0 0 1
    outer loop
      vertex -94.4427 62.3316 3
      vertex -106.15 75 3
      vertex -94.911 62.6185 3
    endloop
  endfacet
  facet normal 0 0 1
    outer loop
      vertex -94.911 62.6185 3
      vertex -106.15 75 3
      vertex -95.4184 62.8287 3
    endloop
  endfacet
  facet normal 0 0 1
    outer loop
      vertex -95.4184 62.8287 3
      vertex -106.15 75 3
      vertex -95.9525 62.9569 3
    endloop
  endfacet
  facet normal 0 0 1
    outer loop
      vertex -100.15 46 3
      vertex -106.15 75 3
      vertex -100.15 40 3
    endloop
  endfacet
  facet normal 0 0 1
    outer loop
      vertex -99.9569 58.9525 3
      vertex -106.15 75 3
      vertex -100.15 46 3
    endloop
  endfacet
  facet normal 0 0 1
    outer loop
      vertex -99.9569 60.0475 3
      vertex -106.15 75 3
      vertex -100 59.5 3
    endloop
  endfacet
  facet normal 0 0 1
    outer loop
      vertex -99.8287 60.5816 3
      vertex -106.15 75 3
      vertex -99.9569 60.0475 3
    endloop
  endfacet
  facet normal 0 0 1
    outer loop
      vertex -99.6185 61.089 3
      vertex -106.15 75 3
      vertex -99.8287 60.5816 3
    endloop
  endfacet
  facet normal 0 0 1
    outer loop
      vertex -99.3316 61.5572 3
      vertex -106.15 75 3
      vertex -99.6185 61.089 3
    endloop
  endfacet
  facet normal 0 0 1
    outer loop
      vertex -98.9749 61.9749 3
      vertex -106.15 75 3
      vertex -99.3316 61.5572 3
    endloop
  endfacet
  facet normal 0 0 1
    outer loop
      vertex -98.5573 62.3316 3
      vertex -106.15 75 3
      vertex -98.9749 61.9749 3
    endloop
  endfacet
  facet normal 0 0 1
    outer loop
      vertex -98.089 62.6185 3
      vertex -106.15 75 3
      vertex -98.5573 62.3316 3
    endloop
  endfacet
  facet normal 0 0 1
    outer loop
      vertex -97.5816 62.8287 3
      vertex -106.15 75 3
      vertex -98.089 62.6185 3
    endloop
  endfacet
  facet normal 0 0 1
    outer loop
      vertex -97.0475 62.9569 3
      vertex -106.15 75 3
      vertex -97.5816 62.8287 3
    endloop
  endfacet
  facet normal 0 0 1
    outer loop
      vertex -96.5 63 3
      vertex -106.15 75 3
      vertex -97.0475 62.9569 3
    endloop
  endfacet
  facet normal 0 0 1
    outer loop
      vertex -95.9525 62.9569 3
      vertex -106.15 75 3
      vertex -96.5 63 3
    endloop
  endfacet
  facet normal 0 0 1
    outer loop
      vertex 106.15 75 3
      vertex 100.15 40 3
      vertex 106.15 0 3
    endloop
  endfacet
  facet normal 0 0 1
    outer loop
      vertex 90 12 3
      vertex 100.15 40 3
      vertex 96.15 40 3
    endloop
  endfacet
  facet normal 0 0 1
    outer loop
      vertex 90 12 3
      vertex 96.15 40 3
      vertex 90 62 3
    endloop
  endfacet
  facet normal 0 0 1
    outer loop
      vertex 100.15 40 3
      vertex 90 12 3
      vertex 106.15 0 3
    endloop
  endfacet
  facet normal -0 0 1
    outer loop
      vertex 20 12 3
      vertex 106.15 0 3
      vertex 90 12 3
    endloop
  endfacet
  facet normal 0 0 1
    outer loop
      vertex -19 5 3
      vertex 6 24.9 3
      vertex -19 65 3
    endloop
  endfacet
  facet normal 0 0 1
    outer loop
      vertex -19 5 3
      vertex 20 12 3
      vertex 6 24.9 3
    endloop
  endfacet
  facet normal -0 0 1
    outer loop
      vertex -19 5 3
      vertex 106.15 0 3
      vertex 20 12 3
    endloop
  endfacet
  facet normal 0 0 1
    outer loop
      vertex -106.15 0 3
      vertex -19 5 3
      vertex -31 5 3
    endloop
  endfacet
  facet normal 0 0 1
    outer loop
      vertex -35.1713 58.4184 3
      vertex -31 65 3
      vertex -35.0431 58.9525 3
    endloop
  endfacet
  facet normal -0 0 1
    outer loop
      vertex -35.0431 9.95248 3
      vertex -31 5 3
      vertex -35 10.5 3
    endloop
  endfacet
  facet normal -0 0 1
    outer loop
      vertex -35.1713 9.41844 3
      vertex -31 5 3
      vertex -35.0431 9.95248 3
    endloop
  endfacet
  facet normal -0 0 1
    outer loop
      vertex -35.3815 8.91103 3
      vertex -31 5 3
      vertex -35.1713 9.41844 3
    endloop
  endfacet
  facet normal -0 0 1
    outer loop
      vertex -35.6684 8.44275 3
      vertex -31 5 3
      vertex -35.3815 8.91103 3
    endloop
  endfacet
  facet normal -0 0 1
    outer loop
      vertex -36.0251 8.02513 3
      vertex -31 5 3
      vertex -35.6684 8.44275 3
    endloop
  endfacet
  facet normal -0 0 1
    outer loop
      vertex -36.4427 7.66844 3
      vertex -31 5 3
      vertex -36.0251 8.02513 3
    endloop
  endfacet
  facet normal -0 0 1
    outer loop
      vertex -36.911 7.38148 3
      vertex -31 5 3
      vertex -36.4427 7.66844 3
    endloop
  endfacet
  facet normal -0 0 1
    outer loop
      vertex -37.4184 7.1713 3
      vertex -31 5 3
      vertex -36.911 7.38148 3
    endloop
  endfacet
  facet normal -0 0 1
    outer loop
      vertex -37.9525 7.04309 3
      vertex -31 5 3
      vertex -37.4184 7.1713 3
    endloop
  endfacet
  facet normal -0 0 1
    outer loop
      vertex -38.5 7 3
      vertex -31 5 3
      vertex -37.9525 7.04309 3
    endloop
  endfacet
  facet normal 0 0 1
    outer loop
      vertex -39.0475 7.04309 3
      vertex -31 5 3
      vertex -38.5 7 3
    endloop
  endfacet
  facet normal 0 0 1
    outer loop
      vertex -106.15 0 3
      vertex -39.0475 7.04309 3
      vertex -39.5816 7.1713 3
    endloop
  endfacet
  facet normal 0 0 1
    outer loop
      vertex -41.9569 11.0475 3
      vertex -45 17 3
      vertex -42 10.5 3
    endloop
  endfacet
  facet normal 0 0 1
    outer loop
      vertex -45 17 3
      vertex -41.9569 9.95248 3
      vertex -42 10.5 3
    endloop
  endfacet
  facet normal 0 0 1
    outer loop
      vertex -45 17 3
      vertex -41.8287 9.41844 3
      vertex -41.9569 9.95248 3
    endloop
  endfacet
  facet normal -0 0 1
    outer loop
      vertex -90 17 3
      vertex -41.8287 9.41844 3
      vertex -45 17 3
    endloop
  endfacet
  facet normal 0 0 1
    outer loop
      vertex -93.1713 9.41844 3
      vertex -41.8287 9.41844 3
      vertex -90 17 3
    endloop
  endfacet
  facet normal 0 0 1
    outer loop
      vertex -41.8287 9.41844 3
      vertex -93.1713 9.41844 3
      vertex -41.6185 8.91103 3
    endloop
  endfacet
  facet normal 0 0 1
    outer loop
      vertex -93.3815 8.91103 3
      vertex -41.6185 8.91103 3
      vertex -93.1713 9.41844 3
    endloop
  endfacet
  facet normal 0 0 1
    outer loop
      vertex -41.6185 8.91103 3
      vertex -93.3815 8.91103 3
      vertex -41.3316 8.44275 3
    endloop
  endfacet
  facet normal 0 0 1
    outer loop
      vertex -93.6684 8.44275 3
      vertex -41.3316 8.44275 3
      vertex -93.3815 8.91103 3
    endloop
  endfacet
  facet normal 0 0 1
    outer loop
      vertex -41.3316 8.44275 3
      vertex -93.6684 8.44275 3
      vertex -40.9749 8.02513 3
    endloop
  endfacet
  facet normal 0 0 1
    outer loop
      vertex -94.0251 8.02513 3
      vertex -40.9749 8.02513 3
      vertex -93.6684 8.44275 3
    endloop
  endfacet
  facet normal -0 0 1
    outer loop
      vertex -93.1713 58.4184 3
      vertex -90 53 3
      vertex -93.0431 58.9525 3
    endloop
  endfacet
  facet normal 0 0 1
    outer loop
      vertex -93.0431 9.95248 3
      vertex -90 17 3
      vertex -93 10.5 3
    endloop
  endfacet
  facet normal 0 0 1
    outer loop
      vertex -93.1713 9.41844 3
      vertex -90 17 3
      vertex -93.0431 9.95248 3
    endloop
  endfacet
  facet normal 0 0 1
    outer loop
      vertex -40.9749 8.02513 3
      vertex -94.0251 8.02513 3
      vertex -40.5572 7.66844 3
    endloop
  endfacet
  facet normal 0 0 1
    outer loop
      vertex -94.4427 7.66844 3
      vertex -40.5572 7.66844 3
      vertex -94.0251 8.02513 3
    endloop
  endfacet
  facet normal 0 0 1
    outer loop
      vertex -40.5572 7.66844 3
      vertex -94.4427 7.66844 3
      vertex -40.089 7.38148 3
    endloop
  endfacet
  facet normal 0 0 1
    outer loop
      vertex -94.911 7.38148 3
      vertex -40.089 7.38148 3
      vertex -94.4427 7.66844 3
    endloop
  endfacet
  facet normal 0 0 1
    outer loop
      vertex -106.15 0 3
      vertex -40.089 7.38148 3
      vertex -94.911 7.38148 3
    endloop
  endfacet
  facet normal 0 0 1
    outer loop
      vertex -40.089 7.38148 3
      vertex -106.15 0 3
      vertex -39.5816 7.1713 3
    endloop
  endfacet
  facet normal 0 0 1
    outer loop
      vertex -106.15 0 3
      vertex -94.911 7.38148 3
      vertex -95.4184 7.1713 3
    endloop
  endfacet
  facet normal 0 0 1
    outer loop
      vertex -39.0475 7.04309 3
      vertex -106.15 0 3
      vertex -31 5 3
    endloop
  endfacet
  facet normal 0 0 1
    outer loop
      vertex -106.15 0 3
      vertex -95.4184 7.1713 3
      vertex -95.9525 7.04309 3
    endloop
  endfacet
  facet normal 0 0 1
    outer loop
      vertex -106.15 0 3
      vertex -95.9525 7.04309 3
      vertex -96.5 7 3
    endloop
  endfacet
  facet normal 0 0 1
    outer loop
      vertex -106.15 0 3
      vertex -100.15 40 3
      vertex -106.15 75 3
    endloop
  endfacet
  facet normal 0 0 1
    outer loop
      vertex -99.9569 11.0475 3
      vertex -106.15 0 3
      vertex -100 10.5 3
    endloop
  endfacet
  facet normal 0 0 1
    outer loop
      vertex -19 5 3
      vertex -106.15 0 3
      vertex 106.15 0 3
    endloop
  endfacet
  facet normal 0 0 1
    outer loop
      vertex -97.0475 7.04309 3
      vertex -106.15 0 3
      vertex -96.5 7 3
    endloop
  endfacet
  facet normal 0 0 1
    outer loop
      vertex -97.5816 7.1713 3
      vertex -106.15 0 3
      vertex -97.0475 7.04309 3
    endloop
  endfacet
  facet normal 0 0 1
    outer loop
      vertex -98.089 7.38148 3
      vertex -106.15 0 3
      vertex -97.5816 7.1713 3
    endloop
  endfacet
  facet normal 0 0 1
    outer loop
      vertex -98.5573 7.66844 3
      vertex -106.15 0 3
      vertex -98.089 7.38148 3
    endloop
  endfacet
  facet normal 0 0 1
    outer loop
      vertex -98.9749 8.02513 3
      vertex -106.15 0 3
      vertex -98.5573 7.66844 3
    endloop
  endfacet
  facet normal 0 0 1
    outer loop
      vertex -99.3316 8.44275 3
      vertex -106.15 0 3
      vertex -98.9749 8.02513 3
    endloop
  endfacet
  facet normal 0 0 1
    outer loop
      vertex -99.6185 8.91103 3
      vertex -106.15 0 3
      vertex -99.3316 8.44275 3
    endloop
  endfacet
  facet normal 0 0 1
    outer loop
      vertex -99.8287 9.41844 3
      vertex -106.15 0 3
      vertex -99.6185 8.91103 3
    endloop
  endfacet
  facet normal 0 0 1
    outer loop
      vertex -99.9569 9.95248 3
      vertex -106.15 0 3
      vertex -99.8287 9.41844 3
    endloop
  endfacet
  facet normal 0 0 1
    outer loop
      vertex -100 10.5 3
      vertex -106.15 0 3
      vertex -99.9569 9.95248 3
    endloop
  endfacet
  facet normal 0 -0.707107 -0.707107
    outer loop
      vertex -106.15 0.4 0
      vertex 106.15 0 0.4
      vertex -106.15 0 0.4
    endloop
  endfacet
  facet normal 0 -0.707107 -0.707107
    outer loop
      vertex 106.15 0 0.4
      vertex -106.15 0.4 0
      vertex 106.15 0.4 0
    endloop
  endfacet
  facet normal 0 0.707107 -0.707107
    outer loop
      vertex -106.15 74.6 0
      vertex 106.15 75 0.4
      vertex 106.15 74.6 0
    endloop
  endfacet
  facet normal 0 0.707107 -0.707107
    outer loop
      vertex 106.15 75 0.4
      vertex -106.15 74.6 0
      vertex -106.15 75 0.4
    endloop
  endfacet
  facet normal -0.923868 -0.382711 0
    outer loop
      vertex -95.4375 10.7847 2
      vertex -95.5474 11.05 8
      vertex -95.5474 11.05 2
    endloop
  endfacet
  facet normal -0.923868 -0.382711 0
    outer loop
      vertex -95.5474 11.05 8
      vertex -95.4375 10.7847 2
      vertex -95.4375 10.7847 8
    endloop
  endfacet
  facet normal -0.991437 -0.13059 0
    outer loop
      vertex -95.4 10.5 2
      vertex -95.4375 10.7847 8
      vertex -95.4375 10.7847 2
    endloop
  endfacet
  facet normal -0.991437 -0.13059 0
    outer loop
      vertex -95.4375 10.7847 8
      vertex -95.4 10.5 2
      vertex -95.4 10.5 8
    endloop
  endfacet
  facet normal -0.793348 -0.608768 0
    outer loop
      vertex -95.5474 11.05 2
      vertex -95.7222 11.2778 8
      vertex -95.7222 11.2778 2
    endloop
  endfacet
  facet normal -0.793348 -0.608768 0
    outer loop
      vertex -95.7222 11.2778 8
      vertex -95.5474 11.05 2
      vertex -95.5474 11.05 8
    endloop
  endfacet
  facet normal -0.608768 -0.793348 0
    outer loop
      vertex -95.95 11.4526 2
      vertex -95.7222 11.2778 8
      vertex -95.95 11.4526 8
    endloop
  endfacet
  facet normal -0.608768 -0.793348 -0
    outer loop
      vertex -95.7222 11.2778 8
      vertex -95.95 11.4526 2
      vertex -95.7222 11.2778 2
    endloop
  endfacet
  facet normal 0.923868 -0.382711 0
    outer loop
      vertex -97.5625 10.7847 8
      vertex -97.4526 11.05 2
      vertex -97.4526 11.05 8
    endloop
  endfacet
  facet normal 0.923868 -0.382711 0
    outer loop
      vertex -97.4526 11.05 2
      vertex -97.5625 10.7847 8
      vertex -97.5625 10.7847 2
    endloop
  endfacet
  facet normal 0.793348 -0.608768 0
    outer loop
      vertex -97.4526 11.05 8
      vertex -97.2778 11.2778 2
      vertex -97.2778 11.2778 8
    endloop
  endfacet
  facet normal 0.793348 -0.608768 0
    outer loop
      vertex -97.2778 11.2778 2
      vertex -97.4526 11.05 8
      vertex -97.4526 11.05 2
    endloop
  endfacet
  facet normal 0.130521 0.991446 -0
    outer loop
      vertex -96.5 9.4 2
      vertex -96.7847 9.43748 8
      vertex -96.5 9.4 8
    endloop
  endfacet
  facet normal 0.130521 0.991446 0
    outer loop
      vertex -96.7847 9.43748 8
      vertex -96.5 9.4 2
      vertex -96.7847 9.43748 2
    endloop
  endfacet
  facet normal -0.793374 0.608734 0
    outer loop
      vertex -95.7222 9.72218 2
      vertex -95.5474 9.95 8
      vertex -95.5474 9.95 2
    endloop
  endfacet
  facet normal -0.793374 0.608734 0
    outer loop
      vertex -95.5474 9.95 8
      vertex -95.7222 9.72218 2
      vertex -95.7222 9.72218 8
    endloop
  endfacet
  facet normal 0.923868 0.382711 0
    outer loop
      vertex -97.4526 9.95 8
      vertex -97.5625 10.2153 2
      vertex -97.5625 10.2153 8
    endloop
  endfacet
  facet normal 0.923868 0.382711 0
    outer loop
      vertex -97.5625 10.2153 2
      vertex -97.4526 9.95 8
      vertex -97.4526 9.95 2
    endloop
  endfacet
  facet normal -0.923868 0.382711 0
    outer loop
      vertex -95.5474 9.95 2
      vertex -95.4375 10.2153 8
      vertex -95.4375 10.2153 2
    endloop
  endfacet
  facet normal -0.923868 0.382711 0
    outer loop
      vertex -95.4375 10.2153 8
      vertex -95.5474 9.95 2
      vertex -95.5474 9.95 8
    endloop
  endfacet
  facet normal 0.608768 -0.793348 0
    outer loop
      vertex -97.2778 11.2778 2
      vertex -97.05 11.4526 8
      vertex -97.2778 11.2778 8
    endloop
  endfacet
  facet normal 0.608768 -0.793348 0
    outer loop
      vertex -97.05 11.4526 8
      vertex -97.2778 11.2778 2
      vertex -97.05 11.4526 2
    endloop
  endfacet
  facet normal -0.991437 0.13059 0
    outer loop
      vertex -95.4375 10.2153 2
      vertex -95.4 10.5 8
      vertex -95.4 10.5 2
    endloop
  endfacet
  facet normal -0.991437 0.13059 0
    outer loop
      vertex -95.4 10.5 8
      vertex -95.4375 10.2153 2
      vertex -95.4375 10.2153 8
    endloop
  endfacet
  facet normal 0.382711 -0.923868 0
    outer loop
      vertex -97.05 11.4526 2
      vertex -96.7847 11.5625 8
      vertex -97.05 11.4526 8
    endloop
  endfacet
  facet normal 0.382711 -0.923868 0
    outer loop
      vertex -96.7847 11.5625 8
      vertex -97.05 11.4526 2
      vertex -96.7847 11.5625 2
    endloop
  endfacet
  facet normal -0.382711 -0.923868 0
    outer loop
      vertex -96.2153 11.5625 2
      vertex -95.95 11.4526 8
      vertex -96.2153 11.5625 8
    endloop
  endfacet
  facet normal -0.382711 -0.923868 -0
    outer loop
      vertex -95.95 11.4526 8
      vertex -96.2153 11.5625 2
      vertex -95.95 11.4526 2
    endloop
  endfacet
  facet normal 0.60879 0.793332 -0
    outer loop
      vertex -97.05 9.54737 2
      vertex -97.2778 9.72218 8
      vertex -97.05 9.54737 8
    endloop
  endfacet
  facet normal 0.60879 0.793332 0
    outer loop
      vertex -97.2778 9.72218 8
      vertex -97.05 9.54737 2
      vertex -97.2778 9.72218 2
    endloop
  endfacet
  facet normal -0.382681 0.923881 0
    outer loop
      vertex -95.95 9.54737 2
      vertex -96.2153 9.43748 8
      vertex -95.95 9.54737 8
    endloop
  endfacet
  facet normal -0.382681 0.923881 0
    outer loop
      vertex -96.2153 9.43748 8
      vertex -95.95 9.54737 2
      vertex -96.2153 9.43748 2
    endloop
  endfacet
  facet normal -0.60879 0.793332 0
    outer loop
      vertex -95.7222 9.72218 2
      vertex -95.95 9.54737 8
      vertex -95.7222 9.72218 8
    endloop
  endfacet
  facet normal -0.60879 0.793332 0
    outer loop
      vertex -95.95 9.54737 8
      vertex -95.7222 9.72218 2
      vertex -95.95 9.54737 2
    endloop
  endfacet
  facet normal -0.13059 -0.991437 0
    outer loop
      vertex -96.5 11.6 2
      vertex -96.2153 11.5625 8
      vertex -96.5 11.6 8
    endloop
  endfacet
  facet normal -0.13059 -0.991437 -0
    outer loop
      vertex -96.2153 11.5625 8
      vertex -96.5 11.6 2
      vertex -96.2153 11.5625 2
    endloop
  endfacet
  facet normal 0.991437 -0.13059 0
    outer loop
      vertex -97.6 10.5 8
      vertex -97.5625 10.7847 2
      vertex -97.5625 10.7847 8
    endloop
  endfacet
  facet normal 0.991437 -0.13059 0
    outer loop
      vertex -97.5625 10.7847 2
      vertex -97.6 10.5 8
      vertex -97.6 10.5 2
    endloop
  endfacet
  facet normal 0.13059 -0.991437 0
    outer loop
      vertex -96.7847 11.5625 2
      vertex -96.5 11.6 8
      vertex -96.7847 11.5625 8
    endloop
  endfacet
  facet normal 0.13059 -0.991437 0
    outer loop
      vertex -96.5 11.6 8
      vertex -96.7847 11.5625 2
      vertex -96.5 11.6 2
    endloop
  endfacet
  facet normal 0 0 1
    outer loop
      vertex -95.4375 10.7847 2
      vertex -95.4375 10.2153 2
      vertex -95.4 10.5 2
    endloop
  endfacet
  facet normal 0 0 1
    outer loop
      vertex -95.5474 11.05 2
      vertex -95.4375 10.2153 2
      vertex -95.4375 10.7847 2
    endloop
  endfacet
  facet normal 0 0 1
    outer loop
      vertex -95.5474 11.05 2
      vertex -95.5474 9.95 2
      vertex -95.4375 10.2153 2
    endloop
  endfacet
  facet normal 0 0 1
    outer loop
      vertex -95.7222 11.2778 2
      vertex -95.5474 9.95 2
      vertex -95.5474 11.05 2
    endloop
  endfacet
  facet normal 0 0 1
    outer loop
      vertex -95.7222 11.2778 2
      vertex -95.7222 9.72218 2
      vertex -95.5474 9.95 2
    endloop
  endfacet
  facet normal 0 0 1
    outer loop
      vertex -95.95 11.4526 2
      vertex -95.7222 9.72218 2
      vertex -95.7222 11.2778 2
    endloop
  endfacet
  facet normal 0 0 1
    outer loop
      vertex -95.95 11.4526 2
      vertex -95.95 9.54737 2
      vertex -95.7222 9.72218 2
    endloop
  endfacet
  facet normal 0 0 1
    outer loop
      vertex -96.2153 11.5625 2
      vertex -95.95 9.54737 2
      vertex -95.95 11.4526 2
    endloop
  endfacet
  facet normal 0 0 1
    outer loop
      vertex -96.2153 11.5625 2
      vertex -96.2153 9.43748 2
      vertex -95.95 9.54737 2
    endloop
  endfacet
  facet normal 0 0 1
    outer loop
      vertex -96.5 11.6 2
      vertex -96.2153 9.43748 2
      vertex -96.2153 11.5625 2
    endloop
  endfacet
  facet normal 0 0 1
    outer loop
      vertex -96.5 11.6 2
      vertex -96.5 9.4 2
      vertex -96.2153 9.43748 2
    endloop
  endfacet
  facet normal -0 0 1
    outer loop
      vertex -96.7847 11.5625 2
      vertex -96.5 9.4 2
      vertex -96.5 11.6 2
    endloop
  endfacet
  facet normal 0 0 1
    outer loop
      vertex -96.7847 11.5625 2
      vertex -96.7847 9.43748 2
      vertex -96.5 9.4 2
    endloop
  endfacet
  facet normal -0 0 1
    outer loop
      vertex -97.05 11.4526 2
      vertex -96.7847 9.43748 2
      vertex -96.7847 11.5625 2
    endloop
  endfacet
  facet normal 0 0 1
    outer loop
      vertex -97.05 11.4526 2
      vertex -97.05 9.54737 2
      vertex -96.7847 9.43748 2
    endloop
  endfacet
  facet normal -0 0 1
    outer loop
      vertex -97.2778 11.2778 2
      vertex -97.05 9.54737 2
      vertex -97.05 11.4526 2
    endloop
  endfacet
  facet normal 0 0 1
    outer loop
      vertex -97.2778 11.2778 2
      vertex -97.2778 9.72218 2
      vertex -97.05 9.54737 2
    endloop
  endfacet
  facet normal -0 0 1
    outer loop
      vertex -97.4526 11.05 2
      vertex -97.2778 9.72218 2
      vertex -97.2778 11.2778 2
    endloop
  endfacet
  facet normal 0 0 1
    outer loop
      vertex -97.4526 11.05 2
      vertex -97.4526 9.95 2
      vertex -97.2778 9.72218 2
    endloop
  endfacet
  facet normal -0 0 1
    outer loop
      vertex -97.5625 10.7847 2
      vertex -97.4526 9.95 2
      vertex -97.4526 11.05 2
    endloop
  endfacet
  facet normal 0 0 1
    outer loop
      vertex -97.5625 10.7847 2
      vertex -97.5625 10.2153 2
      vertex -97.4526 9.95 2
    endloop
  endfacet
  facet normal 0 -0 1
    outer loop
      vertex -97.5625 10.2153 2
      vertex -97.5625 10.7847 2
      vertex -97.6 10.5 2
    endloop
  endfacet
  facet normal 0.793374 0.608734 0
    outer loop
      vertex -97.2778 9.72218 8
      vertex -97.4526 9.95 2
      vertex -97.4526 9.95 8
    endloop
  endfacet
  facet normal 0.793374 0.608734 0
    outer loop
      vertex -97.4526 9.95 2
      vertex -97.2778 9.72218 8
      vertex -97.2778 9.72218 2
    endloop
  endfacet
  facet normal 0.382681 0.923881 -0
    outer loop
      vertex -96.7847 9.43748 2
      vertex -97.05 9.54737 8
      vertex -96.7847 9.43748 8
    endloop
  endfacet
  facet normal 0.382681 0.923881 0
    outer loop
      vertex -97.05 9.54737 8
      vertex -96.7847 9.43748 2
      vertex -97.05 9.54737 2
    endloop
  endfacet
  facet normal 0.991437 0.13059 0
    outer loop
      vertex -97.5625 10.2153 8
      vertex -97.6 10.5 2
      vertex -97.6 10.5 8
    endloop
  endfacet
  facet normal 0.991437 0.13059 0
    outer loop
      vertex -97.6 10.5 2
      vertex -97.5625 10.2153 8
      vertex -97.5625 10.2153 2
    endloop
  endfacet
  facet normal -0.130521 0.991446 0
    outer loop
      vertex -96.2153 9.43748 2
      vertex -96.5 9.4 8
      vertex -96.2153 9.43748 8
    endloop
  endfacet
  facet normal -0.130521 0.991446 0
    outer loop
      vertex -96.5 9.4 8
      vertex -96.2153 9.43748 2
      vertex -96.5 9.4 2
    endloop
  endfacet
  facet normal -0.923868 -0.382711 0
    outer loop
      vertex -37.4375 10.7847 2
      vertex -37.5474 11.05 8
      vertex -37.5474 11.05 2
    endloop
  endfacet
  facet normal -0.923868 -0.382711 0
    outer loop
      vertex -37.5474 11.05 8
      vertex -37.4375 10.7847 2
      vertex -37.4375 10.7847 8
    endloop
  endfacet
  facet normal -0.991437 -0.13059 0
    outer loop
      vertex -37.4 10.5 2
      vertex -37.4375 10.7847 8
      vertex -37.4375 10.7847 2
    endloop
  endfacet
  facet normal -0.991437 -0.13059 0
    outer loop
      vertex -37.4375 10.7847 8
      vertex -37.4 10.5 2
      vertex -37.4 10.5 8
    endloop
  endfacet
  facet normal -0.793348 -0.608768 0
    outer loop
      vertex -37.5474 11.05 2
      vertex -37.7222 11.2778 8
      vertex -37.7222 11.2778 2
    endloop
  endfacet
  facet normal -0.793348 -0.608768 0
    outer loop
      vertex -37.7222 11.2778 8
      vertex -37.5474 11.05 2
      vertex -37.5474 11.05 8
    endloop
  endfacet
  facet normal -0.608768 -0.793348 0
    outer loop
      vertex -37.95 11.4526 2
      vertex -37.7222 11.2778 8
      vertex -37.95 11.4526 8
    endloop
  endfacet
  facet normal -0.608768 -0.793348 -0
    outer loop
      vertex -37.7222 11.2778 8
      vertex -37.95 11.4526 2
      vertex -37.7222 11.2778 2
    endloop
  endfacet
  facet normal 0.923868 -0.382711 0
    outer loop
      vertex -39.5625 10.7847 8
      vertex -39.4526 11.05 2
      vertex -39.4526 11.05 8
    endloop
  endfacet
  facet normal 0.923868 -0.382711 0
    outer loop
      vertex -39.4526 11.05 2
      vertex -39.5625 10.7847 8
      vertex -39.5625 10.7847 2
    endloop
  endfacet
  facet normal 0.793348 -0.608768 0
    outer loop
      vertex -39.4526 11.05 8
      vertex -39.2778 11.2778 2
      vertex -39.2778 11.2778 8
    endloop
  endfacet
  facet normal 0.793348 -0.608768 0
    outer loop
      vertex -39.2778 11.2778 2
      vertex -39.4526 11.05 8
      vertex -39.4526 11.05 2
    endloop
  endfacet
  facet normal 0.130521 0.991446 -0
    outer loop
      vertex -38.5 9.4 2
      vertex -38.7847 9.43748 8
      vertex -38.5 9.4 8
    endloop
  endfacet
  facet normal 0.130521 0.991446 0
    outer loop
      vertex -38.7847 9.43748 8
      vertex -38.5 9.4 2
      vertex -38.7847 9.43748 2
    endloop
  endfacet
  facet normal 0.923868 0.382711 0
    outer loop
      vertex -39.4526 9.95 8
      vertex -39.5625 10.2153 2
      vertex -39.5625 10.2153 8
    endloop
  endfacet
  facet normal 0.923868 0.382711 0
    outer loop
      vertex -39.5625 10.2153 2
      vertex -39.4526 9.95 8
      vertex -39.4526 9.95 2
    endloop
  endfacet
  facet normal -0.923868 0.382711 0
    outer loop
      vertex -37.5474 9.95 2
      vertex -37.4375 10.2153 8
      vertex -37.4375 10.2153 2
    endloop
  endfacet
  facet normal -0.923868 0.382711 0
    outer loop
      vertex -37.4375 10.2153 8
      vertex -37.5474 9.95 2
      vertex -37.5474 9.95 8
    endloop
  endfacet
  facet normal 0.608768 -0.793348 0
    outer loop
      vertex -39.2778 11.2778 2
      vertex -39.05 11.4526 8
      vertex -39.2778 11.2778 8
    endloop
  endfacet
  facet normal 0.608768 -0.793348 0
    outer loop
      vertex -39.05 11.4526 8
      vertex -39.2778 11.2778 2
      vertex -39.05 11.4526 2
    endloop
  endfacet
  facet normal -0.991437 0.13059 0
    outer loop
      vertex -37.4375 10.2153 2
      vertex -37.4 10.5 8
      vertex -37.4 10.5 2
    endloop
  endfacet
  facet normal -0.991437 0.13059 0
    outer loop
      vertex -37.4 10.5 8
      vertex -37.4375 10.2153 2
      vertex -37.4375 10.2153 8
    endloop
  endfacet
  facet normal 0.382711 -0.923868 0
    outer loop
      vertex -39.05 11.4526 2
      vertex -38.7847 11.5625 8
      vertex -39.05 11.4526 8
    endloop
  endfacet
  facet normal 0.382711 -0.923868 0
    outer loop
      vertex -38.7847 11.5625 8
      vertex -39.05 11.4526 2
      vertex -38.7847 11.5625 2
    endloop
  endfacet
  facet normal -0.382711 -0.923868 0
    outer loop
      vertex -38.2153 11.5625 2
      vertex -37.95 11.4526 8
      vertex -38.2153 11.5625 8
    endloop
  endfacet
  facet normal -0.382711 -0.923868 -0
    outer loop
      vertex -37.95 11.4526 8
      vertex -38.2153 11.5625 2
      vertex -37.95 11.4526 2
    endloop
  endfacet
  facet normal 0.60879 0.793332 -0
    outer loop
      vertex -39.05 9.54737 2
      vertex -39.2778 9.72218 8
      vertex -39.05 9.54737 8
    endloop
  endfacet
  facet normal 0.60879 0.793332 0
    outer loop
      vertex -39.2778 9.72218 8
      vertex -39.05 9.54737 2
      vertex -39.2778 9.72218 2
    endloop
  endfacet
  facet normal -0.382681 0.923881 0
    outer loop
      vertex -37.95 9.54737 2
      vertex -38.2153 9.43748 8
      vertex -37.95 9.54737 8
    endloop
  endfacet
  facet normal -0.382681 0.923881 0
    outer loop
      vertex -38.2153 9.43748 8
      vertex -37.95 9.54737 2
      vertex -38.2153 9.43748 2
    endloop
  endfacet
  facet normal -0.60879 0.793332 0
    outer loop
      vertex -37.7222 9.72218 2
      vertex -37.95 9.54737 8
      vertex -37.7222 9.72218 8
    endloop
  endfacet
  facet normal -0.60879 0.793332 0
    outer loop
      vertex -37.95 9.54737 8
      vertex -37.7222 9.72218 2
      vertex -37.95 9.54737 2
    endloop
  endfacet
  facet normal -0.13059 -0.991437 0
    outer loop
      vertex -38.5 11.6 2
      vertex -38.2153 11.5625 8
      vertex -38.5 11.6 8
    endloop
  endfacet
  facet normal -0.13059 -0.991437 -0
    outer loop
      vertex -38.2153 11.5625 8
      vertex -38.5 11.6 2
      vertex -38.2153 11.5625 2
    endloop
  endfacet
  facet normal 0.991437 -0.13059 0
    outer loop
      vertex -39.6 10.5 8
      vertex -39.5625 10.7847 2
      vertex -39.5625 10.7847 8
    endloop
  endfacet
  facet normal 0.991437 -0.13059 0
    outer loop
      vertex -39.5625 10.7847 2
      vertex -39.6 10.5 8
      vertex -39.6 10.5 2
    endloop
  endfacet
  facet normal 0.13059 -0.991437 0
    outer loop
      vertex -38.7847 11.5625 2
      vertex -38.5 11.6 8
      vertex -38.7847 11.5625 8
    endloop
  endfacet
  facet normal 0.13059 -0.991437 0
    outer loop
      vertex -38.5 11.6 8
      vertex -38.7847 11.5625 2
      vertex -38.5 11.6 2
    endloop
  endfacet
  facet normal -0.793374 0.608734 0
    outer loop
      vertex -37.7222 9.72218 2
      vertex -37.5474 9.95 8
      vertex -37.5474 9.95 2
    endloop
  endfacet
  facet normal -0.793374 0.608734 0
    outer loop
      vertex -37.5474 9.95 8
      vertex -37.7222 9.72218 2
      vertex -37.7222 9.72218 8
    endloop
  endfacet
  facet normal 0 0 1
    outer loop
      vertex -37.4375 10.7847 2
      vertex -37.4375 10.2153 2
      vertex -37.4 10.5 2
    endloop
  endfacet
  facet normal 0 0 1
    outer loop
      vertex -37.5474 11.05 2
      vertex -37.4375 10.2153 2
      vertex -37.4375 10.7847 2
    endloop
  endfacet
  facet normal 0 0 1
    outer loop
      vertex -37.5474 11.05 2
      vertex -37.5474 9.95 2
      vertex -37.4375 10.2153 2
    endloop
  endfacet
  facet normal 0 0 1
    outer loop
      vertex -37.7222 11.2778 2
      vertex -37.5474 9.95 2
      vertex -37.5474 11.05 2
    endloop
  endfacet
  facet normal 0 0 1
    outer loop
      vertex -37.7222 11.2778 2
      vertex -37.7222 9.72218 2
      vertex -37.5474 9.95 2
    endloop
  endfacet
  facet normal 0 0 1
    outer loop
      vertex -37.95 11.4526 2
      vertex -37.7222 9.72218 2
      vertex -37.7222 11.2778 2
    endloop
  endfacet
  facet normal 0 0 1
    outer loop
      vertex -37.95 11.4526 2
      vertex -37.95 9.54737 2
      vertex -37.7222 9.72218 2
    endloop
  endfacet
  facet normal 0 0 1
    outer loop
      vertex -38.2153 11.5625 2
      vertex -37.95 9.54737 2
      vertex -37.95 11.4526 2
    endloop
  endfacet
  facet normal 0 0 1
    outer loop
      vertex -38.2153 11.5625 2
      vertex -38.2153 9.43748 2
      vertex -37.95 9.54737 2
    endloop
  endfacet
  facet normal 0 0 1
    outer loop
      vertex -38.5 11.6 2
      vertex -38.2153 9.43748 2
      vertex -38.2153 11.5625 2
    endloop
  endfacet
  facet normal 0 0 1
    outer loop
      vertex -38.5 11.6 2
      vertex -38.5 9.4 2
      vertex -38.2153 9.43748 2
    endloop
  endfacet
  facet normal -0 0 1
    outer loop
      vertex -38.7847 11.5625 2
      vertex -38.5 9.4 2
      vertex -38.5 11.6 2
    endloop
  endfacet
  facet normal 0 0 1
    outer loop
      vertex -38.7847 11.5625 2
      vertex -38.7847 9.43748 2
      vertex -38.5 9.4 2
    endloop
  endfacet
  facet normal -0 0 1
    outer loop
      vertex -39.05 11.4526 2
      vertex -38.7847 9.43748 2
      vertex -38.7847 11.5625 2
    endloop
  endfacet
  facet normal 0 0 1
    outer loop
      vertex -39.05 11.4526 2
      vertex -39.05 9.54737 2
      vertex -38.7847 9.43748 2
    endloop
  endfacet
  facet normal -0 0 1
    outer loop
      vertex -39.2778 11.2778 2
      vertex -39.05 9.54737 2
      vertex -39.05 11.4526 2
    endloop
  endfacet
  facet normal 0 0 1
    outer loop
      vertex -39.2778 11.2778 2
      vertex -39.2778 9.72218 2
      vertex -39.05 9.54737 2
    endloop
  endfacet
  facet normal -0 0 1
    outer loop
      vertex -39.4526 11.05 2
      vertex -39.2778 9.72218 2
      vertex -39.2778 11.2778 2
    endloop
  endfacet
  facet normal 0 0 1
    outer loop
      vertex -39.4526 11.05 2
      vertex -39.4526 9.95 2
      vertex -39.2778 9.72218 2
    endloop
  endfacet
  facet normal -0 0 1
    outer loop
      vertex -39.5625 10.7847 2
      vertex -39.4526 9.95 2
      vertex -39.4526 11.05 2
    endloop
  endfacet
  facet normal 0 0 1
    outer loop
      vertex -39.5625 10.7847 2
      vertex -39.5625 10.2153 2
      vertex -39.4526 9.95 2
    endloop
  endfacet
  facet normal 0 -0 1
    outer loop
      vertex -39.5625 10.2153 2
      vertex -39.5625 10.7847 2
      vertex -39.6 10.5 2
    endloop
  endfacet
  facet normal 0.793374 0.608734 0
    outer loop
      vertex -39.2778 9.72218 8
      vertex -39.4526 9.95 2
      vertex -39.4526 9.95 8
    endloop
  endfacet
  facet normal 0.793374 0.608734 0
    outer loop
      vertex -39.4526 9.95 2
      vertex -39.2778 9.72218 8
      vertex -39.2778 9.72218 2
    endloop
  endfacet
  facet normal 0.382681 0.923881 -0
    outer loop
      vertex -38.7847 9.43748 2
      vertex -39.05 9.54737 8
      vertex -38.7847 9.43748 8
    endloop
  endfacet
  facet normal 0.382681 0.923881 0
    outer loop
      vertex -39.05 9.54737 8
      vertex -38.7847 9.43748 2
      vertex -39.05 9.54737 2
    endloop
  endfacet
  facet normal 0.991437 0.13059 0
    outer loop
      vertex -39.5625 10.2153 8
      vertex -39.6 10.5 2
      vertex -39.6 10.5 8
    endloop
  endfacet
  facet normal 0.991437 0.13059 0
    outer loop
      vertex -39.6 10.5 2
      vertex -39.5625 10.2153 8
      vertex -39.5625 10.2153 2
    endloop
  endfacet
  facet normal -0.130521 0.991446 0
    outer loop
      vertex -38.2153 9.43748 2
      vertex -38.5 9.4 8
      vertex -38.2153 9.43748 8
    endloop
  endfacet
  facet normal -0.130521 0.991446 0
    outer loop
      vertex -38.5 9.4 8
      vertex -38.2153 9.43748 2
      vertex -38.5 9.4 2
    endloop
  endfacet
  facet normal -0.923868 -0.382711 0
    outer loop
      vertex -95.4375 59.7847 2
      vertex -95.5474 60.05 8
      vertex -95.5474 60.05 2
    endloop
  endfacet
  facet normal -0.923868 -0.382711 0
    outer loop
      vertex -95.5474 60.05 8
      vertex -95.4375 59.7847 2
      vertex -95.4375 59.7847 8
    endloop
  endfacet
  facet normal -0.991437 -0.13059 0
    outer loop
      vertex -95.4 59.5 2
      vertex -95.4375 59.7847 8
      vertex -95.4375 59.7847 2
    endloop
  endfacet
  facet normal -0.991437 -0.13059 0
    outer loop
      vertex -95.4375 59.7847 8
      vertex -95.4 59.5 2
      vertex -95.4 59.5 8
    endloop
  endfacet
  facet normal -0.793348 -0.608768 0
    outer loop
      vertex -95.5474 60.05 2
      vertex -95.7222 60.2778 8
      vertex -95.7222 60.2778 2
    endloop
  endfacet
  facet normal -0.793348 -0.608768 0
    outer loop
      vertex -95.7222 60.2778 8
      vertex -95.5474 60.05 2
      vertex -95.5474 60.05 8
    endloop
  endfacet
  facet normal -0.608768 -0.793348 0
    outer loop
      vertex -95.95 60.4526 2
      vertex -95.7222 60.2778 8
      vertex -95.95 60.4526 8
    endloop
  endfacet
  facet normal -0.608768 -0.793348 -0
    outer loop
      vertex -95.7222 60.2778 8
      vertex -95.95 60.4526 2
      vertex -95.7222 60.2778 2
    endloop
  endfacet
  facet normal 0.923868 -0.382711 0
    outer loop
      vertex -97.5625 59.7847 8
      vertex -97.4526 60.05 2
      vertex -97.4526 60.05 8
    endloop
  endfacet
  facet normal 0.923868 -0.382711 0
    outer loop
      vertex -97.4526 60.05 2
      vertex -97.5625 59.7847 8
      vertex -97.5625 59.7847 2
    endloop
  endfacet
  facet normal 0.793348 -0.608768 0
    outer loop
      vertex -97.4526 60.05 8
      vertex -97.2778 60.2778 2
      vertex -97.2778 60.2778 8
    endloop
  endfacet
  facet normal 0.793348 -0.608768 0
    outer loop
      vertex -97.2778 60.2778 2
      vertex -97.4526 60.05 8
      vertex -97.4526 60.05 2
    endloop
  endfacet
  facet normal 0.13059 0.991437 -0
    outer loop
      vertex -96.5 58.4 2
      vertex -96.7847 58.4375 8
      vertex -96.5 58.4 8
    endloop
  endfacet
  facet normal 0.13059 0.991437 0
    outer loop
      vertex -96.7847 58.4375 8
      vertex -96.5 58.4 2
      vertex -96.7847 58.4375 2
    endloop
  endfacet
  facet normal 0.923868 0.382711 0
    outer loop
      vertex -97.4526 58.95 8
      vertex -97.5625 59.2153 2
      vertex -97.5625 59.2153 8
    endloop
  endfacet
  facet normal 0.923868 0.382711 0
    outer loop
      vertex -97.5625 59.2153 2
      vertex -97.4526 58.95 8
      vertex -97.4526 58.95 2
    endloop
  endfacet
  facet normal -0.923868 0.382711 0
    outer loop
      vertex -95.5474 58.95 2
      vertex -95.4375 59.2153 8
      vertex -95.4375 59.2153 2
    endloop
  endfacet
  facet normal -0.923868 0.382711 0
    outer loop
      vertex -95.4375 59.2153 8
      vertex -95.5474 58.95 2
      vertex -95.5474 58.95 8
    endloop
  endfacet
  facet normal 0.608768 -0.793348 0
    outer loop
      vertex -97.2778 60.2778 2
      vertex -97.05 60.4526 8
      vertex -97.2778 60.2778 8
    endloop
  endfacet
  facet normal 0.608768 -0.793348 0
    outer loop
      vertex -97.05 60.4526 8
      vertex -97.2778 60.2778 2
      vertex -97.05 60.4526 2
    endloop
  endfacet
  facet normal -0.991437 0.13059 0
    outer loop
      vertex -95.4375 59.2153 2
      vertex -95.4 59.5 8
      vertex -95.4 59.5 2
    endloop
  endfacet
  facet normal -0.991437 0.13059 0
    outer loop
      vertex -95.4 59.5 8
      vertex -95.4375 59.2153 2
      vertex -95.4375 59.2153 8
    endloop
  endfacet
  facet normal 0.382711 -0.923868 0
    outer loop
      vertex -97.05 60.4526 2
      vertex -96.7847 60.5625 8
      vertex -97.05 60.4526 8
    endloop
  endfacet
  facet normal 0.382711 -0.923868 0
    outer loop
      vertex -96.7847 60.5625 8
      vertex -97.05 60.4526 2
      vertex -96.7847 60.5625 2
    endloop
  endfacet
  facet normal -0.382711 -0.923868 0
    outer loop
      vertex -96.2153 60.5625 2
      vertex -95.95 60.4526 8
      vertex -96.2153 60.5625 8
    endloop
  endfacet
  facet normal -0.382711 -0.923868 -0
    outer loop
      vertex -95.95 60.4526 8
      vertex -96.2153 60.5625 2
      vertex -95.95 60.4526 2
    endloop
  endfacet
  facet normal 0.608768 0.793348 -0
    outer loop
      vertex -97.05 58.5474 2
      vertex -97.2778 58.7222 8
      vertex -97.05 58.5474 8
    endloop
  endfacet
  facet normal 0.608768 0.793348 0
    outer loop
      vertex -97.2778 58.7222 8
      vertex -97.05 58.5474 2
      vertex -97.2778 58.7222 2
    endloop
  endfacet
  facet normal -0.382711 0.923868 0
    outer loop
      vertex -95.95 58.5474 2
      vertex -96.2153 58.4375 8
      vertex -95.95 58.5474 8
    endloop
  endfacet
  facet normal -0.382711 0.923868 0
    outer loop
      vertex -96.2153 58.4375 8
      vertex -95.95 58.5474 2
      vertex -96.2153 58.4375 2
    endloop
  endfacet
  facet normal -0.608768 0.793348 0
    outer loop
      vertex -95.7222 58.7222 2
      vertex -95.95 58.5474 8
      vertex -95.7222 58.7222 8
    endloop
  endfacet
  facet normal -0.608768 0.793348 0
    outer loop
      vertex -95.95 58.5474 8
      vertex -95.7222 58.7222 2
      vertex -95.95 58.5474 2
    endloop
  endfacet
  facet normal -0.13059 -0.991437 0
    outer loop
      vertex -96.5 60.6 2
      vertex -96.2153 60.5625 8
      vertex -96.5 60.6 8
    endloop
  endfacet
  facet normal -0.13059 -0.991437 -0
    outer loop
      vertex -96.2153 60.5625 8
      vertex -96.5 60.6 2
      vertex -96.2153 60.5625 2
    endloop
  endfacet
  facet normal 0.991437 -0.13059 0
    outer loop
      vertex -97.6 59.5 8
      vertex -97.5625 59.7847 2
      vertex -97.5625 59.7847 8
    endloop
  endfacet
  facet normal 0.991437 -0.13059 0
    outer loop
      vertex -97.5625 59.7847 2
      vertex -97.6 59.5 8
      vertex -97.6 59.5 2
    endloop
  endfacet
  facet normal 0.13059 -0.991437 0
    outer loop
      vertex -96.7847 60.5625 2
      vertex -96.5 60.6 8
      vertex -96.7847 60.5625 8
    endloop
  endfacet
  facet normal 0.13059 -0.991437 0
    outer loop
      vertex -96.5 60.6 8
      vertex -96.7847 60.5625 2
      vertex -96.5 60.6 2
    endloop
  endfacet
  facet normal -0.793348 0.608768 0
    outer loop
      vertex -95.7222 58.7222 2
      vertex -95.5474 58.95 8
      vertex -95.5474 58.95 2
    endloop
  endfacet
  facet normal -0.793348 0.608768 0
    outer loop
      vertex -95.5474 58.95 8
      vertex -95.7222 58.7222 2
      vertex -95.7222 58.7222 8
    endloop
  endfacet
  facet normal 0 0 1
    outer loop
      vertex -95.4375 59.7847 2
      vertex -95.4375 59.2153 2
      vertex -95.4 59.5 2
    endloop
  endfacet
  facet normal 0 0 1
    outer loop
      vertex -95.5474 60.05 2
      vertex -95.4375 59.2153 2
      vertex -95.4375 59.7847 2
    endloop
  endfacet
  facet normal 0 0 1
    outer loop
      vertex -95.5474 60.05 2
      vertex -95.5474 58.95 2
      vertex -95.4375 59.2153 2
    endloop
  endfacet
  facet normal 0 0 1
    outer loop
      vertex -95.7222 60.2778 2
      vertex -95.5474 58.95 2
      vertex -95.5474 60.05 2
    endloop
  endfacet
  facet normal 0 0 1
    outer loop
      vertex -95.7222 60.2778 2
      vertex -95.7222 58.7222 2
      vertex -95.5474 58.95 2
    endloop
  endfacet
  facet normal 0 0 1
    outer loop
      vertex -95.95 60.4526 2
      vertex -95.7222 58.7222 2
      vertex -95.7222 60.2778 2
    endloop
  endfacet
  facet normal 0 0 1
    outer loop
      vertex -95.95 60.4526 2
      vertex -95.95 58.5474 2
      vertex -95.7222 58.7222 2
    endloop
  endfacet
  facet normal 0 0 1
    outer loop
      vertex -96.2153 60.5625 2
      vertex -95.95 58.5474 2
      vertex -95.95 60.4526 2
    endloop
  endfacet
  facet normal 0 0 1
    outer loop
      vertex -96.2153 60.5625 2
      vertex -96.2153 58.4375 2
      vertex -95.95 58.5474 2
    endloop
  endfacet
  facet normal 0 0 1
    outer loop
      vertex -96.5 60.6 2
      vertex -96.2153 58.4375 2
      vertex -96.2153 60.5625 2
    endloop
  endfacet
  facet normal 0 0 1
    outer loop
      vertex -96.5 60.6 2
      vertex -96.5 58.4 2
      vertex -96.2153 58.4375 2
    endloop
  endfacet
  facet normal -0 0 1
    outer loop
      vertex -96.7847 60.5625 2
      vertex -96.5 58.4 2
      vertex -96.5 60.6 2
    endloop
  endfacet
  facet normal 0 0 1
    outer loop
      vertex -96.7847 60.5625 2
      vertex -96.7847 58.4375 2
      vertex -96.5 58.4 2
    endloop
  endfacet
  facet normal -0 0 1
    outer loop
      vertex -97.05 60.4526 2
      vertex -96.7847 58.4375 2
      vertex -96.7847 60.5625 2
    endloop
  endfacet
  facet normal 0 0 1
    outer loop
      vertex -97.05 60.4526 2
      vertex -97.05 58.5474 2
      vertex -96.7847 58.4375 2
    endloop
  endfacet
  facet normal -0 0 1
    outer loop
      vertex -97.2778 60.2778 2
      vertex -97.05 58.5474 2
      vertex -97.05 60.4526 2
    endloop
  endfacet
  facet normal 0 0 1
    outer loop
      vertex -97.2778 60.2778 2
      vertex -97.2778 58.7222 2
      vertex -97.05 58.5474 2
    endloop
  endfacet
  facet normal -0 0 1
    outer loop
      vertex -97.4526 60.05 2
      vertex -97.2778 58.7222 2
      vertex -97.2778 60.2778 2
    endloop
  endfacet
  facet normal 0 0 1
    outer loop
      vertex -97.4526 60.05 2
      vertex -97.4526 58.95 2
      vertex -97.2778 58.7222 2
    endloop
  endfacet
  facet normal -0 0 1
    outer loop
      vertex -97.5625 59.7847 2
      vertex -97.4526 58.95 2
      vertex -97.4526 60.05 2
    endloop
  endfacet
  facet normal 0 0 1
    outer loop
      vertex -97.5625 59.7847 2
      vertex -97.5625 59.2153 2
      vertex -97.4526 58.95 2
    endloop
  endfacet
  facet normal 0 -0 1
    outer loop
      vertex -97.5625 59.2153 2
      vertex -97.5625 59.7847 2
      vertex -97.6 59.5 2
    endloop
  endfacet
  facet normal 0.793348 0.608768 0
    outer loop
      vertex -97.2778 58.7222 8
      vertex -97.4526 58.95 2
      vertex -97.4526 58.95 8
    endloop
  endfacet
  facet normal 0.793348 0.608768 0
    outer loop
      vertex -97.4526 58.95 2
      vertex -97.2778 58.7222 8
      vertex -97.2778 58.7222 2
    endloop
  endfacet
  facet normal 0.382711 0.923868 -0
    outer loop
      vertex -96.7847 58.4375 2
      vertex -97.05 58.5474 8
      vertex -96.7847 58.4375 8
    endloop
  endfacet
  facet normal 0.382711 0.923868 0
    outer loop
      vertex -97.05 58.5474 8
      vertex -96.7847 58.4375 2
      vertex -97.05 58.5474 2
    endloop
  endfacet
  facet normal 0.991437 0.13059 0
    outer loop
      vertex -97.5625 59.2153 8
      vertex -97.6 59.5 2
      vertex -97.6 59.5 8
    endloop
  endfacet
  facet normal 0.991437 0.13059 0
    outer loop
      vertex -97.6 59.5 2
      vertex -97.5625 59.2153 8
      vertex -97.5625 59.2153 2
    endloop
  endfacet
  facet normal -0.13059 0.991437 0
    outer loop
      vertex -96.2153 58.4375 2
      vertex -96.5 58.4 8
      vertex -96.2153 58.4375 8
    endloop
  endfacet
  facet normal -0.13059 0.991437 0
    outer loop
      vertex -96.5 58.4 8
      vertex -96.2153 58.4375 2
      vertex -96.5 58.4 2
    endloop
  endfacet
  facet normal -0.923868 -0.382711 0
    outer loop
      vertex -37.4375 59.7847 2
      vertex -37.5474 60.05 8
      vertex -37.5474 60.05 2
    endloop
  endfacet
  facet normal -0.923868 -0.382711 0
    outer loop
      vertex -37.5474 60.05 8
      vertex -37.4375 59.7847 2
      vertex -37.4375 59.7847 8
    endloop
  endfacet
  facet normal -0.991437 -0.13059 0
    outer loop
      vertex -37.4 59.5 2
      vertex -37.4375 59.7847 8
      vertex -37.4375 59.7847 2
    endloop
  endfacet
  facet normal -0.991437 -0.13059 0
    outer loop
      vertex -37.4375 59.7847 8
      vertex -37.4 59.5 2
      vertex -37.4 59.5 8
    endloop
  endfacet
  facet normal -0.793348 -0.608768 0
    outer loop
      vertex -37.5474 60.05 2
      vertex -37.7222 60.2778 8
      vertex -37.7222 60.2778 2
    endloop
  endfacet
  facet normal -0.793348 -0.608768 0
    outer loop
      vertex -37.7222 60.2778 8
      vertex -37.5474 60.05 2
      vertex -37.5474 60.05 8
    endloop
  endfacet
  facet normal -0.608768 -0.793348 0
    outer loop
      vertex -37.95 60.4526 2
      vertex -37.7222 60.2778 8
      vertex -37.95 60.4526 8
    endloop
  endfacet
  facet normal -0.608768 -0.793348 -0
    outer loop
      vertex -37.7222 60.2778 8
      vertex -37.95 60.4526 2
      vertex -37.7222 60.2778 2
    endloop
  endfacet
  facet normal 0.923868 -0.382711 0
    outer loop
      vertex -39.5625 59.7847 8
      vertex -39.4526 60.05 2
      vertex -39.4526 60.05 8
    endloop
  endfacet
  facet normal 0.923868 -0.382711 0
    outer loop
      vertex -39.4526 60.05 2
      vertex -39.5625 59.7847 8
      vertex -39.5625 59.7847 2
    endloop
  endfacet
  facet normal 0.793348 -0.608768 0
    outer loop
      vertex -39.4526 60.05 8
      vertex -39.2778 60.2778 2
      vertex -39.2778 60.2778 8
    endloop
  endfacet
  facet normal 0.793348 -0.608768 0
    outer loop
      vertex -39.2778 60.2778 2
      vertex -39.4526 60.05 8
      vertex -39.4526 60.05 2
    endloop
  endfacet
  facet normal 0.13059 0.991437 -0
    outer loop
      vertex -38.5 58.4 2
      vertex -38.7847 58.4375 8
      vertex -38.5 58.4 8
    endloop
  endfacet
  facet normal 0.13059 0.991437 0
    outer loop
      vertex -38.7847 58.4375 8
      vertex -38.5 58.4 2
      vertex -38.7847 58.4375 2
    endloop
  endfacet
  facet normal -0.793348 0.608768 0
    outer loop
      vertex -37.7222 58.7222 2
      vertex -37.5474 58.95 8
      vertex -37.5474 58.95 2
    endloop
  endfacet
  facet normal -0.793348 0.608768 0
    outer loop
      vertex -37.5474 58.95 8
      vertex -37.7222 58.7222 2
      vertex -37.7222 58.7222 8
    endloop
  endfacet
  facet normal 0.923868 0.382711 0
    outer loop
      vertex -39.4526 58.95 8
      vertex -39.5625 59.2153 2
      vertex -39.5625 59.2153 8
    endloop
  endfacet
  facet normal 0.923868 0.382711 0
    outer loop
      vertex -39.5625 59.2153 2
      vertex -39.4526 58.95 8
      vertex -39.4526 58.95 2
    endloop
  endfacet
  facet normal -0.923868 0.382711 0
    outer loop
      vertex -37.5474 58.95 2
      vertex -37.4375 59.2153 8
      vertex -37.4375 59.2153 2
    endloop
  endfacet
  facet normal -0.923868 0.382711 0
    outer loop
      vertex -37.4375 59.2153 8
      vertex -37.5474 58.95 2
      vertex -37.5474 58.95 8
    endloop
  endfacet
  facet normal 0.608768 -0.793348 0
    outer loop
      vertex -39.2778 60.2778 2
      vertex -39.05 60.4526 8
      vertex -39.2778 60.2778 8
    endloop
  endfacet
  facet normal 0.608768 -0.793348 0
    outer loop
      vertex -39.05 60.4526 8
      vertex -39.2778 60.2778 2
      vertex -39.05 60.4526 2
    endloop
  endfacet
  facet normal -0.991437 0.13059 0
    outer loop
      vertex -37.4375 59.2153 2
      vertex -37.4 59.5 8
      vertex -37.4 59.5 2
    endloop
  endfacet
  facet normal -0.991437 0.13059 0
    outer loop
      vertex -37.4 59.5 8
      vertex -37.4375 59.2153 2
      vertex -37.4375 59.2153 8
    endloop
  endfacet
  facet normal 0.382711 -0.923868 0
    outer loop
      vertex -39.05 60.4526 2
      vertex -38.7847 60.5625 8
      vertex -39.05 60.4526 8
    endloop
  endfacet
  facet normal 0.382711 -0.923868 0
    outer loop
      vertex -38.7847 60.5625 8
      vertex -39.05 60.4526 2
      vertex -38.7847 60.5625 2
    endloop
  endfacet
  facet normal -0.382711 -0.923868 0
    outer loop
      vertex -38.2153 60.5625 2
      vertex -37.95 60.4526 8
      vertex -38.2153 60.5625 8
    endloop
  endfacet
  facet normal -0.382711 -0.923868 -0
    outer loop
      vertex -37.95 60.4526 8
      vertex -38.2153 60.5625 2
      vertex -37.95 60.4526 2
    endloop
  endfacet
  facet normal 0.608768 0.793348 -0
    outer loop
      vertex -39.05 58.5474 2
      vertex -39.2778 58.7222 8
      vertex -39.05 58.5474 8
    endloop
  endfacet
  facet normal 0.608768 0.793348 0
    outer loop
      vertex -39.2778 58.7222 8
      vertex -39.05 58.5474 2
      vertex -39.2778 58.7222 2
    endloop
  endfacet
  facet normal -0.382711 0.923868 0
    outer loop
      vertex -37.95 58.5474 2
      vertex -38.2153 58.4375 8
      vertex -37.95 58.5474 8
    endloop
  endfacet
  facet normal -0.382711 0.923868 0
    outer loop
      vertex -38.2153 58.4375 8
      vertex -37.95 58.5474 2
      vertex -38.2153 58.4375 2
    endloop
  endfacet
  facet normal -0.608768 0.793348 0
    outer loop
      vertex -37.7222 58.7222 2
      vertex -37.95 58.5474 8
      vertex -37.7222 58.7222 8
    endloop
  endfacet
  facet normal -0.608768 0.793348 0
    outer loop
      vertex -37.95 58.5474 8
      vertex -37.7222 58.7222 2
      vertex -37.95 58.5474 2
    endloop
  endfacet
  facet normal -0.13059 -0.991437 0
    outer loop
      vertex -38.5 60.6 2
      vertex -38.2153 60.5625 8
      vertex -38.5 60.6 8
    endloop
  endfacet
  facet normal -0.13059 -0.991437 -0
    outer loop
      vertex -38.2153 60.5625 8
      vertex -38.5 60.6 2
      vertex -38.2153 60.5625 2
    endloop
  endfacet
  facet normal 0.991437 -0.13059 0
    outer loop
      vertex -39.6 59.5 8
      vertex -39.5625 59.7847 2
      vertex -39.5625 59.7847 8
    endloop
  endfacet
  facet normal 0.991437 -0.13059 0
    outer loop
      vertex -39.5625 59.7847 2
      vertex -39.6 59.5 8
      vertex -39.6 59.5 2
    endloop
  endfacet
  facet normal 0.13059 -0.991437 0
    outer loop
      vertex -38.7847 60.5625 2
      vertex -38.5 60.6 8
      vertex -38.7847 60.5625 8
    endloop
  endfacet
  facet normal 0.13059 -0.991437 0
    outer loop
      vertex -38.5 60.6 8
      vertex -38.7847 60.5625 2
      vertex -38.5 60.6 2
    endloop
  endfacet
  facet normal 0 0 1
    outer loop
      vertex -37.4375 59.7847 2
      vertex -37.4375 59.2153 2
      vertex -37.4 59.5 2
    endloop
  endfacet
  facet normal 0 0 1
    outer loop
      vertex -37.5474 60.05 2
      vertex -37.4375 59.2153 2
      vertex -37.4375 59.7847 2
    endloop
  endfacet
  facet normal 0 0 1
    outer loop
      vertex -37.5474 60.05 2
      vertex -37.5474 58.95 2
      vertex -37.4375 59.2153 2
    endloop
  endfacet
  facet normal 0 0 1
    outer loop
      vertex -37.7222 60.2778 2
      vertex -37.5474 58.95 2
      vertex -37.5474 60.05 2
    endloop
  endfacet
  facet normal 0 0 1
    outer loop
      vertex -37.7222 60.2778 2
      vertex -37.7222 58.7222 2
      vertex -37.5474 58.95 2
    endloop
  endfacet
  facet normal 0 0 1
    outer loop
      vertex -37.95 60.4526 2
      vertex -37.7222 58.7222 2
      vertex -37.7222 60.2778 2
    endloop
  endfacet
  facet normal 0 0 1
    outer loop
      vertex -37.95 60.4526 2
      vertex -37.95 58.5474 2
      vertex -37.7222 58.7222 2
    endloop
  endfacet
  facet normal 0 0 1
    outer loop
      vertex -38.2153 60.5625 2
      vertex -37.95 58.5474 2
      vertex -37.95 60.4526 2
    endloop
  endfacet
  facet normal 0 0 1
    outer loop
      vertex -38.2153 60.5625 2
      vertex -38.2153 58.4375 2
      vertex -37.95 58.5474 2
    endloop
  endfacet
  facet normal 0 0 1
    outer loop
      vertex -38.5 60.6 2
      vertex -38.2153 58.4375 2
      vertex -38.2153 60.5625 2
    endloop
  endfacet
  facet normal 0 0 1
    outer loop
      vertex -38.5 60.6 2
      vertex -38.5 58.4 2
      vertex -38.2153 58.4375 2
    endloop
  endfacet
  facet normal -0 0 1
    outer loop
      vertex -38.7847 60.5625 2
      vertex -38.5 58.4 2
      vertex -38.5 60.6 2
    endloop
  endfacet
  facet normal 0 0 1
    outer loop
      vertex -38.7847 60.5625 2
      vertex -38.7847 58.4375 2
      vertex -38.5 58.4 2
    endloop
  endfacet
  facet normal -0 0 1
    outer loop
      vertex -39.05 60.4526 2
      vertex -38.7847 58.4375 2
      vertex -38.7847 60.5625 2
    endloop
  endfacet
  facet normal 0 0 1
    outer loop
      vertex -39.05 60.4526 2
      vertex -39.05 58.5474 2
      vertex -38.7847 58.4375 2
    endloop
  endfacet
  facet normal -0 0 1
    outer loop
      vertex -39.2778 60.2778 2
      vertex -39.05 58.5474 2
      vertex -39.05 60.4526 2
    endloop
  endfacet
  facet normal 0 0 1
    outer loop
      vertex -39.2778 60.2778 2
      vertex -39.2778 58.7222 2
      vertex -39.05 58.5474 2
    endloop
  endfacet
  facet normal -0 0 1
    outer loop
      vertex -39.4526 60.05 2
      vertex -39.2778 58.7222 2
      vertex -39.2778 60.2778 2
    endloop
  endfacet
  facet normal 0 0 1
    outer loop
      vertex -39.4526 60.05 2
      vertex -39.4526 58.95 2
      vertex -39.2778 58.7222 2
    endloop
  endfacet
  facet normal -0 0 1
    outer loop
      vertex -39.5625 59.7847 2
      vertex -39.4526 58.95 2
      vertex -39.4526 60.05 2
    endloop
  endfacet
  facet normal 0 0 1
    outer loop
      vertex -39.5625 59.7847 2
      vertex -39.5625 59.2153 2
      vertex -39.4526 58.95 2
    endloop
  endfacet
  facet normal 0 -0 1
    outer loop
      vertex -39.5625 59.2153 2
      vertex -39.5625 59.7847 2
      vertex -39.6 59.5 2
    endloop
  endfacet
  facet normal 0.793348 0.608768 0
    outer loop
      vertex -39.2778 58.7222 8
      vertex -39.4526 58.95 2
      vertex -39.4526 58.95 8
    endloop
  endfacet
  facet normal 0.793348 0.608768 0
    outer loop
      vertex -39.4526 58.95 2
      vertex -39.2778 58.7222 8
      vertex -39.2778 58.7222 2
    endloop
  endfacet
  facet normal 0.382711 0.923868 -0
    outer loop
      vertex -38.7847 58.4375 2
      vertex -39.05 58.5474 8
      vertex -38.7847 58.4375 8
    endloop
  endfacet
  facet normal 0.382711 0.923868 0
    outer loop
      vertex -39.05 58.5474 8
      vertex -38.7847 58.4375 2
      vertex -39.05 58.5474 2
    endloop
  endfacet
  facet normal 0.991437 0.13059 0
    outer loop
      vertex -39.5625 59.2153 8
      vertex -39.6 59.5 2
      vertex -39.6 59.5 8
    endloop
  endfacet
  facet normal 0.991437 0.13059 0
    outer loop
      vertex -39.6 59.5 2
      vertex -39.5625 59.2153 8
      vertex -39.5625 59.2153 2
    endloop
  endfacet
  facet normal -0.13059 0.991437 0
    outer loop
      vertex -38.2153 58.4375 2
      vertex -38.5 58.4 8
      vertex -38.2153 58.4375 8
    endloop
  endfacet
  facet normal -0.13059 0.991437 0
    outer loop
      vertex -38.5 58.4 8
      vertex -38.2153 58.4375 2
      vertex -38.5 58.4 2
    endloop
  endfacet
  facet normal -1 0 0
    outer loop
      vertex -96.15 40 0
      vertex -96.15 46 3
      vertex -96.15 46 0
    endloop
  endfacet
  facet normal -1 -0 0
    outer loop
      vertex -96.15 46 3
      vertex -96.15 40 0
      vertex -96.15 40 3
    endloop
  endfacet
  facet normal 1 -0 0
    outer loop
      vertex -100.15 40 3
      vertex -100.15 46 0
      vertex -100.15 46 3
    endloop
  endfacet
  facet normal 1 0 0
    outer loop
      vertex -100.15 46 0
      vertex -100.15 40 3
      vertex -100.15 40 0
    endloop
  endfacet
  facet normal 0 -1 0
    outer loop
      vertex -100.15 46 0
      vertex -96.15 46 3
      vertex -100.15 46 3
    endloop
  endfacet
  facet normal 0 -1 -0
    outer loop
      vertex -96.15 46 3
      vertex -100.15 46 0
      vertex -96.15 46 0
    endloop
  endfacet
  facet normal 0 1 -0
    outer loop
      vertex -96.15 40 0
      vertex -100.15 40 3
      vertex -96.15 40 3
    endloop
  endfacet
  facet normal 0 1 0
    outer loop
      vertex -100.15 40 3
      vertex -96.15 40 0
      vertex -100.15 40 0
    endloop
  endfacet
  facet normal -1 0 0
    outer loop
      vertex 100.15 40 0
      vertex 100.15 46 3
      vertex 100.15 46 0
    endloop
  endfacet
  facet normal -1 -0 0
    outer loop
      vertex 100.15 46 3
      vertex 100.15 40 0
      vertex 100.15 40 3
    endloop
  endfacet
  facet normal 1 -0 0
    outer loop
      vertex 96.15 40 3
      vertex 96.15 46 0
      vertex 96.15 46 3
    endloop
  endfacet
  facet normal 1 0 0
    outer loop
      vertex 96.15 46 0
      vertex 96.15 40 3
      vertex 96.15 40 0
    endloop
  endfacet
  facet normal 0 -1 0
    outer loop
      vertex 96.15 46 0
      vertex 100.15 46 3
      vertex 96.15 46 3
    endloop
  endfacet
  facet normal 0 -1 -0
    outer loop
      vertex 100.15 46 3
      vertex 96.15 46 0
      vertex 100.15 46 0
    endloop
  endfacet
  facet normal 0 1 -0
    outer loop
      vertex 100.15 40 0
      vertex 96.15 40 3
      vertex 100.15 40 3
    endloop
  endfacet
  facet normal 0 1 0
    outer loop
      vertex 96.15 40 3
      vertex 100.15 40 0
      vertex 96.15 40 0
    endloop
  endfacet
  facet normal -1 0 0
    outer loop
      vertex -45 17 0
      vertex -45 53 3
      vertex -45 53 0
    endloop
  endfacet
  facet normal -1 -0 0
    outer loop
      vertex -45 53 3
      vertex -45 17 0
      vertex -45 17 3
    endloop
  endfacet
  facet normal 1 -0 0
    outer loop
      vertex -90 17 3
      vertex -90 53 0
      vertex -90 53 3
    endloop
  endfacet
  facet normal 1 0 0
    outer loop
      vertex -90 53 0
      vertex -90 17 3
      vertex -90 17 0
    endloop
  endfacet
  facet normal 0 -1 0
    outer loop
      vertex -90 53 0
      vertex -45 53 3
      vertex -90 53 3
    endloop
  endfacet
  facet normal 0 -1 -0
    outer loop
      vertex -45 53 3
      vertex -90 53 0
      vertex -45 53 0
    endloop
  endfacet
  facet normal 0 1 -0
    outer loop
      vertex -45 17 0
      vertex -90 17 3
      vertex -45 17 3
    endloop
  endfacet
  facet normal 0 1 0
    outer loop
      vertex -90 17 3
      vertex -45 17 0
      vertex -90 17 0
    endloop
  endfacet
  facet normal -1 0 0
    outer loop
      vertex -19 5 0
      vertex -19 65 3
      vertex -19 65 0
    endloop
  endfacet
  facet normal -1 -0 0
    outer loop
      vertex -19 65 3
      vertex -19 5 0
      vertex -19 5 3
    endloop
  endfacet
  facet normal 1 -0 0
    outer loop
      vertex -31 5 3
      vertex -31 65 0
      vertex -31 65 3
    endloop
  endfacet
  facet normal 1 0 0
    outer loop
      vertex -31 65 0
      vertex -31 5 3
      vertex -31 5 0
    endloop
  endfacet
  facet normal 0 -1 0
    outer loop
      vertex -31 65 0
      vertex -19 65 3
      vertex -31 65 3
    endloop
  endfacet
  facet normal 0 -1 -0
    outer loop
      vertex -19 65 3
      vertex -31 65 0
      vertex -19 65 0
    endloop
  endfacet
  facet normal 0 1 -0
    outer loop
      vertex -19 5 0
      vertex -31 5 3
      vertex -19 5 3
    endloop
  endfacet
  facet normal 0 1 0
    outer loop
      vertex -31 5 3
      vertex -19 5 0
      vertex -31 5 0
    endloop
  endfacet
  facet normal -1 0 0
    outer loop
      vertex 90 12 0
      vertex 90 62 3
      vertex 90 62 0
    endloop
  endfacet
  facet normal -1 -0 0
    outer loop
      vertex 90 62 3
      vertex 90 12 0
      vertex 90 12 3
    endloop
  endfacet
  facet normal 1 -0 0
    outer loop
      vertex 20 50.9 3
      vertex 20 62 0
      vertex 20 62 3
    endloop
  endfacet
  facet normal 1 0 0
    outer loop
      vertex 20 62 0
      vertex 20 50.9 3
      vertex 20 50.9 0
    endloop
  endfacet
  facet normal 1 -0 0
    outer loop
      vertex 20 12 3
      vertex 20 24.9 0
      vertex 20 24.9 3
    endloop
  endfacet
  facet normal 1 0 0
    outer loop
      vertex 20 24.9 0
      vertex 20 12 3
      vertex 20 12 0
    endloop
  endfacet
  facet normal 0 -1 0
    outer loop
      vertex 20 62 0
      vertex 90 62 3
      vertex 20 62 3
    endloop
  endfacet
  facet normal 0 -1 -0
    outer loop
      vertex 90 62 3
      vertex 20 62 0
      vertex 90 62 0
    endloop
  endfacet
  facet normal 0 1 -0
    outer loop
      vertex 90 12 0
      vertex 20 12 3
      vertex 90 12 3
    endloop
  endfacet
  facet normal 0 1 0
    outer loop
      vertex 20 12 3
      vertex 90 12 0
      vertex 20 12 0
    endloop
  endfacet
  facet normal 1 -0 0
    outer loop
      vertex 6 24.9 3
      vertex 6 50.9 0
      vertex 6 50.9 3
    endloop
  endfacet
  facet normal 1 0 0
    outer loop
      vertex 6 50.9 0
      vertex 6 24.9 3
      vertex 6 24.9 0
    endloop
  endfacet
  facet normal 0 -1 0
    outer loop
      vertex 6 50.9 0
      vertex 20 50.9 3
      vertex 6 50.9 3
    endloop
  endfacet
  facet normal 0 -1 -0
    outer loop
      vertex 20 50.9 3
      vertex 6 50.9 0
      vertex 20 50.9 0
    endloop
  endfacet
  facet normal 0 1 -0
    outer loop
      vertex 20 24.9 0
      vertex 6 24.9 3
      vertex 20 24.9 3
    endloop
  endfacet
  facet normal 0 1 0
    outer loop
      vertex 6 24.9 3
      vertex 20 24.9 0
      vertex 6 24.9 0
    endloop
  endfacet
endsolid OpenSCAD_Model
