solid OpenSCAD_Model
  facet normal 0.164598 -0.986361 0
    outer loop
      vertex 42 0 0
      vertex 43.9482 0.325104 33
      vertex 42 0 33
    endloop
  endfacet
  facet normal 0.164598 -0.986361 0
    outer loop
      vertex 43.9482 0.325104 33
      vertex 42 0 0
      vertex 43.9482 0.325104 0
    endloop
  endfacet
  facet normal 0.735731 -0.677274 0
    outer loop
      vertex 45.6853 1.26515 33
      vertex 47.023 2.71831 0
      vertex 47.023 2.71831 33
    endloop
  endfacet
  facet normal 0.735731 -0.677274 0
    outer loop
      vertex 47.023 2.71831 0
      vertex 45.6853 1.26515 33
      vertex 45.6853 1.26515 0
    endloop
  endfacet
  facet normal 0 -1 0
    outer loop
      vertex -42 0 33
      vertex 32.5 0 21
      vertex 42 0 33
    endloop
  endfacet
  facet normal 0 -1 0
    outer loop
      vertex -33.3 0 14
      vertex -42 0 33
      vertex -39.3 0 14
    endloop
  endfacet
  facet normal 0 -1 0
    outer loop
      vertex -42 0 0
      vertex -39.3 0 14
      vertex -42 0 33
    endloop
  endfacet
  facet normal 0 -1 -0
    outer loop
      vertex -39.3 0 4.00998
      vertex -42 0 0
      vertex -33.3 0 4.00998
    endloop
  endfacet
  facet normal 0 -1 -0
    outer loop
      vertex -39.3 0 14
      vertex -42 0 0
      vertex -39.3 0 4.00998
    endloop
  endfacet
  facet normal 0 -1 0
    outer loop
      vertex 40.5 0 13
      vertex 42 0 33
      vertex 32.5 0 21
    endloop
  endfacet
  facet normal 0 -1 0
    outer loop
      vertex 42 0 0
      vertex 40.5 0 13
      vertex 40.5 0 12
    endloop
  endfacet
  facet normal 0 -1 0
    outer loop
      vertex 22.5 0 6
      vertex 24.5 0 12
      vertex 22.5 0 11
    endloop
  endfacet
  facet normal 0 -1 -0
    outer loop
      vertex 24.5 0 12
      vertex 22.5 0 6
      vertex 40.5 0 12
    endloop
  endfacet
  facet normal 0 -1 0
    outer loop
      vertex 42 0 0
      vertex 18.5 0 6
      vertex -42 0 0
    endloop
  endfacet
  facet normal 0 -1 0
    outer loop
      vertex 40.5 0 13
      vertex 42 0 0
      vertex 42 0 33
    endloop
  endfacet
  facet normal 0 -1 0
    outer loop
      vertex 22.5 0 6
      vertex 42 0 0
      vertex 40.5 0 12
    endloop
  endfacet
  facet normal 0 -1 0
    outer loop
      vertex 18.5 0 6
      vertex 42 0 0
      vertex 22.5 0 6
    endloop
  endfacet
  facet normal 0 -1 0
    outer loop
      vertex 18.5 0 11
      vertex -42 0 33
      vertex -33.3 0 14
    endloop
  endfacet
  facet normal 0 -1 0
    outer loop
      vertex -42 0 33
      vertex 18.5 0 11
      vertex 32.5 0 21
    endloop
  endfacet
  facet normal 0 -1 0
    outer loop
      vertex 32.5 0 21
      vertex 18.5 0 11
      vertex 24.5 0 13
    endloop
  endfacet
  facet normal 0 -1 -0
    outer loop
      vertex 24.5 0 13
      vertex 22.5 0 11
      vertex 24.5 0 12
    endloop
  endfacet
  facet normal 0 -1 0
    outer loop
      vertex 22.5 0 11
      vertex 24.5 0 13
      vertex 18.5 0 11
    endloop
  endfacet
  facet normal 0 -1 0
    outer loop
      vertex -33.3 0 4.00998
      vertex 18.5 0 11
      vertex -33.3 0 14
    endloop
  endfacet
  facet normal 0 -1 0
    outer loop
      vertex -42 0 0
      vertex 18.5 0 6
      vertex -33.3 0 4.00998
    endloop
  endfacet
  facet normal 0 -1 -0
    outer loop
      vertex 18.5 0 11
      vertex -33.3 0 4.00998
      vertex 18.5 0 6
    endloop
  endfacet
  facet normal 0.475937 -0.879479 0
    outer loop
      vertex 43.9482 0.325104 0
      vertex 45.6853 1.26515 33
      vertex 43.9482 0.325104 33
    endloop
  endfacet
  facet normal 0.475937 -0.879479 0
    outer loop
      vertex 45.6853 1.26515 33
      vertex 43.9482 0.325104 0
      vertex 45.6853 1.26515 0
    endloop
  endfacet
  facet normal -0.879464 -0.475965 0
    outer loop
      vertex -46.7348 2.31473 0
      vertex -47.6749 4.0518 33
      vertex -47.6749 4.0518 0
    endloop
  endfacet
  facet normal -0.879464 -0.475965 0
    outer loop
      vertex -47.6749 4.0518 33
      vertex -46.7348 2.31473 0
      vertex -46.7348 2.31473 33
    endloop
  endfacet
  facet normal -0.164596 0.986361 0
    outer loop
      vertex -42 44 0
      vertex -43.9482 43.6749 33
      vertex -42 44 33
    endloop
  endfacet
  facet normal -0.164596 0.986361 0
    outer loop
      vertex -43.9482 43.6749 33
      vertex -42 44 0
      vertex -43.9482 43.6749 0
    endloop
  endfacet
  facet normal -0.401694 -0.915774 0
    outer loop
      vertex -45.2817 0.977005 0
      vertex -43.4729 0.183594 33
      vertex -45.2817 0.977005 33
    endloop
  endfacet
  facet normal -0.401694 -0.915774 -0
    outer loop
      vertex -43.4729 0.183594 33
      vertex -45.2817 0.977005 0
      vertex -43.4729 0.183594 0
    endloop
  endfacet
  facet normal -0.123691 -0.992321 0
    outer loop
      vertex -43.4729 0.183594 0
      vertex -42 0 33
      vertex -43.4729 0.183594 33
    endloop
  endfacet
  facet normal -0.123691 -0.992321 -0
    outer loop
      vertex -42 0 33
      vertex -43.4729 0.183594 0
      vertex -42 0 0
    endloop
  endfacet
  facet normal -0.99232 0.123695 0
    outer loop
      vertex -48 38 0
      vertex -47.8164 39.4729 33
      vertex -47.8164 39.4729 0
    endloop
  endfacet
  facet normal -0.99232 0.123695 0
    outer loop
      vertex -47.8164 39.4729 33
      vertex -48 38 0
      vertex -48 38 33
    endloop
  endfacet
  facet normal 0.915773 -0.401695 0
    outer loop
      vertex 47.023 2.71831 33
      vertex 47.8164 4.52708 0
      vertex 47.8164 4.52708 33
    endloop
  endfacet
  facet normal 0.915773 -0.401695 0
    outer loop
      vertex 47.8164 4.52708 0
      vertex 47.023 2.71831 33
      vertex 47.023 2.71831 0
    endloop
  endfacet
  facet normal -1 0 0
    outer loop
      vertex -48 6 0
      vertex -48 38 33
      vertex -48 38 0
    endloop
  endfacet
  facet normal -1 -0 0
    outer loop
      vertex -48 38 33
      vertex -48 6 0
      vertex -48 6 33
    endloop
  endfacet
  facet normal 0 0 1
    outer loop
      vertex -39.7 7 33
      vertex -36.7 7 33
      vertex -36.7529 7.67267 33
    endloop
  endfacet
  facet normal 0 0 1
    outer loop
      vertex -39.7443 7.33646 33
      vertex -36.7529 7.67267 33
      vertex -36.9105 8.32877 33
    endloop
  endfacet
  facet normal 0 0 1
    outer loop
      vertex -36.7 7 33
      vertex -39.7 7 33
      vertex -36.7529 6.32733 33
    endloop
  endfacet
  facet normal 0 0 1
    outer loop
      vertex -39.7443 7.33646 33
      vertex -36.9105 8.32877 33
      vertex -37.1687 8.95216 33
    endloop
  endfacet
  facet normal -0 0 1
    outer loop
      vertex -39.7443 6.66354 33
      vertex -36.7529 6.32733 33
      vertex -39.7 7 33
    endloop
  endfacet
  facet normal 0 0 1
    outer loop
      vertex -39.8742 7.65 33
      vertex -37.1687 8.95216 33
      vertex -37.5212 9.52748 33
    endloop
  endfacet
  facet normal 0 0 1
    outer loop
      vertex -36.7529 6.32733 33
      vertex -39.7443 6.66354 33
      vertex -36.9105 5.67123 33
    endloop
  endfacet
  facet normal 0 0 1
    outer loop
      vertex -40.0808 7.91924 33
      vertex -37.5212 9.52748 33
      vertex -37.9594 10.0406 33
    endloop
  endfacet
  facet normal 0 0 1
    outer loop
      vertex -36.9105 5.67123 33
      vertex -39.7443 6.66354 33
      vertex -37.1687 5.04784 33
    endloop
  endfacet
  facet normal 0 0 1
    outer loop
      vertex -40.0808 7.91924 33
      vertex -37.9594 10.0406 33
      vertex -38.4725 10.4788 33
    endloop
  endfacet
  facet normal -0 0 1
    outer loop
      vertex -39.8742 6.35 33
      vertex -37.1687 5.04784 33
      vertex -39.7443 6.66354 33
    endloop
  endfacet
  facet normal 0 0 1
    outer loop
      vertex -40.35 8.12583 33
      vertex -38.4725 10.4788 33
      vertex -39.0478 10.8313 33
    endloop
  endfacet
  facet normal 0 0 1
    outer loop
      vertex -37.1687 5.04784 33
      vertex -39.8742 6.35 33
      vertex -37.5212 4.47252 33
    endloop
  endfacet
  facet normal -0 0 1
    outer loop
      vertex -40.0808 6.08076 33
      vertex -37.5212 4.47252 33
      vertex -39.8742 6.35 33
    endloop
  endfacet
  facet normal 0 0 1
    outer loop
      vertex -40.35 8.12583 33
      vertex -39.0478 10.8313 33
      vertex -39.6712 11.0895 33
    endloop
  endfacet
  facet normal 0 0 1
    outer loop
      vertex 40.0808 7.91924 33
      vertex 37.5212 9.52748 33
      vertex 39.8742 7.65 33
    endloop
  endfacet
  facet normal -0 0 1
    outer loop
      vertex 37.1687 8.95216 33
      vertex 39.8742 7.65 33
      vertex 37.5212 9.52748 33
    endloop
  endfacet
  facet normal 0 -0 1
    outer loop
      vertex 39.0478 3.16867 33
      vertex 39.7 7 33
      vertex 38.4725 3.52123 33
    endloop
  endfacet
  facet normal 0 0 1
    outer loop
      vertex 39.7 7 33
      vertex 39.0478 3.16867 33
      vertex 39.4551 3 33
    endloop
  endfacet
  facet normal 0 0 1
    outer loop
      vertex 39.8742 7.65 33
      vertex 37.1687 8.95216 33
      vertex 39.7443 7.33646 33
    endloop
  endfacet
  facet normal 0 0 1
    outer loop
      vertex 39.7 7 33
      vertex 37.9594 3.95944 33
      vertex 38.4725 3.52123 33
    endloop
  endfacet
  facet normal -0 0 1
    outer loop
      vertex 36.9105 8.32877 33
      vertex 39.7443 7.33646 33
      vertex 37.1687 8.95216 33
    endloop
  endfacet
  facet normal 0 0 1
    outer loop
      vertex 39.7 7 33
      vertex 37.5212 4.47252 33
      vertex 37.9594 3.95944 33
    endloop
  endfacet
  facet normal -0 0 1
    outer loop
      vertex 36.7529 7.67267 33
      vertex 39.7443 7.33646 33
      vertex 36.9105 8.32877 33
    endloop
  endfacet
  facet normal 0 0 1
    outer loop
      vertex 39.7 7 33
      vertex 37.1687 5.04784 33
      vertex 37.5212 4.47252 33
    endloop
  endfacet
  facet normal 0 0 1
    outer loop
      vertex 39.7443 7.33646 33
      vertex 36.7529 7.67267 33
      vertex 39.7 7 33
    endloop
  endfacet
  facet normal 0 0 1
    outer loop
      vertex 39.7 7 33
      vertex 36.9105 5.67123 33
      vertex 37.1687 5.04784 33
    endloop
  endfacet
  facet normal 0 0 1
    outer loop
      vertex 36.7 7 33
      vertex 39.7 7 33
      vertex 36.7529 7.67267 33
    endloop
  endfacet
  facet normal 0 0 1
    outer loop
      vertex 39.7 7 33
      vertex 36.7529 6.32733 33
      vertex 36.9105 5.67123 33
    endloop
  endfacet
  facet normal 0 0 1
    outer loop
      vertex 39.7 7 33
      vertex 36.7 7 33
      vertex 36.7529 6.32733 33
    endloop
  endfacet
  facet normal 0 0 1
    outer loop
      vertex 40.0808 37.9192 33
      vertex 37.5212 39.5275 33
      vertex 39.8742 37.65 33
    endloop
  endfacet
  facet normal 0 0 1
    outer loop
      vertex 39.7 37 33
      vertex 39.0478 33.1687 33
      vertex 39.6712 32.9105 33
    endloop
  endfacet
  facet normal -0 0 1
    outer loop
      vertex 37.1687 38.9522 33
      vertex 39.8742 37.65 33
      vertex 37.5212 39.5275 33
    endloop
  endfacet
  facet normal 0 0 1
    outer loop
      vertex 39.7 37 33
      vertex 38.4725 33.5212 33
      vertex 39.0478 33.1687 33
    endloop
  endfacet
  facet normal 0 0 1
    outer loop
      vertex 39.8742 37.65 33
      vertex 37.1687 38.9522 33
      vertex 39.7443 37.3365 33
    endloop
  endfacet
  facet normal 0 0 1
    outer loop
      vertex 39.7 37 33
      vertex 37.9594 33.9594 33
      vertex 38.4725 33.5212 33
    endloop
  endfacet
  facet normal -0 0 1
    outer loop
      vertex 36.9105 38.3288 33
      vertex 39.7443 37.3365 33
      vertex 37.1687 38.9522 33
    endloop
  endfacet
  facet normal 0 0 1
    outer loop
      vertex 39.7 37 33
      vertex 37.5212 34.4725 33
      vertex 37.9594 33.9594 33
    endloop
  endfacet
  facet normal -0 0 1
    outer loop
      vertex 36.7529 37.6727 33
      vertex 39.7443 37.3365 33
      vertex 36.9105 38.3288 33
    endloop
  endfacet
  facet normal 0 0 1
    outer loop
      vertex 39.7 37 33
      vertex 37.1687 35.0478 33
      vertex 37.5212 34.4725 33
    endloop
  endfacet
  facet normal 0 0 1
    outer loop
      vertex 39.7443 37.3365 33
      vertex 36.7529 37.6727 33
      vertex 39.7 37 33
    endloop
  endfacet
  facet normal 0 0 1
    outer loop
      vertex 39.7 37 33
      vertex 36.9105 35.6712 33
      vertex 37.1687 35.0478 33
    endloop
  endfacet
  facet normal 0 0 1
    outer loop
      vertex 36.7 37 33
      vertex 39.7 37 33
      vertex 36.7529 37.6727 33
    endloop
  endfacet
  facet normal 0 0 1
    outer loop
      vertex 39.7 37 33
      vertex 36.7529 36.3273 33
      vertex 36.9105 35.6712 33
    endloop
  endfacet
  facet normal 0 0 1
    outer loop
      vertex 39.7 37 33
      vertex 36.7 37 33
      vertex 36.7529 36.3273 33
    endloop
  endfacet
  facet normal 0 0 1
    outer loop
      vertex -39.7 37 33
      vertex -36.7 37 33
      vertex -36.7529 37.6727 33
    endloop
  endfacet
  facet normal 0 0 1
    outer loop
      vertex -39.7443 37.3365 33
      vertex -36.7529 37.6727 33
      vertex -36.9105 38.3288 33
    endloop
  endfacet
  facet normal 0 0 1
    outer loop
      vertex -36.7 37 33
      vertex -39.7 37 33
      vertex -36.7529 36.3273 33
    endloop
  endfacet
  facet normal 0 0 1
    outer loop
      vertex -39.7443 37.3365 33
      vertex -36.9105 38.3288 33
      vertex -37.1687 38.9522 33
    endloop
  endfacet
  facet normal -0 0 1
    outer loop
      vertex -39.7443 36.6635 33
      vertex -36.7529 36.3273 33
      vertex -39.7 37 33
    endloop
  endfacet
  facet normal 0 0 1
    outer loop
      vertex -39.8742 37.65 33
      vertex -37.1687 38.9522 33
      vertex -37.5212 39.5275 33
    endloop
  endfacet
  facet normal 0 0 1
    outer loop
      vertex -36.7529 36.3273 33
      vertex -39.7443 36.6635 33
      vertex -36.9105 35.6712 33
    endloop
  endfacet
  facet normal 0 0 1
    outer loop
      vertex -40.0808 37.9192 33
      vertex -37.5212 39.5275 33
      vertex -37.9594 40.0406 33
    endloop
  endfacet
  facet normal 0 0 1
    outer loop
      vertex -36.9105 35.6712 33
      vertex -39.7443 36.6635 33
      vertex -37.1687 35.0478 33
    endloop
  endfacet
  facet normal 0 0 1
    outer loop
      vertex -40.0808 37.9192 33
      vertex -37.9594 40.0406 33
      vertex -38.4725 40.4788 33
    endloop
  endfacet
  facet normal -0 0 1
    outer loop
      vertex -39.8742 36.35 33
      vertex -37.1687 35.0478 33
      vertex -39.7443 36.6635 33
    endloop
  endfacet
  facet normal 0 0 1
    outer loop
      vertex -40.35 38.1258 33
      vertex -38.4725 40.4788 33
      vertex -39.0478 40.8313 33
    endloop
  endfacet
  facet normal 0 0 1
    outer loop
      vertex -37.1687 35.0478 33
      vertex -39.8742 36.35 33
      vertex -37.5212 34.4725 33
    endloop
  endfacet
  facet normal 0 0 1
    outer loop
      vertex -40.35 38.1258 33
      vertex -39.0478 40.8313 33
      vertex -39.4551 41 33
    endloop
  endfacet
  facet normal -0 0 1
    outer loop
      vertex -40.0808 36.0808 33
      vertex -37.5212 34.4725 33
      vertex -39.8742 36.35 33
    endloop
  endfacet
  facet normal 0 0 1
    outer loop
      vertex -42.1258 7.65 33
      vertex -45 8.54495 33
      vertex -42.2557 7.33646 33
    endloop
  endfacet
  facet normal 0 -0 1
    outer loop
      vertex -44.5318 4.55907 33
      vertex -42.3 7 33
      vertex -45 8.54495 33
    endloop
  endfacet
  facet normal 0 0 1
    outer loop
      vertex -42.3 7 33
      vertex -44.4788 4.47252 33
      vertex -44.162 4.10158 33
    endloop
  endfacet
  facet normal 0 0 1
    outer loop
      vertex -42.2557 7.33646 33
      vertex -45 8.54495 33
      vertex -42.3 7 33
    endloop
  endfacet
  facet normal 0 0 1
    outer loop
      vertex -45 35.4551 33
      vertex -42.2557 37.3365 33
      vertex -43.8984 40.162 33
    endloop
  endfacet
  facet normal 0 0 1
    outer loop
      vertex -42.2557 37.3365 33
      vertex -45 35.4551 33
      vertex -42.3 37 33
    endloop
  endfacet
  facet normal 0 0 1
    outer loop
      vertex -42.3 37 33
      vertex -43.5275 33.5212 33
      vertex -42.9522 33.1687 33
    endloop
  endfacet
  facet normal 0 0 1
    outer loop
      vertex -42.3 37 33
      vertex -44.0406 33.9594 33
      vertex -43.5275 33.5212 33
    endloop
  endfacet
  facet normal 0 0 1
    outer loop
      vertex -43.7634 40.427 33
      vertex -45.6853 42.7348 33
      vertex -43.8984 40.162 33
    endloop
  endfacet
  facet normal 0 -0 1
    outer loop
      vertex -44.8313 35.0478 33
      vertex -42.3 37 33
      vertex -45 35.4551 33
    endloop
  endfacet
  facet normal 0 0 1
    outer loop
      vertex -42.3 37 33
      vertex -44.4788 34.4725 33
      vertex -44.0406 33.9594 33
    endloop
  endfacet
  facet normal 0 0 1
    outer loop
      vertex -42.3 37 33
      vertex -44.8313 35.0478 33
      vertex -44.4788 34.4725 33
    endloop
  endfacet
  facet normal 0 0 1
    outer loop
      vertex -48 6 33
      vertex -45 8.54495 33
      vertex -45 35.4551 33
    endloop
  endfacet
  facet normal -0 0 1
    outer loop
      vertex -47.023 41.2817 33
      vertex -43.8984 40.162 33
      vertex -45.6853 42.7348 33
    endloop
  endfacet
  facet normal 0 0 1
    outer loop
      vertex -47.8164 39.4729 33
      vertex -43.8984 40.162 33
      vertex -47.023 41.2817 33
    endloop
  endfacet
  facet normal 0 0 1
    outer loop
      vertex -48 6 33
      vertex -45 35.4551 33
      vertex -48 38 33
    endloop
  endfacet
  facet normal 0 0 1
    outer loop
      vertex -48 38 33
      vertex -43.8984 40.162 33
      vertex -47.8164 39.4729 33
    endloop
  endfacet
  facet normal 0 -0 1
    outer loop
      vertex -47.6749 4.0518 33
      vertex -45 8.54495 33
      vertex -48 6 33
    endloop
  endfacet
  facet normal 0 0 1
    outer loop
      vertex -43.8984 40.162 33
      vertex -48 38 33
      vertex -45 35.4551 33
    endloop
  endfacet
  facet normal 0 0 1
    outer loop
      vertex -45 8.54495 33
      vertex -46.7348 2.31473 33
      vertex -45.2817 0.977005 33
    endloop
  endfacet
  facet normal 0 0 1
    outer loop
      vertex -45 8.54495 33
      vertex -47.6749 4.0518 33
      vertex -46.7348 2.31473 33
    endloop
  endfacet
  facet normal 0 0 1
    outer loop
      vertex -36.7529 7.67267 33
      vertex -39.7443 7.33646 33
      vertex -39.7 7 33
    endloop
  endfacet
  facet normal 0 0 1
    outer loop
      vertex -37.1687 8.95216 33
      vertex -39.8742 7.65 33
      vertex -39.7443 7.33646 33
    endloop
  endfacet
  facet normal 0 0 1
    outer loop
      vertex -37.5212 9.52748 33
      vertex -40.0808 7.91924 33
      vertex -39.8742 7.65 33
    endloop
  endfacet
  facet normal 0 0 1
    outer loop
      vertex -40.6635 8.2557 33
      vertex -39.6712 11.0895 33
      vertex -40.3273 11.2471 33
    endloop
  endfacet
  facet normal 0 0 1
    outer loop
      vertex -38.4725 10.4788 33
      vertex -40.35 8.12583 33
      vertex -40.0808 7.91924 33
    endloop
  endfacet
  facet normal 0 0 1
    outer loop
      vertex -39.6712 11.0895 33
      vertex -40.6635 8.2557 33
      vertex -40.35 8.12583 33
    endloop
  endfacet
  facet normal 0 0 1
    outer loop
      vertex -41 8.3 33
      vertex -40.3273 11.2471 33
      vertex -41 11.3 33
    endloop
  endfacet
  facet normal 0 0 1
    outer loop
      vertex -40.3273 11.2471 33
      vertex -41 8.3 33
      vertex -40.6635 8.2557 33
    endloop
  endfacet
  facet normal -0 0 1
    outer loop
      vertex -41.6727 11.2471 33
      vertex -41 8.3 33
      vertex -41 11.3 33
    endloop
  endfacet
  facet normal 0 0 1
    outer loop
      vertex -41 8.3 33
      vertex -41.6727 11.2471 33
      vertex -41.3365 8.2557 33
    endloop
  endfacet
  facet normal -0 0 1
    outer loop
      vertex -42.3288 11.0895 33
      vertex -41.3365 8.2557 33
      vertex -41.6727 11.2471 33
    endloop
  endfacet
  facet normal 0 0 1
    outer loop
      vertex -41.3365 8.2557 33
      vertex -42.3288 11.0895 33
      vertex -41.65 8.12583 33
    endloop
  endfacet
  facet normal -0 0 1
    outer loop
      vertex -42.9522 10.8313 33
      vertex -41.65 8.12583 33
      vertex -42.3288 11.0895 33
    endloop
  endfacet
  facet normal -0 0 1
    outer loop
      vertex -43.5275 10.4788 33
      vertex -41.65 8.12583 33
      vertex -42.9522 10.8313 33
    endloop
  endfacet
  facet normal -0 0 1
    outer loop
      vertex -44.0406 10.0406 33
      vertex -41.9192 7.91924 33
      vertex -43.5275 10.4788 33
    endloop
  endfacet
  facet normal 0 0 1
    outer loop
      vertex -41.65 8.12583 33
      vertex -43.5275 10.4788 33
      vertex -41.9192 7.91924 33
    endloop
  endfacet
  facet normal 0 0 1
    outer loop
      vertex -37.9594 33.9594 33
      vertex -40.0808 36.0808 33
      vertex -38.4725 33.5212 33
    endloop
  endfacet
  facet normal -0 0 1
    outer loop
      vertex -40.35 35.8742 33
      vertex -38.4725 33.5212 33
      vertex -40.0808 36.0808 33
    endloop
  endfacet
  facet normal 0 0 1
    outer loop
      vertex -38.4725 33.5212 33
      vertex -40.35 35.8742 33
      vertex -39.0478 33.1687 33
    endloop
  endfacet
  facet normal 0 0 1
    outer loop
      vertex -39.0478 33.1687 33
      vertex -40.35 35.8742 33
      vertex -39.6712 32.9105 33
    endloop
  endfacet
  facet normal -0 0 1
    outer loop
      vertex -40.6635 35.7443 33
      vertex -39.6712 32.9105 33
      vertex -40.35 35.8742 33
    endloop
  endfacet
  facet normal 0 0 1
    outer loop
      vertex -39.6712 32.9105 33
      vertex -40.6635 35.7443 33
      vertex -40.3273 32.7529 33
    endloop
  endfacet
  facet normal -0 0 1
    outer loop
      vertex -41 35.7 33
      vertex -40.3273 32.7529 33
      vertex -40.6635 35.7443 33
    endloop
  endfacet
  facet normal 0 0 1
    outer loop
      vertex -41 35.7 33
      vertex -41 32.7 33
      vertex -40.3273 32.7529 33
    endloop
  endfacet
  facet normal 0 0 1
    outer loop
      vertex -41.6727 32.7529 33
      vertex -41 35.7 33
      vertex -41.3365 35.7443 33
    endloop
  endfacet
  facet normal 0 0 1
    outer loop
      vertex -42.3288 32.9105 33
      vertex -41.3365 35.7443 33
      vertex -41.65 35.8742 33
    endloop
  endfacet
  facet normal 0 0 1
    outer loop
      vertex -41 35.7 33
      vertex -41.6727 32.7529 33
      vertex -41 32.7 33
    endloop
  endfacet
  facet normal 0 0 1
    outer loop
      vertex -42.9522 33.1687 33
      vertex -41.65 35.8742 33
      vertex -41.9192 36.0808 33
    endloop
  endfacet
  facet normal 0 0 1
    outer loop
      vertex -42.9522 33.1687 33
      vertex -41.9192 36.0808 33
      vertex -42.1258 36.35 33
    endloop
  endfacet
  facet normal 0 0 1
    outer loop
      vertex -42.9522 33.1687 33
      vertex -42.1258 36.35 33
      vertex -42.2557 36.6635 33
    endloop
  endfacet
  facet normal 0 0 1
    outer loop
      vertex -41.3365 35.7443 33
      vertex -42.3288 32.9105 33
      vertex -41.6727 32.7529 33
    endloop
  endfacet
  facet normal 0 0 1
    outer loop
      vertex -42.9522 33.1687 33
      vertex -42.2557 36.6635 33
      vertex -42.3 37 33
    endloop
  endfacet
  facet normal 0 0 1
    outer loop
      vertex 45 8.54495 33
      vertex 42.2557 7.33646 33
      vertex 42.3 7 33
    endloop
  endfacet
  facet normal 0 0 1
    outer loop
      vertex 42.9522 10.8313 33
      vertex 42.1258 7.65 33
      vertex 42.2557 7.33646 33
    endloop
  endfacet
  facet normal 0 0 1
    outer loop
      vertex 42.9522 10.8313 33
      vertex 41.9192 7.91924 33
      vertex 42.1258 7.65 33
    endloop
  endfacet
  facet normal 0 0 1
    outer loop
      vertex 41.3365 8.2557 33
      vertex 42.3288 11.0895 33
      vertex 41.6727 11.2471 33
    endloop
  endfacet
  facet normal 0 0 1
    outer loop
      vertex 42.9522 10.8313 33
      vertex 41.65 8.12583 33
      vertex 41.9192 7.91924 33
    endloop
  endfacet
  facet normal 0 0 1
    outer loop
      vertex 42.3288 11.0895 33
      vertex 41.3365 8.2557 33
      vertex 41.65 8.12583 33
    endloop
  endfacet
  facet normal 0 0 1
    outer loop
      vertex 41 8.3 33
      vertex 41.6727 11.2471 33
      vertex 41 11.3 33
    endloop
  endfacet
  facet normal 0 0 1
    outer loop
      vertex 41.6727 11.2471 33
      vertex 41 8.3 33
      vertex 41.3365 8.2557 33
    endloop
  endfacet
  facet normal -0 0 1
    outer loop
      vertex 40.3273 11.2471 33
      vertex 41 8.3 33
      vertex 41 11.3 33
    endloop
  endfacet
  facet normal 0 0 1
    outer loop
      vertex 41 8.3 33
      vertex 40.3273 11.2471 33
      vertex 40.6635 8.2557 33
    endloop
  endfacet
  facet normal -0 0 1
    outer loop
      vertex 39.6712 11.0895 33
      vertex 40.6635 8.2557 33
      vertex 40.3273 11.2471 33
    endloop
  endfacet
  facet normal 0 0 1
    outer loop
      vertex 40.6635 8.2557 33
      vertex 39.6712 11.0895 33
      vertex 40.35 8.12583 33
    endloop
  endfacet
  facet normal -0 0 1
    outer loop
      vertex 39.0478 10.8313 33
      vertex 40.35 8.12583 33
      vertex 39.6712 11.0895 33
    endloop
  endfacet
  facet normal -0 0 1
    outer loop
      vertex 38.4725 10.4788 33
      vertex 40.35 8.12583 33
      vertex 39.0478 10.8313 33
    endloop
  endfacet
  facet normal -0 0 1
    outer loop
      vertex 37.9594 10.0406 33
      vertex 40.0808 7.91924 33
      vertex 38.4725 10.4788 33
    endloop
  endfacet
  facet normal 0 0 1
    outer loop
      vertex 40.35 8.12583 33
      vertex 38.4725 10.4788 33
      vertex 40.0808 7.91924 33
    endloop
  endfacet
  facet normal 0 0 1
    outer loop
      vertex 44.0406 33.9594 33
      vertex 41.9192 36.0808 33
      vertex 43.5275 33.5212 33
    endloop
  endfacet
  facet normal -0 0 1
    outer loop
      vertex 41.65 35.8742 33
      vertex 43.5275 33.5212 33
      vertex 41.9192 36.0808 33
    endloop
  endfacet
  facet normal 0 0 1
    outer loop
      vertex 43.5275 33.5212 33
      vertex 41.65 35.8742 33
      vertex 42.9522 33.1687 33
    endloop
  endfacet
  facet normal 0 0 1
    outer loop
      vertex 42.9522 33.1687 33
      vertex 41.65 35.8742 33
      vertex 42.3288 32.9105 33
    endloop
  endfacet
  facet normal -0 0 1
    outer loop
      vertex 41.3365 35.7443 33
      vertex 42.3288 32.9105 33
      vertex 41.65 35.8742 33
    endloop
  endfacet
  facet normal 0 0 1
    outer loop
      vertex 42.3288 32.9105 33
      vertex 41.3365 35.7443 33
      vertex 41.6727 32.7529 33
    endloop
  endfacet
  facet normal -0 0 1
    outer loop
      vertex 41 35.7 33
      vertex 41.6727 32.7529 33
      vertex 41.3365 35.7443 33
    endloop
  endfacet
  facet normal 0 0 1
    outer loop
      vertex 41 35.7 33
      vertex 41 32.7 33
      vertex 41.6727 32.7529 33
    endloop
  endfacet
  facet normal 0 0 1
    outer loop
      vertex 40.3273 32.7529 33
      vertex 41 35.7 33
      vertex 40.6635 35.7443 33
    endloop
  endfacet
  facet normal 0 0 1
    outer loop
      vertex 39.6712 32.9105 33
      vertex 40.6635 35.7443 33
      vertex 40.35 35.8742 33
    endloop
  endfacet
  facet normal 0 0 1
    outer loop
      vertex 41 35.7 33
      vertex 40.3273 32.7529 33
      vertex 41 32.7 33
    endloop
  endfacet
  facet normal 0 0 1
    outer loop
      vertex 39.6712 32.9105 33
      vertex 40.35 35.8742 33
      vertex 40.0808 36.0808 33
    endloop
  endfacet
  facet normal 0 0 1
    outer loop
      vertex 39.6712 32.9105 33
      vertex 40.0808 36.0808 33
      vertex 39.8742 36.35 33
    endloop
  endfacet
  facet normal 0 0 1
    outer loop
      vertex 39.6712 32.9105 33
      vertex 39.8742 36.35 33
      vertex 39.7443 36.6635 33
    endloop
  endfacet
  facet normal 0 0 1
    outer loop
      vertex 40.6635 35.7443 33
      vertex 39.6712 32.9105 33
      vertex 40.3273 32.7529 33
    endloop
  endfacet
  facet normal 0 0 1
    outer loop
      vertex 39.6712 32.9105 33
      vertex 39.7443 36.6635 33
      vertex 39.7 37 33
    endloop
  endfacet
  facet normal 0 0 1
    outer loop
      vertex 48 38 33
      vertex 44.5318 39.4409 33
      vertex 45 35.4551 33
    endloop
  endfacet
  facet normal -0 0 1
    outer loop
      vertex 42.3 37 33
      vertex 45 35.4551 33
      vertex 44.5318 39.4409 33
    endloop
  endfacet
  facet normal 0 0 1
    outer loop
      vertex 45.2817 43.023 33
      vertex 44.427 39.7634 33
      vertex 44.5318 39.4409 33
    endloop
  endfacet
  facet normal 0 0 1
    outer loop
      vertex 45.2817 43.023 33
      vertex 44.162 39.8984 33
      vertex 44.427 39.7634 33
    endloop
  endfacet
  facet normal 0 0 1
    outer loop
      vertex 45 35.4551 33
      vertex 42.1258 36.35 33
      vertex 44.8313 35.0478 33
    endloop
  endfacet
  facet normal 0 0 1
    outer loop
      vertex 43.4729 43.8164 33
      vertex 44.162 39.8984 33
      vertex 45.2817 43.023 33
    endloop
  endfacet
  facet normal 0 0 1
    outer loop
      vertex 42 44 33
      vertex 44.162 39.8984 33
      vertex 43.4729 43.8164 33
    endloop
  endfacet
  facet normal 0 -0 1
    outer loop
      vertex 42.3 37 33
      vertex 44.162 39.8984 33
      vertex 42.2557 37.3365 33
    endloop
  endfacet
  facet normal -0 0 1
    outer loop
      vertex 41.9192 36.0808 33
      vertex 44.4788 34.4725 33
      vertex 42.1258 36.35 33
    endloop
  endfacet
  facet normal 0 0 1
    outer loop
      vertex 44.4788 34.4725 33
      vertex 41.9192 36.0808 33
      vertex 44.0406 33.9594 33
    endloop
  endfacet
  facet normal 0 0 1
    outer loop
      vertex 44.8313 35.0478 33
      vertex 42.1258 36.35 33
      vertex 44.4788 34.4725 33
    endloop
  endfacet
  facet normal 0 0 1
    outer loop
      vertex 44.162 39.8984 33
      vertex 42.1258 37.65 33
      vertex 42.2557 37.3365 33
    endloop
  endfacet
  facet normal 0 0 1
    outer loop
      vertex 44.162 39.8984 33
      vertex 42 44 33
      vertex 39.4551 41 33
    endloop
  endfacet
  facet normal 0 0 1
    outer loop
      vertex 44.162 39.8984 33
      vertex 41.9192 37.9192 33
      vertex 42.1258 37.65 33
    endloop
  endfacet
  facet normal 0 0 1
    outer loop
      vertex 44.162 39.8984 33
      vertex 41.65 38.1258 33
      vertex 41.9192 37.9192 33
    endloop
  endfacet
  facet normal 0 0 1
    outer loop
      vertex 44.162 39.8984 33
      vertex 41.3365 38.2557 33
      vertex 41.65 38.1258 33
    endloop
  endfacet
  facet normal 0 0 1
    outer loop
      vertex 44.162 39.8984 33
      vertex 39.4551 41 33
      vertex 41.3365 38.2557 33
    endloop
  endfacet
  facet normal 0 0 1
    outer loop
      vertex 41.3365 38.2557 33
      vertex 39.4551 41 33
      vertex 41 38.3 33
    endloop
  endfacet
  facet normal 0 0 1
    outer loop
      vertex 41 38.3 33
      vertex 39.4551 41 33
      vertex 40.6635 38.2557 33
    endloop
  endfacet
  facet normal 0 0 1
    outer loop
      vertex 40.6635 38.2557 33
      vertex 39.4551 41 33
      vertex 40.35 38.1258 33
    endloop
  endfacet
  facet normal -0 0 1
    outer loop
      vertex 39.0478 40.8313 33
      vertex 40.35 38.1258 33
      vertex 39.4551 41 33
    endloop
  endfacet
  facet normal -0 0 1
    outer loop
      vertex 38.4725 40.4788 33
      vertex 40.35 38.1258 33
      vertex 39.0478 40.8313 33
    endloop
  endfacet
  facet normal -0 0 1
    outer loop
      vertex 37.5212 39.5275 33
      vertex 40.0808 37.9192 33
      vertex 37.9594 40.0406 33
    endloop
  endfacet
  facet normal -0 0 1
    outer loop
      vertex 37.9594 40.0406 33
      vertex 40.0808 37.9192 33
      vertex 38.4725 40.4788 33
    endloop
  endfacet
  facet normal 0 0 1
    outer loop
      vertex 40.35 38.1258 33
      vertex 38.4725 40.4788 33
      vertex 40.0808 37.9192 33
    endloop
  endfacet
  facet normal 0 0 1
    outer loop
      vertex 42 44 33
      vertex -39.4551 41 33
      vertex 39.4551 41 33
    endloop
  endfacet
  facet normal 0 0 1
    outer loop
      vertex -37.5212 34.4725 33
      vertex -40.0808 36.0808 33
      vertex -37.9594 33.9594 33
    endloop
  endfacet
  facet normal 0 0 1
    outer loop
      vertex -36.7529 37.6727 33
      vertex -39.7443 37.3365 33
      vertex -39.7 37 33
    endloop
  endfacet
  facet normal 0 0 1
    outer loop
      vertex -37.1687 38.9522 33
      vertex -39.8742 37.65 33
      vertex -39.7443 37.3365 33
    endloop
  endfacet
  facet normal 0 0 1
    outer loop
      vertex -37.5212 39.5275 33
      vertex -40.0808 37.9192 33
      vertex -39.8742 37.65 33
    endloop
  endfacet
  facet normal 0 0 1
    outer loop
      vertex -38.4725 40.4788 33
      vertex -40.35 38.1258 33
      vertex -40.0808 37.9192 33
    endloop
  endfacet
  facet normal 0 0 1
    outer loop
      vertex -39.4551 41 33
      vertex -40.6635 38.2557 33
      vertex -40.35 38.1258 33
    endloop
  endfacet
  facet normal 0 0 1
    outer loop
      vertex -39.4551 41 33
      vertex -41 38.3 33
      vertex -40.6635 38.2557 33
    endloop
  endfacet
  facet normal -0 0 1
    outer loop
      vertex -43.4409 40.5318 33
      vertex -41 38.3 33
      vertex -39.4551 41 33
    endloop
  endfacet
  facet normal 0 0 1
    outer loop
      vertex -41 38.3 33
      vertex -43.4409 40.5318 33
      vertex -41.3365 38.2557 33
    endloop
  endfacet
  facet normal 0 0 1
    outer loop
      vertex -41.3365 38.2557 33
      vertex -43.4409 40.5318 33
      vertex -41.65 38.1258 33
    endloop
  endfacet
  facet normal -0 0 1
    outer loop
      vertex -42 44 33
      vertex -39.4551 41 33
      vertex 42 44 33
    endloop
  endfacet
  facet normal 0 0 1
    outer loop
      vertex -43.4409 40.5318 33
      vertex -39.4551 41 33
      vertex -42 44 33
    endloop
  endfacet
  facet normal 0 0 1
    outer loop
      vertex -41.65 38.1258 33
      vertex -43.4409 40.5318 33
      vertex -41.9192 37.9192 33
    endloop
  endfacet
  facet normal -0 0 1
    outer loop
      vertex -43.5275 40.4788 33
      vertex -41.9192 37.9192 33
      vertex -43.4409 40.5318 33
    endloop
  endfacet
  facet normal -0 0 1
    outer loop
      vertex -43.8984 40.162 33
      vertex -41.9192 37.9192 33
      vertex -43.5275 40.4788 33
    endloop
  endfacet
  facet normal 0 0 1
    outer loop
      vertex -41.65 35.8742 33
      vertex -42.9522 33.1687 33
      vertex -42.3288 32.9105 33
    endloop
  endfacet
  facet normal 0 0 1
    outer loop
      vertex -41.9192 37.9192 33
      vertex -43.8984 40.162 33
      vertex -42.1258 37.65 33
    endloop
  endfacet
  facet normal 0 0 1
    outer loop
      vertex -42.1258 37.65 33
      vertex -43.8984 40.162 33
      vertex -42.2557 37.3365 33
    endloop
  endfacet
  facet normal -0 0 1
    outer loop
      vertex -43.9482 43.6749 33
      vertex -43.4409 40.5318 33
      vertex -42 44 33
    endloop
  endfacet
  facet normal 0 0 1
    outer loop
      vertex -43.4409 40.5318 33
      vertex -43.9482 43.6749 33
      vertex -43.7634 40.427 33
    endloop
  endfacet
  facet normal -0 0 1
    outer loop
      vertex -45.6853 42.7348 33
      vertex -43.7634 40.427 33
      vertex -43.9482 43.6749 33
    endloop
  endfacet
  facet normal -0 0 1
    outer loop
      vertex 45 8.54495 33
      vertex 48 6 33
      vertex 48 38 33
    endloop
  endfacet
  facet normal -0 0 1
    outer loop
      vertex 44.5318 39.4409 33
      vertex 48 38 33
      vertex 47.6749 39.9482 33
    endloop
  endfacet
  facet normal 0 0 1
    outer loop
      vertex 45 8.54495 33
      vertex 48 38 33
      vertex 45 35.4551 33
    endloop
  endfacet
  facet normal 0 0 1
    outer loop
      vertex 44.5318 39.4409 33
      vertex 47.6749 39.9482 33
      vertex 46.7348 41.6853 33
    endloop
  endfacet
  facet normal 0 0 1
    outer loop
      vertex 43.8984 3.83805 33
      vertex 48 6 33
      vertex 45 8.54495 33
    endloop
  endfacet
  facet normal 0 0 1
    outer loop
      vertex 44.5318 39.4409 33
      vertex 46.7348 41.6853 33
      vertex 45.2817 43.023 33
    endloop
  endfacet
  facet normal 0 0 1
    outer loop
      vertex 48 6 33
      vertex 43.8984 3.83805 33
      vertex 47.8164 4.52708 33
    endloop
  endfacet
  facet normal 0 0 1
    outer loop
      vertex 47.8164 4.52708 33
      vertex 43.8984 3.83805 33
      vertex 47.023 2.71831 33
    endloop
  endfacet
  facet normal 0 0 1
    outer loop
      vertex 42.2557 7.33646 33
      vertex 45 8.54495 33
      vertex 44.8313 8.95216 33
    endloop
  endfacet
  facet normal 0 0 1
    outer loop
      vertex 42.2557 7.33646 33
      vertex 44.8313 8.95216 33
      vertex 44.4788 9.52748 33
    endloop
  endfacet
  facet normal 0 0 1
    outer loop
      vertex 42.2557 7.33646 33
      vertex 44.4788 9.52748 33
      vertex 44.0406 10.0406 33
    endloop
  endfacet
  facet normal 0 0 1
    outer loop
      vertex 47.023 2.71831 33
      vertex 43.8984 3.83805 33
      vertex 45.6853 1.26515 33
    endloop
  endfacet
  facet normal -0 0 1
    outer loop
      vertex 43.7634 3.57295 33
      vertex 45.6853 1.26515 33
      vertex 43.8984 3.83805 33
    endloop
  endfacet
  facet normal 0 0 1
    outer loop
      vertex 42.2557 7.33646 33
      vertex 44.0406 10.0406 33
      vertex 43.5275 10.4788 33
    endloop
  endfacet
  facet normal 0 0 1
    outer loop
      vertex 45 8.54495 33
      vertex 42.3 7 33
      vertex 42.2557 6.66354 33
    endloop
  endfacet
  facet normal 0 0 1
    outer loop
      vertex 45 8.54495 33
      vertex 42.2557 6.66354 33
      vertex 43.8984 3.83805 33
    endloop
  endfacet
  facet normal 0 0 1
    outer loop
      vertex 42.2557 7.33646 33
      vertex 43.5275 10.4788 33
      vertex 42.9522 10.8313 33
    endloop
  endfacet
  facet normal 0 0 1
    outer loop
      vertex 42.3 37 33
      vertex 44.4788 39.5275 33
      vertex 44.162 39.8984 33
    endloop
  endfacet
  facet normal 0 0 1
    outer loop
      vertex 44.4788 39.5275 33
      vertex 42.3 37 33
      vertex 44.5318 39.4409 33
    endloop
  endfacet
  facet normal -0 0 1
    outer loop
      vertex 42.2557 36.6635 33
      vertex 45 35.4551 33
      vertex 42.3 37 33
    endloop
  endfacet
  facet normal -0 0 1
    outer loop
      vertex 42.1258 36.35 33
      vertex 45 35.4551 33
      vertex 42.2557 36.6635 33
    endloop
  endfacet
  facet normal 0 0 1
    outer loop
      vertex 45.6853 1.26515 33
      vertex 43.7634 3.57295 33
      vertex 43.9482 0.325104 33
    endloop
  endfacet
  facet normal -0 0 1
    outer loop
      vertex 43.4409 3.46819 33
      vertex 43.9482 0.325104 33
      vertex 43.7634 3.57295 33
    endloop
  endfacet
  facet normal 0 0 1
    outer loop
      vertex 41.65 8.12583 33
      vertex 42.9522 10.8313 33
      vertex 42.3288 11.0895 33
    endloop
  endfacet
  facet normal -0 0 1
    outer loop
      vertex 42.1258 6.35 33
      vertex 43.8984 3.83805 33
      vertex 42.2557 6.66354 33
    endloop
  endfacet
  facet normal -0 0 1
    outer loop
      vertex 41.9192 6.08076 33
      vertex 43.8984 3.83805 33
      vertex 42.1258 6.35 33
    endloop
  endfacet
  facet normal 0 0 1
    outer loop
      vertex 43.8984 3.83805 33
      vertex 41.9192 6.08076 33
      vertex 43.5275 3.52123 33
    endloop
  endfacet
  facet normal 0 0 1
    outer loop
      vertex 43.5275 3.52123 33
      vertex 41.9192 6.08076 33
      vertex 43.4409 3.46819 33
    endloop
  endfacet
  facet normal -0 0 1
    outer loop
      vertex 41.65 5.87417 33
      vertex 43.4409 3.46819 33
      vertex 41.9192 6.08076 33
    endloop
  endfacet
  facet normal -0 0 1
    outer loop
      vertex 41.3365 5.7443 33
      vertex 43.4409 3.46819 33
      vertex 41.65 5.87417 33
    endloop
  endfacet
  facet normal -0 0 1
    outer loop
      vertex 41 5.7 33
      vertex 43.4409 3.46819 33
      vertex 41.3365 5.7443 33
    endloop
  endfacet
  facet normal 0 0 1
    outer loop
      vertex 43.4409 3.46819 33
      vertex 42 0 33
      vertex 43.9482 0.325104 33
    endloop
  endfacet
  facet normal 0 0 1
    outer loop
      vertex 43.4409 3.46819 33
      vertex 41 5.7 33
      vertex 39.4551 3 33
    endloop
  endfacet
  facet normal 0 0 1
    outer loop
      vertex 39.4551 3 33
      vertex 41 5.7 33
      vertex 40.6635 5.7443 33
    endloop
  endfacet
  facet normal 0 0 1
    outer loop
      vertex 39.4551 3 33
      vertex 40.6635 5.7443 33
      vertex 40.35 5.87417 33
    endloop
  endfacet
  facet normal 0 0 1
    outer loop
      vertex 39.4551 3 33
      vertex 40.35 5.87417 33
      vertex 40.0808 6.08076 33
    endloop
  endfacet
  facet normal 0 0 1
    outer loop
      vertex 39.4551 3 33
      vertex 40.0808 6.08076 33
      vertex 39.8742 6.35 33
    endloop
  endfacet
  facet normal 0 0 1
    outer loop
      vertex 39.4551 3 33
      vertex 39.8742 6.35 33
      vertex 39.7443 6.66354 33
    endloop
  endfacet
  facet normal -0 0 1
    outer loop
      vertex 37.5212 9.52748 33
      vertex 40.0808 7.91924 33
      vertex 37.9594 10.0406 33
    endloop
  endfacet
  facet normal 0 0 1
    outer loop
      vertex 39.4551 3 33
      vertex 39.7443 6.66354 33
      vertex 39.7 7 33
    endloop
  endfacet
  facet normal 0 0 1
    outer loop
      vertex 43.4409 3.46819 33
      vertex 39.4551 3 33
      vertex 42 0 33
    endloop
  endfacet
  facet normal -0 0 1
    outer loop
      vertex -39.4551 3 33
      vertex 42 0 33
      vertex 39.4551 3 33
    endloop
  endfacet
  facet normal 0 0 1
    outer loop
      vertex -37.5212 4.47252 33
      vertex -40.0808 6.08076 33
      vertex -37.9594 3.95944 33
    endloop
  endfacet
  facet normal 0 0 1
    outer loop
      vertex -37.9594 3.95944 33
      vertex -40.0808 6.08076 33
      vertex -38.4725 3.52123 33
    endloop
  endfacet
  facet normal -0 0 1
    outer loop
      vertex -40.35 5.87417 33
      vertex -38.4725 3.52123 33
      vertex -40.0808 6.08076 33
    endloop
  endfacet
  facet normal 0 0 1
    outer loop
      vertex -38.4725 3.52123 33
      vertex -40.35 5.87417 33
      vertex -39.0478 3.16867 33
    endloop
  endfacet
  facet normal 0 0 1
    outer loop
      vertex -39.0478 3.16867 33
      vertex -40.35 5.87417 33
      vertex -39.4551 3 33
    endloop
  endfacet
  facet normal -0 0 1
    outer loop
      vertex -40.6635 5.7443 33
      vertex -39.4551 3 33
      vertex -40.35 5.87417 33
    endloop
  endfacet
  facet normal -0 0 1
    outer loop
      vertex -41 5.7 33
      vertex -39.4551 3 33
      vertex -40.6635 5.7443 33
    endloop
  endfacet
  facet normal 0 0 1
    outer loop
      vertex -41.3365 5.7443 33
      vertex -39.4551 3 33
      vertex -41 5.7 33
    endloop
  endfacet
  facet normal 0 0 1
    outer loop
      vertex -44.162 4.10158 33
      vertex -41.3365 5.7443 33
      vertex -41.65 5.87417 33
    endloop
  endfacet
  facet normal 0 0 1
    outer loop
      vertex -44.162 4.10158 33
      vertex -41.65 5.87417 33
      vertex -41.9192 6.08076 33
    endloop
  endfacet
  facet normal 0 0 1
    outer loop
      vertex -39.4551 3 33
      vertex -42 0 33
      vertex 42 0 33
    endloop
  endfacet
  facet normal 0 0 1
    outer loop
      vertex -41.3365 5.7443 33
      vertex -44.162 4.10158 33
      vertex -39.4551 3 33
    endloop
  endfacet
  facet normal 0 0 1
    outer loop
      vertex -44.162 4.10158 33
      vertex -41.9192 6.08076 33
      vertex -42.1258 6.35 33
    endloop
  endfacet
  facet normal 0 0 1
    outer loop
      vertex -44.162 4.10158 33
      vertex -42.1258 6.35 33
      vertex -42.2557 6.66354 33
    endloop
  endfacet
  facet normal 0 0 1
    outer loop
      vertex -44.162 4.10158 33
      vertex -42.2557 6.66354 33
      vertex -42.3 7 33
    endloop
  endfacet
  facet normal -0 0 1
    outer loop
      vertex -44.4788 9.52748 33
      vertex -41.9192 7.91924 33
      vertex -44.0406 10.0406 33
    endloop
  endfacet
  facet normal 0 0 1
    outer loop
      vertex -41.9192 7.91924 33
      vertex -44.4788 9.52748 33
      vertex -42.1258 7.65 33
    endloop
  endfacet
  facet normal 0 0 1
    outer loop
      vertex -39.4551 3 33
      vertex -44.162 4.10158 33
      vertex -42 0 33
    endloop
  endfacet
  facet normal -0 0 1
    outer loop
      vertex -44.8313 8.95216 33
      vertex -42.1258 7.65 33
      vertex -44.4788 9.52748 33
    endloop
  endfacet
  facet normal -0 0 1
    outer loop
      vertex -45 8.54495 33
      vertex -42.1258 7.65 33
      vertex -44.8313 8.95216 33
    endloop
  endfacet
  facet normal 0 0 1
    outer loop
      vertex -42 0 33
      vertex -44.162 4.10158 33
      vertex -43.4729 0.183594 33
    endloop
  endfacet
  facet normal 0 0 1
    outer loop
      vertex -45.2817 0.977005 33
      vertex -44.162 4.10158 33
      vertex -44.427 4.23665 33
    endloop
  endfacet
  facet normal 0 0 1
    outer loop
      vertex -45.2817 0.977005 33
      vertex -44.427 4.23665 33
      vertex -44.5318 4.55907 33
    endloop
  endfacet
  facet normal 0 -0 1
    outer loop
      vertex -44.4788 4.47252 33
      vertex -42.3 7 33
      vertex -44.5318 4.55907 33
    endloop
  endfacet
  facet normal 0 0 1
    outer loop
      vertex -44.162 4.10158 33
      vertex -45.2817 0.977005 33
      vertex -43.4729 0.183594 33
    endloop
  endfacet
  facet normal 0 0 1
    outer loop
      vertex -45.2817 0.977005 33
      vertex -44.5318 4.55907 33
      vertex -45 8.54495 33
    endloop
  endfacet
  facet normal -0.677296 -0.735711 0
    outer loop
      vertex -46.7348 2.31473 0
      vertex -45.2817 0.977005 33
      vertex -46.7348 2.31473 33
    endloop
  endfacet
  facet normal -0.677296 -0.735711 -0
    outer loop
      vertex -45.2817 0.977005 33
      vertex -46.7348 2.31473 0
      vertex -45.2817 0.977005 0
    endloop
  endfacet
  facet normal -0.986361 -0.164596 0
    outer loop
      vertex -47.6749 4.0518 0
      vertex -48 6 33
      vertex -48 6 0
    endloop
  endfacet
  facet normal -0.986361 -0.164596 0
    outer loop
      vertex -48 6 33
      vertex -47.6749 4.0518 0
      vertex -47.6749 4.0518 33
    endloop
  endfacet
  facet normal 0.40169 0.915776 -0
    outer loop
      vertex 45.2817 43.023 0
      vertex 43.4729 43.8164 33
      vertex 45.2817 43.023 33
    endloop
  endfacet
  facet normal 0.40169 0.915776 0
    outer loop
      vertex 43.4729 43.8164 33
      vertex 45.2817 43.023 0
      vertex 43.4729 43.8164 0
    endloop
  endfacet
  facet normal 0.992321 -0.123693 0
    outer loop
      vertex 47.8164 4.52708 33
      vertex 48 6 0
      vertex 48 6 33
    endloop
  endfacet
  facet normal 0.992321 -0.123693 0
    outer loop
      vertex 48 6 0
      vertex 47.8164 4.52708 33
      vertex 47.8164 4.52708 0
    endloop
  endfacet
  facet normal 0.879468 0.475959 0
    outer loop
      vertex 47.6749 39.9482 33
      vertex 46.7348 41.6853 0
      vertex 46.7348 41.6853 33
    endloop
  endfacet
  facet normal 0.879468 0.475959 0
    outer loop
      vertex 46.7348 41.6853 0
      vertex 47.6749 39.9482 33
      vertex 47.6749 39.9482 0
    endloop
  endfacet
  facet normal -0.475959 0.879468 0
    outer loop
      vertex -43.9482 43.6749 0
      vertex -45.6853 42.7348 33
      vertex -43.9482 43.6749 33
    endloop
  endfacet
  facet normal -0.475959 0.879468 0
    outer loop
      vertex -45.6853 42.7348 33
      vertex -43.9482 43.6749 0
      vertex -45.6853 42.7348 0
    endloop
  endfacet
  facet normal -0.735717 0.677289 0
    outer loop
      vertex -47.023 41.2817 0
      vertex -45.6853 42.7348 33
      vertex -45.6853 42.7348 0
    endloop
  endfacet
  facet normal -0.735717 0.677289 0
    outer loop
      vertex -45.6853 42.7348 33
      vertex -47.023 41.2817 0
      vertex -47.023 41.2817 33
    endloop
  endfacet
  facet normal -0.915776 0.40169 0
    outer loop
      vertex -47.8164 39.4729 0
      vertex -47.023 41.2817 33
      vertex -47.023 41.2817 0
    endloop
  endfacet
  facet normal -0.915776 0.40169 0
    outer loop
      vertex -47.023 41.2817 33
      vertex -47.8164 39.4729 0
      vertex -47.8164 39.4729 33
    endloop
  endfacet
  facet normal 0 1 -0
    outer loop
      vertex 42 44 0
      vertex -42 44 33
      vertex 42 44 33
    endloop
  endfacet
  facet normal 0 1 0
    outer loop
      vertex -42 44 33
      vertex 42 44 0
      vertex -42 44 0
    endloop
  endfacet
  facet normal 1 -0 0
    outer loop
      vertex 48 6 33
      vertex 48 38 0
      vertex 48 38 33
    endloop
  endfacet
  facet normal 1 0 0
    outer loop
      vertex 48 38 0
      vertex 48 6 33
      vertex 48 6 0
    endloop
  endfacet
  facet normal 0.123695 0.99232 -0
    outer loop
      vertex 43.4729 43.8164 0
      vertex 42 44 33
      vertex 43.4729 43.8164 33
    endloop
  endfacet
  facet normal 0.123695 0.99232 0
    outer loop
      vertex 42 44 33
      vertex 43.4729 43.8164 0
      vertex 42 44 0
    endloop
  endfacet
  facet normal 0.986361 0.164596 0
    outer loop
      vertex 48 38 33
      vertex 47.6749 39.9482 0
      vertex 47.6749 39.9482 33
    endloop
  endfacet
  facet normal 0.986361 0.164596 0
    outer loop
      vertex 47.6749 39.9482 0
      vertex 48 38 33
      vertex 48 38 0
    endloop
  endfacet
  facet normal 0.677289 0.735717 -0
    outer loop
      vertex 46.7348 41.6853 0
      vertex 45.2817 43.023 33
      vertex 46.7348 41.6853 33
    endloop
  endfacet
  facet normal 0.677289 0.735717 0
    outer loop
      vertex 45.2817 43.023 33
      vertex 46.7348 41.6853 0
      vertex 45.2817 43.023 0
    endloop
  endfacet
  facet normal 0 0 -1
    outer loop
      vertex 42 0 0
      vertex 48 6 0
      vertex 47.8164 4.52708 0
    endloop
  endfacet
  facet normal -0 0 -1
    outer loop
      vertex 48 6 0
      vertex 42 0 0
      vertex 48 38 0
    endloop
  endfacet
  facet normal 0 0 -1
    outer loop
      vertex 42 0 0
      vertex 47.8164 4.52708 0
      vertex 47.023 2.71831 0
    endloop
  endfacet
  facet normal -0 0 -1
    outer loop
      vertex 48 38 0
      vertex 42 0 0
      vertex 42 44 0
    endloop
  endfacet
  facet normal 0 0 -1
    outer loop
      vertex 42 0 0
      vertex 47.023 2.71831 0
      vertex 45.6853 1.26515 0
    endloop
  endfacet
  facet normal 0 0 -1
    outer loop
      vertex 48 38 0
      vertex 42 44 0
      vertex 47.6749 39.9482 0
    endloop
  endfacet
  facet normal 0 0 -1
    outer loop
      vertex 42 0 0
      vertex 45.6853 1.26515 0
      vertex 43.9482 0.325104 0
    endloop
  endfacet
  facet normal 0 0 -1
    outer loop
      vertex 47.6749 39.9482 0
      vertex 42 44 0
      vertex 46.7348 41.6853 0
    endloop
  endfacet
  facet normal 0 0 -1
    outer loop
      vertex 46.7348 41.6853 0
      vertex 42 44 0
      vertex 45.2817 43.023 0
    endloop
  endfacet
  facet normal 0 0 -1
    outer loop
      vertex 45.2817 43.023 0
      vertex 42 44 0
      vertex 43.4729 43.8164 0
    endloop
  endfacet
  facet normal 0 0 -1
    outer loop
      vertex -42 0 0
      vertex 42 44 0
      vertex 42 0 0
    endloop
  endfacet
  facet normal 0 0 -1
    outer loop
      vertex -42 0 0
      vertex -42 44 0
      vertex 42 44 0
    endloop
  endfacet
  facet normal 0 0 -1
    outer loop
      vertex -48 6 0
      vertex -42 0 0
      vertex -43.4729 0.183594 0
    endloop
  endfacet
  facet normal 0 0 -1
    outer loop
      vertex -42 0 0
      vertex -48 6 0
      vertex -42 44 0
    endloop
  endfacet
  facet normal 0 0 -1
    outer loop
      vertex -48 6 0
      vertex -43.4729 0.183594 0
      vertex -45.2817 0.977005 0
    endloop
  endfacet
  facet normal 0 0 -1
    outer loop
      vertex -42 44 0
      vertex -48 6 0
      vertex -48 38 0
    endloop
  endfacet
  facet normal 0 0 -1
    outer loop
      vertex -48 6 0
      vertex -45.2817 0.977005 0
      vertex -46.7348 2.31473 0
    endloop
  endfacet
  facet normal 0 0 -1
    outer loop
      vertex -42 44 0
      vertex -48 38 0
      vertex -43.9482 43.6749 0
    endloop
  endfacet
  facet normal 0 0 -1
    outer loop
      vertex -48 6 0
      vertex -46.7348 2.31473 0
      vertex -47.6749 4.0518 0
    endloop
  endfacet
  facet normal 0 0 -1
    outer loop
      vertex -43.9482 43.6749 0
      vertex -48 38 0
      vertex -45.6853 42.7348 0
    endloop
  endfacet
  facet normal 0 0 -1
    outer loop
      vertex -45.6853 42.7348 0
      vertex -48 38 0
      vertex -47.023 41.2817 0
    endloop
  endfacet
  facet normal 0 0 -1
    outer loop
      vertex -47.023 41.2817 0
      vertex -48 38 0
      vertex -47.8164 39.4729 0
    endloop
  endfacet
  facet normal 0 0 1
    outer loop
      vertex -44.4788 4.47252 3
      vertex -44.427 4.23665 3
      vertex -44.162 4.10158 3
    endloop
  endfacet
  facet normal 0 0 1
    outer loop
      vertex -44.427 4.23665 3
      vertex -44.4788 4.47252 3
      vertex -44.5318 4.55907 3
    endloop
  endfacet
  facet normal 0 0 1
    outer loop
      vertex 44.427 39.7634 3
      vertex 44.4788 39.5275 3
      vertex 44.5318 39.4409 3
    endloop
  endfacet
  facet normal 0 0 1
    outer loop
      vertex 44.4788 39.5275 3
      vertex 44.427 39.7634 3
      vertex 44.162 39.8984 3
    endloop
  endfacet
  facet normal 0 0 1
    outer loop
      vertex -43.7634 40.427 3
      vertex -43.5275 40.4788 3
      vertex -43.4409 40.5318 3
    endloop
  endfacet
  facet normal 0 0 1
    outer loop
      vertex -43.5275 40.4788 3
      vertex -43.7634 40.427 3
      vertex -43.8984 40.162 3
    endloop
  endfacet
  facet normal 0 0 1
    outer loop
      vertex 43.5275 3.52123 3
      vertex 43.7634 3.57295 3
      vertex 43.8984 3.83805 3
    endloop
  endfacet
  facet normal 0 0 1
    outer loop
      vertex 43.7634 3.57295 3
      vertex 43.5275 3.52123 3
      vertex 43.4409 3.46819 3
    endloop
  endfacet
  facet normal 0 0 1
    outer loop
      vertex 36.9105 35.6712 3
      vertex -36.9105 35.6712 3
      vertex 36.9105 8.32877 3
    endloop
  endfacet
  facet normal 0 0 1
    outer loop
      vertex 36.9105 8.32877 3
      vertex -36.7529 7.67267 3
      vertex -36.7 7 3
    endloop
  endfacet
  facet normal 0 0 1
    outer loop
      vertex -36.9105 8.32877 3
      vertex 36.9105 8.32877 3
      vertex -36.9105 35.6712 3
    endloop
  endfacet
  facet normal 0 0 1
    outer loop
      vertex 36.9105 8.32877 3
      vertex -36.9105 8.32877 3
      vertex -36.7529 7.67267 3
    endloop
  endfacet
  facet normal -0 0 1
    outer loop
      vertex -37.1687 35.0478 3
      vertex -36.9105 8.32877 3
      vertex -36.9105 35.6712 3
    endloop
  endfacet
  facet normal 0 0 1
    outer loop
      vertex -37.1687 35.0478 3
      vertex -37.1687 8.95216 3
      vertex -36.9105 8.32877 3
    endloop
  endfacet
  facet normal -0 0 1
    outer loop
      vertex -37.5212 34.4725 3
      vertex -37.1687 8.95216 3
      vertex -37.1687 35.0478 3
    endloop
  endfacet
  facet normal 0 0 1
    outer loop
      vertex -37.5212 34.4725 3
      vertex -37.5212 9.52748 3
      vertex -37.1687 8.95216 3
    endloop
  endfacet
  facet normal -0 0 1
    outer loop
      vertex -37.9594 33.9594 3
      vertex -37.5212 9.52748 3
      vertex -37.5212 34.4725 3
    endloop
  endfacet
  facet normal 0 0 1
    outer loop
      vertex -37.9594 33.9594 3
      vertex -37.9594 10.0406 3
      vertex -37.5212 9.52748 3
    endloop
  endfacet
  facet normal -0 0 1
    outer loop
      vertex -38.4725 33.5212 3
      vertex -37.9594 10.0406 3
      vertex -37.9594 33.9594 3
    endloop
  endfacet
  facet normal 0 0 1
    outer loop
      vertex -38.4725 33.5212 3
      vertex -38.4725 10.4788 3
      vertex -37.9594 10.0406 3
    endloop
  endfacet
  facet normal -0 0 1
    outer loop
      vertex -39.0478 33.1687 3
      vertex -38.4725 10.4788 3
      vertex -38.4725 33.5212 3
    endloop
  endfacet
  facet normal 0 0 1
    outer loop
      vertex -39.0478 33.1687 3
      vertex -39.0478 10.8313 3
      vertex -38.4725 10.4788 3
    endloop
  endfacet
  facet normal -0 0 1
    outer loop
      vertex -39.6712 32.9105 3
      vertex -39.0478 10.8313 3
      vertex -39.0478 33.1687 3
    endloop
  endfacet
  facet normal 0 0 1
    outer loop
      vertex -39.6712 32.9105 3
      vertex -39.6712 11.0895 3
      vertex -39.0478 10.8313 3
    endloop
  endfacet
  facet normal -0 0 1
    outer loop
      vertex -40.3273 32.7529 3
      vertex -39.6712 11.0895 3
      vertex -39.6712 32.9105 3
    endloop
  endfacet
  facet normal 0 0 1
    outer loop
      vertex -40.3273 32.7529 3
      vertex -40.3273 11.2471 3
      vertex -39.6712 11.0895 3
    endloop
  endfacet
  facet normal -0 0 1
    outer loop
      vertex -41 32.7 3
      vertex -40.3273 11.2471 3
      vertex -40.3273 32.7529 3
    endloop
  endfacet
  facet normal 0 0 1
    outer loop
      vertex -41 32.7 3
      vertex -41 11.3 3
      vertex -40.3273 11.2471 3
    endloop
  endfacet
  facet normal 0 0 1
    outer loop
      vertex -41.6727 32.7529 3
      vertex -41 11.3 3
      vertex -41 32.7 3
    endloop
  endfacet
  facet normal 0 0 1
    outer loop
      vertex -41.6727 32.7529 3
      vertex -41.6727 11.2471 3
      vertex -41 11.3 3
    endloop
  endfacet
  facet normal 0 0 1
    outer loop
      vertex -42.3288 32.9105 3
      vertex -41.6727 11.2471 3
      vertex -41.6727 32.7529 3
    endloop
  endfacet
  facet normal 0 0 1
    outer loop
      vertex -42.3288 32.9105 3
      vertex -42.3288 11.0895 3
      vertex -41.6727 11.2471 3
    endloop
  endfacet
  facet normal 0 0 1
    outer loop
      vertex -42.9522 33.1687 3
      vertex -42.3288 11.0895 3
      vertex -42.3288 32.9105 3
    endloop
  endfacet
  facet normal 0 0 1
    outer loop
      vertex -42.9522 33.1687 3
      vertex -42.9522 10.8313 3
      vertex -42.3288 11.0895 3
    endloop
  endfacet
  facet normal 0 0 1
    outer loop
      vertex -43.5275 33.5212 3
      vertex -42.9522 10.8313 3
      vertex -42.9522 33.1687 3
    endloop
  endfacet
  facet normal 0 0 1
    outer loop
      vertex -43.5275 33.5212 3
      vertex -43.5275 10.4788 3
      vertex -42.9522 10.8313 3
    endloop
  endfacet
  facet normal 0 0 1
    outer loop
      vertex -44.0406 33.9594 3
      vertex -43.5275 10.4788 3
      vertex -43.5275 33.5212 3
    endloop
  endfacet
  facet normal 0 0 1
    outer loop
      vertex -44.0406 33.9594 3
      vertex -44.0406 10.0406 3
      vertex -43.5275 10.4788 3
    endloop
  endfacet
  facet normal 0 0 1
    outer loop
      vertex -44.4788 34.4725 3
      vertex -44.0406 10.0406 3
      vertex -44.0406 33.9594 3
    endloop
  endfacet
  facet normal 0 0 1
    outer loop
      vertex -44.4788 34.4725 3
      vertex -44.4788 9.52748 3
      vertex -44.0406 10.0406 3
    endloop
  endfacet
  facet normal 0 0 1
    outer loop
      vertex -44.8313 35.0478 3
      vertex -44.4788 9.52748 3
      vertex -44.4788 34.4725 3
    endloop
  endfacet
  facet normal 0 0 1
    outer loop
      vertex -44.8313 35.0478 3
      vertex -44.8313 8.95216 3
      vertex -44.4788 9.52748 3
    endloop
  endfacet
  facet normal 0 0 1
    outer loop
      vertex -45 35.4551 3
      vertex -44.8313 8.95216 3
      vertex -44.8313 35.0478 3
    endloop
  endfacet
  facet normal 0 0 1
    outer loop
      vertex -44.8313 8.95216 3
      vertex -45 35.4551 3
      vertex -45 8.54495 3
    endloop
  endfacet
  facet normal 0 0 1
    outer loop
      vertex 36.9105 8.32877 3
      vertex -36.7 7 3
      vertex 36.7529 7.67267 3
    endloop
  endfacet
  facet normal 0 0 1
    outer loop
      vertex 36.7529 37.6727 3
      vertex -36.7 37 3
      vertex 36.7 37 3
    endloop
  endfacet
  facet normal 0 0 1
    outer loop
      vertex -36.7529 37.6727 3
      vertex 36.7529 37.6727 3
      vertex 36.9105 38.3288 3
    endloop
  endfacet
  facet normal 0 0 1
    outer loop
      vertex -36.9105 38.3288 3
      vertex 36.9105 38.3288 3
      vertex 37.1687 38.9522 3
    endloop
  endfacet
  facet normal 0 0 1
    outer loop
      vertex -37.1687 38.9522 3
      vertex 37.1687 38.9522 3
      vertex 37.5212 39.5275 3
    endloop
  endfacet
  facet normal 0 0 1
    outer loop
      vertex -37.5212 39.5275 3
      vertex 37.5212 39.5275 3
      vertex 37.9594 40.0406 3
    endloop
  endfacet
  facet normal 0 0 1
    outer loop
      vertex -37.9594 40.0406 3
      vertex 37.9594 40.0406 3
      vertex 38.4725 40.4788 3
    endloop
  endfacet
  facet normal 0 0 1
    outer loop
      vertex -38.4725 40.4788 3
      vertex 38.4725 40.4788 3
      vertex 39.0478 40.8313 3
    endloop
  endfacet
  facet normal 0 0 1
    outer loop
      vertex -39.0478 40.8313 3
      vertex 39.0478 40.8313 3
      vertex 39.4551 41 3
    endloop
  endfacet
  facet normal 0 0 1
    outer loop
      vertex 36.7529 37.6727 3
      vertex -36.7529 37.6727 3
      vertex -36.7 37 3
    endloop
  endfacet
  facet normal 0 0 1
    outer loop
      vertex 36.9105 38.3288 3
      vertex -36.9105 38.3288 3
      vertex -36.7529 37.6727 3
    endloop
  endfacet
  facet normal 0 0 1
    outer loop
      vertex 37.1687 38.9522 3
      vertex -37.1687 38.9522 3
      vertex -36.9105 38.3288 3
    endloop
  endfacet
  facet normal 0 0 1
    outer loop
      vertex 37.5212 39.5275 3
      vertex -37.5212 39.5275 3
      vertex -37.1687 38.9522 3
    endloop
  endfacet
  facet normal 0 0 1
    outer loop
      vertex 37.9594 40.0406 3
      vertex -37.9594 40.0406 3
      vertex -37.5212 39.5275 3
    endloop
  endfacet
  facet normal 0 0 1
    outer loop
      vertex 38.4725 40.4788 3
      vertex -38.4725 40.4788 3
      vertex -37.9594 40.0406 3
    endloop
  endfacet
  facet normal 0 0 1
    outer loop
      vertex 39.0478 40.8313 3
      vertex -39.0478 40.8313 3
      vertex -38.4725 40.4788 3
    endloop
  endfacet
  facet normal 0 -0 1
    outer loop
      vertex -39.0478 40.8313 3
      vertex 39.4551 41 3
      vertex -39.4551 41 3
    endloop
  endfacet
  facet normal -0 0 1
    outer loop
      vertex 44.8313 35.0478 3
      vertex 45 8.54495 3
      vertex 45 35.4551 3
    endloop
  endfacet
  facet normal 0 0 1
    outer loop
      vertex 44.8313 35.0478 3
      vertex 44.8313 8.95216 3
      vertex 45 8.54495 3
    endloop
  endfacet
  facet normal -0 0 1
    outer loop
      vertex 44.4788 34.4725 3
      vertex 44.8313 8.95216 3
      vertex 44.8313 35.0478 3
    endloop
  endfacet
  facet normal 0 0 1
    outer loop
      vertex 44.4788 34.4725 3
      vertex 44.4788 9.52748 3
      vertex 44.8313 8.95216 3
    endloop
  endfacet
  facet normal -0 0 1
    outer loop
      vertex 44.0406 33.9594 3
      vertex 44.4788 9.52748 3
      vertex 44.4788 34.4725 3
    endloop
  endfacet
  facet normal 0 0 1
    outer loop
      vertex 44.0406 33.9594 3
      vertex 44.0406 10.0406 3
      vertex 44.4788 9.52748 3
    endloop
  endfacet
  facet normal -0 0 1
    outer loop
      vertex 43.5275 33.5212 3
      vertex 44.0406 10.0406 3
      vertex 44.0406 33.9594 3
    endloop
  endfacet
  facet normal 0 0 1
    outer loop
      vertex 43.5275 33.5212 3
      vertex 43.5275 10.4788 3
      vertex 44.0406 10.0406 3
    endloop
  endfacet
  facet normal -0 0 1
    outer loop
      vertex 42.9522 33.1687 3
      vertex 43.5275 10.4788 3
      vertex 43.5275 33.5212 3
    endloop
  endfacet
  facet normal 0 0 1
    outer loop
      vertex 42.9522 33.1687 3
      vertex 42.9522 10.8313 3
      vertex 43.5275 10.4788 3
    endloop
  endfacet
  facet normal -0 0 1
    outer loop
      vertex 42.3288 32.9105 3
      vertex 42.9522 10.8313 3
      vertex 42.9522 33.1687 3
    endloop
  endfacet
  facet normal 0 0 1
    outer loop
      vertex 42.3288 32.9105 3
      vertex 42.3288 11.0895 3
      vertex 42.9522 10.8313 3
    endloop
  endfacet
  facet normal -0 0 1
    outer loop
      vertex 41.6727 32.7529 3
      vertex 42.3288 11.0895 3
      vertex 42.3288 32.9105 3
    endloop
  endfacet
  facet normal 0 0 1
    outer loop
      vertex 41.6727 32.7529 3
      vertex 41.6727 11.2471 3
      vertex 42.3288 11.0895 3
    endloop
  endfacet
  facet normal -0 0 1
    outer loop
      vertex 41 32.7 3
      vertex 41.6727 11.2471 3
      vertex 41.6727 32.7529 3
    endloop
  endfacet
  facet normal 0 0 1
    outer loop
      vertex 41 32.7 3
      vertex 41 11.3 3
      vertex 41.6727 11.2471 3
    endloop
  endfacet
  facet normal 0 0 1
    outer loop
      vertex 40.3273 32.7529 3
      vertex 41 11.3 3
      vertex 41 32.7 3
    endloop
  endfacet
  facet normal 0 0 1
    outer loop
      vertex 40.3273 32.7529 3
      vertex 40.3273 11.2471 3
      vertex 41 11.3 3
    endloop
  endfacet
  facet normal 0 0 1
    outer loop
      vertex 39.6712 32.9105 3
      vertex 40.3273 11.2471 3
      vertex 40.3273 32.7529 3
    endloop
  endfacet
  facet normal 0 0 1
    outer loop
      vertex 39.6712 32.9105 3
      vertex 39.6712 11.0895 3
      vertex 40.3273 11.2471 3
    endloop
  endfacet
  facet normal 0 0 1
    outer loop
      vertex 39.0478 33.1687 3
      vertex 39.6712 11.0895 3
      vertex 39.6712 32.9105 3
    endloop
  endfacet
  facet normal 0 0 1
    outer loop
      vertex 39.0478 33.1687 3
      vertex 39.0478 10.8313 3
      vertex 39.6712 11.0895 3
    endloop
  endfacet
  facet normal 0 0 1
    outer loop
      vertex 38.4725 33.5212 3
      vertex 39.0478 10.8313 3
      vertex 39.0478 33.1687 3
    endloop
  endfacet
  facet normal 0 0 1
    outer loop
      vertex 38.4725 33.5212 3
      vertex 38.4725 10.4788 3
      vertex 39.0478 10.8313 3
    endloop
  endfacet
  facet normal 0 0 1
    outer loop
      vertex 37.9594 33.9594 3
      vertex 38.4725 10.4788 3
      vertex 38.4725 33.5212 3
    endloop
  endfacet
  facet normal 0 0 1
    outer loop
      vertex 37.9594 33.9594 3
      vertex 37.9594 10.0406 3
      vertex 38.4725 10.4788 3
    endloop
  endfacet
  facet normal 0 0 1
    outer loop
      vertex 37.5212 34.4725 3
      vertex 37.9594 10.0406 3
      vertex 37.9594 33.9594 3
    endloop
  endfacet
  facet normal 0 0 1
    outer loop
      vertex 37.5212 34.4725 3
      vertex 37.5212 9.52748 3
      vertex 37.9594 10.0406 3
    endloop
  endfacet
  facet normal 0 0 1
    outer loop
      vertex 37.1687 35.0478 3
      vertex 37.5212 9.52748 3
      vertex 37.5212 34.4725 3
    endloop
  endfacet
  facet normal 0 0 1
    outer loop
      vertex 37.1687 35.0478 3
      vertex 37.1687 8.95216 3
      vertex 37.5212 9.52748 3
    endloop
  endfacet
  facet normal 0 0 1
    outer loop
      vertex 36.9105 35.6712 3
      vertex 37.1687 8.95216 3
      vertex 37.1687 35.0478 3
    endloop
  endfacet
  facet normal 0 0 1
    outer loop
      vertex 36.9105 35.6712 3
      vertex 36.9105 8.32877 3
      vertex 37.1687 8.95216 3
    endloop
  endfacet
  facet normal 0 0 1
    outer loop
      vertex -36.7529 36.3273 3
      vertex 36.7529 36.3273 3
      vertex -36.7 37 3
    endloop
  endfacet
  facet normal 0 0 1
    outer loop
      vertex 36.7529 36.3273 3
      vertex -36.7529 36.3273 3
      vertex 36.9105 35.6712 3
    endloop
  endfacet
  facet normal -0 0 1
    outer loop
      vertex -36.7 37 3
      vertex 36.7529 36.3273 3
      vertex 36.7 37 3
    endloop
  endfacet
  facet normal 0 0 1
    outer loop
      vertex -36.9105 35.6712 3
      vertex 36.9105 35.6712 3
      vertex -36.7529 36.3273 3
    endloop
  endfacet
  facet normal 0 0 1
    outer loop
      vertex 36.7529 7.67267 3
      vertex -36.7 7 3
      vertex 36.7 7 3
    endloop
  endfacet
  facet normal 0 0 1
    outer loop
      vertex 36.7 7 3
      vertex -36.7 7 3
      vertex 36.7529 6.32733 3
    endloop
  endfacet
  facet normal 0 0 1
    outer loop
      vertex -36.7529 6.32733 3
      vertex 36.7529 6.32733 3
      vertex -36.7 7 3
    endloop
  endfacet
  facet normal 0 0 1
    outer loop
      vertex 36.7529 6.32733 3
      vertex -36.7529 6.32733 3
      vertex 36.9105 5.67123 3
    endloop
  endfacet
  facet normal 0 0 1
    outer loop
      vertex -36.9105 5.67123 3
      vertex 36.9105 5.67123 3
      vertex -36.7529 6.32733 3
    endloop
  endfacet
  facet normal 0 0 1
    outer loop
      vertex 36.9105 5.67123 3
      vertex -36.9105 5.67123 3
      vertex 37.1687 5.04784 3
    endloop
  endfacet
  facet normal 0 0 1
    outer loop
      vertex -37.1687 5.04784 3
      vertex 37.1687 5.04784 3
      vertex -36.9105 5.67123 3
    endloop
  endfacet
  facet normal 0 0 1
    outer loop
      vertex 37.1687 5.04784 3
      vertex -37.1687 5.04784 3
      vertex 37.5212 4.47252 3
    endloop
  endfacet
  facet normal 0 0 1
    outer loop
      vertex -37.5212 4.47252 3
      vertex 37.5212 4.47252 3
      vertex -37.1687 5.04784 3
    endloop
  endfacet
  facet normal 0 0 1
    outer loop
      vertex 37.5212 4.47252 3
      vertex -37.5212 4.47252 3
      vertex 37.9594 3.95944 3
    endloop
  endfacet
  facet normal 0 0 1
    outer loop
      vertex -37.9594 3.95944 3
      vertex 37.9594 3.95944 3
      vertex -37.5212 4.47252 3
    endloop
  endfacet
  facet normal 0 0 1
    outer loop
      vertex 37.9594 3.95944 3
      vertex -37.9594 3.95944 3
      vertex 38.4725 3.52123 3
    endloop
  endfacet
  facet normal 0 0 1
    outer loop
      vertex -38.4725 3.52123 3
      vertex 38.4725 3.52123 3
      vertex -37.9594 3.95944 3
    endloop
  endfacet
  facet normal 0 0 1
    outer loop
      vertex 38.4725 3.52123 3
      vertex -38.4725 3.52123 3
      vertex 39.0478 3.16867 3
    endloop
  endfacet
  facet normal 0 0 1
    outer loop
      vertex -39.0478 3.16867 3
      vertex 39.0478 3.16867 3
      vertex -38.4725 3.52123 3
    endloop
  endfacet
  facet normal 0 0 1
    outer loop
      vertex 39.0478 3.16867 3
      vertex -39.0478 3.16867 3
      vertex 39.4551 3 3
    endloop
  endfacet
  facet normal 0 0 1
    outer loop
      vertex 39.4551 3 3
      vertex -39.0478 3.16867 3
      vertex -39.4551 3 3
    endloop
  endfacet
  facet normal -0.308946 0.95108 0
    outer loop
      vertex 43.7634 3.57295 3
      vertex 43.4409 3.46819 33
      vertex 43.7634 3.57295 33
    endloop
  endfacet
  facet normal -0.308946 0.95108 0
    outer loop
      vertex 43.4409 3.46819 33
      vertex 43.7634 3.57295 3
      vertex 43.4409 3.46819 3
    endloop
  endfacet
  facet normal -0.951045 -0.309053 0
    outer loop
      vertex 44.5318 39.4409 3
      vertex 44.427 39.7634 33
      vertex 44.427 39.7634 3
    endloop
  endfacet
  facet normal -0.951045 -0.309053 0
    outer loop
      vertex 44.427 39.7634 33
      vertex 44.5318 39.4409 3
      vertex 44.5318 39.4409 33
    endloop
  endfacet
  facet normal 0.309053 -0.951045 0
    outer loop
      vertex -43.7634 40.427 3
      vertex -43.4409 40.5318 33
      vertex -43.7634 40.427 33
    endloop
  endfacet
  facet normal 0.309053 -0.951045 0
    outer loop
      vertex -43.4409 40.5318 33
      vertex -43.7634 40.427 3
      vertex -43.4409 40.5318 3
    endloop
  endfacet
  facet normal 0 -1 0
    outer loop
      vertex -39.4551 41 3
      vertex 39.4551 41 33
      vertex -39.4551 41 33
    endloop
  endfacet
  facet normal 0 -1 -0
    outer loop
      vertex 39.4551 41 33
      vertex -39.4551 41 3
      vertex 39.4551 41 3
    endloop
  endfacet
  facet normal 0.951022 0.309122 0
    outer loop
      vertex -44.427 4.23665 33
      vertex -44.5318 4.55907 3
      vertex -44.5318 4.55907 33
    endloop
  endfacet
  facet normal 0.951022 0.309122 0
    outer loop
      vertex -44.5318 4.55907 3
      vertex -44.427 4.23665 33
      vertex -44.427 4.23665 3
    endloop
  endfacet
  facet normal 0.891039 -0.453926 0
    outer loop
      vertex -43.8984 40.162 33
      vertex -43.7634 40.427 3
      vertex -43.7634 40.427 33
    endloop
  endfacet
  facet normal 0.891039 -0.453926 0
    outer loop
      vertex -43.7634 40.427 3
      vertex -43.8984 40.162 33
      vertex -43.8984 40.162 3
    endloop
  endfacet
  facet normal 1 -0 0
    outer loop
      vertex -45 8.54495 33
      vertex -45 35.4551 3
      vertex -45 35.4551 33
    endloop
  endfacet
  facet normal 1 0 0
    outer loop
      vertex -45 35.4551 3
      vertex -45 8.54495 33
      vertex -45 8.54495 3
    endloop
  endfacet
  facet normal 0 1 -0
    outer loop
      vertex 39.4551 3 3
      vertex 24.5 3 12
      vertex 39.4551 3 12
    endloop
  endfacet
  facet normal 0 1 0
    outer loop
      vertex 24.5 3 12
      vertex 22.5 3 6
      vertex 22.5 3 11
    endloop
  endfacet
  facet normal 0 1 0
    outer loop
      vertex 22.5 3 6
      vertex 39.4551 3 3
      vertex 18.5 3 6
    endloop
  endfacet
  facet normal 0 1 0
    outer loop
      vertex 24.5 3 12
      vertex 39.4551 3 3
      vertex 22.5 3 6
    endloop
  endfacet
  facet normal 0 1 0
    outer loop
      vertex 18.5 3 11
      vertex 39.4551 3 33
      vertex 32.5 3 21
    endloop
  endfacet
  facet normal -0 1 0
    outer loop
      vertex 32.5 3 21
      vertex 39.4551 3 33
      vertex 39.4551 3 14.045
    endloop
  endfacet
  facet normal 0 1 0
    outer loop
      vertex 18.5 3 11
      vertex 32.5 3 21
      vertex 24.5 3 13
    endloop
  endfacet
  facet normal 0 1 0
    outer loop
      vertex 22.5 3 11
      vertex 24.5 3 13
      vertex 24.5 3 12
    endloop
  endfacet
  facet normal 0 1 0
    outer loop
      vertex 24.5 3 13
      vertex 22.5 3 11
      vertex 18.5 3 11
    endloop
  endfacet
  facet normal 0 1 0
    outer loop
      vertex 39.4551 3 33
      vertex 18.5 3 11
      vertex -39.4551 3 33
    endloop
  endfacet
  facet normal 0 1 0
    outer loop
      vertex -39.4551 3 3
      vertex 18.5 3 11
      vertex 18.5 3 6
    endloop
  endfacet
  facet normal 0 1 0
    outer loop
      vertex 18.5 3 11
      vertex -39.4551 3 3
      vertex -39.4551 3 33
    endloop
  endfacet
  facet normal 0 1 0
    outer loop
      vertex -39.4551 3 3
      vertex 18.5 3 6
      vertex 39.4551 3 3
    endloop
  endfacet
  facet normal -1 0 0
    outer loop
      vertex 45 8.54495 3
      vertex 45 35.4551 33
      vertex 45 35.4551 3
    endloop
  endfacet
  facet normal -1 -0 0
    outer loop
      vertex 45 35.4551 33
      vertex 45 8.54495 3
      vertex 45 8.54495 33
    endloop
  endfacet
  facet normal -0.453926 -0.891039 0
    outer loop
      vertex 44.162 39.8984 3
      vertex 44.427 39.7634 33
      vertex 44.162 39.8984 33
    endloop
  endfacet
  facet normal -0.453926 -0.891039 -0
    outer loop
      vertex 44.427 39.7634 33
      vertex 44.162 39.8984 3
      vertex 44.427 39.7634 3
    endloop
  endfacet
  facet normal 0.454113 0.890944 -0
    outer loop
      vertex -44.162 4.10158 3
      vertex -44.427 4.23665 33
      vertex -44.162 4.10158 33
    endloop
  endfacet
  facet normal 0.454113 0.890944 0
    outer loop
      vertex -44.427 4.23665 33
      vertex -44.162 4.10158 3
      vertex -44.427 4.23665 3
    endloop
  endfacet
  facet normal -0.891109 0.45379 0
    outer loop
      vertex 43.7634 3.57295 3
      vertex 43.8984 3.83805 33
      vertex 43.8984 3.83805 3
    endloop
  endfacet
  facet normal -0.891109 0.45379 0
    outer loop
      vertex 43.8984 3.83805 33
      vertex 43.7634 3.57295 3
      vertex 43.7634 3.57295 33
    endloop
  endfacet
  facet normal 0.972342 0.233564 0
    outer loop
      vertex -36.7529 7.67267 33
      vertex -36.9105 8.32877 3
      vertex -36.9105 8.32877 33
    endloop
  endfacet
  facet normal 0.972342 0.233564 0
    outer loop
      vertex -36.9105 8.32877 3
      vertex -36.7529 7.67267 33
      vertex -36.7529 7.67267 3
    endloop
  endfacet
  facet normal 0.996922 0.0783998 0
    outer loop
      vertex -36.7 7 33
      vertex -36.7529 7.67267 3
      vertex -36.7529 7.67267 33
    endloop
  endfacet
  facet normal 0.996922 0.0783998 0
    outer loop
      vertex -36.7529 7.67267 3
      vertex -36.7 7 33
      vertex -36.7 7 3
    endloop
  endfacet
  facet normal 0.923888 0.382662 0
    outer loop
      vertex -36.9105 8.32877 33
      vertex -37.1687 8.95216 3
      vertex -37.1687 8.95216 33
    endloop
  endfacet
  facet normal 0.923888 0.382662 0
    outer loop
      vertex -37.1687 8.95216 3
      vertex -36.9105 8.32877 33
      vertex -36.9105 8.32877 3
    endloop
  endfacet
  facet normal 0.996922 -0.0783998 0
    outer loop
      vertex -36.7529 6.32733 33
      vertex -36.7 7 3
      vertex -36.7 7 33
    endloop
  endfacet
  facet normal 0.996922 -0.0783998 0
    outer loop
      vertex -36.7 7 3
      vertex -36.7529 6.32733 33
      vertex -36.7529 6.32733 3
    endloop
  endfacet
  facet normal -0.649423 0.760427 0
    outer loop
      vertex -43.5275 10.4788 3
      vertex -44.0406 10.0406 33
      vertex -43.5275 10.4788 33
    endloop
  endfacet
  facet normal -0.649423 0.760427 0
    outer loop
      vertex -44.0406 10.0406 33
      vertex -43.5275 10.4788 3
      vertex -44.0406 10.0406 3
    endloop
  endfacet
  facet normal 0.649423 0.760427 -0
    outer loop
      vertex -37.9594 10.0406 3
      vertex -38.4725 10.4788 33
      vertex -37.9594 10.0406 33
    endloop
  endfacet
  facet normal 0.649423 0.760427 0
    outer loop
      vertex -38.4725 10.4788 33
      vertex -37.9594 10.0406 3
      vertex -38.4725 10.4788 3
    endloop
  endfacet
  facet normal 0.649432 -0.76042 0
    outer loop
      vertex -38.4725 3.52123 3
      vertex -37.9594 3.95944 33
      vertex -38.4725 3.52123 33
    endloop
  endfacet
  facet normal 0.649432 -0.76042 0
    outer loop
      vertex -37.9594 3.95944 33
      vertex -38.4725 3.52123 3
      vertex -37.9594 3.95944 3
    endloop
  endfacet
  facet normal 0.923888 -0.382662 0
    outer loop
      vertex -37.1687 5.04784 33
      vertex -36.9105 5.67123 3
      vertex -36.9105 5.67123 33
    endloop
  endfacet
  facet normal 0.923888 -0.382662 0
    outer loop
      vertex -36.9105 5.67123 3
      vertex -37.1687 5.04784 33
      vertex -37.1687 5.04784 3
    endloop
  endfacet
  facet normal -0.923857 0.382738 0
    outer loop
      vertex -45 8.54495 3
      vertex -44.8313 8.95216 33
      vertex -44.8313 8.95216 3
    endloop
  endfacet
  facet normal -0.923857 0.382738 0
    outer loop
      vertex -44.8313 8.95216 33
      vertex -45 8.54495 3
      vertex -45 8.54495 33
    endloop
  endfacet
  facet normal 0.760415 -0.649438 0
    outer loop
      vertex -37.9594 3.95944 33
      vertex -37.5212 4.47252 3
      vertex -37.5212 4.47252 33
    endloop
  endfacet
  facet normal 0.760415 -0.649438 0
    outer loop
      vertex -37.5212 4.47252 3
      vertex -37.9594 3.95944 33
      vertex -37.9594 3.95944 3
    endloop
  endfacet
  facet normal 0.852678 -0.522438 0
    outer loop
      vertex -37.5212 4.47252 33
      vertex -37.1687 5.04784 3
      vertex -37.1687 5.04784 33
    endloop
  endfacet
  facet normal 0.852678 -0.522438 0
    outer loop
      vertex -37.1687 5.04784 3
      vertex -37.5212 4.47252 33
      vertex -37.5212 4.47252 3
    endloop
  endfacet
  facet normal -0.852678 0.522438 0
    outer loop
      vertex -44.8313 8.95216 3
      vertex -44.4788 9.52748 33
      vertex -44.4788 9.52748 3
    endloop
  endfacet
  facet normal -0.852678 0.522438 0
    outer loop
      vertex -44.4788 9.52748 33
      vertex -44.8313 8.95216 3
      vertex -44.8313 8.95216 33
    endloop
  endfacet
  facet normal 0.382608 -0.923911 0
    outer loop
      vertex -39.4551 3 3
      vertex -39.0478 3.16867 33
      vertex -39.4551 3 33
    endloop
  endfacet
  facet normal 0.382608 -0.923911 0
    outer loop
      vertex -39.0478 3.16867 33
      vertex -39.4551 3 3
      vertex -39.0478 3.16867 3
    endloop
  endfacet
  facet normal -0.76044 0.649409 0
    outer loop
      vertex -44.4788 9.52748 3
      vertex -44.0406 10.0406 33
      vertex -44.0406 10.0406 3
    endloop
  endfacet
  facet normal -0.76044 0.649409 0
    outer loop
      vertex -44.0406 10.0406 33
      vertex -44.4788 9.52748 3
      vertex -44.4788 9.52748 33
    endloop
  endfacet
  facet normal -0.233564 0.972342 0
    outer loop
      vertex -41.6727 11.2471 3
      vertex -42.3288 11.0895 33
      vertex -41.6727 11.2471 33
    endloop
  endfacet
  facet normal -0.233564 0.972342 0
    outer loop
      vertex -42.3288 11.0895 33
      vertex -41.6727 11.2471 3
      vertex -42.3288 11.0895 3
    endloop
  endfacet
  facet normal -0.522451 0.852669 0
    outer loop
      vertex -42.9522 10.8313 3
      vertex -43.5275 10.4788 33
      vertex -42.9522 10.8313 33
    endloop
  endfacet
  facet normal -0.522451 0.852669 0
    outer loop
      vertex -43.5275 10.4788 33
      vertex -42.9522 10.8313 3
      vertex -43.5275 10.4788 3
    endloop
  endfacet
  facet normal 0.382657 0.92389 -0
    outer loop
      vertex -39.0478 10.8313 3
      vertex -39.6712 11.0895 33
      vertex -39.0478 10.8313 33
    endloop
  endfacet
  facet normal 0.382657 0.92389 0
    outer loop
      vertex -39.6712 11.0895 33
      vertex -39.0478 10.8313 3
      vertex -39.6712 11.0895 3
    endloop
  endfacet
  facet normal 0.76044 0.649409 0
    outer loop
      vertex -37.5212 9.52748 33
      vertex -37.9594 10.0406 3
      vertex -37.9594 10.0406 33
    endloop
  endfacet
  facet normal 0.76044 0.649409 0
    outer loop
      vertex -37.9594 10.0406 3
      vertex -37.5212 9.52748 33
      vertex -37.5212 9.52748 3
    endloop
  endfacet
  facet normal 0.522451 0.852669 -0
    outer loop
      vertex -38.4725 10.4788 3
      vertex -39.0478 10.8313 33
      vertex -38.4725 10.4788 33
    endloop
  endfacet
  facet normal 0.522451 0.852669 0
    outer loop
      vertex -39.0478 10.8313 33
      vertex -38.4725 10.4788 3
      vertex -39.0478 10.8313 3
    endloop
  endfacet
  facet normal -0.0783963 0.996922 0
    outer loop
      vertex -41 11.3 3
      vertex -41.6727 11.2471 33
      vertex -41 11.3 33
    endloop
  endfacet
  facet normal -0.0783963 0.996922 0
    outer loop
      vertex -41.6727 11.2471 33
      vertex -41 11.3 3
      vertex -41.6727 11.2471 3
    endloop
  endfacet
  facet normal -0.382657 0.92389 0
    outer loop
      vertex -42.3288 11.0895 3
      vertex -42.9522 10.8313 33
      vertex -42.3288 11.0895 33
    endloop
  endfacet
  facet normal -0.382657 0.92389 0
    outer loop
      vertex -42.9522 10.8313 33
      vertex -42.3288 11.0895 3
      vertex -42.9522 10.8313 3
    endloop
  endfacet
  facet normal 0.972342 -0.233564 0
    outer loop
      vertex -36.9105 5.67123 33
      vertex -36.7529 6.32733 3
      vertex -36.7529 6.32733 33
    endloop
  endfacet
  facet normal 0.972342 -0.233564 0
    outer loop
      vertex -36.7529 6.32733 3
      vertex -36.9105 5.67123 33
      vertex -36.9105 5.67123 3
    endloop
  endfacet
  facet normal 0.852678 0.522438 0
    outer loop
      vertex -37.1687 8.95216 33
      vertex -37.5212 9.52748 3
      vertex -37.5212 9.52748 33
    endloop
  endfacet
  facet normal 0.852678 0.522438 0
    outer loop
      vertex -37.5212 9.52748 3
      vertex -37.1687 8.95216 33
      vertex -37.1687 8.95216 3
    endloop
  endfacet
  facet normal -0.760419 -0.649433 0
    outer loop
      vertex -44.162 4.10158 3
      vertex -44.4788 4.47252 33
      vertex -44.4788 4.47252 3
    endloop
  endfacet
  facet normal -0.760419 -0.649433 0
    outer loop
      vertex -44.4788 4.47252 33
      vertex -44.162 4.10158 3
      vertex -44.162 4.10158 33
    endloop
  endfacet
  facet normal 0.233564 0.972342 -0
    outer loop
      vertex -39.6712 11.0895 3
      vertex -40.3273 11.2471 33
      vertex -39.6712 11.0895 33
    endloop
  endfacet
  facet normal 0.233564 0.972342 0
    outer loop
      vertex -40.3273 11.2471 33
      vertex -39.6712 11.0895 3
      vertex -40.3273 11.2471 3
    endloop
  endfacet
  facet normal 0.0783963 0.996922 -0
    outer loop
      vertex -40.3273 11.2471 3
      vertex -41 11.3 33
      vertex -40.3273 11.2471 33
    endloop
  endfacet
  facet normal 0.0783963 0.996922 0
    outer loop
      vertex -41 11.3 33
      vertex -40.3273 11.2471 3
      vertex -41 11.3 3
    endloop
  endfacet
  facet normal 0.522515 -0.85263 0
    outer loop
      vertex -39.0478 3.16867 3
      vertex -38.4725 3.52123 33
      vertex -39.0478 3.16867 33
    endloop
  endfacet
  facet normal 0.522515 -0.85263 0
    outer loop
      vertex -38.4725 3.52123 33
      vertex -39.0478 3.16867 3
      vertex -38.4725 3.52123 3
    endloop
  endfacet
  facet normal -0.852807 -0.522227 0
    outer loop
      vertex -44.4788 4.47252 3
      vertex -44.5318 4.55907 33
      vertex -44.5318 4.55907 3
    endloop
  endfacet
  facet normal -0.852807 -0.522227 0
    outer loop
      vertex -44.5318 4.55907 33
      vertex -44.4788 4.47252 3
      vertex -44.4788 4.47252 33
    endloop
  endfacet
  facet normal 0.233564 -0.972342 0
    outer loop
      vertex -40.3273 32.7529 3
      vertex -39.6712 32.9105 33
      vertex -40.3273 32.7529 33
    endloop
  endfacet
  facet normal 0.233564 -0.972342 0
    outer loop
      vertex -39.6712 32.9105 33
      vertex -40.3273 32.7529 3
      vertex -39.6712 32.9105 3
    endloop
  endfacet
  facet normal 0.972342 0.233564 0
    outer loop
      vertex -36.7529 37.6727 33
      vertex -36.9105 38.3288 3
      vertex -36.9105 38.3288 33
    endloop
  endfacet
  facet normal 0.972342 0.233564 0
    outer loop
      vertex -36.9105 38.3288 3
      vertex -36.7529 37.6727 33
      vertex -36.7529 37.6727 3
    endloop
  endfacet
  facet normal 0.996922 0.0783963 0
    outer loop
      vertex -36.7 37 33
      vertex -36.7529 37.6727 3
      vertex -36.7529 37.6727 33
    endloop
  endfacet
  facet normal 0.996922 0.0783963 0
    outer loop
      vertex -36.7529 37.6727 3
      vertex -36.7 37 33
      vertex -36.7 37 3
    endloop
  endfacet
  facet normal 0.92389 0.382657 0
    outer loop
      vertex -36.9105 38.3288 33
      vertex -37.1687 38.9522 3
      vertex -37.1687 38.9522 33
    endloop
  endfacet
  facet normal 0.92389 0.382657 0
    outer loop
      vertex -37.1687 38.9522 3
      vertex -36.9105 38.3288 33
      vertex -36.9105 38.3288 3
    endloop
  endfacet
  facet normal -0.0783963 -0.996922 0
    outer loop
      vertex -41.6727 32.7529 3
      vertex -41 32.7 33
      vertex -41.6727 32.7529 33
    endloop
  endfacet
  facet normal -0.0783963 -0.996922 -0
    outer loop
      vertex -41 32.7 33
      vertex -41.6727 32.7529 3
      vertex -41 32.7 3
    endloop
  endfacet
  facet normal 0.996922 -0.0783963 0
    outer loop
      vertex -36.7529 36.3273 33
      vertex -36.7 37 3
      vertex -36.7 37 33
    endloop
  endfacet
  facet normal 0.996922 -0.0783963 0
    outer loop
      vertex -36.7 37 3
      vertex -36.7529 36.3273 33
      vertex -36.7529 36.3273 3
    endloop
  endfacet
  facet normal -0.649474 0.760384 0
    outer loop
      vertex -43.5275 40.4788 3
      vertex -43.8984 40.162 33
      vertex -43.5275 40.4788 33
    endloop
  endfacet
  facet normal -0.649474 0.760384 0
    outer loop
      vertex -43.8984 40.162 33
      vertex -43.5275 40.4788 3
      vertex -43.8984 40.162 3
    endloop
  endfacet
  facet normal 0.649423 0.760427 -0
    outer loop
      vertex -37.9594 40.0406 3
      vertex -38.4725 40.4788 33
      vertex -37.9594 40.0406 33
    endloop
  endfacet
  facet normal 0.649423 0.760427 0
    outer loop
      vertex -38.4725 40.4788 33
      vertex -37.9594 40.0406 3
      vertex -38.4725 40.4788 3
    endloop
  endfacet
  facet normal 0.0783963 -0.996922 0
    outer loop
      vertex -41 32.7 3
      vertex -40.3273 32.7529 33
      vertex -41 32.7 33
    endloop
  endfacet
  facet normal 0.0783963 -0.996922 0
    outer loop
      vertex -40.3273 32.7529 33
      vertex -41 32.7 3
      vertex -40.3273 32.7529 3
    endloop
  endfacet
  facet normal 0.649423 -0.760427 0
    outer loop
      vertex -38.4725 33.5212 3
      vertex -37.9594 33.9594 33
      vertex -38.4725 33.5212 33
    endloop
  endfacet
  facet normal 0.649423 -0.760427 0
    outer loop
      vertex -37.9594 33.9594 33
      vertex -38.4725 33.5212 3
      vertex -37.9594 33.9594 3
    endloop
  endfacet
  facet normal -0.923887 -0.382666 0
    outer loop
      vertex -44.8313 35.0478 3
      vertex -45 35.4551 33
      vertex -45 35.4551 3
    endloop
  endfacet
  facet normal -0.923887 -0.382666 0
    outer loop
      vertex -45 35.4551 33
      vertex -44.8313 35.0478 3
      vertex -44.8313 35.0478 33
    endloop
  endfacet
  facet normal 0.92389 -0.382657 0
    outer loop
      vertex -37.1687 35.0478 33
      vertex -36.9105 35.6712 3
      vertex -36.9105 35.6712 33
    endloop
  endfacet
  facet normal 0.92389 -0.382657 0
    outer loop
      vertex -36.9105 35.6712 3
      vertex -37.1687 35.0478 33
      vertex -37.1687 35.0478 3
    endloop
  endfacet
  facet normal 0.760427 -0.649423 0
    outer loop
      vertex -37.9594 33.9594 33
      vertex -37.5212 34.4725 3
      vertex -37.5212 34.4725 33
    endloop
  endfacet
  facet normal 0.760427 -0.649423 0
    outer loop
      vertex -37.5212 34.4725 3
      vertex -37.9594 33.9594 33
      vertex -37.9594 33.9594 3
    endloop
  endfacet
  facet normal 0.852669 -0.522451 0
    outer loop
      vertex -37.5212 34.4725 33
      vertex -37.1687 35.0478 3
      vertex -37.1687 35.0478 33
    endloop
  endfacet
  facet normal 0.852669 -0.522451 0
    outer loop
      vertex -37.1687 35.0478 3
      vertex -37.5212 34.4725 33
      vertex -37.5212 34.4725 3
    endloop
  endfacet
  facet normal 0.382657 -0.92389 0
    outer loop
      vertex -39.6712 32.9105 3
      vertex -39.0478 33.1687 33
      vertex -39.6712 32.9105 33
    endloop
  endfacet
  facet normal 0.382657 -0.92389 0
    outer loop
      vertex -39.0478 33.1687 33
      vertex -39.6712 32.9105 3
      vertex -39.0478 33.1687 3
    endloop
  endfacet
  facet normal -0.522008 0.852941 0
    outer loop
      vertex -43.4409 40.5318 3
      vertex -43.5275 40.4788 33
      vertex -43.4409 40.5318 33
    endloop
  endfacet
  facet normal -0.522008 0.852941 0
    outer loop
      vertex -43.5275 40.4788 33
      vertex -43.4409 40.5318 3
      vertex -43.5275 40.4788 3
    endloop
  endfacet
  facet normal -0.522451 -0.852669 0
    outer loop
      vertex -43.5275 33.5212 3
      vertex -42.9522 33.1687 33
      vertex -43.5275 33.5212 33
    endloop
  endfacet
  facet normal -0.522451 -0.852669 -0
    outer loop
      vertex -42.9522 33.1687 33
      vertex -43.5275 33.5212 3
      vertex -42.9522 33.1687 3
    endloop
  endfacet
  facet normal 0.382666 0.923887 -0
    outer loop
      vertex -39.0478 40.8313 3
      vertex -39.4551 41 33
      vertex -39.0478 40.8313 33
    endloop
  endfacet
  facet normal 0.382666 0.923887 0
    outer loop
      vertex -39.4551 41 33
      vertex -39.0478 40.8313 3
      vertex -39.4551 41 3
    endloop
  endfacet
  facet normal 0.760427 0.649423 0
    outer loop
      vertex -37.5212 39.5275 33
      vertex -37.9594 40.0406 3
      vertex -37.9594 40.0406 33
    endloop
  endfacet
  facet normal 0.760427 0.649423 0
    outer loop
      vertex -37.9594 40.0406 3
      vertex -37.5212 39.5275 33
      vertex -37.5212 39.5275 3
    endloop
  endfacet
  facet normal -0.382657 -0.92389 0
    outer loop
      vertex -42.9522 33.1687 3
      vertex -42.3288 32.9105 33
      vertex -42.9522 33.1687 33
    endloop
  endfacet
  facet normal -0.382657 -0.92389 -0
    outer loop
      vertex -42.3288 32.9105 33
      vertex -42.9522 33.1687 3
      vertex -42.3288 32.9105 3
    endloop
  endfacet
  facet normal 0.522451 0.852669 -0
    outer loop
      vertex -38.4725 40.4788 3
      vertex -39.0478 40.8313 33
      vertex -38.4725 40.4788 33
    endloop
  endfacet
  facet normal 0.522451 0.852669 0
    outer loop
      vertex -39.0478 40.8313 33
      vertex -38.4725 40.4788 3
      vertex -39.0478 40.8313 3
    endloop
  endfacet
  facet normal 0.972342 -0.233564 0
    outer loop
      vertex -36.9105 35.6712 33
      vertex -36.7529 36.3273 3
      vertex -36.7529 36.3273 33
    endloop
  endfacet
  facet normal 0.972342 -0.233564 0
    outer loop
      vertex -36.7529 36.3273 3
      vertex -36.9105 35.6712 33
      vertex -36.9105 35.6712 3
    endloop
  endfacet
  facet normal 0.852669 0.522451 0
    outer loop
      vertex -37.1687 38.9522 33
      vertex -37.5212 39.5275 3
      vertex -37.5212 39.5275 33
    endloop
  endfacet
  facet normal 0.852669 0.522451 0
    outer loop
      vertex -37.5212 39.5275 3
      vertex -37.1687 38.9522 33
      vertex -37.1687 38.9522 3
    endloop
  endfacet
  facet normal -0.760427 -0.649423 0
    outer loop
      vertex -44.0406 33.9594 3
      vertex -44.4788 34.4725 33
      vertex -44.4788 34.4725 3
    endloop
  endfacet
  facet normal -0.760427 -0.649423 0
    outer loop
      vertex -44.4788 34.4725 33
      vertex -44.0406 33.9594 3
      vertex -44.0406 33.9594 33
    endloop
  endfacet
  facet normal -0.649423 -0.760427 0
    outer loop
      vertex -44.0406 33.9594 3
      vertex -43.5275 33.5212 33
      vertex -44.0406 33.9594 33
    endloop
  endfacet
  facet normal -0.649423 -0.760427 -0
    outer loop
      vertex -43.5275 33.5212 33
      vertex -44.0406 33.9594 3
      vertex -43.5275 33.5212 3
    endloop
  endfacet
  facet normal -0.233564 -0.972342 0
    outer loop
      vertex -42.3288 32.9105 3
      vertex -41.6727 32.7529 33
      vertex -42.3288 32.9105 33
    endloop
  endfacet
  facet normal -0.233564 -0.972342 -0
    outer loop
      vertex -41.6727 32.7529 33
      vertex -42.3288 32.9105 3
      vertex -41.6727 32.7529 3
    endloop
  endfacet
  facet normal 0.522451 -0.852669 0
    outer loop
      vertex -39.0478 33.1687 3
      vertex -38.4725 33.5212 33
      vertex -39.0478 33.1687 33
    endloop
  endfacet
  facet normal 0.522451 -0.852669 0
    outer loop
      vertex -38.4725 33.5212 33
      vertex -39.0478 33.1687 3
      vertex -38.4725 33.5212 3
    endloop
  endfacet
  facet normal -0.852669 -0.522451 0
    outer loop
      vertex -44.4788 34.4725 3
      vertex -44.8313 35.0478 33
      vertex -44.8313 35.0478 3
    endloop
  endfacet
  facet normal -0.852669 -0.522451 0
    outer loop
      vertex -44.8313 35.0478 33
      vertex -44.4788 34.4725 3
      vertex -44.4788 34.4725 33
    endloop
  endfacet
  facet normal 0.923857 0.382738 0
    outer loop
      vertex 45 8.54495 33
      vertex 44.8313 8.95216 3
      vertex 44.8313 8.95216 33
    endloop
  endfacet
  facet normal 0.923857 0.382738 0
    outer loop
      vertex 44.8313 8.95216 3
      vertex 45 8.54495 33
      vertex 45 8.54495 3
    endloop
  endfacet
  facet normal -0.649423 0.760427 0
    outer loop
      vertex 38.4725 10.4788 3
      vertex 37.9594 10.0406 33
      vertex 38.4725 10.4788 33
    endloop
  endfacet
  facet normal -0.649423 0.760427 0
    outer loop
      vertex 37.9594 10.0406 33
      vertex 38.4725 10.4788 3
      vertex 37.9594 10.0406 3
    endloop
  endfacet
  facet normal 0.649423 0.760427 -0
    outer loop
      vertex 44.0406 10.0406 3
      vertex 43.5275 10.4788 33
      vertex 44.0406 10.0406 33
    endloop
  endfacet
  facet normal 0.649423 0.760427 0
    outer loop
      vertex 43.5275 10.4788 33
      vertex 44.0406 10.0406 3
      vertex 43.5275 10.4788 3
    endloop
  endfacet
  facet normal 0.649497 -0.760364 0
    outer loop
      vertex 43.5275 3.52123 3
      vertex 43.8984 3.83805 33
      vertex 43.5275 3.52123 33
    endloop
  endfacet
  facet normal 0.649497 -0.760364 0
    outer loop
      vertex 43.8984 3.83805 33
      vertex 43.5275 3.52123 3
      vertex 43.8984 3.83805 3
    endloop
  endfacet
  facet normal -0.923888 -0.382662 0
    outer loop
      vertex 37.1687 5.04784 3
      vertex 36.9105 5.67123 33
      vertex 36.9105 5.67123 3
    endloop
  endfacet
  facet normal -0.923888 -0.382662 0
    outer loop
      vertex 36.9105 5.67123 33
      vertex 37.1687 5.04784 3
      vertex 37.1687 5.04784 33
    endloop
  endfacet
  facet normal -0.996922 0.0783998 0
    outer loop
      vertex 36.7 7 3
      vertex 36.7529 7.67267 33
      vertex 36.7529 7.67267 3
    endloop
  endfacet
  facet normal -0.996922 0.0783998 0
    outer loop
      vertex 36.7529 7.67267 33
      vertex 36.7 7 3
      vertex 36.7 7 33
    endloop
  endfacet
  facet normal -0.923888 0.382662 0
    outer loop
      vertex 36.9105 8.32877 3
      vertex 37.1687 8.95216 33
      vertex 37.1687 8.95216 3
    endloop
  endfacet
  facet normal -0.923888 0.382662 0
    outer loop
      vertex 37.1687 8.95216 33
      vertex 36.9105 8.32877 3
      vertex 36.9105 8.32877 33
    endloop
  endfacet
  facet normal -0.852678 0.522438 0
    outer loop
      vertex 37.1687 8.95216 3
      vertex 37.5212 9.52748 33
      vertex 37.5212 9.52748 3
    endloop
  endfacet
  facet normal -0.852678 0.522438 0
    outer loop
      vertex 37.5212 9.52748 33
      vertex 37.1687 8.95216 3
      vertex 37.1687 8.95216 33
    endloop
  endfacet
  facet normal -0.972342 -0.233564 0
    outer loop
      vertex 36.9105 5.67123 3
      vertex 36.7529 6.32733 33
      vertex 36.7529 6.32733 3
    endloop
  endfacet
  facet normal -0.972342 -0.233564 0
    outer loop
      vertex 36.7529 6.32733 33
      vertex 36.9105 5.67123 3
      vertex 36.9105 5.67123 33
    endloop
  endfacet
  facet normal -0.76044 0.649409 0
    outer loop
      vertex 37.5212 9.52748 3
      vertex 37.9594 10.0406 33
      vertex 37.9594 10.0406 3
    endloop
  endfacet
  facet normal -0.76044 0.649409 0
    outer loop
      vertex 37.9594 10.0406 33
      vertex 37.5212 9.52748 3
      vertex 37.5212 9.52748 33
    endloop
  endfacet
  facet normal -0.233564 0.972342 0
    outer loop
      vertex 40.3273 11.2471 3
      vertex 39.6712 11.0895 33
      vertex 40.3273 11.2471 33
    endloop
  endfacet
  facet normal -0.233564 0.972342 0
    outer loop
      vertex 39.6712 11.0895 33
      vertex 40.3273 11.2471 3
      vertex 39.6712 11.0895 3
    endloop
  endfacet
  facet normal -0.522451 0.852669 0
    outer loop
      vertex 39.0478 10.8313 3
      vertex 38.4725 10.4788 33
      vertex 39.0478 10.8313 33
    endloop
  endfacet
  facet normal -0.522451 0.852669 0
    outer loop
      vertex 38.4725 10.4788 33
      vertex 39.0478 10.8313 3
      vertex 38.4725 10.4788 3
    endloop
  endfacet
  facet normal -0.522515 -0.85263 0
    outer loop
      vertex 38.4725 3.52123 15.0275
      vertex 39.0478 3.16867 33
      vertex 38.4725 3.52123 33
    endloop
  endfacet
  facet normal -0.522515 -0.85263 -0
    outer loop
      vertex 39.0478 3.16867 33
      vertex 38.4725 3.52123 15.0275
      vertex 39.0478 3.16867 14.4522
    endloop
  endfacet
  facet normal -0.522515 -0.85263 0
    outer loop
      vertex 38.4725 3.52123 3
      vertex 39.0478 3.16867 12
      vertex 38.4725 3.52123 12
    endloop
  endfacet
  facet normal -0.522515 -0.85263 -0
    outer loop
      vertex 39.0478 3.16867 12
      vertex 38.4725 3.52123 3
      vertex 39.0478 3.16867 3
    endloop
  endfacet
  facet normal 0.382657 0.92389 -0
    outer loop
      vertex 42.9522 10.8313 3
      vertex 42.3288 11.0895 33
      vertex 42.9522 10.8313 33
    endloop
  endfacet
  facet normal 0.382657 0.92389 0
    outer loop
      vertex 42.3288 11.0895 33
      vertex 42.9522 10.8313 3
      vertex 42.3288 11.0895 3
    endloop
  endfacet
  facet normal 0.76044 0.649409 0
    outer loop
      vertex 44.4788 9.52748 33
      vertex 44.0406 10.0406 3
      vertex 44.0406 10.0406 33
    endloop
  endfacet
  facet normal 0.76044 0.649409 0
    outer loop
      vertex 44.0406 10.0406 3
      vertex 44.4788 9.52748 33
      vertex 44.4788 9.52748 3
    endloop
  endfacet
  facet normal -0.972342 0.233564 0
    outer loop
      vertex 36.7529 7.67267 3
      vertex 36.9105 8.32877 33
      vertex 36.9105 8.32877 3
    endloop
  endfacet
  facet normal -0.972342 0.233564 0
    outer loop
      vertex 36.9105 8.32877 33
      vertex 36.7529 7.67267 3
      vertex 36.7529 7.67267 33
    endloop
  endfacet
  facet normal -0.382608 -0.923911 0
    outer loop
      vertex 39.0478 3.16867 14.4522
      vertex 39.4551 3 33
      vertex 39.0478 3.16867 33
    endloop
  endfacet
  facet normal -0.382608 -0.923911 -0
    outer loop
      vertex 39.4551 3 33
      vertex 39.0478 3.16867 14.4522
      vertex 39.4551 3 14.045
    endloop
  endfacet
  facet normal -0.382608 -0.923911 0
    outer loop
      vertex 39.0478 3.16867 3
      vertex 39.4551 3 12
      vertex 39.0478 3.16867 12
    endloop
  endfacet
  facet normal -0.382608 -0.923911 -0
    outer loop
      vertex 39.4551 3 12
      vertex 39.0478 3.16867 3
      vertex 39.4551 3 3
    endloop
  endfacet
  facet normal 0.522451 0.852669 -0
    outer loop
      vertex 43.5275 10.4788 3
      vertex 42.9522 10.8313 33
      vertex 43.5275 10.4788 33
    endloop
  endfacet
  facet normal 0.522451 0.852669 0
    outer loop
      vertex 42.9522 10.8313 33
      vertex 43.5275 10.4788 3
      vertex 42.9522 10.8313 3
    endloop
  endfacet
  facet normal -0.0783963 0.996922 0
    outer loop
      vertex 41 11.3 3
      vertex 40.3273 11.2471 33
      vertex 41 11.3 33
    endloop
  endfacet
  facet normal -0.0783963 0.996922 0
    outer loop
      vertex 40.3273 11.2471 33
      vertex 41 11.3 3
      vertex 40.3273 11.2471 3
    endloop
  endfacet
  facet normal -0.382657 0.92389 0
    outer loop
      vertex 39.6712 11.0895 3
      vertex 39.0478 10.8313 33
      vertex 39.6712 11.0895 33
    endloop
  endfacet
  facet normal -0.382657 0.92389 0
    outer loop
      vertex 39.0478 10.8313 33
      vertex 39.6712 11.0895 3
      vertex 39.0478 10.8313 3
    endloop
  endfacet
  facet normal 0.852678 0.522438 0
    outer loop
      vertex 44.8313 8.95216 33
      vertex 44.4788 9.52748 3
      vertex 44.4788 9.52748 33
    endloop
  endfacet
  facet normal 0.852678 0.522438 0
    outer loop
      vertex 44.4788 9.52748 3
      vertex 44.8313 8.95216 33
      vertex 44.8313 8.95216 3
    endloop
  endfacet
  facet normal -0.760382 -0.649476 -0
    outer loop
      vertex 37.9248 4 15.5752
      vertex 37.5212 4.47252 3
      vertex 37.9248 4 12
    endloop
  endfacet
  facet normal -0.760415 -0.649438 3.42915e-06
    outer loop
      vertex 37.9594 3.95944 3
      vertex 37.9248 4 12
      vertex 37.5212 4.47252 3
    endloop
  endfacet
  facet normal -0.76079 -0.648998 0
    outer loop
      vertex 37.9248 4 12
      vertex 37.9594 3.95944 3
      vertex 37.9594 3.95944 12
    endloop
  endfacet
  facet normal -0.760382 -0.649476 0
    outer loop
      vertex 37.5212 4.47252 3
      vertex 37.9248 4 15.5752
      vertex 37.5212 4.47252 33
    endloop
  endfacet
  facet normal -0.76079 -0.648998 -0
    outer loop
      vertex 37.9594 3.95944 33
      vertex 37.9248 4 15.5752
      vertex 37.9594 3.95944 15.5406
    endloop
  endfacet
  facet normal -0.760415 -0.649438 -1.77118e-06
    outer loop
      vertex 37.9248 4 15.5752
      vertex 37.9594 3.95944 33
      vertex 37.5212 4.47252 33
    endloop
  endfacet
  facet normal -0.649432 -0.76042 0
    outer loop
      vertex 37.9594 3.95944 15.5406
      vertex 38.4725 3.52123 33
      vertex 37.9594 3.95944 33
    endloop
  endfacet
  facet normal -0.649432 -0.76042 -0
    outer loop
      vertex 38.4725 3.52123 33
      vertex 37.9594 3.95944 15.5406
      vertex 38.4725 3.52123 15.0275
    endloop
  endfacet
  facet normal -0.649432 -0.76042 0
    outer loop
      vertex 37.9594 3.95944 3
      vertex 38.4725 3.52123 12
      vertex 37.9594 3.95944 12
    endloop
  endfacet
  facet normal -0.649432 -0.76042 -0
    outer loop
      vertex 38.4725 3.52123 12
      vertex 37.9594 3.95944 3
      vertex 38.4725 3.52123 3
    endloop
  endfacet
  facet normal 0.233564 0.972342 -0
    outer loop
      vertex 42.3288 11.0895 3
      vertex 41.6727 11.2471 33
      vertex 42.3288 11.0895 33
    endloop
  endfacet
  facet normal 0.233564 0.972342 0
    outer loop
      vertex 41.6727 11.2471 33
      vertex 42.3288 11.0895 3
      vertex 41.6727 11.2471 3
    endloop
  endfacet
  facet normal 0.0783963 0.996922 -0
    outer loop
      vertex 41.6727 11.2471 3
      vertex 41 11.3 33
      vertex 41.6727 11.2471 33
    endloop
  endfacet
  facet normal 0.0783963 0.996922 0
    outer loop
      vertex 41 11.3 33
      vertex 41.6727 11.2471 3
      vertex 41 11.3 3
    endloop
  endfacet
  facet normal 0.522294 -0.852765 0
    outer loop
      vertex 43.4409 3.46819 3
      vertex 43.5275 3.52123 33
      vertex 43.4409 3.46819 33
    endloop
  endfacet
  facet normal 0.522294 -0.852765 0
    outer loop
      vertex 43.5275 3.52123 33
      vertex 43.4409 3.46819 3
      vertex 43.5275 3.52123 3
    endloop
  endfacet
  facet normal -0.996922 -0.0783998 0
    outer loop
      vertex 36.7529 6.32733 3
      vertex 36.7 7 33
      vertex 36.7 7 3
    endloop
  endfacet
  facet normal -0.996922 -0.0783998 0
    outer loop
      vertex 36.7 7 33
      vertex 36.7529 6.32733 3
      vertex 36.7529 6.32733 33
    endloop
  endfacet
  facet normal -0.852678 -0.522438 0
    outer loop
      vertex 37.5212 4.47252 3
      vertex 37.1687 5.04784 33
      vertex 37.1687 5.04784 3
    endloop
  endfacet
  facet normal -0.852678 -0.522438 0
    outer loop
      vertex 37.1687 5.04784 33
      vertex 37.5212 4.47252 3
      vertex 37.5212 4.47252 33
    endloop
  endfacet
  facet normal 0.233564 -0.972342 0
    outer loop
      vertex 41.6727 32.7529 3
      vertex 42.3288 32.9105 33
      vertex 41.6727 32.7529 33
    endloop
  endfacet
  facet normal 0.233564 -0.972342 0
    outer loop
      vertex 42.3288 32.9105 33
      vertex 41.6727 32.7529 3
      vertex 42.3288 32.9105 3
    endloop
  endfacet
  facet normal -0.0783963 -0.996922 0
    outer loop
      vertex 40.3273 32.7529 3
      vertex 41 32.7 33
      vertex 40.3273 32.7529 33
    endloop
  endfacet
  facet normal -0.0783963 -0.996922 -0
    outer loop
      vertex 41 32.7 33
      vertex 40.3273 32.7529 3
      vertex 41 32.7 3
    endloop
  endfacet
  facet normal -0.649423 0.760427 0
    outer loop
      vertex 38.4725 40.4788 3
      vertex 37.9594 40.0406 33
      vertex 38.4725 40.4788 33
    endloop
  endfacet
  facet normal -0.649423 0.760427 0
    outer loop
      vertex 37.9594 40.0406 33
      vertex 38.4725 40.4788 3
      vertex 37.9594 40.0406 3
    endloop
  endfacet
  facet normal 0.0783963 -0.996922 0
    outer loop
      vertex 41 32.7 3
      vertex 41.6727 32.7529 33
      vertex 41 32.7 33
    endloop
  endfacet
  facet normal 0.0783963 -0.996922 0
    outer loop
      vertex 41.6727 32.7529 33
      vertex 41 32.7 3
      vertex 41.6727 32.7529 3
    endloop
  endfacet
  facet normal 0.649423 -0.760427 0
    outer loop
      vertex 43.5275 33.5212 3
      vertex 44.0406 33.9594 33
      vertex 43.5275 33.5212 33
    endloop
  endfacet
  facet normal 0.649423 -0.760427 0
    outer loop
      vertex 44.0406 33.9594 33
      vertex 43.5275 33.5212 3
      vertex 44.0406 33.9594 3
    endloop
  endfacet
  facet normal -0.92389 -0.382657 0
    outer loop
      vertex 37.1687 35.0478 3
      vertex 36.9105 35.6712 33
      vertex 36.9105 35.6712 3
    endloop
  endfacet
  facet normal -0.92389 -0.382657 0
    outer loop
      vertex 36.9105 35.6712 33
      vertex 37.1687 35.0478 3
      vertex 37.1687 35.0478 33
    endloop
  endfacet
  facet normal -0.996922 0.0783963 0
    outer loop
      vertex 36.7 37 3
      vertex 36.7529 37.6727 33
      vertex 36.7529 37.6727 3
    endloop
  endfacet
  facet normal -0.996922 0.0783963 0
    outer loop
      vertex 36.7529 37.6727 33
      vertex 36.7 37 3
      vertex 36.7 37 33
    endloop
  endfacet
  facet normal 0.923887 -0.382666 0
    outer loop
      vertex 44.8313 35.0478 33
      vertex 45 35.4551 3
      vertex 45 35.4551 33
    endloop
  endfacet
  facet normal 0.923887 -0.382666 0
    outer loop
      vertex 45 35.4551 3
      vertex 44.8313 35.0478 33
      vertex 44.8313 35.0478 3
    endloop
  endfacet
  facet normal -0.92389 0.382657 0
    outer loop
      vertex 36.9105 38.3288 3
      vertex 37.1687 38.9522 33
      vertex 37.1687 38.9522 3
    endloop
  endfacet
  facet normal -0.92389 0.382657 0
    outer loop
      vertex 37.1687 38.9522 33
      vertex 36.9105 38.3288 3
      vertex 36.9105 38.3288 33
    endloop
  endfacet
  facet normal 0.760427 -0.649423 0
    outer loop
      vertex 44.0406 33.9594 33
      vertex 44.4788 34.4725 3
      vertex 44.4788 34.4725 33
    endloop
  endfacet
  facet normal 0.760427 -0.649423 0
    outer loop
      vertex 44.4788 34.4725 3
      vertex 44.0406 33.9594 33
      vertex 44.0406 33.9594 3
    endloop
  endfacet
  facet normal 0.852669 -0.522451 0
    outer loop
      vertex 44.4788 34.4725 33
      vertex 44.8313 35.0478 3
      vertex 44.8313 35.0478 33
    endloop
  endfacet
  facet normal 0.852669 -0.522451 0
    outer loop
      vertex 44.8313 35.0478 3
      vertex 44.4788 34.4725 33
      vertex 44.4788 34.4725 3
    endloop
  endfacet
  facet normal -0.852669 0.522451 0
    outer loop
      vertex 37.1687 38.9522 3
      vertex 37.5212 39.5275 33
      vertex 37.5212 39.5275 3
    endloop
  endfacet
  facet normal -0.852669 0.522451 0
    outer loop
      vertex 37.5212 39.5275 33
      vertex 37.1687 38.9522 3
      vertex 37.1687 38.9522 33
    endloop
  endfacet
  facet normal 0.382657 -0.92389 0
    outer loop
      vertex 42.3288 32.9105 3
      vertex 42.9522 33.1687 33
      vertex 42.3288 32.9105 33
    endloop
  endfacet
  facet normal 0.382657 -0.92389 0
    outer loop
      vertex 42.9522 33.1687 33
      vertex 42.3288 32.9105 3
      vertex 42.9522 33.1687 3
    endloop
  endfacet
  facet normal -0.972342 -0.233564 0
    outer loop
      vertex 36.9105 35.6712 3
      vertex 36.7529 36.3273 33
      vertex 36.7529 36.3273 3
    endloop
  endfacet
  facet normal -0.972342 -0.233564 0
    outer loop
      vertex 36.7529 36.3273 33
      vertex 36.9105 35.6712 3
      vertex 36.9105 35.6712 33
    endloop
  endfacet
  facet normal -0.760427 0.649423 0
    outer loop
      vertex 37.5212 39.5275 3
      vertex 37.9594 40.0406 33
      vertex 37.9594 40.0406 3
    endloop
  endfacet
  facet normal -0.760427 0.649423 0
    outer loop
      vertex 37.9594 40.0406 33
      vertex 37.5212 39.5275 3
      vertex 37.5212 39.5275 33
    endloop
  endfacet
  facet normal -0.522451 0.852669 0
    outer loop
      vertex 39.0478 40.8313 3
      vertex 38.4725 40.4788 33
      vertex 39.0478 40.8313 33
    endloop
  endfacet
  facet normal -0.522451 0.852669 0
    outer loop
      vertex 38.4725 40.4788 33
      vertex 39.0478 40.8313 3
      vertex 38.4725 40.4788 3
    endloop
  endfacet
  facet normal -0.649423 -0.760427 0
    outer loop
      vertex 37.9594 33.9594 3
      vertex 38.4725 33.5212 33
      vertex 37.9594 33.9594 33
    endloop
  endfacet
  facet normal -0.649423 -0.760427 -0
    outer loop
      vertex 38.4725 33.5212 33
      vertex 37.9594 33.9594 3
      vertex 38.4725 33.5212 3
    endloop
  endfacet
  facet normal -0.522451 -0.852669 0
    outer loop
      vertex 38.4725 33.5212 3
      vertex 39.0478 33.1687 33
      vertex 38.4725 33.5212 33
    endloop
  endfacet
  facet normal -0.522451 -0.852669 -0
    outer loop
      vertex 39.0478 33.1687 33
      vertex 38.4725 33.5212 3
      vertex 39.0478 33.1687 3
    endloop
  endfacet
  facet normal 0.760384 0.649474 0
    outer loop
      vertex 44.4788 39.5275 33
      vertex 44.162 39.8984 3
      vertex 44.162 39.8984 33
    endloop
  endfacet
  facet normal 0.760384 0.649474 0
    outer loop
      vertex 44.162 39.8984 3
      vertex 44.4788 39.5275 33
      vertex 44.4788 39.5275 3
    endloop
  endfacet
  facet normal -0.972342 0.233564 0
    outer loop
      vertex 36.7529 37.6727 3
      vertex 36.9105 38.3288 33
      vertex 36.9105 38.3288 3
    endloop
  endfacet
  facet normal -0.972342 0.233564 0
    outer loop
      vertex 36.9105 38.3288 33
      vertex 36.7529 37.6727 3
      vertex 36.7529 37.6727 33
    endloop
  endfacet
  facet normal -0.382657 -0.92389 0
    outer loop
      vertex 39.0478 33.1687 3
      vertex 39.6712 32.9105 33
      vertex 39.0478 33.1687 33
    endloop
  endfacet
  facet normal -0.382657 -0.92389 -0
    outer loop
      vertex 39.6712 32.9105 33
      vertex 39.0478 33.1687 3
      vertex 39.6712 32.9105 3
    endloop
  endfacet
  facet normal -0.382666 0.923887 0
    outer loop
      vertex 39.4551 41 3
      vertex 39.0478 40.8313 33
      vertex 39.4551 41 33
    endloop
  endfacet
  facet normal -0.382666 0.923887 0
    outer loop
      vertex 39.0478 40.8313 33
      vertex 39.4551 41 3
      vertex 39.0478 40.8313 3
    endloop
  endfacet
  facet normal 0.852941 0.522008 0
    outer loop
      vertex 44.5318 39.4409 33
      vertex 44.4788 39.5275 3
      vertex 44.4788 39.5275 33
    endloop
  endfacet
  facet normal 0.852941 0.522008 0
    outer loop
      vertex 44.4788 39.5275 3
      vertex 44.5318 39.4409 33
      vertex 44.5318 39.4409 3
    endloop
  endfacet
  facet normal -0.760427 -0.649423 0
    outer loop
      vertex 37.9594 33.9594 3
      vertex 37.5212 34.4725 33
      vertex 37.5212 34.4725 3
    endloop
  endfacet
  facet normal -0.760427 -0.649423 0
    outer loop
      vertex 37.5212 34.4725 33
      vertex 37.9594 33.9594 3
      vertex 37.9594 33.9594 33
    endloop
  endfacet
  facet normal -0.233564 -0.972342 0
    outer loop
      vertex 39.6712 32.9105 3
      vertex 40.3273 32.7529 33
      vertex 39.6712 32.9105 33
    endloop
  endfacet
  facet normal -0.233564 -0.972342 -0
    outer loop
      vertex 40.3273 32.7529 33
      vertex 39.6712 32.9105 3
      vertex 40.3273 32.7529 3
    endloop
  endfacet
  facet normal 0.522451 -0.852669 0
    outer loop
      vertex 42.9522 33.1687 3
      vertex 43.5275 33.5212 33
      vertex 42.9522 33.1687 33
    endloop
  endfacet
  facet normal 0.522451 -0.852669 0
    outer loop
      vertex 43.5275 33.5212 33
      vertex 42.9522 33.1687 3
      vertex 43.5275 33.5212 3
    endloop
  endfacet
  facet normal -0.996922 -0.0783963 0
    outer loop
      vertex 36.7529 36.3273 3
      vertex 36.7 37 33
      vertex 36.7 37 3
    endloop
  endfacet
  facet normal -0.996922 -0.0783963 0
    outer loop
      vertex 36.7 37 33
      vertex 36.7529 36.3273 3
      vertex 36.7529 36.3273 33
    endloop
  endfacet
  facet normal -0.852669 -0.522451 0
    outer loop
      vertex 37.5212 34.4725 3
      vertex 37.1687 35.0478 33
      vertex 37.1687 35.0478 3
    endloop
  endfacet
  facet normal -0.852669 -0.522451 0
    outer loop
      vertex 37.1687 35.0478 33
      vertex 37.5212 34.4725 3
      vertex 37.5212 34.4725 33
    endloop
  endfacet
  facet normal 0.991443 -0.130538 0
    outer loop
      vertex -42.3 7 33
      vertex -42.2557 7.33646 21
      vertex -42.2557 7.33646 33
    endloop
  endfacet
  facet normal 0.991443 -0.130538 0
    outer loop
      vertex -42.2557 7.33646 21
      vertex -42.3 7 33
      vertex -42.3 7 21
    endloop
  endfacet
  facet normal -0.923851 -0.382753 0
    outer loop
      vertex -39.7443 7.33646 21
      vertex -39.8742 7.65 33
      vertex -39.8742 7.65 21
    endloop
  endfacet
  facet normal -0.923851 -0.382753 0
    outer loop
      vertex -39.8742 7.65 33
      vertex -39.7443 7.33646 21
      vertex -39.7443 7.33646 33
    endloop
  endfacet
  facet normal -0.991443 -0.130538 0
    outer loop
      vertex -39.7 7 21
      vertex -39.7443 7.33646 33
      vertex -39.7443 7.33646 21
    endloop
  endfacet
  facet normal -0.991443 -0.130538 0
    outer loop
      vertex -39.7443 7.33646 33
      vertex -39.7 7 21
      vertex -39.7 7 33
    endloop
  endfacet
  facet normal -0.991443 0.130538 0
    outer loop
      vertex -39.7443 6.66354 21
      vertex -39.7 7 33
      vertex -39.7 7 21
    endloop
  endfacet
  facet normal -0.991443 0.130538 0
    outer loop
      vertex -39.7 7 33
      vertex -39.7443 6.66354 21
      vertex -39.7443 6.66354 33
    endloop
  endfacet
  facet normal 0 0 1
    outer loop
      vertex -39.7443 7.33646 21
      vertex -39.7443 6.66354 21
      vertex -39.7 7 21
    endloop
  endfacet
  facet normal 0 0 1
    outer loop
      vertex -39.8742 7.65 21
      vertex -39.7443 6.66354 21
      vertex -39.7443 7.33646 21
    endloop
  endfacet
  facet normal 0 0 1
    outer loop
      vertex -39.8742 7.65 21
      vertex -39.8742 6.35 21
      vertex -39.7443 6.66354 21
    endloop
  endfacet
  facet normal 0 0 1
    outer loop
      vertex -40.0808 7.91924 21
      vertex -39.8742 6.35 21
      vertex -39.8742 7.65 21
    endloop
  endfacet
  facet normal 0 0 1
    outer loop
      vertex -40.0808 7.91924 21
      vertex -40.0808 6.08076 21
      vertex -39.8742 6.35 21
    endloop
  endfacet
  facet normal 0 0 1
    outer loop
      vertex -40.35 8.12583 21
      vertex -40.0808 6.08076 21
      vertex -40.0808 7.91924 21
    endloop
  endfacet
  facet normal 0 0 1
    outer loop
      vertex -40.35 8.12583 21
      vertex -40.35 5.87417 21
      vertex -40.0808 6.08076 21
    endloop
  endfacet
  facet normal 0 0 1
    outer loop
      vertex -40.6635 8.2557 21
      vertex -40.35 5.87417 21
      vertex -40.35 8.12583 21
    endloop
  endfacet
  facet normal 0 0 1
    outer loop
      vertex -40.6635 8.2557 21
      vertex -40.6635 5.7443 21
      vertex -40.35 5.87417 21
    endloop
  endfacet
  facet normal 0 0 1
    outer loop
      vertex -41 8.3 21
      vertex -40.6635 5.7443 21
      vertex -40.6635 8.2557 21
    endloop
  endfacet
  facet normal 0 0 1
    outer loop
      vertex -41 8.3 21
      vertex -41 5.7 21
      vertex -40.6635 5.7443 21
    endloop
  endfacet
  facet normal -0 0 1
    outer loop
      vertex -41.3365 8.2557 21
      vertex -41 5.7 21
      vertex -41 8.3 21
    endloop
  endfacet
  facet normal 0 0 1
    outer loop
      vertex -41.3365 8.2557 21
      vertex -41.3365 5.7443 21
      vertex -41 5.7 21
    endloop
  endfacet
  facet normal -0 0 1
    outer loop
      vertex -41.65 8.12583 21
      vertex -41.3365 5.7443 21
      vertex -41.3365 8.2557 21
    endloop
  endfacet
  facet normal 0 0 1
    outer loop
      vertex -41.65 8.12583 21
      vertex -41.65 5.87417 21
      vertex -41.3365 5.7443 21
    endloop
  endfacet
  facet normal -0 0 1
    outer loop
      vertex -41.9192 7.91924 21
      vertex -41.65 5.87417 21
      vertex -41.65 8.12583 21
    endloop
  endfacet
  facet normal 0 0 1
    outer loop
      vertex -41.9192 7.91924 21
      vertex -41.9192 6.08076 21
      vertex -41.65 5.87417 21
    endloop
  endfacet
  facet normal -0 0 1
    outer loop
      vertex -42.1258 7.65 21
      vertex -41.9192 6.08076 21
      vertex -41.9192 7.91924 21
    endloop
  endfacet
  facet normal 0 0 1
    outer loop
      vertex -42.1258 7.65 21
      vertex -42.1258 6.35 21
      vertex -41.9192 6.08076 21
    endloop
  endfacet
  facet normal -0 0 1
    outer loop
      vertex -42.2557 7.33646 21
      vertex -42.1258 6.35 21
      vertex -42.1258 7.65 21
    endloop
  endfacet
  facet normal 0 0 1
    outer loop
      vertex -42.2557 7.33646 21
      vertex -42.2557 6.66354 21
      vertex -42.1258 6.35 21
    endloop
  endfacet
  facet normal 0 -0 1
    outer loop
      vertex -42.2557 6.66354 21
      vertex -42.2557 7.33646 21
      vertex -42.3 7 21
    endloop
  endfacet
  facet normal 0.991443 0.130538 0
    outer loop
      vertex -42.2557 6.66354 33
      vertex -42.3 7 21
      vertex -42.3 7 33
    endloop
  endfacet
  facet normal 0.991443 0.130538 0
    outer loop
      vertex -42.3 7 21
      vertex -42.2557 6.66354 33
      vertex -42.2557 6.66354 21
    endloop
  endfacet
  facet normal -0.608809 0.793317 0
    outer loop
      vertex -40.0808 6.08076 21
      vertex -40.35 5.87417 33
      vertex -40.0808 6.08076 33
    endloop
  endfacet
  facet normal -0.608809 0.793317 0
    outer loop
      vertex -40.35 5.87417 33
      vertex -40.0808 6.08076 21
      vertex -40.35 5.87417 21
    endloop
  endfacet
  facet normal 0.793346 0.60877 0
    outer loop
      vertex -41.9192 6.08076 33
      vertex -42.1258 6.35 21
      vertex -42.1258 6.35 33
    endloop
  endfacet
  facet normal 0.793346 0.60877 0
    outer loop
      vertex -42.1258 6.35 21
      vertex -41.9192 6.08076 33
      vertex -41.9192 6.08076 21
    endloop
  endfacet
  facet normal 0.382719 0.923865 -0
    outer loop
      vertex -41.3365 5.7443 21
      vertex -41.65 5.87417 33
      vertex -41.3365 5.7443 33
    endloop
  endfacet
  facet normal 0.382719 0.923865 0
    outer loop
      vertex -41.65 5.87417 33
      vertex -41.3365 5.7443 21
      vertex -41.65 5.87417 21
    endloop
  endfacet
  facet normal -0.793346 0.60877 0
    outer loop
      vertex -40.0808 6.08076 21
      vertex -39.8742 6.35 33
      vertex -39.8742 6.35 21
    endloop
  endfacet
  facet normal -0.793346 0.60877 0
    outer loop
      vertex -39.8742 6.35 33
      vertex -40.0808 6.08076 21
      vertex -40.0808 6.08076 33
    endloop
  endfacet
  facet normal -0.923851 0.382753 0
    outer loop
      vertex -39.8742 6.35 21
      vertex -39.7443 6.66354 33
      vertex -39.7443 6.66354 21
    endloop
  endfacet
  facet normal -0.923851 0.382753 0
    outer loop
      vertex -39.7443 6.66354 33
      vertex -39.8742 6.35 21
      vertex -39.8742 6.35 33
    endloop
  endfacet
  facet normal -0.382719 -0.923865 0
    outer loop
      vertex -40.6635 8.2557 21
      vertex -40.35 8.12583 33
      vertex -40.6635 8.2557 33
    endloop
  endfacet
  facet normal -0.382719 -0.923865 -0
    outer loop
      vertex -40.35 8.12583 33
      vertex -40.6635 8.2557 21
      vertex -40.35 8.12583 21
    endloop
  endfacet
  facet normal 0.608809 -0.793317 0
    outer loop
      vertex -41.9192 7.91924 21
      vertex -41.65 8.12583 33
      vertex -41.9192 7.91924 33
    endloop
  endfacet
  facet normal 0.608809 -0.793317 0
    outer loop
      vertex -41.65 8.12583 33
      vertex -41.9192 7.91924 21
      vertex -41.65 8.12583 21
    endloop
  endfacet
  facet normal -0.382719 0.923865 0
    outer loop
      vertex -40.35 5.87417 21
      vertex -40.6635 5.7443 33
      vertex -40.35 5.87417 33
    endloop
  endfacet
  facet normal -0.382719 0.923865 0
    outer loop
      vertex -40.6635 5.7443 33
      vertex -40.35 5.87417 21
      vertex -40.6635 5.7443 21
    endloop
  endfacet
  facet normal -0.130523 -0.991445 0
    outer loop
      vertex -41 8.3 21
      vertex -40.6635 8.2557 33
      vertex -41 8.3 33
    endloop
  endfacet
  facet normal -0.130523 -0.991445 -0
    outer loop
      vertex -40.6635 8.2557 33
      vertex -41 8.3 21
      vertex -40.6635 8.2557 21
    endloop
  endfacet
  facet normal 0.793346 -0.60877 0
    outer loop
      vertex -42.1258 7.65 33
      vertex -41.9192 7.91924 21
      vertex -41.9192 7.91924 33
    endloop
  endfacet
  facet normal 0.793346 -0.60877 0
    outer loop
      vertex -41.9192 7.91924 21
      vertex -42.1258 7.65 33
      vertex -42.1258 7.65 21
    endloop
  endfacet
  facet normal 0.382719 -0.923865 0
    outer loop
      vertex -41.65 8.12583 21
      vertex -41.3365 8.2557 33
      vertex -41.65 8.12583 33
    endloop
  endfacet
  facet normal 0.382719 -0.923865 0
    outer loop
      vertex -41.3365 8.2557 33
      vertex -41.65 8.12583 21
      vertex -41.3365 8.2557 21
    endloop
  endfacet
  facet normal 0.130523 0.991445 -0
    outer loop
      vertex -41 5.7 21
      vertex -41.3365 5.7443 33
      vertex -41 5.7 33
    endloop
  endfacet
  facet normal 0.130523 0.991445 0
    outer loop
      vertex -41.3365 5.7443 33
      vertex -41 5.7 21
      vertex -41.3365 5.7443 21
    endloop
  endfacet
  facet normal 0.923851 0.382753 0
    outer loop
      vertex -42.1258 6.35 33
      vertex -42.2557 6.66354 21
      vertex -42.2557 6.66354 33
    endloop
  endfacet
  facet normal 0.923851 0.382753 0
    outer loop
      vertex -42.2557 6.66354 21
      vertex -42.1258 6.35 33
      vertex -42.1258 6.35 21
    endloop
  endfacet
  facet normal -0.608809 -0.793317 0
    outer loop
      vertex -40.35 8.12583 21
      vertex -40.0808 7.91924 33
      vertex -40.35 8.12583 33
    endloop
  endfacet
  facet normal -0.608809 -0.793317 -0
    outer loop
      vertex -40.0808 7.91924 33
      vertex -40.35 8.12583 21
      vertex -40.0808 7.91924 21
    endloop
  endfacet
  facet normal 0.923851 -0.382753 0
    outer loop
      vertex -42.2557 7.33646 33
      vertex -42.1258 7.65 21
      vertex -42.1258 7.65 33
    endloop
  endfacet
  facet normal 0.923851 -0.382753 0
    outer loop
      vertex -42.1258 7.65 21
      vertex -42.2557 7.33646 33
      vertex -42.2557 7.33646 21
    endloop
  endfacet
  facet normal 0.130523 -0.991445 0
    outer loop
      vertex -41.3365 8.2557 21
      vertex -41 8.3 33
      vertex -41.3365 8.2557 33
    endloop
  endfacet
  facet normal 0.130523 -0.991445 0
    outer loop
      vertex -41 8.3 33
      vertex -41.3365 8.2557 21
      vertex -41 8.3 21
    endloop
  endfacet
  facet normal -0.793346 -0.60877 0
    outer loop
      vertex -39.8742 7.65 21
      vertex -40.0808 7.91924 33
      vertex -40.0808 7.91924 21
    endloop
  endfacet
  facet normal -0.793346 -0.60877 0
    outer loop
      vertex -40.0808 7.91924 33
      vertex -39.8742 7.65 21
      vertex -39.8742 7.65 33
    endloop
  endfacet
  facet normal 0.608809 0.793317 -0
    outer loop
      vertex -41.65 5.87417 21
      vertex -41.9192 6.08076 33
      vertex -41.65 5.87417 33
    endloop
  endfacet
  facet normal 0.608809 0.793317 0
    outer loop
      vertex -41.9192 6.08076 33
      vertex -41.65 5.87417 21
      vertex -41.9192 6.08076 21
    endloop
  endfacet
  facet normal -0.130523 0.991445 0
    outer loop
      vertex -40.6635 5.7443 21
      vertex -41 5.7 33
      vertex -40.6635 5.7443 33
    endloop
  endfacet
  facet normal -0.130523 0.991445 0
    outer loop
      vertex -41 5.7 33
      vertex -40.6635 5.7443 21
      vertex -41 5.7 21
    endloop
  endfacet
  facet normal 0.991445 -0.130523 0
    outer loop
      vertex -42.3 37 33
      vertex -42.2557 37.3365 21
      vertex -42.2557 37.3365 33
    endloop
  endfacet
  facet normal 0.991445 -0.130523 0
    outer loop
      vertex -42.2557 37.3365 21
      vertex -42.3 37 33
      vertex -42.3 37 21
    endloop
  endfacet
  facet normal -0.923834 -0.382794 0
    outer loop
      vertex -39.7443 37.3365 21
      vertex -39.8742 37.65 33
      vertex -39.8742 37.65 21
    endloop
  endfacet
  facet normal -0.923834 -0.382794 0
    outer loop
      vertex -39.8742 37.65 33
      vertex -39.7443 37.3365 21
      vertex -39.7443 37.3365 33
    endloop
  endfacet
  facet normal -0.991445 -0.130523 0
    outer loop
      vertex -39.7 37 21
      vertex -39.7443 37.3365 33
      vertex -39.7443 37.3365 21
    endloop
  endfacet
  facet normal -0.991445 -0.130523 0
    outer loop
      vertex -39.7443 37.3365 33
      vertex -39.7 37 21
      vertex -39.7 37 33
    endloop
  endfacet
  facet normal -0.991445 0.130523 0
    outer loop
      vertex -39.7443 36.6635 21
      vertex -39.7 37 33
      vertex -39.7 37 21
    endloop
  endfacet
  facet normal -0.991445 0.130523 0
    outer loop
      vertex -39.7 37 33
      vertex -39.7443 36.6635 21
      vertex -39.7443 36.6635 33
    endloop
  endfacet
  facet normal 0.991445 0.130523 0
    outer loop
      vertex -42.2557 36.6635 33
      vertex -42.3 37 21
      vertex -42.3 37 33
    endloop
  endfacet
  facet normal 0.991445 0.130523 0
    outer loop
      vertex -42.3 37 21
      vertex -42.2557 36.6635 33
      vertex -42.2557 36.6635 21
    endloop
  endfacet
  facet normal -0.608827 0.793303 0
    outer loop
      vertex -40.0808 36.0808 21
      vertex -40.35 35.8742 33
      vertex -40.0808 36.0808 33
    endloop
  endfacet
  facet normal -0.608827 0.793303 0
    outer loop
      vertex -40.35 35.8742 33
      vertex -40.0808 36.0808 21
      vertex -40.35 35.8742 21
    endloop
  endfacet
  facet normal 0.793303 0.608827 0
    outer loop
      vertex -41.9192 36.0808 33
      vertex -42.1258 36.35 21
      vertex -42.1258 36.35 33
    endloop
  endfacet
  facet normal 0.793303 0.608827 0
    outer loop
      vertex -42.1258 36.35 21
      vertex -41.9192 36.0808 33
      vertex -41.9192 36.0808 21
    endloop
  endfacet
  facet normal 0.382794 0.923834 -0
    outer loop
      vertex -41.3365 35.7443 21
      vertex -41.65 35.8742 33
      vertex -41.3365 35.7443 33
    endloop
  endfacet
  facet normal 0.382794 0.923834 0
    outer loop
      vertex -41.65 35.8742 33
      vertex -41.3365 35.7443 21
      vertex -41.65 35.8742 21
    endloop
  endfacet
  facet normal -0.793303 0.608827 0
    outer loop
      vertex -40.0808 36.0808 21
      vertex -39.8742 36.35 33
      vertex -39.8742 36.35 21
    endloop
  endfacet
  facet normal -0.793303 0.608827 0
    outer loop
      vertex -39.8742 36.35 33
      vertex -40.0808 36.0808 21
      vertex -40.0808 36.0808 33
    endloop
  endfacet
  facet normal -0.923834 0.382794 0
    outer loop
      vertex -39.8742 36.35 21
      vertex -39.7443 36.6635 33
      vertex -39.7443 36.6635 21
    endloop
  endfacet
  facet normal -0.923834 0.382794 0
    outer loop
      vertex -39.7443 36.6635 33
      vertex -39.8742 36.35 21
      vertex -39.8742 36.35 33
    endloop
  endfacet
  facet normal -0.382794 -0.923834 0
    outer loop
      vertex -40.6635 38.2557 21
      vertex -40.35 38.1258 33
      vertex -40.6635 38.2557 33
    endloop
  endfacet
  facet normal -0.382794 -0.923834 -0
    outer loop
      vertex -40.35 38.1258 33
      vertex -40.6635 38.2557 21
      vertex -40.35 38.1258 21
    endloop
  endfacet
  facet normal 0.608827 -0.793303 0
    outer loop
      vertex -41.9192 37.9192 21
      vertex -41.65 38.1258 33
      vertex -41.9192 37.9192 33
    endloop
  endfacet
  facet normal 0.608827 -0.793303 0
    outer loop
      vertex -41.65 38.1258 33
      vertex -41.9192 37.9192 21
      vertex -41.65 38.1258 21
    endloop
  endfacet
  facet normal -0.382794 0.923834 0
    outer loop
      vertex -40.35 35.8742 21
      vertex -40.6635 35.7443 33
      vertex -40.35 35.8742 33
    endloop
  endfacet
  facet normal -0.382794 0.923834 0
    outer loop
      vertex -40.6635 35.7443 33
      vertex -40.35 35.8742 21
      vertex -40.6635 35.7443 21
    endloop
  endfacet
  facet normal -0.130523 -0.991445 0
    outer loop
      vertex -41 38.3 21
      vertex -40.6635 38.2557 33
      vertex -41 38.3 33
    endloop
  endfacet
  facet normal -0.130523 -0.991445 -0
    outer loop
      vertex -40.6635 38.2557 33
      vertex -41 38.3 21
      vertex -40.6635 38.2557 21
    endloop
  endfacet
  facet normal 0.793303 -0.608827 0
    outer loop
      vertex -42.1258 37.65 33
      vertex -41.9192 37.9192 21
      vertex -41.9192 37.9192 33
    endloop
  endfacet
  facet normal 0.793303 -0.608827 0
    outer loop
      vertex -41.9192 37.9192 21
      vertex -42.1258 37.65 33
      vertex -42.1258 37.65 21
    endloop
  endfacet
  facet normal 0.382794 -0.923834 0
    outer loop
      vertex -41.65 38.1258 21
      vertex -41.3365 38.2557 33
      vertex -41.65 38.1258 33
    endloop
  endfacet
  facet normal 0.382794 -0.923834 0
    outer loop
      vertex -41.3365 38.2557 33
      vertex -41.65 38.1258 21
      vertex -41.3365 38.2557 21
    endloop
  endfacet
  facet normal 0.130523 0.991445 -0
    outer loop
      vertex -41 35.7 21
      vertex -41.3365 35.7443 33
      vertex -41 35.7 33
    endloop
  endfacet
  facet normal 0.130523 0.991445 0
    outer loop
      vertex -41.3365 35.7443 33
      vertex -41 35.7 21
      vertex -41.3365 35.7443 21
    endloop
  endfacet
  facet normal 0.923834 0.382794 0
    outer loop
      vertex -42.1258 36.35 33
      vertex -42.2557 36.6635 21
      vertex -42.2557 36.6635 33
    endloop
  endfacet
  facet normal 0.923834 0.382794 0
    outer loop
      vertex -42.2557 36.6635 21
      vertex -42.1258 36.35 33
      vertex -42.1258 36.35 21
    endloop
  endfacet
  facet normal -0.608827 -0.793303 0
    outer loop
      vertex -40.35 38.1258 21
      vertex -40.0808 37.9192 33
      vertex -40.35 38.1258 33
    endloop
  endfacet
  facet normal -0.608827 -0.793303 -0
    outer loop
      vertex -40.0808 37.9192 33
      vertex -40.35 38.1258 21
      vertex -40.0808 37.9192 21
    endloop
  endfacet
  facet normal 0.923834 -0.382794 0
    outer loop
      vertex -42.2557 37.3365 33
      vertex -42.1258 37.65 21
      vertex -42.1258 37.65 33
    endloop
  endfacet
  facet normal 0.923834 -0.382794 0
    outer loop
      vertex -42.1258 37.65 21
      vertex -42.2557 37.3365 33
      vertex -42.2557 37.3365 21
    endloop
  endfacet
  facet normal 0.130523 -0.991445 0
    outer loop
      vertex -41.3365 38.2557 21
      vertex -41 38.3 33
      vertex -41.3365 38.2557 33
    endloop
  endfacet
  facet normal 0.130523 -0.991445 0
    outer loop
      vertex -41 38.3 33
      vertex -41.3365 38.2557 21
      vertex -41 38.3 21
    endloop
  endfacet
  facet normal -0.793303 -0.608827 0
    outer loop
      vertex -39.8742 37.65 21
      vertex -40.0808 37.9192 33
      vertex -40.0808 37.9192 21
    endloop
  endfacet
  facet normal -0.793303 -0.608827 0
    outer loop
      vertex -40.0808 37.9192 33
      vertex -39.8742 37.65 21
      vertex -39.8742 37.65 33
    endloop
  endfacet
  facet normal 0 0 1
    outer loop
      vertex -39.7443 37.3365 21
      vertex -39.7443 36.6635 21
      vertex -39.7 37 21
    endloop
  endfacet
  facet normal 0 0 1
    outer loop
      vertex -39.8742 37.65 21
      vertex -39.7443 36.6635 21
      vertex -39.7443 37.3365 21
    endloop
  endfacet
  facet normal 0 0 1
    outer loop
      vertex -39.8742 37.65 21
      vertex -39.8742 36.35 21
      vertex -39.7443 36.6635 21
    endloop
  endfacet
  facet normal 0 0 1
    outer loop
      vertex -40.0808 37.9192 21
      vertex -39.8742 36.35 21
      vertex -39.8742 37.65 21
    endloop
  endfacet
  facet normal 0 0 1
    outer loop
      vertex -40.0808 37.9192 21
      vertex -40.0808 36.0808 21
      vertex -39.8742 36.35 21
    endloop
  endfacet
  facet normal 0 0 1
    outer loop
      vertex -40.35 38.1258 21
      vertex -40.0808 36.0808 21
      vertex -40.0808 37.9192 21
    endloop
  endfacet
  facet normal 0 0 1
    outer loop
      vertex -40.35 38.1258 21
      vertex -40.35 35.8742 21
      vertex -40.0808 36.0808 21
    endloop
  endfacet
  facet normal 0 0 1
    outer loop
      vertex -40.6635 38.2557 21
      vertex -40.35 35.8742 21
      vertex -40.35 38.1258 21
    endloop
  endfacet
  facet normal 0 0 1
    outer loop
      vertex -40.6635 38.2557 21
      vertex -40.6635 35.7443 21
      vertex -40.35 35.8742 21
    endloop
  endfacet
  facet normal 0 0 1
    outer loop
      vertex -41 38.3 21
      vertex -40.6635 35.7443 21
      vertex -40.6635 38.2557 21
    endloop
  endfacet
  facet normal 0 0 1
    outer loop
      vertex -41 38.3 21
      vertex -41 35.7 21
      vertex -40.6635 35.7443 21
    endloop
  endfacet
  facet normal -0 0 1
    outer loop
      vertex -41.3365 38.2557 21
      vertex -41 35.7 21
      vertex -41 38.3 21
    endloop
  endfacet
  facet normal 0 0 1
    outer loop
      vertex -41.3365 38.2557 21
      vertex -41.3365 35.7443 21
      vertex -41 35.7 21
    endloop
  endfacet
  facet normal -0 0 1
    outer loop
      vertex -41.65 38.1258 21
      vertex -41.3365 35.7443 21
      vertex -41.3365 38.2557 21
    endloop
  endfacet
  facet normal 0 0 1
    outer loop
      vertex -41.65 38.1258 21
      vertex -41.65 35.8742 21
      vertex -41.3365 35.7443 21
    endloop
  endfacet
  facet normal -0 0 1
    outer loop
      vertex -41.9192 37.9192 21
      vertex -41.65 35.8742 21
      vertex -41.65 38.1258 21
    endloop
  endfacet
  facet normal 0 0 1
    outer loop
      vertex -41.9192 37.9192 21
      vertex -41.9192 36.0808 21
      vertex -41.65 35.8742 21
    endloop
  endfacet
  facet normal -0 0 1
    outer loop
      vertex -42.1258 37.65 21
      vertex -41.9192 36.0808 21
      vertex -41.9192 37.9192 21
    endloop
  endfacet
  facet normal 0 0 1
    outer loop
      vertex -42.1258 37.65 21
      vertex -42.1258 36.35 21
      vertex -41.9192 36.0808 21
    endloop
  endfacet
  facet normal -0 0 1
    outer loop
      vertex -42.2557 37.3365 21
      vertex -42.1258 36.35 21
      vertex -42.1258 37.65 21
    endloop
  endfacet
  facet normal 0 0 1
    outer loop
      vertex -42.2557 37.3365 21
      vertex -42.2557 36.6635 21
      vertex -42.1258 36.35 21
    endloop
  endfacet
  facet normal 0 -0 1
    outer loop
      vertex -42.2557 36.6635 21
      vertex -42.2557 37.3365 21
      vertex -42.3 37 21
    endloop
  endfacet
  facet normal 0.608827 0.793303 -0
    outer loop
      vertex -41.65 35.8742 21
      vertex -41.9192 36.0808 33
      vertex -41.65 35.8742 33
    endloop
  endfacet
  facet normal 0.608827 0.793303 0
    outer loop
      vertex -41.9192 36.0808 33
      vertex -41.65 35.8742 21
      vertex -41.9192 36.0808 21
    endloop
  endfacet
  facet normal -0.130523 0.991445 0
    outer loop
      vertex -40.6635 35.7443 21
      vertex -41 35.7 33
      vertex -40.6635 35.7443 33
    endloop
  endfacet
  facet normal -0.130523 0.991445 0
    outer loop
      vertex -41 35.7 33
      vertex -40.6635 35.7443 21
      vertex -41 35.7 21
    endloop
  endfacet
  facet normal 0.991443 -0.130538 0
    outer loop
      vertex 39.7 7 33
      vertex 39.7443 7.33646 21
      vertex 39.7443 7.33646 33
    endloop
  endfacet
  facet normal 0.991443 -0.130538 0
    outer loop
      vertex 39.7443 7.33646 21
      vertex 39.7 7 33
      vertex 39.7 7 21
    endloop
  endfacet
  facet normal -0.923851 -0.382753 0
    outer loop
      vertex 42.2557 7.33646 21
      vertex 42.1258 7.65 33
      vertex 42.1258 7.65 21
    endloop
  endfacet
  facet normal -0.923851 -0.382753 0
    outer loop
      vertex 42.1258 7.65 33
      vertex 42.2557 7.33646 21
      vertex 42.2557 7.33646 33
    endloop
  endfacet
  facet normal -0.991443 -0.130538 0
    outer loop
      vertex 42.3 7 21
      vertex 42.2557 7.33646 33
      vertex 42.2557 7.33646 21
    endloop
  endfacet
  facet normal -0.991443 -0.130538 0
    outer loop
      vertex 42.2557 7.33646 33
      vertex 42.3 7 21
      vertex 42.3 7 33
    endloop
  endfacet
  facet normal -0.991443 0.130538 0
    outer loop
      vertex 42.2557 6.66354 21
      vertex 42.3 7 33
      vertex 42.3 7 21
    endloop
  endfacet
  facet normal -0.991443 0.130538 0
    outer loop
      vertex 42.3 7 33
      vertex 42.2557 6.66354 21
      vertex 42.2557 6.66354 33
    endloop
  endfacet
  facet normal 0.991443 0.130538 0
    outer loop
      vertex 39.7443 6.66354 33
      vertex 39.7 7 21
      vertex 39.7 7 33
    endloop
  endfacet
  facet normal 0.991443 0.130538 0
    outer loop
      vertex 39.7 7 21
      vertex 39.7443 6.66354 33
      vertex 39.7443 6.66354 21
    endloop
  endfacet
  facet normal -0.608809 0.793317 0
    outer loop
      vertex 41.9192 6.08076 21
      vertex 41.65 5.87417 33
      vertex 41.9192 6.08076 33
    endloop
  endfacet
  facet normal -0.608809 0.793317 0
    outer loop
      vertex 41.65 5.87417 33
      vertex 41.9192 6.08076 21
      vertex 41.65 5.87417 21
    endloop
  endfacet
  facet normal 0.793346 0.60877 0
    outer loop
      vertex 40.0808 6.08076 33
      vertex 39.8742 6.35 21
      vertex 39.8742 6.35 33
    endloop
  endfacet
  facet normal 0.793346 0.60877 0
    outer loop
      vertex 39.8742 6.35 21
      vertex 40.0808 6.08076 33
      vertex 40.0808 6.08076 21
    endloop
  endfacet
  facet normal 0.382719 0.923865 -0
    outer loop
      vertex 40.6635 5.7443 21
      vertex 40.35 5.87417 33
      vertex 40.6635 5.7443 33
    endloop
  endfacet
  facet normal 0.382719 0.923865 0
    outer loop
      vertex 40.35 5.87417 33
      vertex 40.6635 5.7443 21
      vertex 40.35 5.87417 21
    endloop
  endfacet
  facet normal -0.793346 0.60877 0
    outer loop
      vertex 41.9192 6.08076 21
      vertex 42.1258 6.35 33
      vertex 42.1258 6.35 21
    endloop
  endfacet
  facet normal -0.793346 0.60877 0
    outer loop
      vertex 42.1258 6.35 33
      vertex 41.9192 6.08076 21
      vertex 41.9192 6.08076 33
    endloop
  endfacet
  facet normal -0.923851 0.382753 0
    outer loop
      vertex 42.1258 6.35 21
      vertex 42.2557 6.66354 33
      vertex 42.2557 6.66354 21
    endloop
  endfacet
  facet normal -0.923851 0.382753 0
    outer loop
      vertex 42.2557 6.66354 33
      vertex 42.1258 6.35 21
      vertex 42.1258 6.35 33
    endloop
  endfacet
  facet normal -0.382719 -0.923865 0
    outer loop
      vertex 41.3365 8.2557 21
      vertex 41.65 8.12583 33
      vertex 41.3365 8.2557 33
    endloop
  endfacet
  facet normal -0.382719 -0.923865 -0
    outer loop
      vertex 41.65 8.12583 33
      vertex 41.3365 8.2557 21
      vertex 41.65 8.12583 21
    endloop
  endfacet
  facet normal 0.608809 -0.793317 0
    outer loop
      vertex 40.0808 7.91924 21
      vertex 40.35 8.12583 33
      vertex 40.0808 7.91924 33
    endloop
  endfacet
  facet normal 0.608809 -0.793317 0
    outer loop
      vertex 40.35 8.12583 33
      vertex 40.0808 7.91924 21
      vertex 40.35 8.12583 21
    endloop
  endfacet
  facet normal -0.382719 0.923865 0
    outer loop
      vertex 41.65 5.87417 21
      vertex 41.3365 5.7443 33
      vertex 41.65 5.87417 33
    endloop
  endfacet
  facet normal -0.382719 0.923865 0
    outer loop
      vertex 41.3365 5.7443 33
      vertex 41.65 5.87417 21
      vertex 41.3365 5.7443 21
    endloop
  endfacet
  facet normal -0.130523 -0.991445 0
    outer loop
      vertex 41 8.3 21
      vertex 41.3365 8.2557 33
      vertex 41 8.3 33
    endloop
  endfacet
  facet normal -0.130523 -0.991445 -0
    outer loop
      vertex 41.3365 8.2557 33
      vertex 41 8.3 21
      vertex 41.3365 8.2557 21
    endloop
  endfacet
  facet normal 0.793346 -0.60877 0
    outer loop
      vertex 39.8742 7.65 33
      vertex 40.0808 7.91924 21
      vertex 40.0808 7.91924 33
    endloop
  endfacet
  facet normal 0.793346 -0.60877 0
    outer loop
      vertex 40.0808 7.91924 21
      vertex 39.8742 7.65 33
      vertex 39.8742 7.65 21
    endloop
  endfacet
  facet normal 0.382719 -0.923865 0
    outer loop
      vertex 40.35 8.12583 21
      vertex 40.6635 8.2557 33
      vertex 40.35 8.12583 33
    endloop
  endfacet
  facet normal 0.382719 -0.923865 0
    outer loop
      vertex 40.6635 8.2557 33
      vertex 40.35 8.12583 21
      vertex 40.6635 8.2557 21
    endloop
  endfacet
  facet normal 0.130523 0.991445 -0
    outer loop
      vertex 41 5.7 21
      vertex 40.6635 5.7443 33
      vertex 41 5.7 33
    endloop
  endfacet
  facet normal 0.130523 0.991445 0
    outer loop
      vertex 40.6635 5.7443 33
      vertex 41 5.7 21
      vertex 40.6635 5.7443 21
    endloop
  endfacet
  facet normal 0.923851 0.382753 0
    outer loop
      vertex 39.8742 6.35 33
      vertex 39.7443 6.66354 21
      vertex 39.7443 6.66354 33
    endloop
  endfacet
  facet normal 0.923851 0.382753 0
    outer loop
      vertex 39.7443 6.66354 21
      vertex 39.8742 6.35 33
      vertex 39.8742 6.35 21
    endloop
  endfacet
  facet normal -0.608809 -0.793317 0
    outer loop
      vertex 41.65 8.12583 21
      vertex 41.9192 7.91924 33
      vertex 41.65 8.12583 33
    endloop
  endfacet
  facet normal -0.608809 -0.793317 -0
    outer loop
      vertex 41.9192 7.91924 33
      vertex 41.65 8.12583 21
      vertex 41.9192 7.91924 21
    endloop
  endfacet
  facet normal 0.923851 -0.382753 0
    outer loop
      vertex 39.7443 7.33646 33
      vertex 39.8742 7.65 21
      vertex 39.8742 7.65 33
    endloop
  endfacet
  facet normal 0.923851 -0.382753 0
    outer loop
      vertex 39.8742 7.65 21
      vertex 39.7443 7.33646 33
      vertex 39.7443 7.33646 21
    endloop
  endfacet
  facet normal 0.130523 -0.991445 0
    outer loop
      vertex 40.6635 8.2557 21
      vertex 41 8.3 33
      vertex 40.6635 8.2557 33
    endloop
  endfacet
  facet normal 0.130523 -0.991445 0
    outer loop
      vertex 41 8.3 33
      vertex 40.6635 8.2557 21
      vertex 41 8.3 21
    endloop
  endfacet
  facet normal -0.793346 -0.60877 0
    outer loop
      vertex 42.1258 7.65 21
      vertex 41.9192 7.91924 33
      vertex 41.9192 7.91924 21
    endloop
  endfacet
  facet normal -0.793346 -0.60877 0
    outer loop
      vertex 41.9192 7.91924 33
      vertex 42.1258 7.65 21
      vertex 42.1258 7.65 33
    endloop
  endfacet
  facet normal 0 0 1
    outer loop
      vertex 42.2557 7.33646 21
      vertex 42.2557 6.66354 21
      vertex 42.3 7 21
    endloop
  endfacet
  facet normal 0 0 1
    outer loop
      vertex 42.1258 7.65 21
      vertex 42.2557 6.66354 21
      vertex 42.2557 7.33646 21
    endloop
  endfacet
  facet normal 0 0 1
    outer loop
      vertex 42.1258 7.65 21
      vertex 42.1258 6.35 21
      vertex 42.2557 6.66354 21
    endloop
  endfacet
  facet normal 0 0 1
    outer loop
      vertex 41.9192 7.91924 21
      vertex 42.1258 6.35 21
      vertex 42.1258 7.65 21
    endloop
  endfacet
  facet normal 0 0 1
    outer loop
      vertex 41.9192 7.91924 21
      vertex 41.9192 6.08076 21
      vertex 42.1258 6.35 21
    endloop
  endfacet
  facet normal 0 0 1
    outer loop
      vertex 41.65 8.12583 21
      vertex 41.9192 6.08076 21
      vertex 41.9192 7.91924 21
    endloop
  endfacet
  facet normal 0 0 1
    outer loop
      vertex 41.65 8.12583 21
      vertex 41.65 5.87417 21
      vertex 41.9192 6.08076 21
    endloop
  endfacet
  facet normal 0 0 1
    outer loop
      vertex 41.3365 8.2557 21
      vertex 41.65 5.87417 21
      vertex 41.65 8.12583 21
    endloop
  endfacet
  facet normal 0 0 1
    outer loop
      vertex 41.3365 8.2557 21
      vertex 41.3365 5.7443 21
      vertex 41.65 5.87417 21
    endloop
  endfacet
  facet normal 0 0 1
    outer loop
      vertex 41 8.3 21
      vertex 41.3365 5.7443 21
      vertex 41.3365 8.2557 21
    endloop
  endfacet
  facet normal 0 0 1
    outer loop
      vertex 41 8.3 21
      vertex 41 5.7 21
      vertex 41.3365 5.7443 21
    endloop
  endfacet
  facet normal -0 0 1
    outer loop
      vertex 40.6635 8.2557 21
      vertex 41 5.7 21
      vertex 41 8.3 21
    endloop
  endfacet
  facet normal 0 0 1
    outer loop
      vertex 40.6635 8.2557 21
      vertex 40.6635 5.7443 21
      vertex 41 5.7 21
    endloop
  endfacet
  facet normal -0 0 1
    outer loop
      vertex 40.35 8.12583 21
      vertex 40.6635 5.7443 21
      vertex 40.6635 8.2557 21
    endloop
  endfacet
  facet normal 0 0 1
    outer loop
      vertex 40.35 8.12583 21
      vertex 40.35 5.87417 21
      vertex 40.6635 5.7443 21
    endloop
  endfacet
  facet normal -0 0 1
    outer loop
      vertex 40.0808 7.91924 21
      vertex 40.35 5.87417 21
      vertex 40.35 8.12583 21
    endloop
  endfacet
  facet normal 0 0 1
    outer loop
      vertex 40.0808 7.91924 21
      vertex 40.0808 6.08076 21
      vertex 40.35 5.87417 21
    endloop
  endfacet
  facet normal -0 0 1
    outer loop
      vertex 39.8742 7.65 21
      vertex 40.0808 6.08076 21
      vertex 40.0808 7.91924 21
    endloop
  endfacet
  facet normal 0 0 1
    outer loop
      vertex 39.8742 7.65 21
      vertex 39.8742 6.35 21
      vertex 40.0808 6.08076 21
    endloop
  endfacet
  facet normal -0 0 1
    outer loop
      vertex 39.7443 7.33646 21
      vertex 39.8742 6.35 21
      vertex 39.8742 7.65 21
    endloop
  endfacet
  facet normal 0 0 1
    outer loop
      vertex 39.7443 7.33646 21
      vertex 39.7443 6.66354 21
      vertex 39.8742 6.35 21
    endloop
  endfacet
  facet normal 0 -0 1
    outer loop
      vertex 39.7443 6.66354 21
      vertex 39.7443 7.33646 21
      vertex 39.7 7 21
    endloop
  endfacet
  facet normal 0.608809 0.793317 -0
    outer loop
      vertex 40.35 5.87417 21
      vertex 40.0808 6.08076 33
      vertex 40.35 5.87417 33
    endloop
  endfacet
  facet normal 0.608809 0.793317 0
    outer loop
      vertex 40.0808 6.08076 33
      vertex 40.35 5.87417 21
      vertex 40.0808 6.08076 21
    endloop
  endfacet
  facet normal -0.130523 0.991445 0
    outer loop
      vertex 41.3365 5.7443 21
      vertex 41 5.7 33
      vertex 41.3365 5.7443 33
    endloop
  endfacet
  facet normal -0.130523 0.991445 0
    outer loop
      vertex 41 5.7 33
      vertex 41.3365 5.7443 21
      vertex 41 5.7 21
    endloop
  endfacet
  facet normal 0.991445 -0.130523 0
    outer loop
      vertex 39.7 37 33
      vertex 39.7443 37.3365 21
      vertex 39.7443 37.3365 33
    endloop
  endfacet
  facet normal 0.991445 -0.130523 0
    outer loop
      vertex 39.7443 37.3365 21
      vertex 39.7 37 33
      vertex 39.7 37 21
    endloop
  endfacet
  facet normal -0.923834 -0.382794 0
    outer loop
      vertex 42.2557 37.3365 21
      vertex 42.1258 37.65 33
      vertex 42.1258 37.65 21
    endloop
  endfacet
  facet normal -0.923834 -0.382794 0
    outer loop
      vertex 42.1258 37.65 33
      vertex 42.2557 37.3365 21
      vertex 42.2557 37.3365 33
    endloop
  endfacet
  facet normal -0.991445 -0.130523 0
    outer loop
      vertex 42.3 37 21
      vertex 42.2557 37.3365 33
      vertex 42.2557 37.3365 21
    endloop
  endfacet
  facet normal -0.991445 -0.130523 0
    outer loop
      vertex 42.2557 37.3365 33
      vertex 42.3 37 21
      vertex 42.3 37 33
    endloop
  endfacet
  facet normal -0.991445 0.130523 0
    outer loop
      vertex 42.2557 36.6635 21
      vertex 42.3 37 33
      vertex 42.3 37 21
    endloop
  endfacet
  facet normal -0.991445 0.130523 0
    outer loop
      vertex 42.3 37 33
      vertex 42.2557 36.6635 21
      vertex 42.2557 36.6635 33
    endloop
  endfacet
  facet normal 0 0 1
    outer loop
      vertex 42.2557 37.3365 21
      vertex 42.2557 36.6635 21
      vertex 42.3 37 21
    endloop
  endfacet
  facet normal 0 0 1
    outer loop
      vertex 42.1258 37.65 21
      vertex 42.2557 36.6635 21
      vertex 42.2557 37.3365 21
    endloop
  endfacet
  facet normal 0 0 1
    outer loop
      vertex 42.1258 37.65 21
      vertex 42.1258 36.35 21
      vertex 42.2557 36.6635 21
    endloop
  endfacet
  facet normal 0 0 1
    outer loop
      vertex 41.9192 37.9192 21
      vertex 42.1258 36.35 21
      vertex 42.1258 37.65 21
    endloop
  endfacet
  facet normal 0 0 1
    outer loop
      vertex 41.9192 37.9192 21
      vertex 41.9192 36.0808 21
      vertex 42.1258 36.35 21
    endloop
  endfacet
  facet normal 0 0 1
    outer loop
      vertex 41.65 38.1258 21
      vertex 41.9192 36.0808 21
      vertex 41.9192 37.9192 21
    endloop
  endfacet
  facet normal 0 0 1
    outer loop
      vertex 41.65 38.1258 21
      vertex 41.65 35.8742 21
      vertex 41.9192 36.0808 21
    endloop
  endfacet
  facet normal 0 0 1
    outer loop
      vertex 41.3365 38.2557 21
      vertex 41.65 35.8742 21
      vertex 41.65 38.1258 21
    endloop
  endfacet
  facet normal 0 0 1
    outer loop
      vertex 41.3365 38.2557 21
      vertex 41.3365 35.7443 21
      vertex 41.65 35.8742 21
    endloop
  endfacet
  facet normal 0 0 1
    outer loop
      vertex 41 38.3 21
      vertex 41.3365 35.7443 21
      vertex 41.3365 38.2557 21
    endloop
  endfacet
  facet normal 0 0 1
    outer loop
      vertex 41 38.3 21
      vertex 41 35.7 21
      vertex 41.3365 35.7443 21
    endloop
  endfacet
  facet normal -0 0 1
    outer loop
      vertex 40.6635 38.2557 21
      vertex 41 35.7 21
      vertex 41 38.3 21
    endloop
  endfacet
  facet normal 0 0 1
    outer loop
      vertex 40.6635 38.2557 21
      vertex 40.6635 35.7443 21
      vertex 41 35.7 21
    endloop
  endfacet
  facet normal -0 0 1
    outer loop
      vertex 40.35 38.1258 21
      vertex 40.6635 35.7443 21
      vertex 40.6635 38.2557 21
    endloop
  endfacet
  facet normal 0 0 1
    outer loop
      vertex 40.35 38.1258 21
      vertex 40.35 35.8742 21
      vertex 40.6635 35.7443 21
    endloop
  endfacet
  facet normal -0 0 1
    outer loop
      vertex 40.0808 37.9192 21
      vertex 40.35 35.8742 21
      vertex 40.35 38.1258 21
    endloop
  endfacet
  facet normal 0 0 1
    outer loop
      vertex 40.0808 37.9192 21
      vertex 40.0808 36.0808 21
      vertex 40.35 35.8742 21
    endloop
  endfacet
  facet normal -0 0 1
    outer loop
      vertex 39.8742 37.65 21
      vertex 40.0808 36.0808 21
      vertex 40.0808 37.9192 21
    endloop
  endfacet
  facet normal 0 0 1
    outer loop
      vertex 39.8742 37.65 21
      vertex 39.8742 36.35 21
      vertex 40.0808 36.0808 21
    endloop
  endfacet
  facet normal -0 0 1
    outer loop
      vertex 39.7443 37.3365 21
      vertex 39.8742 36.35 21
      vertex 39.8742 37.65 21
    endloop
  endfacet
  facet normal 0 0 1
    outer loop
      vertex 39.7443 37.3365 21
      vertex 39.7443 36.6635 21
      vertex 39.8742 36.35 21
    endloop
  endfacet
  facet normal 0 -0 1
    outer loop
      vertex 39.7443 36.6635 21
      vertex 39.7443 37.3365 21
      vertex 39.7 37 21
    endloop
  endfacet
  facet normal 0.991445 0.130523 0
    outer loop
      vertex 39.7443 36.6635 33
      vertex 39.7 37 21
      vertex 39.7 37 33
    endloop
  endfacet
  facet normal 0.991445 0.130523 0
    outer loop
      vertex 39.7 37 21
      vertex 39.7443 36.6635 33
      vertex 39.7443 36.6635 21
    endloop
  endfacet
  facet normal -0.608827 0.793303 0
    outer loop
      vertex 41.9192 36.0808 21
      vertex 41.65 35.8742 33
      vertex 41.9192 36.0808 33
    endloop
  endfacet
  facet normal -0.608827 0.793303 0
    outer loop
      vertex 41.65 35.8742 33
      vertex 41.9192 36.0808 21
      vertex 41.65 35.8742 21
    endloop
  endfacet
  facet normal 0.793303 0.608827 0
    outer loop
      vertex 40.0808 36.0808 33
      vertex 39.8742 36.35 21
      vertex 39.8742 36.35 33
    endloop
  endfacet
  facet normal 0.793303 0.608827 0
    outer loop
      vertex 39.8742 36.35 21
      vertex 40.0808 36.0808 33
      vertex 40.0808 36.0808 21
    endloop
  endfacet
  facet normal 0.382794 0.923834 -0
    outer loop
      vertex 40.6635 35.7443 21
      vertex 40.35 35.8742 33
      vertex 40.6635 35.7443 33
    endloop
  endfacet
  facet normal 0.382794 0.923834 0
    outer loop
      vertex 40.35 35.8742 33
      vertex 40.6635 35.7443 21
      vertex 40.35 35.8742 21
    endloop
  endfacet
  facet normal -0.793303 0.608827 0
    outer loop
      vertex 41.9192 36.0808 21
      vertex 42.1258 36.35 33
      vertex 42.1258 36.35 21
    endloop
  endfacet
  facet normal -0.793303 0.608827 0
    outer loop
      vertex 42.1258 36.35 33
      vertex 41.9192 36.0808 21
      vertex 41.9192 36.0808 33
    endloop
  endfacet
  facet normal -0.923834 0.382794 0
    outer loop
      vertex 42.1258 36.35 21
      vertex 42.2557 36.6635 33
      vertex 42.2557 36.6635 21
    endloop
  endfacet
  facet normal -0.923834 0.382794 0
    outer loop
      vertex 42.2557 36.6635 33
      vertex 42.1258 36.35 21
      vertex 42.1258 36.35 33
    endloop
  endfacet
  facet normal -0.382794 -0.923834 0
    outer loop
      vertex 41.3365 38.2557 21
      vertex 41.65 38.1258 33
      vertex 41.3365 38.2557 33
    endloop
  endfacet
  facet normal -0.382794 -0.923834 -0
    outer loop
      vertex 41.65 38.1258 33
      vertex 41.3365 38.2557 21
      vertex 41.65 38.1258 21
    endloop
  endfacet
  facet normal 0.608827 -0.793303 0
    outer loop
      vertex 40.0808 37.9192 21
      vertex 40.35 38.1258 33
      vertex 40.0808 37.9192 33
    endloop
  endfacet
  facet normal 0.608827 -0.793303 0
    outer loop
      vertex 40.35 38.1258 33
      vertex 40.0808 37.9192 21
      vertex 40.35 38.1258 21
    endloop
  endfacet
  facet normal -0.382794 0.923834 0
    outer loop
      vertex 41.65 35.8742 21
      vertex 41.3365 35.7443 33
      vertex 41.65 35.8742 33
    endloop
  endfacet
  facet normal -0.382794 0.923834 0
    outer loop
      vertex 41.3365 35.7443 33
      vertex 41.65 35.8742 21
      vertex 41.3365 35.7443 21
    endloop
  endfacet
  facet normal -0.130523 -0.991445 0
    outer loop
      vertex 41 38.3 21
      vertex 41.3365 38.2557 33
      vertex 41 38.3 33
    endloop
  endfacet
  facet normal -0.130523 -0.991445 -0
    outer loop
      vertex 41.3365 38.2557 33
      vertex 41 38.3 21
      vertex 41.3365 38.2557 21
    endloop
  endfacet
  facet normal 0.793303 -0.608827 0
    outer loop
      vertex 39.8742 37.65 33
      vertex 40.0808 37.9192 21
      vertex 40.0808 37.9192 33
    endloop
  endfacet
  facet normal 0.793303 -0.608827 0
    outer loop
      vertex 40.0808 37.9192 21
      vertex 39.8742 37.65 33
      vertex 39.8742 37.65 21
    endloop
  endfacet
  facet normal 0.382794 -0.923834 0
    outer loop
      vertex 40.35 38.1258 21
      vertex 40.6635 38.2557 33
      vertex 40.35 38.1258 33
    endloop
  endfacet
  facet normal 0.382794 -0.923834 0
    outer loop
      vertex 40.6635 38.2557 33
      vertex 40.35 38.1258 21
      vertex 40.6635 38.2557 21
    endloop
  endfacet
  facet normal 0.130523 0.991445 -0
    outer loop
      vertex 41 35.7 21
      vertex 40.6635 35.7443 33
      vertex 41 35.7 33
    endloop
  endfacet
  facet normal 0.130523 0.991445 0
    outer loop
      vertex 40.6635 35.7443 33
      vertex 41 35.7 21
      vertex 40.6635 35.7443 21
    endloop
  endfacet
  facet normal 0.923834 0.382794 0
    outer loop
      vertex 39.8742 36.35 33
      vertex 39.7443 36.6635 21
      vertex 39.7443 36.6635 33
    endloop
  endfacet
  facet normal 0.923834 0.382794 0
    outer loop
      vertex 39.7443 36.6635 21
      vertex 39.8742 36.35 33
      vertex 39.8742 36.35 21
    endloop
  endfacet
  facet normal -0.608827 -0.793303 0
    outer loop
      vertex 41.65 38.1258 21
      vertex 41.9192 37.9192 33
      vertex 41.65 38.1258 33
    endloop
  endfacet
  facet normal -0.608827 -0.793303 -0
    outer loop
      vertex 41.9192 37.9192 33
      vertex 41.65 38.1258 21
      vertex 41.9192 37.9192 21
    endloop
  endfacet
  facet normal 0.923834 -0.382794 0
    outer loop
      vertex 39.7443 37.3365 33
      vertex 39.8742 37.65 21
      vertex 39.8742 37.65 33
    endloop
  endfacet
  facet normal 0.923834 -0.382794 0
    outer loop
      vertex 39.8742 37.65 21
      vertex 39.7443 37.3365 33
      vertex 39.7443 37.3365 21
    endloop
  endfacet
  facet normal 0.130523 -0.991445 0
    outer loop
      vertex 40.6635 38.2557 21
      vertex 41 38.3 33
      vertex 40.6635 38.2557 33
    endloop
  endfacet
  facet normal 0.130523 -0.991445 0
    outer loop
      vertex 41 38.3 33
      vertex 40.6635 38.2557 21
      vertex 41 38.3 21
    endloop
  endfacet
  facet normal -0.793303 -0.608827 0
    outer loop
      vertex 42.1258 37.65 21
      vertex 41.9192 37.9192 33
      vertex 41.9192 37.9192 21
    endloop
  endfacet
  facet normal -0.793303 -0.608827 0
    outer loop
      vertex 41.9192 37.9192 33
      vertex 42.1258 37.65 21
      vertex 42.1258 37.65 33
    endloop
  endfacet
  facet normal 0.608827 0.793303 -0
    outer loop
      vertex 40.35 35.8742 21
      vertex 40.0808 36.0808 33
      vertex 40.35 35.8742 33
    endloop
  endfacet
  facet normal 0.608827 0.793303 0
    outer loop
      vertex 40.0808 36.0808 33
      vertex 40.35 35.8742 21
      vertex 40.0808 36.0808 21
    endloop
  endfacet
  facet normal -0.130523 0.991445 0
    outer loop
      vertex 41.3365 35.7443 21
      vertex 41 35.7 33
      vertex 41.3365 35.7443 33
    endloop
  endfacet
  facet normal -0.130523 0.991445 0
    outer loop
      vertex 41 35.7 33
      vertex 41.3365 35.7443 21
      vertex 41 35.7 21
    endloop
  endfacet
  facet normal 0 -1 0
    outer loop
      vertex -39.3 -6 10
      vertex -33.3 -6 14
      vertex -39.3 -6 14
    endloop
  endfacet
  facet normal 0 -1 -0
    outer loop
      vertex -33.3 -6 14
      vertex -39.3 -6 10
      vertex -33.3 -6 10
    endloop
  endfacet
  facet normal 1 0 0
    outer loop
      vertex -33.3 -6 10
      vertex -33.3 0 14
      vertex -33.3 -6 14
    endloop
  endfacet
  facet normal 1 0 0
    outer loop
      vertex -33.3 0 14
      vertex -33.3 -6 10
      vertex -33.3 0 4.00998
    endloop
  endfacet
  facet normal -0 0 1
    outer loop
      vertex -39.3 0 14
      vertex -33.3 -6 14
      vertex -33.3 0 14
    endloop
  endfacet
  facet normal 0 0 1
    outer loop
      vertex -33.3 -6 14
      vertex -39.3 0 14
      vertex -39.3 -6 14
    endloop
  endfacet
  facet normal -1 0 0
    outer loop
      vertex -39.3 -6 10
      vertex -39.3 0 14
      vertex -39.3 0 4.00998
    endloop
  endfacet
  facet normal -1 -0 0
    outer loop
      vertex -39.3 0 14
      vertex -39.3 -6 10
      vertex -39.3 -6 14
    endloop
  endfacet
  facet normal 0 -0.706518 -0.707695
    outer loop
      vertex -39.3 -6 10
      vertex -33.3 0 4.00998
      vertex -33.3 -6 10
    endloop
  endfacet
  facet normal -0 -0.706518 -0.707695
    outer loop
      vertex -33.3 0 4.00998
      vertex -39.3 -6 10
      vertex -39.3 0 4.00998
    endloop
  endfacet
  facet normal -1 0 0
    outer loop
      vertex 40.5 0 12
      vertex 40.5 4 13
      vertex 40.5 4 12
    endloop
  endfacet
  facet normal -1 -0 0
    outer loop
      vertex 40.5 4 13
      vertex 40.5 0 12
      vertex 40.5 0 13
    endloop
  endfacet
  facet normal 0.707107 0 -0.707107
    outer loop
      vertex 32.5 0 21
      vertex 24.5 3 13
      vertex 32.5 3 21
    endloop
  endfacet
  facet normal 0.707107 0 -0.707107
    outer loop
      vertex 24.5 3 13
      vertex 32.5 0 21
      vertex 24.5 0 13
    endloop
  endfacet
  facet normal -0.707107 -6.01279e-14 -0.707107
    outer loop
      vertex 40.5 4 13
      vertex 37.9594 3.95944 15.5406
      vertex 37.9248 4 15.5752
    endloop
  endfacet
  facet normal -0.707107 7.75267e-15 -0.707107
    outer loop
      vertex 40.5 4 13
      vertex 38.4725 3.52123 15.0275
      vertex 37.9594 3.95944 15.5406
    endloop
  endfacet
  facet normal -0.707107 -6.02509e-15 -0.707107
    outer loop
      vertex 40.5 4 13
      vertex 39.0478 3.16867 14.4522
      vertex 38.4725 3.52123 15.0275
    endloop
  endfacet
  facet normal -0.707056 -0.000175982 -0.707157
    outer loop
      vertex 40.5 4 13
      vertex 39.4551 3 14.045
      vertex 39.0478 3.16867 14.4522
    endloop
  endfacet
  facet normal -0.707141 0 -0.707073
    outer loop
      vertex 40.5 0 13
      vertex 39.4551 3 14.045
      vertex 40.5 4 13
    endloop
  endfacet
  facet normal -0.707107 2.35702e-05 -0.707107
    outer loop
      vertex 32.5 0 21
      vertex 39.4551 3 14.045
      vertex 40.5 0 13
    endloop
  endfacet
  facet normal -0.707102 0 -0.707112
    outer loop
      vertex 39.4551 3 14.045
      vertex 32.5 0 21
      vertex 32.5 3 21
    endloop
  endfacet
  facet normal 0 0 1
    outer loop
      vertex 40.5 4 12
      vertex 39.4551 3 12
      vertex 40.5 0 12
    endloop
  endfacet
  facet normal 0 0 1
    outer loop
      vertex 40.5 4 12
      vertex 39.0478 3.16867 12
      vertex 39.4551 3 12
    endloop
  endfacet
  facet normal 0 0 1
    outer loop
      vertex 40.5 4 12
      vertex 38.4725 3.52123 12
      vertex 39.0478 3.16867 12
    endloop
  endfacet
  facet normal 0 0 1
    outer loop
      vertex 40.5 4 12
      vertex 37.9594 3.95944 12
      vertex 38.4725 3.52123 12
    endloop
  endfacet
  facet normal 0 -0 1
    outer loop
      vertex 37.9594 3.95944 12
      vertex 40.5 4 12
      vertex 37.9248 4 12
    endloop
  endfacet
  facet normal 0 0 1
    outer loop
      vertex 24.5 0 12
      vertex 39.4551 3 12
      vertex 24.5 3 12
    endloop
  endfacet
  facet normal 0 0 1
    outer loop
      vertex 39.4551 3 12
      vertex 24.5 0 12
      vertex 40.5 0 12
    endloop
  endfacet
  facet normal 0 -1 0
    outer loop
      vertex 37.9248 4 12
      vertex 40.5 4 13
      vertex 37.9248 4 15.5752
    endloop
  endfacet
  facet normal 0 -1 -0
    outer loop
      vertex 40.5 4 13
      vertex 37.9248 4 12
      vertex 40.5 4 12
    endloop
  endfacet
  facet normal 1 -0 0
    outer loop
      vertex 24.5 0 13
      vertex 24.5 3 12
      vertex 24.5 3 13
    endloop
  endfacet
  facet normal 1 0 0
    outer loop
      vertex 24.5 3 12
      vertex 24.5 0 13
      vertex 24.5 0 12
    endloop
  endfacet
  facet normal -1 0 0
    outer loop
      vertex 22.5 0 6
      vertex 22.5 3 11
      vertex 22.5 3 6
    endloop
  endfacet
  facet normal -1 -0 0
    outer loop
      vertex 22.5 3 11
      vertex 22.5 0 6
      vertex 22.5 0 11
    endloop
  endfacet
  facet normal 0 0 -1
    outer loop
      vertex 18.5 0 11
      vertex 22.5 3 11
      vertex 22.5 0 11
    endloop
  endfacet
  facet normal -0 0 -1
    outer loop
      vertex 22.5 3 11
      vertex 18.5 0 11
      vertex 18.5 3 11
    endloop
  endfacet
  facet normal -0 0 1
    outer loop
      vertex 18.5 3 6
      vertex 22.5 0 6
      vertex 22.5 3 6
    endloop
  endfacet
  facet normal 0 0 1
    outer loop
      vertex 22.5 0 6
      vertex 18.5 3 6
      vertex 18.5 0 6
    endloop
  endfacet
  facet normal 1 -0 0
    outer loop
      vertex 18.5 0 11
      vertex 18.5 3 6
      vertex 18.5 3 11
    endloop
  endfacet
  facet normal 1 0 0
    outer loop
      vertex 18.5 3 6
      vertex 18.5 0 11
      vertex 18.5 0 6
    endloop
  endfacet
  facet normal -0.923861 0.382728 0
    outer loop
      vertex 65.455 4.73005 3
      vertex 65.6704 5.25 4.99
      vertex 65.6704 5.25 3
    endloop
  endfacet
  facet normal -0.923861 0.382728 0
    outer loop
      vertex 65.6704 5.25 4.99
      vertex 65.455 4.73005 3
      vertex 65.455 4.73005 4.99
    endloop
  endfacet
  facet normal -0.760371 0.649489 0
    outer loop
      vertex 64.5355 3.46447 3
      vertex 65.0451 4.06107 4.99
      vertex 65.0451 4.06107 3
    endloop
  endfacet
  facet normal -0.760371 0.649489 0
    outer loop
      vertex 65.0451 4.06107 4.99
      vertex 64.5355 3.46447 3
      vertex 64.5355 3.46447 4.99
    endloop
  endfacet
  facet normal -0.852669 0.522451 0
    outer loop
      vertex 65.0451 4.06107 3
      vertex 65.455 4.73005 4.99
      vertex 65.455 4.73005 3
    endloop
  endfacet
  facet normal -0.852669 0.522451 0
    outer loop
      vertex 65.455 4.73005 4.99
      vertex 65.0451 4.06107 3
      vertex 65.0451 4.06107 4.99
    endloop
  endfacet
  facet normal 0.522496 -0.852642 0
    outer loop
      vertex 58.0611 11.0451 3
      vertex 58.73 11.455 4.99
      vertex 58.0611 11.0451 4.99
    endloop
  endfacet
  facet normal 0.522496 -0.852642 0
    outer loop
      vertex 58.73 11.455 4.99
      vertex 58.0611 11.0451 3
      vertex 58.73 11.455 3
    endloop
  endfacet
  facet normal 0.649489 -0.760371 0
    outer loop
      vertex 57.4645 10.5355 3
      vertex 58.0611 11.0451 4.99
      vertex 57.4645 10.5355 4.99
    endloop
  endfacet
  facet normal 0.649489 -0.760371 0
    outer loop
      vertex 58.0611 11.0451 4.99
      vertex 57.4645 10.5355 3
      vertex 58.0611 11.0451 3
    endloop
  endfacet
  facet normal 0.760346 -0.649519 0
    outer loop
      vertex 57.25 10.2844 4.99
      vertex 57.4645 10.5355 3
      vertex 57.4645 10.5355 4.99
    endloop
  endfacet
  facet normal 0.760346 -0.649519 0
    outer loop
      vertex 57.4645 10.5355 3
      vertex 57.25 10.2844 4.99
      vertex 57.25 10.2844 3
    endloop
  endfacet
  facet normal -0.649466 0.760391 0
    outer loop
      vertex 64.5355 3.46447 3
      vertex 64.2844 3.25 4.99
      vertex 64.5355 3.46447 4.99
    endloop
  endfacet
  facet normal -0.649466 0.760391 0
    outer loop
      vertex 64.2844 3.25 4.99
      vertex 64.5355 3.46447 3
      vertex 64.2844 3.25 3
    endloop
  endfacet
  facet normal 0.382697 -0.923874 0
    outer loop
      vertex 58.73 11.455 3
      vertex 59.25 11.6704 4.99
      vertex 58.73 11.455 4.99
    endloop
  endfacet
  facet normal 0.382697 -0.923874 0
    outer loop
      vertex 59.25 11.6704 4.99
      vertex 58.73 11.455 3
      vertex 59.25 11.6704 3
    endloop
  endfacet
  facet normal -0.923874 -0.382697 0
    outer loop
      vertex 65.6704 38.75 3
      vertex 65.455 39.27 4.99
      vertex 65.455 39.27 3
    endloop
  endfacet
  facet normal -0.923874 -0.382697 0
    outer loop
      vertex 65.455 39.27 4.99
      vertex 65.6704 38.75 3
      vertex 65.6704 38.75 4.99
    endloop
  endfacet
  facet normal -0.852642 -0.522496 0
    outer loop
      vertex 65.455 39.27 3
      vertex 65.0451 39.9389 4.99
      vertex 65.0451 39.9389 3
    endloop
  endfacet
  facet normal -0.852642 -0.522496 0
    outer loop
      vertex 65.0451 39.9389 4.99
      vertex 65.455 39.27 3
      vertex 65.455 39.27 4.99
    endloop
  endfacet
  facet normal 0.760346 0.649519 0
    outer loop
      vertex 57.4645 33.4645 4.99
      vertex 57.25 33.7156 3
      vertex 57.25 33.7156 4.99
    endloop
  endfacet
  facet normal 0.760346 0.649519 0
    outer loop
      vertex 57.25 33.7156 3
      vertex 57.4645 33.4645 4.99
      vertex 57.4645 33.4645 3
    endloop
  endfacet
  facet normal 0.382697 0.923874 -0
    outer loop
      vertex 59.25 32.3296 3
      vertex 58.73 32.545 4.99
      vertex 59.25 32.3296 4.99
    endloop
  endfacet
  facet normal 0.382697 0.923874 0
    outer loop
      vertex 58.73 32.545 4.99
      vertex 59.25 32.3296 3
      vertex 58.73 32.545 3
    endloop
  endfacet
  facet normal -0.760371 -0.649489 0
    outer loop
      vertex 65.0451 39.9389 3
      vertex 64.5355 40.5355 4.99
      vertex 64.5355 40.5355 3
    endloop
  endfacet
  facet normal -0.760371 -0.649489 0
    outer loop
      vertex 64.5355 40.5355 4.99
      vertex 65.0451 39.9389 3
      vertex 65.0451 39.9389 4.99
    endloop
  endfacet
  facet normal -0.649519 -0.760346 0
    outer loop
      vertex 64.2844 40.75 3
      vertex 64.5355 40.5355 4.99
      vertex 64.2844 40.75 4.99
    endloop
  endfacet
  facet normal -0.649519 -0.760346 -0
    outer loop
      vertex 64.5355 40.5355 4.99
      vertex 64.2844 40.75 3
      vertex 64.5355 40.5355 3
    endloop
  endfacet
  facet normal 0.649489 0.760371 -0
    outer loop
      vertex 58.0611 32.9549 3
      vertex 57.4645 33.4645 4.99
      vertex 58.0611 32.9549 4.99
    endloop
  endfacet
  facet normal 0.649489 0.760371 0
    outer loop
      vertex 57.4645 33.4645 4.99
      vertex 58.0611 32.9549 3
      vertex 57.4645 33.4645 3
    endloop
  endfacet
  facet normal 0.522496 0.852642 -0
    outer loop
      vertex 58.73 32.545 3
      vertex 58.0611 32.9549 4.99
      vertex 58.73 32.545 4.99
    endloop
  endfacet
  facet normal 0.522496 0.852642 0
    outer loop
      vertex 58.0611 32.9549 4.99
      vertex 58.73 32.545 3
      vertex 58.0611 32.9549 3
    endloop
  endfacet
  facet normal -0.761094 -0.648642 0
    outer loop
      vertex 146.75 10.2844 3
      vertex 146.536 10.5355 4.99
      vertex 146.536 10.5355 3
    endloop
  endfacet
  facet normal -0.761094 -0.648642 0
    outer loop
      vertex 146.536 10.5355 4.99
      vertex 146.75 10.2844 3
      vertex 146.75 10.2844 4.99
    endloop
  endfacet
  facet normal -0.649237 -0.760586 0
    outer loop
      vertex 145.939 11.0451 3
      vertex 146.536 10.5355 4.99
      vertex 145.939 11.0451 4.99
    endloop
  endfacet
  facet normal -0.649237 -0.760586 -0
    outer loop
      vertex 146.536 10.5355 4.99
      vertex 145.939 11.0451 3
      vertex 146.536 10.5355 3
    endloop
  endfacet
  facet normal 0.852613 0.522544 0
    outer loop
      vertex 138.955 4.06107 4.99
      vertex 138.545 4.73005 3
      vertex 138.545 4.73005 4.99
    endloop
  endfacet
  facet normal 0.852613 0.522544 0
    outer loop
      vertex 138.545 4.73005 3
      vertex 138.955 4.06107 4.99
      vertex 138.955 4.06107 3
    endloop
  endfacet
  facet normal -0.382697 -0.923874 0
    outer loop
      vertex 144.75 11.6704 3
      vertex 145.27 11.455 4.99
      vertex 144.75 11.6704 4.99
    endloop
  endfacet
  facet normal -0.382697 -0.923874 -0
    outer loop
      vertex 145.27 11.455 4.99
      vertex 144.75 11.6704 3
      vertex 145.27 11.455 3
    endloop
  endfacet
  facet normal -0.52244 -0.852676 0
    outer loop
      vertex 145.27 11.455 3
      vertex 145.939 11.0451 4.99
      vertex 145.27 11.455 4.99
    endloop
  endfacet
  facet normal -0.52244 -0.852676 -0
    outer loop
      vertex 145.939 11.0451 4.99
      vertex 145.27 11.455 3
      vertex 145.939 11.0451 3
    endloop
  endfacet
  facet normal 0.760749 0.649046 0
    outer loop
      vertex 139.464 3.46447 4.99
      vertex 138.955 4.06107 3
      vertex 138.955 4.06107 4.99
    endloop
  endfacet
  facet normal 0.760749 0.649046 0
    outer loop
      vertex 138.955 4.06107 3
      vertex 139.464 3.46447 4.99
      vertex 139.464 3.46447 3
    endloop
  endfacet
  facet normal 0.648122 0.761537 -0
    outer loop
      vertex 139.716 3.25 3
      vertex 139.464 3.46447 4.99
      vertex 139.716 3.25 4.99
    endloop
  endfacet
  facet normal 0.648122 0.761537 0
    outer loop
      vertex 139.464 3.46447 4.99
      vertex 139.716 3.25 3
      vertex 139.464 3.46447 3
    endloop
  endfacet
  facet normal 0.924112 0.382122 0
    outer loop
      vertex 138.545 4.73005 4.99
      vertex 138.33 5.25 3
      vertex 138.33 5.25 4.99
    endloop
  endfacet
  facet normal 0.924112 0.382122 0
    outer loop
      vertex 138.33 5.25 3
      vertex 138.545 4.73005 4.99
      vertex 138.545 4.73005 3
    endloop
  endfacet
  facet normal 0.924125 -0.38209 0
    outer loop
      vertex 138.33 38.75 4.99
      vertex 138.545 39.27 3
      vertex 138.545 39.27 4.99
    endloop
  endfacet
  facet normal 0.924125 -0.38209 0
    outer loop
      vertex 138.545 39.27 3
      vertex 138.33 38.75 4.99
      vertex 138.33 38.75 3
    endloop
  endfacet
  facet normal 0.648175 -0.761492 0
    outer loop
      vertex 139.464 40.5355 3
      vertex 139.716 40.75 4.99
      vertex 139.464 40.5355 4.99
    endloop
  endfacet
  facet normal 0.648175 -0.761492 0
    outer loop
      vertex 139.716 40.75 4.99
      vertex 139.464 40.5355 3
      vertex 139.716 40.75 3
    endloop
  endfacet
  facet normal 0.852585 -0.522589 0
    outer loop
      vertex 138.545 39.27 4.99
      vertex 138.955 39.9389 3
      vertex 138.955 39.9389 4.99
    endloop
  endfacet
  facet normal 0.852585 -0.522589 0
    outer loop
      vertex 138.955 39.9389 3
      vertex 138.545 39.27 4.99
      vertex 138.545 39.27 3
    endloop
  endfacet
  facet normal 0.760749 -0.649046 0
    outer loop
      vertex 138.955 39.9389 4.99
      vertex 139.464 40.5355 3
      vertex 139.464 40.5355 4.99
    endloop
  endfacet
  facet normal 0.760749 -0.649046 0
    outer loop
      vertex 139.464 40.5355 3
      vertex 138.955 39.9389 4.99
      vertex 138.955 39.9389 3
    endloop
  endfacet
  facet normal -0.52244 0.852676 0
    outer loop
      vertex 145.939 32.9549 3
      vertex 145.27 32.545 4.99
      vertex 145.939 32.9549 4.99
    endloop
  endfacet
  facet normal -0.52244 0.852676 0
    outer loop
      vertex 145.27 32.545 4.99
      vertex 145.939 32.9549 3
      vertex 145.27 32.545 3
    endloop
  endfacet
  facet normal -0.761094 0.648642 0
    outer loop
      vertex 146.536 33.4645 3
      vertex 146.75 33.7156 4.99
      vertex 146.75 33.7156 3
    endloop
  endfacet
  facet normal -0.761094 0.648642 0
    outer loop
      vertex 146.75 33.7156 4.99
      vertex 146.536 33.4645 3
      vertex 146.536 33.4645 4.99
    endloop
  endfacet
  facet normal -0.649237 0.760586 0
    outer loop
      vertex 146.536 33.4645 3
      vertex 145.939 32.9549 4.99
      vertex 146.536 33.4645 4.99
    endloop
  endfacet
  facet normal -0.649237 0.760586 0
    outer loop
      vertex 145.939 32.9549 4.99
      vertex 146.536 33.4645 3
      vertex 145.939 32.9549 3
    endloop
  endfacet
  facet normal -0.382697 0.923874 0
    outer loop
      vertex 145.27 32.545 3
      vertex 144.75 32.3296 4.99
      vertex 145.27 32.545 4.99
    endloop
  endfacet
  facet normal -0.382697 0.923874 0
    outer loop
      vertex 144.75 32.3296 4.99
      vertex 145.27 32.545 3
      vertex 144.75 32.3296 3
    endloop
  endfacet
  facet normal 0 1 -0
    outer loop
      vertex 139.716 40.75 3
      vertex 64.2844 40.75 4.99
      vertex 139.716 40.75 4.99
    endloop
  endfacet
  facet normal 0 1 0
    outer loop
      vertex 64.2844 40.75 4.99
      vertex 139.716 40.75 3
      vertex 64.2844 40.75 3
    endloop
  endfacet
  facet normal 0 0 1
    outer loop
      vertex 58.73 32.545 4.99
      vertex 59.25 11.6704 4.99
      vertex 59.25 32.3296 4.99
    endloop
  endfacet
  facet normal 0 0 1
    outer loop
      vertex 58.73 32.545 4.99
      vertex 58.73 11.455 4.99
      vertex 59.25 11.6704 4.99
    endloop
  endfacet
  facet normal 0 0 1
    outer loop
      vertex 58.0611 32.9549 4.99
      vertex 58.73 11.455 4.99
      vertex 58.73 32.545 4.99
    endloop
  endfacet
  facet normal 0 0 1
    outer loop
      vertex 58.0611 32.9549 4.99
      vertex 58.0611 11.0451 4.99
      vertex 58.73 11.455 4.99
    endloop
  endfacet
  facet normal 0 0 1
    outer loop
      vertex 57.4645 33.4645 4.99
      vertex 58.0611 11.0451 4.99
      vertex 58.0611 32.9549 4.99
    endloop
  endfacet
  facet normal 0 0 1
    outer loop
      vertex 57.4645 33.4645 4.99
      vertex 57.4645 10.5355 4.99
      vertex 58.0611 11.0451 4.99
    endloop
  endfacet
  facet normal 0 0 1
    outer loop
      vertex 57.25 33.7156 4.99
      vertex 57.4645 10.5355 4.99
      vertex 57.4645 33.4645 4.99
    endloop
  endfacet
  facet normal 0 0 1
    outer loop
      vertex 57.4645 10.5355 4.99
      vertex 57.25 33.7156 4.99
      vertex 57.25 10.2844 4.99
    endloop
  endfacet
  facet normal -0 0 1
    outer loop
      vertex 65.6704 5.25 4.99
      vertex 138.545 4.73005 4.99
      vertex 138.33 5.25 4.99
    endloop
  endfacet
  facet normal 0 0 1
    outer loop
      vertex 65.455 4.73005 4.99
      vertex 138.545 4.73005 4.99
      vertex 65.6704 5.25 4.99
    endloop
  endfacet
  facet normal 0 0 1
    outer loop
      vertex 138.545 4.73005 4.99
      vertex 65.455 4.73005 4.99
      vertex 138.955 4.06107 4.99
    endloop
  endfacet
  facet normal 0 0 1
    outer loop
      vertex 65.0451 4.06107 4.99
      vertex 138.955 4.06107 4.99
      vertex 65.455 4.73005 4.99
    endloop
  endfacet
  facet normal 0 0 1
    outer loop
      vertex 138.955 4.06107 4.99
      vertex 65.0451 4.06107 4.99
      vertex 139.464 3.46447 4.99
    endloop
  endfacet
  facet normal 0 0 1
    outer loop
      vertex 64.5355 3.46447 4.99
      vertex 139.464 3.46447 4.99
      vertex 65.0451 4.06107 4.99
    endloop
  endfacet
  facet normal 0 0 1
    outer loop
      vertex 139.464 3.46447 4.99
      vertex 64.5355 3.46447 4.99
      vertex 139.716 3.25 4.99
    endloop
  endfacet
  facet normal 0 0 1
    outer loop
      vertex 139.716 3.25 4.99
      vertex 64.5355 3.46447 4.99
      vertex 64.2844 3.25 4.99
    endloop
  endfacet
  facet normal 0 0 1
    outer loop
      vertex 138.545 39.27 4.99
      vertex 65.6704 38.75 4.99
      vertex 138.33 38.75 4.99
    endloop
  endfacet
  facet normal 0 0 1
    outer loop
      vertex 65.455 39.27 4.99
      vertex 138.545 39.27 4.99
      vertex 138.955 39.9389 4.99
    endloop
  endfacet
  facet normal 0 0 1
    outer loop
      vertex 65.0451 39.9389 4.99
      vertex 138.955 39.9389 4.99
      vertex 139.464 40.5355 4.99
    endloop
  endfacet
  facet normal 0 0 1
    outer loop
      vertex 64.5355 40.5355 4.99
      vertex 139.464 40.5355 4.99
      vertex 139.716 40.75 4.99
    endloop
  endfacet
  facet normal 0 0 1
    outer loop
      vertex 138.545 39.27 4.99
      vertex 65.455 39.27 4.99
      vertex 65.6704 38.75 4.99
    endloop
  endfacet
  facet normal 0 0 1
    outer loop
      vertex 138.955 39.9389 4.99
      vertex 65.0451 39.9389 4.99
      vertex 65.455 39.27 4.99
    endloop
  endfacet
  facet normal 0 0 1
    outer loop
      vertex 139.464 40.5355 4.99
      vertex 64.5355 40.5355 4.99
      vertex 65.0451 39.9389 4.99
    endloop
  endfacet
  facet normal 0 -0 1
    outer loop
      vertex 64.5355 40.5355 4.99
      vertex 139.716 40.75 4.99
      vertex 64.2844 40.75 4.99
    endloop
  endfacet
  facet normal -0 0 1
    outer loop
      vertex 146.536 33.4645 4.99
      vertex 146.75 10.2844 4.99
      vertex 146.75 33.7156 4.99
    endloop
  endfacet
  facet normal 0 0 1
    outer loop
      vertex 146.536 33.4645 4.99
      vertex 146.536 10.5355 4.99
      vertex 146.75 10.2844 4.99
    endloop
  endfacet
  facet normal -0 0 1
    outer loop
      vertex 145.939 32.9549 4.99
      vertex 146.536 10.5355 4.99
      vertex 146.536 33.4645 4.99
    endloop
  endfacet
  facet normal 0 0 1
    outer loop
      vertex 145.939 32.9549 4.99
      vertex 145.939 11.0451 4.99
      vertex 146.536 10.5355 4.99
    endloop
  endfacet
  facet normal -0 0 1
    outer loop
      vertex 145.27 32.545 4.99
      vertex 145.939 11.0451 4.99
      vertex 145.939 32.9549 4.99
    endloop
  endfacet
  facet normal 0 0 1
    outer loop
      vertex 145.27 32.545 4.99
      vertex 145.27 11.455 4.99
      vertex 145.939 11.0451 4.99
    endloop
  endfacet
  facet normal -0 0 1
    outer loop
      vertex 144.75 32.3296 4.99
      vertex 145.27 11.455 4.99
      vertex 145.27 32.545 4.99
    endloop
  endfacet
  facet normal 0 0 1
    outer loop
      vertex 145.27 11.455 4.99
      vertex 144.75 32.3296 4.99
      vertex 144.75 11.6704 4.99
    endloop
  endfacet
  facet normal -1 0 0
    outer loop
      vertex 57.25 10.2844 3
      vertex 57.25 33.7156 4.99
      vertex 57.25 33.7156 3
    endloop
  endfacet
  facet normal -1 -0 0
    outer loop
      vertex 57.25 33.7156 4.99
      vertex 57.25 10.2844 3
      vertex 57.25 10.2844 4.99
    endloop
  endfacet
  facet normal 0 -1 0
    outer loop
      vertex 64.2844 3.25 3
      vertex 139.716 3.25 4.99
      vertex 64.2844 3.25 4.99
    endloop
  endfacet
  facet normal 0 -1 -0
    outer loop
      vertex 139.716 3.25 4.99
      vertex 64.2844 3.25 3
      vertex 139.716 3.25 3
    endloop
  endfacet
  facet normal 1 -0 0
    outer loop
      vertex 146.75 10.2844 4.99
      vertex 146.75 33.7156 3
      vertex 146.75 33.7156 4.99
    endloop
  endfacet
  facet normal 1 0 0
    outer loop
      vertex 146.75 33.7156 3
      vertex 146.75 10.2844 4.99
      vertex 146.75 10.2844 3
    endloop
  endfacet
  facet normal -1 0 0
    outer loop
      vertex 144.75 11.6704 3
      vertex 144.75 32.3296 4.99
      vertex 144.75 32.3296 3
    endloop
  endfacet
  facet normal -1 -0 0
    outer loop
      vertex 144.75 32.3296 4.99
      vertex 144.75 11.6704 3
      vertex 144.75 11.6704 4.99
    endloop
  endfacet
  facet normal 0 -1 0
    outer loop
      vertex 65.6704 38.75 3
      vertex 138.33 38.75 4.99
      vertex 65.6704 38.75 4.99
    endloop
  endfacet
  facet normal 0 -1 -0
    outer loop
      vertex 138.33 38.75 4.99
      vertex 65.6704 38.75 3
      vertex 138.33 38.75 3
    endloop
  endfacet
  facet normal 1 -0 0
    outer loop
      vertex 59.25 11.6704 4.99
      vertex 59.25 32.3296 3
      vertex 59.25 32.3296 4.99
    endloop
  endfacet
  facet normal 1 0 0
    outer loop
      vertex 59.25 32.3296 3
      vertex 59.25 11.6704 4.99
      vertex 59.25 11.6704 3
    endloop
  endfacet
  facet normal 0 1 -0
    outer loop
      vertex 138.33 5.25 3
      vertex 65.6704 5.25 4.99
      vertex 138.33 5.25 4.99
    endloop
  endfacet
  facet normal 0 1 0
    outer loop
      vertex 65.6704 5.25 4.99
      vertex 138.33 5.25 3
      vertex 65.6704 5.25 3
    endloop
  endfacet
  facet normal -0.290125 0.924379 -0.24769
    outer loop
      vertex 93.5433 13.628 3
      vertex 94.0123 16.9438 14.8252
      vertex 94.0123 13.7752 3
    endloop
  endfacet
  facet normal -0.290235 0.924348 -0.247677
    outer loop
      vertex 94.0123 16.9438 14.8252
      vertex 93.5433 13.628 3
      vertex 93.5433 16.8064 14.862
    endloop
  endfacet
  facet normal -0.0981563 0.961262 -0.257567
    outer loop
      vertex 94.0123 13.7752 3
      vertex 94.5 16.9902 14.8128
      vertex 94.5 13.825 3
    endloop
  endfacet
  facet normal -0.0980051 0.961275 -0.257577
    outer loop
      vertex 94.5 16.9902 14.8128
      vertex 94.0123 13.7752 3
      vertex 94.0123 16.9438 14.8252
    endloop
  endfacet
  facet normal -0.47145 0.851843 -0.22825
    outer loop
      vertex 93.1111 13.3888 3
      vertex 93.5433 16.8064 14.862
      vertex 93.5433 13.628 3
    endloop
  endfacet
  facet normal -0.471486 0.851825 -0.228243
    outer loop
      vertex 93.5433 16.8064 14.862
      vertex 93.1111 13.3888 3
      vertex 93.1111 16.5832 14.9218
    endloop
  endfacet
  facet normal 0.881951 0.45528 -0.121993
    outer loop
      vertex 96.8097 15.4995 15.2122
      vertex 96.5787 12.6747 3
      vertex 96.5787 15.917 15.1003
    endloop
  endfacet
  facet normal 0.881958 0.455268 -0.12199
    outer loop
      vertex 96.5787 12.6747 3
      vertex 96.8097 15.4995 15.2122
      vertex 96.8097 12.2272 3
    endloop
  endfacet
  facet normal -0.634365 0.746694 -0.200074
    outer loop
      vertex 92.7322 13.0669 3
      vertex 93.1111 16.5832 14.9218
      vertex 93.1111 13.3888 3
    endloop
  endfacet
  facet normal -0.634329 0.746722 -0.200083
    outer loop
      vertex 93.1111 16.5832 14.9218
      vertex 92.7322 13.0669 3
      vertex 92.7322 16.2829 15.0023
    endloop
  endfacet
  facet normal 0.471333 -0.851903 0.228268
    outer loop
      vertex 95.4567 8.8456 3
      vertex 95.8889 12.5675 15.9978
      vertex 95.4567 12.3444 16.0576
    endloop
  endfacet
  facet normal 0.47142 -0.851859 0.228253
    outer loop
      vertex 95.8889 12.5675 15.9978
      vertex 95.4567 8.8456 3
      vertex 95.8889 9.08478 3
    endloop
  endfacet
  facet normal -0.0980195 -0.961274 0.257576
    outer loop
      vertex 94.5 8.64859 3
      vertex 94.0123 12.207 16.0944
      vertex 94.0123 8.69832 3
    endloop
  endfacet
  facet normal -0.0980574 -0.96127 0.257574
    outer loop
      vertex 94.0123 12.207 16.0944
      vertex 94.5 8.64859 3
      vertex 94.5 12.1606 16.1069
    endloop
  endfacet
  facet normal -0 0.25876 0.965942
    outer loop
      vertex 95.35 14.5754 15.4598
      vertex 97 14.5754 15.4598
      vertex 96.952 15.0465 15.3336
    endloop
  endfacet
  facet normal -3.45769e-05 0.258847 0.965918
    outer loop
      vertex 95.3084 14.8291 15.3918
      vertex 96.952 15.0465 15.3336
      vertex 96.8097 15.4995 15.2122
    endloop
  endfacet
  facet normal 0 0.258951 0.96589
    outer loop
      vertex 97 14.5754 15.4598
      vertex 95.35 14.5754 15.4598
      vertex 96.952 14.1043 15.5861
    endloop
  endfacet
  facet normal -4.29539e-05 0.258864 0.965914
    outer loop
      vertex 95.3084 14.8291 15.3918
      vertex 96.8097 15.4995 15.2122
      vertex 96.5787 15.917 15.1003
    endloop
  endfacet
  facet normal -1.7027e-05 0.258897 0.965905
    outer loop
      vertex 95.3084 14.3217 15.5278
      vertex 96.952 14.1043 15.5861
      vertex 95.35 14.5754 15.4598
    endloop
  endfacet
  facet normal 5.99707e-05 0.258762 0.965941
    outer loop
      vertex 95.1877 15.058 15.3305
      vertex 96.5787 15.917 15.1003
      vertex 96.2678 16.2829 15.0023
    endloop
  endfacet
  facet normal -4.89281e-05 0.258672 0.965965
    outer loop
      vertex 96.952 14.1043 15.5861
      vertex 95.3084 14.3217 15.5278
      vertex 96.8097 13.6513 15.7074
    endloop
  endfacet
  facet normal -6.44653e-05 0.258848 0.965918
    outer loop
      vertex 94.9996 15.2396 15.2818
      vertex 96.2678 16.2829 15.0023
      vertex 95.8889 16.5832 14.9218
    endloop
  endfacet
  facet normal 4.29539e-05 0.258864 0.965914
    outer loop
      vertex 96.8097 13.6513 15.7074
      vertex 95.3084 14.3217 15.5278
      vertex 96.5787 13.2338 15.8193
    endloop
  endfacet
  facet normal 5.85115e-06 0.258804 0.96593
    outer loop
      vertex 94.9996 15.2396 15.2818
      vertex 95.8889 16.5832 14.9218
      vertex 95.4567 16.8064 14.862
    endloop
  endfacet
  facet normal -8.25706e-05 0.258727 0.96595
    outer loop
      vertex 95.1877 14.0928 15.5891
      vertex 96.5787 13.2338 15.8193
      vertex 95.3084 14.3217 15.5278
    endloop
  endfacet
  facet normal 1.82935e-05 0.25888 0.96591
    outer loop
      vertex 96.5787 13.2338 15.8193
      vertex 95.1877 14.0928 15.5891
      vertex 96.2678 12.8678 15.9174
    endloop
  endfacet
  facet normal -4.04932e-05 0.258888 0.965907
    outer loop
      vertex 96.952 15.0465 15.3336
      vertex 95.3084 14.8291 15.3918
      vertex 95.35 14.5754 15.4598
    endloop
  endfacet
  facet normal 8.25706e-05 0.258727 0.96595
    outer loop
      vertex 96.5787 15.917 15.1003
      vertex 95.1877 15.058 15.3305
      vertex 95.3084 14.8291 15.3918
    endloop
  endfacet
  facet normal -0.000116642 0.258907 0.965902
    outer loop
      vertex 96.2678 16.2829 15.0023
      vertex 94.9996 15.2396 15.2818
      vertex 95.1877 15.058 15.3305
    endloop
  endfacet
  facet normal 3.27332e-05 0.258817 0.965926
    outer loop
      vertex 94.7627 15.3562 15.2506
      vertex 95.4567 16.8064 14.862
      vertex 94.9877 16.9438 14.8252
    endloop
  endfacet
  facet normal 0.000146823 0.258766 0.96594
    outer loop
      vertex 95.4567 16.8064 14.862
      vertex 94.7627 15.3562 15.2506
      vertex 94.9996 15.2396 15.2818
    endloop
  endfacet
  facet normal 6.17366e-05 0.258787 0.965935
    outer loop
      vertex 94.5 15.3964 15.2398
      vertex 94.9877 16.9438 14.8252
      vertex 94.5 16.9902 14.8128
    endloop
  endfacet
  facet normal -0.000102008 0.258835 0.965922
    outer loop
      vertex 94.9877 16.9438 14.8252
      vertex 94.5 15.3964 15.2398
      vertex 94.7627 15.3562 15.2506
    endloop
  endfacet
  facet normal -6.17366e-05 0.258787 0.965935
    outer loop
      vertex 94.0123 16.9438 14.8252
      vertex 94.5 15.3964 15.2398
      vertex 94.5 16.9902 14.8128
    endloop
  endfacet
  facet normal 0.000102008 0.258835 0.965922
    outer loop
      vertex 94.5 15.3964 15.2398
      vertex 94.0123 16.9438 14.8252
      vertex 94.2373 15.3562 15.2506
    endloop
  endfacet
  facet normal -3.27332e-05 0.258817 0.965926
    outer loop
      vertex 93.5433 16.8064 14.862
      vertex 94.2373 15.3562 15.2506
      vertex 94.0123 16.9438 14.8252
    endloop
  endfacet
  facet normal -0.000146823 0.258766 0.96594
    outer loop
      vertex 94.2373 15.3562 15.2506
      vertex 93.5433 16.8064 14.862
      vertex 94.0004 15.2396 15.2818
    endloop
  endfacet
  facet normal -5.85115e-06 0.258804 0.96593
    outer loop
      vertex 93.1111 16.5832 14.9218
      vertex 94.0004 15.2396 15.2818
      vertex 93.5433 16.8064 14.862
    endloop
  endfacet
  facet normal 6.44653e-05 0.258848 0.965918
    outer loop
      vertex 92.7322 16.2829 15.0023
      vertex 94.0004 15.2396 15.2818
      vertex 93.1111 16.5832 14.9218
    endloop
  endfacet
  facet normal 0.000116642 0.258907 0.965902
    outer loop
      vertex 94.0004 15.2396 15.2818
      vertex 92.7322 16.2829 15.0023
      vertex 93.8123 15.058 15.3305
    endloop
  endfacet
  facet normal 1.22019e-05 0.258875 0.965911
    outer loop
      vertex 94.9996 13.9111 15.6378
      vertex 96.2678 12.8678 15.9174
      vertex 95.1877 14.0928 15.5891
    endloop
  endfacet
  facet normal -0.000102749 0.258745 0.965946
    outer loop
      vertex 96.2678 12.8678 15.9174
      vertex 94.9996 13.9111 15.6378
      vertex 95.8889 12.5675 15.9978
    endloop
  endfacet
  facet normal 3.87804e-05 0.258832 0.965922
    outer loop
      vertex 95.8889 12.5675 15.9978
      vertex 94.9996 13.9111 15.6378
      vertex 95.4567 12.3444 16.0576
    endloop
  endfacet
  facet normal 0.000202604 0.258876 0.96591
    outer loop
      vertex 94.7627 13.7945 15.6691
      vertex 95.4567 12.3444 16.0576
      vertex 94.9996 13.9111 15.6378
    endloop
  endfacet
  facet normal -2.02043e-05 0.258777 0.965937
    outer loop
      vertex 95.4567 12.3444 16.0576
      vertex 94.7627 13.7945 15.6691
      vertex 94.9877 12.207 16.0944
    endloop
  endfacet
  facet normal -0.000251211 0.258746 0.965945
    outer loop
      vertex 94.5 13.7543 15.6798
      vertex 94.9877 12.207 16.0944
      vertex 94.7627 13.7945 15.6691
    endloop
  endfacet
  facet normal 0.000129009 0.258858 0.965915
    outer loop
      vertex 94.5 13.7543 15.6798
      vertex 94.5 12.1606 16.1069
      vertex 94.9877 12.207 16.0944
    endloop
  endfacet
  facet normal 0.000251211 0.258746 0.965945
    outer loop
      vertex 94.0123 12.207 16.0944
      vertex 94.5 13.7543 15.6798
      vertex 94.2373 13.7945 15.6691
    endloop
  endfacet
  facet normal -0.000129009 0.258858 0.965915
    outer loop
      vertex 94.5 13.7543 15.6798
      vertex 94.0123 12.207 16.0944
      vertex 94.5 12.1606 16.1069
    endloop
  endfacet
  facet normal -0.000202604 0.258876 0.96591
    outer loop
      vertex 93.5433 12.3444 16.0576
      vertex 94.2373 13.7945 15.6691
      vertex 94.0004 13.9111 15.6378
    endloop
  endfacet
  facet normal -1.22019e-05 0.258875 0.965911
    outer loop
      vertex 92.7322 12.8678 15.9174
      vertex 94.0004 13.9111 15.6378
      vertex 93.8123 14.0928 15.5891
    endloop
  endfacet
  facet normal 8.25706e-05 0.258727 0.96595
    outer loop
      vertex 92.4213 13.2338 15.8193
      vertex 93.8123 14.0928 15.5891
      vertex 93.6916 14.3217 15.5278
    endloop
  endfacet
  facet normal 1.7027e-05 0.258897 0.965905
    outer loop
      vertex 92.048 14.1043 15.5861
      vertex 93.6916 14.3217 15.5278
      vertex 93.65 14.5754 15.4598
    endloop
  endfacet
  facet normal 2.02043e-05 0.258777 0.965937
    outer loop
      vertex 94.2373 13.7945 15.6691
      vertex 93.5433 12.3444 16.0576
      vertex 94.0123 12.207 16.0944
    endloop
  endfacet
  facet normal -5.99707e-05 0.258762 0.965941
    outer loop
      vertex 92.4213 15.917 15.1003
      vertex 93.8123 15.058 15.3305
      vertex 92.7322 16.2829 15.0023
    endloop
  endfacet
  facet normal -8.25706e-05 0.258727 0.96595
    outer loop
      vertex 93.8123 15.058 15.3305
      vertex 92.4213 15.917 15.1003
      vertex 93.6916 14.8291 15.3918
    endloop
  endfacet
  facet normal -3.87804e-05 0.258832 0.965922
    outer loop
      vertex 94.0004 13.9111 15.6378
      vertex 93.1111 12.5675 15.9978
      vertex 93.5433 12.3444 16.0576
    endloop
  endfacet
  facet normal 4.29539e-05 0.258864 0.965914
    outer loop
      vertex 92.1903 15.4995 15.2122
      vertex 93.6916 14.8291 15.3918
      vertex 92.4213 15.917 15.1003
    endloop
  endfacet
  facet normal 0.000102749 0.258745 0.965946
    outer loop
      vertex 94.0004 13.9111 15.6378
      vertex 92.7322 12.8678 15.9174
      vertex 93.1111 12.5675 15.9978
    endloop
  endfacet
  facet normal 3.45769e-05 0.258847 0.965918
    outer loop
      vertex 92.048 15.0465 15.3336
      vertex 93.6916 14.8291 15.3918
      vertex 92.1903 15.4995 15.2122
    endloop
  endfacet
  facet normal -1.82935e-05 0.25888 0.96591
    outer loop
      vertex 93.8123 14.0928 15.5891
      vertex 92.4213 13.2338 15.8193
      vertex 92.7322 12.8678 15.9174
    endloop
  endfacet
  facet normal 4.04932e-05 0.258888 0.965907
    outer loop
      vertex 93.6916 14.8291 15.3918
      vertex 92.048 15.0465 15.3336
      vertex 93.65 14.5754 15.4598
    endloop
  endfacet
  facet normal -4.29539e-05 0.258864 0.965914
    outer loop
      vertex 93.6916 14.3217 15.5278
      vertex 92.1903 13.6513 15.7074
      vertex 92.4213 13.2338 15.8193
    endloop
  endfacet
  facet normal -0 0.25876 0.965942
    outer loop
      vertex 92 14.5754 15.4598
      vertex 93.65 14.5754 15.4598
      vertex 92.048 15.0465 15.3336
    endloop
  endfacet
  facet normal 4.89281e-05 0.258672 0.965965
    outer loop
      vertex 93.6916 14.3217 15.5278
      vertex 92.048 14.1043 15.5861
      vertex 92.1903 13.6513 15.7074
    endloop
  endfacet
  facet normal 0 0.258951 0.96589
    outer loop
      vertex 93.65 14.5754 15.4598
      vertex 92 14.5754 15.4598
      vertex 92.048 14.1043 15.5861
    endloop
  endfacet
  facet normal -0.881951 0.45528 -0.121993
    outer loop
      vertex 92.4213 12.6747 3
      vertex 92.1903 15.4995 15.2122
      vertex 92.4213 15.917 15.1003
    endloop
  endfacet
  facet normal -0.881958 0.455268 -0.12199
    outer loop
      vertex 92.1903 15.4995 15.2122
      vertex 92.4213 12.6747 3
      vertex 92.1903 12.2272 3
    endloop
  endfacet
  facet normal -0.995192 0.0946083 -0.0253504
    outer loop
      vertex 92.048 11.7417 3
      vertex 92 14.5754 15.4598
      vertex 92.048 15.0465 15.3336
    endloop
  endfacet
  facet normal -0.995191 0.0946112 -0.025351
    outer loop
      vertex 92 14.5754 15.4598
      vertex 92.048 11.7417 3
      vertex 92 11.2368 3
    endloop
  endfacet
  facet normal -0.29027 -0.924337 0.247677
    outer loop
      vertex 94.0123 8.69832 3
      vertex 93.5433 12.3444 16.0576
      vertex 93.5433 8.8456 3
    endloop
  endfacet
  facet normal -0.290235 -0.924347 0.247681
    outer loop
      vertex 93.5433 12.3444 16.0576
      vertex 94.0123 8.69832 3
      vertex 94.0123 12.207 16.0944
    endloop
  endfacet
  facet normal 0.772981 0.612812 -0.164202
    outer loop
      vertex 96.5787 15.917 15.1003
      vertex 96.2678 13.0669 3
      vertex 96.2678 16.2829 15.0023
    endloop
  endfacet
  facet normal 0.773013 0.612773 -0.164194
    outer loop
      vertex 96.2678 13.0669 3
      vertex 96.5787 15.917 15.1003
      vertex 96.5787 12.6747 3
    endloop
  endfacet
  facet normal -0.63433 -0.746722 0.20008
    outer loop
      vertex 93.1111 9.08478 3
      vertex 92.7322 12.8678 15.9174
      vertex 92.7322 9.40665 3
    endloop
  endfacet
  facet normal -0.634297 -0.746747 0.200089
    outer loop
      vertex 92.7322 12.8678 15.9174
      vertex 93.1111 9.08478 3
      vertex 93.1111 12.5675 15.9978
    endloop
  endfacet
  facet normal 0.290235 -0.924347 0.247681
    outer loop
      vertex 94.9877 8.69832 3
      vertex 95.4567 12.3444 16.0576
      vertex 94.9877 12.207 16.0944
    endloop
  endfacet
  facet normal 0.29027 -0.924337 0.247677
    outer loop
      vertex 95.4567 12.3444 16.0576
      vertex 94.9877 8.69832 3
      vertex 95.4567 8.8456 3
    endloop
  endfacet
  facet normal 0.290235 0.924348 -0.247677
    outer loop
      vertex 95.4567 13.628 3
      vertex 94.9877 16.9438 14.8252
      vertex 95.4567 16.8064 14.862
    endloop
  endfacet
  facet normal 0.290125 0.924379 -0.24769
    outer loop
      vertex 94.9877 16.9438 14.8252
      vertex 95.4567 13.628 3
      vertex 94.9877 13.7752 3
    endloop
  endfacet
  facet normal 0.0980051 0.961275 -0.257577
    outer loop
      vertex 94.9877 13.7752 3
      vertex 94.5 16.9902 14.8128
      vertex 94.9877 16.9438 14.8252
    endloop
  endfacet
  facet normal 0.0981563 0.961262 -0.257567
    outer loop
      vertex 94.5 16.9902 14.8128
      vertex 94.9877 13.7752 3
      vertex 94.5 13.825 3
    endloop
  endfacet
  facet normal -0.773081 -0.612693 0.164172
    outer loop
      vertex 92.4213 9.79886 3
      vertex 92.7322 12.8678 15.9174
      vertex 92.4213 13.2338 15.8193
    endloop
  endfacet
  facet normal -0.773021 -0.612765 0.164187
    outer loop
      vertex 92.7322 12.8678 15.9174
      vertex 92.4213 9.79886 3
      vertex 92.7322 9.40665 3
    endloop
  endfacet
  facet normal -0.956916 -0.28047 0.0751532
    outer loop
      vertex 92.048 10.7318 3
      vertex 92.1903 13.6513 15.7074
      vertex 92.048 14.1043 15.5861
    endloop
  endfacet
  facet normal -0.956916 -0.280472 0.0751536
    outer loop
      vertex 92.1903 13.6513 15.7074
      vertex 92.048 10.7318 3
      vertex 92.1903 10.2463 3
    endloop
  endfacet
  facet normal -0.881951 -0.45528 0.121994
    outer loop
      vertex 92.1903 10.2463 3
      vertex 92.4213 13.2338 15.8193
      vertex 92.1903 13.6513 15.7074
    endloop
  endfacet
  facet normal -0.881932 -0.455315 0.122002
    outer loop
      vertex 92.4213 13.2338 15.8193
      vertex 92.1903 10.2463 3
      vertex 92.4213 9.79886 3
    endloop
  endfacet
  facet normal 0.773081 -0.612693 0.164172
    outer loop
      vertex 96.2678 12.8678 15.9174
      vertex 96.5787 9.79886 3
      vertex 96.5787 13.2338 15.8193
    endloop
  endfacet
  facet normal 0.773021 -0.612765 0.164187
    outer loop
      vertex 96.5787 9.79886 3
      vertex 96.2678 12.8678 15.9174
      vertex 96.2678 9.40665 3
    endloop
  endfacet
  facet normal 0.471486 0.851825 -0.228243
    outer loop
      vertex 95.8889 13.3888 3
      vertex 95.4567 16.8064 14.862
      vertex 95.8889 16.5832 14.9218
    endloop
  endfacet
  facet normal 0.47145 0.851843 -0.22825
    outer loop
      vertex 95.4567 16.8064 14.862
      vertex 95.8889 13.3888 3
      vertex 95.4567 13.628 3
    endloop
  endfacet
  facet normal 0.634329 0.746722 -0.200083
    outer loop
      vertex 96.2678 13.0669 3
      vertex 95.8889 16.5832 14.9218
      vertex 96.2678 16.2829 15.0023
    endloop
  endfacet
  facet normal 0.634365 0.746694 -0.200074
    outer loop
      vertex 95.8889 16.5832 14.9218
      vertex 96.2678 13.0669 3
      vertex 95.8889 13.3888 3
    endloop
  endfacet
  facet normal -0.47142 -0.851859 0.228253
    outer loop
      vertex 93.5433 8.8456 3
      vertex 93.1111 12.5675 15.9978
      vertex 93.1111 9.08478 3
    endloop
  endfacet
  facet normal -0.471333 -0.851903 0.228268
    outer loop
      vertex 93.1111 12.5675 15.9978
      vertex 93.5433 8.8456 3
      vertex 93.5433 12.3444 16.0576
    endloop
  endfacet
  facet normal 0.956921 0.280456 -0.0751492
    outer loop
      vertex 96.952 15.0465 15.3336
      vertex 96.8097 12.2272 3
      vertex 96.8097 15.4995 15.2122
    endloop
  endfacet
  facet normal 0.956916 0.280472 -0.0751527
    outer loop
      vertex 96.8097 12.2272 3
      vertex 96.952 15.0465 15.3336
      vertex 96.952 11.7417 3
    endloop
  endfacet
  facet normal 0.956916 -0.28047 0.0751532
    outer loop
      vertex 96.8097 13.6513 15.7074
      vertex 96.952 10.7318 3
      vertex 96.952 14.1043 15.5861
    endloop
  endfacet
  facet normal 0.956916 -0.280472 0.0751536
    outer loop
      vertex 96.952 10.7318 3
      vertex 96.8097 13.6513 15.7074
      vertex 96.8097 10.2463 3
    endloop
  endfacet
  facet normal -0.772981 0.612812 -0.164202
    outer loop
      vertex 92.7322 13.0669 3
      vertex 92.4213 15.917 15.1003
      vertex 92.7322 16.2829 15.0023
    endloop
  endfacet
  facet normal -0.773013 0.612773 -0.164194
    outer loop
      vertex 92.4213 15.917 15.1003
      vertex 92.7322 13.0669 3
      vertex 92.4213 12.6747 3
    endloop
  endfacet
  facet normal -0.995192 -0.0946034 0.025349
    outer loop
      vertex 92 11.2368 3
      vertex 92.048 14.1043 15.5861
      vertex 92 14.5754 15.4598
    endloop
  endfacet
  facet normal -0.995193 -0.0945926 0.0253465
    outer loop
      vertex 92.048 14.1043 15.5861
      vertex 92 11.2368 3
      vertex 92.048 10.7318 3
    endloop
  endfacet
  facet normal 0.995192 0.0946083 -0.0253504
    outer loop
      vertex 97 14.5754 15.4598
      vertex 96.952 11.7417 3
      vertex 96.952 15.0465 15.3336
    endloop
  endfacet
  facet normal 0.995191 0.0946112 -0.025351
    outer loop
      vertex 96.952 11.7417 3
      vertex 97 14.5754 15.4598
      vertex 97 11.2368 3
    endloop
  endfacet
  facet normal 0.634297 -0.746747 0.200089
    outer loop
      vertex 95.8889 9.08478 3
      vertex 96.2678 12.8678 15.9174
      vertex 95.8889 12.5675 15.9978
    endloop
  endfacet
  facet normal 0.63433 -0.746722 0.20008
    outer loop
      vertex 96.2678 12.8678 15.9174
      vertex 95.8889 9.08478 3
      vertex 96.2678 9.40665 3
    endloop
  endfacet
  facet normal -0.956921 0.280456 -0.0751492
    outer loop
      vertex 92.1903 12.2272 3
      vertex 92.048 15.0465 15.3336
      vertex 92.1903 15.4995 15.2122
    endloop
  endfacet
  facet normal -0.956916 0.280472 -0.0751527
    outer loop
      vertex 92.048 15.0465 15.3336
      vertex 92.1903 12.2272 3
      vertex 92.048 11.7417 3
    endloop
  endfacet
  facet normal 0.0980574 -0.96127 0.257574
    outer loop
      vertex 94.5 8.64859 3
      vertex 94.9877 12.207 16.0944
      vertex 94.5 12.1606 16.1069
    endloop
  endfacet
  facet normal 0.0980195 -0.961274 0.257576
    outer loop
      vertex 94.9877 12.207 16.0944
      vertex 94.5 8.64859 3
      vertex 94.9877 8.69832 3
    endloop
  endfacet
  facet normal 0.995192 -0.0946034 0.025349
    outer loop
      vertex 96.952 14.1043 15.5861
      vertex 97 11.2368 3
      vertex 97 14.5754 15.4598
    endloop
  endfacet
  facet normal 0.995193 -0.0945926 0.0253465
    outer loop
      vertex 97 11.2368 3
      vertex 96.952 14.1043 15.5861
      vertex 96.952 10.7318 3
    endloop
  endfacet
  facet normal 0.881951 -0.45528 0.121994
    outer loop
      vertex 96.5787 13.2338 15.8193
      vertex 96.8097 10.2463 3
      vertex 96.8097 13.6513 15.7074
    endloop
  endfacet
  facet normal 0.881932 -0.455315 0.122002
    outer loop
      vertex 96.8097 10.2463 3
      vertex 96.5787 13.2338 15.8193
      vertex 96.5787 9.79886 3
    endloop
  endfacet
  facet normal 0.95692 0.280459 -0.0751491
    outer loop
      vertex 96.952 35.3309 9.89839
      vertex 96.8097 33.968 3
      vertex 96.8097 35.7839 9.77701
    endloop
  endfacet
  facet normal 0.956916 0.280472 -0.0751515
    outer loop
      vertex 96.8097 33.968 3
      vertex 96.952 35.3309 9.89839
      vertex 96.952 33.4825 3
    endloop
  endfacet
  facet normal -0.290125 0.92438 -0.247687
    outer loop
      vertex 93.5433 35.3688 3
      vertex 94.0123 37.2282 9.39001
      vertex 94.0123 35.516 3
    endloop
  endfacet
  facet normal -0.290244 0.924348 -0.247669
    outer loop
      vertex 94.0123 37.2282 9.39001
      vertex 93.5433 35.3688 3
      vertex 93.5433 37.0908 9.42683
    endloop
  endfacet
  facet normal -0.0981565 0.961264 -0.25756
    outer loop
      vertex 94.0123 35.516 3
      vertex 94.5 37.2746 9.37757
      vertex 94.5 35.5658 3
    endloop
  endfacet
  facet normal -0.0980261 0.961274 -0.257573
    outer loop
      vertex 94.5 37.2746 9.37757
      vertex 94.0123 35.516 3
      vertex 94.0123 37.2282 9.39001
    endloop
  endfacet
  facet normal -0.471451 0.851845 -0.228243
    outer loop
      vertex 93.1111 35.1296 3
      vertex 93.5433 37.0908 9.42683
      vertex 93.5433 35.3688 3
    endloop
  endfacet
  facet normal -0.471329 0.851905 -0.228269
    outer loop
      vertex 93.5433 37.0908 9.42683
      vertex 93.1111 35.1296 3
      vertex 93.1111 36.8677 9.48662
    endloop
  endfacet
  facet normal 0.471486 -0.851825 0.228244
    outer loop
      vertex 95.4567 30.5864 3
      vertex 95.8889 32.852 10.5626
      vertex 95.4567 32.6288 10.6224
    endloop
  endfacet
  facet normal 0.47145 -0.851843 0.228251
    outer loop
      vertex 95.8889 32.852 10.5626
      vertex 95.4567 30.5864 3
      vertex 95.8889 30.8256 3
    endloop
  endfacet
  facet normal -0.95692 0.280459 -0.0751491
    outer loop
      vertex 92.1903 33.968 3
      vertex 92.048 35.3309 9.89839
      vertex 92.1903 35.7839 9.77701
    endloop
  endfacet
  facet normal -0.956916 0.280472 -0.0751515
    outer loop
      vertex 92.048 35.3309 9.89839
      vertex 92.1903 33.968 3
      vertex 92.048 33.4825 3
    endloop
  endfacet
  facet normal -0.995192 -0.0946035 0.0253485
    outer loop
      vertex 92 32.9776 3
      vertex 92.048 34.3887 10.1509
      vertex 92 34.8598 10.0246
    endloop
  endfacet
  facet normal -0.995193 -0.0945926 0.0253463
    outer loop
      vertex 92.048 34.3887 10.1509
      vertex 92 32.9776 3
      vertex 92.048 32.4726 3
    endloop
  endfacet
  facet normal 0.881951 -0.45528 0.121993
    outer loop
      vertex 96.5787 33.5182 10.3841
      vertex 96.8097 31.9871 3
      vertex 96.8097 33.9357 10.2722
    endloop
  endfacet
  facet normal 0.881915 -0.455347 0.122006
    outer loop
      vertex 96.8097 31.9871 3
      vertex 96.5787 33.5182 10.3841
      vertex 96.5787 31.5397 3
    endloop
  endfacet
  facet normal -0.881951 -0.45528 0.121993
    outer loop
      vertex 92.1903 31.9871 3
      vertex 92.4213 33.5182 10.3841
      vertex 92.1903 33.9357 10.2722
    endloop
  endfacet
  facet normal -0.881915 -0.455347 0.122006
    outer loop
      vertex 92.4213 33.5182 10.3841
      vertex 92.1903 31.9871 3
      vertex 92.4213 31.5397 3
    endloop
  endfacet
  facet normal 0.881947 0.455287 -0.121993
    outer loop
      vertex 96.8097 35.7839 9.77701
      vertex 96.5787 34.4155 3
      vertex 96.5787 36.2014 9.66514
    endloop
  endfacet
  facet normal 0.881958 0.455268 -0.121989
    outer loop
      vertex 96.5787 34.4155 3
      vertex 96.8097 35.7839 9.77701
      vertex 96.8097 33.968 3
    endloop
  endfacet
  facet normal -0.634365 -0.746694 0.200071
    outer loop
      vertex 93.1111 30.8256 3
      vertex 92.7322 33.1523 10.4822
      vertex 92.7322 31.1475 3
    endloop
  endfacet
  facet normal -0.634297 -0.746747 0.200091
    outer loop
      vertex 92.7322 33.1523 10.4822
      vertex 93.1111 30.8256 3
      vertex 93.1111 32.852 10.5626
    endloop
  endfacet
  facet normal -0.634364 0.746693 -0.200078
    outer loop
      vertex 92.7322 34.8077 3
      vertex 93.1111 36.8677 9.48662
      vertex 93.1111 35.1296 3
    endloop
  endfacet
  facet normal -0.63432 0.746728 -0.200091
    outer loop
      vertex 93.1111 36.8677 9.48662
      vertex 92.7322 34.8077 3
      vertex 92.7322 36.5674 9.56709
    endloop
  endfacet
  facet normal 0.63432 0.746728 -0.200091
    outer loop
      vertex 96.2678 34.8077 3
      vertex 95.8889 36.8677 9.48662
      vertex 96.2678 36.5674 9.56709
    endloop
  endfacet
  facet normal 0.634364 0.746693 -0.200078
    outer loop
      vertex 95.8889 36.8677 9.48662
      vertex 96.2678 34.8077 3
      vertex 95.8889 35.1296 3
    endloop
  endfacet
  facet normal -0.956916 -0.28047 0.0751527
    outer loop
      vertex 92.048 32.4726 3
      vertex 92.1903 33.9357 10.2722
      vertex 92.048 34.3887 10.1509
    endloop
  endfacet
  facet normal -0.956916 -0.280472 0.075153
    outer loop
      vertex 92.1903 33.9357 10.2722
      vertex 92.048 32.4726 3
      vertex 92.1903 31.9871 3
    endloop
  endfacet
  facet normal 0.773071 0.612705 -0.164179
    outer loop
      vertex 96.5787 36.2014 9.66514
      vertex 96.2678 34.8077 3
      vertex 96.2678 36.5674 9.56709
    endloop
  endfacet
  facet normal 0.773013 0.612774 -0.164191
    outer loop
      vertex 96.2678 34.8077 3
      vertex 96.5787 36.2014 9.66514
      vertex 96.5787 34.4155 3
    endloop
  endfacet
  facet normal 0.0980261 0.961274 -0.257573
    outer loop
      vertex 94.9877 35.516 3
      vertex 94.5 37.2746 9.37757
      vertex 94.9877 37.2282 9.39001
    endloop
  endfacet
  facet normal 0.0981565 0.961264 -0.25756
    outer loop
      vertex 94.5 37.2746 9.37757
      vertex 94.9877 35.516 3
      vertex 94.5 35.5658 3
    endloop
  endfacet
  facet normal 0.956916 -0.28047 0.0751527
    outer loop
      vertex 96.8097 33.9357 10.2722
      vertex 96.952 32.4726 3
      vertex 96.952 34.3887 10.1509
    endloop
  endfacet
  facet normal 0.956916 -0.280472 0.075153
    outer loop
      vertex 96.952 32.4726 3
      vertex 96.8097 33.9357 10.2722
      vertex 96.8097 31.9871 3
    endloop
  endfacet
  facet normal -0 0.258779 0.965937
    outer loop
      vertex 95.35 34.8598 10.0246
      vertex 97 34.8598 10.0246
      vertex 96.952 35.3309 9.89839
    endloop
  endfacet
  facet normal -9.49128e-07 0.258817 0.965926
    outer loop
      vertex 95.3084 35.1135 9.95664
      vertex 96.952 35.3309 9.89839
      vertex 96.8097 35.7839 9.77701
    endloop
  endfacet
  facet normal 0 0.258951 0.96589
    outer loop
      vertex 97 34.8598 10.0246
      vertex 95.35 34.8598 10.0246
      vertex 96.952 34.3887 10.1509
    endloop
  endfacet
  facet normal -2.62348e-06 0.25882 0.965925
    outer loop
      vertex 95.3084 35.1135 9.95664
      vertex 96.8097 35.7839 9.77701
      vertex 96.5787 36.2014 9.66514
    endloop
  endfacet
  facet normal -1.7027e-05 0.258897 0.965905
    outer loop
      vertex 95.3084 34.6061 10.0926
      vertex 96.952 34.3887 10.1509
      vertex 95.35 34.8598 10.0246
    endloop
  endfacet
  facet normal 2.14923e-05 0.258788 0.965934
    outer loop
      vertex 95.1877 35.3424 9.89531
      vertex 96.5787 36.2014 9.66514
      vertex 96.2678 36.5674 9.56709
    endloop
  endfacet
  facet normal -4.89281e-05 0.258672 0.965965
    outer loop
      vertex 96.952 34.3887 10.1509
      vertex 95.3084 34.6061 10.0926
      vertex 96.8097 33.9357 10.2722
    endloop
  endfacet
  facet normal -6.82739e-06 0.258826 0.965924
    outer loop
      vertex 94.9996 35.5241 9.84664
      vertex 96.2678 36.5674 9.56709
      vertex 95.8889 36.8677 9.48662
    endloop
  endfacet
  facet normal 4.29539e-05 0.258864 0.965914
    outer loop
      vertex 96.8097 33.9357 10.2722
      vertex 95.3084 34.6061 10.0926
      vertex 96.5787 33.5182 10.3841
    endloop
  endfacet
  facet normal -1.65908e-05 0.258832 0.965922
    outer loop
      vertex 94.9996 35.5241 9.84664
      vertex 95.8889 36.8677 9.48662
      vertex 95.4567 37.0908 9.42683
    endloop
  endfacet
  facet normal -8.25706e-05 0.258727 0.96595
    outer loop
      vertex 95.1877 34.3772 10.1539
      vertex 96.5787 33.5182 10.3841
      vertex 95.3084 34.6061 10.0926
    endloop
  endfacet
  facet normal 4.69488e-05 0.258923 0.965898
    outer loop
      vertex 96.5787 33.5182 10.3841
      vertex 95.1877 34.3772 10.1539
      vertex 96.2678 33.1523 10.4822
    endloop
  endfacet
  facet normal 7.9833e-06 0.258754 0.965943
    outer loop
      vertex 96.952 35.3309 9.89839
      vertex 95.3084 35.1135 9.95664
      vertex 95.35 34.8598 10.0246
    endloop
  endfacet
  facet normal 7.87927e-06 0.258809 0.965929
    outer loop
      vertex 96.5787 36.2014 9.66514
      vertex 95.1877 35.3424 9.89531
      vertex 95.3084 35.1135 9.95664
    endloop
  endfacet
  facet normal 3.80872e-05 0.258775 0.965938
    outer loop
      vertex 96.2678 36.5674 9.56709
      vertex 94.9996 35.5241 9.84664
      vertex 95.1877 35.3424 9.89531
    endloop
  endfacet
  facet normal -5.65265e-06 0.258826 0.965924
    outer loop
      vertex 94.7627 35.6407 9.81539
      vertex 95.4567 37.0908 9.42683
      vertex 94.9877 37.2282 9.39001
    endloop
  endfacet
  facet normal -2.16852e-05 0.258833 0.965922
    outer loop
      vertex 95.4567 37.0908 9.42683
      vertex 94.7627 35.6407 9.81539
      vertex 94.9996 35.5241 9.84664
    endloop
  endfacet
  facet normal -1.24821e-05 0.258836 0.965921
    outer loop
      vertex 94.5 35.6809 9.80463
      vertex 94.9877 37.2282 9.39001
      vertex 94.5 37.2746 9.37757
    endloop
  endfacet
  facet normal 4.25652e-05 0.258819 0.965926
    outer loop
      vertex 94.9877 37.2282 9.39001
      vertex 94.5 35.6809 9.80463
      vertex 94.7627 35.6407 9.81539
    endloop
  endfacet
  facet normal 1.24821e-05 0.258836 0.965921
    outer loop
      vertex 94.0123 37.2282 9.39001
      vertex 94.5 35.6809 9.80463
      vertex 94.5 37.2746 9.37757
    endloop
  endfacet
  facet normal -4.25652e-05 0.258819 0.965926
    outer loop
      vertex 94.5 35.6809 9.80463
      vertex 94.0123 37.2282 9.39001
      vertex 94.2373 35.6407 9.81539
    endloop
  endfacet
  facet normal 5.65265e-06 0.258826 0.965924
    outer loop
      vertex 93.5433 37.0908 9.42683
      vertex 94.2373 35.6407 9.81539
      vertex 94.0123 37.2282 9.39001
    endloop
  endfacet
  facet normal 2.16852e-05 0.258833 0.965922
    outer loop
      vertex 94.2373 35.6407 9.81539
      vertex 93.5433 37.0908 9.42683
      vertex 94.0004 35.5241 9.84664
    endloop
  endfacet
  facet normal 1.65908e-05 0.258832 0.965922
    outer loop
      vertex 93.1111 36.8677 9.48662
      vertex 94.0004 35.5241 9.84664
      vertex 93.5433 37.0908 9.42683
    endloop
  endfacet
  facet normal 6.82739e-06 0.258826 0.965924
    outer loop
      vertex 92.7322 36.5674 9.56709
      vertex 94.0004 35.5241 9.84664
      vertex 93.1111 36.8677 9.48662
    endloop
  endfacet
  facet normal -3.80872e-05 0.258775 0.965938
    outer loop
      vertex 94.0004 35.5241 9.84664
      vertex 92.7322 36.5674 9.56709
      vertex 93.8123 35.3424 9.89531
    endloop
  endfacet
  facet normal 7.55187e-05 0.258947 0.965892
    outer loop
      vertex 94.9996 34.1956 10.2026
      vertex 96.2678 33.1523 10.4822
      vertex 95.1877 34.3772 10.1539
    endloop
  endfacet
  facet normal -0.000102749 0.258745 0.965946
    outer loop
      vertex 96.2678 33.1523 10.4822
      vertex 94.9996 34.1956 10.2026
      vertex 95.8889 32.852 10.5626
    endloop
  endfacet
  facet normal -5.85115e-06 0.258804 0.96593
    outer loop
      vertex 95.8889 32.852 10.5626
      vertex 94.9996 34.1956 10.2026
      vertex 95.4567 32.6288 10.6224
    endloop
  endfacet
  facet normal 0.000209716 0.258863 0.965914
    outer loop
      vertex 94.7627 34.079 10.2339
      vertex 95.4567 32.6288 10.6224
      vertex 94.9996 34.1956 10.2026
    endloop
  endfacet
  facet normal -1.56195e-05 0.258762 0.965941
    outer loop
      vertex 95.4567 32.6288 10.6224
      vertex 94.7627 34.079 10.2339
      vertex 94.9877 32.4914 10.6592
    endloop
  endfacet
  facet normal -0.000248771 0.258732 0.965949
    outer loop
      vertex 94.5 34.0388 10.2446
      vertex 94.9877 32.4914 10.6592
      vertex 94.7627 34.079 10.2339
    endloop
  endfacet
  facet normal 0.000130554 0.258843 0.965919
    outer loop
      vertex 94.5 34.0388 10.2446
      vertex 94.5 32.445 10.6717
      vertex 94.9877 32.4914 10.6592
    endloop
  endfacet
  facet normal 0.000248771 0.258732 0.965949
    outer loop
      vertex 94.0123 32.4914 10.6592
      vertex 94.5 34.0388 10.2446
      vertex 94.2373 34.079 10.2339
    endloop
  endfacet
  facet normal -0.000130554 0.258843 0.965919
    outer loop
      vertex 94.5 34.0388 10.2446
      vertex 94.0123 32.4914 10.6592
      vertex 94.5 32.445 10.6717
    endloop
  endfacet
  facet normal -0.000209716 0.258863 0.965914
    outer loop
      vertex 93.5433 32.6288 10.6224
      vertex 94.2373 34.079 10.2339
      vertex 94.0004 34.1956 10.2026
    endloop
  endfacet
  facet normal -7.55187e-05 0.258947 0.965892
    outer loop
      vertex 92.7322 33.1523 10.4822
      vertex 94.0004 34.1956 10.2026
      vertex 93.8123 34.3772 10.1539
    endloop
  endfacet
  facet normal 8.25706e-05 0.258727 0.96595
    outer loop
      vertex 92.4213 33.5182 10.3841
      vertex 93.8123 34.3772 10.1539
      vertex 93.6916 34.6061 10.0926
    endloop
  endfacet
  facet normal 1.7027e-05 0.258897 0.965905
    outer loop
      vertex 92.048 34.3887 10.1509
      vertex 93.6916 34.6061 10.0926
      vertex 93.65 34.8598 10.0246
    endloop
  endfacet
  facet normal 1.56195e-05 0.258762 0.965941
    outer loop
      vertex 94.2373 34.079 10.2339
      vertex 93.5433 32.6288 10.6224
      vertex 94.0123 32.4914 10.6592
    endloop
  endfacet
  facet normal -2.14923e-05 0.258788 0.965934
    outer loop
      vertex 92.4213 36.2014 9.66514
      vertex 93.8123 35.3424 9.89531
      vertex 92.7322 36.5674 9.56709
    endloop
  endfacet
  facet normal -7.87927e-06 0.258809 0.965929
    outer loop
      vertex 93.8123 35.3424 9.89531
      vertex 92.4213 36.2014 9.66514
      vertex 93.6916 35.1135 9.95664
    endloop
  endfacet
  facet normal 5.85115e-06 0.258804 0.96593
    outer loop
      vertex 94.0004 34.1956 10.2026
      vertex 93.1111 32.852 10.5626
      vertex 93.5433 32.6288 10.6224
    endloop
  endfacet
  facet normal 2.62348e-06 0.25882 0.965925
    outer loop
      vertex 92.1903 35.7839 9.77701
      vertex 93.6916 35.1135 9.95664
      vertex 92.4213 36.2014 9.66514
    endloop
  endfacet
  facet normal 0.000102749 0.258745 0.965946
    outer loop
      vertex 94.0004 34.1956 10.2026
      vertex 92.7322 33.1523 10.4822
      vertex 93.1111 32.852 10.5626
    endloop
  endfacet
  facet normal 9.49128e-07 0.258817 0.965926
    outer loop
      vertex 92.048 35.3309 9.89839
      vertex 93.6916 35.1135 9.95664
      vertex 92.1903 35.7839 9.77701
    endloop
  endfacet
  facet normal -4.69488e-05 0.258923 0.965898
    outer loop
      vertex 93.8123 34.3772 10.1539
      vertex 92.4213 33.5182 10.3841
      vertex 92.7322 33.1523 10.4822
    endloop
  endfacet
  facet normal -7.9833e-06 0.258754 0.965943
    outer loop
      vertex 93.6916 35.1135 9.95664
      vertex 92.048 35.3309 9.89839
      vertex 93.65 34.8598 10.0246
    endloop
  endfacet
  facet normal -4.29539e-05 0.258864 0.965914
    outer loop
      vertex 93.6916 34.6061 10.0926
      vertex 92.1903 33.9357 10.2722
      vertex 92.4213 33.5182 10.3841
    endloop
  endfacet
  facet normal -0 0.258779 0.965937
    outer loop
      vertex 92 34.8598 10.0246
      vertex 93.65 34.8598 10.0246
      vertex 92.048 35.3309 9.89839
    endloop
  endfacet
  facet normal 4.89281e-05 0.258672 0.965965
    outer loop
      vertex 93.6916 34.6061 10.0926
      vertex 92.048 34.3887 10.1509
      vertex 92.1903 33.9357 10.2722
    endloop
  endfacet
  facet normal 0 0.258951 0.96589
    outer loop
      vertex 93.65 34.8598 10.0246
      vertex 92 34.8598 10.0246
      vertex 92.048 34.3887 10.1509
    endloop
  endfacet
  facet normal 0.290244 0.924348 -0.247669
    outer loop
      vertex 95.4567 35.3688 3
      vertex 94.9877 37.2282 9.39001
      vertex 95.4567 37.0908 9.42683
    endloop
  endfacet
  facet normal 0.290125 0.92438 -0.247687
    outer loop
      vertex 94.9877 37.2282 9.39001
      vertex 95.4567 35.3688 3
      vertex 94.9877 35.516 3
    endloop
  endfacet
  facet normal 0.290235 -0.924347 0.247681
    outer loop
      vertex 94.9877 30.4391 3
      vertex 95.4567 32.6288 10.6224
      vertex 94.9877 32.4914 10.6592
    endloop
  endfacet
  facet normal 0.290306 -0.924328 0.247671
    outer loop
      vertex 95.4567 32.6288 10.6224
      vertex 94.9877 30.4391 3
      vertex 95.4567 30.5864 3
    endloop
  endfacet
  facet normal 0.471329 0.851905 -0.228269
    outer loop
      vertex 95.8889 35.1296 3
      vertex 95.4567 37.0908 9.42683
      vertex 95.8889 36.8677 9.48662
    endloop
  endfacet
  facet normal 0.471451 0.851845 -0.228243
    outer loop
      vertex 95.4567 37.0908 9.42683
      vertex 95.8889 35.1296 3
      vertex 95.4567 35.3688 3
    endloop
  endfacet
  facet normal -0.097961 -0.961279 0.257577
    outer loop
      vertex 94.5 30.3894 3
      vertex 94.0123 32.4914 10.6592
      vertex 94.0123 30.4391 3
    endloop
  endfacet
  facet normal -0.0980574 -0.961272 0.257569
    outer loop
      vertex 94.0123 32.4914 10.6592
      vertex 94.5 30.3894 3
      vertex 94.5 32.445 10.6717
    endloop
  endfacet
  facet normal -0.995192 0.0946079 -0.0253499
    outer loop
      vertex 92.048 33.4825 3
      vertex 92 34.8598 10.0246
      vertex 92.048 35.3309 9.89839
    endloop
  endfacet
  facet normal -0.995191 0.0946112 -0.0253505
    outer loop
      vertex 92 34.8598 10.0246
      vertex 92.048 33.4825 3
      vertex 92 32.9776 3
    endloop
  endfacet
  facet normal -0.773002 -0.612788 0.164191
    outer loop
      vertex 92.4213 31.5397 3
      vertex 92.7322 33.1523 10.4822
      vertex 92.4213 33.5182 10.3841
    endloop
  endfacet
  facet normal -0.773014 -0.612774 0.164188
    outer loop
      vertex 92.7322 33.1523 10.4822
      vertex 92.4213 31.5397 3
      vertex 92.7322 31.1475 3
    endloop
  endfacet
  facet normal -0.773071 0.612705 -0.164179
    outer loop
      vertex 92.7322 34.8077 3
      vertex 92.4213 36.2014 9.66514
      vertex 92.7322 36.5674 9.56709
    endloop
  endfacet
  facet normal -0.773013 0.612774 -0.164191
    outer loop
      vertex 92.4213 36.2014 9.66514
      vertex 92.7322 34.8077 3
      vertex 92.4213 34.4155 3
    endloop
  endfacet
  facet normal 0.995192 0.0946079 -0.0253499
    outer loop
      vertex 97 34.8598 10.0246
      vertex 96.952 33.4825 3
      vertex 96.952 35.3309 9.89839
    endloop
  endfacet
  facet normal 0.995191 0.0946112 -0.0253505
    outer loop
      vertex 96.952 33.4825 3
      vertex 97 34.8598 10.0246
      vertex 97 32.9776 3
    endloop
  endfacet
  facet normal -0.881947 0.455287 -0.121993
    outer loop
      vertex 92.4213 34.4155 3
      vertex 92.1903 35.7839 9.77701
      vertex 92.4213 36.2014 9.66514
    endloop
  endfacet
  facet normal -0.881958 0.455268 -0.121989
    outer loop
      vertex 92.1903 35.7839 9.77701
      vertex 92.4213 34.4155 3
      vertex 92.1903 33.968 3
    endloop
  endfacet
  facet normal 0.634297 -0.746747 0.200091
    outer loop
      vertex 95.8889 30.8256 3
      vertex 96.2678 33.1523 10.4822
      vertex 95.8889 32.852 10.5626
    endloop
  endfacet
  facet normal 0.634365 -0.746694 0.200071
    outer loop
      vertex 96.2678 33.1523 10.4822
      vertex 95.8889 30.8256 3
      vertex 96.2678 31.1475 3
    endloop
  endfacet
  facet normal 0.995192 -0.0946035 0.0253485
    outer loop
      vertex 96.952 34.3887 10.1509
      vertex 97 32.9776 3
      vertex 97 34.8598 10.0246
    endloop
  endfacet
  facet normal 0.995193 -0.0945926 0.0253463
    outer loop
      vertex 97 32.9776 3
      vertex 96.952 34.3887 10.1509
      vertex 96.952 32.4726 3
    endloop
  endfacet
  facet normal 0.773002 -0.612788 0.164191
    outer loop
      vertex 96.2678 33.1523 10.4822
      vertex 96.5787 31.5397 3
      vertex 96.5787 33.5182 10.3841
    endloop
  endfacet
  facet normal 0.773014 -0.612774 0.164188
    outer loop
      vertex 96.5787 31.5397 3
      vertex 96.2678 33.1523 10.4822
      vertex 96.2678 31.1475 3
    endloop
  endfacet
  facet normal -0.290306 -0.924328 0.247671
    outer loop
      vertex 94.0123 30.4391 3
      vertex 93.5433 32.6288 10.6224
      vertex 93.5433 30.5864 3
    endloop
  endfacet
  facet normal -0.290235 -0.924347 0.247681
    outer loop
      vertex 93.5433 32.6288 10.6224
      vertex 94.0123 30.4391 3
      vertex 94.0123 32.4914 10.6592
    endloop
  endfacet
  facet normal -0.47145 -0.851843 0.228251
    outer loop
      vertex 93.5433 30.5864 3
      vertex 93.1111 32.852 10.5626
      vertex 93.1111 30.8256 3
    endloop
  endfacet
  facet normal -0.471486 -0.851825 0.228244
    outer loop
      vertex 93.1111 32.852 10.5626
      vertex 93.5433 30.5864 3
      vertex 93.5433 32.6288 10.6224
    endloop
  endfacet
  facet normal 0.0980574 -0.961272 0.257569
    outer loop
      vertex 94.5 30.3894 3
      vertex 94.9877 32.4914 10.6592
      vertex 94.5 32.445 10.6717
    endloop
  endfacet
  facet normal 0.097961 -0.961279 0.257577
    outer loop
      vertex 94.9877 32.4914 10.6592
      vertex 94.5 30.3894 3
      vertex 94.9877 30.4391 3
    endloop
  endfacet
  facet normal -0.290125 0.924379 -0.24769
    outer loop
      vertex 106.043 13.628 3
      vertex 106.512 16.9438 14.8252
      vertex 106.512 13.7752 3
    endloop
  endfacet
  facet normal -0.290235 0.924348 -0.247677
    outer loop
      vertex 106.512 16.9438 14.8252
      vertex 106.043 13.628 3
      vertex 106.043 16.8064 14.862
    endloop
  endfacet
  facet normal -0.0980966 0.961268 -0.257568
    outer loop
      vertex 106.512 13.7752 3
      vertex 107 16.9902 14.8128
      vertex 107 13.825 3
    endloop
  endfacet
  facet normal -0.0979455 0.96128 -0.257578
    outer loop
      vertex 107 16.9902 14.8128
      vertex 106.512 13.7752 3
      vertex 106.512 16.9438 14.8252
    endloop
  endfacet
  facet normal -0.47162 0.851755 -0.228226
    outer loop
      vertex 105.611 13.3888 3
      vertex 106.043 16.8064 14.862
      vertex 106.043 13.628 3
    endloop
  endfacet
  facet normal -0.471656 0.851737 -0.22822
    outer loop
      vertex 106.043 16.8064 14.862
      vertex 105.611 13.3888 3
      vertex 105.611 16.5832 14.9218
    endloop
  endfacet
  facet normal -0.772981 -0.612811 0.164203
    outer loop
      vertex 104.921 9.79886 3
      vertex 105.232 12.8678 15.9174
      vertex 104.921 13.2338 15.8193
    endloop
  endfacet
  facet normal -0.772921 -0.612882 0.164219
    outer loop
      vertex 105.232 12.8678 15.9174
      vertex 104.921 9.79886 3
      vertex 105.232 9.40665 3
    endloop
  endfacet
  facet normal 0.0979455 0.96128 -0.257578
    outer loop
      vertex 107.488 13.7752 3
      vertex 107 16.9902 14.8128
      vertex 107.488 16.9438 14.8252
    endloop
  endfacet
  facet normal 0.0980966 0.961268 -0.257568
    outer loop
      vertex 107 16.9902 14.8128
      vertex 107.488 13.7752 3
      vertex 107 13.825 3
    endloop
  endfacet
  facet normal -0.95709 0.279915 -0.0750041
    outer loop
      vertex 104.69 12.2272 3
      vertex 104.548 15.0465 15.3336
      vertex 104.69 15.4995 15.2122
    endloop
  endfacet
  facet normal -0.957086 0.27993 -0.0750076
    outer loop
      vertex 104.548 15.0465 15.3336
      vertex 104.69 12.2272 3
      vertex 104.548 11.7417 3
    endloop
  endfacet
  facet normal -0 0.25876 0.965942
    outer loop
      vertex 107.85 14.5754 15.4598
      vertex 109.5 14.5754 15.4598
      vertex 109.452 15.0465 15.3336
    endloop
  endfacet
  facet normal -3.45717e-05 0.258847 0.965918
    outer loop
      vertex 107.808 14.8291 15.3918
      vertex 109.452 15.0465 15.3336
      vertex 109.31 15.4995 15.2122
    endloop
  endfacet
  facet normal 0 0.258951 0.96589
    outer loop
      vertex 109.5 14.5754 15.4598
      vertex 107.85 14.5754 15.4598
      vertex 109.452 14.1043 15.5861
    endloop
  endfacet
  facet normal -4.29379e-05 0.258864 0.965914
    outer loop
      vertex 107.808 14.8291 15.3918
      vertex 109.31 15.4995 15.2122
      vertex 109.079 15.917 15.1003
    endloop
  endfacet
  facet normal -1.70195e-05 0.258897 0.965905
    outer loop
      vertex 107.808 14.3217 15.5278
      vertex 109.452 14.1043 15.5861
      vertex 107.85 14.5754 15.4598
    endloop
  endfacet
  facet normal 5.9964e-05 0.258762 0.965941
    outer loop
      vertex 107.688 15.058 15.3305
      vertex 109.079 15.917 15.1003
      vertex 108.768 16.2829 15.0023
    endloop
  endfacet
  facet normal -4.89208e-05 0.258672 0.965965
    outer loop
      vertex 109.452 14.1043 15.5861
      vertex 107.808 14.3217 15.5278
      vertex 109.31 13.6513 15.7074
    endloop
  endfacet
  facet normal -6.44617e-05 0.258848 0.965918
    outer loop
      vertex 107.5 15.2396 15.2818
      vertex 108.768 16.2829 15.0023
      vertex 108.389 16.5832 14.9218
    endloop
  endfacet
  facet normal 4.29379e-05 0.258864 0.965914
    outer loop
      vertex 109.31 13.6513 15.7074
      vertex 107.808 14.3217 15.5278
      vertex 109.079 13.2338 15.8193
    endloop
  endfacet
  facet normal 5.85367e-06 0.258804 0.96593
    outer loop
      vertex 107.5 15.2396 15.2818
      vertex 108.389 16.5832 14.9218
      vertex 107.957 16.8064 14.862
    endloop
  endfacet
  facet normal -8.26884e-05 0.258727 0.96595
    outer loop
      vertex 107.688 14.0928 15.5891
      vertex 109.079 13.2338 15.8193
      vertex 107.808 14.3217 15.5278
    endloop
  endfacet
  facet normal 1.82915e-05 0.25888 0.96591
    outer loop
      vertex 109.079 13.2338 15.8193
      vertex 107.688 14.0928 15.5891
      vertex 108.768 12.8678 15.9174
    endloop
  endfacet
  facet normal -4.04753e-05 0.258888 0.965907
    outer loop
      vertex 109.452 15.0465 15.3336
      vertex 107.808 14.8291 15.3918
      vertex 107.85 14.5754 15.4598
    endloop
  endfacet
  facet normal 8.26884e-05 0.258727 0.96595
    outer loop
      vertex 109.079 15.917 15.1003
      vertex 107.688 15.058 15.3305
      vertex 107.808 14.8291 15.3918
    endloop
  endfacet
  facet normal -0.00011668 0.258907 0.965902
    outer loop
      vertex 108.768 16.2829 15.0023
      vertex 107.5 15.2396 15.2818
      vertex 107.688 15.058 15.3305
    endloop
  endfacet
  facet normal 3.27332e-05 0.258817 0.965926
    outer loop
      vertex 107.263 15.3562 15.2506
      vertex 107.957 16.8064 14.862
      vertex 107.488 16.9438 14.8252
    endloop
  endfacet
  facet normal 0.000146773 0.258766 0.96594
    outer loop
      vertex 107.957 16.8064 14.862
      vertex 107.263 15.3562 15.2506
      vertex 107.5 15.2396 15.2818
    endloop
  endfacet
  facet normal 6.16986e-05 0.258787 0.965935
    outer loop
      vertex 107 15.3964 15.2398
      vertex 107.488 16.9438 14.8252
      vertex 107 16.9902 14.8128
    endloop
  endfacet
  facet normal -0.000101894 0.258835 0.965922
    outer loop
      vertex 107.488 16.9438 14.8252
      vertex 107 15.3964 15.2398
      vertex 107.263 15.3562 15.2506
    endloop
  endfacet
  facet normal -6.16986e-05 0.258787 0.965935
    outer loop
      vertex 106.512 16.9438 14.8252
      vertex 107 15.3964 15.2398
      vertex 107 16.9902 14.8128
    endloop
  endfacet
  facet normal 0.000101894 0.258835 0.965922
    outer loop
      vertex 107 15.3964 15.2398
      vertex 106.512 16.9438 14.8252
      vertex 106.737 15.3562 15.2506
    endloop
  endfacet
  facet normal -3.27332e-05 0.258817 0.965926
    outer loop
      vertex 106.043 16.8064 14.862
      vertex 106.737 15.3562 15.2506
      vertex 106.512 16.9438 14.8252
    endloop
  endfacet
  facet normal -0.000146773 0.258766 0.96594
    outer loop
      vertex 106.737 15.3562 15.2506
      vertex 106.043 16.8064 14.862
      vertex 106.5 15.2396 15.2818
    endloop
  endfacet
  facet normal -5.85367e-06 0.258804 0.96593
    outer loop
      vertex 105.611 16.5832 14.9218
      vertex 106.5 15.2396 15.2818
      vertex 106.043 16.8064 14.862
    endloop
  endfacet
  facet normal 6.44617e-05 0.258848 0.965918
    outer loop
      vertex 105.232 16.2829 15.0023
      vertex 106.5 15.2396 15.2818
      vertex 105.611 16.5832 14.9218
    endloop
  endfacet
  facet normal 0.00011668 0.258907 0.965902
    outer loop
      vertex 106.5 15.2396 15.2818
      vertex 105.232 16.2829 15.0023
      vertex 106.312 15.058 15.3305
    endloop
  endfacet
  facet normal 1.22059e-05 0.258875 0.965911
    outer loop
      vertex 107.5 13.9111 15.6378
      vertex 108.768 12.8678 15.9174
      vertex 107.688 14.0928 15.5891
    endloop
  endfacet
  facet normal -0.000102743 0.258745 0.965946
    outer loop
      vertex 108.768 12.8678 15.9174
      vertex 107.5 13.9111 15.6378
      vertex 108.389 12.5675 15.9978
    endloop
  endfacet
  facet normal 3.87971e-05 0.258832 0.965922
    outer loop
      vertex 108.389 12.5675 15.9978
      vertex 107.5 13.9111 15.6378
      vertex 107.957 12.3444 16.0576
    endloop
  endfacet
  facet normal 0.000202535 0.258876 0.96591
    outer loop
      vertex 107.263 13.7945 15.6691
      vertex 107.957 12.3444 16.0576
      vertex 107.5 13.9111 15.6378
    endloop
  endfacet
  facet normal -2.02043e-05 0.258777 0.965937
    outer loop
      vertex 107.957 12.3444 16.0576
      vertex 107.263 13.7945 15.6691
      vertex 107.488 12.207 16.0944
    endloop
  endfacet
  facet normal -0.000250931 0.258746 0.965945
    outer loop
      vertex 107 13.7543 15.6798
      vertex 107.488 12.207 16.0944
      vertex 107.263 13.7945 15.6691
    endloop
  endfacet
  facet normal 0.000128929 0.258858 0.965915
    outer loop
      vertex 107 13.7543 15.6798
      vertex 107 12.1606 16.1069
      vertex 107.488 12.207 16.0944
    endloop
  endfacet
  facet normal 0.000250931 0.258746 0.965945
    outer loop
      vertex 106.512 12.207 16.0944
      vertex 107 13.7543 15.6798
      vertex 106.737 13.7945 15.6691
    endloop
  endfacet
  facet normal -0.000128929 0.258858 0.965915
    outer loop
      vertex 107 13.7543 15.6798
      vertex 106.512 12.207 16.0944
      vertex 107 12.1606 16.1069
    endloop
  endfacet
  facet normal -0.000202535 0.258876 0.96591
    outer loop
      vertex 106.043 12.3444 16.0576
      vertex 106.737 13.7945 15.6691
      vertex 106.5 13.9111 15.6378
    endloop
  endfacet
  facet normal -1.22059e-05 0.258875 0.965911
    outer loop
      vertex 105.232 12.8678 15.9174
      vertex 106.5 13.9111 15.6378
      vertex 106.312 14.0928 15.5891
    endloop
  endfacet
  facet normal 8.26884e-05 0.258727 0.96595
    outer loop
      vertex 104.921 13.2338 15.8193
      vertex 106.312 14.0928 15.5891
      vertex 106.192 14.3217 15.5278
    endloop
  endfacet
  facet normal 1.70195e-05 0.258897 0.965905
    outer loop
      vertex 104.548 14.1043 15.5861
      vertex 106.192 14.3217 15.5278
      vertex 106.15 14.5754 15.4598
    endloop
  endfacet
  facet normal 2.02043e-05 0.258777 0.965937
    outer loop
      vertex 106.737 13.7945 15.6691
      vertex 106.043 12.3444 16.0576
      vertex 106.512 12.207 16.0944
    endloop
  endfacet
  facet normal -5.9964e-05 0.258762 0.965941
    outer loop
      vertex 104.921 15.917 15.1003
      vertex 106.312 15.058 15.3305
      vertex 105.232 16.2829 15.0023
    endloop
  endfacet
  facet normal -8.26884e-05 0.258727 0.96595
    outer loop
      vertex 106.312 15.058 15.3305
      vertex 104.921 15.917 15.1003
      vertex 106.192 14.8291 15.3918
    endloop
  endfacet
  facet normal -3.87971e-05 0.258832 0.965922
    outer loop
      vertex 106.5 13.9111 15.6378
      vertex 105.611 12.5675 15.9978
      vertex 106.043 12.3444 16.0576
    endloop
  endfacet
  facet normal 4.29379e-05 0.258864 0.965914
    outer loop
      vertex 104.69 15.4995 15.2122
      vertex 106.192 14.8291 15.3918
      vertex 104.921 15.917 15.1003
    endloop
  endfacet
  facet normal 0.000102743 0.258745 0.965946
    outer loop
      vertex 106.5 13.9111 15.6378
      vertex 105.232 12.8678 15.9174
      vertex 105.611 12.5675 15.9978
    endloop
  endfacet
  facet normal 3.45717e-05 0.258847 0.965918
    outer loop
      vertex 104.548 15.0465 15.3336
      vertex 106.192 14.8291 15.3918
      vertex 104.69 15.4995 15.2122
    endloop
  endfacet
  facet normal -1.82915e-05 0.25888 0.96591
    outer loop
      vertex 106.312 14.0928 15.5891
      vertex 104.921 13.2338 15.8193
      vertex 105.232 12.8678 15.9174
    endloop
  endfacet
  facet normal 4.04753e-05 0.258888 0.965907
    outer loop
      vertex 106.192 14.8291 15.3918
      vertex 104.548 15.0465 15.3336
      vertex 106.15 14.5754 15.4598
    endloop
  endfacet
  facet normal -4.29379e-05 0.258864 0.965914
    outer loop
      vertex 106.192 14.3217 15.5278
      vertex 104.69 13.6513 15.7074
      vertex 104.921 13.2338 15.8193
    endloop
  endfacet
  facet normal -0 0.25876 0.965942
    outer loop
      vertex 104.5 14.5754 15.4598
      vertex 106.15 14.5754 15.4598
      vertex 104.548 15.0465 15.3336
    endloop
  endfacet
  facet normal 4.89208e-05 0.258672 0.965965
    outer loop
      vertex 106.192 14.3217 15.5278
      vertex 104.548 14.1043 15.5861
      vertex 104.69 13.6513 15.7074
    endloop
  endfacet
  facet normal 0 0.258951 0.96589
    outer loop
      vertex 106.15 14.5754 15.4598
      vertex 104.5 14.5754 15.4598
      vertex 104.548 14.1043 15.5861
    endloop
  endfacet
  facet normal -0.0979599 -0.961279 0.257577
    outer loop
      vertex 107 8.64859 3
      vertex 106.512 12.207 16.0944
      vertex 106.512 8.69832 3
    endloop
  endfacet
  facet normal -0.0979977 -0.961276 0.257575
    outer loop
      vertex 106.512 12.207 16.0944
      vertex 107 8.64859 3
      vertex 107 12.1606 16.1069
    endloop
  endfacet
  facet normal -0.995192 0.0946083 -0.0253504
    outer loop
      vertex 104.548 11.7417 3
      vertex 104.5 14.5754 15.4598
      vertex 104.548 15.0465 15.3336
    endloop
  endfacet
  facet normal -0.995191 0.0946112 -0.025351
    outer loop
      vertex 104.5 14.5754 15.4598
      vertex 104.548 11.7417 3
      vertex 104.5 11.2368 3
    endloop
  endfacet
  facet normal -0.881951 0.45528 -0.121993
    outer loop
      vertex 104.921 12.6747 3
      vertex 104.69 15.4995 15.2122
      vertex 104.921 15.917 15.1003
    endloop
  endfacet
  facet normal -0.881958 0.455268 -0.12199
    outer loop
      vertex 104.69 15.4995 15.2122
      vertex 104.921 12.6747 3
      vertex 104.69 12.2272 3
    endloop
  endfacet
  facet normal -0.634229 -0.746801 0.200102
    outer loop
      vertex 105.611 9.08478 3
      vertex 105.232 12.8678 15.9174
      vertex 105.232 9.40665 3
    endloop
  endfacet
  facet normal -0.634197 -0.746826 0.20011
    outer loop
      vertex 105.232 12.8678 15.9174
      vertex 105.611 9.08478 3
      vertex 105.611 12.5675 15.9978
    endloop
  endfacet
  facet normal 0.634229 0.746801 -0.200104
    outer loop
      vertex 108.768 13.0669 3
      vertex 108.389 16.5832 14.9218
      vertex 108.768 16.2829 15.0023
    endloop
  endfacet
  facet normal 0.634265 0.746773 -0.200095
    outer loop
      vertex 108.389 16.5832 14.9218
      vertex 108.768 13.0669 3
      vertex 108.389 13.3888 3
    endloop
  endfacet
  facet normal -0.634265 0.746773 -0.200095
    outer loop
      vertex 105.232 13.0669 3
      vertex 105.611 16.5832 14.9218
      vertex 105.611 13.3888 3
    endloop
  endfacet
  facet normal -0.634229 0.746801 -0.200104
    outer loop
      vertex 105.611 16.5832 14.9218
      vertex 105.232 13.0669 3
      vertex 105.232 16.2829 15.0023
    endloop
  endfacet
  facet normal -0.29027 -0.924337 0.247677
    outer loop
      vertex 106.512 8.69832 3
      vertex 106.043 12.3444 16.0576
      vertex 106.043 8.8456 3
    endloop
  endfacet
  facet normal -0.290235 -0.924347 0.247681
    outer loop
      vertex 106.043 12.3444 16.0576
      vertex 106.512 8.69832 3
      vertex 106.512 12.207 16.0944
    endloop
  endfacet
  facet normal 0.772881 0.61293 -0.164234
    outer loop
      vertex 109.079 15.917 15.1003
      vertex 108.768 13.0669 3
      vertex 108.768 16.2829 15.0023
    endloop
  endfacet
  facet normal 0.772913 0.612891 -0.164225
    outer loop
      vertex 108.768 13.0669 3
      vertex 109.079 15.917 15.1003
      vertex 109.079 12.6747 3
    endloop
  endfacet
  facet normal 0.290235 -0.924347 0.247681
    outer loop
      vertex 107.488 8.69832 3
      vertex 107.957 12.3444 16.0576
      vertex 107.488 12.207 16.0944
    endloop
  endfacet
  facet normal 0.29027 -0.924337 0.247677
    outer loop
      vertex 107.957 12.3444 16.0576
      vertex 107.488 8.69832 3
      vertex 107.957 8.8456 3
    endloop
  endfacet
  facet normal 0.881951 0.45528 -0.121993
    outer loop
      vertex 109.31 15.4995 15.2122
      vertex 109.079 12.6747 3
      vertex 109.079 15.917 15.1003
    endloop
  endfacet
  facet normal 0.881958 0.455268 -0.12199
    outer loop
      vertex 109.079 12.6747 3
      vertex 109.31 15.4995 15.2122
      vertex 109.31 12.2272 3
    endloop
  endfacet
  facet normal 0.471656 0.851737 -0.22822
    outer loop
      vertex 108.389 13.3888 3
      vertex 107.957 16.8064 14.862
      vertex 108.389 16.5832 14.9218
    endloop
  endfacet
  facet normal 0.47162 0.851755 -0.228226
    outer loop
      vertex 107.957 16.8064 14.862
      vertex 108.389 13.3888 3
      vertex 107.957 13.628 3
    endloop
  endfacet
  facet normal -0.995192 -0.0946034 0.025349
    outer loop
      vertex 104.5 11.2368 3
      vertex 104.548 14.1043 15.5861
      vertex 104.5 14.5754 15.4598
    endloop
  endfacet
  facet normal -0.995193 -0.0945926 0.0253465
    outer loop
      vertex 104.548 14.1043 15.5861
      vertex 104.5 11.2368 3
      vertex 104.548 10.7318 3
    endloop
  endfacet
  facet normal 0.95709 0.279915 -0.0750041
    outer loop
      vertex 109.452 15.0465 15.3336
      vertex 109.31 12.2272 3
      vertex 109.31 15.4995 15.2122
    endloop
  endfacet
  facet normal 0.957086 0.27993 -0.0750076
    outer loop
      vertex 109.31 12.2272 3
      vertex 109.452 15.0465 15.3336
      vertex 109.452 11.7417 3
    endloop
  endfacet
  facet normal -0.47159 -0.851771 0.22823
    outer loop
      vertex 106.043 8.8456 3
      vertex 105.611 12.5675 15.9978
      vertex 105.611 9.08478 3
    endloop
  endfacet
  facet normal -0.471503 -0.851815 0.228245
    outer loop
      vertex 105.611 12.5675 15.9978
      vertex 106.043 8.8456 3
      vertex 106.043 12.3444 16.0576
    endloop
  endfacet
  facet normal -0.957086 -0.279929 0.0750081
    outer loop
      vertex 104.548 10.7318 3
      vertex 104.69 13.6513 15.7074
      vertex 104.548 14.1043 15.5861
    endloop
  endfacet
  facet normal -0.957086 -0.27993 0.0750085
    outer loop
      vertex 104.69 13.6513 15.7074
      vertex 104.548 10.7318 3
      vertex 104.69 10.2463 3
    endloop
  endfacet
  facet normal -0.881951 -0.45528 0.121994
    outer loop
      vertex 104.69 10.2463 3
      vertex 104.921 13.2338 15.8193
      vertex 104.69 13.6513 15.7074
    endloop
  endfacet
  facet normal -0.881932 -0.455315 0.122002
    outer loop
      vertex 104.921 13.2338 15.8193
      vertex 104.69 10.2463 3
      vertex 104.921 9.79886 3
    endloop
  endfacet
  facet normal 0.995192 0.0946083 -0.0253504
    outer loop
      vertex 109.5 14.5754 15.4598
      vertex 109.452 11.7417 3
      vertex 109.452 15.0465 15.3336
    endloop
  endfacet
  facet normal 0.995191 0.0946112 -0.025351
    outer loop
      vertex 109.452 11.7417 3
      vertex 109.5 14.5754 15.4598
      vertex 109.5 11.2368 3
    endloop
  endfacet
  facet normal -0.772881 0.61293 -0.164234
    outer loop
      vertex 105.232 13.0669 3
      vertex 104.921 15.917 15.1003
      vertex 105.232 16.2829 15.0023
    endloop
  endfacet
  facet normal -0.772913 0.612891 -0.164225
    outer loop
      vertex 104.921 15.917 15.1003
      vertex 105.232 13.0669 3
      vertex 104.921 12.6747 3
    endloop
  endfacet
  facet normal 0.0979977 -0.961276 0.257575
    outer loop
      vertex 107 8.64859 3
      vertex 107.488 12.207 16.0944
      vertex 107 12.1606 16.1069
    endloop
  endfacet
  facet normal 0.0979599 -0.961279 0.257577
    outer loop
      vertex 107.488 12.207 16.0944
      vertex 107 8.64859 3
      vertex 107.488 8.69832 3
    endloop
  endfacet
  facet normal 0.290235 0.924348 -0.247677
    outer loop
      vertex 107.957 13.628 3
      vertex 107.488 16.9438 14.8252
      vertex 107.957 16.8064 14.862
    endloop
  endfacet
  facet normal 0.290125 0.924379 -0.24769
    outer loop
      vertex 107.488 16.9438 14.8252
      vertex 107.957 13.628 3
      vertex 107.488 13.7752 3
    endloop
  endfacet
  facet normal 0.471503 -0.851815 0.228245
    outer loop
      vertex 107.957 8.8456 3
      vertex 108.389 12.5675 15.9978
      vertex 107.957 12.3444 16.0576
    endloop
  endfacet
  facet normal 0.47159 -0.851771 0.22823
    outer loop
      vertex 108.389 12.5675 15.9978
      vertex 107.957 8.8456 3
      vertex 108.389 9.08478 3
    endloop
  endfacet
  facet normal 0.772981 -0.612811 0.164203
    outer loop
      vertex 108.768 12.8678 15.9174
      vertex 109.079 9.79886 3
      vertex 109.079 13.2338 15.8193
    endloop
  endfacet
  facet normal 0.772921 -0.612882 0.164219
    outer loop
      vertex 109.079 9.79886 3
      vertex 108.768 12.8678 15.9174
      vertex 108.768 9.40665 3
    endloop
  endfacet
  facet normal 0.634197 -0.746826 0.20011
    outer loop
      vertex 108.389 9.08478 3
      vertex 108.768 12.8678 15.9174
      vertex 108.389 12.5675 15.9978
    endloop
  endfacet
  facet normal 0.634229 -0.746801 0.200102
    outer loop
      vertex 108.768 12.8678 15.9174
      vertex 108.389 9.08478 3
      vertex 108.768 9.40665 3
    endloop
  endfacet
  facet normal 0.881951 -0.45528 0.121994
    outer loop
      vertex 109.079 13.2338 15.8193
      vertex 109.31 10.2463 3
      vertex 109.31 13.6513 15.7074
    endloop
  endfacet
  facet normal 0.881932 -0.455315 0.122002
    outer loop
      vertex 109.31 10.2463 3
      vertex 109.079 13.2338 15.8193
      vertex 109.079 9.79886 3
    endloop
  endfacet
  facet normal 0.995192 -0.0946034 0.025349
    outer loop
      vertex 109.452 14.1043 15.5861
      vertex 109.5 11.2368 3
      vertex 109.5 14.5754 15.4598
    endloop
  endfacet
  facet normal 0.995193 -0.0945926 0.0253465
    outer loop
      vertex 109.5 11.2368 3
      vertex 109.452 14.1043 15.5861
      vertex 109.452 10.7318 3
    endloop
  endfacet
  facet normal 0.957086 -0.279929 0.0750081
    outer loop
      vertex 109.31 13.6513 15.7074
      vertex 109.452 10.7318 3
      vertex 109.452 14.1043 15.5861
    endloop
  endfacet
  facet normal 0.957086 -0.27993 0.0750085
    outer loop
      vertex 109.452 10.7318 3
      vertex 109.31 13.6513 15.7074
      vertex 109.31 10.2463 3
    endloop
  endfacet
  facet normal 0.0979977 -0.961277 0.25757
    outer loop
      vertex 107 30.3894 3
      vertex 107.488 32.4914 10.6592
      vertex 107 32.445 10.6717
    endloop
  endfacet
  facet normal 0.0979014 -0.961285 0.257578
    outer loop
      vertex 107.488 32.4914 10.6592
      vertex 107 30.3894 3
      vertex 107.488 30.4391 3
    endloop
  endfacet
  facet normal -0.290125 0.92438 -0.247687
    outer loop
      vertex 106.043 35.3688 3
      vertex 106.512 37.2282 9.39001
      vertex 106.512 35.516 3
    endloop
  endfacet
  facet normal -0.290244 0.924348 -0.247669
    outer loop
      vertex 106.512 37.2282 9.39001
      vertex 106.043 35.3688 3
      vertex 106.043 37.0908 9.42683
    endloop
  endfacet
  facet normal -0.0980968 0.961269 -0.257562
    outer loop
      vertex 106.512 35.516 3
      vertex 107 37.2746 9.37757
      vertex 107 35.5658 3
    endloop
  endfacet
  facet normal -0.0979664 0.961279 -0.257574
    outer loop
      vertex 107 37.2746 9.37757
      vertex 106.512 35.516 3
      vertex 106.512 37.2282 9.39001
    endloop
  endfacet
  facet normal -0.471621 0.851757 -0.228219
    outer loop
      vertex 105.611 35.1296 3
      vertex 106.043 37.0908 9.42683
      vertex 106.043 35.3688 3
    endloop
  endfacet
  facet normal -0.471498 0.851818 -0.228246
    outer loop
      vertex 106.043 37.0908 9.42683
      vertex 105.611 35.1296 3
      vertex 105.611 36.8677 9.48662
    endloop
  endfacet
  facet normal -0.957086 -0.279929 0.0750076
    outer loop
      vertex 104.548 32.4726 3
      vertex 104.69 33.9357 10.2722
      vertex 104.548 34.3887 10.1509
    endloop
  endfacet
  facet normal -0.957086 -0.27993 0.0750079
    outer loop
      vertex 104.69 33.9357 10.2722
      vertex 104.548 32.4726 3
      vertex 104.69 31.9871 3
    endloop
  endfacet
  facet normal 0.0979664 0.961279 -0.257574
    outer loop
      vertex 107.488 35.516 3
      vertex 107 37.2746 9.37757
      vertex 107.488 37.2282 9.39001
    endloop
  endfacet
  facet normal 0.0980968 0.961269 -0.257562
    outer loop
      vertex 107 37.2746 9.37757
      vertex 107.488 35.516 3
      vertex 107 35.5658 3
    endloop
  endfacet
  facet normal 0.995192 -0.0946035 0.0253485
    outer loop
      vertex 109.452 34.3887 10.1509
      vertex 109.5 32.9776 3
      vertex 109.5 34.8598 10.0246
    endloop
  endfacet
  facet normal 0.995193 -0.0945926 0.0253463
    outer loop
      vertex 109.5 32.9776 3
      vertex 109.452 34.3887 10.1509
      vertex 109.452 32.4726 3
    endloop
  endfacet
  facet normal -0.634264 0.746773 -0.200099
    outer loop
      vertex 105.232 34.8077 3
      vertex 105.611 36.8677 9.48662
      vertex 105.611 35.1296 3
    endloop
  endfacet
  facet normal -0.634219 0.746807 -0.200112
    outer loop
      vertex 105.611 36.8677 9.48662
      vertex 105.232 34.8077 3
      vertex 105.232 36.5674 9.56709
    endloop
  endfacet
  facet normal 0.772902 -0.612906 0.164222
    outer loop
      vertex 108.768 33.1523 10.4822
      vertex 109.079 31.5397 3
      vertex 109.079 33.5182 10.3841
    endloop
  endfacet
  facet normal 0.772914 -0.612892 0.16422
    outer loop
      vertex 109.079 31.5397 3
      vertex 108.768 33.1523 10.4822
      vertex 108.768 31.1475 3
    endloop
  endfacet
  facet normal 0.881947 0.455287 -0.121993
    outer loop
      vertex 109.31 35.7839 9.77701
      vertex 109.079 34.4155 3
      vertex 109.079 36.2014 9.66514
    endloop
  endfacet
  facet normal 0.881958 0.455268 -0.121989
    outer loop
      vertex 109.079 34.4155 3
      vertex 109.31 35.7839 9.77701
      vertex 109.31 33.968 3
    endloop
  endfacet
  facet normal -0 0.258779 0.965937
    outer loop
      vertex 107.85 34.8598 10.0246
      vertex 109.5 34.8598 10.0246
      vertex 109.452 35.3309 9.89839
    endloop
  endfacet
  facet normal -9.48986e-07 0.258817 0.965926
    outer loop
      vertex 107.808 35.1135 9.95664
      vertex 109.452 35.3309 9.89839
      vertex 109.31 35.7839 9.77701
    endloop
  endfacet
  facet normal 0 0.258951 0.96589
    outer loop
      vertex 109.5 34.8598 10.0246
      vertex 107.85 34.8598 10.0246
      vertex 109.452 34.3887 10.1509
    endloop
  endfacet
  facet normal -2.6225e-06 0.25882 0.965925
    outer loop
      vertex 107.808 35.1135 9.95664
      vertex 109.31 35.7839 9.77701
      vertex 109.079 36.2014 9.66514
    endloop
  endfacet
  facet normal -1.70195e-05 0.258897 0.965905
    outer loop
      vertex 107.808 34.6061 10.0926
      vertex 109.452 34.3887 10.1509
      vertex 107.85 34.8598 10.0246
    endloop
  endfacet
  facet normal 2.149e-05 0.258788 0.965934
    outer loop
      vertex 107.688 35.3424 9.89531
      vertex 109.079 36.2014 9.66514
      vertex 108.768 36.5674 9.56709
    endloop
  endfacet
  facet normal -4.89208e-05 0.258672 0.965965
    outer loop
      vertex 109.452 34.3887 10.1509
      vertex 107.808 34.6061 10.0926
      vertex 109.31 33.9357 10.2722
    endloop
  endfacet
  facet normal -6.827e-06 0.258826 0.965924
    outer loop
      vertex 107.5 35.5241 9.84664
      vertex 108.768 36.5674 9.56709
      vertex 108.389 36.8677 9.48662
    endloop
  endfacet
  facet normal 4.29379e-05 0.258864 0.965914
    outer loop
      vertex 109.31 33.9357 10.2722
      vertex 107.808 34.6061 10.0926
      vertex 109.079 33.5182 10.3841
    endloop
  endfacet
  facet normal -1.65979e-05 0.258832 0.965922
    outer loop
      vertex 107.5 35.5241 9.84664
      vertex 108.389 36.8677 9.48662
      vertex 107.957 37.0908 9.42683
    endloop
  endfacet
  facet normal -8.26884e-05 0.258727 0.96595
    outer loop
      vertex 107.688 34.3772 10.1539
      vertex 109.079 33.5182 10.3841
      vertex 107.808 34.6061 10.0926
    endloop
  endfacet
  facet normal 4.69436e-05 0.258923 0.965898
    outer loop
      vertex 109.079 33.5182 10.3841
      vertex 107.688 34.3772 10.1539
      vertex 108.768 33.1523 10.4822
    endloop
  endfacet
  facet normal 7.97977e-06 0.258754 0.965943
    outer loop
      vertex 109.452 35.3309 9.89839
      vertex 107.808 35.1135 9.95664
      vertex 107.85 34.8598 10.0246
    endloop
  endfacet
  facet normal 7.89051e-06 0.258809 0.965929
    outer loop
      vertex 109.079 36.2014 9.66514
      vertex 107.688 35.3424 9.89531
      vertex 107.808 35.1135 9.95664
    endloop
  endfacet
  facet normal 3.80998e-05 0.258775 0.965938
    outer loop
      vertex 108.768 36.5674 9.56709
      vertex 107.5 35.5241 9.84664
      vertex 107.688 35.3424 9.89531
    endloop
  endfacet
  facet normal -5.65265e-06 0.258826 0.965924
    outer loop
      vertex 107.263 35.6407 9.81539
      vertex 107.957 37.0908 9.42683
      vertex 107.488 37.2282 9.39001
    endloop
  endfacet
  facet normal -2.16778e-05 0.258833 0.965922
    outer loop
      vertex 107.957 37.0908 9.42683
      vertex 107.263 35.6407 9.81539
      vertex 107.5 35.5241 9.84664
    endloop
  endfacet
  facet normal -1.24745e-05 0.258836 0.965921
    outer loop
      vertex 107 35.6809 9.80463
      vertex 107.488 37.2282 9.39001
      vertex 107 37.2746 9.37757
    endloop
  endfacet
  facet normal 4.25176e-05 0.258819 0.965926
    outer loop
      vertex 107.488 37.2282 9.39001
      vertex 107 35.6809 9.80463
      vertex 107.263 35.6407 9.81539
    endloop
  endfacet
  facet normal 1.24745e-05 0.258836 0.965921
    outer loop
      vertex 106.512 37.2282 9.39001
      vertex 107 35.6809 9.80463
      vertex 107 37.2746 9.37757
    endloop
  endfacet
  facet normal -4.25176e-05 0.258819 0.965926
    outer loop
      vertex 107 35.6809 9.80463
      vertex 106.512 37.2282 9.39001
      vertex 106.737 35.6407 9.81539
    endloop
  endfacet
  facet normal 5.65265e-06 0.258826 0.965924
    outer loop
      vertex 106.043 37.0908 9.42683
      vertex 106.737 35.6407 9.81539
      vertex 106.512 37.2282 9.39001
    endloop
  endfacet
  facet normal 2.16778e-05 0.258833 0.965922
    outer loop
      vertex 106.737 35.6407 9.81539
      vertex 106.043 37.0908 9.42683
      vertex 106.5 35.5241 9.84664
    endloop
  endfacet
  facet normal 1.65979e-05 0.258832 0.965922
    outer loop
      vertex 105.611 36.8677 9.48662
      vertex 106.5 35.5241 9.84664
      vertex 106.043 37.0908 9.42683
    endloop
  endfacet
  facet normal 6.827e-06 0.258826 0.965924
    outer loop
      vertex 105.232 36.5674 9.56709
      vertex 106.5 35.5241 9.84664
      vertex 105.611 36.8677 9.48662
    endloop
  endfacet
  facet normal -3.80998e-05 0.258775 0.965938
    outer loop
      vertex 106.5 35.5241 9.84664
      vertex 105.232 36.5674 9.56709
      vertex 106.312 35.3424 9.89531
    endloop
  endfacet
  facet normal 7.55436e-05 0.258947 0.965892
    outer loop
      vertex 107.5 34.1956 10.2026
      vertex 108.768 33.1523 10.4822
      vertex 107.688 34.3772 10.1539
    endloop
  endfacet
  facet normal -0.000102743 0.258745 0.965946
    outer loop
      vertex 108.768 33.1523 10.4822
      vertex 107.5 34.1956 10.2026
      vertex 108.389 32.852 10.5626
    endloop
  endfacet
  facet normal -5.85367e-06 0.258804 0.96593
    outer loop
      vertex 108.389 32.852 10.5626
      vertex 107.5 34.1956 10.2026
      vertex 107.957 32.6288 10.6224
    endloop
  endfacet
  facet normal 0.000209644 0.258863 0.965914
    outer loop
      vertex 107.263 34.079 10.2339
      vertex 107.957 32.6288 10.6224
      vertex 107.5 34.1956 10.2026
    endloop
  endfacet
  facet normal -1.56195e-05 0.258762 0.965941
    outer loop
      vertex 107.957 32.6288 10.6224
      vertex 107.263 34.079 10.2339
      vertex 107.488 32.4914 10.6592
    endloop
  endfacet
  facet normal -0.000248493 0.258732 0.965949
    outer loop
      vertex 107 34.0388 10.2446
      vertex 107.488 32.4914 10.6592
      vertex 107.263 34.079 10.2339
    endloop
  endfacet
  facet normal 0.000130474 0.258843 0.965919
    outer loop
      vertex 107 34.0388 10.2446
      vertex 107 32.445 10.6717
      vertex 107.488 32.4914 10.6592
    endloop
  endfacet
  facet normal 0.000248493 0.258732 0.965949
    outer loop
      vertex 106.512 32.4914 10.6592
      vertex 107 34.0388 10.2446
      vertex 106.737 34.079 10.2339
    endloop
  endfacet
  facet normal -0.000130474 0.258843 0.965919
    outer loop
      vertex 107 34.0388 10.2446
      vertex 106.512 32.4914 10.6592
      vertex 107 32.445 10.6717
    endloop
  endfacet
  facet normal -0.000209644 0.258863 0.965914
    outer loop
      vertex 106.043 32.6288 10.6224
      vertex 106.737 34.079 10.2339
      vertex 106.5 34.1956 10.2026
    endloop
  endfacet
  facet normal -7.55436e-05 0.258947 0.965892
    outer loop
      vertex 105.232 33.1523 10.4822
      vertex 106.5 34.1956 10.2026
      vertex 106.312 34.3772 10.1539
    endloop
  endfacet
  facet normal 8.26884e-05 0.258727 0.96595
    outer loop
      vertex 104.921 33.5182 10.3841
      vertex 106.312 34.3772 10.1539
      vertex 106.192 34.6061 10.0926
    endloop
  endfacet
  facet normal 1.70195e-05 0.258897 0.965905
    outer loop
      vertex 104.548 34.3887 10.1509
      vertex 106.192 34.6061 10.0926
      vertex 106.15 34.8598 10.0246
    endloop
  endfacet
  facet normal 1.56195e-05 0.258762 0.965941
    outer loop
      vertex 106.737 34.079 10.2339
      vertex 106.043 32.6288 10.6224
      vertex 106.512 32.4914 10.6592
    endloop
  endfacet
  facet normal -2.149e-05 0.258788 0.965934
    outer loop
      vertex 104.921 36.2014 9.66514
      vertex 106.312 35.3424 9.89531
      vertex 105.232 36.5674 9.56709
    endloop
  endfacet
  facet normal -7.89051e-06 0.258809 0.965929
    outer loop
      vertex 106.312 35.3424 9.89531
      vertex 104.921 36.2014 9.66514
      vertex 106.192 35.1135 9.95664
    endloop
  endfacet
  facet normal 5.85367e-06 0.258804 0.96593
    outer loop
      vertex 106.5 34.1956 10.2026
      vertex 105.611 32.852 10.5626
      vertex 106.043 32.6288 10.6224
    endloop
  endfacet
  facet normal 2.6225e-06 0.25882 0.965925
    outer loop
      vertex 104.69 35.7839 9.77701
      vertex 106.192 35.1135 9.95664
      vertex 104.921 36.2014 9.66514
    endloop
  endfacet
  facet normal 0.000102743 0.258745 0.965946
    outer loop
      vertex 106.5 34.1956 10.2026
      vertex 105.232 33.1523 10.4822
      vertex 105.611 32.852 10.5626
    endloop
  endfacet
  facet normal 9.48986e-07 0.258817 0.965926
    outer loop
      vertex 104.548 35.3309 9.89839
      vertex 106.192 35.1135 9.95664
      vertex 104.69 35.7839 9.77701
    endloop
  endfacet
  facet normal -4.69436e-05 0.258923 0.965898
    outer loop
      vertex 106.312 34.3772 10.1539
      vertex 104.921 33.5182 10.3841
      vertex 105.232 33.1523 10.4822
    endloop
  endfacet
  facet normal -7.97977e-06 0.258754 0.965943
    outer loop
      vertex 106.192 35.1135 9.95664
      vertex 104.548 35.3309 9.89839
      vertex 106.15 34.8598 10.0246
    endloop
  endfacet
  facet normal -4.29379e-05 0.258864 0.965914
    outer loop
      vertex 106.192 34.6061 10.0926
      vertex 104.69 33.9357 10.2722
      vertex 104.921 33.5182 10.3841
    endloop
  endfacet
  facet normal -0 0.258779 0.965937
    outer loop
      vertex 104.5 34.8598 10.0246
      vertex 106.15 34.8598 10.0246
      vertex 104.548 35.3309 9.89839
    endloop
  endfacet
  facet normal 4.89208e-05 0.258672 0.965965
    outer loop
      vertex 106.192 34.6061 10.0926
      vertex 104.548 34.3887 10.1509
      vertex 104.69 33.9357 10.2722
    endloop
  endfacet
  facet normal 0 0.258951 0.96589
    outer loop
      vertex 106.15 34.8598 10.0246
      vertex 104.5 34.8598 10.0246
      vertex 104.548 34.3887 10.1509
    endloop
  endfacet
  facet normal 0.471656 -0.851737 0.228221
    outer loop
      vertex 107.957 30.5864 3
      vertex 108.389 32.852 10.5626
      vertex 107.957 32.6288 10.6224
    endloop
  endfacet
  facet normal 0.47162 -0.851755 0.228228
    outer loop
      vertex 108.389 32.852 10.5626
      vertex 107.957 30.5864 3
      vertex 108.389 30.8256 3
    endloop
  endfacet
  facet normal 0.290235 -0.924347 0.247681
    outer loop
      vertex 107.488 30.4391 3
      vertex 107.957 32.6288 10.6224
      vertex 107.488 32.4914 10.6592
    endloop
  endfacet
  facet normal 0.290306 -0.924328 0.247671
    outer loop
      vertex 107.957 32.6288 10.6224
      vertex 107.488 30.4391 3
      vertex 107.957 30.5864 3
    endloop
  endfacet
  facet normal -0.881947 0.455287 -0.121993
    outer loop
      vertex 104.921 34.4155 3
      vertex 104.69 35.7839 9.77701
      vertex 104.921 36.2014 9.66514
    endloop
  endfacet
  facet normal -0.881958 0.455268 -0.121989
    outer loop
      vertex 104.69 35.7839 9.77701
      vertex 104.921 34.4155 3
      vertex 104.69 33.968 3
    endloop
  endfacet
  facet normal -0.995192 -0.0946035 0.0253485
    outer loop
      vertex 104.5 32.9776 3
      vertex 104.548 34.3887 10.1509
      vertex 104.5 34.8598 10.0246
    endloop
  endfacet
  facet normal -0.995193 -0.0945926 0.0253463
    outer loop
      vertex 104.548 34.3887 10.1509
      vertex 104.5 32.9776 3
      vertex 104.548 32.4726 3
    endloop
  endfacet
  facet normal 0.290244 0.924348 -0.247669
    outer loop
      vertex 107.957 35.3688 3
      vertex 107.488 37.2282 9.39001
      vertex 107.957 37.0908 9.42683
    endloop
  endfacet
  facet normal 0.290125 0.92438 -0.247687
    outer loop
      vertex 107.488 37.2282 9.39001
      vertex 107.957 35.3688 3
      vertex 107.488 35.516 3
    endloop
  endfacet
  facet normal -0.95709 0.279918 -0.075004
    outer loop
      vertex 104.69 33.968 3
      vertex 104.548 35.3309 9.89839
      vertex 104.69 35.7839 9.77701
    endloop
  endfacet
  facet normal -0.957086 0.27993 -0.0750064
    outer loop
      vertex 104.548 35.3309 9.89839
      vertex 104.69 33.968 3
      vertex 104.548 33.4825 3
    endloop
  endfacet
  facet normal -0.47162 -0.851755 0.228228
    outer loop
      vertex 106.043 30.5864 3
      vertex 105.611 32.852 10.5626
      vertex 105.611 30.8256 3
    endloop
  endfacet
  facet normal -0.471656 -0.851737 0.228221
    outer loop
      vertex 105.611 32.852 10.5626
      vertex 106.043 30.5864 3
      vertex 106.043 32.6288 10.6224
    endloop
  endfacet
  facet normal 0.95709 0.279918 -0.075004
    outer loop
      vertex 109.452 35.3309 9.89839
      vertex 109.31 33.968 3
      vertex 109.31 35.7839 9.77701
    endloop
  endfacet
  facet normal 0.957086 0.27993 -0.0750064
    outer loop
      vertex 109.31 33.968 3
      vertex 109.452 35.3309 9.89839
      vertex 109.452 33.4825 3
    endloop
  endfacet
  facet normal -0.881951 -0.45528 0.121993
    outer loop
      vertex 104.69 31.9871 3
      vertex 104.921 33.5182 10.3841
      vertex 104.69 33.9357 10.2722
    endloop
  endfacet
  facet normal -0.881915 -0.455347 0.122006
    outer loop
      vertex 104.921 33.5182 10.3841
      vertex 104.69 31.9871 3
      vertex 104.921 31.5397 3
    endloop
  endfacet
  facet normal -0.772902 -0.612906 0.164222
    outer loop
      vertex 104.921 31.5397 3
      vertex 105.232 33.1523 10.4822
      vertex 104.921 33.5182 10.3841
    endloop
  endfacet
  facet normal -0.772914 -0.612892 0.16422
    outer loop
      vertex 105.232 33.1523 10.4822
      vertex 104.921 31.5397 3
      vertex 105.232 31.1475 3
    endloop
  endfacet
  facet normal 0.634219 0.746807 -0.200112
    outer loop
      vertex 108.768 34.8077 3
      vertex 108.389 36.8677 9.48662
      vertex 108.768 36.5674 9.56709
    endloop
  endfacet
  facet normal 0.634264 0.746773 -0.200099
    outer loop
      vertex 108.389 36.8677 9.48662
      vertex 108.768 34.8077 3
      vertex 108.389 35.1296 3
    endloop
  endfacet
  facet normal 0.471498 0.851818 -0.228246
    outer loop
      vertex 108.389 35.1296 3
      vertex 107.957 37.0908 9.42683
      vertex 108.389 36.8677 9.48662
    endloop
  endfacet
  facet normal 0.471621 0.851757 -0.228219
    outer loop
      vertex 107.957 37.0908 9.42683
      vertex 108.389 35.1296 3
      vertex 107.957 35.3688 3
    endloop
  endfacet
  facet normal -0.0979014 -0.961285 0.257578
    outer loop
      vertex 107 30.3894 3
      vertex 106.512 32.4914 10.6592
      vertex 106.512 30.4391 3
    endloop
  endfacet
  facet normal -0.0979977 -0.961277 0.25757
    outer loop
      vertex 106.512 32.4914 10.6592
      vertex 107 30.3894 3
      vertex 107 32.445 10.6717
    endloop
  endfacet
  facet normal 0.881951 -0.45528 0.121993
    outer loop
      vertex 109.079 33.5182 10.3841
      vertex 109.31 31.9871 3
      vertex 109.31 33.9357 10.2722
    endloop
  endfacet
  facet normal 0.881915 -0.455347 0.122006
    outer loop
      vertex 109.31 31.9871 3
      vertex 109.079 33.5182 10.3841
      vertex 109.079 31.5397 3
    endloop
  endfacet
  facet normal -0.772971 0.612823 -0.16421
    outer loop
      vertex 105.232 34.8077 3
      vertex 104.921 36.2014 9.66514
      vertex 105.232 36.5674 9.56709
    endloop
  endfacet
  facet normal -0.772913 0.612892 -0.164222
    outer loop
      vertex 104.921 36.2014 9.66514
      vertex 105.232 34.8077 3
      vertex 104.921 34.4155 3
    endloop
  endfacet
  facet normal 0.957086 -0.279929 0.0750076
    outer loop
      vertex 109.31 33.9357 10.2722
      vertex 109.452 32.4726 3
      vertex 109.452 34.3887 10.1509
    endloop
  endfacet
  facet normal 0.957086 -0.27993 0.0750079
    outer loop
      vertex 109.452 32.4726 3
      vertex 109.31 33.9357 10.2722
      vertex 109.31 31.9871 3
    endloop
  endfacet
  facet normal 0.995192 0.0946079 -0.0253499
    outer loop
      vertex 109.5 34.8598 10.0246
      vertex 109.452 33.4825 3
      vertex 109.452 35.3309 9.89839
    endloop
  endfacet
  facet normal 0.995191 0.0946112 -0.0253505
    outer loop
      vertex 109.452 33.4825 3
      vertex 109.5 34.8598 10.0246
      vertex 109.5 32.9776 3
    endloop
  endfacet
  facet normal 0.634197 -0.746826 0.200112
    outer loop
      vertex 108.389 30.8256 3
      vertex 108.768 33.1523 10.4822
      vertex 108.389 32.852 10.5626
    endloop
  endfacet
  facet normal 0.634265 -0.746774 0.200092
    outer loop
      vertex 108.768 33.1523 10.4822
      vertex 108.389 30.8256 3
      vertex 108.768 31.1475 3
    endloop
  endfacet
  facet normal -0.634265 -0.746774 0.200092
    outer loop
      vertex 105.611 30.8256 3
      vertex 105.232 33.1523 10.4822
      vertex 105.232 31.1475 3
    endloop
  endfacet
  facet normal -0.634197 -0.746826 0.200112
    outer loop
      vertex 105.232 33.1523 10.4822
      vertex 105.611 30.8256 3
      vertex 105.611 32.852 10.5626
    endloop
  endfacet
  facet normal -0.995192 0.0946079 -0.0253499
    outer loop
      vertex 104.548 33.4825 3
      vertex 104.5 34.8598 10.0246
      vertex 104.548 35.3309 9.89839
    endloop
  endfacet
  facet normal -0.995191 0.0946112 -0.0253505
    outer loop
      vertex 104.5 34.8598 10.0246
      vertex 104.548 33.4825 3
      vertex 104.5 32.9776 3
    endloop
  endfacet
  facet normal 0.772971 0.612823 -0.16421
    outer loop
      vertex 109.079 36.2014 9.66514
      vertex 108.768 34.8077 3
      vertex 108.768 36.5674 9.56709
    endloop
  endfacet
  facet normal 0.772913 0.612892 -0.164222
    outer loop
      vertex 108.768 34.8077 3
      vertex 109.079 36.2014 9.66514
      vertex 109.079 34.4155 3
    endloop
  endfacet
  facet normal -0.290306 -0.924328 0.247671
    outer loop
      vertex 106.512 30.4391 3
      vertex 106.043 32.6288 10.6224
      vertex 106.043 30.5864 3
    endloop
  endfacet
  facet normal -0.290235 -0.924347 0.247681
    outer loop
      vertex 106.043 32.6288 10.6224
      vertex 106.512 30.4391 3
      vertex 106.512 32.4914 10.6592
    endloop
  endfacet
  facet normal 0 0 -1
    outer loop
      vertex 64.2262 7.64384 0
      vertex 93.5 14.574 0
      vertex 64.2268 7.64186 0
    endloop
  endfacet
  facet normal 0 0 -1
    outer loop
      vertex 93.5 28.0326 0
      vertex 64.2271 36.3602 0
      vertex 64.2901 37 0
    endloop
  endfacet
  facet normal 0 0 -1
    outer loop
      vertex 64.0396 8.25905 0
      vertex 93.5 14.574 0
      vertex 64.2262 7.64384 0
    endloop
  endfacet
  facet normal 0 0 -1
    outer loop
      vertex 93.5 28.0326 0
      vertex 64.2268 36.3581 0
      vertex 64.2271 36.3602 0
    endloop
  endfacet
  facet normal 0 0 -1
    outer loop
      vertex 64.0386 8.26088 0
      vertex 93.5 14.574 0
      vertex 64.0396 8.25905 0
    endloop
  endfacet
  facet normal 0 0 -1
    outer loop
      vertex 93.5 28.0326 0
      vertex 64.2262 36.3562 0
      vertex 64.2268 36.3581 0
    endloop
  endfacet
  facet normal 0 0 -1
    outer loop
      vertex 63.7356 8.82786 0
      vertex 93.5 14.574 0
      vertex 64.0386 8.26088 0
    endloop
  endfacet
  facet normal 0 0 -1
    outer loop
      vertex 93.5 28.0326 0
      vertex 64.0396 35.7409 0
      vertex 64.2262 36.3562 0
    endloop
  endfacet
  facet normal 0 0 -1
    outer loop
      vertex 63.3277 9.32483 0
      vertex 93.5 14.574 0
      vertex 63.7356 8.82786 0
    endloop
  endfacet
  facet normal 0 0 -1
    outer loop
      vertex 93.5 28.0326 0
      vertex 64.0386 35.7391 0
      vertex 64.0396 35.7409 0
    endloop
  endfacet
  facet normal 0 0 -1
    outer loop
      vertex 63.3264 9.32643 0
      vertex 93.5 14.574 0
      vertex 63.3277 9.32483 0
    endloop
  endfacet
  facet normal 0 0 -1
    outer loop
      vertex 93.5 28.0326 0
      vertex 63.7356 35.1721 0
      vertex 64.0386 35.7391 0
    endloop
  endfacet
  facet normal -0 0 -1
    outer loop
      vertex 93.5 14.574 0
      vertex 63.3264 9.32643 0
      vertex 93.5 28.0326 0
    endloop
  endfacet
  facet normal 0 0 -1
    outer loop
      vertex 93.5 28.0326 0
      vertex 63.3277 34.6752 0
      vertex 63.7356 35.1721 0
    endloop
  endfacet
  facet normal 0 0 -1
    outer loop
      vertex 63.3264 34.6736 0
      vertex 93.5 28.0326 0
      vertex 63.3264 9.32643 0
    endloop
  endfacet
  facet normal 0 0 -1
    outer loop
      vertex 93.5 28.0326 0
      vertex 63.3264 34.6736 0
      vertex 63.3277 34.6752 0
    endloop
  endfacet
  facet normal 0 0 -1
    outer loop
      vertex 63.3248 9.32774 0
      vertex 63.3264 34.6736 0
      vertex 63.3264 9.32643 0
    endloop
  endfacet
  facet normal 0 0 -1
    outer loop
      vertex 63.3248 9.32774 0
      vertex 63.3248 34.6723 0
      vertex 63.3264 34.6736 0
    endloop
  endfacet
  facet normal 0 0 -1
    outer loop
      vertex 62.8279 9.73559 0
      vertex 63.3248 34.6723 0
      vertex 63.3248 9.32774 0
    endloop
  endfacet
  facet normal 0 0 -1
    outer loop
      vertex 62.8279 9.73559 0
      vertex 62.8279 34.2644 0
      vertex 63.3248 34.6723 0
    endloop
  endfacet
  facet normal 0 0 -1
    outer loop
      vertex 62.2609 10.0386 0
      vertex 62.8279 34.2644 0
      vertex 62.8279 9.73559 0
    endloop
  endfacet
  facet normal 0 0 -1
    outer loop
      vertex 62.2609 10.0386 0
      vertex 62.2609 33.9614 0
      vertex 62.8279 34.2644 0
    endloop
  endfacet
  facet normal 0 0 -1
    outer loop
      vertex 62.2591 10.0396 0
      vertex 62.2609 33.9614 0
      vertex 62.2609 10.0386 0
    endloop
  endfacet
  facet normal 0 0 -1
    outer loop
      vertex 62.2591 10.0396 0
      vertex 62.2591 33.9604 0
      vertex 62.2609 33.9614 0
    endloop
  endfacet
  facet normal 0 0 -1
    outer loop
      vertex 61.6438 10.2262 0
      vertex 62.2591 33.9604 0
      vertex 62.2591 10.0396 0
    endloop
  endfacet
  facet normal 0 0 -1
    outer loop
      vertex 61.6438 10.2262 0
      vertex 61.6438 33.7738 0
      vertex 62.2591 33.9604 0
    endloop
  endfacet
  facet normal 0 0 -1
    outer loop
      vertex 61.6419 10.2268 0
      vertex 61.6438 33.7738 0
      vertex 61.6438 10.2262 0
    endloop
  endfacet
  facet normal 0 0 -1
    outer loop
      vertex 61.6419 10.2268 0
      vertex 61.6419 33.7732 0
      vertex 61.6438 33.7738 0
    endloop
  endfacet
  facet normal 0 0 -1
    outer loop
      vertex 61.6398 10.227 0
      vertex 61.6419 33.7732 0
      vertex 61.6419 10.2268 0
    endloop
  endfacet
  facet normal 0 0 -1
    outer loop
      vertex 61.6398 10.227 0
      vertex 61.6398 33.773 0
      vertex 61.6419 33.7732 0
    endloop
  endfacet
  facet normal 0 0 -1
    outer loop
      vertex 61 10.2901 0
      vertex 61.6398 33.773 0
      vertex 61.6398 10.227 0
    endloop
  endfacet
  facet normal 0 0 -1
    outer loop
      vertex 61 10.2901 0
      vertex 61 33.7099 0
      vertex 61.6398 33.773 0
    endloop
  endfacet
  facet normal 0 0 -1
    outer loop
      vertex 60.3602 10.227 0
      vertex 61 33.7099 0
      vertex 61 10.2901 0
    endloop
  endfacet
  facet normal 0 0 -1
    outer loop
      vertex 60.3602 10.227 0
      vertex 60.3602 33.773 0
      vertex 61 33.7099 0
    endloop
  endfacet
  facet normal 0 0 -1
    outer loop
      vertex 60.3581 10.2268 0
      vertex 60.3602 33.773 0
      vertex 60.3602 10.227 0
    endloop
  endfacet
  facet normal 0 0 -1
    outer loop
      vertex 60.3581 10.2268 0
      vertex 60.3581 33.7732 0
      vertex 60.3602 33.773 0
    endloop
  endfacet
  facet normal 0 0 -1
    outer loop
      vertex 60.3562 10.2262 0
      vertex 60.3581 33.7732 0
      vertex 60.3581 10.2268 0
    endloop
  endfacet
  facet normal 0 0 -1
    outer loop
      vertex 60.3562 10.2262 0
      vertex 60.3562 33.7738 0
      vertex 60.3581 33.7732 0
    endloop
  endfacet
  facet normal 0 0 -1
    outer loop
      vertex 59.7409 10.0396 0
      vertex 60.3562 33.7738 0
      vertex 60.3562 10.2262 0
    endloop
  endfacet
  facet normal 0 0 -1
    outer loop
      vertex 59.7409 10.0396 0
      vertex 59.7409 33.9604 0
      vertex 60.3562 33.7738 0
    endloop
  endfacet
  facet normal 0 0 -1
    outer loop
      vertex 59.7391 10.0386 0
      vertex 59.7409 33.9604 0
      vertex 59.7409 10.0396 0
    endloop
  endfacet
  facet normal 0 0 -1
    outer loop
      vertex 59.7391 10.0386 0
      vertex 59.7391 33.9614 0
      vertex 59.7409 33.9604 0
    endloop
  endfacet
  facet normal 0 0 -1
    outer loop
      vertex 59.1721 9.73559 0
      vertex 59.7391 33.9614 0
      vertex 59.7391 10.0386 0
    endloop
  endfacet
  facet normal 0 0 -1
    outer loop
      vertex 59.1721 9.73559 0
      vertex 59.1721 34.2644 0
      vertex 59.7391 33.9614 0
    endloop
  endfacet
  facet normal 0 0 -1
    outer loop
      vertex 58.6752 9.32774 0
      vertex 59.1721 34.2644 0
      vertex 59.1721 9.73559 0
    endloop
  endfacet
  facet normal 0 0 -1
    outer loop
      vertex 58.6752 9.32774 0
      vertex 58.6752 34.6723 0
      vertex 59.1721 34.2644 0
    endloop
  endfacet
  facet normal 0 0 -1
    outer loop
      vertex 58.6736 9.32643 0
      vertex 58.6752 34.6723 0
      vertex 58.6752 9.32774 0
    endloop
  endfacet
  facet normal 0 0 -1
    outer loop
      vertex 58.6736 9.32643 0
      vertex 58.6736 34.6736 0
      vertex 58.6752 34.6723 0
    endloop
  endfacet
  facet normal 0 0 -1
    outer loop
      vertex 54 6 0
      vertex 58.6736 9.32643 0
      vertex 58.6723 9.32483 0
    endloop
  endfacet
  facet normal -0 0 -1
    outer loop
      vertex 58.6736 9.32643 0
      vertex 54 6 0
      vertex 58.6736 34.6736 0
    endloop
  endfacet
  facet normal 0 0 -1
    outer loop
      vertex 54 6 0
      vertex 58.6723 9.32483 0
      vertex 58.2644 8.82786 0
    endloop
  endfacet
  facet normal 0 0 -1
    outer loop
      vertex 54 38 0
      vertex 58.6736 34.6736 0
      vertex 54 6 0
    endloop
  endfacet
  facet normal 0 0 -1
    outer loop
      vertex 54 6 0
      vertex 58.2644 8.82786 0
      vertex 57.9614 8.26088 0
    endloop
  endfacet
  facet normal 0 0 -1
    outer loop
      vertex 58.6736 34.6736 0
      vertex 54 38 0
      vertex 58.6723 34.6752 0
    endloop
  endfacet
  facet normal 0 0 -1
    outer loop
      vertex 54 6 0
      vertex 57.9614 8.26088 0
      vertex 57.9604 8.25905 0
    endloop
  endfacet
  facet normal 0 0 -1
    outer loop
      vertex 58.6723 34.6752 0
      vertex 54 38 0
      vertex 58.2644 35.1721 0
    endloop
  endfacet
  facet normal 0 0 -1
    outer loop
      vertex 54 6 0
      vertex 57.9604 8.25905 0
      vertex 57.7738 7.64384 0
    endloop
  endfacet
  facet normal 0 0 -1
    outer loop
      vertex 58.2644 35.1721 0
      vertex 54 38 0
      vertex 57.9614 35.7391 0
    endloop
  endfacet
  facet normal 0 0 -1
    outer loop
      vertex 54 6 0
      vertex 57.7738 7.64384 0
      vertex 57.7732 7.64186 0
    endloop
  endfacet
  facet normal 0 0 -1
    outer loop
      vertex 57.9614 35.7391 0
      vertex 54 38 0
      vertex 57.9604 35.7409 0
    endloop
  endfacet
  facet normal 0 0 -1
    outer loop
      vertex 54 6 0
      vertex 57.7732 7.64186 0
      vertex 57.773 7.6398 0
    endloop
  endfacet
  facet normal 0 0 -1
    outer loop
      vertex 57.9604 35.7409 0
      vertex 54 38 0
      vertex 57.7738 36.3562 0
    endloop
  endfacet
  facet normal 0 0 -1
    outer loop
      vertex 54 6 0
      vertex 57.773 7.6398 0
      vertex 57.7099 7 0
    endloop
  endfacet
  facet normal 0 0 -1
    outer loop
      vertex 57.7738 36.3562 0
      vertex 54 38 0
      vertex 57.7732 36.3581 0
    endloop
  endfacet
  facet normal 0 0 -1
    outer loop
      vertex 146.226 7.64384 0
      vertex 150 6 0
      vertex 146.227 7.64186 0
    endloop
  endfacet
  facet normal 0 0 -1
    outer loop
      vertex 150 38 0
      vertex 146.227 36.3602 0
      vertex 146.29 37 0
    endloop
  endfacet
  facet normal 0 0 -1
    outer loop
      vertex 146.04 8.25905 0
      vertex 150 6 0
      vertex 146.226 7.64384 0
    endloop
  endfacet
  facet normal 0 0 -1
    outer loop
      vertex 150 38 0
      vertex 146.227 36.3581 0
      vertex 146.227 36.3602 0
    endloop
  endfacet
  facet normal 0 0 -1
    outer loop
      vertex 146.039 8.26088 0
      vertex 150 6 0
      vertex 146.04 8.25905 0
    endloop
  endfacet
  facet normal 0 0 -1
    outer loop
      vertex 150 38 0
      vertex 146.226 36.3562 0
      vertex 146.227 36.3581 0
    endloop
  endfacet
  facet normal 0 0 -1
    outer loop
      vertex 145.736 8.82786 0
      vertex 150 6 0
      vertex 146.039 8.26088 0
    endloop
  endfacet
  facet normal 0 0 -1
    outer loop
      vertex 150 38 0
      vertex 146.04 35.7409 0
      vertex 146.226 36.3562 0
    endloop
  endfacet
  facet normal 0 0 -1
    outer loop
      vertex 145.328 9.32483 0
      vertex 150 6 0
      vertex 145.736 8.82786 0
    endloop
  endfacet
  facet normal 0 0 -1
    outer loop
      vertex 150 38 0
      vertex 146.039 35.7391 0
      vertex 146.04 35.7409 0
    endloop
  endfacet
  facet normal 0 0 -1
    outer loop
      vertex 145.326 9.32643 0
      vertex 150 6 0
      vertex 145.328 9.32483 0
    endloop
  endfacet
  facet normal 0 0 -1
    outer loop
      vertex 150 38 0
      vertex 145.736 35.1721 0
      vertex 146.039 35.7391 0
    endloop
  endfacet
  facet normal 0 0 -1
    outer loop
      vertex 150 6 0
      vertex 145.326 9.32643 0
      vertex 150 38 0
    endloop
  endfacet
  facet normal 0 0 -1
    outer loop
      vertex 150 38 0
      vertex 145.328 34.6752 0
      vertex 145.736 35.1721 0
    endloop
  endfacet
  facet normal 0 0 -1
    outer loop
      vertex 145.326 34.6736 0
      vertex 150 38 0
      vertex 145.326 9.32643 0
    endloop
  endfacet
  facet normal 0 0 -1
    outer loop
      vertex 150 38 0
      vertex 145.326 34.6736 0
      vertex 145.328 34.6752 0
    endloop
  endfacet
  facet normal 0 0 -1
    outer loop
      vertex 145.325 9.32774 0
      vertex 145.326 34.6736 0
      vertex 145.326 9.32643 0
    endloop
  endfacet
  facet normal 0 0 -1
    outer loop
      vertex 145.325 9.32774 0
      vertex 145.325 34.6723 0
      vertex 145.326 34.6736 0
    endloop
  endfacet
  facet normal 0 0 -1
    outer loop
      vertex 144.828 9.73559 0
      vertex 145.325 34.6723 0
      vertex 145.325 9.32774 0
    endloop
  endfacet
  facet normal 0 0 -1
    outer loop
      vertex 144.828 9.73559 0
      vertex 144.828 34.2644 0
      vertex 145.325 34.6723 0
    endloop
  endfacet
  facet normal 0 0 -1
    outer loop
      vertex 144.261 10.0386 0
      vertex 144.828 34.2644 0
      vertex 144.828 9.73559 0
    endloop
  endfacet
  facet normal 0 0 -1
    outer loop
      vertex 144.261 10.0386 0
      vertex 144.261 33.9614 0
      vertex 144.828 34.2644 0
    endloop
  endfacet
  facet normal 0 0 -1
    outer loop
      vertex 144.259 10.0396 0
      vertex 144.261 33.9614 0
      vertex 144.261 10.0386 0
    endloop
  endfacet
  facet normal 0 0 -1
    outer loop
      vertex 144.259 10.0396 0
      vertex 144.259 33.9604 0
      vertex 144.261 33.9614 0
    endloop
  endfacet
  facet normal 0 0 -1
    outer loop
      vertex 143.644 10.2262 0
      vertex 144.259 33.9604 0
      vertex 144.259 10.0396 0
    endloop
  endfacet
  facet normal 0 0 -1
    outer loop
      vertex 143.644 10.2262 0
      vertex 143.644 33.7738 0
      vertex 144.259 33.9604 0
    endloop
  endfacet
  facet normal 0 0 -1
    outer loop
      vertex 143.642 10.2268 0
      vertex 143.644 33.7738 0
      vertex 143.644 10.2262 0
    endloop
  endfacet
  facet normal 0 0 -1
    outer loop
      vertex 143.642 10.2268 0
      vertex 143.642 33.7732 0
      vertex 143.644 33.7738 0
    endloop
  endfacet
  facet normal 0 0 -1
    outer loop
      vertex 143.64 10.227 0
      vertex 143.642 33.7732 0
      vertex 143.642 10.2268 0
    endloop
  endfacet
  facet normal 0 0 -1
    outer loop
      vertex 143.64 10.227 0
      vertex 143.64 33.773 0
      vertex 143.642 33.7732 0
    endloop
  endfacet
  facet normal 0 0 -1
    outer loop
      vertex 143 10.2901 0
      vertex 143.64 33.773 0
      vertex 143.64 10.227 0
    endloop
  endfacet
  facet normal 0 0 -1
    outer loop
      vertex 143 10.2901 0
      vertex 143 33.7099 0
      vertex 143.64 33.773 0
    endloop
  endfacet
  facet normal 0 0 -1
    outer loop
      vertex 142.36 10.227 0
      vertex 143 33.7099 0
      vertex 143 10.2901 0
    endloop
  endfacet
  facet normal 0 0 -1
    outer loop
      vertex 142.36 10.227 0
      vertex 142.36 33.773 0
      vertex 143 33.7099 0
    endloop
  endfacet
  facet normal 0 0 -1
    outer loop
      vertex 142.358 10.2268 0
      vertex 142.36 33.773 0
      vertex 142.36 10.227 0
    endloop
  endfacet
  facet normal 0 0 -1
    outer loop
      vertex 142.358 10.2268 0
      vertex 142.358 33.7732 0
      vertex 142.36 33.773 0
    endloop
  endfacet
  facet normal 0 0 -1
    outer loop
      vertex 142.356 10.2262 0
      vertex 142.358 33.7732 0
      vertex 142.358 10.2268 0
    endloop
  endfacet
  facet normal 0 0 -1
    outer loop
      vertex 142.356 10.2262 0
      vertex 142.356 33.7738 0
      vertex 142.358 33.7732 0
    endloop
  endfacet
  facet normal 0 0 -1
    outer loop
      vertex 141.741 10.0396 0
      vertex 142.356 33.7738 0
      vertex 142.356 10.2262 0
    endloop
  endfacet
  facet normal 0 0 -1
    outer loop
      vertex 141.741 10.0396 0
      vertex 141.741 33.9604 0
      vertex 142.356 33.7738 0
    endloop
  endfacet
  facet normal 0 0 -1
    outer loop
      vertex 141.739 10.0386 0
      vertex 141.741 33.9604 0
      vertex 141.741 10.0396 0
    endloop
  endfacet
  facet normal 0 0 -1
    outer loop
      vertex 141.739 10.0386 0
      vertex 141.739 33.9614 0
      vertex 141.741 33.9604 0
    endloop
  endfacet
  facet normal 0 0 -1
    outer loop
      vertex 141.172 9.73559 0
      vertex 141.739 33.9614 0
      vertex 141.739 10.0386 0
    endloop
  endfacet
  facet normal 0 0 -1
    outer loop
      vertex 141.172 9.73559 0
      vertex 141.172 34.2644 0
      vertex 141.739 33.9614 0
    endloop
  endfacet
  facet normal 0 0 -1
    outer loop
      vertex 140.675 9.32774 0
      vertex 141.172 34.2644 0
      vertex 141.172 9.73559 0
    endloop
  endfacet
  facet normal 0 0 -1
    outer loop
      vertex 140.675 9.32774 0
      vertex 140.675 34.6723 0
      vertex 141.172 34.2644 0
    endloop
  endfacet
  facet normal 0 0 -1
    outer loop
      vertex 140.674 9.32643 0
      vertex 140.675 34.6723 0
      vertex 140.675 9.32774 0
    endloop
  endfacet
  facet normal 0 0 -1
    outer loop
      vertex 140.674 9.32643 0
      vertex 140.674 34.6736 0
      vertex 140.675 34.6723 0
    endloop
  endfacet
  facet normal 0 0 -1
    outer loop
      vertex 110.5 14.574 0
      vertex 140.674 9.32643 0
      vertex 140.672 9.32483 0
    endloop
  endfacet
  facet normal 0 0 -1
    outer loop
      vertex 140.674 9.32643 0
      vertex 110.5 28.0326 0
      vertex 140.674 34.6736 0
    endloop
  endfacet
  facet normal 0 0 -1
    outer loop
      vertex 110.5 14.574 0
      vertex 140.672 9.32483 0
      vertex 140.264 8.82786 0
    endloop
  endfacet
  facet normal -0 0 -1
    outer loop
      vertex 140.674 34.6736 0
      vertex 110.5 28.0326 0
      vertex 140.672 34.6752 0
    endloop
  endfacet
  facet normal 0 0 -1
    outer loop
      vertex 110.5 14.574 0
      vertex 140.264 8.82786 0
      vertex 139.961 8.26088 0
    endloop
  endfacet
  facet normal -0 0 -1
    outer loop
      vertex 140.672 34.6752 0
      vertex 110.5 28.0326 0
      vertex 140.264 35.1721 0
    endloop
  endfacet
  facet normal 0 0 -1
    outer loop
      vertex 110.5 14.574 0
      vertex 139.961 8.26088 0
      vertex 139.96 8.25905 0
    endloop
  endfacet
  facet normal -0 0 -1
    outer loop
      vertex 140.264 35.1721 0
      vertex 110.5 28.0326 0
      vertex 139.961 35.7391 0
    endloop
  endfacet
  facet normal 0 0 -1
    outer loop
      vertex 110.5 14.574 0
      vertex 139.96 8.25905 0
      vertex 139.774 7.64384 0
    endloop
  endfacet
  facet normal -0 0 -1
    outer loop
      vertex 139.961 35.7391 0
      vertex 110.5 28.0326 0
      vertex 139.96 35.7409 0
    endloop
  endfacet
  facet normal 0 0 -1
    outer loop
      vertex 110.5 14.574 0
      vertex 139.774 7.64384 0
      vertex 139.773 7.64186 0
    endloop
  endfacet
  facet normal -0 0 -1
    outer loop
      vertex 139.96 35.7409 0
      vertex 110.5 28.0326 0
      vertex 139.774 36.3562 0
    endloop
  endfacet
  facet normal 0 0 -1
    outer loop
      vertex 110.5 14.574 0
      vertex 139.773 7.64186 0
      vertex 139.773 7.6398 0
    endloop
  endfacet
  facet normal -0 0 -1
    outer loop
      vertex 139.774 36.3562 0
      vertex 110.5 28.0326 0
      vertex 139.773 36.3581 0
    endloop
  endfacet
  facet normal 0 0 -1
    outer loop
      vertex 110.5 14.574 0
      vertex 139.773 7.6398 0
      vertex 139.71 7 0
    endloop
  endfacet
  facet normal -0 0 -1
    outer loop
      vertex 139.773 36.3581 0
      vertex 110.5 28.0326 0
      vertex 139.773 36.3602 0
    endloop
  endfacet
  facet normal 0 0 -1
    outer loop
      vertex 146.226 6.35616 0
      vertex 150 6 0
      vertex 149.816 4.52708 0
    endloop
  endfacet
  facet normal 0 0 -1
    outer loop
      vertex 146.227 7.6398 0
      vertex 150 6 0
      vertex 146.29 7 0
    endloop
  endfacet
  facet normal 0 0 -1
    outer loop
      vertex 145.736 5.17214 0
      vertex 149.816 4.52708 0
      vertex 149.023 2.71831 0
    endloop
  endfacet
  facet normal 0 0 -1
    outer loop
      vertex 146.227 7.64186 0
      vertex 150 6 0
      vertex 146.227 7.6398 0
    endloop
  endfacet
  facet normal 0 0 -1
    outer loop
      vertex 145.326 4.67357 0
      vertex 149.023 2.71831 0
      vertex 147.685 1.26515 0
    endloop
  endfacet
  facet normal 0 0 -1
    outer loop
      vertex 146.227 37.6398 0
      vertex 150 38 0
      vertex 146.29 37 0
    endloop
  endfacet
  facet normal 0 0 -1
    outer loop
      vertex 146.227 37.6419 0
      vertex 150 38 0
      vertex 146.227 37.6398 0
    endloop
  endfacet
  facet normal 0 0 -1
    outer loop
      vertex 150 6 0
      vertex 146.227 6.3602 0
      vertex 146.29 7 0
    endloop
  endfacet
  facet normal 0 0 -1
    outer loop
      vertex 150 6 0
      vertex 146.227 6.35814 0
      vertex 146.227 6.3602 0
    endloop
  endfacet
  facet normal 0 0 -1
    outer loop
      vertex 150 6 0
      vertex 146.226 6.35616 0
      vertex 146.227 6.35814 0
    endloop
  endfacet
  facet normal 0 0 -1
    outer loop
      vertex 149.816 4.52708 0
      vertex 146.04 5.74095 0
      vertex 146.226 6.35616 0
    endloop
  endfacet
  facet normal 0 0 -1
    outer loop
      vertex 149.816 4.52708 0
      vertex 146.039 5.73912 0
      vertex 146.04 5.74095 0
    endloop
  endfacet
  facet normal 0 0 -1
    outer loop
      vertex 144.828 4.26441 0
      vertex 147.685 1.26515 0
      vertex 145.948 0.325104 0
    endloop
  endfacet
  facet normal 0 0 -1
    outer loop
      vertex 149.816 4.52708 0
      vertex 145.736 5.17214 0
      vertex 146.039 5.73912 0
    endloop
  endfacet
  facet normal 0 0 -1
    outer loop
      vertex 149.023 2.71831 0
      vertex 145.328 4.67517 0
      vertex 145.736 5.17214 0
    endloop
  endfacet
  facet normal 0 0 -1
    outer loop
      vertex 149.023 2.71831 0
      vertex 145.326 4.67357 0
      vertex 145.328 4.67517 0
    endloop
  endfacet
  facet normal 0 0 -1
    outer loop
      vertex 147.685 1.26515 0
      vertex 145.325 4.67226 0
      vertex 145.326 4.67357 0
    endloop
  endfacet
  facet normal 0 0 -1
    outer loop
      vertex 147.685 1.26515 0
      vertex 144.828 4.26441 0
      vertex 145.325 4.67226 0
    endloop
  endfacet
  facet normal 0 0 -1
    outer loop
      vertex 145.948 0.325104 0
      vertex 144.261 3.96135 0
      vertex 144.828 4.26441 0
    endloop
  endfacet
  facet normal 0 0 -1
    outer loop
      vertex 145.948 0.325104 0
      vertex 144.259 3.96038 0
      vertex 144.261 3.96135 0
    endloop
  endfacet
  facet normal 0 0 -1
    outer loop
      vertex 144 0 0
      vertex 144.259 3.96038 0
      vertex 145.948 0.325104 0
    endloop
  endfacet
  facet normal 0 0 -1
    outer loop
      vertex 144 0 0
      vertex 143.644 3.77376 0
      vertex 144.259 3.96038 0
    endloop
  endfacet
  facet normal 0 0 -1
    outer loop
      vertex 144 0 0
      vertex 143.642 3.77315 0
      vertex 143.644 3.77376 0
    endloop
  endfacet
  facet normal 0 0 -1
    outer loop
      vertex 144 0 0
      vertex 143.64 3.77295 0
      vertex 143.642 3.77315 0
    endloop
  endfacet
  facet normal 0 0 -1
    outer loop
      vertex 144 0 0
      vertex 143 3.70994 0
      vertex 143.64 3.77295 0
    endloop
  endfacet
  facet normal 0 0 -1
    outer loop
      vertex 144 0 0
      vertex 142.36 3.77295 0
      vertex 143 3.70994 0
    endloop
  endfacet
  facet normal 0 0 -1
    outer loop
      vertex 144 0 0
      vertex 142.358 3.77315 0
      vertex 142.36 3.77295 0
    endloop
  endfacet
  facet normal 0 0 -1
    outer loop
      vertex 144 0 0
      vertex 142.356 3.77376 0
      vertex 142.358 3.77315 0
    endloop
  endfacet
  facet normal 0 0 -1
    outer loop
      vertex 144 0 0
      vertex 141.741 3.96038 0
      vertex 142.356 3.77376 0
    endloop
  endfacet
  facet normal 0 0 -1
    outer loop
      vertex 144 0 0
      vertex 141.739 3.96135 0
      vertex 141.741 3.96038 0
    endloop
  endfacet
  facet normal 0 0 -1
    outer loop
      vertex 144 0 0
      vertex 141.172 4.26441 0
      vertex 141.739 3.96135 0
    endloop
  endfacet
  facet normal 0 0 -1
    outer loop
      vertex 144 0 0
      vertex 140.675 4.67226 0
      vertex 141.172 4.26441 0
    endloop
  endfacet
  facet normal 0 0 -1
    outer loop
      vertex 144 0 0
      vertex 140.674 4.67357 0
      vertex 140.675 4.67226 0
    endloop
  endfacet
  facet normal 0 0 -1
    outer loop
      vertex 110.5 14.574 0
      vertex 140.674 4.67357 0
      vertex 144 0 0
    endloop
  endfacet
  facet normal 0 0 -1
    outer loop
      vertex 140.674 4.67357 0
      vertex 110.5 14.574 0
      vertex 140.672 4.67517 0
    endloop
  endfacet
  facet normal 0 0 -1
    outer loop
      vertex 110.5 14.574 0
      vertex 139.961 5.73912 0
      vertex 140.264 5.17214 0
    endloop
  endfacet
  facet normal 0 0 -1
    outer loop
      vertex 110.5 14.574 0
      vertex 139.774 6.35616 0
      vertex 139.96 5.74095 0
    endloop
  endfacet
  facet normal 0 0 -1
    outer loop
      vertex 110.5 14.574 0
      vertex 139.773 6.3602 0
      vertex 139.773 6.35814 0
    endloop
  endfacet
  facet normal 0 0 -1
    outer loop
      vertex 140.674 9.32643 0
      vertex 110.5 14.574 0
      vertex 110.5 28.0326 0
    endloop
  endfacet
  facet normal 0 0 -1
    outer loop
      vertex 139.773 6.3602 0
      vertex 110.5 14.574 0
      vertex 139.71 7 0
    endloop
  endfacet
  facet normal 0 0 -1
    outer loop
      vertex 139.774 6.35616 0
      vertex 110.5 14.574 0
      vertex 139.773 6.35814 0
    endloop
  endfacet
  facet normal 0 0 -1
    outer loop
      vertex 139.961 5.73912 0
      vertex 110.5 14.574 0
      vertex 139.96 5.74095 0
    endloop
  endfacet
  facet normal 0 0 -1
    outer loop
      vertex 140.672 4.67517 0
      vertex 110.5 14.574 0
      vertex 140.264 5.17214 0
    endloop
  endfacet
  facet normal 0 0 -1
    outer loop
      vertex 144 0 0
      vertex 93.5 14.574 0
      vertex 110.5 14.574 0
    endloop
  endfacet
  facet normal 0 0 -1
    outer loop
      vertex 64.2271 7.6398 0
      vertex 93.5 14.574 0
      vertex 64.2901 7 0
    endloop
  endfacet
  facet normal 0 0 -1
    outer loop
      vertex 60 0 0
      vertex 93.5 14.574 0
      vertex 144 0 0
    endloop
  endfacet
  facet normal 0 0 -1
    outer loop
      vertex 93.5 14.574 0
      vertex 64.2271 6.3602 0
      vertex 64.2901 7 0
    endloop
  endfacet
  facet normal 0 0 -1
    outer loop
      vertex 93.5 14.574 0
      vertex 64.2268 6.35814 0
      vertex 64.2271 6.3602 0
    endloop
  endfacet
  facet normal 0 0 -1
    outer loop
      vertex 93.5 14.574 0
      vertex 64.2262 6.35616 0
      vertex 64.2268 6.35814 0
    endloop
  endfacet
  facet normal 0 0 -1
    outer loop
      vertex 93.5 14.574 0
      vertex 64.0396 5.74095 0
      vertex 64.2262 6.35616 0
    endloop
  endfacet
  facet normal 0 0 -1
    outer loop
      vertex 93.5 14.574 0
      vertex 64.0386 5.73912 0
      vertex 64.0396 5.74095 0
    endloop
  endfacet
  facet normal 0 0 -1
    outer loop
      vertex 93.5 14.574 0
      vertex 63.7356 5.17214 0
      vertex 64.0386 5.73912 0
    endloop
  endfacet
  facet normal 0 0 -1
    outer loop
      vertex 93.5 14.574 0
      vertex 63.3277 4.67517 0
      vertex 63.7356 5.17214 0
    endloop
  endfacet
  facet normal 0 -0 -1
    outer loop
      vertex 63.3264 4.67357 0
      vertex 93.5 14.574 0
      vertex 60 0 0
    endloop
  endfacet
  facet normal 0 0 -1
    outer loop
      vertex 93.5 14.574 0
      vertex 63.3264 4.67357 0
      vertex 63.3277 4.67517 0
    endloop
  endfacet
  facet normal 0 0 -1
    outer loop
      vertex 63.3264 4.67357 0
      vertex 60 0 0
      vertex 63.3248 4.67226 0
    endloop
  endfacet
  facet normal 0 0 -1
    outer loop
      vertex 63.3248 4.67226 0
      vertex 60 0 0
      vertex 62.8279 4.26441 0
    endloop
  endfacet
  facet normal 0 0 -1
    outer loop
      vertex 62.8279 4.26441 0
      vertex 60 0 0
      vertex 62.2609 3.96135 0
    endloop
  endfacet
  facet normal 0 0 -1
    outer loop
      vertex 62.2609 3.96135 0
      vertex 60 0 0
      vertex 62.2591 3.96038 0
    endloop
  endfacet
  facet normal 0 0 -1
    outer loop
      vertex 62.2591 3.96038 0
      vertex 60 0 0
      vertex 61.6438 3.77376 0
    endloop
  endfacet
  facet normal 0 0 -1
    outer loop
      vertex 61.6438 3.77376 0
      vertex 60 0 0
      vertex 61.6419 3.77315 0
    endloop
  endfacet
  facet normal 0 0 -1
    outer loop
      vertex 61.6419 3.77315 0
      vertex 60 0 0
      vertex 61.6398 3.77295 0
    endloop
  endfacet
  facet normal 0 0 -1
    outer loop
      vertex 61.6398 3.77295 0
      vertex 60 0 0
      vertex 61 3.70994 0
    endloop
  endfacet
  facet normal 0 0 -1
    outer loop
      vertex 60 0 0
      vertex 60.3602 3.77295 0
      vertex 61 3.70994 0
    endloop
  endfacet
  facet normal 0 0 -1
    outer loop
      vertex 60 0 0
      vertex 60.3581 3.77315 0
      vertex 60.3602 3.77295 0
    endloop
  endfacet
  facet normal 0 0 -1
    outer loop
      vertex 60 0 0
      vertex 60.3562 3.77376 0
      vertex 60.3581 3.77315 0
    endloop
  endfacet
  facet normal 0 0 -1
    outer loop
      vertex 58.5271 0.183594 0
      vertex 60.3562 3.77376 0
      vertex 60 0 0
    endloop
  endfacet
  facet normal -0 0 -1
    outer loop
      vertex 60.3562 3.77376 0
      vertex 58.5271 0.183594 0
      vertex 59.7409 3.96038 0
    endloop
  endfacet
  facet normal -0 0 -1
    outer loop
      vertex 59.7409 3.96038 0
      vertex 58.5271 0.183594 0
      vertex 59.7391 3.96135 0
    endloop
  endfacet
  facet normal -0 0 -1
    outer loop
      vertex 59.7391 3.96135 0
      vertex 58.5271 0.183594 0
      vertex 59.1721 4.26441 0
    endloop
  endfacet
  facet normal 0 0 -1
    outer loop
      vertex 56.7183 0.977005 0
      vertex 59.1721 4.26441 0
      vertex 58.5271 0.183594 0
    endloop
  endfacet
  facet normal -0 0 -1
    outer loop
      vertex 59.1721 4.26441 0
      vertex 56.7183 0.977005 0
      vertex 58.6752 4.67226 0
    endloop
  endfacet
  facet normal -0 0 -1
    outer loop
      vertex 58.6752 4.67226 0
      vertex 56.7183 0.977005 0
      vertex 58.6736 4.67357 0
    endloop
  endfacet
  facet normal 0 0 -1
    outer loop
      vertex 55.2652 2.31473 0
      vertex 58.6736 4.67357 0
      vertex 56.7183 0.977005 0
    endloop
  endfacet
  facet normal -0 0 -1
    outer loop
      vertex 58.6736 4.67357 0
      vertex 55.2652 2.31473 0
      vertex 58.6723 4.67517 0
    endloop
  endfacet
  facet normal -0 0 -1
    outer loop
      vertex 58.6723 4.67517 0
      vertex 55.2652 2.31473 0
      vertex 58.2644 5.17214 0
    endloop
  endfacet
  facet normal 0 0 -1
    outer loop
      vertex 54.3251 4.0518 0
      vertex 58.2644 5.17214 0
      vertex 55.2652 2.31473 0
    endloop
  endfacet
  facet normal -0 0 -1
    outer loop
      vertex 58.2644 5.17214 0
      vertex 54.3251 4.0518 0
      vertex 57.9614 5.73912 0
    endloop
  endfacet
  facet normal 0 0 -1
    outer loop
      vertex 54 6 0
      vertex 57.773 6.3602 0
      vertex 57.7732 6.35814 0
    endloop
  endfacet
  facet normal 0 0 -1
    outer loop
      vertex 57.9604 5.74095 0
      vertex 54 6 0
      vertex 57.7738 6.35616 0
    endloop
  endfacet
  facet normal 0 0 -1
    outer loop
      vertex 54 6 0
      vertex 57.9604 5.74095 0
      vertex 54.3251 4.0518 0
    endloop
  endfacet
  facet normal -0 0 -1
    outer loop
      vertex 57.9614 5.73912 0
      vertex 54.3251 4.0518 0
      vertex 57.9604 5.74095 0
    endloop
  endfacet
  facet normal 0 0 -1
    outer loop
      vertex 146.226 37.6438 0
      vertex 150 38 0
      vertex 146.227 37.6419 0
    endloop
  endfacet
  facet normal 0 0 -1
    outer loop
      vertex 146.04 38.2591 0
      vertex 150 38 0
      vertex 146.226 37.6438 0
    endloop
  endfacet
  facet normal 0 0 -1
    outer loop
      vertex 150 38 0
      vertex 146.04 38.2591 0
      vertex 149.675 39.9482 0
    endloop
  endfacet
  facet normal 0 0 -1
    outer loop
      vertex 146.039 38.2609 0
      vertex 149.675 39.9482 0
      vertex 146.04 38.2591 0
    endloop
  endfacet
  facet normal 0 0 -1
    outer loop
      vertex 145.736 38.8279 0
      vertex 149.675 39.9482 0
      vertex 146.039 38.2609 0
    endloop
  endfacet
  facet normal -0 0 -1
    outer loop
      vertex 149.675 39.9482 0
      vertex 145.736 38.8279 0
      vertex 148.735 41.6853 0
    endloop
  endfacet
  facet normal 0 0 -1
    outer loop
      vertex 145.328 39.3248 0
      vertex 148.735 41.6853 0
      vertex 145.736 38.8279 0
    endloop
  endfacet
  facet normal 0 0 -1
    outer loop
      vertex 145.326 39.3264 0
      vertex 148.735 41.6853 0
      vertex 145.328 39.3248 0
    endloop
  endfacet
  facet normal -0 0 -1
    outer loop
      vertex 148.735 41.6853 0
      vertex 145.326 39.3264 0
      vertex 147.282 43.023 0
    endloop
  endfacet
  facet normal 0 0 -1
    outer loop
      vertex 145.325 39.3277 0
      vertex 147.282 43.023 0
      vertex 145.326 39.3264 0
    endloop
  endfacet
  facet normal 0 0 -1
    outer loop
      vertex 144.828 39.7356 0
      vertex 147.282 43.023 0
      vertex 145.325 39.3277 0
    endloop
  endfacet
  facet normal -0 0 -1
    outer loop
      vertex 147.282 43.023 0
      vertex 144.828 39.7356 0
      vertex 145.473 43.8164 0
    endloop
  endfacet
  facet normal 0 0 -1
    outer loop
      vertex 144.261 40.0386 0
      vertex 145.473 43.8164 0
      vertex 144.828 39.7356 0
    endloop
  endfacet
  facet normal 0 0 -1
    outer loop
      vertex 144.259 40.0396 0
      vertex 145.473 43.8164 0
      vertex 144.261 40.0386 0
    endloop
  endfacet
  facet normal 0 0 -1
    outer loop
      vertex 143.644 40.2262 0
      vertex 145.473 43.8164 0
      vertex 144.259 40.0396 0
    endloop
  endfacet
  facet normal -0 0 -1
    outer loop
      vertex 145.473 43.8164 0
      vertex 143.644 40.2262 0
      vertex 144 44 0
    endloop
  endfacet
  facet normal 0 0 -1
    outer loop
      vertex 143.642 40.2268 0
      vertex 144 44 0
      vertex 143.644 40.2262 0
    endloop
  endfacet
  facet normal 0 0 -1
    outer loop
      vertex 143.64 40.227 0
      vertex 144 44 0
      vertex 143.642 40.2268 0
    endloop
  endfacet
  facet normal 0 0 -1
    outer loop
      vertex 143 40.2901 0
      vertex 144 44 0
      vertex 143.64 40.227 0
    endloop
  endfacet
  facet normal 0 0 -1
    outer loop
      vertex 142.36 40.227 0
      vertex 144 44 0
      vertex 143 40.2901 0
    endloop
  endfacet
  facet normal 0 0 -1
    outer loop
      vertex 142.358 40.2268 0
      vertex 144 44 0
      vertex 142.36 40.227 0
    endloop
  endfacet
  facet normal 0 0 -1
    outer loop
      vertex 142.356 40.2262 0
      vertex 144 44 0
      vertex 142.358 40.2268 0
    endloop
  endfacet
  facet normal 0 0 -1
    outer loop
      vertex 141.741 40.0396 0
      vertex 144 44 0
      vertex 142.356 40.2262 0
    endloop
  endfacet
  facet normal 0 0 -1
    outer loop
      vertex 141.739 40.0386 0
      vertex 144 44 0
      vertex 141.741 40.0396 0
    endloop
  endfacet
  facet normal 0 0 -1
    outer loop
      vertex 141.172 39.7356 0
      vertex 144 44 0
      vertex 141.739 40.0386 0
    endloop
  endfacet
  facet normal 0 0 -1
    outer loop
      vertex 140.675 39.3277 0
      vertex 144 44 0
      vertex 141.172 39.7356 0
    endloop
  endfacet
  facet normal 0 0 -1
    outer loop
      vertex 140.674 39.3264 0
      vertex 144 44 0
      vertex 140.675 39.3277 0
    endloop
  endfacet
  facet normal 0 0 -1
    outer loop
      vertex 110.5 28.0326 0
      vertex 140.674 39.3264 0
      vertex 140.672 39.3248 0
    endloop
  endfacet
  facet normal 0 0 -1
    outer loop
      vertex 110.5 28.0326 0
      vertex 140.672 39.3248 0
      vertex 140.264 38.8279 0
    endloop
  endfacet
  facet normal 0 0 -1
    outer loop
      vertex 110.5 28.0326 0
      vertex 139.961 38.2609 0
      vertex 139.96 38.2591 0
    endloop
  endfacet
  facet normal 0 0 -1
    outer loop
      vertex 110.5 28.0326 0
      vertex 139.774 37.6438 0
      vertex 139.773 37.6419 0
    endloop
  endfacet
  facet normal 0 0 -1
    outer loop
      vertex 110.5 28.0326 0
      vertex 139.773 37.6398 0
      vertex 139.71 37 0
    endloop
  endfacet
  facet normal -0 0 -1
    outer loop
      vertex 139.773 36.3602 0
      vertex 110.5 28.0326 0
      vertex 139.71 37 0
    endloop
  endfacet
  facet normal -0 0 -1
    outer loop
      vertex 139.773 37.6398 0
      vertex 110.5 28.0326 0
      vertex 139.773 37.6419 0
    endloop
  endfacet
  facet normal -0 0 -1
    outer loop
      vertex 139.774 37.6438 0
      vertex 110.5 28.0326 0
      vertex 139.96 38.2591 0
    endloop
  endfacet
  facet normal -0 0 -1
    outer loop
      vertex 139.961 38.2609 0
      vertex 110.5 28.0326 0
      vertex 140.264 38.8279 0
    endloop
  endfacet
  facet normal -0 0 -1
    outer loop
      vertex 140.674 39.3264 0
      vertex 110.5 28.0326 0
      vertex 144 44 0
    endloop
  endfacet
  facet normal 0 0 -1
    outer loop
      vertex 93.5 28.0326 0
      vertex 144 44 0
      vertex 110.5 28.0326 0
    endloop
  endfacet
  facet normal 0 0 -1
    outer loop
      vertex 64.2268 7.64186 0
      vertex 93.5 14.574 0
      vertex 64.2271 7.6398 0
    endloop
  endfacet
  facet normal 0 0 -1
    outer loop
      vertex 64.2271 37.6398 0
      vertex 93.5 28.0326 0
      vertex 64.2901 37 0
    endloop
  endfacet
  facet normal 0 0 -1
    outer loop
      vertex 64.2268 37.6419 0
      vertex 93.5 28.0326 0
      vertex 64.2271 37.6398 0
    endloop
  endfacet
  facet normal 0 0 -1
    outer loop
      vertex 64.2262 37.6438 0
      vertex 93.5 28.0326 0
      vertex 64.2268 37.6419 0
    endloop
  endfacet
  facet normal 0 0 -1
    outer loop
      vertex 64.0396 38.2591 0
      vertex 93.5 28.0326 0
      vertex 64.2262 37.6438 0
    endloop
  endfacet
  facet normal 0 0 -1
    outer loop
      vertex 64.0386 38.2609 0
      vertex 93.5 28.0326 0
      vertex 64.0396 38.2591 0
    endloop
  endfacet
  facet normal 0 0 -1
    outer loop
      vertex 63.7356 38.8279 0
      vertex 93.5 28.0326 0
      vertex 64.0386 38.2609 0
    endloop
  endfacet
  facet normal 0 0 -1
    outer loop
      vertex 63.3277 39.3248 0
      vertex 93.5 28.0326 0
      vertex 63.7356 38.8279 0
    endloop
  endfacet
  facet normal 0 0 -1
    outer loop
      vertex 63.3264 39.3264 0
      vertex 93.5 28.0326 0
      vertex 63.3277 39.3248 0
    endloop
  endfacet
  facet normal 0 0 -1
    outer loop
      vertex 60 44 0
      vertex 93.5 28.0326 0
      vertex 63.3264 39.3264 0
    endloop
  endfacet
  facet normal 0 0 -1
    outer loop
      vertex 60 44 0
      vertex 63.3264 39.3264 0
      vertex 63.3248 39.3277 0
    endloop
  endfacet
  facet normal 0 0 -1
    outer loop
      vertex 60 44 0
      vertex 63.3248 39.3277 0
      vertex 62.8279 39.7356 0
    endloop
  endfacet
  facet normal 0 0 -1
    outer loop
      vertex 60 44 0
      vertex 62.8279 39.7356 0
      vertex 62.2609 40.0386 0
    endloop
  endfacet
  facet normal 0 0 -1
    outer loop
      vertex 60 44 0
      vertex 62.2609 40.0386 0
      vertex 62.2591 40.0396 0
    endloop
  endfacet
  facet normal 0 0 -1
    outer loop
      vertex 60 44 0
      vertex 62.2591 40.0396 0
      vertex 61.6438 40.2262 0
    endloop
  endfacet
  facet normal 0 0 -1
    outer loop
      vertex 60 44 0
      vertex 61.6438 40.2262 0
      vertex 61.6419 40.2268 0
    endloop
  endfacet
  facet normal 0 0 -1
    outer loop
      vertex 60 44 0
      vertex 61.6419 40.2268 0
      vertex 61.6398 40.227 0
    endloop
  endfacet
  facet normal 0 0 -1
    outer loop
      vertex 60 44 0
      vertex 61.6398 40.227 0
      vertex 61 40.2901 0
    endloop
  endfacet
  facet normal 0 0 -1
    outer loop
      vertex 60 44 0
      vertex 60.3602 40.227 0
      vertex 60.3581 40.2268 0
    endloop
  endfacet
  facet normal 0 0 -1
    outer loop
      vertex 93.5 28.0326 0
      vertex 60 44 0
      vertex 144 44 0
    endloop
  endfacet
  facet normal 0 0 -1
    outer loop
      vertex 60.3602 40.227 0
      vertex 60 44 0
      vertex 61 40.2901 0
    endloop
  endfacet
  facet normal 0 0 -1
    outer loop
      vertex 60.3562 40.2262 0
      vertex 60 44 0
      vertex 60.3581 40.2268 0
    endloop
  endfacet
  facet normal 0 0 -1
    outer loop
      vertex 59.7409 40.0396 0
      vertex 60 44 0
      vertex 60.3562 40.2262 0
    endloop
  endfacet
  facet normal 0 0 -1
    outer loop
      vertex 58.0518 43.6749 0
      vertex 59.7409 40.0396 0
      vertex 59.7391 40.0386 0
    endloop
  endfacet
  facet normal 0 0 -1
    outer loop
      vertex 58.0518 43.6749 0
      vertex 59.7391 40.0386 0
      vertex 59.1721 39.7356 0
    endloop
  endfacet
  facet normal 0 0 -1
    outer loop
      vertex 56.3147 42.7348 0
      vertex 59.1721 39.7356 0
      vertex 58.6752 39.3277 0
    endloop
  endfacet
  facet normal 0 0 -1
    outer loop
      vertex 56.3147 42.7348 0
      vertex 58.6752 39.3277 0
      vertex 58.6736 39.3264 0
    endloop
  endfacet
  facet normal 0 0 -1
    outer loop
      vertex 54.977 41.2817 0
      vertex 58.6736 39.3264 0
      vertex 58.6723 39.3248 0
    endloop
  endfacet
  facet normal 0 0 -1
    outer loop
      vertex 54.977 41.2817 0
      vertex 58.6723 39.3248 0
      vertex 58.2644 38.8279 0
    endloop
  endfacet
  facet normal 0 0 -1
    outer loop
      vertex 59.7409 40.0396 0
      vertex 58.0518 43.6749 0
      vertex 60 44 0
    endloop
  endfacet
  facet normal 0 0 -1
    outer loop
      vertex 54.1836 39.4729 0
      vertex 58.2644 38.8279 0
      vertex 57.9614 38.2609 0
    endloop
  endfacet
  facet normal 0 0 -1
    outer loop
      vertex 54.1836 39.4729 0
      vertex 57.9614 38.2609 0
      vertex 57.9604 38.2591 0
    endloop
  endfacet
  facet normal 0 0 -1
    outer loop
      vertex 54.1836 39.4729 0
      vertex 57.9604 38.2591 0
      vertex 57.7738 37.6438 0
    endloop
  endfacet
  facet normal 0 0 -1
    outer loop
      vertex 54 38 0
      vertex 57.7738 37.6438 0
      vertex 57.7732 37.6419 0
    endloop
  endfacet
  facet normal 0 0 -1
    outer loop
      vertex 54 38 0
      vertex 57.7732 37.6419 0
      vertex 57.773 37.6398 0
    endloop
  endfacet
  facet normal 0 0 -1
    outer loop
      vertex 54 38 0
      vertex 57.773 37.6398 0
      vertex 57.7099 37 0
    endloop
  endfacet
  facet normal 0 0 -1
    outer loop
      vertex 59.1721 39.7356 0
      vertex 56.3147 42.7348 0
      vertex 58.0518 43.6749 0
    endloop
  endfacet
  facet normal 0 0 -1
    outer loop
      vertex 57.7732 36.3581 0
      vertex 54 38 0
      vertex 57.773 36.3602 0
    endloop
  endfacet
  facet normal -0 0 -1
    outer loop
      vertex 57.7738 6.35616 0
      vertex 54 6 0
      vertex 57.7732 6.35814 0
    endloop
  endfacet
  facet normal 0 0 -1
    outer loop
      vertex 57.773 36.3602 0
      vertex 54 38 0
      vertex 57.7099 37 0
    endloop
  endfacet
  facet normal -0 0 -1
    outer loop
      vertex 57.773 6.3602 0
      vertex 54 6 0
      vertex 57.7099 7 0
    endloop
  endfacet
  facet normal 0 0 -1
    outer loop
      vertex 57.7738 37.6438 0
      vertex 54 38 0
      vertex 54.1836 39.4729 0
    endloop
  endfacet
  facet normal 0 0 -1
    outer loop
      vertex 58.6736 39.3264 0
      vertex 54.977 41.2817 0
      vertex 56.3147 42.7348 0
    endloop
  endfacet
  facet normal 0 0 -1
    outer loop
      vertex 58.2644 38.8279 0
      vertex 54.1836 39.4729 0
      vertex 54.977 41.2817 0
    endloop
  endfacet
  facet normal 0.735655 -0.677356 0
    outer loop
      vertex 147.685 1.26515 3
      vertex 149.023 2.71831 0
      vertex 149.023 2.71831 3
    endloop
  endfacet
  facet normal 0.735655 -0.677356 0
    outer loop
      vertex 149.023 2.71831 0
      vertex 147.685 1.26515 3
      vertex 147.685 1.26515 0
    endloop
  endfacet
  facet normal 0 -1 0
    outer loop
      vertex 60 0 0
      vertex 144 0 3
      vertex 60 0 3
    endloop
  endfacet
  facet normal 0 -1 -0
    outer loop
      vertex 144 0 3
      vertex 60 0 0
      vertex 144 0 0
    endloop
  endfacet
  facet normal 0.475959 -0.879468 0
    outer loop
      vertex 145.948 0.325104 0
      vertex 147.685 1.26515 3
      vertex 145.948 0.325104 3
    endloop
  endfacet
  facet normal 0.475959 -0.879468 0
    outer loop
      vertex 147.685 1.26515 3
      vertex 145.948 0.325104 0
      vertex 147.685 1.26515 0
    endloop
  endfacet
  facet normal -0.123691 -0.992321 0
    outer loop
      vertex 58.5271 0.183594 0
      vertex 60 0 3
      vertex 58.5271 0.183594 3
    endloop
  endfacet
  facet normal -0.123691 -0.992321 -0
    outer loop
      vertex 60 0 3
      vertex 58.5271 0.183594 0
      vertex 60 0 0
    endloop
  endfacet
  facet normal -0.915776 0.40169 0
    outer loop
      vertex 54.1836 39.4729 0
      vertex 54.977 41.2817 3
      vertex 54.977 41.2817 0
    endloop
  endfacet
  facet normal -0.915776 0.40169 0
    outer loop
      vertex 54.977 41.2817 3
      vertex 54.1836 39.4729 0
      vertex 54.1836 39.4729 3
    endloop
  endfacet
  facet normal -0.99232 0.123695 0
    outer loop
      vertex 54 38 0
      vertex 54.1836 39.4729 3
      vertex 54.1836 39.4729 0
    endloop
  endfacet
  facet normal -0.99232 0.123695 0
    outer loop
      vertex 54.1836 39.4729 3
      vertex 54 38 0
      vertex 54 38 3
    endloop
  endfacet
  facet normal -0.677296 -0.735711 0
    outer loop
      vertex 55.2652 2.31473 0
      vertex 56.7183 0.977005 3
      vertex 55.2652 2.31473 3
    endloop
  endfacet
  facet normal -0.677296 -0.735711 -0
    outer loop
      vertex 56.7183 0.977005 3
      vertex 55.2652 2.31473 0
      vertex 56.7183 0.977005 0
    endloop
  endfacet
  facet normal 0.164614 -0.986358 0
    outer loop
      vertex 144 0 0
      vertex 145.948 0.325104 3
      vertex 144 0 3
    endloop
  endfacet
  facet normal 0.164614 -0.986358 0
    outer loop
      vertex 145.948 0.325104 3
      vertex 144 0 0
      vertex 145.948 0.325104 0
    endloop
  endfacet
  facet normal -1 0 0
    outer loop
      vertex 54 6 0
      vertex 54 38 3
      vertex 54 38 0
    endloop
  endfacet
  facet normal -1 -0 0
    outer loop
      vertex 54 38 3
      vertex 54 6 0
      vertex 54 6 3
    endloop
  endfacet
  facet normal -0.164596 0.986361 0
    outer loop
      vertex 60 44 0
      vertex 58.0518 43.6749 3
      vertex 60 44 3
    endloop
  endfacet
  facet normal -0.164596 0.986361 0
    outer loop
      vertex 58.0518 43.6749 3
      vertex 60 44 0
      vertex 58.0518 43.6749 0
    endloop
  endfacet
  facet normal -0.879464 -0.475965 0
    outer loop
      vertex 55.2652 2.31473 0
      vertex 54.3251 4.0518 3
      vertex 54.3251 4.0518 0
    endloop
  endfacet
  facet normal -0.879464 -0.475965 0
    outer loop
      vertex 54.3251 4.0518 3
      vertex 55.2652 2.31473 0
      vertex 55.2652 2.31473 3
    endloop
  endfacet
  facet normal -0.401694 -0.915774 0
    outer loop
      vertex 56.7183 0.977005 0
      vertex 58.5271 0.183594 3
      vertex 56.7183 0.977005 3
    endloop
  endfacet
  facet normal -0.401694 -0.915774 -0
    outer loop
      vertex 58.5271 0.183594 3
      vertex 56.7183 0.977005 0
      vertex 58.5271 0.183594 0
    endloop
  endfacet
  facet normal -0.735717 0.677289 0
    outer loop
      vertex 54.977 41.2817 0
      vertex 56.3147 42.7348 3
      vertex 56.3147 42.7348 0
    endloop
  endfacet
  facet normal -0.735717 0.677289 0
    outer loop
      vertex 56.3147 42.7348 3
      vertex 54.977 41.2817 0
      vertex 54.977 41.2817 3
    endloop
  endfacet
  facet normal 0.123686 0.992321 -0
    outer loop
      vertex 145.473 43.8164 0
      vertex 144 44 3
      vertex 145.473 43.8164 3
    endloop
  endfacet
  facet normal 0.123686 0.992321 0
    outer loop
      vertex 144 44 3
      vertex 145.473 43.8164 0
      vertex 144 44 0
    endloop
  endfacet
  facet normal 0.986369 0.164547 0
    outer loop
      vertex 150 38 3
      vertex 149.675 39.9482 0
      vertex 149.675 39.9482 3
    endloop
  endfacet
  facet normal 0.986369 0.164547 0
    outer loop
      vertex 149.675 39.9482 0
      vertex 150 38 3
      vertex 150 38 0
    endloop
  endfacet
  facet normal 0.677314 0.735694 -0
    outer loop
      vertex 148.735 41.6853 0
      vertex 147.282 43.023 3
      vertex 148.735 41.6853 3
    endloop
  endfacet
  facet normal 0.677314 0.735694 0
    outer loop
      vertex 147.282 43.023 3
      vertex 148.735 41.6853 0
      vertex 147.282 43.023 0
    endloop
  endfacet
  facet normal -0.475959 0.879468 0
    outer loop
      vertex 58.0518 43.6749 0
      vertex 56.3147 42.7348 3
      vertex 58.0518 43.6749 3
    endloop
  endfacet
  facet normal -0.475959 0.879468 0
    outer loop
      vertex 56.3147 42.7348 3
      vertex 58.0518 43.6749 0
      vertex 56.3147 42.7348 0
    endloop
  endfacet
  facet normal 0 1 -0
    outer loop
      vertex 144 44 0
      vertex 60 44 3
      vertex 144 44 3
    endloop
  endfacet
  facet normal 0 1 0
    outer loop
      vertex 60 44 3
      vertex 144 44 0
      vertex 60 44 0
    endloop
  endfacet
  facet normal 0.879489 0.475919 0
    outer loop
      vertex 149.675 39.9482 3
      vertex 148.735 41.6853 0
      vertex 148.735 41.6853 3
    endloop
  endfacet
  facet normal 0.879489 0.475919 0
    outer loop
      vertex 148.735 41.6853 0
      vertex 149.675 39.9482 3
      vertex 149.675 39.9482 0
    endloop
  endfacet
  facet normal 1 -0 0
    outer loop
      vertex 150 6 3
      vertex 150 38 0
      vertex 150 38 3
    endloop
  endfacet
  facet normal 1 0 0
    outer loop
      vertex 150 38 0
      vertex 150 6 3
      vertex 150 6 0
    endloop
  endfacet
  facet normal -0.986361 -0.164596 0
    outer loop
      vertex 54.3251 4.0518 0
      vertex 54 6 3
      vertex 54 6 0
    endloop
  endfacet
  facet normal -0.986361 -0.164596 0
    outer loop
      vertex 54 6 3
      vertex 54.3251 4.0518 0
      vertex 54.3251 4.0518 3
    endloop
  endfacet
  facet normal 0 0 1
    outer loop
      vertex 65.6704 38.75 3
      vertex 62.2021 35.7979 3
      vertex 93.5 28.8365 3
    endloop
  endfacet
  facet normal 0 0 1
    outer loop
      vertex 65.6704 5.25 3
      vertex 62.6673 7.33165 3
      vertex 62.7 7 3
    endloop
  endfacet
  facet normal 0 0 1
    outer loop
      vertex 93.5 28.8365 3
      vertex 62.2021 35.7979 3
      vertex 93.5 15.3779 3
    endloop
  endfacet
  facet normal 0 0 1
    outer loop
      vertex 65.6704 5.25 3
      vertex 62.5706 7.65056 3
      vertex 62.6673 7.33165 3
    endloop
  endfacet
  facet normal 0 0 1
    outer loop
      vertex 62.2021 8.20208 3
      vertex 93.5 15.3779 3
      vertex 62.2021 35.7979 3
    endloop
  endfacet
  facet normal 0 0 1
    outer loop
      vertex 65.6704 5.25 3
      vertex 62.4135 7.94447 3
      vertex 62.5706 7.65056 3
    endloop
  endfacet
  facet normal 0 0 1
    outer loop
      vertex 93.5 15.3779 3
      vertex 62.2021 8.20208 3
      vertex 65.6704 5.25 3
    endloop
  endfacet
  facet normal 0 0 1
    outer loop
      vertex 65.6704 5.25 3
      vertex 62.2021 8.20208 3
      vertex 62.4135 7.94447 3
    endloop
  endfacet
  facet normal 0 0 1
    outer loop
      vertex 59.25 32.3296 3
      vertex 62.2021 35.7979 3
      vertex 61.9445 35.5865 3
    endloop
  endfacet
  facet normal 0 0 1
    outer loop
      vertex 62.2021 35.7979 3
      vertex 59.25 32.3296 3
      vertex 62.2021 8.20208 3
    endloop
  endfacet
  facet normal 0 0 1
    outer loop
      vertex 59.25 32.3296 3
      vertex 61.9445 35.5865 3
      vertex 61.6506 35.4294 3
    endloop
  endfacet
  facet normal -0 0 1
    outer loop
      vertex 59.25 11.6704 3
      vertex 62.2021 8.20208 3
      vertex 59.25 32.3296 3
    endloop
  endfacet
  facet normal 0 0 1
    outer loop
      vertex 59.25 32.3296 3
      vertex 61.6506 35.4294 3
      vertex 61.3317 35.3327 3
    endloop
  endfacet
  facet normal 0 0 1
    outer loop
      vertex 62.2021 8.20208 3
      vertex 59.25 11.6704 3
      vertex 61.9445 8.4135 3
    endloop
  endfacet
  facet normal 0 0 1
    outer loop
      vertex 59.25 32.3296 3
      vertex 61.3317 35.3327 3
      vertex 61 35.3 3
    endloop
  endfacet
  facet normal 0 0 1
    outer loop
      vertex 61.9445 8.4135 3
      vertex 59.25 11.6704 3
      vertex 61.6506 8.57059 3
    endloop
  endfacet
  facet normal 0 0 1
    outer loop
      vertex 59.25 32.3296 3
      vertex 61 35.3 3
      vertex 60.6683 35.3327 3
    endloop
  endfacet
  facet normal 0 0 1
    outer loop
      vertex 61.6506 8.57059 3
      vertex 59.25 11.6704 3
      vertex 61.3317 8.66733 3
    endloop
  endfacet
  facet normal 0 0 1
    outer loop
      vertex 59.25 32.3296 3
      vertex 60.6683 35.3327 3
      vertex 60.3494 35.4294 3
    endloop
  endfacet
  facet normal 0 0 1
    outer loop
      vertex 61.3317 8.66733 3
      vertex 59.25 11.6704 3
      vertex 61 8.7 3
    endloop
  endfacet
  facet normal 0 0 1
    outer loop
      vertex 58.73 32.545 3
      vertex 60.3494 35.4294 3
      vertex 60.0555 35.5865 3
    endloop
  endfacet
  facet normal 0 0 1
    outer loop
      vertex 61 8.7 3
      vertex 59.25 11.6704 3
      vertex 60.6683 8.66733 3
    endloop
  endfacet
  facet normal 0 0 1
    outer loop
      vertex 58.0611 32.9549 3
      vertex 60.0555 35.5865 3
      vertex 59.7979 35.7979 3
    endloop
  endfacet
  facet normal 0 0 1
    outer loop
      vertex 60.6683 8.66733 3
      vertex 59.25 11.6704 3
      vertex 60.3494 8.57059 3
    endloop
  endfacet
  facet normal 0 0 1
    outer loop
      vertex 57.25 33.7156 3
      vertex 59.7979 35.7979 3
      vertex 59.5865 36.0555 3
    endloop
  endfacet
  facet normal -0 0 1
    outer loop
      vertex 58.73 11.455 3
      vertex 60.3494 8.57059 3
      vertex 59.25 11.6704 3
    endloop
  endfacet
  facet normal 0 0 1
    outer loop
      vertex 57.25 33.7156 3
      vertex 59.5865 36.0555 3
      vertex 59.4294 36.3494 3
    endloop
  endfacet
  facet normal 0 0 1
    outer loop
      vertex 60.3494 8.57059 3
      vertex 58.73 11.455 3
      vertex 60.0555 8.4135 3
    endloop
  endfacet
  facet normal 0 0 1
    outer loop
      vertex 57.25 33.7156 3
      vertex 59.4294 36.3494 3
      vertex 59.3327 36.6683 3
    endloop
  endfacet
  facet normal -0 0 1
    outer loop
      vertex 58.0611 11.0451 3
      vertex 60.0555 8.4135 3
      vertex 58.73 11.455 3
    endloop
  endfacet
  facet normal 0 0 1
    outer loop
      vertex 54 38 3
      vertex 59.3327 36.6683 3
      vertex 59.3 37 3
    endloop
  endfacet
  facet normal 0 0 1
    outer loop
      vertex 60.0555 8.4135 3
      vertex 58.0611 11.0451 3
      vertex 59.7979 8.20208 3
    endloop
  endfacet
  facet normal 0 0 1
    outer loop
      vertex 110.5 15.3779 3
      vertex 109.452 11.7417 3
      vertex 109.5 11.2368 3
    endloop
  endfacet
  facet normal 0 0 1
    outer loop
      vertex 110.5 15.3779 3
      vertex 109.31 12.2272 3
      vertex 109.452 11.7417 3
    endloop
  endfacet
  facet normal 0 0 1
    outer loop
      vertex 110.5 15.3779 3
      vertex 109.079 12.6747 3
      vertex 109.31 12.2272 3
    endloop
  endfacet
  facet normal 0 0 1
    outer loop
      vertex 110.5 15.3779 3
      vertex 108.768 13.0669 3
      vertex 109.079 12.6747 3
    endloop
  endfacet
  facet normal 0 0 1
    outer loop
      vertex 110.5 15.3779 3
      vertex 108.389 13.3888 3
      vertex 108.768 13.0669 3
    endloop
  endfacet
  facet normal 0 0 1
    outer loop
      vertex 110.5 15.3779 3
      vertex 107.957 13.628 3
      vertex 108.389 13.3888 3
    endloop
  endfacet
  facet normal 0 0 1
    outer loop
      vertex 110.5 15.3779 3
      vertex 107.488 13.7752 3
      vertex 107.957 13.628 3
    endloop
  endfacet
  facet normal 0 0 1
    outer loop
      vertex 110.5 15.3779 3
      vertex 107 13.825 3
      vertex 107.488 13.7752 3
    endloop
  endfacet
  facet normal 0 0 1
    outer loop
      vertex 110.5 15.3779 3
      vertex 106.512 13.7752 3
      vertex 107 13.825 3
    endloop
  endfacet
  facet normal -0 0 1
    outer loop
      vertex 93.5 15.3779 3
      vertex 106.512 13.7752 3
      vertex 110.5 15.3779 3
    endloop
  endfacet
  facet normal 0 0 1
    outer loop
      vertex 104.548 11.7417 3
      vertex 97 11.2368 3
      vertex 104.5 11.2368 3
    endloop
  endfacet
  facet normal 0 0 1
    outer loop
      vertex 96.952 11.7417 3
      vertex 104.548 11.7417 3
      vertex 104.69 12.2272 3
    endloop
  endfacet
  facet normal 0 0 1
    outer loop
      vertex 96.8097 12.2272 3
      vertex 104.69 12.2272 3
      vertex 104.921 12.6747 3
    endloop
  endfacet
  facet normal 0 0 1
    outer loop
      vertex 96.5787 12.6747 3
      vertex 104.921 12.6747 3
      vertex 105.232 13.0669 3
    endloop
  endfacet
  facet normal 0 0 1
    outer loop
      vertex 96.2678 13.0669 3
      vertex 105.232 13.0669 3
      vertex 105.611 13.3888 3
    endloop
  endfacet
  facet normal 0 0 1
    outer loop
      vertex 93.5 15.3779 3
      vertex 105.611 13.3888 3
      vertex 106.043 13.628 3
    endloop
  endfacet
  facet normal 0 0 1
    outer loop
      vertex 106.512 13.7752 3
      vertex 93.5 15.3779 3
      vertex 106.043 13.628 3
    endloop
  endfacet
  facet normal 0 0 1
    outer loop
      vertex 104.548 11.7417 3
      vertex 96.952 11.7417 3
      vertex 97 11.2368 3
    endloop
  endfacet
  facet normal 0 0 1
    outer loop
      vertex 104.69 12.2272 3
      vertex 96.8097 12.2272 3
      vertex 96.952 11.7417 3
    endloop
  endfacet
  facet normal 0 0 1
    outer loop
      vertex 104.921 12.6747 3
      vertex 96.5787 12.6747 3
      vertex 96.8097 12.2272 3
    endloop
  endfacet
  facet normal 0 0 1
    outer loop
      vertex 105.232 13.0669 3
      vertex 96.2678 13.0669 3
      vertex 96.5787 12.6747 3
    endloop
  endfacet
  facet normal 0 0 1
    outer loop
      vertex 105.611 13.3888 3
      vertex 95.8889 13.3888 3
      vertex 96.2678 13.0669 3
    endloop
  endfacet
  facet normal 0 0 1
    outer loop
      vertex 105.611 13.3888 3
      vertex 93.5 15.3779 3
      vertex 95.8889 13.3888 3
    endloop
  endfacet
  facet normal 0 0 1
    outer loop
      vertex 95.8889 13.3888 3
      vertex 93.5 15.3779 3
      vertex 95.4567 13.628 3
    endloop
  endfacet
  facet normal 0 0 1
    outer loop
      vertex 95.4567 13.628 3
      vertex 93.5 15.3779 3
      vertex 94.9877 13.7752 3
    endloop
  endfacet
  facet normal 0 0 1
    outer loop
      vertex 94.9877 13.7752 3
      vertex 93.5 15.3779 3
      vertex 94.5 13.825 3
    endloop
  endfacet
  facet normal 0 0 1
    outer loop
      vertex 93.5 15.3779 3
      vertex 94.0123 13.7752 3
      vertex 94.5 13.825 3
    endloop
  endfacet
  facet normal 0 0 1
    outer loop
      vertex 93.5 15.3779 3
      vertex 93.5433 13.628 3
      vertex 94.0123 13.7752 3
    endloop
  endfacet
  facet normal 0 0 1
    outer loop
      vertex 92.4213 31.5397 3
      vertex 93.5 28.8365 3
      vertex 92.7322 31.1475 3
    endloop
  endfacet
  facet normal 0 0 1
    outer loop
      vertex 93.5 15.3779 3
      vertex 93.1111 13.3888 3
      vertex 93.5433 13.628 3
    endloop
  endfacet
  facet normal 0 0 1
    outer loop
      vertex 65.6704 38.75 3
      vertex 93.5 28.8365 3
      vertex 92.4213 31.5397 3
    endloop
  endfacet
  facet normal 0 0 1
    outer loop
      vertex 93.5 15.3779 3
      vertex 92.7322 13.0669 3
      vertex 93.1111 13.3888 3
    endloop
  endfacet
  facet normal 0 0 1
    outer loop
      vertex 62.4135 36.0555 3
      vertex 65.6704 38.75 3
      vertex 62.5706 36.3494 3
    endloop
  endfacet
  facet normal 0 0 1
    outer loop
      vertex 93.5 15.3779 3
      vertex 92.4213 12.6747 3
      vertex 92.7322 13.0669 3
    endloop
  endfacet
  facet normal 0 0 1
    outer loop
      vertex 65.6704 38.75 3
      vertex 92.4213 31.5397 3
      vertex 92.1903 31.9871 3
    endloop
  endfacet
  facet normal 0 0 1
    outer loop
      vertex 62.2021 35.7979 3
      vertex 65.6704 38.75 3
      vertex 62.4135 36.0555 3
    endloop
  endfacet
  facet normal 0 0 1
    outer loop
      vertex 65.6704 38.75 3
      vertex 92.1903 31.9871 3
      vertex 92.048 32.4726 3
    endloop
  endfacet
  facet normal 0 0 1
    outer loop
      vertex 93.5 15.3779 3
      vertex 65.6704 5.25 3
      vertex 92.4213 12.6747 3
    endloop
  endfacet
  facet normal 0 0 1
    outer loop
      vertex 65.6704 38.75 3
      vertex 92.048 32.4726 3
      vertex 92 32.9776 3
    endloop
  endfacet
  facet normal 0 0 1
    outer loop
      vertex 92.4213 12.6747 3
      vertex 65.6704 5.25 3
      vertex 92.1903 12.2272 3
    endloop
  endfacet
  facet normal -0 0 1
    outer loop
      vertex 110.5 15.3779 3
      vertex 141.798 8.20208 3
      vertex 110.5 28.8365 3
    endloop
  endfacet
  facet normal 0 -0 1
    outer loop
      vertex 138.33 5.25 3
      vertex 141.798 8.20208 3
      vertex 110.5 15.3779 3
    endloop
  endfacet
  facet normal 0 0 1
    outer loop
      vertex 138.33 38.75 3
      vertex 139.464 40.5355 3
      vertex 138.955 39.9389 3
    endloop
  endfacet
  facet normal 0 -0 1
    outer loop
      vertex 138.545 4.73005 3
      vertex 141.429 7.65056 3
      vertex 138.33 5.25 3
    endloop
  endfacet
  facet normal 0 0 1
    outer loop
      vertex 138.33 38.75 3
      vertex 138.955 39.9389 3
      vertex 138.545 39.27 3
    endloop
  endfacet
  facet normal 0 -0 1
    outer loop
      vertex 139.464 3.46447 3
      vertex 141.429 7.65056 3
      vertex 138.955 4.06107 3
    endloop
  endfacet
  facet normal 0 0 1
    outer loop
      vertex 141.429 7.65056 3
      vertex 139.464 3.46447 3
      vertex 139.716 3.25 3
    endloop
  endfacet
  facet normal 0 0 1
    outer loop
      vertex 141.429 7.65056 3
      vertex 138.545 4.73005 3
      vertex 138.955 4.06107 3
    endloop
  endfacet
  facet normal 0 0 1
    outer loop
      vertex 141.798 8.20208 3
      vertex 138.33 5.25 3
      vertex 141.587 7.94447 3
    endloop
  endfacet
  facet normal 0 0 1
    outer loop
      vertex 138.33 38.75 3
      vertex 109.5 32.9776 3
      vertex 110.5 28.8365 3
    endloop
  endfacet
  facet normal 0 0 1
    outer loop
      vertex 138.33 38.75 3
      vertex 109.452 33.4825 3
      vertex 109.5 32.9776 3
    endloop
  endfacet
  facet normal 0 0 1
    outer loop
      vertex 138.33 38.75 3
      vertex 109.31 33.968 3
      vertex 109.452 33.4825 3
    endloop
  endfacet
  facet normal 0 0 1
    outer loop
      vertex 138.33 38.75 3
      vertex 109.079 34.4155 3
      vertex 109.31 33.968 3
    endloop
  endfacet
  facet normal 0 0 1
    outer loop
      vertex 138.33 38.75 3
      vertex 108.768 34.8077 3
      vertex 109.079 34.4155 3
    endloop
  endfacet
  facet normal 0 0 1
    outer loop
      vertex 138.33 38.75 3
      vertex 108.389 35.1296 3
      vertex 108.768 34.8077 3
    endloop
  endfacet
  facet normal 0 0 1
    outer loop
      vertex 138.33 38.75 3
      vertex 107.957 35.3688 3
      vertex 108.389 35.1296 3
    endloop
  endfacet
  facet normal 0 0 1
    outer loop
      vertex 138.33 38.75 3
      vertex 107.488 35.516 3
      vertex 107.957 35.3688 3
    endloop
  endfacet
  facet normal 0 0 1
    outer loop
      vertex 138.33 38.75 3
      vertex 107 35.5658 3
      vertex 107.488 35.516 3
    endloop
  endfacet
  facet normal 0 0 1
    outer loop
      vertex 104.548 33.4825 3
      vertex 97 32.9776 3
      vertex 104.5 32.9776 3
    endloop
  endfacet
  facet normal 0 0 1
    outer loop
      vertex 96.952 33.4825 3
      vertex 104.548 33.4825 3
      vertex 104.69 33.968 3
    endloop
  endfacet
  facet normal 0 0 1
    outer loop
      vertex 96.8097 33.968 3
      vertex 104.69 33.968 3
      vertex 104.921 34.4155 3
    endloop
  endfacet
  facet normal 0 0 1
    outer loop
      vertex 96.5787 34.4155 3
      vertex 104.921 34.4155 3
      vertex 105.232 34.8077 3
    endloop
  endfacet
  facet normal 0 0 1
    outer loop
      vertex 96.2678 34.8077 3
      vertex 105.232 34.8077 3
      vertex 105.611 35.1296 3
    endloop
  endfacet
  facet normal 0 0 1
    outer loop
      vertex 95.8889 35.1296 3
      vertex 105.611 35.1296 3
      vertex 106.043 35.3688 3
    endloop
  endfacet
  facet normal 0 0 1
    outer loop
      vertex 95.4567 35.3688 3
      vertex 106.043 35.3688 3
      vertex 106.512 35.516 3
    endloop
  endfacet
  facet normal 0 0 1
    outer loop
      vertex 104.548 33.4825 3
      vertex 96.952 33.4825 3
      vertex 97 32.9776 3
    endloop
  endfacet
  facet normal 0 0 1
    outer loop
      vertex 104.69 33.968 3
      vertex 96.8097 33.968 3
      vertex 96.952 33.4825 3
    endloop
  endfacet
  facet normal 0 0 1
    outer loop
      vertex 104.921 34.4155 3
      vertex 96.5787 34.4155 3
      vertex 96.8097 33.968 3
    endloop
  endfacet
  facet normal 0 0 1
    outer loop
      vertex 105.232 34.8077 3
      vertex 96.2678 34.8077 3
      vertex 96.5787 34.4155 3
    endloop
  endfacet
  facet normal 0 0 1
    outer loop
      vertex 94.9877 35.516 3
      vertex 106.512 35.516 3
      vertex 107 35.5658 3
    endloop
  endfacet
  facet normal 0 0 1
    outer loop
      vertex 94.5 35.5658 3
      vertex 107 35.5658 3
      vertex 138.33 38.75 3
    endloop
  endfacet
  facet normal 0 0 1
    outer loop
      vertex 105.611 35.1296 3
      vertex 95.8889 35.1296 3
      vertex 96.2678 34.8077 3
    endloop
  endfacet
  facet normal 0 0 1
    outer loop
      vertex 106.043 35.3688 3
      vertex 95.4567 35.3688 3
      vertex 95.8889 35.1296 3
    endloop
  endfacet
  facet normal 0 0 1
    outer loop
      vertex 106.512 35.516 3
      vertex 94.9877 35.516 3
      vertex 95.4567 35.3688 3
    endloop
  endfacet
  facet normal 0 0 1
    outer loop
      vertex 107 35.5658 3
      vertex 94.5 35.5658 3
      vertex 94.9877 35.516 3
    endloop
  endfacet
  facet normal 0 0 1
    outer loop
      vertex 92.1903 12.2272 3
      vertex 65.6704 5.25 3
      vertex 92.048 11.7417 3
    endloop
  endfacet
  facet normal 0 0 1
    outer loop
      vertex 92.048 33.4825 3
      vertex 65.6704 38.75 3
      vertex 92 32.9776 3
    endloop
  endfacet
  facet normal 0 0 1
    outer loop
      vertex 92.1903 33.968 3
      vertex 65.6704 38.75 3
      vertex 92.048 33.4825 3
    endloop
  endfacet
  facet normal 0 0 1
    outer loop
      vertex 92.4213 34.4155 3
      vertex 65.6704 38.75 3
      vertex 92.1903 33.968 3
    endloop
  endfacet
  facet normal 0 0 1
    outer loop
      vertex 92.7322 34.8077 3
      vertex 65.6704 38.75 3
      vertex 92.4213 34.4155 3
    endloop
  endfacet
  facet normal 0 0 1
    outer loop
      vertex 93.1111 35.1296 3
      vertex 65.6704 38.75 3
      vertex 92.7322 34.8077 3
    endloop
  endfacet
  facet normal 0 0 1
    outer loop
      vertex 93.5433 35.3688 3
      vertex 65.6704 38.75 3
      vertex 93.1111 35.1296 3
    endloop
  endfacet
  facet normal 0 0 1
    outer loop
      vertex 94.0123 35.516 3
      vertex 65.6704 38.75 3
      vertex 93.5433 35.3688 3
    endloop
  endfacet
  facet normal 0 0 1
    outer loop
      vertex 94.5 35.5658 3
      vertex 65.6704 38.75 3
      vertex 94.0123 35.516 3
    endloop
  endfacet
  facet normal -0 0 1
    outer loop
      vertex 65.6704 38.75 3
      vertex 94.5 35.5658 3
      vertex 138.33 38.75 3
    endloop
  endfacet
  facet normal -0 0 1
    outer loop
      vertex 143.944 35.5865 3
      vertex 145.939 32.9549 3
      vertex 144.202 35.7979 3
    endloop
  endfacet
  facet normal 0 0 1
    outer loop
      vertex 144.75 11.6704 3
      vertex 144.667 7.33165 3
      vertex 144.7 7 3
    endloop
  endfacet
  facet normal 0 0 1
    outer loop
      vertex 145.939 32.9549 3
      vertex 143.944 35.5865 3
      vertex 145.27 32.545 3
    endloop
  endfacet
  facet normal 0 0 1
    outer loop
      vertex 144.75 11.6704 3
      vertex 144.571 7.65056 3
      vertex 144.667 7.33165 3
    endloop
  endfacet
  facet normal -0 0 1
    outer loop
      vertex 143.651 35.4294 3
      vertex 145.27 32.545 3
      vertex 143.944 35.5865 3
    endloop
  endfacet
  facet normal 0 0 1
    outer loop
      vertex 144.75 11.6704 3
      vertex 144.413 7.94447 3
      vertex 144.571 7.65056 3
    endloop
  endfacet
  facet normal 0 0 1
    outer loop
      vertex 145.27 32.545 3
      vertex 143.651 35.4294 3
      vertex 144.75 32.3296 3
    endloop
  endfacet
  facet normal 0 0 1
    outer loop
      vertex 144.75 11.6704 3
      vertex 144.202 8.20208 3
      vertex 144.413 7.94447 3
    endloop
  endfacet
  facet normal -0 0 1
    outer loop
      vertex 143.332 35.3327 3
      vertex 144.75 32.3296 3
      vertex 143.651 35.4294 3
    endloop
  endfacet
  facet normal 0 0 1
    outer loop
      vertex 144.75 11.6704 3
      vertex 143.944 8.4135 3
      vertex 144.202 8.20208 3
    endloop
  endfacet
  facet normal -0 0 1
    outer loop
      vertex 143 35.3 3
      vertex 144.75 32.3296 3
      vertex 143.332 35.3327 3
    endloop
  endfacet
  facet normal 0 0 1
    outer loop
      vertex 144.75 11.6704 3
      vertex 143.651 8.57059 3
      vertex 143.944 8.4135 3
    endloop
  endfacet
  facet normal 0 0 1
    outer loop
      vertex 142.668 35.3327 3
      vertex 144.75 32.3296 3
      vertex 143 35.3 3
    endloop
  endfacet
  facet normal 0 0 1
    outer loop
      vertex 144.75 11.6704 3
      vertex 143.332 8.66733 3
      vertex 143.651 8.57059 3
    endloop
  endfacet
  facet normal 0 0 1
    outer loop
      vertex 142.349 35.4294 3
      vertex 144.75 32.3296 3
      vertex 142.668 35.3327 3
    endloop
  endfacet
  facet normal 0 0 1
    outer loop
      vertex 144.75 11.6704 3
      vertex 143 8.7 3
      vertex 143.332 8.66733 3
    endloop
  endfacet
  facet normal 0 0 1
    outer loop
      vertex 142.056 35.5865 3
      vertex 144.75 32.3296 3
      vertex 142.349 35.4294 3
    endloop
  endfacet
  facet normal 0 0 1
    outer loop
      vertex 144.75 11.6704 3
      vertex 142.668 8.66733 3
      vertex 143 8.7 3
    endloop
  endfacet
  facet normal 0 0 1
    outer loop
      vertex 141.798 35.7979 3
      vertex 144.75 32.3296 3
      vertex 142.056 35.5865 3
    endloop
  endfacet
  facet normal 0 0 1
    outer loop
      vertex 144.75 11.6704 3
      vertex 142.349 8.57059 3
      vertex 142.668 8.66733 3
    endloop
  endfacet
  facet normal 0 0 1
    outer loop
      vertex 144.75 32.3296 3
      vertex 141.798 35.7979 3
      vertex 144.75 11.6704 3
    endloop
  endfacet
  facet normal 0 0 1
    outer loop
      vertex 144.75 11.6704 3
      vertex 142.056 8.4135 3
      vertex 142.349 8.57059 3
    endloop
  endfacet
  facet normal 0 0 1
    outer loop
      vertex 141.798 8.20208 3
      vertex 144.75 11.6704 3
      vertex 141.798 35.7979 3
    endloop
  endfacet
  facet normal 0 0 1
    outer loop
      vertex 144.75 11.6704 3
      vertex 141.798 8.20208 3
      vertex 142.056 8.4135 3
    endloop
  endfacet
  facet normal 0 0 1
    outer loop
      vertex 138.33 38.75 3
      vertex 141.798 35.7979 3
      vertex 141.587 36.0555 3
    endloop
  endfacet
  facet normal 0 0 1
    outer loop
      vertex 110.5 28.8365 3
      vertex 141.798 35.7979 3
      vertex 138.33 38.75 3
    endloop
  endfacet
  facet normal 0 0 1
    outer loop
      vertex 138.33 38.75 3
      vertex 141.587 36.0555 3
      vertex 141.429 36.3494 3
    endloop
  endfacet
  facet normal 0 0 1
    outer loop
      vertex 141.798 35.7979 3
      vertex 110.5 28.8365 3
      vertex 141.798 8.20208 3
    endloop
  endfacet
  facet normal 0 0 1
    outer loop
      vertex 141.333 37.3317 3
      vertex 138.33 38.75 3
      vertex 141.3 37 3
    endloop
  endfacet
  facet normal 0 0 1
    outer loop
      vertex 141.3 37 3
      vertex 138.33 38.75 3
      vertex 141.333 36.6683 3
    endloop
  endfacet
  facet normal 0 0 1
    outer loop
      vertex 141.429 37.6506 3
      vertex 138.33 38.75 3
      vertex 141.333 37.3317 3
    endloop
  endfacet
  facet normal 0 0 1
    outer loop
      vertex 141.333 36.6683 3
      vertex 138.33 38.75 3
      vertex 141.429 36.3494 3
    endloop
  endfacet
  facet normal 0 -0 1
    outer loop
      vertex 144.7 37 3
      vertex 150 38 3
      vertex 144.667 37.3317 3
    endloop
  endfacet
  facet normal 0 0 1
    outer loop
      vertex 144.667 36.6683 3
      vertex 150 38 3
      vertex 144.7 37 3
    endloop
  endfacet
  facet normal 0 0 1
    outer loop
      vertex 143.944 38.4135 3
      vertex 147.282 43.023 3
      vertex 145.473 43.8164 3
    endloop
  endfacet
  facet normal 0 0 1
    outer loop
      vertex 150 38 3
      vertex 144.667 36.6683 3
      vertex 146.75 33.7156 3
    endloop
  endfacet
  facet normal -0 0 1
    outer loop
      vertex 144.413 36.0555 3
      vertex 146.75 33.7156 3
      vertex 144.571 36.3494 3
    endloop
  endfacet
  facet normal 0 0 1
    outer loop
      vertex 146.75 33.7156 3
      vertex 144.202 35.7979 3
      vertex 146.536 33.4645 3
    endloop
  endfacet
  facet normal -0 0 1
    outer loop
      vertex 144.202 35.7979 3
      vertex 146.75 33.7156 3
      vertex 144.413 36.0555 3
    endloop
  endfacet
  facet normal -0 0 1
    outer loop
      vertex 144.571 36.3494 3
      vertex 146.75 33.7156 3
      vertex 144.667 36.6683 3
    endloop
  endfacet
  facet normal 0 0 1
    outer loop
      vertex 147.282 43.023 3
      vertex 144.571 37.6506 3
      vertex 144.667 37.3317 3
    endloop
  endfacet
  facet normal 0 0 1
    outer loop
      vertex 147.282 43.023 3
      vertex 144.413 37.9445 3
      vertex 144.571 37.6506 3
    endloop
  endfacet
  facet normal 0 0 1
    outer loop
      vertex 147.282 43.023 3
      vertex 144.202 38.2021 3
      vertex 144.413 37.9445 3
    endloop
  endfacet
  facet normal 0 0 1
    outer loop
      vertex 143.651 38.5706 3
      vertex 145.473 43.8164 3
      vertex 144 44 3
    endloop
  endfacet
  facet normal 0 0 1
    outer loop
      vertex 147.282 43.023 3
      vertex 143.944 38.4135 3
      vertex 144.202 38.2021 3
    endloop
  endfacet
  facet normal 0 0 1
    outer loop
      vertex 145.473 43.8164 3
      vertex 143.651 38.5706 3
      vertex 143.944 38.4135 3
    endloop
  endfacet
  facet normal 0 0 1
    outer loop
      vertex 144 44 3
      vertex 143.332 38.6673 3
      vertex 143.651 38.5706 3
    endloop
  endfacet
  facet normal 0 0 1
    outer loop
      vertex 144 44 3
      vertex 143 38.7 3
      vertex 143.332 38.6673 3
    endloop
  endfacet
  facet normal 0 0 1
    outer loop
      vertex 144 44 3
      vertex 142.668 38.6673 3
      vertex 143 38.7 3
    endloop
  endfacet
  facet normal -0 0 1
    outer loop
      vertex 139.716 40.75 3
      vertex 142.668 38.6673 3
      vertex 144 44 3
    endloop
  endfacet
  facet normal 0 0 1
    outer loop
      vertex 142.668 38.6673 3
      vertex 139.716 40.75 3
      vertex 142.349 38.5706 3
    endloop
  endfacet
  facet normal 0 0 1
    outer loop
      vertex 142.349 38.5706 3
      vertex 139.716 40.75 3
      vertex 142.056 38.4135 3
    endloop
  endfacet
  facet normal 0 0 1
    outer loop
      vertex 142.056 38.4135 3
      vertex 139.716 40.75 3
      vertex 141.798 38.2021 3
    endloop
  endfacet
  facet normal -0 0 1
    outer loop
      vertex 139.464 40.5355 3
      vertex 141.798 38.2021 3
      vertex 139.716 40.75 3
    endloop
  endfacet
  facet normal 0 0 1
    outer loop
      vertex 141.429 7.65056 3
      vertex 139.716 3.25 3
      vertex 141.333 7.33165 3
    endloop
  endfacet
  facet normal 0 0 1
    outer loop
      vertex 141.587 37.9445 3
      vertex 138.33 38.75 3
      vertex 141.429 37.6506 3
    endloop
  endfacet
  facet normal -0 0 1
    outer loop
      vertex 138.33 38.75 3
      vertex 141.587 37.9445 3
      vertex 139.464 40.5355 3
    endloop
  endfacet
  facet normal 0 0 1
    outer loop
      vertex 141.798 38.2021 3
      vertex 139.464 40.5355 3
      vertex 141.587 37.9445 3
    endloop
  endfacet
  facet normal 0 0 1
    outer loop
      vertex 144 44 3
      vertex 64.2844 40.75 3
      vertex 139.716 40.75 3
    endloop
  endfacet
  facet normal 0 0 1
    outer loop
      vertex 65.6704 38.75 3
      vertex 62.6673 37.3317 3
      vertex 62.7 37 3
    endloop
  endfacet
  facet normal 0 0 1
    outer loop
      vertex 64.5355 40.5355 3
      vertex 62.5706 37.6506 3
      vertex 62.6673 37.3317 3
    endloop
  endfacet
  facet normal 0 0 1
    outer loop
      vertex 64.5355 40.5355 3
      vertex 62.4135 37.9445 3
      vertex 62.5706 37.6506 3
    endloop
  endfacet
  facet normal 0 0 1
    outer loop
      vertex 64.5355 40.5355 3
      vertex 62.2021 38.2021 3
      vertex 62.4135 37.9445 3
    endloop
  endfacet
  facet normal 0 0 1
    outer loop
      vertex 64.2844 40.75 3
      vertex 61.9445 38.4135 3
      vertex 62.2021 38.2021 3
    endloop
  endfacet
  facet normal 0 0 1
    outer loop
      vertex 64.2844 40.75 3
      vertex 61.6506 38.5706 3
      vertex 61.9445 38.4135 3
    endloop
  endfacet
  facet normal 0 0 1
    outer loop
      vertex 64.2844 40.75 3
      vertex 61.3317 38.6673 3
      vertex 61.6506 38.5706 3
    endloop
  endfacet
  facet normal 0 0 1
    outer loop
      vertex 60 44 3
      vertex 61.3317 38.6673 3
      vertex 64.2844 40.75 3
    endloop
  endfacet
  facet normal 0 0 1
    outer loop
      vertex 61.3317 38.6673 3
      vertex 60 44 3
      vertex 61 38.7 3
    endloop
  endfacet
  facet normal 0 0 1
    outer loop
      vertex 61 38.7 3
      vertex 60 44 3
      vertex 60.6683 38.6673 3
    endloop
  endfacet
  facet normal 0 0 1
    outer loop
      vertex 60.6683 38.6673 3
      vertex 60 44 3
      vertex 60.3494 38.5706 3
    endloop
  endfacet
  facet normal -0 0 1
    outer loop
      vertex 60 44 3
      vertex 64.2844 40.75 3
      vertex 144 44 3
    endloop
  endfacet
  facet normal -0 0 1
    outer loop
      vertex 58.0518 43.6749 3
      vertex 60.3494 38.5706 3
      vertex 60 44 3
    endloop
  endfacet
  facet normal 0 0 1
    outer loop
      vertex 60.3494 38.5706 3
      vertex 58.0518 43.6749 3
      vertex 60.0555 38.4135 3
    endloop
  endfacet
  facet normal -0 0 1
    outer loop
      vertex 56.3147 42.7348 3
      vertex 60.0555 38.4135 3
      vertex 58.0518 43.6749 3
    endloop
  endfacet
  facet normal 0 0 1
    outer loop
      vertex 60.0555 38.4135 3
      vertex 56.3147 42.7348 3
      vertex 59.7979 38.2021 3
    endloop
  endfacet
  facet normal -0 0 1
    outer loop
      vertex 54.977 41.2817 3
      vertex 59.7979 38.2021 3
      vertex 56.3147 42.7348 3
    endloop
  endfacet
  facet normal -0 0 1
    outer loop
      vertex 57.4645 10.5355 3
      vertex 59.7979 8.20208 3
      vertex 58.0611 11.0451 3
    endloop
  endfacet
  facet normal 0 0 1
    outer loop
      vertex 60.3494 35.4294 3
      vertex 58.73 32.545 3
      vertex 59.25 32.3296 3
    endloop
  endfacet
  facet normal 0 0 1
    outer loop
      vertex 54 38 3
      vertex 59.3 37 3
      vertex 59.3327 37.3317 3
    endloop
  endfacet
  facet normal 0 0 1
    outer loop
      vertex 59.7979 38.2021 3
      vertex 54.977 41.2817 3
      vertex 59.5865 37.9445 3
    endloop
  endfacet
  facet normal 0 0 1
    outer loop
      vertex 59.7979 35.7979 3
      vertex 57.25 33.7156 3
      vertex 57.4645 33.4645 3
    endloop
  endfacet
  facet normal -0 0 1
    outer loop
      vertex 54.1836 39.4729 3
      vertex 59.5865 37.9445 3
      vertex 54.977 41.2817 3
    endloop
  endfacet
  facet normal 0 0 1
    outer loop
      vertex 60.0555 35.5865 3
      vertex 58.0611 32.9549 3
      vertex 58.73 32.545 3
    endloop
  endfacet
  facet normal 0 0 1
    outer loop
      vertex 59.7979 35.7979 3
      vertex 57.4645 33.4645 3
      vertex 58.0611 32.9549 3
    endloop
  endfacet
  facet normal 0 0 1
    outer loop
      vertex 54 6 3
      vertex 57.25 10.2844 3
      vertex 57.25 33.7156 3
    endloop
  endfacet
  facet normal 0 0 1
    outer loop
      vertex 59.5865 37.9445 3
      vertex 54.1836 39.4729 3
      vertex 59.4294 37.6506 3
    endloop
  endfacet
  facet normal -0 0 1
    outer loop
      vertex 54 38 3
      vertex 59.4294 37.6506 3
      vertex 54.1836 39.4729 3
    endloop
  endfacet
  facet normal 0 0 1
    outer loop
      vertex 54 6 3
      vertex 57.25 33.7156 3
      vertex 54 38 3
    endloop
  endfacet
  facet normal 0 0 1
    outer loop
      vertex 59.4294 37.6506 3
      vertex 54 38 3
      vertex 59.3327 37.3317 3
    endloop
  endfacet
  facet normal 0 -0 1
    outer loop
      vertex 54.3251 4.0518 3
      vertex 57.25 10.2844 3
      vertex 54 6 3
    endloop
  endfacet
  facet normal 0 0 1
    outer loop
      vertex 59.3327 36.6683 3
      vertex 54 38 3
      vertex 57.25 33.7156 3
    endloop
  endfacet
  facet normal 0 0 1
    outer loop
      vertex 57.25 10.2844 3
      vertex 55.2652 2.31473 3
      vertex 56.7183 0.977005 3
    endloop
  endfacet
  facet normal 0 0 1
    outer loop
      vertex 57.25 10.2844 3
      vertex 54.3251 4.0518 3
      vertex 55.2652 2.31473 3
    endloop
  endfacet
  facet normal -0 0 1
    outer loop
      vertex 146.75 10.2844 3
      vertex 150 6 3
      vertex 150 38 3
    endloop
  endfacet
  facet normal 0 0 1
    outer loop
      vertex 144.667 37.3317 3
      vertex 150 38 3
      vertex 149.675 39.9482 3
    endloop
  endfacet
  facet normal 0 0 1
    outer loop
      vertex 146.75 10.2844 3
      vertex 150 38 3
      vertex 146.75 33.7156 3
    endloop
  endfacet
  facet normal 0 0 1
    outer loop
      vertex 144.667 37.3317 3
      vertex 149.675 39.9482 3
      vertex 148.735 41.6853 3
    endloop
  endfacet
  facet normal -0 0 1
    outer loop
      vertex 144.7 7 3
      vertex 150 6 3
      vertex 146.75 10.2844 3
    endloop
  endfacet
  facet normal 0 0 1
    outer loop
      vertex 144.667 37.3317 3
      vertex 148.735 41.6853 3
      vertex 147.282 43.023 3
    endloop
  endfacet
  facet normal -0 0 1
    outer loop
      vertex 144.667 6.66835 3
      vertex 150 6 3
      vertex 144.7 7 3
    endloop
  endfacet
  facet normal -0 0 1
    outer loop
      vertex 144.571 6.34944 3
      vertex 150 6 3
      vertex 144.667 6.66835 3
    endloop
  endfacet
  facet normal 0 0 1
    outer loop
      vertex 144.7 7 3
      vertex 146.75 10.2844 3
      vertex 146.536 10.5355 3
    endloop
  endfacet
  facet normal -0 0 1
    outer loop
      vertex 144.413 6.05553 3
      vertex 149.816 4.52708 3
      vertex 144.571 6.34944 3
    endloop
  endfacet
  facet normal 0 0 1
    outer loop
      vertex 144.7 7 3
      vertex 146.536 10.5355 3
      vertex 145.939 11.0451 3
    endloop
  endfacet
  facet normal 0 0 1
    outer loop
      vertex 144.7 7 3
      vertex 145.939 11.0451 3
      vertex 145.27 11.455 3
    endloop
  endfacet
  facet normal 0 0 1
    outer loop
      vertex 144.7 7 3
      vertex 145.27 11.455 3
      vertex 144.75 11.6704 3
    endloop
  endfacet
  facet normal 0 0 1
    outer loop
      vertex 146.536 33.4645 3
      vertex 144.202 35.7979 3
      vertex 145.939 32.9549 3
    endloop
  endfacet
  facet normal 0 0 1
    outer loop
      vertex 150 6 3
      vertex 144.571 6.34944 3
      vertex 149.816 4.52708 3
    endloop
  endfacet
  facet normal 0 0 1
    outer loop
      vertex 149.816 4.52708 3
      vertex 144.413 6.05553 3
      vertex 149.023 2.71831 3
    endloop
  endfacet
  facet normal -0 0 1
    outer loop
      vertex 144.202 5.79792 3
      vertex 149.023 2.71831 3
      vertex 144.413 6.05553 3
    endloop
  endfacet
  facet normal 0 0 1
    outer loop
      vertex 149.023 2.71831 3
      vertex 144.202 5.79792 3
      vertex 147.685 1.26515 3
    endloop
  endfacet
  facet normal -0 0 1
    outer loop
      vertex 143.944 5.5865 3
      vertex 147.685 1.26515 3
      vertex 144.202 5.79792 3
    endloop
  endfacet
  facet normal 0 0 1
    outer loop
      vertex 147.685 1.26515 3
      vertex 143.944 5.5865 3
      vertex 145.948 0.325104 3
    endloop
  endfacet
  facet normal -0 0 1
    outer loop
      vertex 143.651 5.42941 3
      vertex 145.948 0.325104 3
      vertex 143.944 5.5865 3
    endloop
  endfacet
  facet normal 0 0 1
    outer loop
      vertex 145.948 0.325104 3
      vertex 143.651 5.42941 3
      vertex 144 0 3
    endloop
  endfacet
  facet normal -0 0 1
    outer loop
      vertex 143.332 5.33267 3
      vertex 144 0 3
      vertex 143.651 5.42941 3
    endloop
  endfacet
  facet normal -0 0 1
    outer loop
      vertex 143 5.3 3
      vertex 144 0 3
      vertex 143.332 5.33267 3
    endloop
  endfacet
  facet normal 0 0 1
    outer loop
      vertex 142.668 5.33267 3
      vertex 144 0 3
      vertex 143 5.3 3
    endloop
  endfacet
  facet normal 0 0 1
    outer loop
      vertex 139.716 3.25 3
      vertex 142.668 5.33267 3
      vertex 142.349 5.42941 3
    endloop
  endfacet
  facet normal 0 0 1
    outer loop
      vertex 139.716 3.25 3
      vertex 142.349 5.42941 3
      vertex 142.056 5.5865 3
    endloop
  endfacet
  facet normal 0 0 1
    outer loop
      vertex 139.716 3.25 3
      vertex 142.056 5.5865 3
      vertex 141.798 5.79792 3
    endloop
  endfacet
  facet normal 0 0 1
    outer loop
      vertex 139.716 3.25 3
      vertex 141.798 5.79792 3
      vertex 141.587 6.05553 3
    endloop
  endfacet
  facet normal 0 0 1
    outer loop
      vertex 139.716 3.25 3
      vertex 141.587 6.05553 3
      vertex 141.429 6.34944 3
    endloop
  endfacet
  facet normal 0 0 1
    outer loop
      vertex 141.333 7.33165 3
      vertex 139.716 3.25 3
      vertex 141.3 7 3
    endloop
  endfacet
  facet normal 0 0 1
    outer loop
      vertex 139.716 3.25 3
      vertex 141.333 6.66835 3
      vertex 141.3 7 3
    endloop
  endfacet
  facet normal 0 0 1
    outer loop
      vertex 139.716 3.25 3
      vertex 141.429 6.34944 3
      vertex 141.333 6.66835 3
    endloop
  endfacet
  facet normal 0 0 1
    outer loop
      vertex 142.668 5.33267 3
      vertex 139.716 3.25 3
      vertex 144 0 3
    endloop
  endfacet
  facet normal -0 0 1
    outer loop
      vertex 64.2844 3.25 3
      vertex 144 0 3
      vertex 139.716 3.25 3
    endloop
  endfacet
  facet normal 0 0 1
    outer loop
      vertex 62.5706 36.3494 3
      vertex 65.6704 38.75 3
      vertex 62.6673 36.6683 3
    endloop
  endfacet
  facet normal -0 0 1
    outer loop
      vertex 62.6673 6.66835 3
      vertex 65.6704 5.25 3
      vertex 62.7 7 3
    endloop
  endfacet
  facet normal -0 0 1
    outer loop
      vertex 62.5706 6.34944 3
      vertex 65.6704 5.25 3
      vertex 62.6673 6.66835 3
    endloop
  endfacet
  facet normal -0 0 1
    outer loop
      vertex 62.4135 6.05553 3
      vertex 65.6704 5.25 3
      vertex 62.5706 6.34944 3
    endloop
  endfacet
  facet normal 0 0 1
    outer loop
      vertex 65.6704 5.25 3
      vertex 62.4135 6.05553 3
      vertex 64.2844 3.25 3
    endloop
  endfacet
  facet normal -0 0 1
    outer loop
      vertex 62.2021 5.79792 3
      vertex 64.2844 3.25 3
      vertex 62.4135 6.05553 3
    endloop
  endfacet
  facet normal -0 0 1
    outer loop
      vertex 61.9445 5.5865 3
      vertex 64.2844 3.25 3
      vertex 62.2021 5.79792 3
    endloop
  endfacet
  facet normal -0 0 1
    outer loop
      vertex 61.6506 5.42941 3
      vertex 64.2844 3.25 3
      vertex 61.9445 5.5865 3
    endloop
  endfacet
  facet normal -0 0 1
    outer loop
      vertex 61.3317 5.33267 3
      vertex 64.2844 3.25 3
      vertex 61.6506 5.42941 3
    endloop
  endfacet
  facet normal 0 0 1
    outer loop
      vertex 60 0 3
      vertex 61.3317 5.33267 3
      vertex 61 5.3 3
    endloop
  endfacet
  facet normal 0 0 1
    outer loop
      vertex 60 0 3
      vertex 61 5.3 3
      vertex 60.6683 5.33267 3
    endloop
  endfacet
  facet normal 0 0 1
    outer loop
      vertex 60 0 3
      vertex 60.6683 5.33267 3
      vertex 60.3494 5.42941 3
    endloop
  endfacet
  facet normal 0 0 1
    outer loop
      vertex 58.5271 0.183594 3
      vertex 60.3494 5.42941 3
      vertex 60.0555 5.5865 3
    endloop
  endfacet
  facet normal 0 0 1
    outer loop
      vertex 64.2844 3.25 3
      vertex 60 0 3
      vertex 144 0 3
    endloop
  endfacet
  facet normal 0 0 1
    outer loop
      vertex 61.3317 5.33267 3
      vertex 60 0 3
      vertex 64.2844 3.25 3
    endloop
  endfacet
  facet normal 0 0 1
    outer loop
      vertex 56.7183 0.977005 3
      vertex 60.0555 5.5865 3
      vertex 59.7979 5.79792 3
    endloop
  endfacet
  facet normal 0 0 1
    outer loop
      vertex 56.7183 0.977005 3
      vertex 59.7979 5.79792 3
      vertex 59.5865 6.05553 3
    endloop
  endfacet
  facet normal 0 0 1
    outer loop
      vertex 56.7183 0.977005 3
      vertex 59.5865 6.05553 3
      vertex 59.4294 6.34944 3
    endloop
  endfacet
  facet normal 0 0 1
    outer loop
      vertex 56.7183 0.977005 3
      vertex 59.4294 6.34944 3
      vertex 59.3327 6.66835 3
    endloop
  endfacet
  facet normal -0 0 1
    outer loop
      vertex 57.25 10.2844 3
      vertex 59.7979 8.20208 3
      vertex 57.4645 10.5355 3
    endloop
  endfacet
  facet normal 0 0 1
    outer loop
      vertex 59.7979 8.20208 3
      vertex 57.25 10.2844 3
      vertex 59.5865 7.94447 3
    endloop
  endfacet
  facet normal 0 0 1
    outer loop
      vertex 59.5865 7.94447 3
      vertex 57.25 10.2844 3
      vertex 59.4294 7.65056 3
    endloop
  endfacet
  facet normal 0 0 1
    outer loop
      vertex 59.4294 7.65056 3
      vertex 57.25 10.2844 3
      vertex 59.3327 7.33165 3
    endloop
  endfacet
  facet normal 0 0 1
    outer loop
      vertex 56.7183 0.977005 3
      vertex 59.3327 6.66835 3
      vertex 57.25 10.2844 3
    endloop
  endfacet
  facet normal 0 0 1
    outer loop
      vertex 59.3327 7.33165 3
      vertex 57.25 10.2844 3
      vertex 59.3 7 3
    endloop
  endfacet
  facet normal 0 0 1
    outer loop
      vertex 59.3 7 3
      vertex 57.25 10.2844 3
      vertex 59.3327 6.66835 3
    endloop
  endfacet
  facet normal 0 0 1
    outer loop
      vertex 60.3494 5.42941 3
      vertex 58.5271 0.183594 3
      vertex 60 0 3
    endloop
  endfacet
  facet normal 0 0 1
    outer loop
      vertex 60.0555 5.5865 3
      vertex 56.7183 0.977005 3
      vertex 58.5271 0.183594 3
    endloop
  endfacet
  facet normal 0 0 1
    outer loop
      vertex 141.587 7.94447 3
      vertex 138.33 5.25 3
      vertex 141.429 7.65056 3
    endloop
  endfacet
  facet normal -0 0 1
    outer loop
      vertex 109.5 11.2368 3
      vertex 138.33 5.25 3
      vertex 110.5 15.3779 3
    endloop
  endfacet
  facet normal -0 0 1
    outer loop
      vertex 109.452 10.7318 3
      vertex 138.33 5.25 3
      vertex 109.5 11.2368 3
    endloop
  endfacet
  facet normal -0 0 1
    outer loop
      vertex 109.31 10.2463 3
      vertex 138.33 5.25 3
      vertex 109.452 10.7318 3
    endloop
  endfacet
  facet normal -0 0 1
    outer loop
      vertex 109.079 9.79886 3
      vertex 138.33 5.25 3
      vertex 109.31 10.2463 3
    endloop
  endfacet
  facet normal -0 0 1
    outer loop
      vertex 108.768 9.40665 3
      vertex 138.33 5.25 3
      vertex 109.079 9.79886 3
    endloop
  endfacet
  facet normal -0 0 1
    outer loop
      vertex 108.389 9.08478 3
      vertex 138.33 5.25 3
      vertex 108.768 9.40665 3
    endloop
  endfacet
  facet normal -0 0 1
    outer loop
      vertex 107.957 8.8456 3
      vertex 138.33 5.25 3
      vertex 108.389 9.08478 3
    endloop
  endfacet
  facet normal -0 0 1
    outer loop
      vertex 107.488 8.69832 3
      vertex 138.33 5.25 3
      vertex 107.957 8.8456 3
    endloop
  endfacet
  facet normal -0 0 1
    outer loop
      vertex 107 8.64859 3
      vertex 138.33 5.25 3
      vertex 107.488 8.69832 3
    endloop
  endfacet
  facet normal 0 0 1
    outer loop
      vertex 94.5 8.64859 3
      vertex 107 8.64859 3
      vertex 106.512 8.69832 3
    endloop
  endfacet
  facet normal -0 0 1
    outer loop
      vertex 97 11.2368 3
      vertex 104.548 10.7318 3
      vertex 104.5 11.2368 3
    endloop
  endfacet
  facet normal 0 0 1
    outer loop
      vertex 96.952 10.7318 3
      vertex 104.548 10.7318 3
      vertex 97 11.2368 3
    endloop
  endfacet
  facet normal 0 0 1
    outer loop
      vertex 104.548 10.7318 3
      vertex 96.952 10.7318 3
      vertex 104.69 10.2463 3
    endloop
  endfacet
  facet normal 0 0 1
    outer loop
      vertex 96.8097 10.2463 3
      vertex 104.69 10.2463 3
      vertex 96.952 10.7318 3
    endloop
  endfacet
  facet normal 0 0 1
    outer loop
      vertex 104.69 10.2463 3
      vertex 96.8097 10.2463 3
      vertex 104.921 9.79886 3
    endloop
  endfacet
  facet normal 0 0 1
    outer loop
      vertex 96.5787 9.79886 3
      vertex 104.921 9.79886 3
      vertex 96.8097 10.2463 3
    endloop
  endfacet
  facet normal 0 0 1
    outer loop
      vertex 104.921 9.79886 3
      vertex 96.5787 9.79886 3
      vertex 105.232 9.40665 3
    endloop
  endfacet
  facet normal 0 0 1
    outer loop
      vertex 96.2678 9.40665 3
      vertex 105.232 9.40665 3
      vertex 96.5787 9.79886 3
    endloop
  endfacet
  facet normal 0 0 1
    outer loop
      vertex 105.232 9.40665 3
      vertex 96.2678 9.40665 3
      vertex 105.611 9.08478 3
    endloop
  endfacet
  facet normal 0 0 1
    outer loop
      vertex 95.8889 9.08478 3
      vertex 105.611 9.08478 3
      vertex 96.2678 9.40665 3
    endloop
  endfacet
  facet normal 0 0 1
    outer loop
      vertex 105.611 9.08478 3
      vertex 95.8889 9.08478 3
      vertex 106.043 8.8456 3
    endloop
  endfacet
  facet normal 0 0 1
    outer loop
      vertex 95.4567 8.8456 3
      vertex 106.043 8.8456 3
      vertex 95.8889 9.08478 3
    endloop
  endfacet
  facet normal 0 0 1
    outer loop
      vertex 106.043 8.8456 3
      vertex 95.4567 8.8456 3
      vertex 106.512 8.69832 3
    endloop
  endfacet
  facet normal 0 0 1
    outer loop
      vertex 94.9877 8.69832 3
      vertex 106.512 8.69832 3
      vertex 95.4567 8.8456 3
    endloop
  endfacet
  facet normal 0 0 1
    outer loop
      vertex 94.5 8.64859 3
      vertex 106.512 8.69832 3
      vertex 94.9877 8.69832 3
    endloop
  endfacet
  facet normal 0 0 1
    outer loop
      vertex 107 8.64859 3
      vertex 94.5 8.64859 3
      vertex 138.33 5.25 3
    endloop
  endfacet
  facet normal 0 0 1
    outer loop
      vertex 92.048 11.7417 3
      vertex 65.6704 5.25 3
      vertex 92 11.2368 3
    endloop
  endfacet
  facet normal 0 0 1
    outer loop
      vertex 92 11.2368 3
      vertex 65.6704 5.25 3
      vertex 92.048 10.7318 3
    endloop
  endfacet
  facet normal 0 0 1
    outer loop
      vertex 92.048 10.7318 3
      vertex 65.6704 5.25 3
      vertex 92.1903 10.2463 3
    endloop
  endfacet
  facet normal 0 0 1
    outer loop
      vertex 92.1903 10.2463 3
      vertex 65.6704 5.25 3
      vertex 92.4213 9.79886 3
    endloop
  endfacet
  facet normal 0 0 1
    outer loop
      vertex 94.5 8.64859 3
      vertex 65.6704 5.25 3
      vertex 138.33 5.25 3
    endloop
  endfacet
  facet normal 0 0 1
    outer loop
      vertex 94.0123 8.69832 3
      vertex 65.6704 5.25 3
      vertex 94.5 8.64859 3
    endloop
  endfacet
  facet normal 0 0 1
    outer loop
      vertex 93.5433 8.8456 3
      vertex 65.6704 5.25 3
      vertex 94.0123 8.69832 3
    endloop
  endfacet
  facet normal 0 0 1
    outer loop
      vertex 93.1111 9.08478 3
      vertex 65.6704 5.25 3
      vertex 93.5433 8.8456 3
    endloop
  endfacet
  facet normal 0 0 1
    outer loop
      vertex 92.7322 9.40665 3
      vertex 65.6704 5.25 3
      vertex 93.1111 9.08478 3
    endloop
  endfacet
  facet normal 0 0 1
    outer loop
      vertex 92.4213 9.79886 3
      vertex 65.6704 5.25 3
      vertex 92.7322 9.40665 3
    endloop
  endfacet
  facet normal 0 0 1
    outer loop
      vertex 62.6673 37.3317 3
      vertex 65.455 39.27 3
      vertex 65.0451 39.9389 3
    endloop
  endfacet
  facet normal 0 0 1
    outer loop
      vertex 62.6673 37.3317 3
      vertex 65.6704 38.75 3
      vertex 65.455 39.27 3
    endloop
  endfacet
  facet normal 0 0 1
    outer loop
      vertex 62.6673 37.3317 3
      vertex 65.0451 39.9389 3
      vertex 64.5355 40.5355 3
    endloop
  endfacet
  facet normal 0 0 1
    outer loop
      vertex 62.6673 36.6683 3
      vertex 65.6704 38.75 3
      vertex 62.7 37 3
    endloop
  endfacet
  facet normal 0 0 1
    outer loop
      vertex 62.2021 38.2021 3
      vertex 64.5355 40.5355 3
      vertex 64.2844 40.75 3
    endloop
  endfacet
  facet normal 0 0 1
    outer loop
      vertex 65.6704 5.25 3
      vertex 64.2844 3.25 3
      vertex 65.455 4.73005 3
    endloop
  endfacet
  facet normal 0 0 1
    outer loop
      vertex 65.0451 4.06107 3
      vertex 64.2844 3.25 3
      vertex 64.5355 3.46447 3
    endloop
  endfacet
  facet normal 0 0 1
    outer loop
      vertex 65.455 4.73005 3
      vertex 64.2844 3.25 3
      vertex 65.0451 4.06107 3
    endloop
  endfacet
  facet normal -0 0 1
    outer loop
      vertex 109.452 32.4726 3
      vertex 110.5 28.8365 3
      vertex 109.5 32.9776 3
    endloop
  endfacet
  facet normal -0 0 1
    outer loop
      vertex 109.31 31.9871 3
      vertex 110.5 28.8365 3
      vertex 109.452 32.4726 3
    endloop
  endfacet
  facet normal -0 0 1
    outer loop
      vertex 109.079 31.5397 3
      vertex 110.5 28.8365 3
      vertex 109.31 31.9871 3
    endloop
  endfacet
  facet normal -0 0 1
    outer loop
      vertex 108.768 31.1475 3
      vertex 110.5 28.8365 3
      vertex 109.079 31.5397 3
    endloop
  endfacet
  facet normal -0 0 1
    outer loop
      vertex 108.389 30.8256 3
      vertex 110.5 28.8365 3
      vertex 108.768 31.1475 3
    endloop
  endfacet
  facet normal -0 0 1
    outer loop
      vertex 107.957 30.5864 3
      vertex 110.5 28.8365 3
      vertex 108.389 30.8256 3
    endloop
  endfacet
  facet normal -0 0 1
    outer loop
      vertex 107.488 30.4391 3
      vertex 110.5 28.8365 3
      vertex 107.957 30.5864 3
    endloop
  endfacet
  facet normal -0 0 1
    outer loop
      vertex 107 30.3894 3
      vertex 110.5 28.8365 3
      vertex 107.488 30.4391 3
    endloop
  endfacet
  facet normal 0 0 1
    outer loop
      vertex 106.512 30.4391 3
      vertex 110.5 28.8365 3
      vertex 107 30.3894 3
    endloop
  endfacet
  facet normal 0 0 1
    outer loop
      vertex 93.5 28.8365 3
      vertex 106.512 30.4391 3
      vertex 106.043 30.5864 3
    endloop
  endfacet
  facet normal -0 0 1
    outer loop
      vertex 97 32.9776 3
      vertex 104.548 32.4726 3
      vertex 104.5 32.9776 3
    endloop
  endfacet
  facet normal 0 0 1
    outer loop
      vertex 96.952 32.4726 3
      vertex 104.548 32.4726 3
      vertex 97 32.9776 3
    endloop
  endfacet
  facet normal 0 0 1
    outer loop
      vertex 104.548 32.4726 3
      vertex 96.952 32.4726 3
      vertex 104.69 31.9871 3
    endloop
  endfacet
  facet normal 0 0 1
    outer loop
      vertex 96.8097 31.9871 3
      vertex 104.69 31.9871 3
      vertex 96.952 32.4726 3
    endloop
  endfacet
  facet normal 0 0 1
    outer loop
      vertex 104.69 31.9871 3
      vertex 96.8097 31.9871 3
      vertex 104.921 31.5397 3
    endloop
  endfacet
  facet normal 0 0 1
    outer loop
      vertex 96.5787 31.5397 3
      vertex 104.921 31.5397 3
      vertex 96.8097 31.9871 3
    endloop
  endfacet
  facet normal 0 0 1
    outer loop
      vertex 104.921 31.5397 3
      vertex 96.5787 31.5397 3
      vertex 105.232 31.1475 3
    endloop
  endfacet
  facet normal 0 0 1
    outer loop
      vertex 96.2678 31.1475 3
      vertex 105.232 31.1475 3
      vertex 96.5787 31.5397 3
    endloop
  endfacet
  facet normal 0 0 1
    outer loop
      vertex 105.232 31.1475 3
      vertex 96.2678 31.1475 3
      vertex 105.611 30.8256 3
    endloop
  endfacet
  facet normal 0 0 1
    outer loop
      vertex 95.8889 30.8256 3
      vertex 105.611 30.8256 3
      vertex 96.2678 31.1475 3
    endloop
  endfacet
  facet normal 0 0 1
    outer loop
      vertex 93.5 28.8365 3
      vertex 105.611 30.8256 3
      vertex 95.8889 30.8256 3
    endloop
  endfacet
  facet normal 0 0 1
    outer loop
      vertex 105.611 30.8256 3
      vertex 93.5 28.8365 3
      vertex 106.043 30.5864 3
    endloop
  endfacet
  facet normal 0 0 1
    outer loop
      vertex 93.5 28.8365 3
      vertex 95.8889 30.8256 3
      vertex 95.4567 30.5864 3
    endloop
  endfacet
  facet normal 0 0 1
    outer loop
      vertex 93.5 28.8365 3
      vertex 95.4567 30.5864 3
      vertex 94.9877 30.4391 3
    endloop
  endfacet
  facet normal 0 0 1
    outer loop
      vertex 93.5 28.8365 3
      vertex 94.9877 30.4391 3
      vertex 94.5 30.3894 3
    endloop
  endfacet
  facet normal 0 0 1
    outer loop
      vertex 106.512 30.4391 3
      vertex 93.5 28.8365 3
      vertex 110.5 28.8365 3
    endloop
  endfacet
  facet normal 0 0 1
    outer loop
      vertex 94.0123 30.4391 3
      vertex 93.5 28.8365 3
      vertex 94.5 30.3894 3
    endloop
  endfacet
  facet normal 0 0 1
    outer loop
      vertex 93.5433 30.5864 3
      vertex 93.5 28.8365 3
      vertex 94.0123 30.4391 3
    endloop
  endfacet
  facet normal 0 0 1
    outer loop
      vertex 92.7322 31.1475 3
      vertex 93.5 28.8365 3
      vertex 93.1111 30.8256 3
    endloop
  endfacet
  facet normal 0 0 1
    outer loop
      vertex 93.1111 30.8256 3
      vertex 93.5 28.8365 3
      vertex 93.5433 30.5864 3
    endloop
  endfacet
  facet normal 0.401653 0.915792 -0
    outer loop
      vertex 147.282 43.023 0
      vertex 145.473 43.8164 3
      vertex 147.282 43.023 3
    endloop
  endfacet
  facet normal 0.401653 0.915792 0
    outer loop
      vertex 145.473 43.8164 3
      vertex 147.282 43.023 0
      vertex 145.473 43.8164 0
    endloop
  endfacet
  facet normal 0.915848 -0.401526 0
    outer loop
      vertex 149.023 2.71831 3
      vertex 149.816 4.52708 0
      vertex 149.816 4.52708 3
    endloop
  endfacet
  facet normal 0.915848 -0.401526 0
    outer loop
      vertex 149.816 4.52708 0
      vertex 149.023 2.71831 3
      vertex 149.023 2.71831 0
    endloop
  endfacet
  facet normal 0.992287 -0.123958 0
    outer loop
      vertex 149.816 4.52708 3
      vertex 150 6 0
      vertex 150 6 3
    endloop
  endfacet
  facet normal 0.992287 -0.123958 0
    outer loop
      vertex 150 6 0
      vertex 149.816 4.52708 3
      vertex 149.816 4.52708 0
    endloop
  endfacet
  facet normal 0.881919 -0.471401 0
    outer loop
      vertex 59.4294 7.65056 3
      vertex 59.5865 7.94447 1.6
      vertex 59.5865 7.94447 3
    endloop
  endfacet
  facet normal 0.881919 -0.471401 0
    outer loop
      vertex 59.5865 7.94447 1.6
      vertex 59.4294 7.65056 3
      vertex 59.4294 7.65056 1.6
    endloop
  endfacet
  facet normal 0.995174 -0.0981221 0
    outer loop
      vertex 59.3 7 3
      vertex 59.3327 7.33165 1.6
      vertex 59.3327 7.33165 3
    endloop
  endfacet
  facet normal 0.995174 -0.0981221 0
    outer loop
      vertex 59.3327 7.33165 1.6
      vertex 59.3 7 3
      vertex 59.3 7 1.6
    endloop
  endfacet
  facet normal -0.956974 -0.290174 0
    outer loop
      vertex 62.6673 7.33165 1.6
      vertex 62.5706 7.65056 3
      vertex 62.5706 7.65056 1.6
    endloop
  endfacet
  facet normal -0.956974 -0.290174 0
    outer loop
      vertex 62.5706 7.65056 3
      vertex 62.6673 7.33165 1.6
      vertex 62.6673 7.33165 3
    endloop
  endfacet
  facet normal -0.290292 0.956938 0
    outer loop
      vertex 61.6506 5.42941 1.6
      vertex 61.3317 5.33267 3
      vertex 61.6506 5.42941 3
    endloop
  endfacet
  facet normal -0.290292 0.956938 0
    outer loop
      vertex 61.3317 5.33267 3
      vertex 61.6506 5.42941 1.6
      vertex 61.3317 5.33267 1.6
    endloop
  endfacet
  facet normal -0.0980183 -0.995185 0
    outer loop
      vertex 61 8.7 1.6
      vertex 61.3317 8.66733 3
      vertex 61 8.7 3
    endloop
  endfacet
  facet normal -0.0980183 -0.995185 -0
    outer loop
      vertex 61.3317 8.66733 3
      vertex 61 8.7 1.6
      vertex 61.3317 8.66733 1.6
    endloop
  endfacet
  facet normal -0.995174 0.0981221 0
    outer loop
      vertex 62.6673 6.66835 1.6
      vertex 62.7 7 3
      vertex 62.7 7 1.6
    endloop
  endfacet
  facet normal -0.995174 0.0981221 0
    outer loop
      vertex 62.7 7 3
      vertex 62.6673 6.66835 1.6
      vertex 62.6673 6.66835 3
    endloop
  endfacet
  facet normal -0.881919 0.471401 0
    outer loop
      vertex 62.4135 6.05553 1.6
      vertex 62.5706 6.34944 3
      vertex 62.5706 6.34944 1.6
    endloop
  endfacet
  facet normal -0.881919 0.471401 0
    outer loop
      vertex 62.5706 6.34944 3
      vertex 62.4135 6.05553 1.6
      vertex 62.4135 6.05553 3
    endloop
  endfacet
  facet normal 0.290292 0.956938 -0
    outer loop
      vertex 60.6683 5.33267 1.6
      vertex 60.3494 5.42941 3
      vertex 60.6683 5.33267 3
    endloop
  endfacet
  facet normal 0.290292 0.956938 0
    outer loop
      vertex 60.3494 5.42941 3
      vertex 60.6683 5.33267 1.6
      vertex 60.3494 5.42941 1.6
    endloop
  endfacet
  facet normal -0.995174 -0.0981221 0
    outer loop
      vertex 62.7 7 1.6
      vertex 62.6673 7.33165 3
      vertex 62.6673 7.33165 1.6
    endloop
  endfacet
  facet normal -0.995174 -0.0981221 0
    outer loop
      vertex 62.6673 7.33165 3
      vertex 62.7 7 1.6
      vertex 62.7 7 3
    endloop
  endfacet
  facet normal -0.634417 0.772991 0
    outer loop
      vertex 62.2021 5.79792 1.6
      vertex 61.9445 5.5865 3
      vertex 62.2021 5.79792 3
    endloop
  endfacet
  facet normal -0.634417 0.772991 0
    outer loop
      vertex 61.9445 5.5865 3
      vertex 62.2021 5.79792 1.6
      vertex 61.9445 5.5865 1.6
    endloop
  endfacet
  facet normal 0.773033 0.634366 0
    outer loop
      vertex 59.7979 5.79792 3
      vertex 59.5865 6.05553 1.6
      vertex 59.5865 6.05553 3
    endloop
  endfacet
  facet normal 0.773033 0.634366 0
    outer loop
      vertex 59.5865 6.05553 1.6
      vertex 59.7979 5.79792 3
      vertex 59.7979 5.79792 1.6
    endloop
  endfacet
  facet normal 0.47139 0.881925 -0
    outer loop
      vertex 60.3494 5.42941 1.6
      vertex 60.0555 5.5865 3
      vertex 60.3494 5.42941 3
    endloop
  endfacet
  facet normal 0.47139 0.881925 0
    outer loop
      vertex 60.0555 5.5865 3
      vertex 60.3494 5.42941 1.6
      vertex 60.0555 5.5865 1.6
    endloop
  endfacet
  facet normal -0.881919 -0.471401 0
    outer loop
      vertex 62.5706 7.65056 1.6
      vertex 62.4135 7.94447 3
      vertex 62.4135 7.94447 1.6
    endloop
  endfacet
  facet normal -0.881919 -0.471401 0
    outer loop
      vertex 62.4135 7.94447 3
      vertex 62.5706 7.65056 1.6
      vertex 62.5706 7.65056 3
    endloop
  endfacet
  facet normal 0.0980183 0.995185 -0
    outer loop
      vertex 61 5.3 1.6
      vertex 60.6683 5.33267 3
      vertex 61 5.3 3
    endloop
  endfacet
  facet normal 0.0980183 0.995185 0
    outer loop
      vertex 60.6683 5.33267 3
      vertex 61 5.3 1.6
      vertex 60.6683 5.33267 1.6
    endloop
  endfacet
  facet normal -0.47139 -0.881925 0
    outer loop
      vertex 61.6506 8.57059 1.6
      vertex 61.9445 8.4135 3
      vertex 61.6506 8.57059 3
    endloop
  endfacet
  facet normal -0.47139 -0.881925 -0
    outer loop
      vertex 61.9445 8.4135 3
      vertex 61.6506 8.57059 1.6
      vertex 61.9445 8.4135 1.6
    endloop
  endfacet
  facet normal -0.956974 0.290174 0
    outer loop
      vertex 62.5706 6.34944 1.6
      vertex 62.6673 6.66835 3
      vertex 62.6673 6.66835 1.6
    endloop
  endfacet
  facet normal -0.956974 0.290174 0
    outer loop
      vertex 62.6673 6.66835 3
      vertex 62.5706 6.34944 1.6
      vertex 62.5706 6.34944 3
    endloop
  endfacet
  facet normal 0.634417 0.772991 -0
    outer loop
      vertex 60.0555 5.5865 1.6
      vertex 59.7979 5.79792 3
      vertex 60.0555 5.5865 3
    endloop
  endfacet
  facet normal 0.634417 0.772991 0
    outer loop
      vertex 59.7979 5.79792 3
      vertex 60.0555 5.5865 1.6
      vertex 59.7979 5.79792 1.6
    endloop
  endfacet
  facet normal 0.290292 -0.956938 0
    outer loop
      vertex 60.3494 8.57059 1.6
      vertex 60.6683 8.66733 3
      vertex 60.3494 8.57059 3
    endloop
  endfacet
  facet normal 0.290292 -0.956938 0
    outer loop
      vertex 60.6683 8.66733 3
      vertex 60.3494 8.57059 1.6
      vertex 60.6683 8.66733 1.6
    endloop
  endfacet
  facet normal 0.0980183 -0.995185 0
    outer loop
      vertex 60.6683 8.66733 1.6
      vertex 61 8.7 3
      vertex 60.6683 8.66733 3
    endloop
  endfacet
  facet normal 0.0980183 -0.995185 0
    outer loop
      vertex 61 8.7 3
      vertex 60.6683 8.66733 1.6
      vertex 61 8.7 1.6
    endloop
  endfacet
  facet normal -0.0980183 0.995185 0
    outer loop
      vertex 61.3317 5.33267 1.6
      vertex 61 5.3 3
      vertex 61.3317 5.33267 3
    endloop
  endfacet
  facet normal -0.0980183 0.995185 0
    outer loop
      vertex 61 5.3 3
      vertex 61.3317 5.33267 1.6
      vertex 61 5.3 1.6
    endloop
  endfacet
  facet normal -0.634417 -0.772991 0
    outer loop
      vertex 61.9445 8.4135 1.6
      vertex 62.2021 8.20208 3
      vertex 61.9445 8.4135 3
    endloop
  endfacet
  facet normal -0.634417 -0.772991 -0
    outer loop
      vertex 62.2021 8.20208 3
      vertex 61.9445 8.4135 1.6
      vertex 62.2021 8.20208 1.6
    endloop
  endfacet
  facet normal 0.773033 -0.634366 0
    outer loop
      vertex 59.5865 7.94447 3
      vertex 59.7979 8.20208 1.6
      vertex 59.7979 8.20208 3
    endloop
  endfacet
  facet normal 0.773033 -0.634366 0
    outer loop
      vertex 59.7979 8.20208 1.6
      vertex 59.5865 7.94447 3
      vertex 59.5865 7.94447 1.6
    endloop
  endfacet
  facet normal 0.956974 0.290174 0
    outer loop
      vertex 59.4294 6.34944 3
      vertex 59.3327 6.66835 1.6
      vertex 59.3327 6.66835 3
    endloop
  endfacet
  facet normal 0.956974 0.290174 0
    outer loop
      vertex 59.3327 6.66835 1.6
      vertex 59.4294 6.34944 3
      vertex 59.4294 6.34944 1.6
    endloop
  endfacet
  facet normal 0.634417 -0.772991 0
    outer loop
      vertex 59.7979 8.20208 1.6
      vertex 60.0555 8.4135 3
      vertex 59.7979 8.20208 3
    endloop
  endfacet
  facet normal 0.634417 -0.772991 0
    outer loop
      vertex 60.0555 8.4135 3
      vertex 59.7979 8.20208 1.6
      vertex 60.0555 8.4135 1.6
    endloop
  endfacet
  facet normal -0.773033 -0.634366 0
    outer loop
      vertex 62.4135 7.94447 1.6
      vertex 62.2021 8.20208 3
      vertex 62.2021 8.20208 1.6
    endloop
  endfacet
  facet normal -0.773033 -0.634366 0
    outer loop
      vertex 62.2021 8.20208 3
      vertex 62.4135 7.94447 1.6
      vertex 62.4135 7.94447 3
    endloop
  endfacet
  facet normal 0.995174 0.0981221 0
    outer loop
      vertex 59.3327 6.66835 3
      vertex 59.3 7 1.6
      vertex 59.3 7 3
    endloop
  endfacet
  facet normal 0.995174 0.0981221 0
    outer loop
      vertex 59.3 7 1.6
      vertex 59.3327 6.66835 3
      vertex 59.3327 6.66835 1.6
    endloop
  endfacet
  facet normal 0.47139 -0.881925 0
    outer loop
      vertex 60.0555 8.4135 1.6
      vertex 60.3494 8.57059 3
      vertex 60.0555 8.4135 3
    endloop
  endfacet
  facet normal 0.47139 -0.881925 0
    outer loop
      vertex 60.3494 8.57059 3
      vertex 60.0555 8.4135 1.6
      vertex 60.3494 8.57059 1.6
    endloop
  endfacet
  facet normal -0.47139 0.881925 0
    outer loop
      vertex 61.9445 5.5865 1.6
      vertex 61.6506 5.42941 3
      vertex 61.9445 5.5865 3
    endloop
  endfacet
  facet normal -0.47139 0.881925 0
    outer loop
      vertex 61.6506 5.42941 3
      vertex 61.9445 5.5865 1.6
      vertex 61.6506 5.42941 1.6
    endloop
  endfacet
  facet normal 0.881919 0.471401 0
    outer loop
      vertex 59.5865 6.05553 3
      vertex 59.4294 6.34944 1.6
      vertex 59.4294 6.34944 3
    endloop
  endfacet
  facet normal 0.881919 0.471401 0
    outer loop
      vertex 59.4294 6.34944 1.6
      vertex 59.5865 6.05553 3
      vertex 59.5865 6.05553 1.6
    endloop
  endfacet
  facet normal -0.290292 -0.956938 0
    outer loop
      vertex 61.3317 8.66733 1.6
      vertex 61.6506 8.57059 3
      vertex 61.3317 8.66733 3
    endloop
  endfacet
  facet normal -0.290292 -0.956938 -0
    outer loop
      vertex 61.6506 8.57059 3
      vertex 61.3317 8.66733 1.6
      vertex 61.6506 8.57059 1.6
    endloop
  endfacet
  facet normal 0.956974 -0.290174 0
    outer loop
      vertex 59.3327 7.33165 3
      vertex 59.4294 7.65056 1.6
      vertex 59.4294 7.65056 3
    endloop
  endfacet
  facet normal 0.956974 -0.290174 0
    outer loop
      vertex 59.4294 7.65056 1.6
      vertex 59.3327 7.33165 3
      vertex 59.3327 7.33165 1.6
    endloop
  endfacet
  facet normal -0.773033 0.634366 0
    outer loop
      vertex 62.2021 5.79792 1.6
      vertex 62.4135 6.05553 3
      vertex 62.4135 6.05553 1.6
    endloop
  endfacet
  facet normal -0.773033 0.634366 0
    outer loop
      vertex 62.4135 6.05553 3
      vertex 62.2021 5.79792 1.6
      vertex 62.2021 5.79792 3
    endloop
  endfacet
  facet normal -0.707574 -0.0696736 -0.703196
    outer loop
      vertex 64.2271 7.6398 0
      vertex 64.2901 7 0
      vertex 62.7 7 1.6
    endloop
  endfacet
  facet normal 0.627077 -0.335117 -0.703186
    outer loop
      vertex 58.2644 8.82786 0
      vertex 59.5865 7.94447 1.6
      vertex 57.9614 8.26088 0
    endloop
  endfacet
  facet normal 0.451077 0.549604 -0.703182
    outer loop
      vertex 58.6752 4.67226 0
      vertex 59.7979 5.79792 1.6
      vertex 60.0555 5.5865 1.6
    endloop
  endfacet
  facet normal 0.450451 0.55017 -0.703141
    outer loop
      vertex 59.7979 5.79792 1.6
      vertex 58.6752 4.67226 0
      vertex 58.6736 4.67357 0
    endloop
  endfacet
  facet normal -0.335117 -0.627079 -0.703185
    outer loop
      vertex 62.2609 10.0386 0
      vertex 62.8279 9.73559 0
      vertex 61.9445 8.4135 1.6
    endloop
  endfacet
  facet normal 0.0674214 -0.707924 -0.703063
    outer loop
      vertex 60.3602 10.227 0
      vertex 60.6683 8.66733 1.6
      vertex 60.3581 10.2268 0
    endloop
  endfacet
  facet normal 0.0696926 -0.707592 -0.703176
    outer loop
      vertex 60.6683 8.66733 1.6
      vertex 60.3602 10.227 0
      vertex 61 8.7 1.6
    endloop
  endfacet
  facet normal 0.451094 -0.549585 -0.703186
    outer loop
      vertex 59.1721 9.73559 0
      vertex 60.0555 8.4135 1.6
      vertex 58.6752 9.32774 0
    endloop
  endfacet
  facet normal -0.551961 0.448469 -0.703004
    outer loop
      vertex 62.2021 5.79792 1.6
      vertex 63.3277 4.67517 0
      vertex 63.3264 4.67357 0
    endloop
  endfacet
  facet normal -0.549638 0.451044 -0.703177
    outer loop
      vertex 63.3277 4.67517 0
      vertex 62.2021 5.79792 1.6
      vertex 62.4135 6.05553 1.6
    endloop
  endfacet
  facet normal 0.549589 -0.451088 -0.703187
    outer loop
      vertex 58.6723 9.32483 0
      vertex 59.5865 7.94447 1.6
      vertex 58.2644 8.82786 0
    endloop
  endfacet
  facet normal -0.549638 -0.451044 -0.703177
    outer loop
      vertex 62.2021 8.20208 1.6
      vertex 63.3277 9.32483 0
      vertex 62.4135 7.94447 1.6
    endloop
  endfacet
  facet normal -0.551961 -0.448469 -0.703004
    outer loop
      vertex 63.3277 9.32483 0
      vertex 62.2021 8.20208 1.6
      vertex 63.3264 9.32643 0
    endloop
  endfacet
  facet normal -0.624226 0.341107 -0.702843
    outer loop
      vertex 64.0386 5.73912 0
      vertex 62.5706 6.34944 1.6
      vertex 64.0396 5.74095 0
    endloop
  endfacet
  facet normal -0.627057 0.335173 -0.703177
    outer loop
      vertex 62.5706 6.34944 1.6
      vertex 64.0386 5.73912 0
      vertex 62.4135 6.05553 1.6
    endloop
  endfacet
  facet normal -0.549589 0.451088 -0.703187
    outer loop
      vertex 63.7356 5.17214 0
      vertex 63.3277 4.67517 0
      vertex 62.4135 6.05553 1.6
    endloop
  endfacet
  facet normal -0.217528 0.677545 -0.702577
    outer loop
      vertex 61.3317 5.33267 1.6
      vertex 61.6438 3.77376 0
      vertex 61.6419 3.77315 0
    endloop
  endfacet
  facet normal -0.206401 0.680393 -0.703181
    outer loop
      vertex 61.6438 3.77376 0
      vertex 61.3317 5.33267 1.6
      vertex 61.6506 5.42941 1.6
    endloop
  endfacet
  facet normal -0.206403 -0.680401 -0.703172
    outer loop
      vertex 61.3317 8.66733 1.6
      vertex 61.6438 10.2262 0
      vertex 61.6506 8.57059 1.6
    endloop
  endfacet
  facet normal -0.214234 -0.678407 -0.702757
    outer loop
      vertex 61.6438 10.2262 0
      vertex 61.3317 8.66733 1.6
      vertex 61.6419 10.2268 0
    endloop
  endfacet
  facet normal -0.335158 0.627053 -0.703188
    outer loop
      vertex 62.8279 4.26441 0
      vertex 62.2609 3.96135 0
      vertex 61.9445 5.5865 1.6
    endloop
  endfacet
  facet normal 0.627057 0.335173 -0.703177
    outer loop
      vertex 57.9614 5.73912 0
      vertex 59.4294 6.34944 1.6
      vertex 59.5865 6.05553 1.6
    endloop
  endfacet
  facet normal 0.624226 0.341107 -0.702843
    outer loop
      vertex 59.4294 6.34944 1.6
      vertex 57.9614 5.73912 0
      vertex 57.9604 5.74095 0
    endloop
  endfacet
  facet normal 0.680403 -0.206374 -0.70318
    outer loop
      vertex 57.9604 8.25905 0
      vertex 59.4294 7.65056 1.6
      vertex 57.7738 7.64384 0
    endloop
  endfacet
  facet normal -0.680403 -0.206374 -0.70318
    outer loop
      vertex 64.0396 8.25905 0
      vertex 64.2262 7.64384 0
      vertex 62.5706 7.65056 1.6
    endloop
  endfacet
  facet normal -0.549589 -0.451088 -0.703187
    outer loop
      vertex 63.3277 9.32483 0
      vertex 63.7356 8.82786 0
      vertex 62.4135 7.94447 1.6
    endloop
  endfacet
  facet normal 0.707569 -0.0697836 -0.703191
    outer loop
      vertex 57.773 7.6398 0
      vertex 59.3 7 1.6
      vertex 57.7099 7 0
    endloop
  endfacet
  facet normal -0.450451 -0.55017 -0.703141
    outer loop
      vertex 62.2021 8.20208 1.6
      vertex 63.3248 9.32774 0
      vertex 63.3264 9.32643 0
    endloop
  endfacet
  facet normal -0.451077 -0.549604 -0.703182
    outer loop
      vertex 63.3248 9.32774 0
      vertex 62.2021 8.20208 1.6
      vertex 61.9445 8.4135 1.6
    endloop
  endfacet
  facet normal 0.707728 -0.0687115 -0.703136
    outer loop
      vertex 59.3327 7.33165 1.6
      vertex 57.773 7.6398 0
      vertex 57.7732 7.64186 0
    endloop
  endfacet
  facet normal 0.707573 -0.0697653 -0.703188
    outer loop
      vertex 57.773 7.6398 0
      vertex 59.3327 7.33165 1.6
      vertex 59.3 7 1.6
    endloop
  endfacet
  facet normal -0.707574 0.0696736 -0.703196
    outer loop
      vertex 64.2901 7 0
      vertex 64.2271 6.3602 0
      vertex 62.7 7 1.6
    endloop
  endfacet
  facet normal -0.451094 0.549585 -0.703186
    outer loop
      vertex 63.3248 4.67226 0
      vertex 62.8279 4.26441 0
      vertex 61.9445 5.5865 1.6
    endloop
  endfacet
  facet normal -0.627077 -0.335117 -0.703186
    outer loop
      vertex 63.7356 8.82786 0
      vertex 64.0386 8.26088 0
      vertex 62.4135 7.94447 1.6
    endloop
  endfacet
  facet normal -0.680403 0.206374 -0.70318
    outer loop
      vertex 64.2262 6.35616 0
      vertex 64.0396 5.74095 0
      vertex 62.5706 6.34944 1.6
    endloop
  endfacet
  facet normal 0.0696855 0.707582 -0.703186
    outer loop
      vertex 61 5.3 1.6
      vertex 61 3.70994 0
      vertex 60.3602 3.77295 0
    endloop
  endfacet
  facet normal 0.680411 0.206315 -0.703189
    outer loop
      vertex 57.7738 6.35616 0
      vertex 59.3327 6.66835 1.6
      vertex 59.4294 6.34944 1.6
    endloop
  endfacet
  facet normal 0.680441 0.206194 -0.703195
    outer loop
      vertex 59.3327 6.66835 1.6
      vertex 57.7738 6.35616 0
      vertex 57.7732 6.35814 0
    endloop
  endfacet
  facet normal 0.707569 0.0697836 -0.703191
    outer loop
      vertex 59.3 7 1.6
      vertex 57.773 6.3602 0
      vertex 57.7099 7 0
    endloop
  endfacet
  facet normal 0.627057 -0.335173 -0.703177
    outer loop
      vertex 59.4294 7.65056 1.6
      vertex 57.9614 8.26088 0
      vertex 59.5865 7.94447 1.6
    endloop
  endfacet
  facet normal 0.624226 -0.341107 -0.702843
    outer loop
      vertex 57.9614 8.26088 0
      vertex 59.4294 7.65056 1.6
      vertex 57.9604 8.25905 0
    endloop
  endfacet
  facet normal 0.217528 0.677545 -0.702577
    outer loop
      vertex 60.3562 3.77376 0
      vertex 60.6683 5.33267 1.6
      vertex 60.3581 3.77315 0
    endloop
  endfacet
  facet normal 0.206401 0.680393 -0.703181
    outer loop
      vertex 60.6683 5.33267 1.6
      vertex 60.3562 3.77376 0
      vertex 60.3494 5.42941 1.6
    endloop
  endfacet
  facet normal -0.0697836 -0.707569 -0.703191
    outer loop
      vertex 61 10.2901 0
      vertex 61.6398 10.227 0
      vertex 61 8.7 1.6
    endloop
  endfacet
  facet normal -0.624226 -0.341107 -0.702843
    outer loop
      vertex 62.5706 7.65056 1.6
      vertex 64.0386 8.26088 0
      vertex 64.0396 8.25905 0
    endloop
  endfacet
  facet normal -0.627057 -0.335173 -0.703177
    outer loop
      vertex 64.0386 8.26088 0
      vertex 62.5706 7.65056 1.6
      vertex 62.4135 7.94447 1.6
    endloop
  endfacet
  facet normal -0.206364 0.680399 -0.703187
    outer loop
      vertex 61.6506 5.42941 1.6
      vertex 62.2591 3.96038 0
      vertex 61.6438 3.77376 0
    endloop
  endfacet
  facet normal -0.0696855 0.707582 -0.703186
    outer loop
      vertex 61 5.3 1.6
      vertex 61.6398 3.77295 0
      vertex 61 3.70994 0
    endloop
  endfacet
  facet normal 0.206364 0.680399 -0.703187
    outer loop
      vertex 60.3494 5.42941 1.6
      vertex 60.3562 3.77376 0
      vertex 59.7409 3.96038 0
    endloop
  endfacet
  facet normal 0.627077 0.335117 -0.703186
    outer loop
      vertex 59.5865 6.05553 1.6
      vertex 58.2644 5.17214 0
      vertex 57.9614 5.73912 0
    endloop
  endfacet
  facet normal -0.627077 0.335117 -0.703186
    outer loop
      vertex 64.0386 5.73912 0
      vertex 63.7356 5.17214 0
      vertex 62.4135 6.05553 1.6
    endloop
  endfacet
  facet normal 0.549638 -0.451044 -0.703177
    outer loop
      vertex 58.6723 9.32483 0
      vertex 59.7979 8.20208 1.6
      vertex 59.5865 7.94447 1.6
    endloop
  endfacet
  facet normal 0.551961 -0.448469 -0.703004
    outer loop
      vertex 59.7979 8.20208 1.6
      vertex 58.6723 9.32483 0
      vertex 58.6736 9.32643 0
    endloop
  endfacet
  facet normal -0.337351 0.626012 -0.703067
    outer loop
      vertex 61.6506 5.42941 1.6
      vertex 62.2609 3.96135 0
      vertex 62.2591 3.96038 0
    endloop
  endfacet
  facet normal -0.335161 0.627053 -0.703187
    outer loop
      vertex 62.2609 3.96135 0
      vertex 61.6506 5.42941 1.6
      vertex 61.9445 5.5865 1.6
    endloop
  endfacet
  facet normal -0.450451 0.55017 -0.703141
    outer loop
      vertex 63.3248 4.67226 0
      vertex 62.2021 5.79792 1.6
      vertex 63.3264 4.67357 0
    endloop
  endfacet
  facet normal -0.451077 0.549604 -0.703182
    outer loop
      vertex 62.2021 5.79792 1.6
      vertex 63.3248 4.67226 0
      vertex 61.9445 5.5865 1.6
    endloop
  endfacet
  facet normal -0.707551 0.0697631 -0.70321
    outer loop
      vertex 64.2271 6.3602 0
      vertex 62.6673 6.66835 1.6
      vertex 62.7 7 1.6
    endloop
  endfacet
  facet normal -0.702371 0.102287 -0.704424
    outer loop
      vertex 62.6673 6.66835 1.6
      vertex 64.2271 6.3602 0
      vertex 64.2268 6.35814 0
    endloop
  endfacet
  facet normal 0.551961 0.448469 -0.703004
    outer loop
      vertex 58.6723 4.67517 0
      vertex 59.7979 5.79792 1.6
      vertex 58.6736 4.67357 0
    endloop
  endfacet
  facet normal 0.549638 0.451044 -0.703177
    outer loop
      vertex 59.7979 5.79792 1.6
      vertex 58.6723 4.67517 0
      vertex 59.5865 6.05553 1.6
    endloop
  endfacet
  facet normal 0.451077 -0.549604 -0.703182
    outer loop
      vertex 59.7979 8.20208 1.6
      vertex 58.6752 9.32774 0
      vertex 60.0555 8.4135 1.6
    endloop
  endfacet
  facet normal 0.450451 -0.55017 -0.703141
    outer loop
      vertex 58.6752 9.32774 0
      vertex 59.7979 8.20208 1.6
      vertex 58.6736 9.32643 0
    endloop
  endfacet
  facet normal 0.335117 -0.627079 -0.703185
    outer loop
      vertex 59.7391 10.0386 0
      vertex 60.0555 8.4135 1.6
      vertex 59.1721 9.73559 0
    endloop
  endfacet
  facet normal -0.206346 -0.68041 -0.703181
    outer loop
      vertex 62.2591 10.0396 0
      vertex 61.6506 8.57059 1.6
      vertex 61.6438 10.2262 0
    endloop
  endfacet
  facet normal 0.707573 0.0697653 -0.703188
    outer loop
      vertex 59.3327 6.66835 1.6
      vertex 57.773 6.3602 0
      vertex 59.3 7 1.6
    endloop
  endfacet
  facet normal 0.707728 0.0687115 -0.703136
    outer loop
      vertex 57.773 6.3602 0
      vertex 59.3327 6.66835 1.6
      vertex 57.7732 6.35814 0
    endloop
  endfacet
  facet normal 0.0696915 0.707581 -0.703187
    outer loop
      vertex 60.3602 3.77295 0
      vertex 60.6683 5.33267 1.6
      vertex 61 5.3 1.6
    endloop
  endfacet
  facet normal 0.0674203 0.707913 -0.703074
    outer loop
      vertex 60.6683 5.33267 1.6
      vertex 60.3602 3.77295 0
      vertex 60.3581 3.77315 0
    endloop
  endfacet
  facet normal 0.680411 -0.206315 -0.703189
    outer loop
      vertex 59.3327 7.33165 1.6
      vertex 57.7738 7.64384 0
      vertex 59.4294 7.65056 1.6
    endloop
  endfacet
  facet normal 0.680441 -0.206194 -0.703195
    outer loop
      vertex 57.7738 7.64384 0
      vertex 59.3327 7.33165 1.6
      vertex 57.7732 7.64186 0
    endloop
  endfacet
  facet normal 0.214234 -0.678407 -0.702757
    outer loop
      vertex 60.6683 8.66733 1.6
      vertex 60.3562 10.2262 0
      vertex 60.3581 10.2268 0
    endloop
  endfacet
  facet normal 0.206403 -0.680401 -0.703172
    outer loop
      vertex 60.3562 10.2262 0
      vertex 60.6683 8.66733 1.6
      vertex 60.3494 8.57059 1.6
    endloop
  endfacet
  facet normal 0.337351 0.626012 -0.703067
    outer loop
      vertex 59.7391 3.96135 0
      vertex 60.3494 5.42941 1.6
      vertex 59.7409 3.96038 0
    endloop
  endfacet
  facet normal 0.335161 0.627053 -0.703187
    outer loop
      vertex 60.3494 5.42941 1.6
      vertex 59.7391 3.96135 0
      vertex 60.0555 5.5865 1.6
    endloop
  endfacet
  facet normal -0.0696926 -0.707592 -0.703176
    outer loop
      vertex 61.6398 10.227 0
      vertex 61.3317 8.66733 1.6
      vertex 61 8.7 1.6
    endloop
  endfacet
  facet normal -0.0674214 -0.707924 -0.703063
    outer loop
      vertex 61.3317 8.66733 1.6
      vertex 61.6398 10.227 0
      vertex 61.6419 10.2268 0
    endloop
  endfacet
  facet normal 0.0697836 -0.707569 -0.703191
    outer loop
      vertex 61 10.2901 0
      vertex 61 8.7 1.6
      vertex 60.3602 10.227 0
    endloop
  endfacet
  facet normal -0.451094 -0.549585 -0.703186
    outer loop
      vertex 62.8279 9.73559 0
      vertex 63.3248 9.32774 0
      vertex 61.9445 8.4135 1.6
    endloop
  endfacet
  facet normal 0.335165 -0.627061 -0.703177
    outer loop
      vertex 59.7391 10.0386 0
      vertex 60.3494 8.57059 1.6
      vertex 60.0555 8.4135 1.6
    endloop
  endfacet
  facet normal 0.345591 -0.622064 -0.702569
    outer loop
      vertex 60.3494 8.57059 1.6
      vertex 59.7391 10.0386 0
      vertex 59.7409 10.0396 0
    endloop
  endfacet
  facet normal -0.680441 -0.206194 -0.703195
    outer loop
      vertex 62.6673 7.33165 1.6
      vertex 64.2262 7.64384 0
      vertex 64.2268 7.64186 0
    endloop
  endfacet
  facet normal -0.680411 -0.206315 -0.703189
    outer loop
      vertex 64.2262 7.64384 0
      vertex 62.6673 7.33165 1.6
      vertex 62.5706 7.65056 1.6
    endloop
  endfacet
  facet normal -0.680441 0.206194 -0.703195
    outer loop
      vertex 64.2262 6.35616 0
      vertex 62.6673 6.66835 1.6
      vertex 64.2268 6.35814 0
    endloop
  endfacet
  facet normal -0.680411 0.206315 -0.703189
    outer loop
      vertex 62.6673 6.66835 1.6
      vertex 64.2262 6.35616 0
      vertex 62.5706 6.34944 1.6
    endloop
  endfacet
  facet normal 0.206346 -0.68041 -0.703181
    outer loop
      vertex 60.3562 10.2262 0
      vertex 60.3494 8.57059 1.6
      vertex 59.7409 10.0396 0
    endloop
  endfacet
  facet normal 0.680403 0.206374 -0.70318
    outer loop
      vertex 59.4294 6.34944 1.6
      vertex 57.9604 5.74095 0
      vertex 57.7738 6.35616 0
    endloop
  endfacet
  facet normal 0.549589 0.451088 -0.703187
    outer loop
      vertex 59.5865 6.05553 1.6
      vertex 58.6723 4.67517 0
      vertex 58.2644 5.17214 0
    endloop
  endfacet
  facet normal 0.335158 0.627053 -0.703188
    outer loop
      vertex 60.0555 5.5865 1.6
      vertex 59.7391 3.96135 0
      vertex 59.1721 4.26441 0
    endloop
  endfacet
  facet normal -0.335165 -0.627061 -0.703177
    outer loop
      vertex 61.6506 8.57059 1.6
      vertex 62.2609 10.0386 0
      vertex 61.9445 8.4135 1.6
    endloop
  endfacet
  facet normal -0.345591 -0.622064 -0.702569
    outer loop
      vertex 62.2609 10.0386 0
      vertex 61.6506 8.57059 1.6
      vertex 62.2591 10.0396 0
    endloop
  endfacet
  facet normal -0.0674203 0.707913 -0.703074
    outer loop
      vertex 61.6398 3.77295 0
      vertex 61.3317 5.33267 1.6
      vertex 61.6419 3.77315 0
    endloop
  endfacet
  facet normal -0.0696915 0.707581 -0.703187
    outer loop
      vertex 61.3317 5.33267 1.6
      vertex 61.6398 3.77295 0
      vertex 61 5.3 1.6
    endloop
  endfacet
  facet normal 0.451094 0.549585 -0.703186
    outer loop
      vertex 60.0555 5.5865 1.6
      vertex 59.1721 4.26441 0
      vertex 58.6752 4.67226 0
    endloop
  endfacet
  facet normal -0.702371 -0.102287 -0.704424
    outer loop
      vertex 64.2271 7.6398 0
      vertex 62.6673 7.33165 1.6
      vertex 64.2268 7.64186 0
    endloop
  endfacet
  facet normal -0.707551 -0.0697631 -0.70321
    outer loop
      vertex 62.6673 7.33165 1.6
      vertex 64.2271 7.6398 0
      vertex 62.7 7 1.6
    endloop
  endfacet
  facet normal 0.956971 -0.290182 0
    outer loop
      vertex 59.3327 37.3317 3
      vertex 59.4294 37.6506 1.6
      vertex 59.4294 37.6506 3
    endloop
  endfacet
  facet normal 0.956971 -0.290182 0
    outer loop
      vertex 59.4294 37.6506 1.6
      vertex 59.3327 37.3317 3
      vertex 59.3327 37.3317 1.6
    endloop
  endfacet
  facet normal -0.0981075 0.995176 0
    outer loop
      vertex 61.3317 35.3327 1.6
      vertex 61 35.3 3
      vertex 61.3317 35.3327 3
    endloop
  endfacet
  facet normal -0.0981075 0.995176 0
    outer loop
      vertex 61 35.3 3
      vertex 61.3317 35.3327 1.6
      vertex 61 35.3 1.6
    endloop
  endfacet
  facet normal -0.956971 -0.290182 0
    outer loop
      vertex 62.6673 37.3317 1.6
      vertex 62.5706 37.6506 3
      vertex 62.5706 37.6506 1.6
    endloop
  endfacet
  facet normal -0.956971 -0.290182 0
    outer loop
      vertex 62.5706 37.6506 3
      vertex 62.6673 37.3317 1.6
      vertex 62.6673 37.3317 3
    endloop
  endfacet
  facet normal -0.995176 -0.0981075 0
    outer loop
      vertex 62.7 37 1.6
      vertex 62.6673 37.3317 3
      vertex 62.6673 37.3317 1.6
    endloop
  endfacet
  facet normal -0.995176 -0.0981075 0
    outer loop
      vertex 62.6673 37.3317 3
      vertex 62.7 37 1.6
      vertex 62.7 37 3
    endloop
  endfacet
  facet normal -0.881912 -0.471413 0
    outer loop
      vertex 62.5706 37.6506 1.6
      vertex 62.4135 37.9445 3
      vertex 62.4135 37.9445 1.6
    endloop
  endfacet
  facet normal -0.881912 -0.471413 0
    outer loop
      vertex 62.4135 37.9445 3
      vertex 62.5706 37.6506 1.6
      vertex 62.5706 37.6506 3
    endloop
  endfacet
  facet normal 0.634381 -0.773021 0
    outer loop
      vertex 59.7979 38.2021 1.6
      vertex 60.0555 38.4135 3
      vertex 59.7979 38.2021 3
    endloop
  endfacet
  facet normal 0.634381 -0.773021 0
    outer loop
      vertex 60.0555 38.4135 3
      vertex 59.7979 38.2021 1.6
      vertex 60.0555 38.4135 1.6
    endloop
  endfacet
  facet normal 0.773021 -0.634381 0
    outer loop
      vertex 59.5865 37.9445 3
      vertex 59.7979 38.2021 1.6
      vertex 59.7979 38.2021 3
    endloop
  endfacet
  facet normal 0.773021 -0.634381 0
    outer loop
      vertex 59.7979 38.2021 1.6
      vertex 59.5865 37.9445 3
      vertex 59.5865 37.9445 1.6
    endloop
  endfacet
  facet normal -0.0981075 -0.995176 0
    outer loop
      vertex 61 38.7 1.6
      vertex 61.3317 38.6673 3
      vertex 61 38.7 3
    endloop
  endfacet
  facet normal -0.0981075 -0.995176 -0
    outer loop
      vertex 61.3317 38.6673 3
      vertex 61 38.7 1.6
      vertex 61.3317 38.6673 1.6
    endloop
  endfacet
  facet normal 0.881912 0.471413 0
    outer loop
      vertex 59.5865 36.0555 3
      vertex 59.4294 36.3494 1.6
      vertex 59.4294 36.3494 3
    endloop
  endfacet
  facet normal 0.881912 0.471413 0
    outer loop
      vertex 59.4294 36.3494 1.6
      vertex 59.5865 36.0555 3
      vertex 59.5865 36.0555 1.6
    endloop
  endfacet
  facet normal -0.773021 -0.634381 0
    outer loop
      vertex 62.4135 37.9445 1.6
      vertex 62.2021 38.2021 3
      vertex 62.2021 38.2021 1.6
    endloop
  endfacet
  facet normal -0.773021 -0.634381 0
    outer loop
      vertex 62.2021 38.2021 3
      vertex 62.4135 37.9445 1.6
      vertex 62.4135 37.9445 3
    endloop
  endfacet
  facet normal -0.881912 0.471413 0
    outer loop
      vertex 62.4135 36.0555 1.6
      vertex 62.5706 36.3494 3
      vertex 62.5706 36.3494 1.6
    endloop
  endfacet
  facet normal -0.881912 0.471413 0
    outer loop
      vertex 62.5706 36.3494 3
      vertex 62.4135 36.0555 1.6
      vertex 62.4135 36.0555 3
    endloop
  endfacet
  facet normal -0.290182 0.956971 0
    outer loop
      vertex 61.6506 35.4294 1.6
      vertex 61.3317 35.3327 3
      vertex 61.6506 35.4294 3
    endloop
  endfacet
  facet normal -0.290182 0.956971 0
    outer loop
      vertex 61.3317 35.3327 3
      vertex 61.6506 35.4294 1.6
      vertex 61.3317 35.3327 1.6
    endloop
  endfacet
  facet normal 0.471413 -0.881912 0
    outer loop
      vertex 60.0555 38.4135 1.6
      vertex 60.3494 38.5706 3
      vertex 60.0555 38.4135 3
    endloop
  endfacet
  facet normal 0.471413 -0.881912 0
    outer loop
      vertex 60.3494 38.5706 3
      vertex 60.0555 38.4135 1.6
      vertex 60.3494 38.5706 1.6
    endloop
  endfacet
  facet normal -0.471413 -0.881912 0
    outer loop
      vertex 61.6506 38.5706 1.6
      vertex 61.9445 38.4135 3
      vertex 61.6506 38.5706 3
    endloop
  endfacet
  facet normal -0.471413 -0.881912 -0
    outer loop
      vertex 61.9445 38.4135 3
      vertex 61.6506 38.5706 1.6
      vertex 61.9445 38.4135 1.6
    endloop
  endfacet
  facet normal -0.956971 0.290182 0
    outer loop
      vertex 62.5706 36.3494 1.6
      vertex 62.6673 36.6683 3
      vertex 62.6673 36.6683 1.6
    endloop
  endfacet
  facet normal -0.956971 0.290182 0
    outer loop
      vertex 62.6673 36.6683 3
      vertex 62.5706 36.3494 1.6
      vertex 62.5706 36.3494 3
    endloop
  endfacet
  facet normal -0.471413 0.881912 0
    outer loop
      vertex 61.9445 35.5865 1.6
      vertex 61.6506 35.4294 3
      vertex 61.9445 35.5865 3
    endloop
  endfacet
  facet normal -0.471413 0.881912 0
    outer loop
      vertex 61.6506 35.4294 3
      vertex 61.9445 35.5865 1.6
      vertex 61.6506 35.4294 1.6
    endloop
  endfacet
  facet normal 0.634381 0.773021 -0
    outer loop
      vertex 60.0555 35.5865 1.6
      vertex 59.7979 35.7979 3
      vertex 60.0555 35.5865 3
    endloop
  endfacet
  facet normal 0.634381 0.773021 0
    outer loop
      vertex 59.7979 35.7979 3
      vertex 60.0555 35.5865 1.6
      vertex 59.7979 35.7979 1.6
    endloop
  endfacet
  facet normal -0.290182 -0.956971 0
    outer loop
      vertex 61.3317 38.6673 1.6
      vertex 61.6506 38.5706 3
      vertex 61.3317 38.6673 3
    endloop
  endfacet
  facet normal -0.290182 -0.956971 -0
    outer loop
      vertex 61.6506 38.5706 3
      vertex 61.3317 38.6673 1.6
      vertex 61.6506 38.5706 1.6
    endloop
  endfacet
  facet normal -0.995176 0.0981075 0
    outer loop
      vertex 62.6673 36.6683 1.6
      vertex 62.7 37 3
      vertex 62.7 37 1.6
    endloop
  endfacet
  facet normal -0.995176 0.0981075 0
    outer loop
      vertex 62.7 37 3
      vertex 62.6673 36.6683 1.6
      vertex 62.6673 36.6683 3
    endloop
  endfacet
  facet normal -0.634381 0.773021 0
    outer loop
      vertex 62.2021 35.7979 1.6
      vertex 61.9445 35.5865 3
      vertex 62.2021 35.7979 3
    endloop
  endfacet
  facet normal -0.634381 0.773021 0
    outer loop
      vertex 61.9445 35.5865 3
      vertex 62.2021 35.7979 1.6
      vertex 61.9445 35.5865 1.6
    endloop
  endfacet
  facet normal 0.290182 -0.956971 0
    outer loop
      vertex 60.3494 38.5706 1.6
      vertex 60.6683 38.6673 3
      vertex 60.3494 38.5706 3
    endloop
  endfacet
  facet normal 0.290182 -0.956971 0
    outer loop
      vertex 60.6683 38.6673 3
      vertex 60.3494 38.5706 1.6
      vertex 60.6683 38.6673 1.6
    endloop
  endfacet
  facet normal -0.634381 -0.773021 0
    outer loop
      vertex 61.9445 38.4135 1.6
      vertex 62.2021 38.2021 3
      vertex 61.9445 38.4135 3
    endloop
  endfacet
  facet normal -0.634381 -0.773021 -0
    outer loop
      vertex 62.2021 38.2021 3
      vertex 61.9445 38.4135 1.6
      vertex 62.2021 38.2021 1.6
    endloop
  endfacet
  facet normal 0.0981075 0.995176 -0
    outer loop
      vertex 61 35.3 1.6
      vertex 60.6683 35.3327 3
      vertex 61 35.3 3
    endloop
  endfacet
  facet normal 0.0981075 0.995176 0
    outer loop
      vertex 60.6683 35.3327 3
      vertex 61 35.3 1.6
      vertex 60.6683 35.3327 1.6
    endloop
  endfacet
  facet normal 0.0981075 -0.995176 0
    outer loop
      vertex 60.6683 38.6673 1.6
      vertex 61 38.7 3
      vertex 60.6683 38.6673 3
    endloop
  endfacet
  facet normal 0.0981075 -0.995176 0
    outer loop
      vertex 61 38.7 3
      vertex 60.6683 38.6673 1.6
      vertex 61 38.7 1.6
    endloop
  endfacet
  facet normal 0.881912 -0.471413 0
    outer loop
      vertex 59.4294 37.6506 3
      vertex 59.5865 37.9445 1.6
      vertex 59.5865 37.9445 3
    endloop
  endfacet
  facet normal 0.881912 -0.471413 0
    outer loop
      vertex 59.5865 37.9445 1.6
      vertex 59.4294 37.6506 3
      vertex 59.4294 37.6506 1.6
    endloop
  endfacet
  facet normal 0.956971 0.290182 0
    outer loop
      vertex 59.4294 36.3494 3
      vertex 59.3327 36.6683 1.6
      vertex 59.3327 36.6683 3
    endloop
  endfacet
  facet normal 0.956971 0.290182 0
    outer loop
      vertex 59.3327 36.6683 1.6
      vertex 59.4294 36.3494 3
      vertex 59.4294 36.3494 1.6
    endloop
  endfacet
  facet normal 0.995176 0.0981075 0
    outer loop
      vertex 59.3327 36.6683 3
      vertex 59.3 37 1.6
      vertex 59.3 37 3
    endloop
  endfacet
  facet normal 0.995176 0.0981075 0
    outer loop
      vertex 59.3 37 1.6
      vertex 59.3327 36.6683 3
      vertex 59.3327 36.6683 1.6
    endloop
  endfacet
  facet normal 0.773021 0.634381 0
    outer loop
      vertex 59.7979 35.7979 3
      vertex 59.5865 36.0555 1.6
      vertex 59.5865 36.0555 3
    endloop
  endfacet
  facet normal 0.773021 0.634381 0
    outer loop
      vertex 59.5865 36.0555 1.6
      vertex 59.7979 35.7979 3
      vertex 59.7979 35.7979 1.6
    endloop
  endfacet
  facet normal 0.471413 0.881912 -0
    outer loop
      vertex 60.3494 35.4294 1.6
      vertex 60.0555 35.5865 3
      vertex 60.3494 35.4294 3
    endloop
  endfacet
  facet normal 0.471413 0.881912 0
    outer loop
      vertex 60.0555 35.5865 3
      vertex 60.3494 35.4294 1.6
      vertex 60.0555 35.5865 1.6
    endloop
  endfacet
  facet normal -0.773021 0.634381 0
    outer loop
      vertex 62.2021 35.7979 1.6
      vertex 62.4135 36.0555 3
      vertex 62.4135 36.0555 1.6
    endloop
  endfacet
  facet normal -0.773021 0.634381 0
    outer loop
      vertex 62.4135 36.0555 3
      vertex 62.2021 35.7979 1.6
      vertex 62.2021 35.7979 3
    endloop
  endfacet
  facet normal 0.995176 -0.0981075 0
    outer loop
      vertex 59.3 37 3
      vertex 59.3327 37.3317 1.6
      vertex 59.3327 37.3317 3
    endloop
  endfacet
  facet normal 0.995176 -0.0981075 0
    outer loop
      vertex 59.3327 37.3317 1.6
      vertex 59.3 37 3
      vertex 59.3 37 1.6
    endloop
  endfacet
  facet normal 0.290182 0.956971 -0
    outer loop
      vertex 60.6683 35.3327 1.6
      vertex 60.3494 35.4294 3
      vertex 60.6683 35.3327 3
    endloop
  endfacet
  facet normal 0.290182 0.956971 0
    outer loop
      vertex 60.3494 35.4294 3
      vertex 60.6683 35.3327 1.6
      vertex 60.3494 35.4294 1.6
    endloop
  endfacet
  facet normal -0.707574 -0.0696736 -0.703196
    outer loop
      vertex 64.2271 37.6398 0
      vertex 64.2901 37 0
      vertex 62.7 37 1.6
    endloop
  endfacet
  facet normal 0.627082 -0.335107 -0.703187
    outer loop
      vertex 58.2644 38.8279 0
      vertex 59.5865 37.9445 1.6
      vertex 57.9614 38.2609 0
    endloop
  endfacet
  facet normal 0.451059 0.549634 -0.70317
    outer loop
      vertex 58.6752 34.6723 0
      vertex 59.7979 35.7979 1.6
      vertex 60.0555 35.5865 1.6
    endloop
  endfacet
  facet normal 0.448473 0.551967 -0.702997
    outer loop
      vertex 59.7979 35.7979 1.6
      vertex 58.6752 34.6723 0
      vertex 58.6736 34.6736 0
    endloop
  endfacet
  facet normal -0.335107 -0.627082 -0.703187
    outer loop
      vertex 62.2609 40.0386 0
      vertex 62.8279 39.7356 0
      vertex 61.9445 38.4135 1.6
    endloop
  endfacet
  facet normal 0.0674207 -0.707918 -0.70307
    outer loop
      vertex 60.3602 40.227 0
      vertex 60.6683 38.6673 1.6
      vertex 60.3581 40.2268 0
    endloop
  endfacet
  facet normal 0.069755 -0.707576 -0.703186
    outer loop
      vertex 60.6683 38.6673 1.6
      vertex 60.3602 40.227 0
      vertex 61 38.7 1.6
    endloop
  endfacet
  facet normal 0.451127 -0.549559 -0.703186
    outer loop
      vertex 59.1721 39.7356 0
      vertex 60.0555 38.4135 1.6
      vertex 58.6752 39.3277 0
    endloop
  endfacet
  facet normal -0.551967 0.448473 -0.702997
    outer loop
      vertex 62.2021 35.7979 1.6
      vertex 63.3277 34.6752 0
      vertex 63.3264 34.6736 0
    endloop
  endfacet
  facet normal -0.549634 0.451059 -0.70317
    outer loop
      vertex 63.3277 34.6752 0
      vertex 62.2021 35.7979 1.6
      vertex 62.4135 36.0555 1.6
    endloop
  endfacet
  facet normal 0.549559 -0.451127 -0.703186
    outer loop
      vertex 58.6723 39.3248 0
      vertex 59.5865 37.9445 1.6
      vertex 58.2644 38.8279 0
    endloop
  endfacet
  facet normal -0.549634 -0.451059 -0.70317
    outer loop
      vertex 62.2021 38.2021 1.6
      vertex 63.3277 39.3248 0
      vertex 62.4135 37.9445 1.6
    endloop
  endfacet
  facet normal -0.551967 -0.448473 -0.702997
    outer loop
      vertex 63.3277 39.3248 0
      vertex 62.2021 38.2021 1.6
      vertex 63.3264 39.3264 0
    endloop
  endfacet
  facet normal -0.622066 0.345592 -0.702567
    outer loop
      vertex 64.0386 35.7391 0
      vertex 62.5706 36.3494 1.6
      vertex 64.0396 35.7409 0
    endloop
  endfacet
  facet normal -0.627055 0.335183 -0.703174
    outer loop
      vertex 62.5706 36.3494 1.6
      vertex 64.0386 35.7391 0
      vertex 62.4135 36.0555 1.6
    endloop
  endfacet
  facet normal -0.549559 0.451127 -0.703186
    outer loop
      vertex 63.7356 35.1721 0
      vertex 63.3277 34.6752 0
      vertex 62.4135 36.0555 1.6
    endloop
  endfacet
  facet normal -0.214232 0.678401 -0.702763
    outer loop
      vertex 61.3317 35.3327 1.6
      vertex 61.6438 33.7738 0
      vertex 61.6419 33.7732 0
    endloop
  endfacet
  facet normal -0.206322 0.680415 -0.703183
    outer loop
      vertex 61.6438 33.7738 0
      vertex 61.3317 35.3327 1.6
      vertex 61.6506 35.4294 1.6
    endloop
  endfacet
  facet normal -0.206322 -0.680415 -0.703183
    outer loop
      vertex 61.3317 38.6673 1.6
      vertex 61.6438 40.2262 0
      vertex 61.6506 38.5706 1.6
    endloop
  endfacet
  facet normal -0.214232 -0.678401 -0.702763
    outer loop
      vertex 61.6438 40.2262 0
      vertex 61.3317 38.6673 1.6
      vertex 61.6419 40.2268 0
    endloop
  endfacet
  facet normal -0.335107 0.627082 -0.703187
    outer loop
      vertex 62.8279 34.2644 0
      vertex 62.2609 33.9614 0
      vertex 61.9445 35.5865 1.6
    endloop
  endfacet
  facet normal 0.627055 0.335183 -0.703174
    outer loop
      vertex 57.9614 35.7391 0
      vertex 59.4294 36.3494 1.6
      vertex 59.5865 36.0555 1.6
    endloop
  endfacet
  facet normal 0.622066 0.345592 -0.702567
    outer loop
      vertex 59.4294 36.3494 1.6
      vertex 57.9614 35.7391 0
      vertex 57.9604 35.7409 0
    endloop
  endfacet
  facet normal 0.680412 -0.206346 -0.703179
    outer loop
      vertex 57.9604 38.2591 0
      vertex 59.4294 37.6506 1.6
      vertex 57.7738 37.6438 0
    endloop
  endfacet
  facet normal -0.680412 -0.206346 -0.703179
    outer loop
      vertex 64.0396 38.2591 0
      vertex 64.2262 37.6438 0
      vertex 62.5706 37.6506 1.6
    endloop
  endfacet
  facet normal -0.549559 -0.451127 -0.703186
    outer loop
      vertex 63.3277 39.3248 0
      vertex 63.7356 38.8279 0
      vertex 62.4135 37.9445 1.6
    endloop
  endfacet
  facet normal 0.707569 -0.0697836 -0.703191
    outer loop
      vertex 57.773 37.6398 0
      vertex 59.3 37 1.6
      vertex 57.7099 37 0
    endloop
  endfacet
  facet normal -0.448473 -0.551967 -0.702997
    outer loop
      vertex 62.2021 38.2021 1.6
      vertex 63.3248 39.3277 0
      vertex 63.3264 39.3264 0
    endloop
  endfacet
  facet normal -0.451059 -0.549634 -0.70317
    outer loop
      vertex 63.3248 39.3277 0
      vertex 62.2021 38.2021 1.6
      vertex 61.9445 38.4135 1.6
    endloop
  endfacet
  facet normal 0.707918 -0.0674207 -0.70307
    outer loop
      vertex 59.3327 37.3317 1.6
      vertex 57.773 37.6398 0
      vertex 57.7732 37.6419 0
    endloop
  endfacet
  facet normal 0.707576 -0.069755 -0.703186
    outer loop
      vertex 57.773 37.6398 0
      vertex 59.3327 37.3317 1.6
      vertex 59.3 37 1.6
    endloop
  endfacet
  facet normal -0.707574 0.0696736 -0.703196
    outer loop
      vertex 64.2901 37 0
      vertex 64.2271 36.3602 0
      vertex 62.7 37 1.6
    endloop
  endfacet
  facet normal -0.451127 0.549559 -0.703186
    outer loop
      vertex 63.3248 34.6723 0
      vertex 62.8279 34.2644 0
      vertex 61.9445 35.5865 1.6
    endloop
  endfacet
  facet normal -0.627082 -0.335107 -0.703187
    outer loop
      vertex 63.7356 38.8279 0
      vertex 64.0386 38.2609 0
      vertex 62.4135 37.9445 1.6
    endloop
  endfacet
  facet normal -0.680412 0.206346 -0.703179
    outer loop
      vertex 64.2262 36.3562 0
      vertex 64.0396 35.7409 0
      vertex 62.5706 36.3494 1.6
    endloop
  endfacet
  facet normal 0.0697836 0.707569 -0.703191
    outer loop
      vertex 61 35.3 1.6
      vertex 61 33.7099 0
      vertex 60.3602 33.773 0
    endloop
  endfacet
  facet normal 0.680415 0.206322 -0.703183
    outer loop
      vertex 57.7738 36.3562 0
      vertex 59.3327 36.6683 1.6
      vertex 59.4294 36.3494 1.6
    endloop
  endfacet
  facet normal 0.678401 0.214232 -0.702763
    outer loop
      vertex 59.3327 36.6683 1.6
      vertex 57.7738 36.3562 0
      vertex 57.7732 36.3581 0
    endloop
  endfacet
  facet normal 0.707569 0.0697836 -0.703191
    outer loop
      vertex 59.3 37 1.6
      vertex 57.773 36.3602 0
      vertex 57.7099 37 0
    endloop
  endfacet
  facet normal 0.627055 -0.335183 -0.703174
    outer loop
      vertex 59.4294 37.6506 1.6
      vertex 57.9614 38.2609 0
      vertex 59.5865 37.9445 1.6
    endloop
  endfacet
  facet normal 0.622066 -0.345592 -0.702567
    outer loop
      vertex 57.9614 38.2609 0
      vertex 59.4294 37.6506 1.6
      vertex 57.9604 38.2591 0
    endloop
  endfacet
  facet normal 0.214232 0.678401 -0.702763
    outer loop
      vertex 60.3562 33.7738 0
      vertex 60.6683 35.3327 1.6
      vertex 60.3581 33.7732 0
    endloop
  endfacet
  facet normal 0.206322 0.680415 -0.703183
    outer loop
      vertex 60.6683 35.3327 1.6
      vertex 60.3562 33.7738 0
      vertex 60.3494 35.4294 1.6
    endloop
  endfacet
  facet normal -0.0697836 -0.707569 -0.703191
    outer loop
      vertex 61 40.2901 0
      vertex 61.6398 40.227 0
      vertex 61 38.7 1.6
    endloop
  endfacet
  facet normal -0.622066 -0.345592 -0.702567
    outer loop
      vertex 62.5706 37.6506 1.6
      vertex 64.0386 38.2609 0
      vertex 64.0396 38.2591 0
    endloop
  endfacet
  facet normal -0.627055 -0.335183 -0.703174
    outer loop
      vertex 64.0386 38.2609 0
      vertex 62.5706 37.6506 1.6
      vertex 62.4135 37.9445 1.6
    endloop
  endfacet
  facet normal -0.206346 0.680412 -0.703179
    outer loop
      vertex 61.6506 35.4294 1.6
      vertex 62.2591 33.9604 0
      vertex 61.6438 33.7738 0
    endloop
  endfacet
  facet normal -0.0697836 0.707569 -0.703191
    outer loop
      vertex 61 35.3 1.6
      vertex 61.6398 33.773 0
      vertex 61 33.7099 0
    endloop
  endfacet
  facet normal 0.206346 0.680412 -0.703179
    outer loop
      vertex 60.3494 35.4294 1.6
      vertex 60.3562 33.7738 0
      vertex 59.7409 33.9604 0
    endloop
  endfacet
  facet normal 0.627082 0.335107 -0.703187
    outer loop
      vertex 59.5865 36.0555 1.6
      vertex 58.2644 35.1721 0
      vertex 57.9614 35.7391 0
    endloop
  endfacet
  facet normal -0.627082 0.335107 -0.703187
    outer loop
      vertex 64.0386 35.7391 0
      vertex 63.7356 35.1721 0
      vertex 62.4135 36.0555 1.6
    endloop
  endfacet
  facet normal 0.549634 -0.451059 -0.70317
    outer loop
      vertex 58.6723 39.3248 0
      vertex 59.7979 38.2021 1.6
      vertex 59.5865 37.9445 1.6
    endloop
  endfacet
  facet normal 0.551967 -0.448473 -0.702997
    outer loop
      vertex 59.7979 38.2021 1.6
      vertex 58.6723 39.3248 0
      vertex 58.6736 39.3264 0
    endloop
  endfacet
  facet normal -0.345592 0.622066 -0.702567
    outer loop
      vertex 61.6506 35.4294 1.6
      vertex 62.2609 33.9614 0
      vertex 62.2591 33.9604 0
    endloop
  endfacet
  facet normal -0.335183 0.627055 -0.703174
    outer loop
      vertex 62.2609 33.9614 0
      vertex 61.6506 35.4294 1.6
      vertex 61.9445 35.5865 1.6
    endloop
  endfacet
  facet normal -0.448473 0.551967 -0.702997
    outer loop
      vertex 63.3248 34.6723 0
      vertex 62.2021 35.7979 1.6
      vertex 63.3264 34.6736 0
    endloop
  endfacet
  facet normal -0.451059 0.549634 -0.70317
    outer loop
      vertex 62.2021 35.7979 1.6
      vertex 63.3248 34.6723 0
      vertex 61.9445 35.5865 1.6
    endloop
  endfacet
  facet normal -0.707554 0.0697528 -0.703208
    outer loop
      vertex 64.2271 36.3602 0
      vertex 62.6673 36.6683 1.6
      vertex 62.7 37 1.6
    endloop
  endfacet
  facet normal -0.702697 0.100385 -0.704372
    outer loop
      vertex 62.6673 36.6683 1.6
      vertex 64.2271 36.3602 0
      vertex 64.2268 36.3581 0
    endloop
  endfacet
  facet normal 0.551967 0.448473 -0.702997
    outer loop
      vertex 58.6723 34.6752 0
      vertex 59.7979 35.7979 1.6
      vertex 58.6736 34.6736 0
    endloop
  endfacet
  facet normal 0.549634 0.451059 -0.70317
    outer loop
      vertex 59.7979 35.7979 1.6
      vertex 58.6723 34.6752 0
      vertex 59.5865 36.0555 1.6
    endloop
  endfacet
  facet normal 0.451059 -0.549634 -0.70317
    outer loop
      vertex 59.7979 38.2021 1.6
      vertex 58.6752 39.3277 0
      vertex 60.0555 38.4135 1.6
    endloop
  endfacet
  facet normal 0.448473 -0.551967 -0.702997
    outer loop
      vertex 58.6752 39.3277 0
      vertex 59.7979 38.2021 1.6
      vertex 58.6736 39.3264 0
    endloop
  endfacet
  facet normal 0.335107 -0.627082 -0.703187
    outer loop
      vertex 59.7391 40.0386 0
      vertex 60.0555 38.4135 1.6
      vertex 59.1721 39.7356 0
    endloop
  endfacet
  facet normal -0.206346 -0.680412 -0.703179
    outer loop
      vertex 62.2591 40.0396 0
      vertex 61.6506 38.5706 1.6
      vertex 61.6438 40.2262 0
    endloop
  endfacet
  facet normal 0.707576 0.069755 -0.703186
    outer loop
      vertex 59.3327 36.6683 1.6
      vertex 57.773 36.3602 0
      vertex 59.3 37 1.6
    endloop
  endfacet
  facet normal 0.707918 0.0674207 -0.70307
    outer loop
      vertex 57.773 36.3602 0
      vertex 59.3327 36.6683 1.6
      vertex 57.7732 36.3581 0
    endloop
  endfacet
  facet normal 0.069755 0.707576 -0.703186
    outer loop
      vertex 60.3602 33.773 0
      vertex 60.6683 35.3327 1.6
      vertex 61 35.3 1.6
    endloop
  endfacet
  facet normal 0.0674207 0.707918 -0.70307
    outer loop
      vertex 60.6683 35.3327 1.6
      vertex 60.3602 33.773 0
      vertex 60.3581 33.7732 0
    endloop
  endfacet
  facet normal 0.680415 -0.206322 -0.703183
    outer loop
      vertex 59.3327 37.3317 1.6
      vertex 57.7738 37.6438 0
      vertex 59.4294 37.6506 1.6
    endloop
  endfacet
  facet normal 0.678401 -0.214232 -0.702763
    outer loop
      vertex 57.7738 37.6438 0
      vertex 59.3327 37.3317 1.6
      vertex 57.7732 37.6419 0
    endloop
  endfacet
  facet normal 0.214232 -0.678401 -0.702763
    outer loop
      vertex 60.6683 38.6673 1.6
      vertex 60.3562 40.2262 0
      vertex 60.3581 40.2268 0
    endloop
  endfacet
  facet normal 0.206322 -0.680415 -0.703183
    outer loop
      vertex 60.3562 40.2262 0
      vertex 60.6683 38.6673 1.6
      vertex 60.3494 38.5706 1.6
    endloop
  endfacet
  facet normal 0.345592 0.622066 -0.702567
    outer loop
      vertex 59.7391 33.9614 0
      vertex 60.3494 35.4294 1.6
      vertex 59.7409 33.9604 0
    endloop
  endfacet
  facet normal 0.335183 0.627055 -0.703174
    outer loop
      vertex 60.3494 35.4294 1.6
      vertex 59.7391 33.9614 0
      vertex 60.0555 35.5865 1.6
    endloop
  endfacet
  facet normal -0.069755 -0.707576 -0.703186
    outer loop
      vertex 61.6398 40.227 0
      vertex 61.3317 38.6673 1.6
      vertex 61 38.7 1.6
    endloop
  endfacet
  facet normal -0.0674207 -0.707918 -0.70307
    outer loop
      vertex 61.3317 38.6673 1.6
      vertex 61.6398 40.227 0
      vertex 61.6419 40.2268 0
    endloop
  endfacet
  facet normal 0.0697836 -0.707569 -0.703191
    outer loop
      vertex 61 40.2901 0
      vertex 61 38.7 1.6
      vertex 60.3602 40.227 0
    endloop
  endfacet
  facet normal -0.451127 -0.549559 -0.703186
    outer loop
      vertex 62.8279 39.7356 0
      vertex 63.3248 39.3277 0
      vertex 61.9445 38.4135 1.6
    endloop
  endfacet
  facet normal 0.335183 -0.627055 -0.703174
    outer loop
      vertex 59.7391 40.0386 0
      vertex 60.3494 38.5706 1.6
      vertex 60.0555 38.4135 1.6
    endloop
  endfacet
  facet normal 0.345592 -0.622066 -0.702567
    outer loop
      vertex 60.3494 38.5706 1.6
      vertex 59.7391 40.0386 0
      vertex 59.7409 40.0396 0
    endloop
  endfacet
  facet normal -0.678401 -0.214232 -0.702763
    outer loop
      vertex 62.6673 37.3317 1.6
      vertex 64.2262 37.6438 0
      vertex 64.2268 37.6419 0
    endloop
  endfacet
  facet normal -0.680415 -0.206322 -0.703183
    outer loop
      vertex 64.2262 37.6438 0
      vertex 62.6673 37.3317 1.6
      vertex 62.5706 37.6506 1.6
    endloop
  endfacet
  facet normal -0.678401 0.214232 -0.702763
    outer loop
      vertex 64.2262 36.3562 0
      vertex 62.6673 36.6683 1.6
      vertex 64.2268 36.3581 0
    endloop
  endfacet
  facet normal -0.680415 0.206322 -0.703183
    outer loop
      vertex 62.6673 36.6683 1.6
      vertex 64.2262 36.3562 0
      vertex 62.5706 36.3494 1.6
    endloop
  endfacet
  facet normal 0.206346 -0.680412 -0.703179
    outer loop
      vertex 60.3562 40.2262 0
      vertex 60.3494 38.5706 1.6
      vertex 59.7409 40.0396 0
    endloop
  endfacet
  facet normal 0.680412 0.206346 -0.703179
    outer loop
      vertex 59.4294 36.3494 1.6
      vertex 57.9604 35.7409 0
      vertex 57.7738 36.3562 0
    endloop
  endfacet
  facet normal 0.549559 0.451127 -0.703186
    outer loop
      vertex 59.5865 36.0555 1.6
      vertex 58.6723 34.6752 0
      vertex 58.2644 35.1721 0
    endloop
  endfacet
  facet normal 0.335107 0.627082 -0.703187
    outer loop
      vertex 60.0555 35.5865 1.6
      vertex 59.7391 33.9614 0
      vertex 59.1721 34.2644 0
    endloop
  endfacet
  facet normal -0.335183 -0.627055 -0.703174
    outer loop
      vertex 61.6506 38.5706 1.6
      vertex 62.2609 40.0386 0
      vertex 61.9445 38.4135 1.6
    endloop
  endfacet
  facet normal -0.345592 -0.622066 -0.702567
    outer loop
      vertex 62.2609 40.0386 0
      vertex 61.6506 38.5706 1.6
      vertex 62.2591 40.0396 0
    endloop
  endfacet
  facet normal -0.0674207 0.707918 -0.70307
    outer loop
      vertex 61.6398 33.773 0
      vertex 61.3317 35.3327 1.6
      vertex 61.6419 33.7732 0
    endloop
  endfacet
  facet normal -0.069755 0.707576 -0.703186
    outer loop
      vertex 61.3317 35.3327 1.6
      vertex 61.6398 33.773 0
      vertex 61 35.3 1.6
    endloop
  endfacet
  facet normal 0.451127 0.549559 -0.703186
    outer loop
      vertex 60.0555 35.5865 1.6
      vertex 59.1721 34.2644 0
      vertex 58.6752 34.6723 0
    endloop
  endfacet
  facet normal -0.702697 -0.100385 -0.704372
    outer loop
      vertex 64.2271 37.6398 0
      vertex 62.6673 37.3317 1.6
      vertex 64.2268 37.6419 0
    endloop
  endfacet
  facet normal -0.707554 -0.0697528 -0.703208
    outer loop
      vertex 62.6673 37.3317 1.6
      vertex 64.2271 37.6398 0
      vertex 62.7 37 1.6
    endloop
  endfacet
  facet normal 0.957556 -0.288249 0
    outer loop
      vertex 141.333 7.33165 3
      vertex 141.429 7.65056 1.6
      vertex 141.429 7.65056 3
    endloop
  endfacet
  facet normal 0.957556 -0.288249 0
    outer loop
      vertex 141.429 7.65056 1.6
      vertex 141.333 7.33165 3
      vertex 141.333 7.33165 1.6
    endloop
  endfacet
  facet normal -0.0979306 0.995193 0
    outer loop
      vertex 143.332 5.33267 1.6
      vertex 143 5.3 3
      vertex 143.332 5.33267 3
    endloop
  endfacet
  facet normal -0.0979306 0.995193 0
    outer loop
      vertex 143 5.3 3
      vertex 143.332 5.33267 1.6
      vertex 143 5.3 1.6
    endloop
  endfacet
  facet normal -0.957556 -0.288249 0
    outer loop
      vertex 144.667 7.33165 1.6
      vertex 144.571 7.65056 3
      vertex 144.571 7.65056 1.6
    endloop
  endfacet
  facet normal -0.957556 -0.288249 0
    outer loop
      vertex 144.571 7.65056 3
      vertex 144.667 7.33165 1.6
      vertex 144.667 7.33165 3
    endloop
  endfacet
  facet normal -0.995086 -0.0990135 0
    outer loop
      vertex 144.7 7 1.6
      vertex 144.667 7.33165 3
      vertex 144.667 7.33165 1.6
    endloop
  endfacet
  facet normal -0.995086 -0.0990135 0
    outer loop
      vertex 144.667 7.33165 3
      vertex 144.7 7 1.6
      vertex 144.7 7 3
    endloop
  endfacet
  facet normal -0.880795 -0.473497 0
    outer loop
      vertex 144.571 7.65056 1.6
      vertex 144.413 7.94447 3
      vertex 144.413 7.94447 1.6
    endloop
  endfacet
  facet normal -0.880795 -0.473497 0
    outer loop
      vertex 144.413 7.94447 3
      vertex 144.571 7.65056 1.6
      vertex 144.571 7.65056 3
    endloop
  endfacet
  facet normal 0.633829 -0.773474 0
    outer loop
      vertex 141.798 8.20208 1.6
      vertex 142.056 8.4135 3
      vertex 141.798 8.20208 3
    endloop
  endfacet
  facet normal 0.633829 -0.773474 0
    outer loop
      vertex 142.056 8.4135 3
      vertex 141.798 8.20208 1.6
      vertex 142.056 8.4135 1.6
    endloop
  endfacet
  facet normal 0.773621 -0.633648 0
    outer loop
      vertex 141.587 7.94447 3
      vertex 141.798 8.20208 1.6
      vertex 141.798 8.20208 3
    endloop
  endfacet
  facet normal 0.773621 -0.633648 0
    outer loop
      vertex 141.798 8.20208 1.6
      vertex 141.587 7.94447 3
      vertex 141.587 7.94447 1.6
    endloop
  endfacet
  facet normal -0.0979306 -0.995193 0
    outer loop
      vertex 143 8.7 1.6
      vertex 143.332 8.66733 3
      vertex 143 8.7 3
    endloop
  endfacet
  facet normal -0.0979306 -0.995193 -0
    outer loop
      vertex 143.332 8.66733 3
      vertex 143 8.7 1.6
      vertex 143.332 8.66733 1.6
    endloop
  endfacet
  facet normal 0.880795 0.473497 0
    outer loop
      vertex 141.587 6.05553 3
      vertex 141.429 6.34944 1.6
      vertex 141.429 6.34944 3
    endloop
  endfacet
  facet normal 0.880795 0.473497 0
    outer loop
      vertex 141.429 6.34944 1.6
      vertex 141.587 6.05553 3
      vertex 141.587 6.05553 1.6
    endloop
  endfacet
  facet normal -0.773621 -0.633648 0
    outer loop
      vertex 144.413 7.94447 1.6
      vertex 144.202 8.20208 3
      vertex 144.202 8.20208 1.6
    endloop
  endfacet
  facet normal -0.773621 -0.633648 0
    outer loop
      vertex 144.202 8.20208 3
      vertex 144.413 7.94447 1.6
      vertex 144.413 7.94447 3
    endloop
  endfacet
  facet normal -0.880795 0.473497 0
    outer loop
      vertex 144.413 6.05553 1.6
      vertex 144.571 6.34944 3
      vertex 144.571 6.34944 1.6
    endloop
  endfacet
  facet normal -0.880795 0.473497 0
    outer loop
      vertex 144.571 6.34944 3
      vertex 144.413 6.05553 1.6
      vertex 144.413 6.05553 3
    endloop
  endfacet
  facet normal -0.290209 0.956963 0
    outer loop
      vertex 143.651 5.42941 1.6
      vertex 143.332 5.33267 3
      vertex 143.651 5.42941 3
    endloop
  endfacet
  facet normal -0.290209 0.956963 0
    outer loop
      vertex 143.332 5.33267 3
      vertex 143.651 5.42941 1.6
      vertex 143.332 5.33267 1.6
    endloop
  endfacet
  facet normal 0.472515 -0.881323 0
    outer loop
      vertex 142.056 8.4135 1.6
      vertex 142.349 8.57059 3
      vertex 142.056 8.4135 3
    endloop
  endfacet
  facet normal 0.472515 -0.881323 0
    outer loop
      vertex 142.349 8.57059 3
      vertex 142.056 8.4135 1.6
      vertex 142.349 8.57059 1.6
    endloop
  endfacet
  facet normal -0.472515 -0.881323 0
    outer loop
      vertex 143.651 8.57059 1.6
      vertex 143.944 8.4135 3
      vertex 143.651 8.57059 3
    endloop
  endfacet
  facet normal -0.472515 -0.881323 -0
    outer loop
      vertex 143.944 8.4135 3
      vertex 143.651 8.57059 1.6
      vertex 143.944 8.4135 1.6
    endloop
  endfacet
  facet normal -0.957556 0.288249 0
    outer loop
      vertex 144.571 6.34944 1.6
      vertex 144.667 6.66835 3
      vertex 144.667 6.66835 1.6
    endloop
  endfacet
  facet normal -0.957556 0.288249 0
    outer loop
      vertex 144.667 6.66835 3
      vertex 144.571 6.34944 1.6
      vertex 144.571 6.34944 3
    endloop
  endfacet
  facet normal -0.472515 0.881323 0
    outer loop
      vertex 143.944 5.5865 1.6
      vertex 143.651 5.42941 3
      vertex 143.944 5.5865 3
    endloop
  endfacet
  facet normal -0.472515 0.881323 0
    outer loop
      vertex 143.651 5.42941 3
      vertex 143.944 5.5865 1.6
      vertex 143.651 5.42941 1.6
    endloop
  endfacet
  facet normal 0.633829 0.773474 -0
    outer loop
      vertex 142.056 5.5865 1.6
      vertex 141.798 5.79792 3
      vertex 142.056 5.5865 3
    endloop
  endfacet
  facet normal 0.633829 0.773474 0
    outer loop
      vertex 141.798 5.79792 3
      vertex 142.056 5.5865 1.6
      vertex 141.798 5.79792 1.6
    endloop
  endfacet
  facet normal -0.290209 -0.956963 0
    outer loop
      vertex 143.332 8.66733 1.6
      vertex 143.651 8.57059 3
      vertex 143.332 8.66733 3
    endloop
  endfacet
  facet normal -0.290209 -0.956963 -0
    outer loop
      vertex 143.651 8.57059 3
      vertex 143.332 8.66733 1.6
      vertex 143.651 8.57059 1.6
    endloop
  endfacet
  facet normal -0.995086 0.0990135 0
    outer loop
      vertex 144.667 6.66835 1.6
      vertex 144.7 7 3
      vertex 144.7 7 1.6
    endloop
  endfacet
  facet normal -0.995086 0.0990135 0
    outer loop
      vertex 144.7 7 3
      vertex 144.667 6.66835 1.6
      vertex 144.667 6.66835 3
    endloop
  endfacet
  facet normal 0.995086 -0.0990135 0
    outer loop
      vertex 141.3 7 3
      vertex 141.333 7.33165 1.6
      vertex 141.333 7.33165 3
    endloop
  endfacet
  facet normal 0.995086 -0.0990135 0
    outer loop
      vertex 141.333 7.33165 1.6
      vertex 141.3 7 3
      vertex 141.3 7 1.6
    endloop
  endfacet
  facet normal -0.633829 0.773474 0
    outer loop
      vertex 144.202 5.79792 1.6
      vertex 143.944 5.5865 3
      vertex 144.202 5.79792 3
    endloop
  endfacet
  facet normal -0.633829 0.773474 0
    outer loop
      vertex 143.944 5.5865 3
      vertex 144.202 5.79792 1.6
      vertex 143.944 5.5865 1.6
    endloop
  endfacet
  facet normal 0.290209 -0.956963 0
    outer loop
      vertex 142.349 8.57059 1.6
      vertex 142.668 8.66733 3
      vertex 142.349 8.57059 3
    endloop
  endfacet
  facet normal 0.290209 -0.956963 0
    outer loop
      vertex 142.668 8.66733 3
      vertex 142.349 8.57059 1.6
      vertex 142.668 8.66733 1.6
    endloop
  endfacet
  facet normal -0.633829 -0.773474 0
    outer loop
      vertex 143.944 8.4135 1.6
      vertex 144.202 8.20208 3
      vertex 143.944 8.4135 3
    endloop
  endfacet
  facet normal -0.633829 -0.773474 -0
    outer loop
      vertex 144.202 8.20208 3
      vertex 143.944 8.4135 1.6
      vertex 144.202 8.20208 1.6
    endloop
  endfacet
  facet normal 0.0979306 0.995193 -0
    outer loop
      vertex 143 5.3 1.6
      vertex 142.668 5.33267 3
      vertex 143 5.3 3
    endloop
  endfacet
  facet normal 0.0979306 0.995193 0
    outer loop
      vertex 142.668 5.33267 3
      vertex 143 5.3 1.6
      vertex 142.668 5.33267 1.6
    endloop
  endfacet
  facet normal 0.0979306 -0.995193 0
    outer loop
      vertex 142.668 8.66733 1.6
      vertex 143 8.7 3
      vertex 142.668 8.66733 3
    endloop
  endfacet
  facet normal 0.0979306 -0.995193 0
    outer loop
      vertex 143 8.7 3
      vertex 142.668 8.66733 1.6
      vertex 143 8.7 1.6
    endloop
  endfacet
  facet normal 0.880795 -0.473497 0
    outer loop
      vertex 141.429 7.65056 3
      vertex 141.587 7.94447 1.6
      vertex 141.587 7.94447 3
    endloop
  endfacet
  facet normal 0.880795 -0.473497 0
    outer loop
      vertex 141.587 7.94447 1.6
      vertex 141.429 7.65056 3
      vertex 141.429 7.65056 1.6
    endloop
  endfacet
  facet normal 0.957556 0.288249 0
    outer loop
      vertex 141.429 6.34944 3
      vertex 141.333 6.66835 1.6
      vertex 141.333 6.66835 3
    endloop
  endfacet
  facet normal 0.957556 0.288249 0
    outer loop
      vertex 141.333 6.66835 1.6
      vertex 141.429 6.34944 3
      vertex 141.429 6.34944 1.6
    endloop
  endfacet
  facet normal 0.995086 0.0990135 0
    outer loop
      vertex 141.333 6.66835 3
      vertex 141.3 7 1.6
      vertex 141.3 7 3
    endloop
  endfacet
  facet normal 0.995086 0.0990135 0
    outer loop
      vertex 141.3 7 1.6
      vertex 141.333 6.66835 3
      vertex 141.333 6.66835 1.6
    endloop
  endfacet
  facet normal 0.773621 0.633648 0
    outer loop
      vertex 141.798 5.79792 3
      vertex 141.587 6.05553 1.6
      vertex 141.587 6.05553 3
    endloop
  endfacet
  facet normal 0.773621 0.633648 0
    outer loop
      vertex 141.587 6.05553 1.6
      vertex 141.798 5.79792 3
      vertex 141.798 5.79792 1.6
    endloop
  endfacet
  facet normal 0.472515 0.881323 -0
    outer loop
      vertex 142.349 5.42941 1.6
      vertex 142.056 5.5865 3
      vertex 142.349 5.42941 3
    endloop
  endfacet
  facet normal 0.472515 0.881323 0
    outer loop
      vertex 142.056 5.5865 3
      vertex 142.349 5.42941 1.6
      vertex 142.056 5.5865 1.6
    endloop
  endfacet
  facet normal -0.773621 0.633648 0
    outer loop
      vertex 144.202 5.79792 1.6
      vertex 144.413 6.05553 3
      vertex 144.413 6.05553 1.6
    endloop
  endfacet
  facet normal -0.773621 0.633648 0
    outer loop
      vertex 144.413 6.05553 3
      vertex 144.202 5.79792 1.6
      vertex 144.202 5.79792 3
    endloop
  endfacet
  facet normal 0.290209 0.956963 -0
    outer loop
      vertex 142.668 5.33267 1.6
      vertex 142.349 5.42941 3
      vertex 142.668 5.33267 3
    endloop
  endfacet
  facet normal 0.290209 0.956963 0
    outer loop
      vertex 142.349 5.42941 3
      vertex 142.668 5.33267 1.6
      vertex 142.349 5.42941 1.6
    endloop
  endfacet
  facet normal -0.707596 -0.0696758 -0.703174
    outer loop
      vertex 146.227 7.6398 0
      vertex 146.29 7 0
      vertex 144.7 7 1.6
    endloop
  endfacet
  facet normal 0.626922 -0.335034 -0.703364
    outer loop
      vertex 140.264 8.82786 0
      vertex 141.587 7.94447 1.6
      vertex 139.961 8.26088 0
    endloop
  endfacet
  facet normal 0.450648 0.549935 -0.703198
    outer loop
      vertex 140.675 4.67226 0
      vertex 141.798 5.79792 1.6
      vertex 142.056 5.5865 1.6
    endloop
  endfacet
  facet normal 0.566351 0.432329 -0.701668
    outer loop
      vertex 141.798 5.79792 1.6
      vertex 140.675 4.67226 0
      vertex 140.674 4.67357 0
    endloop
  endfacet
  facet normal -0.335087 -0.627023 -0.703249
    outer loop
      vertex 144.261 10.0386 0
      vertex 144.828 9.73559 0
      vertex 143.944 8.4135 1.6
    endloop
  endfacet
  facet normal 0.0707439 -0.707439 -0.703225
    outer loop
      vertex 142.36 10.227 0
      vertex 142.668 8.66733 1.6
      vertex 142.358 10.2268 0
    endloop
  endfacet
  facet normal 0.0696307 -0.707603 -0.703171
    outer loop
      vertex 142.668 8.66733 1.6
      vertex 142.36 10.227 0
      vertex 143 8.7 1.6
    endloop
  endfacet
  facet normal 0.450984 -0.549562 -0.703275
    outer loop
      vertex 141.172 9.73559 0
      vertex 142.056 8.4135 1.6
      vertex 140.675 9.32774 0
    endloop
  endfacet
  facet normal -0.444478 0.555597 -0.702674
    outer loop
      vertex 144.202 5.79792 1.6
      vertex 145.328 4.67517 0
      vertex 145.326 4.67357 0
    endloop
  endfacet
  facet normal -0.550028 0.45051 -0.703214
    outer loop
      vertex 145.328 4.67517 0
      vertex 144.202 5.79792 1.6
      vertex 144.413 6.05553 1.6
    endloop
  endfacet
  facet normal 0.549419 -0.451059 -0.703339
    outer loop
      vertex 140.672 9.32483 0
      vertex 141.587 7.94447 1.6
      vertex 140.264 8.82786 0
    endloop
  endfacet
  facet normal -0.550028 -0.45051 -0.703214
    outer loop
      vertex 144.202 8.20208 1.6
      vertex 145.328 9.32483 0
      vertex 144.413 7.94447 1.6
    endloop
  endfacet
  facet normal -0.444478 -0.555597 -0.702674
    outer loop
      vertex 145.328 9.32483 0
      vertex 144.202 8.20208 1.6
      vertex 145.326 9.32643 0
    endloop
  endfacet
  facet normal -0.624226 0.341107 -0.702843
    outer loop
      vertex 146.039 5.73912 0
      vertex 144.571 6.34944 1.6
      vertex 146.04 5.74095 0
    endloop
  endfacet
  facet normal -0.626331 0.336703 -0.703094
    outer loop
      vertex 144.571 6.34944 1.6
      vertex 146.039 5.73912 0
      vertex 144.413 6.05553 1.6
    endloop
  endfacet
  facet normal -0.549419 0.451059 -0.703339
    outer loop
      vertex 145.736 5.17214 0
      vertex 145.328 4.67517 0
      vertex 144.413 6.05553 1.6
    endloop
  endfacet
  facet normal -0.207442 0.680138 -0.703122
    outer loop
      vertex 143.332 5.33267 1.6
      vertex 143.644 3.77376 0
      vertex 143.642 3.77315 0
    endloop
  endfacet
  facet normal -0.206343 0.680415 -0.703178
    outer loop
      vertex 143.644 3.77376 0
      vertex 143.332 5.33267 1.6
      vertex 143.651 5.42941 1.6
    endloop
  endfacet
  facet normal -0.206345 -0.680423 -0.703169
    outer loop
      vertex 143.332 8.66733 1.6
      vertex 143.644 10.2262 0
      vertex 143.651 8.57059 1.6
    endloop
  endfacet
  facet normal -0.204282 -0.68094 -0.703271
    outer loop
      vertex 143.644 10.2262 0
      vertex 143.332 8.66733 1.6
      vertex 143.642 10.2268 0
    endloop
  endfacet
  facet normal -0.335129 0.626998 -0.703251
    outer loop
      vertex 144.828 4.26441 0
      vertex 144.261 3.96135 0
      vertex 143.944 5.5865 1.6
    endloop
  endfacet
  facet normal 0.626331 0.336703 -0.703094
    outer loop
      vertex 139.961 5.73912 0
      vertex 141.429 6.34944 1.6
      vertex 141.587 6.05553 1.6
    endloop
  endfacet
  facet normal 0.624226 0.341107 -0.702843
    outer loop
      vertex 141.429 6.34944 1.6
      vertex 139.961 5.73912 0
      vertex 139.96 5.74095 0
    endloop
  endfacet
  facet normal 0.680617 -0.205775 -0.703149
    outer loop
      vertex 139.96 8.25905 0
      vertex 141.429 7.65056 1.6
      vertex 139.774 7.64384 0
    endloop
  endfacet
  facet normal -0.680617 -0.205775 -0.703149
    outer loop
      vertex 146.04 8.25905 0
      vertex 146.226 7.64384 0
      vertex 144.571 7.65056 1.6
    endloop
  endfacet
  facet normal -0.549419 -0.451059 -0.703339
    outer loop
      vertex 145.328 9.32483 0
      vertex 145.736 8.82786 0
      vertex 144.413 7.94447 1.6
    endloop
  endfacet
  facet normal 0.707596 -0.0696758 -0.703174
    outer loop
      vertex 139.773 7.6398 0
      vertex 141.3 7 1.6
      vertex 139.71 7 0
    endloop
  endfacet
  facet normal -0.566351 -0.432329 -0.701668
    outer loop
      vertex 144.202 8.20208 1.6
      vertex 145.325 9.32774 0
      vertex 145.326 9.32643 0
    endloop
  endfacet
  facet normal -0.450648 -0.549935 -0.703198
    outer loop
      vertex 145.325 9.32774 0
      vertex 144.202 8.20208 1.6
      vertex 143.944 8.4135 1.6
    endloop
  endfacet
  facet normal 0.716 0 -0.6981
    outer loop
      vertex 141.333 7.33165 1.6
      vertex 139.773 7.6398 0
      vertex 139.773 7.64186 0
    endloop
  endfacet
  facet normal 0.707414 -0.0703895 -0.703285
    outer loop
      vertex 139.773 7.6398 0
      vertex 141.333 7.33165 1.6
      vertex 141.3 7 1.6
    endloop
  endfacet
  facet normal -0.707596 0.0696758 -0.703174
    outer loop
      vertex 146.29 7 0
      vertex 146.227 6.3602 0
      vertex 144.7 7 1.6
    endloop
  endfacet
  facet normal -0.450984 0.549562 -0.703275
    outer loop
      vertex 145.325 4.67226 0
      vertex 144.828 4.26441 0
      vertex 143.944 5.5865 1.6
    endloop
  endfacet
  facet normal -0.626922 -0.335034 -0.703364
    outer loop
      vertex 145.736 8.82786 0
      vertex 146.039 8.26088 0
      vertex 144.413 7.94447 1.6
    endloop
  endfacet
  facet normal -0.680617 0.205775 -0.703149
    outer loop
      vertex 146.226 6.35616 0
      vertex 146.04 5.74095 0
      vertex 144.571 6.34944 1.6
    endloop
  endfacet
  facet normal 0.0696638 0.707583 -0.703188
    outer loop
      vertex 143 5.3 1.6
      vertex 143 3.70994 0
      vertex 142.36 3.77295 0
    endloop
  endfacet
  facet normal 0.680739 0.20492 -0.703279
    outer loop
      vertex 139.774 6.35616 0
      vertex 141.333 6.66835 1.6
      vertex 141.429 6.34944 1.6
    endloop
  endfacet
  facet normal 0.644661 0.325586 -0.691669
    outer loop
      vertex 141.333 6.66835 1.6
      vertex 139.774 6.35616 0
      vertex 139.773 6.35814 0
    endloop
  endfacet
  facet normal 0.707596 0.0696758 -0.703174
    outer loop
      vertex 141.3 7 1.6
      vertex 139.773 6.3602 0
      vertex 139.71 7 0
    endloop
  endfacet
  facet normal 0.626331 -0.336703 -0.703094
    outer loop
      vertex 141.429 7.65056 1.6
      vertex 139.961 8.26088 0
      vertex 141.587 7.94447 1.6
    endloop
  endfacet
  facet normal 0.624226 -0.341107 -0.702843
    outer loop
      vertex 139.961 8.26088 0
      vertex 141.429 7.65056 1.6
      vertex 139.96 8.25905 0
    endloop
  endfacet
  facet normal 0.207442 0.680138 -0.703122
    outer loop
      vertex 142.356 3.77376 0
      vertex 142.668 5.33267 1.6
      vertex 142.358 3.77315 0
    endloop
  endfacet
  facet normal 0.206343 0.680415 -0.703178
    outer loop
      vertex 142.668 5.33267 1.6
      vertex 142.356 3.77376 0
      vertex 142.349 5.42941 1.6
    endloop
  endfacet
  facet normal -0.0697619 -0.70757 -0.703192
    outer loop
      vertex 143 10.2901 0
      vertex 143.64 10.227 0
      vertex 143 8.7 1.6
    endloop
  endfacet
  facet normal -0.624226 -0.341107 -0.702843
    outer loop
      vertex 144.571 7.65056 1.6
      vertex 146.039 8.26088 0
      vertex 146.04 8.25905 0
    endloop
  endfacet
  facet normal -0.626331 -0.336703 -0.703094
    outer loop
      vertex 146.039 8.26088 0
      vertex 144.571 7.65056 1.6
      vertex 144.413 7.94447 1.6
    endloop
  endfacet
  facet normal -0.206465 0.680397 -0.703159
    outer loop
      vertex 143.651 5.42941 1.6
      vertex 144.259 3.96038 0
      vertex 143.644 3.77376 0
    endloop
  endfacet
  facet normal -0.0696638 0.707583 -0.703188
    outer loop
      vertex 143 5.3 1.6
      vertex 143.64 3.77295 0
      vertex 143 3.70994 0
    endloop
  endfacet
  facet normal 0.206465 0.680397 -0.703159
    outer loop
      vertex 142.349 5.42941 1.6
      vertex 142.356 3.77376 0
      vertex 141.741 3.96038 0
    endloop
  endfacet
  facet normal 0.626922 0.335034 -0.703364
    outer loop
      vertex 141.587 6.05553 1.6
      vertex 140.264 5.17214 0
      vertex 139.961 5.73912 0
    endloop
  endfacet
  facet normal -0.626922 0.335034 -0.703364
    outer loop
      vertex 146.039 5.73912 0
      vertex 145.736 5.17214 0
      vertex 144.413 6.05553 1.6
    endloop
  endfacet
  facet normal 0.550028 -0.45051 -0.703214
    outer loop
      vertex 140.672 9.32483 0
      vertex 141.798 8.20208 1.6
      vertex 141.587 7.94447 1.6
    endloop
  endfacet
  facet normal 0.444478 -0.555597 -0.702674
    outer loop
      vertex 141.798 8.20208 1.6
      vertex 140.672 9.32483 0
      vertex 140.674 9.32643 0
    endloop
  endfacet
  facet normal -0.309817 0.638797 -0.704238
    outer loop
      vertex 143.651 5.42941 1.6
      vertex 144.261 3.96135 0
      vertex 144.259 3.96038 0
    endloop
  endfacet
  facet normal -0.335996 0.626691 -0.703111
    outer loop
      vertex 144.261 3.96135 0
      vertex 143.651 5.42941 1.6
      vertex 143.944 5.5865 1.6
    endloop
  endfacet
  facet normal -0.566351 0.432329 -0.701668
    outer loop
      vertex 145.325 4.67226 0
      vertex 144.202 5.79792 1.6
      vertex 145.326 4.67357 0
    endloop
  endfacet
  facet normal -0.450648 0.549935 -0.703198
    outer loop
      vertex 144.202 5.79792 1.6
      vertex 145.325 4.67226 0
      vertex 143.944 5.5865 1.6
    endloop
  endfacet
  facet normal -0.707414 0.0703895 -0.703285
    outer loop
      vertex 146.227 6.3602 0
      vertex 144.667 6.66835 1.6
      vertex 144.7 7 1.6
    endloop
  endfacet
  facet normal -0.716 0 -0.6981
    outer loop
      vertex 144.667 6.66835 1.6
      vertex 146.227 6.3602 0
      vertex 146.227 6.35814 0
    endloop
  endfacet
  facet normal 0.444478 0.555597 -0.702674
    outer loop
      vertex 140.672 4.67517 0
      vertex 141.798 5.79792 1.6
      vertex 140.674 4.67357 0
    endloop
  endfacet
  facet normal 0.550028 0.45051 -0.703214
    outer loop
      vertex 141.798 5.79792 1.6
      vertex 140.672 4.67517 0
      vertex 141.587 6.05553 1.6
    endloop
  endfacet
  facet normal 0.450648 -0.549935 -0.703198
    outer loop
      vertex 141.798 8.20208 1.6
      vertex 140.675 9.32774 0
      vertex 142.056 8.4135 1.6
    endloop
  endfacet
  facet normal 0.566351 -0.432329 -0.701668
    outer loop
      vertex 140.675 9.32774 0
      vertex 141.798 8.20208 1.6
      vertex 140.674 9.32643 0
    endloop
  endfacet
  facet normal 0.335087 -0.627023 -0.703249
    outer loop
      vertex 141.739 10.0386 0
      vertex 142.056 8.4135 1.6
      vertex 141.172 9.73559 0
    endloop
  endfacet
  facet normal -0.206446 -0.680408 -0.703153
    outer loop
      vertex 144.259 10.0396 0
      vertex 143.651 8.57059 1.6
      vertex 143.644 10.2262 0
    endloop
  endfacet
  facet normal 0.707414 0.0703895 -0.703285
    outer loop
      vertex 141.333 6.66835 1.6
      vertex 139.773 6.3602 0
      vertex 141.3 7 1.6
    endloop
  endfacet
  facet normal 0.716 0 -0.6981
    outer loop
      vertex 139.773 6.3602 0
      vertex 141.333 6.66835 1.6
      vertex 139.773 6.35814 0
    endloop
  endfacet
  facet normal 0.0696296 0.707592 -0.703182
    outer loop
      vertex 142.36 3.77295 0
      vertex 142.668 5.33267 1.6
      vertex 143 5.3 1.6
    endloop
  endfacet
  facet normal 0.0707428 0.707428 -0.703236
    outer loop
      vertex 142.668 5.33267 1.6
      vertex 142.36 3.77295 0
      vertex 142.358 3.77315 0
    endloop
  endfacet
  facet normal 0.680739 -0.20492 -0.703279
    outer loop
      vertex 141.333 7.33165 1.6
      vertex 139.774 7.64384 0
      vertex 141.429 7.65056 1.6
    endloop
  endfacet
  facet normal 0.644661 -0.325586 -0.691669
    outer loop
      vertex 139.774 7.64384 0
      vertex 141.333 7.33165 1.6
      vertex 139.773 7.64186 0
    endloop
  endfacet
  facet normal 0.204282 -0.68094 -0.703271
    outer loop
      vertex 142.668 8.66733 1.6
      vertex 142.356 10.2262 0
      vertex 142.358 10.2268 0
    endloop
  endfacet
  facet normal 0.206345 -0.680423 -0.703169
    outer loop
      vertex 142.356 10.2262 0
      vertex 142.668 8.66733 1.6
      vertex 142.349 8.57059 1.6
    endloop
  endfacet
  facet normal 0.309817 0.638797 -0.704238
    outer loop
      vertex 141.739 3.96135 0
      vertex 142.349 5.42941 1.6
      vertex 141.741 3.96038 0
    endloop
  endfacet
  facet normal 0.335996 0.626691 -0.703111
    outer loop
      vertex 142.349 5.42941 1.6
      vertex 141.739 3.96135 0
      vertex 142.056 5.5865 1.6
    endloop
  endfacet
  facet normal -0.0696307 -0.707603 -0.703171
    outer loop
      vertex 143.64 10.227 0
      vertex 143.332 8.66733 1.6
      vertex 143 8.7 1.6
    endloop
  endfacet
  facet normal -0.0707439 -0.707439 -0.703225
    outer loop
      vertex 143.332 8.66733 1.6
      vertex 143.64 10.227 0
      vertex 143.642 10.2268 0
    endloop
  endfacet
  facet normal 0.0697619 -0.70757 -0.703192
    outer loop
      vertex 143 10.2901 0
      vertex 143 8.7 1.6
      vertex 142.36 10.227 0
    endloop
  endfacet
  facet normal -0.450984 -0.549562 -0.703275
    outer loop
      vertex 144.828 9.73559 0
      vertex 145.325 9.32774 0
      vertex 143.944 8.4135 1.6
    endloop
  endfacet
  facet normal 0.336001 -0.6267 -0.703101
    outer loop
      vertex 141.739 10.0386 0
      vertex 142.349 8.57059 1.6
      vertex 142.056 8.4135 1.6
    endloop
  endfacet
  facet normal 0.317631 -0.635263 -0.703954
    outer loop
      vertex 142.349 8.57059 1.6
      vertex 141.739 10.0386 0
      vertex 141.741 10.0396 0
    endloop
  endfacet
  facet normal -0.644661 -0.325586 -0.691669
    outer loop
      vertex 144.667 7.33165 1.6
      vertex 146.226 7.64384 0
      vertex 146.227 7.64186 0
    endloop
  endfacet
  facet normal -0.680739 -0.20492 -0.703279
    outer loop
      vertex 146.226 7.64384 0
      vertex 144.667 7.33165 1.6
      vertex 144.571 7.65056 1.6
    endloop
  endfacet
  facet normal -0.644661 0.325586 -0.691669
    outer loop
      vertex 146.226 6.35616 0
      vertex 144.667 6.66835 1.6
      vertex 146.227 6.35814 0
    endloop
  endfacet
  facet normal -0.680739 0.20492 -0.703279
    outer loop
      vertex 144.667 6.66835 1.6
      vertex 146.226 6.35616 0
      vertex 144.571 6.34944 1.6
    endloop
  endfacet
  facet normal 0.206446 -0.680408 -0.703153
    outer loop
      vertex 142.356 10.2262 0
      vertex 142.349 8.57059 1.6
      vertex 141.741 10.0396 0
    endloop
  endfacet
  facet normal 0.680617 0.205775 -0.703149
    outer loop
      vertex 141.429 6.34944 1.6
      vertex 139.96 5.74095 0
      vertex 139.774 6.35616 0
    endloop
  endfacet
  facet normal 0.549419 0.451059 -0.703339
    outer loop
      vertex 141.587 6.05553 1.6
      vertex 140.672 4.67517 0
      vertex 140.264 5.17214 0
    endloop
  endfacet
  facet normal 0.335129 0.626998 -0.703251
    outer loop
      vertex 142.056 5.5865 1.6
      vertex 141.739 3.96135 0
      vertex 141.172 4.26441 0
    endloop
  endfacet
  facet normal -0.336001 -0.6267 -0.703101
    outer loop
      vertex 143.651 8.57059 1.6
      vertex 144.261 10.0386 0
      vertex 143.944 8.4135 1.6
    endloop
  endfacet
  facet normal -0.317631 -0.635263 -0.703954
    outer loop
      vertex 144.261 10.0386 0
      vertex 143.651 8.57059 1.6
      vertex 144.259 10.0396 0
    endloop
  endfacet
  facet normal -0.0707428 0.707428 -0.703236
    outer loop
      vertex 143.64 3.77295 0
      vertex 143.332 5.33267 1.6
      vertex 143.642 3.77315 0
    endloop
  endfacet
  facet normal -0.0696296 0.707592 -0.703182
    outer loop
      vertex 143.332 5.33267 1.6
      vertex 143.64 3.77295 0
      vertex 143 5.3 1.6
    endloop
  endfacet
  facet normal 0.450984 0.549562 -0.703275
    outer loop
      vertex 142.056 5.5865 1.6
      vertex 141.172 4.26441 0
      vertex 140.675 4.67226 0
    endloop
  endfacet
  facet normal -0.716 0 -0.6981
    outer loop
      vertex 146.227 7.6398 0
      vertex 144.667 7.33165 1.6
      vertex 146.227 7.64186 0
    endloop
  endfacet
  facet normal -0.707414 -0.0703895 -0.703285
    outer loop
      vertex 144.667 7.33165 1.6
      vertex 146.227 7.6398 0
      vertex 144.7 7 1.6
    endloop
  endfacet
  facet normal 0.957553 -0.288257 0
    outer loop
      vertex 141.333 37.3317 3
      vertex 141.429 37.6506 1.6
      vertex 141.429 37.6506 3
    endloop
  endfacet
  facet normal 0.957553 -0.288257 0
    outer loop
      vertex 141.429 37.6506 1.6
      vertex 141.333 37.3317 3
      vertex 141.333 37.3317 1.6
    endloop
  endfacet
  facet normal -0.0980197 0.995184 0
    outer loop
      vertex 143.332 35.3327 1.6
      vertex 143 35.3 3
      vertex 143.332 35.3327 3
    endloop
  endfacet
  facet normal -0.0980197 0.995184 0
    outer loop
      vertex 143 35.3 3
      vertex 143.332 35.3327 1.6
      vertex 143 35.3 1.6
    endloop
  endfacet
  facet normal -0.957553 -0.288257 0
    outer loop
      vertex 144.667 37.3317 1.6
      vertex 144.571 37.6506 3
      vertex 144.571 37.6506 1.6
    endloop
  endfacet
  facet normal -0.957553 -0.288257 0
    outer loop
      vertex 144.571 37.6506 3
      vertex 144.667 37.3317 1.6
      vertex 144.667 37.3317 3
    endloop
  endfacet
  facet normal -0.995088 -0.0989988 0
    outer loop
      vertex 144.7 37 1.6
      vertex 144.667 37.3317 3
      vertex 144.667 37.3317 1.6
    endloop
  endfacet
  facet normal -0.995088 -0.0989988 0
    outer loop
      vertex 144.667 37.3317 3
      vertex 144.7 37 1.6
      vertex 144.7 37 3
    endloop
  endfacet
  facet normal -0.880788 -0.47351 0
    outer loop
      vertex 144.571 37.6506 1.6
      vertex 144.413 37.9445 3
      vertex 144.413 37.9445 1.6
    endloop
  endfacet
  facet normal -0.880788 -0.47351 0
    outer loop
      vertex 144.413 37.9445 3
      vertex 144.571 37.6506 1.6
      vertex 144.571 37.6506 3
    endloop
  endfacet
  facet normal 0.633793 -0.773503 0
    outer loop
      vertex 141.798 38.2021 1.6
      vertex 142.056 38.4135 3
      vertex 141.798 38.2021 3
    endloop
  endfacet
  facet normal 0.633793 -0.773503 0
    outer loop
      vertex 142.056 38.4135 3
      vertex 141.798 38.2021 1.6
      vertex 142.056 38.4135 1.6
    endloop
  endfacet
  facet normal 0.773609 -0.633663 0
    outer loop
      vertex 141.587 37.9445 3
      vertex 141.798 38.2021 1.6
      vertex 141.798 38.2021 3
    endloop
  endfacet
  facet normal 0.773609 -0.633663 0
    outer loop
      vertex 141.798 38.2021 1.6
      vertex 141.587 37.9445 3
      vertex 141.587 37.9445 1.6
    endloop
  endfacet
  facet normal -0.0980197 -0.995184 0
    outer loop
      vertex 143 38.7 1.6
      vertex 143.332 38.6673 3
      vertex 143 38.7 3
    endloop
  endfacet
  facet normal -0.0980197 -0.995184 -0
    outer loop
      vertex 143.332 38.6673 3
      vertex 143 38.7 1.6
      vertex 143.332 38.6673 1.6
    endloop
  endfacet
  facet normal 0.880788 0.47351 0
    outer loop
      vertex 141.587 36.0555 3
      vertex 141.429 36.3494 1.6
      vertex 141.429 36.3494 3
    endloop
  endfacet
  facet normal 0.880788 0.47351 0
    outer loop
      vertex 141.429 36.3494 1.6
      vertex 141.587 36.0555 3
      vertex 141.587 36.0555 1.6
    endloop
  endfacet
  facet normal -0.773609 -0.633663 0
    outer loop
      vertex 144.413 37.9445 1.6
      vertex 144.202 38.2021 3
      vertex 144.202 38.2021 1.6
    endloop
  endfacet
  facet normal -0.773609 -0.633663 0
    outer loop
      vertex 144.202 38.2021 3
      vertex 144.413 37.9445 1.6
      vertex 144.413 37.9445 3
    endloop
  endfacet
  facet normal -0.880788 0.47351 0
    outer loop
      vertex 144.413 36.0555 1.6
      vertex 144.571 36.3494 3
      vertex 144.571 36.3494 1.6
    endloop
  endfacet
  facet normal -0.880788 0.47351 0
    outer loop
      vertex 144.571 36.3494 3
      vertex 144.413 36.0555 1.6
      vertex 144.413 36.0555 3
    endloop
  endfacet
  facet normal -0.290099 0.956997 0
    outer loop
      vertex 143.651 35.4294 1.6
      vertex 143.332 35.3327 3
      vertex 143.651 35.4294 3
    endloop
  endfacet
  facet normal -0.290099 0.956997 0
    outer loop
      vertex 143.332 35.3327 3
      vertex 143.651 35.4294 1.6
      vertex 143.332 35.3327 1.6
    endloop
  endfacet
  facet normal 0.472539 -0.88131 0
    outer loop
      vertex 142.056 38.4135 1.6
      vertex 142.349 38.5706 3
      vertex 142.056 38.4135 3
    endloop
  endfacet
  facet normal 0.472539 -0.88131 0
    outer loop
      vertex 142.349 38.5706 3
      vertex 142.056 38.4135 1.6
      vertex 142.349 38.5706 1.6
    endloop
  endfacet
  facet normal -0.472539 -0.88131 0
    outer loop
      vertex 143.651 38.5706 1.6
      vertex 143.944 38.4135 3
      vertex 143.651 38.5706 3
    endloop
  endfacet
  facet normal -0.472539 -0.88131 -0
    outer loop
      vertex 143.944 38.4135 3
      vertex 143.651 38.5706 1.6
      vertex 143.944 38.4135 1.6
    endloop
  endfacet
  facet normal -0.957553 0.288257 0
    outer loop
      vertex 144.571 36.3494 1.6
      vertex 144.667 36.6683 3
      vertex 144.667 36.6683 1.6
    endloop
  endfacet
  facet normal -0.957553 0.288257 0
    outer loop
      vertex 144.667 36.6683 3
      vertex 144.571 36.3494 1.6
      vertex 144.571 36.3494 3
    endloop
  endfacet
  facet normal -0.472539 0.88131 0
    outer loop
      vertex 143.944 35.5865 1.6
      vertex 143.651 35.4294 3
      vertex 143.944 35.5865 3
    endloop
  endfacet
  facet normal -0.472539 0.88131 0
    outer loop
      vertex 143.651 35.4294 3
      vertex 143.944 35.5865 1.6
      vertex 143.651 35.4294 1.6
    endloop
  endfacet
  facet normal 0.633793 0.773503 -0
    outer loop
      vertex 142.056 35.5865 1.6
      vertex 141.798 35.7979 3
      vertex 142.056 35.5865 3
    endloop
  endfacet
  facet normal 0.633793 0.773503 0
    outer loop
      vertex 141.798 35.7979 3
      vertex 142.056 35.5865 1.6
      vertex 141.798 35.7979 1.6
    endloop
  endfacet
  facet normal -0.290099 -0.956997 0
    outer loop
      vertex 143.332 38.6673 1.6
      vertex 143.651 38.5706 3
      vertex 143.332 38.6673 3
    endloop
  endfacet
  facet normal -0.290099 -0.956997 -0
    outer loop
      vertex 143.651 38.5706 3
      vertex 143.332 38.6673 1.6
      vertex 143.651 38.5706 1.6
    endloop
  endfacet
  facet normal -0.995088 0.0989988 0
    outer loop
      vertex 144.667 36.6683 1.6
      vertex 144.7 37 3
      vertex 144.7 37 1.6
    endloop
  endfacet
  facet normal -0.995088 0.0989988 0
    outer loop
      vertex 144.7 37 3
      vertex 144.667 36.6683 1.6
      vertex 144.667 36.6683 3
    endloop
  endfacet
  facet normal -0.633793 0.773503 0
    outer loop
      vertex 144.202 35.7979 1.6
      vertex 143.944 35.5865 3
      vertex 144.202 35.7979 3
    endloop
  endfacet
  facet normal -0.633793 0.773503 0
    outer loop
      vertex 143.944 35.5865 3
      vertex 144.202 35.7979 1.6
      vertex 143.944 35.5865 1.6
    endloop
  endfacet
  facet normal 0.290099 -0.956997 0
    outer loop
      vertex 142.349 38.5706 1.6
      vertex 142.668 38.6673 3
      vertex 142.349 38.5706 3
    endloop
  endfacet
  facet normal 0.290099 -0.956997 0
    outer loop
      vertex 142.668 38.6673 3
      vertex 142.349 38.5706 1.6
      vertex 142.668 38.6673 1.6
    endloop
  endfacet
  facet normal -0.633793 -0.773503 0
    outer loop
      vertex 143.944 38.4135 1.6
      vertex 144.202 38.2021 3
      vertex 143.944 38.4135 3
    endloop
  endfacet
  facet normal -0.633793 -0.773503 -0
    outer loop
      vertex 144.202 38.2021 3
      vertex 143.944 38.4135 1.6
      vertex 144.202 38.2021 1.6
    endloop
  endfacet
  facet normal 0.0980197 0.995184 -0
    outer loop
      vertex 143 35.3 1.6
      vertex 142.668 35.3327 3
      vertex 143 35.3 3
    endloop
  endfacet
  facet normal 0.0980197 0.995184 0
    outer loop
      vertex 142.668 35.3327 3
      vertex 143 35.3 1.6
      vertex 142.668 35.3327 1.6
    endloop
  endfacet
  facet normal 0.0980197 -0.995184 0
    outer loop
      vertex 142.668 38.6673 1.6
      vertex 143 38.7 3
      vertex 142.668 38.6673 3
    endloop
  endfacet
  facet normal 0.0980197 -0.995184 0
    outer loop
      vertex 143 38.7 3
      vertex 142.668 38.6673 1.6
      vertex 143 38.7 1.6
    endloop
  endfacet
  facet normal 0.880788 -0.47351 0
    outer loop
      vertex 141.429 37.6506 3
      vertex 141.587 37.9445 1.6
      vertex 141.587 37.9445 3
    endloop
  endfacet
  facet normal 0.880788 -0.47351 0
    outer loop
      vertex 141.587 37.9445 1.6
      vertex 141.429 37.6506 3
      vertex 141.429 37.6506 1.6
    endloop
  endfacet
  facet normal 0.957553 0.288257 0
    outer loop
      vertex 141.429 36.3494 3
      vertex 141.333 36.6683 1.6
      vertex 141.333 36.6683 3
    endloop
  endfacet
  facet normal 0.957553 0.288257 0
    outer loop
      vertex 141.333 36.6683 1.6
      vertex 141.429 36.3494 3
      vertex 141.429 36.3494 1.6
    endloop
  endfacet
  facet normal 0.995088 0.0989988 0
    outer loop
      vertex 141.333 36.6683 3
      vertex 141.3 37 1.6
      vertex 141.3 37 3
    endloop
  endfacet
  facet normal 0.995088 0.0989988 0
    outer loop
      vertex 141.3 37 1.6
      vertex 141.333 36.6683 3
      vertex 141.333 36.6683 1.6
    endloop
  endfacet
  facet normal 0.773609 0.633663 0
    outer loop
      vertex 141.798 35.7979 3
      vertex 141.587 36.0555 1.6
      vertex 141.587 36.0555 3
    endloop
  endfacet
  facet normal 0.773609 0.633663 0
    outer loop
      vertex 141.587 36.0555 1.6
      vertex 141.798 35.7979 3
      vertex 141.798 35.7979 1.6
    endloop
  endfacet
  facet normal 0.472539 0.88131 -0
    outer loop
      vertex 142.349 35.4294 1.6
      vertex 142.056 35.5865 3
      vertex 142.349 35.4294 3
    endloop
  endfacet
  facet normal 0.472539 0.88131 0
    outer loop
      vertex 142.056 35.5865 3
      vertex 142.349 35.4294 1.6
      vertex 142.056 35.5865 1.6
    endloop
  endfacet
  facet normal -0.773609 0.633663 0
    outer loop
      vertex 144.202 35.7979 1.6
      vertex 144.413 36.0555 3
      vertex 144.413 36.0555 1.6
    endloop
  endfacet
  facet normal -0.773609 0.633663 0
    outer loop
      vertex 144.413 36.0555 3
      vertex 144.202 35.7979 1.6
      vertex 144.202 35.7979 3
    endloop
  endfacet
  facet normal 0.995088 -0.0989988 0
    outer loop
      vertex 141.3 37 3
      vertex 141.333 37.3317 1.6
      vertex 141.333 37.3317 3
    endloop
  endfacet
  facet normal 0.995088 -0.0989988 0
    outer loop
      vertex 141.333 37.3317 1.6
      vertex 141.3 37 3
      vertex 141.3 37 1.6
    endloop
  endfacet
  facet normal 0.290099 0.956997 -0
    outer loop
      vertex 142.668 35.3327 1.6
      vertex 142.349 35.4294 3
      vertex 142.668 35.3327 3
    endloop
  endfacet
  facet normal 0.290099 0.956997 0
    outer loop
      vertex 142.349 35.4294 3
      vertex 142.668 35.3327 1.6
      vertex 142.349 35.4294 1.6
    endloop
  endfacet
  facet normal -0.707596 -0.0696758 -0.703174
    outer loop
      vertex 146.227 37.6398 0
      vertex 146.29 37 0
      vertex 144.7 37 1.6
    endloop
  endfacet
  facet normal 0.626926 -0.335024 -0.703365
    outer loop
      vertex 140.264 38.8279 0
      vertex 141.587 37.9445 1.6
      vertex 139.961 38.2609 0
    endloop
  endfacet
  facet normal 0.45063 0.549965 -0.703186
    outer loop
      vertex 140.675 34.6723 0
      vertex 141.798 35.7979 1.6
      vertex 142.056 35.5865 1.6
    endloop
  endfacet
  facet normal 0.564617 0.434321 -0.701835
    outer loop
      vertex 141.798 35.7979 1.6
      vertex 140.675 34.6723 0
      vertex 140.674 34.6736 0
    endloop
  endfacet
  facet normal -0.335078 -0.627026 -0.70325
    outer loop
      vertex 144.261 40.0386 0
      vertex 144.828 39.7356 0
      vertex 143.944 38.4135 1.6
    endloop
  endfacet
  facet normal 0.0707432 -0.707432 -0.703232
    outer loop
      vertex 142.36 40.227 0
      vertex 142.668 38.6673 1.6
      vertex 142.358 40.2268 0
    endloop
  endfacet
  facet normal 0.0696931 -0.707587 -0.703181
    outer loop
      vertex 142.668 38.6673 1.6
      vertex 142.36 40.227 0
      vertex 143 38.7 1.6
    endloop
  endfacet
  facet normal 0.451017 -0.549535 -0.703275
    outer loop
      vertex 141.172 39.7356 0
      vertex 142.056 38.4135 1.6
      vertex 140.675 39.3277 0
    endloop
  endfacet
  facet normal -0.444483 0.555604 -0.702665
    outer loop
      vertex 144.202 35.7979 1.6
      vertex 145.328 34.6752 0
      vertex 145.326 34.6736 0
    endloop
  endfacet
  facet normal -0.550024 0.450525 -0.703207
    outer loop
      vertex 145.328 34.6752 0
      vertex 144.202 35.7979 1.6
      vertex 144.413 36.0555 1.6
    endloop
  endfacet
  facet normal 0.549388 -0.451098 -0.703338
    outer loop
      vertex 140.672 39.3248 0
      vertex 141.587 37.9445 1.6
      vertex 140.264 38.8279 0
    endloop
  endfacet
  facet normal -0.550024 -0.450525 -0.703207
    outer loop
      vertex 144.202 38.2021 1.6
      vertex 145.328 39.3248 0
      vertex 144.413 37.9445 1.6
    endloop
  endfacet
  facet normal -0.444483 -0.555604 -0.702665
    outer loop
      vertex 145.328 39.3248 0
      vertex 144.202 38.2021 1.6
      vertex 145.326 39.3264 0
    endloop
  endfacet
  facet normal -0.622066 0.345592 -0.702567
    outer loop
      vertex 146.039 35.7391 0
      vertex 144.571 36.3494 1.6
      vertex 146.04 35.7409 0
    endloop
  endfacet
  facet normal -0.626328 0.336713 -0.703091
    outer loop
      vertex 144.571 36.3494 1.6
      vertex 146.039 35.7391 0
      vertex 144.413 36.0555 1.6
    endloop
  endfacet
  facet normal -0.549388 0.451098 -0.703338
    outer loop
      vertex 145.736 35.1721 0
      vertex 145.328 34.6752 0
      vertex 144.413 36.0555 1.6
    endloop
  endfacet
  facet normal -0.20428 0.680934 -0.703277
    outer loop
      vertex 143.332 35.3327 1.6
      vertex 143.644 33.7738 0
      vertex 143.642 33.7732 0
    endloop
  endfacet
  facet normal -0.206264 0.680437 -0.703179
    outer loop
      vertex 143.644 33.7738 0
      vertex 143.332 35.3327 1.6
      vertex 143.651 35.4294 1.6
    endloop
  endfacet
  facet normal -0.206264 -0.680437 -0.703179
    outer loop
      vertex 143.332 38.6673 1.6
      vertex 143.644 40.2262 0
      vertex 143.651 38.5706 1.6
    endloop
  endfacet
  facet normal -0.20428 -0.680934 -0.703277
    outer loop
      vertex 143.644 40.2262 0
      vertex 143.332 38.6673 1.6
      vertex 143.642 40.2268 0
    endloop
  endfacet
  facet normal -0.335078 0.627026 -0.70325
    outer loop
      vertex 144.828 34.2644 0
      vertex 144.261 33.9614 0
      vertex 143.944 35.5865 1.6
    endloop
  endfacet
  facet normal 0.626328 0.336713 -0.703091
    outer loop
      vertex 139.961 35.7391 0
      vertex 141.429 36.3494 1.6
      vertex 141.587 36.0555 1.6
    endloop
  endfacet
  facet normal 0.622066 0.345592 -0.702567
    outer loop
      vertex 141.429 36.3494 1.6
      vertex 139.961 35.7391 0
      vertex 139.96 35.7409 0
    endloop
  endfacet
  facet normal 0.680626 -0.205747 -0.703148
    outer loop
      vertex 139.96 38.2591 0
      vertex 141.429 37.6506 1.6
      vertex 139.774 37.6438 0
    endloop
  endfacet
  facet normal -0.680626 -0.205747 -0.703148
    outer loop
      vertex 146.04 38.2591 0
      vertex 146.226 37.6438 0
      vertex 144.571 37.6506 1.6
    endloop
  endfacet
  facet normal -0.549388 -0.451098 -0.703338
    outer loop
      vertex 145.328 39.3248 0
      vertex 145.736 38.8279 0
      vertex 144.413 37.9445 1.6
    endloop
  endfacet
  facet normal 0.707596 -0.0696758 -0.703174
    outer loop
      vertex 139.773 37.6398 0
      vertex 141.3 37 1.6
      vertex 139.71 37 0
    endloop
  endfacet
  facet normal -0.564617 -0.434321 -0.701835
    outer loop
      vertex 144.202 38.2021 1.6
      vertex 145.325 39.3277 0
      vertex 145.326 39.3264 0
    endloop
  endfacet
  facet normal -0.45063 -0.549965 -0.703186
    outer loop
      vertex 145.325 39.3277 0
      vertex 144.202 38.2021 1.6
      vertex 143.944 38.4135 1.6
    endloop
  endfacet
  facet normal 0.716 0 -0.6981
    outer loop
      vertex 141.333 37.3317 1.6
      vertex 139.773 37.6398 0
      vertex 139.773 37.6419 0
    endloop
  endfacet
  facet normal 0.707417 -0.0703791 -0.703284
    outer loop
      vertex 139.773 37.6398 0
      vertex 141.333 37.3317 1.6
      vertex 141.3 37 1.6
    endloop
  endfacet
  facet normal -0.707596 0.0696758 -0.703174
    outer loop
      vertex 146.29 37 0
      vertex 146.227 36.3602 0
      vertex 144.7 37 1.6
    endloop
  endfacet
  facet normal -0.451017 0.549535 -0.703275
    outer loop
      vertex 145.325 34.6723 0
      vertex 144.828 34.2644 0
      vertex 143.944 35.5865 1.6
    endloop
  endfacet
  facet normal -0.626926 -0.335024 -0.703365
    outer loop
      vertex 145.736 38.8279 0
      vertex 146.039 38.2609 0
      vertex 144.413 37.9445 1.6
    endloop
  endfacet
  facet normal -0.680626 0.205747 -0.703148
    outer loop
      vertex 146.226 36.3562 0
      vertex 146.04 35.7409 0
      vertex 144.571 36.3494 1.6
    endloop
  endfacet
  facet normal 0.0697619 0.70757 -0.703192
    outer loop
      vertex 143 35.3 1.6
      vertex 143 33.7099 0
      vertex 142.36 33.773 0
    endloop
  endfacet
  facet normal 0.680743 0.204927 -0.703273
    outer loop
      vertex 139.774 36.3562 0
      vertex 141.333 36.6683 1.6
      vertex 141.429 36.3494 1.6
    endloop
  endfacet
  facet normal 0.640575 0.337145 -0.689925
    outer loop
      vertex 141.333 36.6683 1.6
      vertex 139.774 36.3562 0
      vertex 139.773 36.3581 0
    endloop
  endfacet
  facet normal 0.707596 0.0696758 -0.703174
    outer loop
      vertex 141.3 37 1.6
      vertex 139.773 36.3602 0
      vertex 139.71 37 0
    endloop
  endfacet
  facet normal 0.626328 -0.336713 -0.703091
    outer loop
      vertex 141.429 37.6506 1.6
      vertex 139.961 38.2609 0
      vertex 141.587 37.9445 1.6
    endloop
  endfacet
  facet normal 0.622066 -0.345592 -0.702567
    outer loop
      vertex 139.961 38.2609 0
      vertex 141.429 37.6506 1.6
      vertex 139.96 38.2591 0
    endloop
  endfacet
  facet normal 0.20428 0.680934 -0.703277
    outer loop
      vertex 142.356 33.7738 0
      vertex 142.668 35.3327 1.6
      vertex 142.358 33.7732 0
    endloop
  endfacet
  facet normal 0.206264 0.680437 -0.703179
    outer loop
      vertex 142.668 35.3327 1.6
      vertex 142.356 33.7738 0
      vertex 142.349 35.4294 1.6
    endloop
  endfacet
  facet normal -0.0697619 -0.70757 -0.703192
    outer loop
      vertex 143 40.2901 0
      vertex 143.64 40.227 0
      vertex 143 38.7 1.6
    endloop
  endfacet
  facet normal -0.622066 -0.345592 -0.702567
    outer loop
      vertex 144.571 37.6506 1.6
      vertex 146.039 38.2609 0
      vertex 146.04 38.2591 0
    endloop
  endfacet
  facet normal -0.626328 -0.336713 -0.703091
    outer loop
      vertex 146.039 38.2609 0
      vertex 144.571 37.6506 1.6
      vertex 144.413 37.9445 1.6
    endloop
  endfacet
  facet normal -0.206446 0.68041 -0.703151
    outer loop
      vertex 143.651 35.4294 1.6
      vertex 144.259 33.9604 0
      vertex 143.644 33.7738 0
    endloop
  endfacet
  facet normal -0.0697619 0.70757 -0.703192
    outer loop
      vertex 143 35.3 1.6
      vertex 143.64 33.773 0
      vertex 143 33.7099 0
    endloop
  endfacet
  facet normal 0.206446 0.68041 -0.703151
    outer loop
      vertex 142.349 35.4294 1.6
      vertex 142.356 33.7738 0
      vertex 141.741 33.9604 0
    endloop
  endfacet
  facet normal 0.626926 0.335024 -0.703365
    outer loop
      vertex 141.587 36.0555 1.6
      vertex 140.264 35.1721 0
      vertex 139.961 35.7391 0
    endloop
  endfacet
  facet normal -0.626926 0.335024 -0.703365
    outer loop
      vertex 146.039 35.7391 0
      vertex 145.736 35.1721 0
      vertex 144.413 36.0555 1.6
    endloop
  endfacet
  facet normal 0.550024 -0.450525 -0.703207
    outer loop
      vertex 140.672 39.3248 0
      vertex 141.798 38.2021 1.6
      vertex 141.587 37.9445 1.6
    endloop
  endfacet
  facet normal 0.444483 -0.555604 -0.702665
    outer loop
      vertex 141.798 38.2021 1.6
      vertex 140.672 39.3248 0
      vertex 140.674 39.3264 0
    endloop
  endfacet
  facet normal -0.317632 0.635264 -0.703952
    outer loop
      vertex 143.651 35.4294 1.6
      vertex 144.261 33.9614 0
      vertex 144.259 33.9604 0
    endloop
  endfacet
  facet normal -0.336019 0.626693 -0.703098
    outer loop
      vertex 144.261 33.9614 0
      vertex 143.651 35.4294 1.6
      vertex 143.944 35.5865 1.6
    endloop
  endfacet
  facet normal -0.564617 0.434321 -0.701835
    outer loop
      vertex 145.325 34.6723 0
      vertex 144.202 35.7979 1.6
      vertex 145.326 34.6736 0
    endloop
  endfacet
  facet normal -0.45063 0.549965 -0.703186
    outer loop
      vertex 144.202 35.7979 1.6
      vertex 145.325 34.6723 0
      vertex 143.944 35.5865 1.6
    endloop
  endfacet
  facet normal -0.707417 0.0703791 -0.703284
    outer loop
      vertex 146.227 36.3602 0
      vertex 144.667 36.6683 1.6
      vertex 144.7 37 1.6
    endloop
  endfacet
  facet normal -0.716 0 -0.6981
    outer loop
      vertex 144.667 36.6683 1.6
      vertex 146.227 36.3602 0
      vertex 146.227 36.3581 0
    endloop
  endfacet
  facet normal 0.444483 0.555604 -0.702665
    outer loop
      vertex 140.672 34.6752 0
      vertex 141.798 35.7979 1.6
      vertex 140.674 34.6736 0
    endloop
  endfacet
  facet normal 0.550024 0.450525 -0.703207
    outer loop
      vertex 141.798 35.7979 1.6
      vertex 140.672 34.6752 0
      vertex 141.587 36.0555 1.6
    endloop
  endfacet
  facet normal 0.45063 -0.549965 -0.703186
    outer loop
      vertex 141.798 38.2021 1.6
      vertex 140.675 39.3277 0
      vertex 142.056 38.4135 1.6
    endloop
  endfacet
  facet normal 0.564617 -0.434321 -0.701835
    outer loop
      vertex 140.675 39.3277 0
      vertex 141.798 38.2021 1.6
      vertex 140.674 39.3264 0
    endloop
  endfacet
  facet normal 0.335078 -0.627026 -0.70325
    outer loop
      vertex 141.739 40.0386 0
      vertex 142.056 38.4135 1.6
      vertex 141.172 39.7356 0
    endloop
  endfacet
  facet normal -0.206446 -0.68041 -0.703151
    outer loop
      vertex 144.259 40.0396 0
      vertex 143.651 38.5706 1.6
      vertex 143.644 40.2262 0
    endloop
  endfacet
  facet normal 0.707417 0.0703791 -0.703284
    outer loop
      vertex 141.333 36.6683 1.6
      vertex 139.773 36.3602 0
      vertex 141.3 37 1.6
    endloop
  endfacet
  facet normal 0.716 0 -0.6981
    outer loop
      vertex 139.773 36.3602 0
      vertex 141.333 36.6683 1.6
      vertex 139.773 36.3581 0
    endloop
  endfacet
  facet normal 0.0696931 0.707587 -0.703181
    outer loop
      vertex 142.36 33.773 0
      vertex 142.668 35.3327 1.6
      vertex 143 35.3 1.6
    endloop
  endfacet
  facet normal 0.0707432 0.707432 -0.703232
    outer loop
      vertex 142.668 35.3327 1.6
      vertex 142.36 33.773 0
      vertex 142.358 33.7732 0
    endloop
  endfacet
  facet normal 0.680743 -0.204927 -0.703273
    outer loop
      vertex 141.333 37.3317 1.6
      vertex 139.774 37.6438 0
      vertex 141.429 37.6506 1.6
    endloop
  endfacet
  facet normal 0.640575 -0.337145 -0.689925
    outer loop
      vertex 139.774 37.6438 0
      vertex 141.333 37.3317 1.6
      vertex 139.773 37.6419 0
    endloop
  endfacet
  facet normal 0.20428 -0.680934 -0.703277
    outer loop
      vertex 142.668 38.6673 1.6
      vertex 142.356 40.2262 0
      vertex 142.358 40.2268 0
    endloop
  endfacet
  facet normal 0.206264 -0.680437 -0.703179
    outer loop
      vertex 142.356 40.2262 0
      vertex 142.668 38.6673 1.6
      vertex 142.349 38.5706 1.6
    endloop
  endfacet
  facet normal 0.317632 0.635264 -0.703952
    outer loop
      vertex 141.739 33.9614 0
      vertex 142.349 35.4294 1.6
      vertex 141.741 33.9604 0
    endloop
  endfacet
  facet normal 0.336019 0.626693 -0.703098
    outer loop
      vertex 142.349 35.4294 1.6
      vertex 141.739 33.9614 0
      vertex 142.056 35.5865 1.6
    endloop
  endfacet
  facet normal -0.0696931 -0.707587 -0.703181
    outer loop
      vertex 143.64 40.227 0
      vertex 143.332 38.6673 1.6
      vertex 143 38.7 1.6
    endloop
  endfacet
  facet normal -0.0707432 -0.707432 -0.703232
    outer loop
      vertex 143.332 38.6673 1.6
      vertex 143.64 40.227 0
      vertex 143.642 40.2268 0
    endloop
  endfacet
  facet normal 0.0697619 -0.70757 -0.703192
    outer loop
      vertex 143 40.2901 0
      vertex 143 38.7 1.6
      vertex 142.36 40.227 0
    endloop
  endfacet
  facet normal -0.451017 -0.549535 -0.703275
    outer loop
      vertex 144.828 39.7356 0
      vertex 145.325 39.3277 0
      vertex 143.944 38.4135 1.6
    endloop
  endfacet
  facet normal 0.336019 -0.626693 -0.703098
    outer loop
      vertex 141.739 40.0386 0
      vertex 142.349 38.5706 1.6
      vertex 142.056 38.4135 1.6
    endloop
  endfacet
  facet normal 0.317632 -0.635264 -0.703952
    outer loop
      vertex 142.349 38.5706 1.6
      vertex 141.739 40.0386 0
      vertex 141.741 40.0396 0
    endloop
  endfacet
  facet normal -0.640575 -0.337145 -0.689925
    outer loop
      vertex 144.667 37.3317 1.6
      vertex 146.226 37.6438 0
      vertex 146.227 37.6419 0
    endloop
  endfacet
  facet normal -0.680743 -0.204927 -0.703273
    outer loop
      vertex 146.226 37.6438 0
      vertex 144.667 37.3317 1.6
      vertex 144.571 37.6506 1.6
    endloop
  endfacet
  facet normal -0.640575 0.337145 -0.689925
    outer loop
      vertex 146.226 36.3562 0
      vertex 144.667 36.6683 1.6
      vertex 146.227 36.3581 0
    endloop
  endfacet
  facet normal -0.680743 0.204927 -0.703273
    outer loop
      vertex 144.667 36.6683 1.6
      vertex 146.226 36.3562 0
      vertex 144.571 36.3494 1.6
    endloop
  endfacet
  facet normal 0.206446 -0.68041 -0.703151
    outer loop
      vertex 142.356 40.2262 0
      vertex 142.349 38.5706 1.6
      vertex 141.741 40.0396 0
    endloop
  endfacet
  facet normal 0.680626 0.205747 -0.703148
    outer loop
      vertex 141.429 36.3494 1.6
      vertex 139.96 35.7409 0
      vertex 139.774 36.3562 0
    endloop
  endfacet
  facet normal 0.549388 0.451098 -0.703338
    outer loop
      vertex 141.587 36.0555 1.6
      vertex 140.672 34.6752 0
      vertex 140.264 35.1721 0
    endloop
  endfacet
  facet normal 0.335078 0.627026 -0.70325
    outer loop
      vertex 142.056 35.5865 1.6
      vertex 141.739 33.9614 0
      vertex 141.172 34.2644 0
    endloop
  endfacet
  facet normal -0.336019 -0.626693 -0.703098
    outer loop
      vertex 143.651 38.5706 1.6
      vertex 144.261 40.0386 0
      vertex 143.944 38.4135 1.6
    endloop
  endfacet
  facet normal -0.317632 -0.635264 -0.703952
    outer loop
      vertex 144.261 40.0386 0
      vertex 143.651 38.5706 1.6
      vertex 144.259 40.0396 0
    endloop
  endfacet
  facet normal -0.0707432 0.707432 -0.703232
    outer loop
      vertex 143.64 33.773 0
      vertex 143.332 35.3327 1.6
      vertex 143.642 33.7732 0
    endloop
  endfacet
  facet normal -0.0696931 0.707587 -0.703181
    outer loop
      vertex 143.332 35.3327 1.6
      vertex 143.64 33.773 0
      vertex 143 35.3 1.6
    endloop
  endfacet
  facet normal 0.451017 0.549535 -0.703275
    outer loop
      vertex 142.056 35.5865 1.6
      vertex 141.172 34.2644 0
      vertex 140.675 34.6723 0
    endloop
  endfacet
  facet normal -0.716 0 -0.6981
    outer loop
      vertex 146.227 37.6398 0
      vertex 144.667 37.3317 1.6
      vertex 146.227 37.6419 0
    endloop
  endfacet
  facet normal -0.707417 -0.0703791 -0.703284
    outer loop
      vertex 144.667 37.3317 1.6
      vertex 146.227 37.6398 0
      vertex 144.7 37 1.6
    endloop
  endfacet
  facet normal 0.987689 -0.151102 0.0404876
    outer loop
      vertex 93.65 14.5754 15.4598
      vertex 93.6916 13.2762 9.59628
      vertex 93.6916 14.8291 15.3918
    endloop
  endfacet
  facet normal 0.987688 -0.151104 0.040488
    outer loop
      vertex 93.6916 13.2762 9.59628
      vertex 93.65 14.5754 15.4598
      vertex 93.65 13.0225 9.66427
    endloop
  endfacet
  facet normal 0.453977 -0.860653 0.230611
    outer loop
      vertex 94.0004 13.6867 9.48629
      vertex 94.2373 15.3562 15.2506
      vertex 94.0004 15.2396 15.2818
    endloop
  endfacet
  facet normal 0.454016 -0.860634 0.230604
    outer loop
      vertex 94.2373 15.3562 15.2506
      vertex 94.0004 13.6867 9.48629
      vertex 94.2373 13.8033 9.45504
    endloop
  endfacet
  facet normal 0.1565 -0.954024 0.255627
    outer loop
      vertex 94.2373 13.8033 9.45504
      vertex 94.5 15.3964 15.2398
      vertex 94.2373 15.3562 15.2506
    endloop
  endfacet
  facet normal 0.156472 -0.954028 0.25563
    outer loop
      vertex 94.5 15.3964 15.2398
      vertex 94.2373 13.8033 9.45504
      vertex 94.5 13.8435 9.44427
    endloop
  endfacet
  facet normal 0.70695 -0.683164 0.183053
    outer loop
      vertex 93.8123 15.058 15.3305
      vertex 94.0004 13.6867 9.48629
      vertex 94.0004 15.2396 15.2818
    endloop
  endfacet
  facet normal 0.706935 -0.683179 0.183056
    outer loop
      vertex 94.0004 13.6867 9.48629
      vertex 93.8123 15.058 15.3305
      vertex 93.8123 13.5051 9.53496
    endloop
  endfacet
  facet normal -0.70695 -0.683164 0.183053
    outer loop
      vertex 94.9996 13.6867 9.48629
      vertex 95.1877 15.058 15.3305
      vertex 94.9996 15.2396 15.2818
    endloop
  endfacet
  facet normal -0.706935 -0.683179 0.183056
    outer loop
      vertex 95.1877 15.058 15.3305
      vertex 94.9996 13.6867 9.48629
      vertex 95.1877 13.5051 9.53496
    endloop
  endfacet
  facet normal -0.891068 -0.438405 0.11747
    outer loop
      vertex 95.1877 13.5051 9.53496
      vertex 95.3084 14.8291 15.3918
      vertex 95.1877 15.058 15.3305
    endloop
  endfacet
  facet normal -0.891072 -0.438398 0.117468
    outer loop
      vertex 95.3084 14.8291 15.3918
      vertex 95.1877 13.5051 9.53496
      vertex 95.3084 13.2762 9.59628
    endloop
  endfacet
  facet normal 0.454054 0.860616 -0.230597
    outer loop
      vertex 94.2373 12.2416 9.8735
      vertex 94.0004 13.9111 15.6378
      vertex 94.2373 13.7945 15.6691
    endloop
  endfacet
  facet normal 0.454016 0.860634 -0.230604
    outer loop
      vertex 94.0004 13.9111 15.6378
      vertex 94.2373 12.2416 9.8735
      vertex 94.0004 12.3582 9.84225
    endloop
  endfacet
  facet normal 0.707132 0.682989 -0.183006
    outer loop
      vertex 94.0004 13.9111 15.6378
      vertex 93.8123 12.5399 9.79358
      vertex 93.8123 14.0928 15.5891
    endloop
  endfacet
  facet normal 0.707117 0.683003 -0.183009
    outer loop
      vertex 93.8123 12.5399 9.79358
      vertex 94.0004 13.9111 15.6378
      vertex 94.0004 12.3582 9.84225
    endloop
  endfacet
  facet normal -0.453977 -0.860653 0.230611
    outer loop
      vertex 94.7627 15.3562 15.2506
      vertex 94.9996 13.6867 9.48629
      vertex 94.9996 15.2396 15.2818
    endloop
  endfacet
  facet normal -0.454016 -0.860634 0.230604
    outer loop
      vertex 94.9996 13.6867 9.48629
      vertex 94.7627 15.3562 15.2506
      vertex 94.7627 13.8033 9.45504
    endloop
  endfacet
  facet normal -0.987689 0.151102 -0.0404876
    outer loop
      vertex 95.35 13.0225 9.66427
      vertex 95.3084 14.3217 15.5278
      vertex 95.35 14.5754 15.4598
    endloop
  endfacet
  facet normal -0.987688 0.151105 -0.0404882
    outer loop
      vertex 95.3084 14.3217 15.5278
      vertex 95.35 13.0225 9.66427
      vertex 95.3084 12.7688 9.73225
    endloop
  endfacet
  facet normal 0.987689 0.151102 -0.0404876
    outer loop
      vertex 93.6916 14.3217 15.5278
      vertex 93.65 13.0225 9.66427
      vertex 93.65 14.5754 15.4598
    endloop
  endfacet
  facet normal 0.987688 0.151105 -0.0404882
    outer loop
      vertex 93.65 13.0225 9.66427
      vertex 93.6916 14.3217 15.5278
      vertex 93.6916 12.7688 9.73225
    endloop
  endfacet
  facet normal -0.1565 -0.954024 0.255627
    outer loop
      vertex 94.5 15.3964 15.2398
      vertex 94.7627 13.8033 9.45504
      vertex 94.7627 15.3562 15.2506
    endloop
  endfacet
  facet normal -0.156472 -0.954028 0.25563
    outer loop
      vertex 94.7627 13.8033 9.45504
      vertex 94.5 15.3964 15.2398
      vertex 94.5 13.8435 9.44427
    endloop
  endfacet
  facet normal -0.707132 0.682989 -0.183006
    outer loop
      vertex 95.1877 12.5399 9.79358
      vertex 94.9996 13.9111 15.6378
      vertex 95.1877 14.0928 15.5891
    endloop
  endfacet
  facet normal -0.707117 0.683003 -0.183009
    outer loop
      vertex 94.9996 13.9111 15.6378
      vertex 95.1877 12.5399 9.79358
      vertex 94.9996 12.3582 9.84225
    endloop
  endfacet
  facet normal 0.891068 0.438405 -0.117469
    outer loop
      vertex 93.8123 14.0928 15.5891
      vertex 93.6916 12.7688 9.73225
      vertex 93.6916 14.3217 15.5278
    endloop
  endfacet
  facet normal 0.891074 0.438394 -0.117467
    outer loop
      vertex 93.6916 12.7688 9.73225
      vertex 93.8123 14.0928 15.5891
      vertex 93.8123 12.5399 9.79358
    endloop
  endfacet
  facet normal -0.156405 0.954039 -0.255632
    outer loop
      vertex 94.7627 13.7945 15.6691
      vertex 94.5 12.2014 9.88426
      vertex 94.5 13.7543 15.6798
    endloop
  endfacet
  facet normal -0.156462 0.954031 -0.255627
    outer loop
      vertex 94.5 12.2014 9.88426
      vertex 94.7627 13.7945 15.6691
      vertex 94.7627 12.2416 9.8735
    endloop
  endfacet
  facet normal -0.987689 -0.151102 0.0404876
    outer loop
      vertex 95.3084 13.2762 9.59628
      vertex 95.35 14.5754 15.4598
      vertex 95.3084 14.8291 15.3918
    endloop
  endfacet
  facet normal -0.987688 -0.151104 0.040488
    outer loop
      vertex 95.35 14.5754 15.4598
      vertex 95.3084 13.2762 9.59628
      vertex 95.35 13.0225 9.66427
    endloop
  endfacet
  facet normal 0.891068 -0.438405 0.11747
    outer loop
      vertex 93.6916 14.8291 15.3918
      vertex 93.8123 13.5051 9.53496
      vertex 93.8123 15.058 15.3305
    endloop
  endfacet
  facet normal 0.891072 -0.438398 0.117468
    outer loop
      vertex 93.8123 13.5051 9.53496
      vertex 93.6916 14.8291 15.3918
      vertex 93.6916 13.2762 9.59628
    endloop
  endfacet
  facet normal -0.454054 0.860616 -0.230597
    outer loop
      vertex 94.9996 13.9111 15.6378
      vertex 94.7627 12.2416 9.8735
      vertex 94.7627 13.7945 15.6691
    endloop
  endfacet
  facet normal -0.454016 0.860634 -0.230604
    outer loop
      vertex 94.7627 12.2416 9.8735
      vertex 94.9996 13.9111 15.6378
      vertex 94.9996 12.3582 9.84225
    endloop
  endfacet
  facet normal 0.156405 0.954039 -0.255632
    outer loop
      vertex 94.5 12.2014 9.88426
      vertex 94.2373 13.7945 15.6691
      vertex 94.5 13.7543 15.6798
    endloop
  endfacet
  facet normal 0.156462 0.954031 -0.255627
    outer loop
      vertex 94.2373 13.7945 15.6691
      vertex 94.5 12.2014 9.88426
      vertex 94.2373 12.2416 9.8735
    endloop
  endfacet
  facet normal -0.000116096 0.258841 0.96592
    outer loop
      vertex 95.3084 13.2762 9.59628
      vertex 95.3084 12.7688 9.73225
      vertex 95.35 13.0225 9.66427
    endloop
  endfacet
  facet normal 0.000154012 0.258841 0.96592
    outer loop
      vertex 95.1877 13.5051 9.53496
      vertex 95.3084 12.7688 9.73225
      vertex 95.3084 13.2762 9.59628
    endloop
  endfacet
  facet normal -1.99156e-05 0.258815 0.965927
    outer loop
      vertex 95.1877 13.5051 9.53496
      vertex 95.1877 12.5399 9.79358
      vertex 95.3084 12.7688 9.73225
    endloop
  endfacet
  facet normal -5.7949e-05 0.258815 0.965927
    outer loop
      vertex 94.9996 13.6867 9.48629
      vertex 95.1877 12.5399 9.79358
      vertex 95.1877 13.5051 9.53496
    endloop
  endfacet
  facet normal -7.66779e-05 0.258812 0.965928
    outer loop
      vertex 94.9996 13.6867 9.48629
      vertex 94.9996 12.3582 9.84225
      vertex 95.1877 12.5399 9.79358
    endloop
  endfacet
  facet normal -3.28061e-05 0.258812 0.965928
    outer loop
      vertex 94.7627 13.8033 9.45504
      vertex 94.9996 12.3582 9.84225
      vertex 94.9996 13.6867 9.48629
    endloop
  endfacet
  facet normal 2.79073e-05 0.258821 0.965925
    outer loop
      vertex 94.7627 13.8033 9.45504
      vertex 94.7627 12.2416 9.8735
      vertex 94.9996 12.3582 9.84225
    endloop
  endfacet
  facet normal 6.08149e-06 0.258821 0.965925
    outer loop
      vertex 94.5 13.8435 9.44427
      vertex 94.7627 12.2416 9.8735
      vertex 94.7627 13.8033 9.45504
    endloop
  endfacet
  facet normal -4.16528e-05 0.258814 0.965927
    outer loop
      vertex 94.5 13.8435 9.44427
      vertex 94.5 12.2014 9.88426
      vertex 94.7627 12.2416 9.8735
    endloop
  endfacet
  facet normal -4.8836e-06 0.258814 0.965927
    outer loop
      vertex 94.2373 13.8033 9.45504
      vertex 94.5 12.2014 9.88426
      vertex 94.5 13.8435 9.44427
    endloop
  endfacet
  facet normal 4.28506e-05 0.258821 0.965925
    outer loop
      vertex 94.2373 13.8033 9.45504
      vertex 94.2373 12.2416 9.8735
      vertex 94.5 12.2014 9.88426
    endloop
  endfacet
  facet normal 2.79073e-05 0.258821 0.965925
    outer loop
      vertex 94.0004 13.6867 9.48629
      vertex 94.2373 12.2416 9.8735
      vertex 94.2373 13.8033 9.45504
    endloop
  endfacet
  facet normal -3.28061e-05 0.258812 0.965928
    outer loop
      vertex 94.0004 13.6867 9.48629
      vertex 94.0004 12.3582 9.84225
      vertex 94.2373 12.2416 9.8735
    endloop
  endfacet
  facet normal 6.09148e-05 0.258812 0.965928
    outer loop
      vertex 93.8123 13.5051 9.53496
      vertex 94.0004 12.3582 9.84225
      vertex 94.0004 13.6867 9.48629
    endloop
  endfacet
  facet normal 7.96453e-05 0.258815 0.965927
    outer loop
      vertex 93.8123 13.5051 9.53496
      vertex 93.8123 12.5399 9.79358
      vertex 94.0004 12.3582 9.84225
    endloop
  endfacet
  facet normal -9.99427e-05 0.258815 0.965927
    outer loop
      vertex 93.6916 13.2762 9.59628
      vertex 93.8123 12.5399 9.79358
      vertex 93.8123 13.5051 9.53496
    endloop
  endfacet
  facet normal 7.39859e-05 0.258841 0.96592
    outer loop
      vertex 93.6916 13.2762 9.59628
      vertex 93.6916 12.7688 9.73225
      vertex 93.8123 12.5399 9.79358
    endloop
  endfacet
  facet normal 0.000116096 0.258841 0.96592
    outer loop
      vertex 93.6916 12.7688 9.73225
      vertex 93.6916 13.2762 9.59628
      vertex 93.65 13.0225 9.66427
    endloop
  endfacet
  facet normal -0.891068 0.438405 -0.117469
    outer loop
      vertex 95.3084 12.7688 9.73225
      vertex 95.1877 14.0928 15.5891
      vertex 95.3084 14.3217 15.5278
    endloop
  endfacet
  facet normal -0.891074 0.438394 -0.117467
    outer loop
      vertex 95.1877 14.0928 15.5891
      vertex 95.3084 12.7688 9.73225
      vertex 95.1877 12.5399 9.79358
    endloop
  endfacet
  facet normal 0.987688 -0.151108 0.0404889
    outer loop
      vertex 93.65 34.8598 10.0246
      vertex 93.6916 33.5606 4.16108
      vertex 93.6916 35.1135 9.95664
    endloop
  endfacet
  facet normal 0.987688 -0.151104 0.040488
    outer loop
      vertex 93.6916 33.5606 4.16108
      vertex 93.65 34.8598 10.0246
      vertex 93.65 33.3069 4.22907
    endloop
  endfacet
  facet normal 0.454016 -0.860631 0.230618
    outer loop
      vertex 94.0004 33.9711 4.05109
      vertex 94.2373 35.6407 9.81539
      vertex 94.0004 35.5241 9.84664
    endloop
  endfacet
  facet normal 0.454304 -0.860492 0.230566
    outer loop
      vertex 94.2373 35.6407 9.81539
      vertex 94.0004 33.9711 4.05109
      vertex 94.2373 34.0878 4.01984
    endloop
  endfacet
  facet normal 0.156462 -0.95403 0.255629
    outer loop
      vertex 94.2373 34.0878 4.01984
      vertex 94.5 35.6809 9.80463
      vertex 94.2373 35.6407 9.81539
    endloop
  endfacet
  facet normal 0.156117 -0.954079 0.255659
    outer loop
      vertex 94.5 35.6809 9.80463
      vertex 94.2373 34.0878 4.01984
      vertex 94.5 34.1279 4.00907
    endloop
  endfacet
  facet normal 0.707117 -0.683 0.18302
    outer loop
      vertex 93.8123 35.3424 9.89531
      vertex 94.0004 33.9711 4.05109
      vertex 94.0004 35.5241 9.84664
    endloop
  endfacet
  facet normal 0.706935 -0.683179 0.183056
    outer loop
      vertex 94.0004 33.9711 4.05109
      vertex 93.8123 35.3424 9.89531
      vertex 93.8123 33.7895 4.09976
    endloop
  endfacet
  facet normal -0.707117 -0.683 0.18302
    outer loop
      vertex 94.9996 33.9711 4.05109
      vertex 95.1877 35.3424 9.89531
      vertex 94.9996 35.5241 9.84664
    endloop
  endfacet
  facet normal -0.706935 -0.683179 0.183056
    outer loop
      vertex 95.1877 35.3424 9.89531
      vertex 94.9996 33.9711 4.05109
      vertex 95.1877 33.7895 4.09976
    endloop
  endfacet
  facet normal -0.891074 -0.438394 0.117466
    outer loop
      vertex 95.1877 33.7895 4.09976
      vertex 95.3084 35.1135 9.95664
      vertex 95.1877 35.3424 9.89531
    endloop
  endfacet
  facet normal -0.891072 -0.438398 0.117467
    outer loop
      vertex 95.3084 35.1135 9.95664
      vertex 95.1877 33.7895 4.09976
      vertex 95.3084 33.5606 4.16108
    endloop
  endfacet
  facet normal 0.454054 0.860616 -0.230597
    outer loop
      vertex 94.2373 32.5261 4.43829
      vertex 94.0004 34.1956 10.2026
      vertex 94.2373 34.079 10.2339
    endloop
  endfacet
  facet normal 0.454008 0.860638 -0.230605
    outer loop
      vertex 94.0004 34.1956 10.2026
      vertex 94.2373 32.5261 4.43829
      vertex 94.0004 32.6427 4.40705
    endloop
  endfacet
  facet normal 0.70695 0.683164 -0.183053
    outer loop
      vertex 94.0004 34.1956 10.2026
      vertex 93.8123 32.8243 4.35838
      vertex 93.8123 34.3772 10.1539
    endloop
  endfacet
  facet normal 0.706935 0.683179 -0.183056
    outer loop
      vertex 93.8123 32.8243 4.35838
      vertex 94.0004 34.1956 10.2026
      vertex 94.0004 32.6427 4.40705
    endloop
  endfacet
  facet normal -0.454016 -0.860631 0.230618
    outer loop
      vertex 94.7627 35.6407 9.81539
      vertex 94.9996 33.9711 4.05109
      vertex 94.9996 35.5241 9.84664
    endloop
  endfacet
  facet normal -0.454304 -0.860492 0.230566
    outer loop
      vertex 94.9996 33.9711 4.05109
      vertex 94.7627 35.6407 9.81539
      vertex 94.7627 34.0878 4.01984
    endloop
  endfacet
  facet normal -0.987689 0.151102 -0.0404876
    outer loop
      vertex 95.35 33.3069 4.22907
      vertex 95.3084 34.6061 10.0926
      vertex 95.35 34.8598 10.0246
    endloop
  endfacet
  facet normal -0.987688 0.151105 -0.0404882
    outer loop
      vertex 95.3084 34.6061 10.0926
      vertex 95.35 33.3069 4.22907
      vertex 95.3084 33.0532 4.29705
    endloop
  endfacet
  facet normal 0.987689 0.151102 -0.0404876
    outer loop
      vertex 93.6916 34.6061 10.0926
      vertex 93.65 33.3069 4.22907
      vertex 93.65 34.8598 10.0246
    endloop
  endfacet
  facet normal 0.987688 0.151105 -0.0404882
    outer loop
      vertex 93.65 33.3069 4.22907
      vertex 93.6916 34.6061 10.0926
      vertex 93.6916 33.0532 4.29705
    endloop
  endfacet
  facet normal -0.156462 -0.95403 0.255629
    outer loop
      vertex 94.5 35.6809 9.80463
      vertex 94.7627 34.0878 4.01984
      vertex 94.7627 35.6407 9.81539
    endloop
  endfacet
  facet normal -0.156117 -0.954079 0.255659
    outer loop
      vertex 94.7627 34.0878 4.01984
      vertex 94.5 35.6809 9.80463
      vertex 94.5 34.1279 4.00907
    endloop
  endfacet
  facet normal -0.70695 0.683164 -0.183053
    outer loop
      vertex 95.1877 32.8243 4.35838
      vertex 94.9996 34.1956 10.2026
      vertex 95.1877 34.3772 10.1539
    endloop
  endfacet
  facet normal -0.706935 0.683179 -0.183056
    outer loop
      vertex 94.9996 34.1956 10.2026
      vertex 95.1877 32.8243 4.35838
      vertex 94.9996 32.6427 4.40705
    endloop
  endfacet
  facet normal 0.891068 0.438405 -0.117469
    outer loop
      vertex 93.8123 34.3772 10.1539
      vertex 93.6916 33.0532 4.29705
      vertex 93.6916 34.6061 10.0926
    endloop
  endfacet
  facet normal 0.891074 0.438394 -0.117467
    outer loop
      vertex 93.6916 33.0532 4.29705
      vertex 93.8123 34.3772 10.1539
      vertex 93.8123 32.8243 4.35838
    endloop
  endfacet
  facet normal -0.156405 0.954039 -0.255632
    outer loop
      vertex 94.7627 34.079 10.2339
      vertex 94.5 32.4859 4.44906
      vertex 94.5 34.0388 10.2446
    endloop
  endfacet
  facet normal -0.156472 0.954029 -0.255627
    outer loop
      vertex 94.5 32.4859 4.44906
      vertex 94.7627 34.079 10.2339
      vertex 94.7627 32.5261 4.43829
    endloop
  endfacet
  facet normal -0.987688 -0.151108 0.0404889
    outer loop
      vertex 95.3084 33.5606 4.16108
      vertex 95.35 34.8598 10.0246
      vertex 95.3084 35.1135 9.95664
    endloop
  endfacet
  facet normal -0.987688 -0.151104 0.040488
    outer loop
      vertex 95.35 34.8598 10.0246
      vertex 95.3084 33.5606 4.16108
      vertex 95.35 33.3069 4.22907
    endloop
  endfacet
  facet normal 0.891074 -0.438394 0.117466
    outer loop
      vertex 93.6916 35.1135 9.95664
      vertex 93.8123 33.7895 4.09976
      vertex 93.8123 35.3424 9.89531
    endloop
  endfacet
  facet normal 0.891072 -0.438398 0.117467
    outer loop
      vertex 93.8123 33.7895 4.09976
      vertex 93.6916 35.1135 9.95664
      vertex 93.6916 33.5606 4.16108
    endloop
  endfacet
  facet normal -0.454054 0.860616 -0.230597
    outer loop
      vertex 94.9996 34.1956 10.2026
      vertex 94.7627 32.5261 4.43829
      vertex 94.7627 34.079 10.2339
    endloop
  endfacet
  facet normal -0.454008 0.860638 -0.230605
    outer loop
      vertex 94.7627 32.5261 4.43829
      vertex 94.9996 34.1956 10.2026
      vertex 94.9996 32.6427 4.40705
    endloop
  endfacet
  facet normal 0.156405 0.954039 -0.255632
    outer loop
      vertex 94.5 32.4859 4.44906
      vertex 94.2373 34.079 10.2339
      vertex 94.5 34.0388 10.2446
    endloop
  endfacet
  facet normal 0.156472 0.954029 -0.255627
    outer loop
      vertex 94.2373 34.079 10.2339
      vertex 94.5 32.4859 4.44906
      vertex 94.2373 32.5261 4.43829
    endloop
  endfacet
  facet normal -0.000116096 0.258841 0.96592
    outer loop
      vertex 95.3084 33.5606 4.16108
      vertex 95.3084 33.0532 4.29705
      vertex 95.35 33.3069 4.22907
    endloop
  endfacet
  facet normal 0.000154012 0.258841 0.96592
    outer loop
      vertex 95.1877 33.7895 4.09976
      vertex 95.3084 33.0532 4.29705
      vertex 95.3084 33.5606 4.16108
    endloop
  endfacet
  facet normal -1.99156e-05 0.258815 0.965927
    outer loop
      vertex 95.1877 33.7895 4.09976
      vertex 95.1877 32.8243 4.35838
      vertex 95.3084 33.0532 4.29705
    endloop
  endfacet
  facet normal -5.7949e-05 0.258815 0.965927
    outer loop
      vertex 94.9996 33.9711 4.05109
      vertex 95.1877 32.8243 4.35838
      vertex 95.1877 33.7895 4.09976
    endloop
  endfacet
  facet normal 4.21049e-05 0.25883 0.965923
    outer loop
      vertex 94.9996 33.9711 4.05109
      vertex 94.9996 32.6427 4.40705
      vertex 95.1877 32.8243 4.35838
    endloop
  endfacet
  facet normal 8.60404e-05 0.25883 0.965923
    outer loop
      vertex 94.7627 34.0878 4.01984
      vertex 94.9996 32.6427 4.40705
      vertex 94.9996 33.9711 4.05109
    endloop
  endfacet
  facet normal -9.82201e-06 0.258815 0.965927
    outer loop
      vertex 94.7627 34.0878 4.01984
      vertex 94.7627 32.5261 4.43829
      vertex 94.9996 32.6427 4.40705
    endloop
  endfacet
  facet normal -9.33863e-05 0.258815 0.965927
    outer loop
      vertex 94.5 34.1279 4.00907
      vertex 94.7627 32.5261 4.43829
      vertex 94.7627 34.0878 4.01984
    endloop
  endfacet
  facet normal -7.29559e-06 0.258829 0.965923
    outer loop
      vertex 94.5 34.1279 4.00907
      vertex 94.5 32.4859 4.44906
      vertex 94.7627 32.5261 4.43829
    endloop
  endfacet
  facet normal 9.12307e-05 0.258829 0.965923
    outer loop
      vertex 94.2373 34.0878 4.01984
      vertex 94.5 32.4859 4.44906
      vertex 94.5 34.1279 4.00907
    endloop
  endfacet
  facet normal 5.13502e-06 0.258815 0.965927
    outer loop
      vertex 94.2373 34.0878 4.01984
      vertex 94.2373 32.5261 4.43829
      vertex 94.5 32.4859 4.44906
    endloop
  endfacet
  facet normal -7.82993e-05 0.258815 0.965927
    outer loop
      vertex 94.0004 33.9711 4.05109
      vertex 94.2373 32.5261 4.43829
      vertex 94.2373 34.0878 4.01984
    endloop
  endfacet
  facet normal 1.75568e-05 0.25883 0.965923
    outer loop
      vertex 94.0004 33.9711 4.05109
      vertex 94.0004 32.6427 4.40705
      vertex 94.2373 32.5261 4.43829
    endloop
  endfacet
  facet normal 4.21049e-05 0.25883 0.965923
    outer loop
      vertex 93.8123 33.7895 4.09976
      vertex 94.0004 32.6427 4.40705
      vertex 94.0004 33.9711 4.05109
    endloop
  endfacet
  facet normal -5.7949e-05 0.258815 0.965927
    outer loop
      vertex 93.8123 33.7895 4.09976
      vertex 93.8123 32.8243 4.35838
      vertex 94.0004 32.6427 4.40705
    endloop
  endfacet
  facet normal -9.99427e-05 0.258815 0.965927
    outer loop
      vertex 93.6916 33.5606 4.16108
      vertex 93.8123 32.8243 4.35838
      vertex 93.8123 33.7895 4.09976
    endloop
  endfacet
  facet normal 7.39859e-05 0.258841 0.96592
    outer loop
      vertex 93.6916 33.5606 4.16108
      vertex 93.6916 33.0532 4.29705
      vertex 93.8123 32.8243 4.35838
    endloop
  endfacet
  facet normal 0.000116096 0.258841 0.96592
    outer loop
      vertex 93.6916 33.0532 4.29705
      vertex 93.6916 33.5606 4.16108
      vertex 93.65 33.3069 4.22907
    endloop
  endfacet
  facet normal -0.891068 0.438405 -0.117469
    outer loop
      vertex 95.3084 33.0532 4.29705
      vertex 95.1877 34.3772 10.1539
      vertex 95.3084 34.6061 10.0926
    endloop
  endfacet
  facet normal -0.891074 0.438394 -0.117467
    outer loop
      vertex 95.1877 34.3772 10.1539
      vertex 95.3084 33.0532 4.29705
      vertex 95.1877 32.8243 4.35838
    endloop
  endfacet
  facet normal 0.453825 -0.860728 0.230631
    outer loop
      vertex 106.5 13.6867 9.48629
      vertex 106.737 15.3562 15.2506
      vertex 106.5 15.2396 15.2818
    endloop
  endfacet
  facet normal 0.453864 -0.860709 0.230624
    outer loop
      vertex 106.737 15.3562 15.2506
      vertex 106.5 13.6867 9.48629
      vertex 106.737 13.8033 9.45504
    endloop
  endfacet
  facet normal 0.156326 -0.954051 0.255635
    outer loop
      vertex 106.737 13.8033 9.45504
      vertex 107 15.3964 15.2398
      vertex 106.737 15.3562 15.2506
    endloop
  endfacet
  facet normal 0.156297 -0.954055 0.255637
    outer loop
      vertex 107 15.3964 15.2398
      vertex 106.737 13.8033 9.45504
      vertex 107 13.8435 9.44427
    endloop
  endfacet
  facet normal 0.707138 -0.682983 0.183004
    outer loop
      vertex 106.312 15.058 15.3305
      vertex 106.5 13.6867 9.48629
      vertex 106.5 15.2396 15.2818
    endloop
  endfacet
  facet normal 0.707123 -0.682997 0.183007
    outer loop
      vertex 106.5 13.6867 9.48629
      vertex 106.312 15.058 15.3305
      vertex 106.312 13.5051 9.53496
    endloop
  endfacet
  facet normal -0.892131 0.436383 -0.116928
    outer loop
      vertex 107.808 12.7688 9.73225
      vertex 107.688 14.0928 15.5891
      vertex 107.808 14.3217 15.5278
    endloop
  endfacet
  facet normal -0.892137 0.436371 -0.116925
    outer loop
      vertex 107.688 14.0928 15.5891
      vertex 107.808 12.7688 9.73225
      vertex 107.688 12.5399 9.79358
    endloop
  endfacet
  facet normal 0.987455 -0.152519 0.0408673
    outer loop
      vertex 106.15 14.5754 15.4598
      vertex 106.192 13.2762 9.59628
      vertex 106.192 14.8291 15.3918
    endloop
  endfacet
  facet normal 0.987455 -0.152521 0.0408676
    outer loop
      vertex 106.192 13.2762 9.59628
      vertex 106.15 14.5754 15.4598
      vertex 106.15 13.0225 9.66427
    endloop
  endfacet
  facet normal 0.987455 0.152519 -0.0408672
    outer loop
      vertex 106.192 14.3217 15.5278
      vertex 106.15 13.0225 9.66427
      vertex 106.15 14.5754 15.4598
    endloop
  endfacet
  facet normal 0.987455 0.152522 -0.0408679
    outer loop
      vertex 106.15 13.0225 9.66427
      vertex 106.192 14.3217 15.5278
      vertex 106.192 12.7688 9.73225
    endloop
  endfacet
  facet normal 0.156231 0.954065 -0.255639
    outer loop
      vertex 107 12.2014 9.88426
      vertex 106.737 13.7945 15.6691
      vertex 107 13.7543 15.6798
    endloop
  endfacet
  facet normal 0.156288 0.954057 -0.255635
    outer loop
      vertex 106.737 13.7945 15.6691
      vertex 107 12.2014 9.88426
      vertex 106.737 12.2416 9.8735
    endloop
  endfacet
  facet normal -0.707138 -0.682983 0.183004
    outer loop
      vertex 107.5 13.6867 9.48629
      vertex 107.688 15.058 15.3305
      vertex 107.5 15.2396 15.2818
    endloop
  endfacet
  facet normal -0.707123 -0.682997 0.183007
    outer loop
      vertex 107.688 15.058 15.3305
      vertex 107.5 13.6867 9.48629
      vertex 107.688 13.5051 9.53496
    endloop
  endfacet
  facet normal -0.70732 0.682807 -0.182957
    outer loop
      vertex 107.688 12.5399 9.79358
      vertex 107.5 13.9111 15.6378
      vertex 107.688 14.0928 15.5891
    endloop
  endfacet
  facet normal -0.707305 0.682822 -0.18296
    outer loop
      vertex 107.5 13.9111 15.6378
      vertex 107.688 12.5399 9.79358
      vertex 107.5 12.3582 9.84225
    endloop
  endfacet
  facet normal 0.892131 -0.436383 0.116928
    outer loop
      vertex 106.192 14.8291 15.3918
      vertex 106.312 13.5051 9.53496
      vertex 106.312 15.058 15.3305
    endloop
  endfacet
  facet normal 0.892135 -0.436375 0.116926
    outer loop
      vertex 106.312 13.5051 9.53496
      vertex 106.192 14.8291 15.3918
      vertex 106.192 13.2762 9.59628
    endloop
  endfacet
  facet normal 0.70732 0.682807 -0.182957
    outer loop
      vertex 106.5 13.9111 15.6378
      vertex 106.312 12.5399 9.79358
      vertex 106.312 14.0928 15.5891
    endloop
  endfacet
  facet normal 0.707305 0.682822 -0.18296
    outer loop
      vertex 106.312 12.5399 9.79358
      vertex 106.5 13.9111 15.6378
      vertex 106.5 12.3582 9.84225
    endloop
  endfacet
  facet normal 0.892131 0.436383 -0.116928
    outer loop
      vertex 106.312 14.0928 15.5891
      vertex 106.192 12.7688 9.73225
      vertex 106.192 14.3217 15.5278
    endloop
  endfacet
  facet normal 0.892137 0.436371 -0.116925
    outer loop
      vertex 106.192 12.7688 9.73225
      vertex 106.312 14.0928 15.5891
      vertex 106.312 12.5399 9.79358
    endloop
  endfacet
  facet normal -0.453902 0.860691 -0.230617
    outer loop
      vertex 107.5 13.9111 15.6378
      vertex 107.263 12.2416 9.8735
      vertex 107.263 13.7945 15.6691
    endloop
  endfacet
  facet normal -0.453864 0.860709 -0.230624
    outer loop
      vertex 107.263 12.2416 9.8735
      vertex 107.5 13.9111 15.6378
      vertex 107.5 12.3582 9.84225
    endloop
  endfacet
  facet normal -0.892131 -0.436383 0.116928
    outer loop
      vertex 107.688 13.5051 9.53496
      vertex 107.808 14.8291 15.3918
      vertex 107.688 15.058 15.3305
    endloop
  endfacet
  facet normal -0.892135 -0.436375 0.116926
    outer loop
      vertex 107.808 14.8291 15.3918
      vertex 107.688 13.5051 9.53496
      vertex 107.808 13.2762 9.59628
    endloop
  endfacet
  facet normal 0.453902 0.860691 -0.230617
    outer loop
      vertex 106.737 12.2416 9.8735
      vertex 106.5 13.9111 15.6378
      vertex 106.737 13.7945 15.6691
    endloop
  endfacet
  facet normal 0.453864 0.860709 -0.230624
    outer loop
      vertex 106.5 13.9111 15.6378
      vertex 106.737 12.2416 9.8735
      vertex 106.5 12.3582 9.84225
    endloop
  endfacet
  facet normal -0.987455 -0.152519 0.0408673
    outer loop
      vertex 107.808 13.2762 9.59628
      vertex 107.85 14.5754 15.4598
      vertex 107.808 14.8291 15.3918
    endloop
  endfacet
  facet normal -0.987455 -0.152521 0.0408676
    outer loop
      vertex 107.85 14.5754 15.4598
      vertex 107.808 13.2762 9.59628
      vertex 107.85 13.0225 9.66427
    endloop
  endfacet
  facet normal -0.156231 0.954065 -0.255639
    outer loop
      vertex 107.263 13.7945 15.6691
      vertex 107 12.2014 9.88426
      vertex 107 13.7543 15.6798
    endloop
  endfacet
  facet normal -0.156288 0.954057 -0.255635
    outer loop
      vertex 107 12.2014 9.88426
      vertex 107.263 13.7945 15.6691
      vertex 107.263 12.2416 9.8735
    endloop
  endfacet
  facet normal -0.453825 -0.860728 0.230631
    outer loop
      vertex 107.263 15.3562 15.2506
      vertex 107.5 13.6867 9.48629
      vertex 107.5 15.2396 15.2818
    endloop
  endfacet
  facet normal -0.453864 -0.860709 0.230624
    outer loop
      vertex 107.5 13.6867 9.48629
      vertex 107.263 15.3562 15.2506
      vertex 107.263 13.8033 9.45504
    endloop
  endfacet
  facet normal -0.156326 -0.954051 0.255635
    outer loop
      vertex 107 15.3964 15.2398
      vertex 107.263 13.8033 9.45504
      vertex 107.263 15.3562 15.2506
    endloop
  endfacet
  facet normal -0.156297 -0.954055 0.255637
    outer loop
      vertex 107.263 13.8033 9.45504
      vertex 107 15.3964 15.2398
      vertex 107 13.8435 9.44427
    endloop
  endfacet
  facet normal -0.00011499 0.258841 0.96592
    outer loop
      vertex 107.808 13.2762 9.59628
      vertex 107.808 12.7688 9.73225
      vertex 107.85 13.0225 9.66427
    endloop
  endfacet
  facet normal 0.000154911 0.258841 0.96592
    outer loop
      vertex 107.688 13.5051 9.53496
      vertex 107.808 12.7688 9.73225
      vertex 107.808 13.2762 9.59628
    endloop
  endfacet
  facet normal -2.00317e-05 0.258815 0.965927
    outer loop
      vertex 107.688 13.5051 9.53496
      vertex 107.688 12.5399 9.79358
      vertex 107.808 12.7688 9.73225
    endloop
  endfacet
  facet normal -5.79798e-05 0.258815 0.965927
    outer loop
      vertex 107.5 13.6867 9.48629
      vertex 107.688 12.5399 9.79358
      vertex 107.688 13.5051 9.53496
    endloop
  endfacet
  facet normal -7.67187e-05 0.258812 0.965928
    outer loop
      vertex 107.5 13.6867 9.48629
      vertex 107.5 12.3582 9.84225
      vertex 107.688 12.5399 9.79358
    endloop
  endfacet
  facet normal -3.27923e-05 0.258812 0.965928
    outer loop
      vertex 107.263 13.8033 9.45504
      vertex 107.5 12.3582 9.84225
      vertex 107.5 13.6867 9.48629
    endloop
  endfacet
  facet normal 2.78955e-05 0.258821 0.965925
    outer loop
      vertex 107.263 13.8033 9.45504
      vertex 107.263 12.2416 9.8735
      vertex 107.5 12.3582 9.84225
    endloop
  endfacet
  facet normal 6.07456e-06 0.258821 0.965925
    outer loop
      vertex 107 13.8435 9.44427
      vertex 107.263 12.2416 9.8735
      vertex 107.263 13.8033 9.45504
    endloop
  endfacet
  facet normal -4.16053e-05 0.258814 0.965927
    outer loop
      vertex 107 13.8435 9.44427
      vertex 107 12.2014 9.88426
      vertex 107.263 12.2416 9.8735
    endloop
  endfacet
  facet normal -4.87803e-06 0.258814 0.965927
    outer loop
      vertex 106.737 13.8033 9.45504
      vertex 107 12.2014 9.88426
      vertex 107 13.8435 9.44427
    endloop
  endfacet
  facet normal 4.28018e-05 0.258821 0.965925
    outer loop
      vertex 106.737 13.8033 9.45504
      vertex 106.737 12.2416 9.8735
      vertex 107 12.2014 9.88426
    endloop
  endfacet
  facet normal 2.78955e-05 0.258821 0.965925
    outer loop
      vertex 106.5 13.6867 9.48629
      vertex 106.737 12.2416 9.8735
      vertex 106.737 13.8033 9.45504
    endloop
  endfacet
  facet normal -3.27923e-05 0.258812 0.965928
    outer loop
      vertex 106.5 13.6867 9.48629
      vertex 106.5 12.3582 9.84225
      vertex 106.737 12.2416 9.8735
    endloop
  endfacet
  facet normal 6.09472e-05 0.258812 0.965928
    outer loop
      vertex 106.312 13.5051 9.53496
      vertex 106.5 12.3582 9.84225
      vertex 106.5 13.6867 9.48629
    endloop
  endfacet
  facet normal 7.96876e-05 0.258815 0.965927
    outer loop
      vertex 106.312 13.5051 9.53496
      vertex 106.312 12.5399 9.79358
      vertex 106.5 12.3582 9.84225
    endloop
  endfacet
  facet normal -0.000100526 0.258815 0.965927
    outer loop
      vertex 106.192 13.2762 9.59628
      vertex 106.312 12.5399 9.79358
      vertex 106.312 13.5051 9.53496
    endloop
  endfacet
  facet normal 7.44175e-05 0.258841 0.96592
    outer loop
      vertex 106.192 13.2762 9.59628
      vertex 106.192 12.7688 9.73225
      vertex 106.312 12.5399 9.79358
    endloop
  endfacet
  facet normal 0.00011499 0.258841 0.96592
    outer loop
      vertex 106.192 12.7688 9.73225
      vertex 106.192 13.2762 9.59628
      vertex 106.15 13.0225 9.66427
    endloop
  endfacet
  facet normal -0.987455 0.152519 -0.0408672
    outer loop
      vertex 107.85 13.0225 9.66427
      vertex 107.808 14.3217 15.5278
      vertex 107.85 14.5754 15.4598
    endloop
  endfacet
  facet normal -0.987455 0.152522 -0.0408679
    outer loop
      vertex 107.808 14.3217 15.5278
      vertex 107.85 13.0225 9.66427
      vertex 107.808 12.7688 9.73225
    endloop
  endfacet
  facet normal -0.156231 0.954065 -0.255639
    outer loop
      vertex 107.263 34.079 10.2339
      vertex 107 32.4859 4.44906
      vertex 107 34.0388 10.2446
    endloop
  endfacet
  facet normal -0.156297 0.954056 -0.255634
    outer loop
      vertex 107 32.4859 4.44906
      vertex 107.263 34.079 10.2339
      vertex 107.263 32.5261 4.43829
    endloop
  endfacet
  facet normal 0.453864 -0.860705 0.230638
    outer loop
      vertex 106.5 33.9711 4.05109
      vertex 106.737 35.6407 9.81539
      vertex 106.5 35.5241 9.84664
    endloop
  endfacet
  facet normal 0.454152 -0.860567 0.230586
    outer loop
      vertex 106.737 35.6407 9.81539
      vertex 106.5 33.9711 4.05109
      vertex 106.737 34.0878 4.01984
    endloop
  endfacet
  facet normal 0.156288 -0.954057 0.255637
    outer loop
      vertex 106.737 34.0878 4.01984
      vertex 107 35.6809 9.80463
      vertex 106.737 35.6407 9.81539
    endloop
  endfacet
  facet normal 0.155943 -0.954105 0.255666
    outer loop
      vertex 107 35.6809 9.80463
      vertex 106.737 34.0878 4.01984
      vertex 107 34.1279 4.00907
    endloop
  endfacet
  facet normal 0.707305 -0.682819 0.182971
    outer loop
      vertex 106.312 35.3424 9.89531
      vertex 106.5 33.9711 4.05109
      vertex 106.5 35.5241 9.84664
    endloop
  endfacet
  facet normal 0.707123 -0.682997 0.183007
    outer loop
      vertex 106.5 33.9711 4.05109
      vertex 106.312 35.3424 9.89531
      vertex 106.312 33.7895 4.09976
    endloop
  endfacet
  facet normal -0.707305 -0.682819 0.182971
    outer loop
      vertex 107.5 33.9711 4.05109
      vertex 107.688 35.3424 9.89531
      vertex 107.5 35.5241 9.84664
    endloop
  endfacet
  facet normal -0.707123 -0.682997 0.183007
    outer loop
      vertex 107.688 35.3424 9.89531
      vertex 107.5 33.9711 4.05109
      vertex 107.688 33.7895 4.09976
    endloop
  endfacet
  facet normal 0.987455 0.152519 -0.0408672
    outer loop
      vertex 106.192 34.6061 10.0926
      vertex 106.15 33.3069 4.22907
      vertex 106.15 34.8598 10.0246
    endloop
  endfacet
  facet normal 0.987455 0.152522 -0.0408679
    outer loop
      vertex 106.15 33.3069 4.22907
      vertex 106.192 34.6061 10.0926
      vertex 106.192 33.0532 4.29705
    endloop
  endfacet
  facet normal 0.987454 -0.152525 0.0408686
    outer loop
      vertex 106.15 34.8598 10.0246
      vertex 106.192 33.5606 4.16108
      vertex 106.192 35.1135 9.95664
    endloop
  endfacet
  facet normal 0.987455 -0.152521 0.0408676
    outer loop
      vertex 106.192 33.5606 4.16108
      vertex 106.15 34.8598 10.0246
      vertex 106.15 33.3069 4.22907
    endloop
  endfacet
  facet normal -0.453902 0.860691 -0.230617
    outer loop
      vertex 107.5 34.1956 10.2026
      vertex 107.263 32.5261 4.43829
      vertex 107.263 34.079 10.2339
    endloop
  endfacet
  facet normal -0.453856 0.860713 -0.230625
    outer loop
      vertex 107.263 32.5261 4.43829
      vertex 107.5 34.1956 10.2026
      vertex 107.5 32.6427 4.40705
    endloop
  endfacet
  facet normal 0.892137 -0.436372 0.116924
    outer loop
      vertex 106.192 35.1135 9.95664
      vertex 106.312 33.7895 4.09976
      vertex 106.312 35.3424 9.89531
    endloop
  endfacet
  facet normal 0.892135 -0.436375 0.116925
    outer loop
      vertex 106.312 33.7895 4.09976
      vertex 106.192 35.1135 9.95664
      vertex 106.192 33.5606 4.16108
    endloop
  endfacet
  facet normal -0.987455 0.152519 -0.0408672
    outer loop
      vertex 107.85 33.3069 4.22907
      vertex 107.808 34.6061 10.0926
      vertex 107.85 34.8598 10.0246
    endloop
  endfacet
  facet normal -0.987455 0.152522 -0.0408679
    outer loop
      vertex 107.808 34.6061 10.0926
      vertex 107.85 33.3069 4.22907
      vertex 107.808 33.0532 4.29705
    endloop
  endfacet
  facet normal 0.892131 0.436383 -0.116928
    outer loop
      vertex 106.312 34.3772 10.1539
      vertex 106.192 33.0532 4.29705
      vertex 106.192 34.6061 10.0926
    endloop
  endfacet
  facet normal 0.892137 0.436371 -0.116925
    outer loop
      vertex 106.192 33.0532 4.29705
      vertex 106.312 34.3772 10.1539
      vertex 106.312 32.8243 4.35838
    endloop
  endfacet
  facet normal -0.987454 -0.152525 0.0408686
    outer loop
      vertex 107.808 33.5606 4.16108
      vertex 107.85 34.8598 10.0246
      vertex 107.808 35.1135 9.95664
    endloop
  endfacet
  facet normal -0.987455 -0.152521 0.0408676
    outer loop
      vertex 107.85 34.8598 10.0246
      vertex 107.808 33.5606 4.16108
      vertex 107.85 33.3069 4.22907
    endloop
  endfacet
  facet normal -0.892137 -0.436372 0.116924
    outer loop
      vertex 107.688 33.7895 4.09976
      vertex 107.808 35.1135 9.95664
      vertex 107.688 35.3424 9.89531
    endloop
  endfacet
  facet normal -0.892135 -0.436375 0.116925
    outer loop
      vertex 107.808 35.1135 9.95664
      vertex 107.688 33.7895 4.09976
      vertex 107.808 33.5606 4.16108
    endloop
  endfacet
  facet normal -0.707138 0.682983 -0.183004
    outer loop
      vertex 107.688 32.8243 4.35838
      vertex 107.5 34.1956 10.2026
      vertex 107.688 34.3772 10.1539
    endloop
  endfacet
  facet normal -0.707123 0.682997 -0.183007
    outer loop
      vertex 107.5 34.1956 10.2026
      vertex 107.688 32.8243 4.35838
      vertex 107.5 32.6427 4.40705
    endloop
  endfacet
  facet normal 0.453902 0.860691 -0.230617
    outer loop
      vertex 106.737 32.5261 4.43829
      vertex 106.5 34.1956 10.2026
      vertex 106.737 34.079 10.2339
    endloop
  endfacet
  facet normal 0.453856 0.860713 -0.230625
    outer loop
      vertex 106.5 34.1956 10.2026
      vertex 106.737 32.5261 4.43829
      vertex 106.5 32.6427 4.40705
    endloop
  endfacet
  facet normal 0.707138 0.682983 -0.183004
    outer loop
      vertex 106.5 34.1956 10.2026
      vertex 106.312 32.8243 4.35838
      vertex 106.312 34.3772 10.1539
    endloop
  endfacet
  facet normal 0.707123 0.682997 -0.183007
    outer loop
      vertex 106.312 32.8243 4.35838
      vertex 106.5 34.1956 10.2026
      vertex 106.5 32.6427 4.40705
    endloop
  endfacet
  facet normal -0.453864 -0.860705 0.230638
    outer loop
      vertex 107.263 35.6407 9.81539
      vertex 107.5 33.9711 4.05109
      vertex 107.5 35.5241 9.84664
    endloop
  endfacet
  facet normal -0.454152 -0.860567 0.230586
    outer loop
      vertex 107.5 33.9711 4.05109
      vertex 107.263 35.6407 9.81539
      vertex 107.263 34.0878 4.01984
    endloop
  endfacet
  facet normal -0.156288 -0.954057 0.255637
    outer loop
      vertex 107 35.6809 9.80463
      vertex 107.263 34.0878 4.01984
      vertex 107.263 35.6407 9.81539
    endloop
  endfacet
  facet normal -0.155943 -0.954105 0.255666
    outer loop
      vertex 107.263 34.0878 4.01984
      vertex 107 35.6809 9.80463
      vertex 107 34.1279 4.00907
    endloop
  endfacet
  facet normal -0.892131 0.436383 -0.116928
    outer loop
      vertex 107.808 33.0532 4.29705
      vertex 107.688 34.3772 10.1539
      vertex 107.808 34.6061 10.0926
    endloop
  endfacet
  facet normal -0.892137 0.436371 -0.116925
    outer loop
      vertex 107.688 34.3772 10.1539
      vertex 107.808 33.0532 4.29705
      vertex 107.688 32.8243 4.35838
    endloop
  endfacet
  facet normal 0.156231 0.954065 -0.255639
    outer loop
      vertex 107 32.4859 4.44906
      vertex 106.737 34.079 10.2339
      vertex 107 34.0388 10.2446
    endloop
  endfacet
  facet normal 0.156297 0.954056 -0.255634
    outer loop
      vertex 106.737 34.079 10.2339
      vertex 107 32.4859 4.44906
      vertex 106.737 32.5261 4.43829
    endloop
  endfacet
  facet normal -0.00011499 0.258841 0.96592
    outer loop
      vertex 107.808 33.5606 4.16108
      vertex 107.808 33.0532 4.29705
      vertex 107.85 33.3069 4.22907
    endloop
  endfacet
  facet normal 0.000154911 0.258841 0.96592
    outer loop
      vertex 107.688 33.7895 4.09976
      vertex 107.808 33.0532 4.29705
      vertex 107.808 33.5606 4.16108
    endloop
  endfacet
  facet normal -2.00317e-05 0.258815 0.965927
    outer loop
      vertex 107.688 33.7895 4.09976
      vertex 107.688 32.8243 4.35838
      vertex 107.808 33.0532 4.29705
    endloop
  endfacet
  facet normal -5.79798e-05 0.258815 0.965927
    outer loop
      vertex 107.5 33.9711 4.05109
      vertex 107.688 32.8243 4.35838
      vertex 107.688 33.7895 4.09976
    endloop
  endfacet
  facet normal 4.21273e-05 0.25883 0.965923
    outer loop
      vertex 107.5 33.9711 4.05109
      vertex 107.5 32.6427 4.40705
      vertex 107.688 32.8243 4.35838
    endloop
  endfacet
  facet normal 8.60041e-05 0.25883 0.965923
    outer loop
      vertex 107.263 34.0878 4.01984
      vertex 107.5 32.6427 4.40705
      vertex 107.5 33.9711 4.05109
    endloop
  endfacet
  facet normal -9.81786e-06 0.258815 0.965927
    outer loop
      vertex 107.263 34.0878 4.01984
      vertex 107.263 32.5261 4.43829
      vertex 107.5 32.6427 4.40705
    endloop
  endfacet
  facet normal -9.32797e-05 0.258815 0.965927
    outer loop
      vertex 107 34.1279 4.00907
      vertex 107.263 32.5261 4.43829
      vertex 107.263 34.0878 4.01984
    endloop
  endfacet
  facet normal -7.28727e-06 0.258829 0.965923
    outer loop
      vertex 107 34.1279 4.00907
      vertex 107 32.4859 4.44906
      vertex 107.263 32.5261 4.43829
    endloop
  endfacet
  facet normal 9.11267e-05 0.258829 0.965923
    outer loop
      vertex 106.737 34.0878 4.01984
      vertex 107 32.4859 4.44906
      vertex 107 34.1279 4.00907
    endloop
  endfacet
  facet normal 5.12916e-06 0.258815 0.965927
    outer loop
      vertex 106.737 34.0878 4.01984
      vertex 106.737 32.5261 4.43829
      vertex 107 32.4859 4.44906
    endloop
  endfacet
  facet normal -7.82663e-05 0.258815 0.965927
    outer loop
      vertex 106.5 33.9711 4.05109
      vertex 106.737 32.5261 4.43829
      vertex 106.737 34.0878 4.01984
    endloop
  endfacet
  facet normal 1.75494e-05 0.25883 0.965923
    outer loop
      vertex 106.5 33.9711 4.05109
      vertex 106.5 32.6427 4.40705
      vertex 106.737 32.5261 4.43829
    endloop
  endfacet
  facet normal 4.21273e-05 0.25883 0.965923
    outer loop
      vertex 106.312 33.7895 4.09976
      vertex 106.5 32.6427 4.40705
      vertex 106.5 33.9711 4.05109
    endloop
  endfacet
  facet normal -5.79798e-05 0.258815 0.965927
    outer loop
      vertex 106.312 33.7895 4.09976
      vertex 106.312 32.8243 4.35838
      vertex 106.5 32.6427 4.40705
    endloop
  endfacet
  facet normal -0.000100526 0.258815 0.965927
    outer loop
      vertex 106.192 33.5606 4.16108
      vertex 106.312 32.8243 4.35838
      vertex 106.312 33.7895 4.09976
    endloop
  endfacet
  facet normal 7.44175e-05 0.258841 0.96592
    outer loop
      vertex 106.192 33.5606 4.16108
      vertex 106.192 33.0532 4.29705
      vertex 106.312 32.8243 4.35838
    endloop
  endfacet
  facet normal 0.00011499 0.258841 0.96592
    outer loop
      vertex 106.192 33.0532 4.29705
      vertex 106.192 33.5606 4.16108
      vertex 106.15 33.3069 4.22907
    endloop
  endfacet
  facet normal 0 0.965922 -0.258835
    outer loop
      vertex 110.5 14.574 0
      vertex 93.5 15.3779 3
      vertex 110.5 15.3779 3
    endloop
  endfacet
  facet normal 0 0.965922 -0.258835
    outer loop
      vertex 93.5 15.3779 3
      vertex 110.5 14.574 0
      vertex 93.5 14.574 0
    endloop
  endfacet
  facet normal 1 -0 0
    outer loop
      vertex 93.5 15.3779 3
      vertex 93.5 28.0326 0
      vertex 93.5 28.8365 3
    endloop
  endfacet
  facet normal 1 0 0
    outer loop
      vertex 93.5 28.0326 0
      vertex 93.5 15.3779 3
      vertex 93.5 14.574 0
    endloop
  endfacet
  facet normal 0 -0.965922 0.258835
    outer loop
      vertex 93.5 28.0326 0
      vertex 110.5 28.8365 3
      vertex 93.5 28.8365 3
    endloop
  endfacet
  facet normal 0 -0.965922 0.258835
    outer loop
      vertex 110.5 28.8365 3
      vertex 93.5 28.0326 0
      vertex 110.5 28.0326 0
    endloop
  endfacet
  facet normal -1 0 0
    outer loop
      vertex 110.5 28.0326 0
      vertex 110.5 15.3779 3
      vertex 110.5 28.8365 3
    endloop
  endfacet
  facet normal -1 0 -0
    outer loop
      vertex 110.5 15.3779 3
      vertex 110.5 28.0326 0
      vertex 110.5 14.574 0
    endloop
  endfacet
endsolid OpenSCAD_Model
